#VRML V2.0 utf8

Shape {
  appearance Appearance {
    material Material {
      diffuseColor 0.0000 0.0000 0.0000
      specularColor 0.0000 0.0000 0.0000
      ambientIntensity 0.2
      transparency 0.0000
      shininess 0.5
    }
  }
  geometry IndexedFaceSet {
    ccw TRUE
    solid FALSE
    coord DEF co Coordinate {
      point [
        0.681910 0.393701 1.244094,
        0.681910 0.393701 0.285266,
        0.606024 0.502728 0.285266,
        -0.105775 0.780265 0.015655,
        -0.106072 0.780223 0.015767,
        -0.106072 0.780224 0.285266,
        0.290930 0.731650 -0.003427,
        0.285896 0.733651 -0.003900,
        0.285901 0.733663 0.285266,
        0.163343 0.770273 0.038990,
        0.158489 0.771210 0.037052,
        0.158503 0.771283 0.285266,
        0.062513 0.784916 -0.108092,
        0.062755 0.784897 -0.103114,
        0.130341 0.776539 -0.119566,
        0.065348 0.784685 -0.092160,
        0.070570 0.784233 -0.082299,
        0.077093 0.783619 -0.074909,
        0.085878 0.782704 -0.068681,
        0.111156 0.779517 -0.063341,
        0.147774 0.773411 -0.089269,
        0.106601 0.780152 -0.063373,
        0.095787 0.781554 -0.064785,
        0.141177 0.774642 -0.153479,
        0.137260 0.775346 -0.151964,
        0.144695 0.773993 -0.155935,
        0.132844 0.776115 -0.151429,
        0.132302 0.776207 -0.151533,
        0.130585 0.776498 -0.151863,
        0.129433 0.776691 -0.152022,
        0.103815 0.780528 -0.152204,
        0.093594 0.781819 -0.150322,
        0.083515 0.782960 -0.145743,
        0.075048 0.783817 -0.138931,
        0.074279 0.783890 -0.138117,
        0.067953 0.784464 -0.129282,
        0.063958 0.784800 -0.119164,
        0.114522 0.779029 -0.047481,
        0.123172 0.777708 -0.029075,
        0.158393 0.770825 -0.094720,
        0.135900 0.775585 -0.013641,
        0.137349 0.775330 -0.012301,
        0.026594 0.786952 0.285266,
        0.135209 0.775706 0.027761,
        0.113465 0.779183 0.012392,
        0.093735 0.781802 -0.011144,
        0.083043 0.783010 -0.032798,
        0.080238 0.783303 -0.033764,
        0.063359 0.784848 -0.042295,
        0.048015 0.785936 -0.055468,
        0.036514 0.786555 -0.071748,
        0.048661 0.785896 -0.161704,
        0.064249 0.784776 -0.174710,
        0.026594 0.786952 -0.673563,
        0.037255 0.786520 -0.146054,
        0.029683 0.786842 -0.089185,
        0.027214 0.786931 -0.107772,
        0.029974 0.786831 -0.128083,
        0.081679 0.783154 -0.183085,
        0.100646 0.780943 -0.186954,
        0.158503 0.771283 -0.673563,
        0.134233 0.775876 -0.186716,
        0.137437 0.775315 -0.186176,
        0.141192 0.774639 -0.184667,
        0.144865 0.773961 -0.182016,
        0.146179 0.773714 -0.180660,
        0.148635 0.773246 -0.177066,
        0.150107 0.772961 -0.173195,
        0.158294 0.770336 -0.134088,
        0.150617 0.772862 -0.168951,
        0.150456 0.772893 -0.166706,
        0.150011 0.772980 -0.164513,
        0.149282 0.773121 -0.162381,
        0.147066 0.773546 -0.158513,
        0.284372 0.734257 -0.004044,
        0.272605 0.738707 0.009465,
        0.259146 0.743535 0.020826,
        0.242524 0.749122 0.030684,
        0.216022 0.757189 0.039929,
        0.190676 0.763966 0.042543,
        0.307503 0.724874 -0.207009,
        0.315895 0.721257 -0.196501,
        0.405162 0.675163 -0.673563,
        0.321516 0.718769 -0.184249,
        0.328838 0.715449 -0.181995,
        0.349323 0.705673 -0.171796,
        0.366863 0.696715 -0.156601,
        0.379740 0.689781 -0.137932,
        0.384360 0.687218 -0.127630,
        0.387741 0.685316 -0.116680,
        0.389718 0.684194 -0.105630,
        0.390333 0.683843 -0.094381,
        0.405162 0.675163 0.285266,
        0.390132 0.683958 -0.088902,
        0.388768 0.684734 -0.078068,
        0.386154 0.686212 -0.067535,
        0.382151 0.688449 -0.057011,
        0.376920 0.691327 -0.047107,
        0.363117 0.698676 -0.029673,
        0.359240 0.700677 -0.026056,
        0.341042 0.709713 -0.013458,
        0.319895 0.719492 -0.005422,
        0.297457 0.729055 -0.002813,
        0.269866 0.739689 -0.223032,
        0.283332 0.734659 -0.221094,
        0.285901 0.733663 -0.673563,
        0.285893 0.733645 -0.219997,
        0.296427 0.729474 -0.215482,
        0.210726 0.758680 -0.172722,
        0.210378 0.758777 -0.166819,
        0.210338 0.758788 -0.161127,
        0.211983 0.758330 -0.179828,
        0.214152 0.757720 -0.186753,
        0.220973 0.755759 -0.199396,
        0.229796 0.753124 -0.209150,
        0.241191 0.749552 -0.216959,
        0.253922 0.745335 -0.221744,
        0.267709 0.740495 -0.223343,
        0.234221 0.751759 -0.119450,
        0.224340 0.754767 -0.128577,
        0.229969 0.753071 -0.001570,
        0.211317 0.758516 0.005834,
        0.190349 0.764048 0.008383,
        0.153266 0.772341 -0.001089,
        0.158494 0.771241 0.000956,
        0.171069 0.768594 0.005875,
        0.285894 0.733648 -0.038443,
        0.285890 0.733637 -0.112515,
        0.280496 0.735747 -0.110496,
        0.245324 0.748209 -0.012623,
        0.258199 0.743865 -0.027787,
        0.246254 0.747904 -0.112890,
        0.267019 0.740744 -0.045726,
        0.259971 0.743247 -0.109380,
        0.266898 0.740788 -0.108919,
        0.283819 0.734471 -0.038715,
        0.271086 0.739265 -0.043465,
        0.314292 0.721957 -0.133911,
        0.352306 0.704189 -0.109376,
        0.349866 0.705404 -0.116220,
        0.343156 0.708693 -0.127829,
        0.333023 0.713510 -0.138386,
        0.320676 0.719144 -0.146111,
        0.352667 0.704008 -0.079733,
        0.353982 0.703348 -0.086516,
        0.304803 0.726014 -0.123218,
        0.354461 0.703107 -0.093496,
        0.353845 0.703417 -0.102256,
        0.293105 0.730815 -0.115215,
        0.339731 0.710341 -0.055788,
        0.347701 0.706474 -0.067071,
        0.297130 0.729188 -0.036973,
        0.303037 0.726753 -0.037237,
        0.317115 0.720721 -0.040463,
        0.329853 0.714981 -0.047105,
        -0.301347 0.727456 -0.109456,
        -0.299408 0.728256 -0.062488,
        -0.260106 0.743200 -0.109163,
        -0.287987 0.732847 -0.062407,
        -0.301281 0.727482 -0.118666,
        -0.358652 0.700965 -0.062908,
        -0.348611 0.706025 -0.062837,
        -0.340600 0.709924 -0.040879,
        -0.307259 0.724978 -0.040643,
        -0.270194 0.739592 -0.144072,
        -0.298828 0.728494 -0.144275,
        -0.318294 0.720202 -0.109576,
        -0.270376 0.739526 -0.118447,
        -0.341135 0.709668 -0.109738,
        -0.270129 0.739616 -0.153241,
        -0.269938 0.739685 -0.180176,
        -0.298763 0.728520 -0.153444,
        -0.302665 0.726908 -0.180408,
        -0.317726 0.720452 -0.189643,
        -0.235719 0.751291 -0.673563,
        -0.339748 0.710333 -0.189800,
        -0.358657 0.700975 -0.673563,
        -0.259538 0.743398 -0.189231,
        -0.302600 0.726935 -0.189536,
        -0.271963 0.738943 0.007176,
        -0.274769 0.737905 0.004392,
        -0.319051 0.719866 0.017444,
        -0.263622 0.741960 0.012957,
        -0.279675 0.736059 -0.002624,
        -0.282583 0.734948 -0.010282,
        -0.283560 0.734571 -0.015743,
        -0.283837 0.734464 -0.021318,
        -0.283560 0.734571 -0.026419,
        -0.281554 0.735343 -0.035779,
        -0.277551 0.736863 -0.044032,
        -0.271550 0.739095 -0.051074,
        -0.263139 0.742131 -0.057013,
        -0.238739 0.750337 -0.131895,
        -0.253985 0.745314 -0.060512,
        -0.240381 0.749812 -0.062069,
        -0.235703 0.751237 -0.062036,
        -0.235711 0.751265 -0.140064,
        -0.253983 0.745315 0.016556,
        -0.235719 0.751291 0.285266,
        -0.358657 0.700975 0.285266,
        -0.330104 0.714866 0.017366,
        -0.439968 0.653016 -0.168609,
        -0.406627 0.674282 -0.168373,
        -0.447979 0.647546 -0.190567,
        -0.398776 0.678954 -0.190218,
        -0.459400 0.639494 -0.190648,
        -0.471388 0.630709 -0.673563,
        -0.387355 0.685534 -0.190137,
        -0.360032 0.700270 -0.062918,
        -0.418419 0.667028 -0.110286,
        -0.358643 0.700947 -0.059194,
        -0.429471 0.659967 -0.110365,
        -0.471388 0.630709 0.285266,
        -0.353351 0.703665 -0.111175,
        -0.358649 0.700959 -0.113153,
        -0.362989 0.698742 -0.114773,
        -0.371331 0.694345 -0.120555,
        -0.374136 0.692837 -0.123338,
        -0.376919 0.691327 -0.171763,
        -0.370918 0.694566 -0.178804,
        -0.379043 0.690165 -0.130355,
        -0.381950 0.688560 -0.138012,
        -0.382926 0.688018 -0.143461,
        -0.379175 0.690092 -0.167774,
        -0.383205 0.687863 -0.149049,
        -0.382928 0.688017 -0.154150,
        -0.380921 0.689130 -0.163509,
        -0.362506 0.698993 -0.184744,
        -0.358650 0.700961 -0.186218,
        -0.353353 0.703664 -0.188242,
        -0.179808 0.766596 -0.186930,
        -0.174504 0.767821 -0.188919,
        -0.195720 0.762689 -0.214896,
        -0.249137 0.746948 -0.131969,
        -0.235683 0.751175 -0.165395,
        -0.222717 0.755247 -0.197607,
        -0.218115 0.756589 -0.206417,
        -0.214334 0.757667 -0.210726,
        -0.213725 0.757841 -0.211420,
        -0.210205 0.758825 -0.213843,
        -0.206237 0.759913 -0.215323,
        -0.202182 0.761002 -0.215760,
        -0.106072 0.780224 -0.673563,
        -0.199969 0.761586 -0.215665,
        -0.136407 0.775496 -0.188357,
        -0.126378 0.777194 -0.188286,
        -0.126441 0.777183 -0.179444,
        -0.126175 0.777226 -0.179443,
        -0.123693 0.777625 -0.182930,
        -0.120385 0.778144 -0.185993,
        -0.118214 0.778477 -0.187342,
        -0.188729 0.764449 -0.173173,
        -0.188224 0.764574 -0.177199,
        -0.216271 0.757119 -0.188801,
        -0.211797 0.758382 -0.199167,
        -0.186969 0.764881 -0.180369,
        -0.209772 0.758944 -0.202804,
        -0.185081 0.765341 -0.183000,
        -0.207889 0.759463 -0.204865,
        -0.182194 0.766033 -0.185489,
        -0.195783 0.762673 -0.205972,
        -0.197830 0.762144 -0.206659,
        -0.201465 0.761192 -0.207158,
        -0.204017 0.760512 -0.206872,
        -0.206204 0.759922 -0.206030,
        -0.116639 0.778715 -0.052635,
        -0.123528 0.777652 -0.053381,
        -0.121889 0.777910 0.010662,
        -0.114166 0.779081 0.018842,
        -0.125748 0.777296 0.020166,
        -0.136227 0.775528 0.019268,
        -0.144698 0.773992 0.016757,
        -0.160738 0.770821 0.018567,
        -0.201979 0.761056 0.018275,
        -0.201914 0.761073 0.009065,
        -0.170761 0.768662 -0.025511,
        -0.170570 0.768705 -0.052445,
        -0.199395 0.761737 -0.025714,
        -0.203298 0.760704 -0.052678,
        -0.199460 0.761720 -0.016544,
        -0.144238 0.774078 -0.048165,
        -0.144622 0.774006 0.005950,
        -0.136329 0.775510 -0.051649,
        -0.143689 0.774175 0.006328,
        -0.127259 0.777050 -0.053269,
        -0.125785 0.777290 0.010832,
        -0.135634 0.775632 0.009586,
        -0.108781 0.779851 0.006179,
        -0.106072 0.780220 0.003915,
        -0.106072 0.780222 -0.047525,
        -0.115022 0.778955 0.009217,
        -0.110742 0.779575 -0.050597,
        -0.166543 0.769587 -0.181735,
        -0.166979 0.769491 -0.181693,
        -0.165424 0.769829 -0.163428,
        -0.172130 0.768357 -0.181196,
        -0.174725 0.767771 -0.180267,
        -0.175643 0.767561 -0.179719,
        -0.176802 0.767296 -0.178705,
        -0.177283 0.767184 -0.178094,
        -0.171989 0.768389 -0.166233,
        -0.177686 0.767091 -0.177417,
        -0.178206 0.766970 -0.175994,
        -0.178427 0.766919 -0.174082,
        -0.178338 0.766940 -0.172834,
        -0.177893 0.767043 -0.171265,
        -0.177128 0.767220 -0.169930,
        -0.175887 0.767506 -0.168620,
        -0.154764 0.772042 -0.157495,
        -0.150085 0.772966 -0.176092,
        -0.159465 0.771085 -0.160646,
        -0.154178 0.772159 -0.178644,
        -0.160459 0.770879 -0.181004,
        -0.153136 0.772367 -0.155768,
        -0.136668 0.775450 -0.151557,
        -0.150012 0.772980 -0.186448,
        -0.156007 0.771792 -0.188719,
        -0.165502 0.769812 -0.189915,
        -0.151843 0.772622 -0.153669,
        -0.150759 0.772835 -0.150598,
        -0.136018 0.775565 -0.144286,
        -0.150355 0.772913 -0.146701,
        -0.150776 0.772831 -0.143120,
        -0.151993 0.772593 -0.139899,
        -0.153874 0.772220 -0.137202,
        -0.165825 0.769742 -0.130766,
        -0.218358 0.756519 -0.061913,
        -0.160214 0.770930 -0.132620,
        -0.156868 0.771617 -0.134548,
        -0.186273 0.765051 -0.132751,
        -0.179773 0.766605 -0.130791,
        -0.172742 0.768220 -0.130117,
        -0.221291 0.755667 -0.179462,
        -0.221557 0.755589 -0.179464,
        -0.220096 0.756015 -0.174746,
        -0.222087 0.755432 -0.177520,
        -0.222817 0.755218 -0.174847,
        -0.205459 0.760123 -0.131659,
        -0.194244 0.763067 -0.131580,
        -0.186204 0.765068 -0.142493,
        -0.134513 0.775827 -0.139600,
        -0.218926 0.756355 0.018154,
        -0.235698 0.751223 0.018035,
        -0.241767 0.749366 0.017993,
        -0.203233 0.760722 -0.061806,
        -0.171008 0.768607 0.009283,
        -0.170827 0.768648 -0.016341,
        -0.160170 0.770939 -0.061500,
        -0.106072 0.780224 -0.130864,
        -0.116150 0.778788 -0.129716,
        -0.122441 0.777824 -0.130357,
        -0.126597 0.777158 -0.131702,
        -0.129883 0.776616 -0.133666,
        -0.132511 0.776172 -0.136285,
        -0.144168 0.774091 -0.058071,
        -0.142797 0.774345 -0.058742,
        -0.134180 0.775885 -0.061500,
        -0.121969 0.777898 -0.062580,
        -0.117128 0.778641 -0.062317,
        -0.108465 0.779895 -0.060467,
        -0.185440 0.765254 -0.163693,
        -0.187292 0.764802 -0.166469,
        -0.183063 0.765826 -0.161543,
        -0.160890 0.770789 -0.144276,
        -0.160697 0.770829 -0.145874,
        -0.162242 0.770506 -0.143101,
        -0.163786 0.770179 -0.140329,
        -0.162264 0.770501 -0.141655,
        -0.161395 0.770683 -0.142925,
        -0.166044 0.769695 -0.139149,
        -0.168731 0.769111 -0.138457,
        -0.160779 0.770812 -0.147209,
        -0.161166 0.770731 -0.148769,
        -0.161879 0.770582 -0.150128,
        -0.162850 0.770377 -0.151211,
        -0.166370 0.769625 -0.153446,
        -0.176429 0.767381 -0.157791,
        -0.183694 0.765674 -0.141048,
        -0.172557 0.768261 -0.156192,
        -0.178028 0.767012 -0.138990,
        -0.171702 0.768453 -0.138256,
        -0.188341 0.764545 -0.169433,
        -0.095436 0.781596 -0.025662,
        -0.103359 0.780588 0.001517,
        -0.095321 0.781611 -0.021905,
        -0.099449 0.781096 -0.004019,
        -0.096718 0.781439 -0.010915,
        -0.096785 0.781431 -0.033502,
        -0.099439 0.781098 -0.039870,
        -0.103019 0.780633 -0.044802,
        -0.103904 0.780516 0.002104,
        -0.105328 0.780325 -0.047035,
        -0.077022 0.783626 -0.151871,
        -0.048388 0.785913 -0.151668,
        -0.048197 0.785925 -0.178603,
        -0.096354 0.781484 -0.144640,
        -0.080924 0.783232 -0.178835,
        -0.102184 0.780743 -0.140872,
        -0.106071 0.780219 -0.139458,
        -0.079606 0.783367 -0.107883,
        -0.079540 0.783374 -0.117093,
        -0.048635 0.785898 -0.116874,
        -0.048453 0.785909 -0.142499,
        -0.077087 0.783619 -0.142702,
        -0.114213 0.779074 -0.188866,
        -0.108583 0.779879 -0.189511,
        -0.106071 0.780219 -0.189201,
        -0.102588 0.780690 -0.188772,
        -0.098754 0.781184 -0.187295,
        -0.095393 0.781602 -0.184915,
        -0.080859 0.783239 -0.187963,
        -0.094297 0.781735 -0.183789,
        -0.093163 0.781871 -0.182314,
        -0.092230 0.781981 -0.180700,
        -0.091036 0.782121 -0.177305,
        -0.090567 0.782176 -0.172722,
        -0.090626 0.782169 -0.171142,
        -0.091354 0.782084 -0.166899,
        -0.092813 0.781913 -0.163412,
        -0.094891 0.781663 -0.160594,
        -0.098072 0.781270 -0.157979,
        -0.102518 0.780699 -0.155843,
        -0.037796 0.786494 -0.187658,
        -0.106071 0.780217 -0.059317,
        -0.100934 0.780906 -0.056849,
        -0.080921 0.783232 -0.060938,
        -0.038697 0.786450 -0.060639,
        -0.038364 0.786467 -0.107591,
        -0.096423 0.781476 -0.134898,
        -0.098511 0.781215 -0.133708,
        -0.105990 0.780235 -0.130874,
        -0.049601 0.785838 0.019356,
        -0.039265 0.786422 0.019429,
        -0.094538 0.781706 -0.051456,
        -0.093886 0.781784 -0.050733,
        -0.080986 0.783226 -0.051810,
        -0.089156 0.782338 -0.043865,
        -0.049098 0.785869 -0.051584,
        -0.085955 0.782696 -0.035487,
        -0.084469 0.782858 -0.022443,
        -0.084639 0.782839 -0.018262,
        -0.086530 0.782633 -0.007822,
        -0.090396 0.782196 0.001044,
        -0.096254 0.781496 0.008586,
        -0.098243 0.781249 0.010458,
        -0.118546 0.778427 -0.138235,
        -0.115151 0.778936 -0.137855,
        -0.109672 0.779726 -0.154191,
        -0.126636 0.777152 -0.151937,
        -0.126319 0.777203 -0.147500,
        -0.125307 0.777367 -0.143921,
        -0.124143 0.777554 -0.141848,
        -0.122639 0.777793 -0.140224,
        -0.120867 0.778070 -0.139064,
        -0.106071 0.780216 -0.155022,
        -0.108453 0.779897 -0.138592,
        0.512892 0.597447 0.285266,
        0.512892 0.597447 -0.673563,
        0.606024 0.502728 -0.673563,
        0.681910 0.393701 -0.673563,
        -0.570703 0.542494 -0.673563,
        -0.570703 0.542494 0.285266,
        -0.653776 0.438838 -0.673563,
        -0.653776 0.438838 0.285266,
        -0.718241 0.322693 -0.673563,
        -0.718241 0.322693 0.285266,
        -0.762265 0.197364 -0.673563,
        -0.762265 0.197364 0.285266,
        -0.784595 0.066418 -0.673563,
        -0.784595 0.066418 0.285266,
        -0.784595 -0.066418 -0.673563,
        -0.784595 -0.066418 0.285266,
        -0.762265 -0.197364 -0.673563,
        -0.762265 -0.197364 0.285266,
        -0.718241 -0.322693 -0.673563,
        -0.718241 -0.322693 0.285266,
        -0.653776 -0.438838 -0.673563,
        -0.653776 -0.438838 0.285266,
        -0.570703 -0.542494 -0.673563,
        -0.570703 -0.542494 0.285266,
        -0.471388 -0.630709 -0.673563,
        -0.471388 -0.630709 0.285266,
        -0.358657 -0.700975 -0.673563,
        -0.358657 -0.700975 0.285266,
        -0.235719 -0.751291 -0.673563,
        -0.235719 -0.751291 0.285266,
        -0.106072 -0.780224 -0.673563,
        -0.106072 -0.780224 0.285266,
        0.026594 -0.786952 -0.673563,
        0.026594 -0.786952 0.285266,
        0.158503 -0.771283 -0.673563,
        0.158503 -0.771283 0.285266,
        0.285901 -0.733663 -0.673563,
        0.285901 -0.733663 0.285266,
        0.405162 -0.675163 -0.673563,
        0.405162 -0.675163 0.285266,
        0.512892 -0.597447 -0.673563,
        0.512892 -0.597447 0.285266,
        0.606024 -0.502728 -0.673563,
        0.606024 -0.502728 0.285266,
        0.681910 -0.393701 -0.673563,
        0.681910 -0.393701 0.285266,
        0.606024 0.502728 1.244094,
        0.512892 0.597447 1.244094,
        0.405162 0.675163 1.244094,
        0.285901 0.733663 1.244094,
        0.158503 0.771283 1.244094,
        0.026594 0.786952 1.244094,
        -0.106072 0.780224 1.244094,
        -0.235719 0.751291 1.244094,
        -0.358657 0.700975 1.244094,
        -0.471388 0.630709 1.244094,
        -0.570703 0.542494 1.244094,
        -0.653776 0.438838 1.244094,
        -0.718241 0.322693 1.244094,
        -0.762265 0.197364 1.244094,
        -0.784595 0.066418 1.244094,
        -0.784595 -0.066418 1.244094,
        -0.762265 -0.197364 1.244094,
        -0.718241 -0.322693 1.244094,
        -0.653776 -0.438838 1.244094,
        -0.570703 -0.542494 1.244094,
        -0.471388 -0.630709 1.244094,
        -0.358657 -0.700975 1.244094,
        -0.235719 -0.751291 1.244094,
        -0.106072 -0.780224 1.244094,
        0.026594 -0.786952 1.244094,
        0.158503 -0.771283 1.244094,
        0.285901 -0.733663 1.244094,
        0.405162 -0.675163 1.244094,
        0.512892 -0.597447 1.244094,
        0.606024 -0.502728 1.244094,
        0.681910 -0.393701 1.244094,
      ]
    }
    coordIndex [
      0, 1, 2, -1,
      3, 4, 5, -1,
      6, 7, 8, -1,
      9, 10, 11, -1,
      12, 13, 14, -1,
      14, 13, 15, -1,
      15, 16, 14, -1,
      14, 16, 17, -1,
      14, 17, 18, -1,
      19, 20, 21, -1,
      21, 20, 14, -1,
      21, 14, 22, -1,
      22, 14, 18, -1,
      23, 24, 14, -1,
      23, 14, 25, -1,
      24, 26, 14, -1,
      14, 26, 27, -1,
      14, 27, 28, -1,
      28, 29, 14, -1,
      14, 29, 30, -1,
      14, 30, 31, -1,
      31, 32, 14, -1,
      14, 32, 33, -1,
      14, 33, 34, -1,
      34, 35, 14, -1,
      14, 35, 36, -1,
      14, 36, 12, -1,
      19, 37, 20, -1,
      20, 37, 38, -1,
      20, 38, 39, -1,
      39, 38, 40, -1,
      39, 40, 41, -1,
      11, 10, 42, -1,
      42, 10, 43, -1,
      42, 43, 44, -1,
      44, 45, 42, -1,
      42, 45, 46, -1,
      42, 46, 47, -1,
      47, 48, 42, -1,
      42, 48, 49, -1,
      42, 49, 50, -1,
      51, 52, 53, -1,
      51, 53, 54, -1,
      50, 55, 42, -1,
      42, 55, 56, -1,
      42, 56, 53, -1,
      53, 56, 57, -1,
      53, 57, 54, -1,
      52, 58, 53, -1,
      53, 58, 59, -1,
      53, 59, 60, -1,
      60, 59, 61, -1,
      61, 62, 60, -1,
      60, 62, 63, -1,
      60, 63, 64, -1,
      64, 65, 60, -1,
      60, 65, 66, -1,
      60, 66, 67, -1,
      68, 69, 70, -1,
      70, 71, 68, -1,
      68, 71, 72, -1,
      68, 72, 14, -1,
      14, 72, 73, -1,
      14, 73, 25, -1,
      7, 74, 8, -1,
      8, 74, 75, -1,
      8, 75, 76, -1,
      76, 77, 8, -1,
      8, 77, 78, -1,
      8, 78, 11, -1,
      11, 78, 79, -1,
      11, 79, 9, -1,
      80, 81, 82, -1,
      81, 83, 82, -1,
      82, 83, 84, -1,
      82, 84, 85, -1,
      85, 86, 82, -1,
      82, 86, 87, -1,
      82, 87, 88, -1,
      88, 89, 82, -1,
      82, 89, 90, -1,
      82, 90, 91, -1,
      92, 91, 93, -1,
      93, 94, 92, -1,
      92, 94, 95, -1,
      92, 95, 96, -1,
      96, 97, 92, -1,
      92, 97, 98, -1,
      92, 98, 99, -1,
      99, 100, 92, -1,
      92, 100, 101, -1,
      92, 101, 8, -1,
      8, 101, 102, -1,
      8, 102, 6, -1,
      103, 104, 105, -1,
      105, 104, 106, -1,
      105, 106, 82, -1,
      82, 106, 107, -1,
      82, 107, 80, -1,
      108, 68, 109, -1,
      109, 68, 110, -1,
      108, 111, 68, -1,
      68, 111, 60, -1,
      68, 60, 69, -1,
      69, 60, 67, -1,
      111, 112, 60, -1,
      60, 112, 113, -1,
      60, 113, 114, -1,
      114, 115, 60, -1,
      60, 115, 116, -1,
      60, 116, 105, -1,
      105, 116, 117, -1,
      105, 117, 103, -1,
      118, 119, 39, -1,
      120, 118, 121, -1,
      121, 118, 122, -1,
      41, 123, 39, -1,
      39, 123, 124, -1,
      39, 124, 118, -1,
      118, 124, 125, -1,
      118, 125, 122, -1,
      126, 127, 128, -1,
      120, 129, 118, -1,
      118, 129, 130, -1,
      118, 130, 131, -1,
      131, 130, 132, -1,
      131, 132, 133, -1,
      133, 132, 134, -1,
      126, 128, 135, -1,
      134, 132, 128, -1,
      128, 132, 136, -1,
      128, 136, 135, -1,
      137, 138, 139, -1,
      139, 140, 137, -1,
      137, 140, 141, -1,
      137, 141, 142, -1,
      143, 144, 145, -1,
      145, 144, 146, -1,
      145, 146, 137, -1,
      137, 146, 147, -1,
      137, 147, 138, -1,
      148, 149, 145, -1,
      145, 149, 150, -1,
      145, 150, 143, -1,
      127, 126, 148, -1,
      148, 126, 151, -1,
      148, 151, 152, -1,
      152, 153, 148, -1,
      148, 153, 154, -1,
      148, 154, 149, -1,
      155, 156, 157, -1,
      157, 156, 158, -1,
      159, 160, 155, -1,
      155, 160, 161, -1,
      155, 161, 156, -1,
      156, 161, 162, -1,
      156, 162, 163, -1,
      164, 165, 166, -1,
      167, 164, 159, -1,
      159, 164, 166, -1,
      159, 166, 160, -1,
      160, 166, 168, -1,
      169, 170, 171, -1,
      171, 170, 172, -1,
      173, 174, 175, -1,
      175, 174, 176, -1,
      177, 174, 178, -1,
      178, 174, 173, -1,
      178, 173, 172, -1,
      172, 173, 166, -1,
      172, 166, 171, -1,
      171, 166, 165, -1,
      179, 180, 181, -1,
      179, 181, 182, -1,
      180, 183, 181, -1,
      181, 183, 184, -1,
      181, 184, 185, -1,
      185, 186, 181, -1,
      181, 186, 187, -1,
      181, 187, 158, -1,
      158, 187, 188, -1,
      158, 188, 189, -1,
      190, 191, 192, -1,
      192, 191, 193, -1,
      193, 194, 192, -1,
      192, 194, 195, -1,
      192, 195, 196, -1,
      197, 182, 198, -1,
      198, 182, 181, -1,
      198, 181, 199, -1,
      199, 181, 200, -1,
      201, 202, 203, -1,
      203, 202, 204, -1,
      205, 203, 206, -1,
      206, 203, 204, -1,
      206, 204, 176, -1,
      176, 204, 207, -1,
      208, 209, 210, -1,
      210, 209, 211, -1,
      200, 210, 199, -1,
      199, 210, 211, -1,
      199, 211, 212, -1,
      212, 211, 205, -1,
      168, 213, 160, -1,
      160, 213, 214, -1,
      160, 214, 208, -1,
      208, 214, 215, -1,
      208, 215, 209, -1,
      209, 215, 216, -1,
      209, 216, 217, -1,
      218, 219, 207, -1,
      217, 220, 209, -1,
      209, 220, 221, -1,
      209, 221, 222, -1,
      218, 207, 223, -1,
      222, 224, 209, -1,
      209, 224, 225, -1,
      209, 225, 207, -1,
      207, 225, 226, -1,
      207, 226, 223, -1,
      219, 227, 207, -1,
      207, 227, 228, -1,
      207, 228, 176, -1,
      176, 228, 229, -1,
      176, 229, 175, -1,
      230, 231, 232, -1,
      189, 190, 158, -1,
      158, 190, 192, -1,
      158, 192, 157, -1,
      157, 192, 233, -1,
      157, 233, 177, -1,
      177, 233, 234, -1,
      177, 234, 174, -1,
      174, 234, 235, -1,
      174, 235, 236, -1,
      236, 237, 174, -1,
      174, 237, 238, -1,
      174, 238, 239, -1,
      239, 240, 174, -1,
      174, 240, 241, -1,
      174, 241, 242, -1,
      242, 241, 243, -1,
      243, 232, 242, -1,
      242, 232, 244, -1,
      242, 244, 245, -1,
      245, 246, 247, -1,
      247, 248, 245, -1,
      245, 248, 249, -1,
      245, 249, 250, -1,
      251, 252, 253, -1,
      253, 252, 254, -1,
      254, 252, 255, -1,
      254, 255, 256, -1,
      256, 255, 257, -1,
      256, 257, 258, -1,
      230, 232, 259, -1,
      259, 232, 260, -1,
      259, 260, 257, -1,
      257, 260, 261, -1,
      257, 261, 262, -1,
      262, 263, 257, -1,
      257, 263, 264, -1,
      257, 264, 258, -1,
      265, 266, 267, -1,
      4, 268, 5, -1,
      5, 268, 269, -1,
      5, 269, 198, -1,
      198, 269, 270, -1,
      198, 270, 271, -1,
      271, 272, 198, -1,
      198, 272, 273, -1,
      198, 273, 274, -1,
      275, 276, 277, -1,
      277, 276, 278, -1,
      277, 278, 279, -1,
      280, 281, 282, -1,
      282, 281, 283, -1,
      282, 283, 284, -1,
      267, 266, 285, -1,
      284, 283, 266, -1,
      266, 283, 286, -1,
      266, 286, 285, -1,
      287, 288, 289, -1,
      267, 290, 265, -1,
      265, 290, 287, -1,
      265, 287, 291, -1,
      291, 287, 289, -1,
      292, 293, 294, -1,
      293, 295, 294, -1,
      294, 295, 296, -1,
      294, 296, 297, -1,
      297, 298, 294, -1,
      294, 298, 299, -1,
      294, 299, 300, -1,
      300, 299, 301, -1,
      301, 302, 300, -1,
      300, 302, 303, -1,
      300, 303, 304, -1,
      304, 305, 300, -1,
      300, 305, 306, -1,
      300, 306, 307, -1,
      308, 309, 310, -1,
      310, 309, 311, -1,
      310, 311, 294, -1,
      294, 311, 312, -1,
      294, 312, 292, -1,
      308, 313, 309, -1,
      309, 313, 314, -1,
      309, 314, 315, -1,
      315, 314, 244, -1,
      315, 244, 316, -1,
      316, 244, 232, -1,
      316, 232, 317, -1,
      317, 232, 231, -1,
      313, 318, 314, -1,
      314, 318, 319, -1,
      314, 319, 320, -1,
      320, 319, 321, -1,
      321, 322, 320, -1,
      320, 322, 323, -1,
      320, 323, 324, -1,
      325, 326, 327, -1,
      327, 326, 328, -1,
      329, 195, 330, -1,
      330, 195, 326, -1,
      330, 326, 331, -1,
      331, 326, 325, -1,
      332, 333, 334, -1,
      334, 333, 335, -1,
      335, 336, 334, -1,
      334, 336, 196, -1,
      334, 196, 337, -1,
      337, 196, 195, -1,
      337, 195, 338, -1,
      338, 195, 329, -1,
      338, 329, 339, -1,
      324, 328, 320, -1,
      320, 328, 326, -1,
      320, 326, 340, -1,
      341, 342, 198, -1,
      198, 342, 343, -1,
      198, 343, 197, -1,
      278, 344, 326, -1,
      345, 346, 274, -1,
      274, 346, 279, -1,
      274, 279, 198, -1,
      198, 279, 278, -1,
      198, 278, 341, -1,
      341, 278, 326, -1,
      347, 348, 349, -1,
      349, 350, 347, -1,
      347, 350, 351, -1,
      347, 351, 344, -1,
      344, 351, 352, -1,
      344, 352, 326, -1,
      326, 352, 353, -1,
      326, 353, 340, -1,
      271, 281, 272, -1,
      272, 281, 280, -1,
      272, 280, 347, -1,
      347, 280, 354, -1,
      347, 354, 348, -1,
      348, 354, 355, -1,
      348, 355, 356, -1,
      356, 357, 348, -1,
      348, 357, 358, -1,
      348, 358, 359, -1,
      360, 361, 339, -1,
      360, 339, 362, -1,
      363, 364, 365, -1,
      366, 367, 365, -1,
      365, 367, 368, -1,
      365, 368, 363, -1,
      366, 365, 369, -1,
      369, 365, 364, -1,
      369, 364, 370, -1,
      370, 364, 371, -1,
      370, 371, 372, -1,
      372, 373, 370, -1,
      370, 373, 374, -1,
      370, 374, 375, -1,
      362, 339, 376, -1,
      376, 339, 377, -1,
      376, 377, 378, -1,
      378, 377, 379, -1,
      378, 379, 375, -1,
      375, 379, 380, -1,
      375, 380, 370, -1,
      253, 338, 251, -1,
      251, 338, 339, -1,
      251, 339, 381, -1,
      381, 339, 361, -1,
      382, 383, 384, -1,
      384, 383, 385, -1,
      384, 385, 386, -1,
      382, 387, 383, -1,
      383, 387, 388, -1,
      383, 388, 389, -1,
      288, 390, 289, -1,
      289, 390, 383, -1,
      289, 383, 391, -1,
      391, 383, 389, -1,
      392, 393, 394, -1,
      395, 396, 397, -1,
      397, 396, 398, -1,
      395, 399, 400, -1,
      401, 402, 400, -1,
      400, 402, 403, -1,
      400, 403, 395, -1,
      395, 403, 392, -1,
      395, 392, 396, -1,
      396, 392, 394, -1,
      250, 404, 245, -1,
      245, 404, 405, -1,
      245, 405, 242, -1,
      242, 405, 406, -1,
      242, 406, 407, -1,
      408, 409, 410, -1,
      410, 409, 411, -1,
      411, 412, 410, -1,
      410, 412, 413, -1,
      410, 413, 396, -1,
      413, 414, 396, -1,
      396, 414, 415, -1,
      396, 415, 416, -1,
      416, 417, 396, -1,
      396, 417, 418, -1,
      396, 418, 398, -1,
      418, 419, 398, -1,
      398, 419, 420, -1,
      398, 420, 421, -1,
      422, 53, 410, -1,
      410, 53, 242, -1,
      410, 242, 408, -1,
      408, 242, 407, -1,
      359, 423, 348, -1,
      348, 423, 424, -1,
      348, 424, 425, -1,
      426, 427, 425, -1,
      425, 427, 399, -1,
      395, 428, 399, -1,
      399, 428, 429, -1,
      399, 429, 425, -1,
      425, 429, 430, -1,
      425, 430, 348, -1,
      431, 5, 432, -1,
      432, 5, 42, -1,
      432, 42, 426, -1,
      426, 42, 53, -1,
      426, 53, 427, -1,
      427, 53, 422, -1,
      424, 433, 425, -1,
      425, 433, 434, -1,
      425, 434, 435, -1,
      435, 434, 436, -1,
      435, 436, 437, -1,
      436, 438, 437, -1,
      437, 438, 439, -1,
      437, 439, 431, -1,
      431, 439, 440, -1,
      431, 440, 441, -1,
      441, 442, 431, -1,
      431, 442, 443, -1,
      431, 443, 5, -1,
      5, 443, 444, -1,
      5, 444, 3, -1,
      445, 446, 447, -1,
      448, 449, 447, -1,
      447, 449, 450, -1,
      447, 450, 451, -1,
      451, 452, 447, -1,
      447, 452, 453, -1,
      447, 453, 445, -1,
      421, 454, 398, -1,
      398, 454, 447, -1,
      398, 447, 455, -1,
      455, 447, 446, -1,
      91, 92, 82, -1,
      82, 92, 456, -1,
      82, 456, 457, -1,
      457, 456, 2, -1,
      457, 2, 458, -1,
      458, 2, 1, -1,
      458, 1, 459, -1,
      205, 206, 212, -1,
      212, 206, 460, -1,
      212, 460, 461, -1,
      461, 460, 462, -1,
      461, 462, 463, -1,
      463, 462, 464, -1,
      463, 464, 465, -1,
      465, 464, 466, -1,
      465, 466, 467, -1,
      467, 466, 468, -1,
      467, 468, 469, -1,
      469, 468, 470, -1,
      469, 470, 471, -1,
      471, 470, 472, -1,
      471, 472, 473, -1,
      473, 472, 474, -1,
      473, 474, 475, -1,
      475, 474, 476, -1,
      475, 476, 477, -1,
      477, 476, 478, -1,
      477, 478, 479, -1,
      479, 478, 480, -1,
      479, 480, 481, -1,
      481, 480, 482, -1,
      481, 482, 483, -1,
      483, 482, 484, -1,
      483, 484, 485, -1,
      485, 484, 486, -1,
      485, 486, 487, -1,
      487, 486, 488, -1,
      487, 488, 489, -1,
      489, 488, 490, -1,
      489, 490, 491, -1,
      491, 490, 492, -1,
      491, 492, 493, -1,
      493, 492, 494, -1,
      493, 494, 495, -1,
      495, 494, 496, -1,
      495, 496, 497, -1,
      497, 496, 498, -1,
      497, 498, 499, -1,
      499, 498, 500, -1,
      499, 500, 501, -1,
      0, 2, 502, -1,
      502, 2, 456, -1,
      502, 456, 503, -1,
      503, 456, 92, -1,
      503, 92, 504, -1,
      504, 92, 8, -1,
      504, 8, 505, -1,
      505, 8, 11, -1,
      505, 11, 506, -1,
      506, 11, 42, -1,
      506, 42, 507, -1,
      507, 42, 5, -1,
      507, 5, 508, -1,
      508, 5, 198, -1,
      508, 198, 509, -1,
      509, 198, 199, -1,
      509, 199, 510, -1,
      510, 199, 212, -1,
      510, 212, 511, -1,
      511, 212, 461, -1,
      511, 461, 512, -1,
      512, 461, 463, -1,
      512, 463, 513, -1,
      513, 463, 465, -1,
      513, 465, 514, -1,
      514, 465, 467, -1,
      514, 467, 515, -1,
      515, 467, 469, -1,
      515, 469, 516, -1,
      516, 469, 471, -1,
      516, 471, 517, -1,
      517, 471, 473, -1,
      517, 473, 518, -1,
      518, 473, 475, -1,
      518, 475, 519, -1,
      519, 475, 477, -1,
      519, 477, 520, -1,
      520, 477, 479, -1,
      520, 479, 521, -1,
      521, 479, 481, -1,
      521, 481, 522, -1,
      522, 481, 483, -1,
      522, 483, 523, -1,
      523, 483, 485, -1,
      523, 485, 524, -1,
      524, 485, 487, -1,
      524, 487, 525, -1,
      525, 487, 489, -1,
      525, 489, 526, -1,
      526, 489, 491, -1,
      526, 491, 527, -1,
      527, 491, 493, -1,
      527, 493, 528, -1,
      528, 493, 495, -1,
      528, 495, 529, -1,
      529, 495, 497, -1,
      529, 497, 530, -1,
      530, 497, 499, -1,
      530, 499, 531, -1,
      531, 499, 501, -1,
      531, 501, 532, -1,
    ]
  }
}

Shape {
  appearance Appearance {
    material Material {
      diffuseColor 1.0000 1.0000 1.0000
      specularColor 0.8784 0.8784 0.8784
      ambientIntensity 0.2
      transparency 0.0000
      shininess 0.5
    }
  }
  geometry IndexedFaceSet {
    ccw TRUE
    solid FALSE
    coord DEF co Coordinate {
      point [
        0.284038 0.531338 1.354331,
        0.270398 0.538407 1.354331,
        -0.012537 0.017654 1.354331,
        0.161572 0.580424 1.354331,
        0.046689 0.600681 1.354331,
        -0.533063 0.280788 1.354331,
        -0.577181 0.172797 1.354331,
        -0.599663 0.058328 1.354331,
        -0.602171 0.019684 1.354331,
        -0.069945 0.598419 1.354331,
        -0.183957 0.573722 1.354331,
        -0.291072 0.527517 1.354331,
        -0.387275 0.461536 1.354331,
        -0.468959 0.378252 1.354331,
        0.318133 -0.511653 1.354331,
        0.369087 -0.476206 1.354331,
        0.518365 -0.299278 1.354331,
        0.453940 -0.396152 1.354331,
        0.521774 -0.301246 1.354331,
        0.589462 -0.103938 1.354331,
        0.598556 -0.000000 1.354331,
        0.021558 0.002031 1.354331,
        0.518365 0.299278 1.354331,
        0.521774 0.301246 1.354331,
        0.453940 0.396152 1.354331,
        0.562458 -0.204718 1.354331,
        0.369087 0.476206 1.354331,
        0.318132 0.511654 1.354331,
        0.562458 0.204718 1.354331,
        0.589462 0.103938 1.354331,
      ]
    }
    coordIndex [
      0, 1, 2, -1,
      2, 1, 3, -1,
      2, 3, 4, -1,
      5, 6, 2, -1,
      2, 6, 7, -1,
      2, 7, 8, -1,
      4, 9, 2, -1,
      2, 9, 10, -1,
      2, 10, 11, -1,
      11, 12, 2, -1,
      2, 12, 13, -1,
      2, 13, 5, -1,
      14, 15, 16, -1,
      16, 15, 17, -1,
      16, 17, 18, -1,
      19, 20, 21, -1,
      22, 23, 24, -1,
      14, 16, 21, -1,
      21, 16, 25, -1,
      21, 25, 19, -1,
      24, 26, 22, -1,
      22, 26, 27, -1,
      22, 27, 28, -1,
      28, 27, 21, -1,
      28, 21, 29, -1,
      29, 21, 20, -1,
    ]
  }
}

Shape {
  appearance Appearance {
    material Material {
      diffuseColor 0.0000 0.0000 0.0000
      specularColor 0.0000 0.0000 0.0000
      ambientIntensity 0.2
      transparency 0.0000
      shininess 0.5
    }
  }
  geometry IndexedFaceSet {
    ccw TRUE
    solid FALSE
    coord DEF co Coordinate {
      point [
        0.789352 -0.096885 0.476870,
        0.789352 -0.096885 1.244094,
        0.783516 -0.136256 1.244094,
        0.783516 -0.136256 0.438772,
        0.790307 -0.059189 0.438772,
        0.795269 -0.002864 0.476870,
        0.795270 -0.002864 0.438772,
        0.795270 -0.002843 0.476870,
        0.784477 0.130609 1.244094,
        0.790024 0.091239 1.244094,
        0.784477 0.130609 0.438772,
        0.790024 0.091239 0.476870,
        0.790251 0.059205 0.438772,
        0.780587 -0.136256 1.270904,
        0.780856 -0.136256 1.268566,
        0.780844 -0.135744 1.268550,
        0.783507 -0.136256 1.245548,
        0.789880 0.091239 1.250110,
        0.784440 0.130609 1.247120,
        0.789628 0.091239 1.254055,
        0.781816 0.130609 1.268564,
        0.791147 0.064005 1.254055,
        0.789811 -0.069596 1.268591,
        0.794876 -0.002842 1.254055,
        0.792866 -0.002855 1.268591,
        0.790291 0.063907 1.268591,
        0.789209 -0.096885 1.250072,
        0.788955 -0.096885 1.254055,
        0.790666 -0.069701 1.254055,
        0.774131 -0.134624 1.292152,
        0.773845 -0.136256 1.292152,
        0.778784 -0.136256 1.276587,
        0.781502 0.130609 1.271128,
        0.779765 0.130609 1.276591,
        0.783784 -0.045658 1.292152,
        0.785744 -0.002830 1.292152,
        0.783874 0.045666 1.292152,
        0.783193 0.063333 1.292152,
        0.774819 0.130609 1.292152,
        0.782717 -0.068971 1.292152,
      ]
    }
    coordIndex [
      0, 1, 2, -1,
      2, 3, 0, -1,
      0, 3, 4, -1,
      0, 4, 5, -1,
      5, 4, 6, -1,
      5, 6, 7, -1,
      8, 9, 10, -1,
      10, 9, 11, -1,
      7, 6, 11, -1,
      11, 6, 12, -1,
      11, 12, 10, -1,
      13, 14, 15, -1,
      15, 14, 16, -1,
      9, 8, 17, -1,
      17, 8, 18, -1,
      17, 18, 19, -1,
      19, 18, 20, -1,
      19, 20, 21, -1,
      22, 23, 24, -1,
      24, 23, 21, -1,
      24, 21, 25, -1,
      2, 1, 16, -1,
      16, 1, 26, -1,
      16, 26, 15, -1,
      15, 26, 27, -1,
      15, 27, 22, -1,
      22, 27, 28, -1,
      22, 28, 23, -1,
      29, 30, 31, -1,
      21, 20, 25, -1,
      25, 20, 32, -1,
      25, 32, 33, -1,
      34, 22, 35, -1,
      35, 22, 24, -1,
      35, 24, 36, -1,
      36, 24, 25, -1,
      36, 25, 37, -1,
      37, 25, 33, -1,
      37, 33, 38, -1,
      34, 39, 22, -1,
      22, 39, 29, -1,
      22, 29, 15, -1,
      15, 29, 31, -1,
      15, 31, 13, -1,
    ]
  }
}

Shape {
  appearance Appearance {
    material Material {
      diffuseColor 0.5216 0.6431 0.6902
      specularColor 0.1490 0.1843 0.1961
      ambientIntensity 0.2
      transparency 0.0000
      shininess 0.5
    }
  }
  geometry IndexedFaceSet {
    ccw TRUE
    solid FALSE
    coord DEF co Coordinate {
      point [
        0.789352 -0.096885 0.476870,
        0.789352 -0.096885 1.244094,
        0.795269 -0.002864 0.476870,
        0.795270 -0.002843 0.476870,
        0.790024 0.091239 1.244094,
        0.790024 0.091239 0.476870,
        0.789880 0.091239 1.250110,
        0.789628 0.091239 1.254055,
        0.791147 0.064005 1.254055,
        0.794876 -0.002842 1.254055,
        0.789209 -0.096885 1.250072,
        0.788955 -0.096885 1.254055,
        0.790666 -0.069701 1.254055,
        0.795270 -0.002843 1.244094,
      ]
    }
    coordIndex [
      4, 13, 5, -1,
      5, 13, 3, -1,
      3, 13, 2, -1,
      2, 13, 1, -1,
      2, 1, 0, -1,
      7, 8, 6, -1,
      6, 8, 9, -1,
      6, 9, 4, -1,
      11, 10, 12, -1,
      12, 10, 9, -1,
      4, 9, 13, -1,
      13, 9, 10, -1,
      13, 10, 1, -1,
    ]
  }
}

Shape {
  appearance Appearance {
    material Material {
      diffuseColor 0.0000 0.0000 0.0000
      specularColor 0.0000 0.0000 0.0000
      ambientIntensity 0.2
      transparency 0.0000
      shininess 0.5
    }
  }
  geometry IndexedFaceSet {
    ccw TRUE
    solid FALSE
    coord DEF co Coordinate {
      point [
        0.789693 -0.094063 -0.673563,
        0.784002 -0.133433 -0.673563,
        0.787654 -0.094063 -0.696058,
        0.782134 -0.133433 -0.695024,
        0.785472 -0.094063 -0.703459,
        0.779709 -0.133433 -0.703453,
        0.780156 -0.094063 -0.721483,
        0.774818 -0.133433 -0.720457,
        0.774998 -0.094063 -0.731821,
        0.769176 -0.133433 -0.731812,
        0.772308 -0.094063 -0.737212,
        0.766528 -0.133433 -0.737144,
        0.757965 -0.094063 -0.756894,
        0.752146 -0.133433 -0.756769,
        0.752034 -0.133433 -0.756894,
        0.729543 -0.094063 -0.799210,
        0.713589 -0.133433 -0.822964,
        0.718595 -0.094063 -0.826859,
        0.712503 -0.133433 -0.826324,
        0.717519 -0.094063 -0.830496,
        0.750104 -0.094063 -0.766339,
        0.745893 -0.133433 -0.764104,
        0.733667 -0.094063 -0.791284,
        0.728984 -0.133433 -0.788728,
        0.732076 -0.094063 -0.794342,
        0.725911 -0.133433 -0.794331,
        0.725189 -0.133433 -0.795646,
        0.716234 -0.094063 -0.836880,
        0.710089 -0.133433 -0.836920,
        0.711668 -0.094063 -0.859577,
        0.705938 -0.133433 -0.855143,
        0.710779 -0.094063 -0.881907,
        0.717614 -0.133433 -0.951728,
        0.723693 -0.094063 -0.951390,
        0.715775 -0.133433 -0.946998,
        0.716112 -0.094063 -0.926894,
        0.710029 -0.133433 -0.926847,
        0.714881 -0.094063 -0.922918,
        0.707636 -0.133433 -0.918454,
        0.710699 -0.094063 -0.893564,
        0.704144 -0.133433 -0.889143,
        0.710483 -0.094063 -0.889347,
        0.704024 -0.133433 -0.884750,
        0.704208 -0.133433 -0.881903,
        0.752952 -0.128148 -1.006886,
        0.757965 -0.094063 -1.006886,
        0.757082 -0.094063 -1.005885,
        0.752034 -0.133433 -1.006886,
        0.748254 -0.133433 -1.002535,
        0.730875 -0.133433 -0.978261,
        0.739217 -0.094063 -0.981915,
        0.726362 -0.133433 -0.969231,
        0.732552 -0.094063 -0.969192,
        0.725424 -0.094063 -0.955583,
        0.784002 0.133433 -1.099370,
        0.784002 0.133433 -1.090217,
        0.790274 0.059196 -1.099370,
        0.792452 0.066954 -1.090217,
        0.795276 0.000000 -1.099370,
        0.795276 0.000000 -1.090217,
        0.790274 -0.059196 -1.099370,
        0.792452 -0.066954 -1.090217,
        0.784002 -0.133433 -1.099370,
        0.784002 -0.133433 -1.090217,
        0.760091 0.133433 -1.016857,
        0.752034 0.133433 -1.006886,
        0.757965 0.094063 -1.006886,
        0.759226 -0.094063 -1.008326,
        0.773981 -0.094063 -1.029493,
        0.769862 -0.131026 -1.031836,
        0.775178 -0.094063 -1.031870,
        0.786300 -0.094063 -1.061273,
        0.785929 -0.094063 -1.060192,
        0.779882 -0.132630 -1.060270,
        0.778431 -0.094063 -1.038328,
        0.775437 -0.094063 -1.032383,
        0.791219 0.032973 -1.061273,
        0.791219 0.000000 -1.061273,
        0.791219 -0.032973 -1.061273,
        0.788509 -0.066623 -1.061273,
        0.785957 0.094063 -1.060181,
        0.786300 0.094063 -1.061273,
        0.783417 0.133433 -1.078176,
        0.788509 0.066623 -1.061273,
        0.779881 0.133433 -1.060241,
        0.778732 0.133433 -1.054413,
        0.781015 0.094063 -1.044426,
        0.772409 0.133433 -1.037791,
        0.759226 0.094063 -1.008326,
        0.773270 0.094063 -1.028228,
        0.769042 0.133433 -1.032068,
        0.775042 0.094063 -1.031933,
        0.775289 0.094063 -1.032450,
        0.783480 -0.133433 -1.078847,
        0.768991 -0.133433 -1.032095,
        0.772748 -0.133433 -1.038526,
        0.778919 -0.133433 -1.055041,
        0.779914 -0.133433 -1.060232,
        0.760091 -0.133433 -1.016857,
      ]
    }
    coordIndex [
      0, 1, 2, -1,
      2, 1, 3, -1,
      2, 3, 4, -1,
      4, 3, 5, -1,
      4, 5, 6, -1,
      6, 5, 7, -1,
      6, 7, 8, -1,
      8, 7, 9, -1,
      8, 9, 10, -1,
      10, 9, 11, -1,
      10, 11, 12, -1,
      12, 11, 13, -1,
      12, 13, 14, -1,
      15, 16, 17, -1,
      17, 16, 18, -1,
      17, 18, 19, -1,
      12, 14, 20, -1,
      20, 14, 21, -1,
      20, 21, 22, -1,
      22, 21, 23, -1,
      22, 23, 24, -1,
      24, 23, 25, -1,
      24, 25, 15, -1,
      15, 25, 26, -1,
      15, 26, 16, -1,
      19, 18, 27, -1,
      27, 18, 28, -1,
      27, 28, 29, -1,
      29, 28, 30, -1,
      29, 30, 31, -1,
      32, 33, 34, -1,
      34, 33, 35, -1,
      34, 35, 36, -1,
      36, 35, 37, -1,
      36, 37, 38, -1,
      38, 37, 39, -1,
      38, 39, 40, -1,
      40, 39, 41, -1,
      40, 41, 42, -1,
      42, 41, 31, -1,
      42, 31, 43, -1,
      43, 31, 30, -1,
      44, 45, 46, -1,
      47, 44, 48, -1,
      48, 44, 46, -1,
      48, 46, 49, -1,
      49, 46, 50, -1,
      49, 50, 51, -1,
      51, 50, 52, -1,
      51, 52, 32, -1,
      32, 52, 53, -1,
      32, 53, 33, -1,
      54, 55, 56, -1,
      56, 55, 57, -1,
      56, 57, 58, -1,
      58, 57, 59, -1,
      58, 59, 60, -1,
      60, 59, 61, -1,
      60, 61, 62, -1,
      62, 61, 63, -1,
      64, 65, 66, -1,
      67, 45, 44, -1,
      67, 44, 68, -1,
      68, 44, 69, -1,
      68, 69, 70, -1,
      71, 72, 73, -1,
      73, 72, 74, -1,
      73, 74, 69, -1,
      69, 74, 75, -1,
      69, 75, 70, -1,
      76, 77, 59, -1,
      59, 77, 78, -1,
      59, 78, 61, -1,
      61, 78, 79, -1,
      61, 79, 63, -1,
      80, 81, 82, -1,
      76, 59, 83, -1,
      83, 59, 57, -1,
      83, 57, 81, -1,
      81, 57, 55, -1,
      81, 55, 82, -1,
      82, 84, 80, -1,
      80, 84, 85, -1,
      80, 85, 86, -1,
      86, 85, 87, -1,
      66, 88, 64, -1,
      64, 88, 89, -1,
      64, 89, 90, -1,
      90, 89, 91, -1,
      90, 91, 87, -1,
      87, 91, 92, -1,
      87, 92, 86, -1,
      79, 71, 63, -1,
      63, 71, 73, -1,
      63, 73, 93, -1,
      94, 95, 69, -1,
      69, 95, 96, -1,
      69, 96, 73, -1,
      73, 96, 97, -1,
      73, 97, 93, -1,
      94, 69, 98, -1,
      98, 69, 44, -1,
      98, 44, 47, -1,
    ]
  }
}

Shape {
  appearance Appearance {
    material Material {
      diffuseColor 0.5216 0.6431 0.6902
      specularColor 0.1490 0.1843 0.1961
      ambientIntensity 0.2
      transparency 0.0000
      shininess 0.5
    }
  }
  geometry IndexedFaceSet {
    ccw TRUE
    solid FALSE
    coord DEF co Coordinate {
      point [
        0.752034 -0.133433 -1.006886,
        0.784002 -0.133433 -1.090217,
        0.783480 -0.133433 -1.078847,
        0.768991 -0.133433 -1.032095,
        0.772748 -0.133433 -1.038526,
        0.778919 -0.133433 -1.055041,
        0.779914 -0.133433 -1.060232,
        0.760091 -0.133433 -1.016857,
        0.744630 -0.169957 -1.006886,
        0.761353 -0.173774 -1.031836,
        0.771789 -0.176156 -1.060158,
        0.775337 -0.176965 -1.090217,
        0.731623 -0.218499 -1.006886,
        0.746238 -0.230184 -1.031836,
        0.729847 -0.225128 -1.006886,
        0.710982 -0.279040 -1.006886,
        0.726950 -0.285307 -1.031836,
        0.700935 -0.302069 -1.006886,
        0.703596 -0.338834 -1.031836,
        0.688142 -0.331391 -1.006886,
        0.661452 -0.381890 -1.006886,
        0.676307 -0.390466 -1.031836,
        0.756467 -0.233339 -1.060158,
        0.736914 -0.289218 -1.060158,
        0.713241 -0.343479 -1.060158,
        0.685578 -0.395819 -1.060158,
        0.759944 -0.234411 -1.090217,
        0.740301 -0.290547 -1.090217,
        0.716519 -0.345057 -1.090217,
        0.688729 -0.397638 -1.090217,
      ]
    }
    coordIndex [
      7, 0, 8, -1,
      4, 3, 9, -1,
      9, 3, 7, -1,
      2, 6, 10, -1,
      10, 6, 5, -1,
      10, 5, 4, -1,
      11, 1, 2, -1,
      7, 8, 9, -1,
      9, 8, 12, -1,
      9, 12, 13, -1,
      12, 14, 13, -1,
      13, 14, 15, -1,
      13, 15, 16, -1,
      16, 15, 17, -1,
      16, 17, 18, -1,
      17, 19, 18, -1,
      18, 19, 20, -1,
      18, 20, 21, -1,
      4, 9, 10, -1,
      10, 9, 13, -1,
      10, 13, 22, -1,
      22, 13, 16, -1,
      22, 16, 23, -1,
      23, 16, 18, -1,
      23, 18, 24, -1,
      24, 18, 21, -1,
      24, 21, 25, -1,
      2, 10, 11, -1,
      11, 10, 22, -1,
      11, 22, 26, -1,
      26, 22, 23, -1,
      26, 23, 27, -1,
      27, 23, 24, -1,
      27, 24, 28, -1,
      28, 24, 25, -1,
      28, 25, 29, -1,
    ]
  }
}

Shape {
  appearance Appearance {
    material Material {
      diffuseColor 0.0000 0.0000 0.0000
      specularColor 0.0000 0.0000 0.0000
      ambientIntensity 0.2
      transparency 0.0000
      shininess 0.5
    }
  }
  geometry IndexedFaceSet {
    ccw TRUE
    solid FALSE
    coord DEF co Coordinate {
      point [
        0.789693 -0.094063 -0.673563,
        0.784002 -0.133433 -0.673563,
        0.752034 0.133433 -1.006886,
        0.757965 0.094063 -1.006886,
        0.750606 0.094063 -0.998083,
        0.741907 0.133433 -0.994578,
        0.734065 0.094063 -0.973213,
        0.725894 0.133433 -0.969457,
        0.732339 0.094063 -0.970040,
        0.732078 0.094063 -0.969441,
        0.725847 0.133433 -0.969383,
        0.720501 0.094063 -0.942784,
        0.713030 0.133433 -0.939111,
        0.716408 0.094063 -0.926833,
        0.710121 0.133433 -0.926848,
        0.713088 0.094063 -0.913894,
        0.706171 0.133433 -0.910192,
        0.712468 0.094063 -0.910083,
        0.705637 0.133433 -0.906476,
        0.710438 0.094063 -0.881882,
        0.704326 0.133433 -0.881873,
        0.710340 0.094063 -0.880511,
        0.704067 0.133433 -0.877000,
        0.712927 0.094063 -0.850831,
        0.707213 0.133433 -0.847504,
        0.713594 0.094063 -0.847094,
        0.707913 0.133433 -0.843972,
        0.716359 0.094063 -0.836941,
        0.709978 0.133433 -0.836922,
        0.721390 0.094063 -0.818465,
        0.716224 0.133433 -0.815591,
        0.732252 0.094063 -0.794417,
        0.726249 0.133433 -0.794485,
        0.733667 0.094063 -0.791284,
        0.728984 0.133433 -0.788728,
        0.739213 0.094063 -0.781872,
        0.733945 0.133433 -0.780596,
        0.757022 0.094063 -0.757964,
        0.752034 0.133433 -0.756894,
        0.757965 0.094063 -0.756894,
        0.784002 0.133433 -0.673563,
        0.789693 0.094063 -0.673563,
        0.782134 0.133433 -0.695024,
        0.787654 0.094063 -0.696058,
        0.779783 0.133433 -0.703479,
        0.785535 0.094063 -0.703482,
        0.775635 0.133433 -0.718395,
        0.780977 0.094063 -0.719451,
        0.769286 0.133433 -0.731869,
        0.775037 0.094063 -0.731844,
        0.768007 0.133433 -0.734583,
        0.773205 0.094063 -0.735665,
        0.754098 0.133433 -0.754531,
        0.789693 0.094063 -0.284088,
        0.784002 -0.133433 -0.245991,
        0.789693 -0.094063 -0.284088,
        0.784002 0.133433 -0.245991,
        0.790274 0.059196 -0.245991,
        0.795276 -0.000000 -0.284088,
        0.795276 -0.000000 -0.245991,
        0.790274 -0.059196 -0.245991,
      ]
    }
    coordIndex [
      3, 2, 4, -1,
      4, 2, 5, -1,
      4, 5, 6, -1,
      6, 5, 7, -1,
      6, 7, 8, -1,
      8, 7, 9, -1,
      9, 7, 10, -1,
      9, 10, 11, -1,
      11, 10, 12, -1,
      11, 12, 13, -1,
      13, 12, 14, -1,
      13, 14, 15, -1,
      15, 14, 16, -1,
      15, 16, 17, -1,
      17, 16, 18, -1,
      17, 18, 19, -1,
      19, 18, 20, -1,
      19, 20, 21, -1,
      21, 20, 22, -1,
      21, 22, 23, -1,
      23, 22, 24, -1,
      23, 24, 25, -1,
      25, 24, 26, -1,
      25, 26, 27, -1,
      27, 26, 28, -1,
      27, 28, 29, -1,
      29, 28, 30, -1,
      29, 30, 31, -1,
      31, 30, 32, -1,
      31, 32, 33, -1,
      33, 32, 34, -1,
      33, 34, 35, -1,
      35, 34, 36, -1,
      35, 36, 37, -1,
      37, 36, 38, -1,
      37, 38, 39, -1,
      40, 41, 42, -1,
      42, 41, 43, -1,
      42, 43, 44, -1,
      44, 43, 45, -1,
      44, 45, 46, -1,
      46, 45, 47, -1,
      46, 47, 48, -1,
      48, 47, 49, -1,
      48, 49, 50, -1,
      50, 49, 51, -1,
      50, 51, 52, -1,
      52, 51, 39, -1,
      52, 39, 38, -1,
      53, 41, 40, -1,
      1, 0, 54, -1,
      54, 0, 55, -1,
      40, 56, 53, -1,
      53, 56, 57, -1,
      53, 57, 58, -1,
      58, 57, 59, -1,
      58, 59, 55, -1,
      55, 59, 60, -1,
      55, 60, 54, -1,
    ]
  }
}

Shape {
  appearance Appearance {
    material Material {
      diffuseColor 0.5216 0.6431 0.6902
      specularColor 0.1490 0.1843 0.1961
      ambientIntensity 0.2
      transparency 0.0000
      shininess 0.5
    }
  }
  geometry IndexedFaceSet {
    ccw TRUE
    solid FALSE
    coord DEF co Coordinate {
      point [
        0.789693 -0.094063 -0.673563,
        0.784002 -0.133433 -0.673563,
        0.787654 -0.094063 -0.696058,
        0.782134 -0.133433 -0.695024,
        0.785472 -0.094063 -0.703459,
        0.779709 -0.133433 -0.703453,
        0.780156 -0.094063 -0.721483,
        0.774818 -0.133433 -0.720457,
        0.774998 -0.094063 -0.731821,
        0.769176 -0.133433 -0.731812,
        0.772308 -0.094063 -0.737212,
        0.766528 -0.133433 -0.737144,
        0.757965 -0.094063 -0.756894,
        0.752146 -0.133433 -0.756769,
        0.752034 -0.133433 -0.756894,
        0.729543 -0.094063 -0.799210,
        0.713589 -0.133433 -0.822964,
        0.718595 -0.094063 -0.826859,
        0.712503 -0.133433 -0.826324,
        0.717519 -0.094063 -0.830496,
        0.750104 -0.094063 -0.766339,
        0.745893 -0.133433 -0.764104,
        0.733667 -0.094063 -0.791284,
        0.728984 -0.133433 -0.788728,
        0.732076 -0.094063 -0.794342,
        0.725911 -0.133433 -0.794331,
        0.725189 -0.133433 -0.795646,
        0.716234 -0.094063 -0.836880,
        0.710089 -0.133433 -0.836920,
        0.711668 -0.094063 -0.859577,
        0.705938 -0.133433 -0.855143,
        0.710779 -0.094063 -0.881907,
        0.717614 -0.133433 -0.951728,
        0.723693 -0.094063 -0.951390,
        0.715775 -0.133433 -0.946998,
        0.716112 -0.094063 -0.926894,
        0.710029 -0.133433 -0.926847,
        0.714881 -0.094063 -0.922918,
        0.707636 -0.133433 -0.918454,
        0.710699 -0.094063 -0.893564,
        0.704144 -0.133433 -0.889143,
        0.710483 -0.094063 -0.889347,
        0.704024 -0.133433 -0.884750,
        0.704208 -0.133433 -0.881903,
        0.757965 -0.094063 -1.006886,
        0.757082 -0.094063 -1.005885,
        0.752034 -0.133433 -1.006886,
        0.748254 -0.133433 -1.002535,
        0.730875 -0.133433 -0.978261,
        0.739217 -0.094063 -0.981915,
        0.726362 -0.133433 -0.969231,
        0.732552 -0.094063 -0.969192,
        0.725424 -0.094063 -0.955583,
        0.757965 0.094063 -1.006886,
        0.759226 -0.094063 -1.008326,
        0.773981 -0.094063 -1.029493,
        0.775178 -0.094063 -1.031870,
        0.786300 -0.094063 -1.061273,
        0.785929 -0.094063 -1.060192,
        0.778431 -0.094063 -1.038328,
        0.775437 -0.094063 -1.032383,
        0.791219 0.032973 -1.061273,
        0.791219 0.000000 -1.061273,
        0.791219 -0.032973 -1.061273,
        0.788509 -0.066623 -1.061273,
        0.785957 0.094063 -1.060181,
        0.786300 0.094063 -1.061273,
        0.788509 0.066623 -1.061273,
        0.781015 0.094063 -1.044426,
        0.759226 0.094063 -1.008326,
        0.773270 0.094063 -1.028228,
        0.775042 0.094063 -1.031933,
        0.775289 0.094063 -1.032450,
        0.744630 -0.169957 -1.006886,
        0.731623 -0.218499 -1.006886,
        0.729847 -0.225128 -1.006886,
        0.710982 -0.279040 -1.006886,
        0.700935 -0.302069 -1.006886,
        0.688142 -0.331391 -1.006886,
        0.661452 -0.381890 -1.006886,
        0.750606 0.094063 -0.998083,
        0.734065 0.094063 -0.973213,
        0.732339 0.094063 -0.970040,
        0.732078 0.094063 -0.969441,
        0.720501 0.094063 -0.942784,
        0.716408 0.094063 -0.926833,
        0.713088 0.094063 -0.913894,
        0.712468 0.094063 -0.910083,
        0.710438 0.094063 -0.881882,
        0.710340 0.094063 -0.880511,
        0.712927 0.094063 -0.850831,
        0.713594 0.094063 -0.847094,
        0.716359 0.094063 -0.836941,
        0.721390 0.094063 -0.818465,
        0.732252 0.094063 -0.794417,
        0.733667 0.094063 -0.791284,
        0.739213 0.094063 -0.781872,
        0.757022 0.094063 -0.757964,
        0.757965 0.094063 -0.756894,
        0.789693 0.094063 -0.673563,
        0.787654 0.094063 -0.696058,
        0.785535 0.094063 -0.703482,
        0.780977 0.094063 -0.719451,
        0.775037 0.094063 -0.731844,
        0.773205 0.094063 -0.735665,
        0.789693 0.094063 -0.284088,
        0.789693 -0.094063 -0.284088,
        0.795276 -0.000000 -0.284088,
        0.795276 -0.000000 -0.673563,
        0.758280 -0.090326 -0.756894,
        0.785447 0.093351 -0.703451,
        0.775451 0.092366 -0.731943,
        0.758280 0.090326 -0.756894,
        0.785381 -0.093299 -0.703427,
        0.775451 -0.092366 -0.731943,
        0.763024 0.033959 -0.756894,
        0.780933 -0.000000 -0.731943,
        0.763025 -0.000000 -0.756894,
        0.791637 -0.000000 -0.703621,
        0.763025 -0.033933 -0.756894,
        0.775337 -0.176965 -0.673563,
        0.771789 -0.176156 -0.703621,
        0.761353 -0.173774 -0.731943,
        0.743437 -0.169674 -0.756894,
        0.731841 -0.218557 -0.756894,
        0.746238 -0.230184 -0.731943,
        0.729500 -0.225002 -0.756894,
        0.726950 -0.285307 -0.731943,
        0.759944 -0.234411 -0.673563,
        0.756467 -0.233339 -0.703621,
        0.740301 -0.290547 -0.673563,
        0.736914 -0.289218 -0.703621,
        0.687072 -0.330855 -0.756894,
        0.701417 -0.302279 -0.756894,
        0.709993 -0.278680 -0.756894,
        0.716519 -0.345057 -0.673563,
        0.688729 -0.397638 -0.673563,
        0.713241 -0.343479 -0.703621,
        0.685578 -0.395819 -0.703621,
        0.703596 -0.338834 -0.731943,
        0.676307 -0.390466 -0.731943,
        0.661452 -0.381890 -0.756894,
        0.763117 0.031802 -1.006886,
        0.762939 0.033952 -1.006886,
        0.737320 0.032815 -0.969461,
        0.762941 -0.033926 -1.006886,
        0.715827 0.031859 -0.881890,
        0.737320 0.032815 -0.794319,
        0.721279 0.032102 -0.836802,
        0.721279 0.032102 -0.926977,
        0.737321 -0.032790 -0.969461,
        0.721280 -0.032076 -0.926977,
        0.715828 -0.031834 -0.881890,
        0.721280 -0.032076 -0.836802,
        0.737321 -0.032790 -0.794319,
        0.763117 -0.031802 -1.006886,
        0.639170 -0.369025 -0.794319,
        0.686573 -0.205038 -0.881890,
        0.707188 -0.211194 -0.794319,
        0.691802 -0.206600 -0.836802,
        0.691802 -0.206600 -0.926977,
        0.707188 -0.211194 -0.969461,
        0.677789 -0.292096 -0.794319,
        0.677789 -0.292096 -0.969461,
        0.663043 -0.285741 -0.836802,
        0.658031 -0.283581 -0.881890,
        0.663043 -0.285741 -0.926977,
        0.625264 -0.360996 -0.836802,
        0.620538 -0.358268 -0.881890,
        0.625264 -0.360996 -0.926977,
        0.639170 -0.369025 -0.969461,
        0.780520 0.032527 -1.032345,
        0.780520 -0.032527 -1.032345,
      ]
    }
    coordIndex [
      99, 105, 107, -1,
      99, 107, 108, -1,
      108, 107, 106, -1,
      108, 106, 0, -1,
      10, 12, 109, -1,
      110, 101, 100, -1,
      111, 103, 102, -1,
      112, 98, 111, -1,
      111, 98, 104, -1,
      111, 104, 103, -1,
      113, 4, 6, -1,
      6, 8, 114, -1,
      112, 111, 115, -1,
      115, 111, 116, -1,
      115, 116, 117, -1,
      100, 99, 110, -1,
      110, 99, 108, -1,
      110, 108, 118, -1,
      118, 108, 0, -1,
      118, 0, 113, -1,
      113, 0, 2, -1,
      113, 2, 4, -1,
      6, 114, 113, -1,
      113, 114, 116, -1,
      113, 116, 118, -1,
      118, 116, 111, -1,
      118, 111, 110, -1,
      110, 111, 102, -1,
      110, 102, 101, -1,
      8, 10, 114, -1,
      114, 10, 109, -1,
      114, 109, 116, -1,
      116, 109, 119, -1,
      116, 119, 117, -1,
      3, 1, 120, -1,
      7, 5, 121, -1,
      121, 5, 3, -1,
      11, 9, 122, -1,
      122, 9, 7, -1,
      123, 14, 13, -1,
      13, 11, 123, -1,
      123, 11, 122, -1,
      123, 122, 124, -1,
      124, 122, 125, -1,
      124, 125, 126, -1,
      126, 125, 127, -1,
      3, 120, 121, -1,
      121, 120, 128, -1,
      121, 128, 129, -1,
      129, 128, 130, -1,
      129, 130, 131, -1,
      7, 121, 122, -1,
      122, 121, 129, -1,
      122, 129, 125, -1,
      125, 129, 131, -1,
      125, 131, 127, -1,
      132, 133, 127, -1,
      127, 133, 134, -1,
      127, 134, 126, -1,
      135, 136, 137, -1,
      137, 136, 138, -1,
      137, 138, 139, -1,
      139, 138, 140, -1,
      130, 135, 131, -1,
      131, 135, 137, -1,
      131, 137, 127, -1,
      127, 137, 139, -1,
      127, 139, 132, -1,
      132, 139, 140, -1,
      132, 140, 141, -1,
      142, 143, 144, -1,
      45, 44, 145, -1,
      88, 89, 146, -1,
      112, 115, 147, -1,
      97, 98, 112, -1,
      97, 112, 96, -1,
      91, 92, 148, -1,
      148, 92, 93, -1,
      148, 93, 147, -1,
      147, 93, 94, -1,
      147, 94, 112, -1,
      112, 94, 95, -1,
      112, 95, 96, -1,
      146, 89, 148, -1,
      148, 89, 90, -1,
      148, 90, 91, -1,
      88, 146, 87, -1,
      87, 146, 149, -1,
      87, 149, 86, -1,
      82, 83, 144, -1,
      144, 83, 84, -1,
      144, 84, 149, -1,
      149, 84, 85, -1,
      149, 85, 86, -1,
      143, 53, 80, -1,
      143, 80, 144, -1,
      144, 80, 81, -1,
      144, 81, 82, -1,
      150, 51, 49, -1,
      151, 33, 150, -1,
      150, 33, 52, -1,
      150, 52, 51, -1,
      41, 39, 152, -1,
      152, 39, 37, -1,
      152, 37, 151, -1,
      151, 37, 35, -1,
      151, 35, 33, -1,
      19, 27, 153, -1,
      153, 27, 29, -1,
      153, 29, 152, -1,
      152, 29, 31, -1,
      152, 31, 41, -1,
      154, 24, 15, -1,
      154, 15, 153, -1,
      153, 15, 17, -1,
      153, 17, 19, -1,
      109, 12, 20, -1,
      20, 22, 109, -1,
      109, 22, 24, -1,
      109, 24, 119, -1,
      119, 24, 154, -1,
      119, 154, 117, -1,
      117, 154, 115, -1,
      155, 150, 145, -1,
      145, 150, 49, -1,
      145, 49, 45, -1,
      115, 154, 147, -1,
      147, 154, 153, -1,
      147, 153, 148, -1,
      148, 153, 152, -1,
      148, 152, 146, -1,
      146, 152, 151, -1,
      146, 151, 149, -1,
      149, 151, 150, -1,
      149, 150, 144, -1,
      144, 150, 155, -1,
      144, 155, 142, -1,
      132, 141, 156, -1,
      42, 43, 157, -1,
      158, 25, 23, -1,
      14, 123, 21, -1,
      21, 123, 124, -1,
      21, 124, 23, -1,
      28, 18, 159, -1,
      159, 18, 16, -1,
      159, 16, 158, -1,
      158, 16, 26, -1,
      158, 26, 25, -1,
      157, 43, 159, -1,
      159, 43, 30, -1,
      159, 30, 28, -1,
      160, 36, 38, -1,
      160, 38, 157, -1,
      157, 38, 40, -1,
      157, 40, 42, -1,
      36, 160, 34, -1,
      34, 160, 161, -1,
      34, 161, 32, -1,
      161, 74, 73, -1,
      46, 47, 73, -1,
      73, 47, 48, -1,
      73, 48, 161, -1,
      161, 48, 50, -1,
      161, 50, 32, -1,
      23, 124, 158, -1,
      158, 124, 126, -1,
      158, 126, 134, -1,
      134, 133, 162, -1,
      162, 133, 132, -1,
      78, 77, 163, -1,
      163, 77, 76, -1,
      163, 76, 75, -1,
      134, 162, 158, -1,
      158, 162, 164, -1,
      158, 164, 159, -1,
      159, 164, 165, -1,
      159, 165, 157, -1,
      157, 165, 166, -1,
      157, 166, 160, -1,
      160, 166, 163, -1,
      160, 163, 161, -1,
      161, 163, 75, -1,
      161, 75, 74, -1,
      132, 156, 162, -1,
      162, 156, 167, -1,
      162, 167, 164, -1,
      164, 167, 168, -1,
      164, 168, 165, -1,
      165, 168, 169, -1,
      165, 169, 166, -1,
      166, 169, 170, -1,
      166, 170, 163, -1,
      163, 170, 79, -1,
      163, 79, 78, -1,
      68, 72, 171, -1,
      72, 71, 171, -1,
      171, 71, 70, -1,
      171, 70, 143, -1,
      143, 70, 69, -1,
      143, 69, 53, -1,
      67, 66, 65, -1,
      68, 171, 65, -1,
      65, 171, 61, -1,
      65, 61, 67, -1,
      57, 64, 58, -1,
      58, 64, 63, -1,
      58, 63, 59, -1,
      145, 44, 54, -1,
      60, 172, 56, -1,
      56, 172, 55, -1,
      54, 55, 145, -1,
      145, 55, 172, -1,
      145, 172, 155, -1,
      155, 172, 171, -1,
      155, 171, 142, -1,
      142, 171, 143, -1,
      60, 59, 172, -1,
      172, 59, 63, -1,
      172, 63, 171, -1,
      171, 63, 62, -1,
      171, 62, 61, -1,
    ]
  }
}

Shape {
  appearance Appearance {
    material Material {
      diffuseColor 0.0000 0.0000 0.0000
      specularColor 0.0000 0.0000 0.0000
      ambientIntensity 0.2
      transparency 0.0000
      shininess 0.5
    }
  }
  geometry IndexedFaceSet {
    ccw TRUE
    solid FALSE
    coord DEF co Coordinate {
      point [
        0.688729 0.397638 0.304951,
        0.690523 0.394514 0.304702,
        0.688729 0.397638 0.260576,
        0.692270 0.391440 0.303950,
        0.693921 0.388507 0.302705,
        0.695453 0.385757 0.300961,
        0.740301 0.290547 0.179508,
        0.740301 0.290547 0.228887,
        0.775337 0.176965 0.142905,
        0.775337 0.176965 0.093526,
        0.793052 0.059431 0.053931,
        0.793052 0.059431 0.004552,
        0.795276 -0.000000 -0.040437,
        0.795276 -0.000000 0.008941,
        0.793052 -0.059431 0.004552,
        0.793052 -0.059431 0.053931,
        0.775337 -0.176965 0.142905,
        0.775337 -0.176965 0.093526,
        0.740301 -0.290547 0.228887,
        0.740301 -0.290547 0.179508,
        0.693907 -0.388531 0.302718,
        0.692244 -0.391486 0.303965,
        0.688729 -0.397638 0.260576,
        0.690518 -0.394524 0.304703,
        0.688729 -0.397638 0.304951,
        0.695453 -0.385757 0.300961,
      ]
    }
    coordIndex [
      0, 1, 2, -1,
      2, 1, 3, -1,
      3, 4, 2, -1,
      2, 4, 5, -1,
      2, 5, 6, -1,
      5, 7, 6, -1,
      6, 7, 8, -1,
      6, 8, 9, -1,
      9, 8, 10, -1,
      9, 10, 11, -1,
      11, 10, 12, -1,
      12, 10, 13, -1,
      12, 13, 14, -1,
      13, 15, 14, -1,
      14, 15, 16, -1,
      14, 16, 17, -1,
      17, 16, 18, -1,
      17, 18, 19, -1,
      20, 21, 22, -1,
      22, 21, 23, -1,
      22, 23, 24, -1,
      19, 18, 22, -1,
      22, 18, 25, -1,
      22, 25, 20, -1,
    ]
  }
}

Shape {
  appearance Appearance {
    material Material {
      diffuseColor 0.5216 0.6431 0.6902
      specularColor 0.1490 0.1843 0.1961
      ambientIntensity 0.2
      transparency 0.0000
      shininess 0.5
    }
  }
  geometry IndexedFaceSet {
    ccw TRUE
    solid FALSE
    coord DEF co Coordinate {
      point [
        0.783516 -0.136256 1.244094,
        0.783516 -0.136256 0.438772,
        0.790307 -0.059189 0.438772,
        0.795270 -0.002864 0.438772,
        0.784477 0.130609 1.244094,
        0.784477 0.130609 0.438772,
        0.790251 0.059205 0.438772,
        0.688729 0.397638 0.304951,
        0.690523 0.394514 0.304702,
        0.692270 0.391440 0.303950,
        0.693921 0.388507 0.302705,
        0.695453 0.385757 0.300961,
        0.740301 0.290547 0.228887,
        0.775337 0.176965 0.142905,
        0.793052 0.059431 0.053931,
        0.795276 -0.000000 0.008941,
        0.793052 -0.059431 0.053931,
        0.775337 -0.176965 0.142905,
        0.740301 -0.290547 0.228887,
        0.693907 -0.388531 0.302718,
        0.692244 -0.391486 0.303965,
        0.690518 -0.394524 0.304703,
        0.688729 -0.397638 0.304951,
        0.695453 -0.385757 0.300961,
        0.739269 0.290171 1.244094,
        0.730235 0.314993 1.244094,
        0.688729 0.397638 1.244094,
        0.761866 0.228088 1.244094,
        0.783194 0.138098 1.244094,
        0.774054 0.176661 1.244094,
        0.783194 -0.138098 1.244094,
        0.688729 -0.397638 1.244094,
        0.730235 -0.314993 1.244094,
        0.739269 -0.290171 1.244094,
        0.774054 -0.176661 1.244094,
        0.761866 -0.228088 1.244094,
      ]
    }
    coordIndex [
      11, 10, 24, -1,
      24, 10, 25, -1,
      25, 10, 9, -1,
      25, 9, 26, -1,
      26, 9, 8, -1,
      26, 8, 7, -1,
      27, 13, 24, -1,
      24, 13, 12, -1,
      24, 12, 11, -1,
      28, 4, 5, -1,
      28, 5, 29, -1,
      0, 30, 1, -1,
      1, 30, 17, -1,
      1, 17, 2, -1,
      2, 17, 16, -1,
      2, 16, 3, -1,
      3, 16, 15, -1,
      3, 15, 6, -1,
      6, 15, 14, -1,
      6, 14, 5, -1,
      5, 14, 13, -1,
      5, 13, 29, -1,
      29, 13, 27, -1,
      31, 22, 32, -1,
      32, 22, 21, -1,
      32, 21, 33, -1,
      33, 21, 20, -1,
      33, 20, 19, -1,
      30, 34, 17, -1,
      17, 34, 35, -1,
      17, 35, 18, -1,
      18, 35, 33, -1,
      18, 33, 23, -1,
      23, 33, 19, -1,
    ]
  }
}

Shape {
  appearance Appearance {
    material Material {
      diffuseColor 1.0000 1.0000 1.0000
      specularColor 0.8784 0.8784 0.8784
      ambientIntensity 0.2
      transparency 0.0000
      shininess 0.5
    }
  }
  geometry IndexedFaceSet {
    ccw TRUE
    solid FALSE
    coord DEF co Coordinate {
      point [
        -0.183957 -0.573722 -1.385827,
        -0.291072 -0.527517 -1.385827,
        0.369087 -0.476206 -1.385827,
        0.453940 0.396152 -1.385827,
        0.521774 0.301246 -1.385827,
        0.518365 0.299278 -1.385827,
        0.518365 -0.299278 -1.385827,
        0.521774 -0.301246 -1.385827,
        0.453940 -0.396152 -1.385827,
        0.270398 -0.538407 -1.385827,
        0.161572 -0.580424 -1.385827,
        0.046689 -0.600681 -1.385827,
        -0.069945 -0.598419 -1.385827,
        0.393701 0.000000 -1.385827,
        0.390347 0.025474 -1.385827,
        0.380514 0.049213 -1.385827,
        0.364873 0.069597 -1.385827,
        0.390347 -0.025474 -1.385827,
        0.562458 0.204718 -1.385827,
        0.589462 0.103938 -1.385827,
        0.344488 0.085239 -1.385827,
        0.270398 0.538407 -1.385827,
        0.369087 0.476206 -1.385827,
        -0.295276 -0.098425 -1.385827,
        -0.320750 -0.095071 -1.385827,
        -0.387275 -0.461536 -1.385827,
        -0.344488 -0.085239 -1.385827,
        -0.468959 -0.378252 -1.385827,
        -0.364873 -0.069597 -1.385827,
        -0.533063 -0.280788 -1.385827,
        -0.380514 -0.049213 -1.385827,
        -0.577181 -0.172797 -1.385827,
        -0.390347 -0.025474 -1.385827,
        -0.599663 -0.058328 -1.385827,
        -0.393701 0.000000 -1.385827,
        -0.599663 0.058328 -1.385827,
        -0.269801 -0.095071 -1.385827,
        -0.246063 -0.085239 -1.385827,
        0.225678 0.069597 -1.385827,
        0.210037 0.049213 -1.385827,
        -0.225678 0.069597 -1.385827,
        0.200204 0.025474 -1.385827,
        -0.210037 0.049213 -1.385827,
        -0.246063 0.085239 -1.385827,
        -0.269801 0.095071 -1.385827,
        -0.291072 0.527517 -1.385827,
        -0.295276 0.098425 -1.385827,
        -0.387275 0.461536 -1.385827,
        -0.320750 0.095071 -1.385827,
        -0.468959 0.378252 -1.385827,
        -0.344488 0.085239 -1.385827,
        -0.533063 0.280788 -1.385827,
        -0.364873 0.069597 -1.385827,
        -0.577181 0.172797 -1.385827,
        -0.380514 0.049213 -1.385827,
        -0.390347 0.025474 -1.385827,
        0.200204 -0.025474 -1.385827,
        0.210037 -0.049213 -1.385827,
        -0.200204 -0.025474 -1.385827,
        0.225678 -0.069597 -1.385827,
        0.246063 -0.085239 -1.385827,
        0.320750 0.095071 -1.385827,
        0.295276 0.098425 -1.385827,
        0.161572 0.580424 -1.385827,
        0.269801 0.095071 -1.385827,
        0.046689 0.600681 -1.385827,
        0.246063 0.085239 -1.385827,
        -0.069945 0.598419 -1.385827,
        -0.183957 0.573722 -1.385827,
        0.196850 0.000000 -1.385827,
        -0.196850 0.000000 -1.385827,
        -0.200204 0.025474 -1.385827,
        0.269801 -0.095071 -1.385827,
        0.562458 -0.204718 -1.385827,
        -0.210037 -0.049213 -1.385827,
        -0.225678 -0.069597 -1.385827,
        0.295276 -0.098425 -1.385827,
        0.320750 -0.095071 -1.385827,
        0.344488 -0.085239 -1.385827,
        0.598556 0.000000 -1.385827,
        0.589462 -0.103938 -1.385827,
        0.380514 -0.049213 -1.385827,
        0.364873 -0.069597 -1.385827,
        0.518365 -0.299278 -1.401575,
        0.562458 -0.204718 -1.401575,
        0.589462 -0.103938 -1.401575,
        0.598556 0.000000 -1.401575,
        0.589462 0.103938 -1.401575,
        0.562458 0.204718 -1.401575,
        0.518365 0.299278 -1.401575,
      ]
    }
    coordIndex [
      0, 1, 2, -1,
      3, 4, 5, -1,
      6, 7, 1, -1,
      1, 7, 8, -1,
      1, 8, 2, -1,
      2, 9, 10, -1,
      10, 11, 2, -1,
      2, 11, 12, -1,
      2, 12, 0, -1,
      13, 14, 5, -1,
      5, 14, 15, -1,
      5, 15, 16, -1,
      13, 5, 17, -1,
      17, 5, 18, -1,
      17, 18, 19, -1,
      16, 20, 5, -1,
      5, 20, 21, -1,
      5, 21, 3, -1,
      3, 21, 22, -1,
      23, 1, 24, -1,
      24, 1, 25, -1,
      24, 25, 26, -1,
      26, 25, 27, -1,
      26, 27, 28, -1,
      28, 27, 29, -1,
      28, 29, 30, -1,
      30, 29, 31, -1,
      30, 31, 32, -1,
      32, 31, 33, -1,
      32, 33, 34, -1,
      34, 33, 35, -1,
      23, 36, 1, -1,
      1, 36, 37, -1,
      1, 37, 6, -1,
      38, 39, 40, -1,
      40, 39, 41, -1,
      40, 41, 42, -1,
      43, 44, 45, -1,
      45, 44, 46, -1,
      45, 46, 47, -1,
      47, 46, 48, -1,
      47, 48, 49, -1,
      49, 48, 50, -1,
      49, 50, 51, -1,
      51, 50, 52, -1,
      51, 52, 53, -1,
      53, 52, 54, -1,
      53, 54, 35, -1,
      35, 54, 55, -1,
      35, 55, 34, -1,
      56, 57, 58, -1,
      58, 57, 59, -1,
      58, 59, 60, -1,
      20, 61, 21, -1,
      21, 61, 62, -1,
      21, 62, 63, -1,
      63, 62, 64, -1,
      63, 64, 65, -1,
      65, 64, 66, -1,
      65, 66, 67, -1,
      67, 66, 68, -1,
      68, 66, 38, -1,
      68, 38, 45, -1,
      45, 38, 40, -1,
      45, 40, 43, -1,
      56, 58, 69, -1,
      69, 58, 70, -1,
      69, 70, 41, -1,
      41, 70, 71, -1,
      41, 71, 42, -1,
      60, 72, 58, -1,
      58, 72, 73, -1,
      58, 73, 74, -1,
      74, 73, 6, -1,
      74, 6, 75, -1,
      75, 6, 37, -1,
      72, 76, 73, -1,
      73, 76, 77, -1,
      73, 77, 78, -1,
      19, 79, 17, -1,
      17, 79, 80, -1,
      17, 80, 81, -1,
      81, 80, 73, -1,
      81, 73, 82, -1,
      82, 73, 78, -1,
      83, 6, 84, -1,
      84, 6, 73, -1,
      84, 73, 85, -1,
      85, 73, 80, -1,
      85, 80, 86, -1,
      86, 80, 79, -1,
      86, 79, 87, -1,
      87, 79, 19, -1,
      87, 19, 88, -1,
      88, 19, 18, -1,
      88, 18, 89, -1,
      89, 18, 5, -1,
    ]
  }
}

Shape {
  appearance Appearance {
    material Material {
      diffuseColor 0.5216 0.6431 0.6902
      specularColor 0.1490 0.1843 0.1961
      ambientIntensity 0.2
      transparency 0.0000
      shininess 0.5
    }
  }
  geometry IndexedFaceSet {
    ccw TRUE
    solid FALSE
    coord DEF co Coordinate {
      point [
        0.783516 -0.136256 1.244094,
        0.784477 0.130609 1.244094,
        0.780587 -0.136256 1.270904,
        0.780856 -0.136256 1.268566,
        0.783507 -0.136256 1.245548,
        0.784440 0.130609 1.247120,
        0.781816 0.130609 1.268564,
        0.774131 -0.134624 1.292152,
        0.773845 -0.136256 1.292152,
        0.778784 -0.136256 1.276587,
        0.781502 0.130609 1.271128,
        0.779765 0.130609 1.276591,
        0.783784 -0.045658 1.292152,
        0.785744 -0.002830 1.292152,
        0.783874 0.045666 1.292152,
        0.783193 0.063333 1.292152,
        0.774819 0.130609 1.292152,
        0.782717 -0.068971 1.292152,
        0.784002 -0.133433 -0.673563,
        0.784002 0.133433 -1.099370,
        0.784002 0.133433 -1.090217,
        0.790274 0.059196 -1.099370,
        0.795276 0.000000 -1.099370,
        0.790274 -0.059196 -1.099370,
        0.784002 -0.133433 -1.099370,
        0.784002 -0.133433 -1.090217,
        0.760091 0.133433 -1.016857,
        0.752034 0.133433 -1.006886,
        0.783417 0.133433 -1.078176,
        0.779881 0.133433 -1.060241,
        0.778732 0.133433 -1.054413,
        0.772409 0.133433 -1.037791,
        0.769042 0.133433 -1.032068,
        0.775337 -0.176965 -1.090217,
        0.759944 -0.234411 -1.090217,
        0.740301 -0.290547 -1.090217,
        0.716519 -0.345057 -1.090217,
        0.688729 -0.397638 -1.090217,
        0.741907 0.133433 -0.994578,
        0.725894 0.133433 -0.969457,
        0.725847 0.133433 -0.969383,
        0.713030 0.133433 -0.939111,
        0.710121 0.133433 -0.926848,
        0.706171 0.133433 -0.910192,
        0.705637 0.133433 -0.906476,
        0.704326 0.133433 -0.881873,
        0.704067 0.133433 -0.877000,
        0.707213 0.133433 -0.847504,
        0.707913 0.133433 -0.843972,
        0.709978 0.133433 -0.836922,
        0.716224 0.133433 -0.815591,
        0.726249 0.133433 -0.794485,
        0.728984 0.133433 -0.788728,
        0.733945 0.133433 -0.780596,
        0.752034 0.133433 -0.756894,
        0.784002 0.133433 -0.673563,
        0.782134 0.133433 -0.695024,
        0.779783 0.133433 -0.703479,
        0.775635 0.133433 -0.718395,
        0.769286 0.133433 -0.731869,
        0.768007 0.133433 -0.734583,
        0.754098 0.133433 -0.754531,
        0.784002 -0.133433 -0.245991,
        0.784002 0.133433 -0.245991,
        0.790274 0.059196 -0.245991,
        0.795276 -0.000000 -0.245991,
        0.790274 -0.059196 -0.245991,
        0.775337 -0.176965 -0.673563,
        0.759944 -0.234411 -0.673563,
        0.740301 -0.290547 -0.673563,
        0.716519 -0.345057 -0.673563,
        0.688729 -0.397638 -0.673563,
        0.688729 0.397638 0.260576,
        0.740301 0.290547 0.179508,
        0.775337 0.176965 0.093526,
        0.793052 0.059431 0.004552,
        0.795276 -0.000000 -0.040437,
        0.793052 -0.059431 0.004552,
        0.775337 -0.176965 0.093526,
        0.740301 -0.290547 0.179508,
        0.688729 -0.397638 0.260576,
        0.739269 0.290171 1.244094,
        0.730235 0.314993 1.244094,
        0.688729 0.397638 1.244094,
        0.761866 0.228088 1.244094,
        0.783194 0.138098 1.244094,
        0.774054 0.176661 1.244094,
        0.783194 -0.138098 1.244094,
        0.688729 -0.397638 1.244094,
        0.730235 -0.314993 1.244094,
        0.739269 -0.290171 1.244094,
        0.774054 -0.176661 1.244094,
        0.761866 -0.228088 1.244094,
        0.518365 -0.299278 -1.401575,
        0.562458 -0.204718 -1.401575,
        0.589462 -0.103938 -1.401575,
        0.598556 0.000000 -1.401575,
        0.589462 0.103938 -1.401575,
        0.562458 0.204718 -1.401575,
        0.518365 0.299278 -1.401575,
        0.641174 0.191955 -1.401575,
        0.614554 0.265093 -1.401575,
        0.579623 0.334646 -1.401575,
        0.579623 -0.334646 -1.401575,
        0.614554 -0.265093 -1.401575,
        0.641174 -0.191955 -1.401575,
        0.659123 0.116221 -1.401575,
        0.668159 0.038916 -1.401575,
        0.668159 -0.038916 -1.401575,
        0.659123 -0.116221 -1.401575,
        0.603902 0.348663 -1.398416,
        0.640296 0.276196 -1.398416,
        0.626963 0.361977 -1.389098,
        0.664746 0.286743 -1.389098,
        0.647650 0.373920 -1.374089,
        0.686680 0.296205 -1.374089,
        0.664926 0.383895 -1.354141,
        0.704997 0.304106 -1.354141,
        0.677924 0.391400 -1.330253,
        0.718779 0.310051 -1.330253,
        0.685993 0.396058 -1.303625,
        0.727335 0.313741 -1.303625,
        0.774054 0.176661 -1.275591,
        0.780083 0.137550 -1.303625,
        0.761866 0.228088 -1.275591,
        0.758840 0.227181 -1.303625,
        0.739269 0.290171 -1.275591,
        0.730235 0.314993 -1.275591,
        0.688729 0.397638 -1.275591,
        0.783194 0.138098 -1.275591,
        0.792397 0.059354 -1.275591,
        0.790777 0.046057 -1.303625,
        0.793930 0.046241 -1.275591,
        0.793930 -0.046241 -1.275591,
        0.790777 -0.046057 -1.303625,
        0.792397 -0.059354 -1.275591,
        0.780083 -0.137550 -1.303625,
        0.783194 -0.138098 -1.275591,
        0.774054 -0.176661 -1.275591,
        0.758840 -0.227181 -1.303625,
        0.761866 -0.228088 -1.275591,
        0.727335 -0.313741 -1.303625,
        0.739269 -0.290171 -1.275591,
        0.730235 -0.314993 -1.275591,
        0.688729 -0.397638 -1.275591,
        0.685993 -0.396058 -1.303625,
        0.749913 0.224509 -1.330253,
        0.770907 0.135931 -1.330253,
        0.781475 0.045516 -1.330253,
        0.781475 -0.045516 -1.330253,
        0.770907 -0.135931 -1.330253,
        0.749913 -0.224509 -1.330253,
        0.718779 -0.310051 -1.330253,
        0.677924 -0.391400 -1.330253,
        0.735535 0.220205 -1.354141,
        0.756125 0.133325 -1.354141,
        0.766491 0.044643 -1.354141,
        0.766491 -0.044643 -1.354141,
        0.756125 -0.133325 -1.354141,
        0.735535 -0.220205 -1.354141,
        0.704997 -0.304106 -1.354141,
        0.664926 -0.383895 -1.354141,
        0.716424 0.214483 -1.374089,
        0.736480 0.129861 -1.374089,
        0.746576 0.043483 -1.374089,
        0.746576 -0.043483 -1.374089,
        0.736480 -0.129861 -1.374089,
        0.716424 -0.214483 -1.374089,
        0.686680 -0.296205 -1.374089,
        0.647650 -0.373920 -1.374089,
        0.693540 0.207632 -1.389098,
        0.712956 0.125713 -1.389098,
        0.722729 0.042094 -1.389098,
        0.722729 -0.042094 -1.389098,
        0.712956 -0.125713 -1.389098,
        0.693540 -0.207632 -1.389098,
        0.664746 -0.286743 -1.389098,
        0.626963 -0.361977 -1.389098,
        0.668030 0.199995 -1.398416,
        0.686731 0.121089 -1.398416,
        0.696146 0.040546 -1.398416,
        0.696146 -0.040546 -1.398416,
        0.686731 -0.121089 -1.398416,
        0.668030 -0.199995 -1.398416,
        0.640296 -0.276196 -1.398416,
        0.603902 -0.348663 -1.398416,
        0.688729 0.397638 -1.090217,
        0.716519 0.345057 -1.090217,
        0.740301 0.290547 -1.090217,
        0.759944 0.234411 -1.090217,
        0.775337 0.176965 -1.090217,
        0.676307 0.390466 -1.031836,
        0.661452 0.381890 -1.006886,
        0.688142 0.331391 -1.006886,
        0.771789 0.176156 -1.060158,
        0.761353 0.173774 -1.031836,
        0.700935 0.302069 -1.006886,
        0.726950 0.285307 -1.031836,
        0.703596 0.338834 -1.031836,
        0.744630 0.169957 -1.006886,
        0.731623 0.218499 -1.006886,
        0.746238 0.230184 -1.031836,
        0.729847 0.225128 -1.006886,
        0.710982 0.279040 -1.006886,
        0.756467 0.233339 -1.060158,
        0.736914 0.289218 -1.060158,
        0.713241 0.343479 -1.060158,
        0.685578 0.395819 -1.060158,
        0.686573 0.205038 -0.881890,
        0.691802 0.206600 -0.926977,
        0.707188 0.211194 -0.969461,
        0.691802 0.206600 -0.836802,
        0.707188 0.211194 -0.794319,
        0.709993 0.278680 -0.756894,
        0.729500 0.225002 -0.756894,
        0.731841 0.218557 -0.756894,
        0.743437 0.169674 -0.756894,
        0.661452 0.381890 -0.756894,
        0.687072 0.330855 -0.756894,
        0.677789 0.292096 -0.794319,
        0.701417 0.302279 -0.756894,
        0.677789 0.292096 -0.969461,
        0.639170 0.369025 -0.794319,
        0.663043 0.285741 -0.836802,
        0.625264 0.360996 -0.836802,
        0.658031 0.283581 -0.881890,
        0.620538 0.358268 -0.881890,
        0.663043 0.285741 -0.926977,
        0.625264 0.360996 -0.926977,
        0.639170 0.369025 -0.969461,
        0.761353 0.173774 -0.731943,
        0.771789 0.176156 -0.703621,
        0.775337 0.176965 -0.673563,
        0.676307 0.390466 -0.731943,
        0.703596 0.338834 -0.731943,
        0.726950 0.285307 -0.731943,
        0.746238 0.230184 -0.731943,
        0.756467 0.233339 -0.703621,
        0.759944 0.234411 -0.673563,
        0.736914 0.289218 -0.703621,
        0.740301 0.290547 -0.673563,
        0.713241 0.343479 -0.703621,
        0.716519 0.345057 -0.673563,
        0.685578 0.395819 -0.703621,
        0.688729 0.397638 -0.673563,
        0.757753 -0.226856 1.276702,
        0.757753 0.226856 1.276702,
        0.777080 0.045260 1.307087,
        0.777080 -0.045260 1.307087,
        0.778966 -0.137353 1.276702,
        0.778966 0.137353 1.276702,
        0.766571 0.135167 1.307087,
        0.659123 0.116221 1.370079,
        0.668159 0.038916 1.370079,
        0.691235 0.121883 1.365786,
        0.700711 0.040812 1.365786,
        0.721159 0.127160 1.353200,
        0.731044 0.042578 1.353200,
        0.746854 0.131691 1.333179,
        0.757093 0.044096 1.333179,
        0.668159 -0.038916 1.370079,
        0.700711 -0.040812 1.365786,
        0.731044 -0.042578 1.353200,
        0.757093 -0.044096 1.333179,
        0.659123 -0.116221 1.370079,
        0.691235 -0.121883 1.365786,
        0.721159 -0.127160 1.353200,
        0.746854 -0.131691 1.333179,
        0.766571 -0.135167 1.307087,
        0.614554 0.265093 1.370079,
        0.641174 0.191955 1.370079,
        0.644494 0.278008 1.365786,
        0.672411 0.201307 1.365786,
        0.672394 0.290043 1.353200,
        0.701520 0.210021 1.353200,
        0.696353 0.300377 1.333179,
        0.726516 0.217505 1.333179,
        0.714737 0.308307 1.307087,
        0.745696 0.223247 1.307087,
        0.726293 0.313292 1.276702,
        0.641174 -0.191955 1.370079,
        0.672411 -0.201307 1.365786,
        0.701520 -0.210021 1.353200,
        0.726516 -0.217505 1.333179,
        0.745696 -0.223247 1.307087,
        0.579623 0.334646 1.370079,
        0.607862 0.350949 1.365786,
        0.634176 0.366142 1.353200,
        0.656772 0.379188 1.333179,
        0.674111 0.389198 1.307087,
        0.685011 0.395491 1.276702,
        0.726293 -0.313292 1.276702,
        0.714737 -0.308307 1.307087,
        0.696353 -0.300377 1.333179,
        0.672394 -0.290043 1.353200,
        0.644494 -0.278008 1.365786,
        0.614554 -0.265093 1.370079,
        0.579623 -0.334646 1.370079,
        0.607862 -0.350949 1.365786,
        0.634176 -0.366142 1.353200,
        0.656772 -0.379188 1.333179,
        0.674111 -0.389198 1.307087,
        0.685011 -0.395491 1.276702,
        0.562458 -0.204718 1.370079,
        0.518365 -0.299278 1.370079,
        0.518365 0.299278 1.370079,
        0.562458 0.204718 1.370079,
        0.589462 -0.103938 1.370079,
        0.598556 -0.000000 1.370079,
        0.589462 0.103938 1.370079,
      ]
    }
    coordIndex [
      97, 98, 100, -1,
      100, 98, 101, -1,
      101, 98, 99, -1,
      101, 99, 102, -1,
      103, 93, 104, -1,
      104, 93, 94, -1,
      104, 94, 105, -1,
      105, 94, 95, -1,
      100, 106, 97, -1,
      97, 106, 107, -1,
      97, 107, 96, -1,
      96, 107, 108, -1,
      96, 108, 95, -1,
      95, 108, 109, -1,
      95, 109, 105, -1,
      102, 110, 111, -1,
      110, 112, 113, -1,
      112, 114, 115, -1,
      114, 116, 117, -1,
      116, 118, 119, -1,
      118, 120, 121, -1,
      122, 123, 124, -1,
      124, 123, 125, -1,
      124, 125, 126, -1,
      126, 125, 121, -1,
      126, 121, 127, -1,
      127, 121, 120, -1,
      127, 120, 128, -1,
      122, 129, 123, -1,
      123, 129, 130, -1,
      123, 130, 131, -1,
      130, 132, 131, -1,
      131, 132, 133, -1,
      131, 133, 134, -1,
      134, 133, 135, -1,
      134, 135, 136, -1,
      135, 137, 136, -1,
      136, 137, 138, -1,
      136, 138, 139, -1,
      139, 138, 140, -1,
      139, 140, 141, -1,
      141, 140, 142, -1,
      142, 143, 141, -1,
      141, 143, 144, -1,
      141, 144, 145, -1,
      118, 121, 119, -1,
      119, 121, 125, -1,
      119, 125, 146, -1,
      146, 125, 123, -1,
      146, 123, 147, -1,
      147, 123, 131, -1,
      147, 131, 148, -1,
      148, 131, 134, -1,
      148, 134, 149, -1,
      149, 134, 136, -1,
      149, 136, 150, -1,
      150, 136, 139, -1,
      150, 139, 151, -1,
      151, 139, 141, -1,
      151, 141, 152, -1,
      152, 141, 145, -1,
      152, 145, 153, -1,
      116, 119, 117, -1,
      117, 119, 146, -1,
      117, 146, 154, -1,
      154, 146, 147, -1,
      154, 147, 155, -1,
      155, 147, 148, -1,
      155, 148, 156, -1,
      156, 148, 149, -1,
      156, 149, 157, -1,
      157, 149, 150, -1,
      157, 150, 158, -1,
      158, 150, 151, -1,
      158, 151, 159, -1,
      159, 151, 152, -1,
      159, 152, 160, -1,
      160, 152, 153, -1,
      160, 153, 161, -1,
      114, 117, 115, -1,
      115, 117, 154, -1,
      115, 154, 162, -1,
      162, 154, 155, -1,
      162, 155, 163, -1,
      163, 155, 156, -1,
      163, 156, 164, -1,
      164, 156, 157, -1,
      164, 157, 165, -1,
      165, 157, 158, -1,
      165, 158, 166, -1,
      166, 158, 159, -1,
      166, 159, 167, -1,
      167, 159, 160, -1,
      167, 160, 168, -1,
      168, 160, 161, -1,
      168, 161, 169, -1,
      112, 115, 113, -1,
      113, 115, 162, -1,
      113, 162, 170, -1,
      170, 162, 163, -1,
      170, 163, 171, -1,
      171, 163, 164, -1,
      171, 164, 172, -1,
      172, 164, 165, -1,
      172, 165, 173, -1,
      173, 165, 166, -1,
      173, 166, 174, -1,
      174, 166, 167, -1,
      174, 167, 175, -1,
      175, 167, 168, -1,
      175, 168, 176, -1,
      176, 168, 169, -1,
      176, 169, 177, -1,
      110, 113, 111, -1,
      111, 113, 170, -1,
      111, 170, 178, -1,
      178, 170, 171, -1,
      178, 171, 179, -1,
      179, 171, 172, -1,
      179, 172, 180, -1,
      180, 172, 173, -1,
      180, 173, 181, -1,
      181, 173, 174, -1,
      181, 174, 182, -1,
      182, 174, 175, -1,
      182, 175, 183, -1,
      183, 175, 176, -1,
      183, 176, 184, -1,
      184, 176, 177, -1,
      184, 177, 185, -1,
      102, 111, 101, -1,
      101, 111, 178, -1,
      101, 178, 100, -1,
      100, 178, 179, -1,
      100, 179, 106, -1,
      106, 179, 180, -1,
      106, 180, 107, -1,
      107, 180, 181, -1,
      107, 181, 108, -1,
      108, 181, 182, -1,
      108, 182, 109, -1,
      109, 182, 183, -1,
      109, 183, 105, -1,
      105, 183, 184, -1,
      105, 184, 104, -1,
      104, 184, 185, -1,
      104, 185, 103, -1,
      24, 25, 33, -1,
      122, 19, 129, -1,
      129, 19, 21, -1,
      23, 133, 22, -1,
      22, 133, 132, -1,
      22, 132, 21, -1,
      21, 132, 130, -1,
      21, 130, 129, -1,
      128, 186, 127, -1,
      127, 186, 187, -1,
      127, 187, 126, -1,
      126, 187, 188, -1,
      126, 188, 124, -1,
      124, 188, 189, -1,
      124, 189, 122, -1,
      122, 189, 190, -1,
      122, 190, 19, -1,
      19, 190, 20, -1,
      37, 144, 36, -1,
      36, 144, 143, -1,
      36, 143, 35, -1,
      35, 143, 142, -1,
      35, 142, 34, -1,
      34, 142, 140, -1,
      34, 140, 33, -1,
      33, 140, 138, -1,
      33, 138, 24, -1,
      24, 138, 137, -1,
      24, 137, 23, -1,
      23, 137, 135, -1,
      23, 135, 133, -1,
      191, 192, 193, -1,
      28, 20, 190, -1,
      30, 29, 194, -1,
      194, 29, 28, -1,
      26, 32, 195, -1,
      195, 32, 31, -1,
      195, 31, 30, -1,
      196, 197, 193, -1,
      193, 197, 198, -1,
      193, 198, 191, -1,
      27, 26, 199, -1,
      199, 26, 195, -1,
      199, 195, 200, -1,
      200, 195, 201, -1,
      200, 201, 202, -1,
      202, 201, 197, -1,
      202, 197, 203, -1,
      203, 197, 196, -1,
      30, 194, 195, -1,
      195, 194, 204, -1,
      195, 204, 201, -1,
      201, 204, 205, -1,
      201, 205, 197, -1,
      197, 205, 206, -1,
      197, 206, 198, -1,
      198, 206, 207, -1,
      198, 207, 191, -1,
      28, 190, 194, -1,
      194, 190, 189, -1,
      194, 189, 204, -1,
      204, 189, 188, -1,
      204, 188, 205, -1,
      205, 188, 187, -1,
      205, 187, 206, -1,
      206, 187, 186, -1,
      206, 186, 207, -1,
      46, 45, 208, -1,
      200, 38, 199, -1,
      199, 38, 27, -1,
      43, 42, 209, -1,
      209, 42, 41, -1,
      209, 41, 210, -1,
      210, 41, 40, -1,
      210, 40, 39, -1,
      208, 45, 209, -1,
      209, 45, 44, -1,
      209, 44, 43, -1,
      46, 208, 47, -1,
      47, 208, 211, -1,
      47, 211, 48, -1,
      212, 50, 211, -1,
      211, 50, 49, -1,
      211, 49, 48, -1,
      53, 52, 212, -1,
      212, 52, 51, -1,
      212, 51, 50, -1,
      213, 214, 212, -1,
      212, 214, 215, -1,
      212, 215, 53, -1,
      53, 215, 216, -1,
      53, 216, 54, -1,
      217, 218, 219, -1,
      219, 218, 220, -1,
      219, 220, 213, -1,
      203, 196, 221, -1,
      221, 196, 193, -1,
      217, 219, 222, -1,
      222, 219, 223, -1,
      222, 223, 224, -1,
      224, 223, 225, -1,
      224, 225, 226, -1,
      226, 225, 227, -1,
      226, 227, 228, -1,
      228, 227, 221, -1,
      228, 221, 229, -1,
      229, 221, 193, -1,
      229, 193, 192, -1,
      202, 210, 200, -1,
      200, 210, 39, -1,
      200, 39, 38, -1,
      213, 212, 219, -1,
      219, 212, 211, -1,
      219, 211, 223, -1,
      223, 211, 208, -1,
      223, 208, 225, -1,
      225, 208, 209, -1,
      225, 209, 227, -1,
      227, 209, 210, -1,
      227, 210, 221, -1,
      221, 210, 202, -1,
      221, 202, 203, -1,
      58, 59, 230, -1,
      61, 54, 216, -1,
      61, 216, 60, -1,
      56, 57, 231, -1,
      231, 57, 58, -1,
      232, 55, 56, -1,
      233, 234, 217, -1,
      217, 234, 218, -1,
      218, 234, 220, -1,
      220, 234, 235, -1,
      220, 235, 213, -1,
      213, 235, 236, -1,
      213, 236, 214, -1,
      56, 231, 232, -1,
      232, 231, 237, -1,
      232, 237, 238, -1,
      238, 237, 239, -1,
      238, 239, 240, -1,
      240, 239, 241, -1,
      240, 241, 242, -1,
      242, 241, 243, -1,
      242, 243, 244, -1,
      58, 230, 231, -1,
      231, 230, 236, -1,
      231, 236, 237, -1,
      237, 236, 235, -1,
      237, 235, 239, -1,
      239, 235, 234, -1,
      239, 234, 241, -1,
      241, 234, 233, -1,
      241, 233, 243, -1,
      59, 60, 230, -1,
      230, 60, 216, -1,
      230, 216, 236, -1,
      236, 216, 215, -1,
      236, 215, 214, -1,
      63, 55, 232, -1,
      80, 71, 70, -1,
      80, 70, 79, -1,
      70, 69, 79, -1,
      79, 69, 68, -1,
      79, 68, 78, -1,
      67, 18, 62, -1,
      68, 67, 78, -1,
      78, 67, 62, -1,
      78, 62, 77, -1,
      77, 62, 66, -1,
      77, 66, 76, -1,
      76, 66, 65, -1,
      76, 65, 75, -1,
      75, 65, 64, -1,
      75, 64, 74, -1,
      64, 63, 74, -1,
      74, 63, 232, -1,
      74, 232, 73, -1,
      232, 238, 73, -1,
      73, 238, 240, -1,
      73, 240, 72, -1,
      72, 240, 242, -1,
      72, 242, 244, -1,
      90, 92, 245, -1,
      86, 84, 246, -1,
      13, 14, 247, -1,
      8, 7, 248, -1,
      248, 7, 17, -1,
      248, 17, 12, -1,
      0, 4, 87, -1,
      87, 4, 3, -1,
      87, 3, 249, -1,
      249, 3, 2, -1,
      11, 10, 250, -1,
      250, 10, 6, -1,
      250, 6, 85, -1,
      85, 6, 5, -1,
      85, 5, 1, -1,
      11, 250, 16, -1,
      16, 250, 251, -1,
      16, 251, 15, -1,
      252, 253, 254, -1,
      254, 253, 255, -1,
      254, 255, 256, -1,
      256, 255, 257, -1,
      256, 257, 258, -1,
      258, 257, 259, -1,
      258, 259, 251, -1,
      251, 259, 247, -1,
      251, 247, 15, -1,
      15, 247, 14, -1,
      253, 260, 255, -1,
      255, 260, 261, -1,
      255, 261, 257, -1,
      257, 261, 262, -1,
      257, 262, 259, -1,
      259, 262, 263, -1,
      259, 263, 247, -1,
      247, 263, 248, -1,
      247, 248, 13, -1,
      13, 248, 12, -1,
      260, 264, 261, -1,
      261, 264, 265, -1,
      261, 265, 262, -1,
      262, 265, 266, -1,
      262, 266, 263, -1,
      263, 266, 267, -1,
      263, 267, 248, -1,
      248, 267, 268, -1,
      248, 268, 8, -1,
      8, 268, 249, -1,
      8, 249, 9, -1,
      9, 249, 2, -1,
      269, 270, 271, -1,
      271, 270, 272, -1,
      271, 272, 273, -1,
      273, 272, 274, -1,
      273, 274, 275, -1,
      275, 274, 276, -1,
      275, 276, 277, -1,
      277, 276, 278, -1,
      277, 278, 279, -1,
      279, 278, 246, -1,
      264, 280, 265, -1,
      265, 280, 281, -1,
      265, 281, 266, -1,
      266, 281, 282, -1,
      266, 282, 267, -1,
      267, 282, 283, -1,
      267, 283, 268, -1,
      268, 283, 284, -1,
      268, 284, 249, -1,
      249, 284, 245, -1,
      285, 269, 286, -1,
      286, 269, 271, -1,
      286, 271, 287, -1,
      287, 271, 273, -1,
      287, 273, 288, -1,
      288, 273, 275, -1,
      288, 275, 289, -1,
      289, 275, 277, -1,
      289, 277, 290, -1,
      290, 277, 279, -1,
      290, 279, 83, -1,
      83, 279, 82, -1,
      246, 84, 279, -1,
      279, 84, 81, -1,
      279, 81, 82, -1,
      85, 86, 250, -1,
      250, 86, 246, -1,
      250, 246, 251, -1,
      251, 246, 278, -1,
      251, 278, 258, -1,
      258, 278, 276, -1,
      258, 276, 256, -1,
      256, 276, 274, -1,
      256, 274, 254, -1,
      254, 274, 272, -1,
      254, 272, 252, -1,
      252, 272, 270, -1,
      245, 92, 249, -1,
      249, 92, 91, -1,
      249, 91, 87, -1,
      89, 90, 291, -1,
      291, 90, 245, -1,
      291, 245, 292, -1,
      292, 245, 284, -1,
      292, 284, 293, -1,
      293, 284, 283, -1,
      293, 283, 294, -1,
      294, 283, 282, -1,
      294, 282, 295, -1,
      295, 282, 281, -1,
      295, 281, 296, -1,
      296, 281, 280, -1,
      296, 297, 295, -1,
      295, 297, 298, -1,
      295, 298, 294, -1,
      294, 298, 299, -1,
      294, 299, 293, -1,
      293, 299, 300, -1,
      293, 300, 292, -1,
      292, 300, 301, -1,
      292, 301, 291, -1,
      291, 301, 302, -1,
      291, 302, 89, -1,
      89, 302, 88, -1,
      303, 304, 297, -1,
      285, 305, 269, -1,
      269, 305, 306, -1,
      297, 296, 303, -1,
      303, 296, 280, -1,
      303, 280, 307, -1,
      307, 280, 264, -1,
      307, 264, 308, -1,
      264, 260, 308, -1,
      308, 260, 253, -1,
      308, 253, 309, -1,
      309, 253, 252, -1,
      309, 252, 306, -1,
      306, 252, 270, -1,
      306, 270, 269, -1,
    ]
  }
}

Shape {
  appearance Appearance {
    material Material {
      diffuseColor 1.0000 1.0000 1.0000
      specularColor 0.8784 0.8784 0.8784
      ambientIntensity 0.2
      transparency 0.0000
      shininess 0.5
    }
  }
  geometry IndexedFaceSet {
    ccw TRUE
    solid FALSE
    coord DEF co Coordinate {
      point [
        0.681910 0.393701 1.244094,
        0.681910 0.393701 -0.673563,
        0.681910 -0.393701 -0.673563,
        0.681910 -0.393701 1.244094,
        0.518365 -0.299278 1.354331,
        0.521774 -0.301246 1.354331,
        0.589462 -0.103938 1.354331,
        0.598556 -0.000000 1.354331,
        0.518365 0.299278 1.354331,
        0.521774 0.301246 1.354331,
        0.562458 -0.204718 1.354331,
        0.562458 0.204718 1.354331,
        0.589462 0.103938 1.354331,
        0.661452 -0.381890 -1.006886,
        0.676307 -0.390466 -1.031836,
        0.685578 -0.395819 -1.060158,
        0.688729 -0.397638 -1.090217,
        0.688729 -0.397638 -0.673563,
        0.685578 -0.395819 -0.703621,
        0.676307 -0.390466 -0.731943,
        0.661452 -0.381890 -0.756894,
        0.639170 -0.369025 -0.794319,
        0.625264 -0.360996 -0.836802,
        0.620538 -0.358268 -0.881890,
        0.625264 -0.360996 -0.926977,
        0.639170 -0.369025 -0.969461,
        0.688729 0.397638 0.304951,
        0.688729 0.397638 0.260576,
        0.688729 -0.397638 0.260576,
        0.688729 -0.397638 0.304951,
        0.688729 0.397638 1.244094,
        0.688729 -0.397638 1.244094,
        0.521774 0.301246 -1.385827,
        0.518365 0.299278 -1.385827,
        0.518365 -0.299278 -1.385827,
        0.521774 -0.301246 -1.385827,
        0.518365 -0.299278 -1.401575,
        0.518365 0.299278 -1.401575,
        0.579623 0.334646 -1.401575,
        0.579623 -0.334646 -1.401575,
        0.603902 0.348663 -1.398416,
        0.626963 0.361977 -1.389098,
        0.647650 0.373920 -1.374089,
        0.664926 0.383895 -1.354141,
        0.677924 0.391400 -1.330253,
        0.685993 0.396058 -1.303625,
        0.688729 0.397638 -1.275591,
        0.688729 -0.397638 -1.275591,
        0.685993 -0.396058 -1.303625,
        0.677924 -0.391400 -1.330253,
        0.664926 -0.383895 -1.354141,
        0.647650 -0.373920 -1.374089,
        0.626963 -0.361977 -1.389098,
        0.603902 -0.348663 -1.398416,
        0.688729 0.397638 -1.090217,
        0.676307 0.390466 -1.031836,
        0.661452 0.381890 -1.006886,
        0.685578 0.395819 -1.060158,
        0.661452 0.381890 -0.756894,
        0.639170 0.369025 -0.794319,
        0.625264 0.360996 -0.836802,
        0.620538 0.358268 -0.881890,
        0.625264 0.360996 -0.926977,
        0.639170 0.369025 -0.969461,
        0.676307 0.390466 -0.731943,
        0.685578 0.395819 -0.703621,
        0.688729 0.397638 -0.673563,
        0.579623 0.334646 1.370079,
        0.607862 0.350949 1.365786,
        0.634176 0.366142 1.353200,
        0.656772 0.379188 1.333179,
        0.674111 0.389198 1.307087,
        0.685011 0.395491 1.276702,
        0.579623 -0.334646 1.370079,
        0.607862 -0.350949 1.365786,
        0.634176 -0.366142 1.353200,
        0.656772 -0.379188 1.333179,
        0.674111 -0.389198 1.307087,
        0.685011 -0.395491 1.276702,
        0.562458 -0.204718 1.370079,
        0.518365 -0.299278 1.370079,
        0.518365 0.299278 1.370079,
        0.562458 0.204718 1.370079,
        0.589462 -0.103938 1.370079,
        0.598556 -0.000000 1.370079,
        0.589462 0.103938 1.370079,
        0.521774 -0.301246 1.362205,
        0.579623 -0.334646 1.362205,
        0.606097 -0.349930 1.358180,
        0.630767 -0.364173 1.346381,
        0.651951 -0.376404 1.327611,
        0.668206 -0.385789 1.303150,
        0.678424 -0.391689 1.274664,
        0.521774 -0.301246 -1.393701,
        0.579623 -0.334646 -1.393701,
        0.602384 -0.347787 -1.390739,
        0.624004 -0.360269 -1.382004,
        0.643398 -0.371466 -1.367933,
        0.659594 -0.380817 -1.349231,
        0.671780 -0.387852 -1.326837,
        0.679345 -0.392220 -1.301872,
        0.681910 -0.393701 -1.275591,
        0.681910 -0.393701 -1.090217,
        0.678956 -0.391995 -1.062037,
        0.670265 -0.386978 -1.035485,
        0.656338 -0.378937 -1.012094,
        0.633127 -0.365536 -0.973109,
        0.618642 -0.357173 -0.928856,
        0.613719 -0.354331 -0.881890,
        0.618642 -0.357173 -0.834924,
        0.633127 -0.365536 -0.790670,
        0.656338 -0.378937 -0.751685,
        0.670265 -0.386978 -0.728294,
        0.678956 -0.391995 -0.701743,
        0.521774 0.301246 1.362205,
        0.579623 0.334646 1.362205,
        0.606097 0.349930 1.358180,
        0.630767 0.364173 1.346381,
        0.651951 0.376404 1.327611,
        0.668206 0.385789 1.303150,
        0.678424 0.391689 1.274664,
        0.678956 0.391995 -0.701743,
        0.670265 0.386978 -0.728294,
        0.656338 0.378937 -0.751685,
        0.633127 0.365536 -0.790670,
        0.618642 0.357173 -0.834924,
        0.613719 0.354331 -0.881890,
        0.618642 0.357173 -0.928856,
        0.633127 0.365536 -0.973109,
        0.656338 0.378937 -1.012094,
        0.670265 0.386978 -1.035485,
        0.678956 0.391995 -1.062037,
        0.681910 0.393701 -1.090217,
        0.681910 0.393701 -1.275591,
        0.679345 0.392220 -1.301872,
        0.671780 0.387852 -1.326837,
        0.659594 0.380817 -1.349231,
        0.643398 0.371466 -1.367933,
        0.624004 0.360269 -1.382004,
        0.602384 0.347787 -1.390739,
        0.579623 0.334646 -1.393701,
        0.521774 0.301246 -1.393701,
      ]
    }
    coordIndex [
      4, 80, 10, -1,
      10, 80, 79, -1,
      10, 79, 6, -1,
      6, 79, 83, -1,
      6, 83, 7, -1,
      7, 83, 84, -1,
      7, 84, 12, -1,
      12, 84, 85, -1,
      12, 85, 11, -1,
      11, 85, 82, -1,
      11, 82, 8, -1,
      8, 82, 81, -1,
      4, 5, 80, -1,
      80, 5, 86, -1,
      80, 86, 73, -1,
      73, 86, 87, -1,
      73, 87, 74, -1,
      74, 87, 88, -1,
      74, 88, 75, -1,
      75, 88, 89, -1,
      75, 89, 76, -1,
      76, 89, 90, -1,
      76, 90, 77, -1,
      77, 90, 91, -1,
      77, 91, 78, -1,
      78, 91, 92, -1,
      78, 92, 31, -1,
      31, 92, 3, -1,
      31, 3, 29, -1,
      29, 3, 2, -1,
      29, 2, 28, -1,
      35, 34, 93, -1,
      93, 34, 36, -1,
      93, 36, 94, -1,
      94, 36, 39, -1,
      94, 39, 95, -1,
      95, 39, 53, -1,
      95, 53, 96, -1,
      96, 53, 52, -1,
      96, 52, 97, -1,
      97, 52, 51, -1,
      97, 51, 98, -1,
      98, 51, 50, -1,
      98, 50, 99, -1,
      99, 50, 49, -1,
      99, 49, 100, -1,
      100, 49, 48, -1,
      100, 48, 101, -1,
      101, 48, 47, -1,
      101, 47, 102, -1,
      102, 47, 16, -1,
      102, 16, 103, -1,
      103, 16, 15, -1,
      103, 15, 104, -1,
      104, 15, 14, -1,
      104, 14, 105, -1,
      105, 14, 13, -1,
      105, 13, 106, -1,
      106, 13, 25, -1,
      106, 25, 107, -1,
      107, 25, 24, -1,
      107, 24, 108, -1,
      108, 24, 23, -1,
      108, 23, 109, -1,
      109, 23, 22, -1,
      109, 22, 110, -1,
      110, 22, 21, -1,
      110, 21, 111, -1,
      111, 21, 20, -1,
      111, 20, 112, -1,
      112, 20, 19, -1,
      112, 19, 113, -1,
      113, 19, 18, -1,
      113, 18, 2, -1,
      2, 18, 17, -1,
      2, 17, 28, -1,
      9, 8, 114, -1,
      114, 8, 81, -1,
      114, 81, 115, -1,
      115, 81, 67, -1,
      115, 67, 116, -1,
      116, 67, 68, -1,
      116, 68, 117, -1,
      117, 68, 69, -1,
      117, 69, 118, -1,
      118, 69, 70, -1,
      118, 70, 119, -1,
      119, 70, 71, -1,
      119, 71, 120, -1,
      120, 71, 72, -1,
      120, 72, 0, -1,
      72, 30, 0, -1,
      0, 30, 26, -1,
      0, 26, 1, -1,
      26, 27, 1, -1,
      1, 27, 66, -1,
      1, 66, 121, -1,
      121, 66, 65, -1,
      121, 65, 122, -1,
      122, 65, 64, -1,
      122, 64, 123, -1,
      123, 64, 58, -1,
      123, 58, 124, -1,
      124, 58, 59, -1,
      124, 59, 125, -1,
      125, 59, 60, -1,
      125, 60, 126, -1,
      126, 60, 61, -1,
      126, 61, 127, -1,
      127, 61, 62, -1,
      127, 62, 128, -1,
      128, 62, 63, -1,
      128, 63, 129, -1,
      129, 63, 56, -1,
      129, 56, 130, -1,
      130, 56, 55, -1,
      130, 55, 131, -1,
      131, 55, 57, -1,
      131, 57, 132, -1,
      132, 57, 54, -1,
      132, 54, 133, -1,
      133, 54, 46, -1,
      133, 46, 134, -1,
      134, 46, 45, -1,
      134, 45, 135, -1,
      135, 45, 44, -1,
      135, 44, 136, -1,
      136, 44, 43, -1,
      136, 43, 137, -1,
      137, 43, 42, -1,
      137, 42, 138, -1,
      138, 42, 41, -1,
      138, 41, 139, -1,
      139, 41, 40, -1,
      139, 40, 140, -1,
      140, 40, 38, -1,
      140, 38, 141, -1,
      141, 38, 37, -1,
      141, 37, 32, -1,
      32, 37, 33, -1,
    ]
  }
}

Shape {
  appearance Appearance {
    material Material {
      diffuseColor 0.0000 0.0000 0.0000
      specularColor 0.0000 0.0000 0.0000
      ambientIntensity 0.2
      transparency 0.0000
      shininess 0.5
    }
  }
  geometry IndexedFaceSet {
    ccw TRUE
    solid FALSE
    coord DEF co Coordinate {
      point [
        0.681910 0.393701 1.244094,
        0.026594 0.786952 -0.673563,
        0.158503 0.771283 -0.673563,
        0.405162 0.675163 -0.673563,
        0.285901 0.733663 -0.673563,
        -0.235719 0.751291 -0.673563,
        -0.358657 0.700975 -0.673563,
        -0.471388 0.630709 -0.673563,
        -0.106072 0.780224 -0.673563,
        0.512892 0.597447 -0.673563,
        0.606024 0.502728 -0.673563,
        0.681910 0.393701 -0.673563,
        -0.570703 0.542494 -0.673563,
        -0.653776 0.438838 -0.673563,
        -0.718241 0.322693 -0.673563,
        -0.762265 0.197364 -0.673563,
        -0.784595 0.066418 -0.673563,
        -0.784595 -0.066418 -0.673563,
        -0.762265 -0.197364 -0.673563,
        -0.718241 -0.322693 -0.673563,
        -0.653776 -0.438838 -0.673563,
        -0.570703 -0.542494 -0.673563,
        -0.471388 -0.630709 -0.673563,
        -0.358657 -0.700975 -0.673563,
        -0.235719 -0.751291 -0.673563,
        -0.106072 -0.780224 -0.673563,
        0.026594 -0.786952 -0.673563,
        0.158503 -0.771283 -0.673563,
        0.285901 -0.733663 -0.673563,
        0.405162 -0.675163 -0.673563,
        0.512892 -0.597447 -0.673563,
        0.606024 -0.502728 -0.673563,
        0.681910 -0.393701 -0.673563,
        0.681910 -0.393701 1.244094,
        0.521774 -0.301246 1.362205,
        0.579623 -0.334646 1.362205,
        0.606097 -0.349930 1.358180,
        0.630767 -0.364173 1.346381,
        0.651951 -0.376404 1.327611,
        0.668206 -0.385789 1.303150,
        0.678424 -0.391689 1.274664,
        0.656338 -0.378937 -0.751685,
        0.670265 -0.386978 -0.728294,
        0.678956 -0.391995 -0.701743,
        0.521774 0.301246 1.362205,
        0.579623 0.334646 1.362205,
        0.606097 0.349930 1.358180,
        0.630767 0.364173 1.346381,
        0.651951 0.376404 1.327611,
        0.668206 0.385789 1.303150,
        0.678424 0.391689 1.274664,
        0.678956 0.391995 -0.701743,
        0.670265 0.386978 -0.728294,
        0.656338 0.378937 -0.751685,
        0.643471 0.447869 -0.701743,
        0.635234 0.442136 -0.728294,
        0.622035 0.432949 -0.751685,
        0.604920 0.455451 -0.751685,
        0.595676 0.494143 -0.728294,
        0.583299 0.483876 -0.751685,
        0.545390 0.525835 -0.751685,
        0.551871 0.542628 -0.728294,
        0.540404 0.531353 -0.751685,
        0.493658 0.575043 -0.751685,
        0.504133 0.587244 -0.728294,
        0.477295 0.587931 -0.751685,
        0.452802 0.627676 -0.728294,
        0.443393 0.614634 -0.751685,
        0.402390 0.641658 -0.751685,
        0.398243 0.663633 -0.728294,
        0.389968 0.649844 -0.751685,
        0.333763 0.680423 -0.751685,
        0.340845 0.694860 -0.728294,
        0.321505 0.685806 -0.751685,
        0.281018 0.721135 -0.728294,
        0.275180 0.706151 -0.751685,
        0.219188 0.742269 -0.728294,
        0.235752 0.719628 -0.751685,
        0.214634 0.726846 -0.751685,
        0.152559 0.742360 -0.751685,
        0.155796 0.758112 -0.728294,
        0.146686 0.743311 -0.751685,
        0.091293 0.768552 -0.728294,
        0.089396 0.752583 -0.751685,
        0.026140 0.773513 -0.728294,
        0.055270 0.755182 -0.751685,
        0.025596 0.757442 -0.751685,
        -0.036898 0.756914 -0.751685,
        -0.039200 0.772961 -0.728294,
        -0.038386 0.756901 -0.751685,
        -0.102094 0.750966 -0.751685,
        -0.104261 0.766900 -0.728294,
        -0.128457 0.746241 -0.751685,
        -0.168578 0.755372 -0.728294,
        -0.165075 0.739678 -0.751685,
        -0.218259 0.725427 -0.751685,
        -0.231694 0.738461 -0.728294,
        -0.226880 0.723117 -0.751685,
        -0.287067 0.701403 -0.751685,
        -0.293158 0.716285 -0.728294,
        -0.304641 0.693328 -0.751685,
        -0.352532 0.689004 -0.728294,
        -0.345207 0.674689 -0.751685,
        -0.409394 0.656812 -0.728294,
        -0.386647 0.651228 -0.751685,
        -0.400888 0.643165 -0.751685,
        -0.453711 0.607058 -0.751685,
        -0.463338 0.619939 -0.728294,
        -0.462934 0.599537 -0.751685,
        -0.513979 0.578646 -0.728294,
        -0.503300 0.566623 -0.751685,
        -0.560957 0.533230 -0.728294,
        -0.532186 0.538697 -0.751685,
        -0.549302 0.522150 -0.751685,
        -0.591388 0.473955 -0.751685,
        -0.603936 0.484012 -0.728294,
        -0.594029 0.470359 -0.751685,
        -0.642611 0.431344 -0.728294,
        -0.629259 0.422382 -0.751685,
        -0.676705 0.375602 -0.728294,
        -0.646340 0.394455 -0.751685,
        -0.662644 0.367798 -0.751685,
        -0.689975 0.313252 -0.751685,
        -0.705976 0.317182 -0.728294,
        -0.691307 0.310592 -0.751685,
        -0.715042 0.251173 -0.751685,
        -0.730214 0.256502 -0.728294,
        -0.722410 0.226975 -0.751685,
        -0.749248 0.193994 -0.728294,
        -0.733680 0.189963 -0.751685,
        -0.744907 0.137581 -0.751685,
        -0.762941 0.130102 -0.728294,
        -0.747089 0.127399 -0.751685,
        -0.755173 0.063928 -0.751685,
        -0.771196 0.065284 -0.728294,
        -0.755927 0.046091 -0.751685,
        -0.773955 0.000000 -0.728294,
        -0.757874 0.000000 -0.751685,
        -0.771196 -0.065284 -0.728294,
        -0.755927 -0.046091 -0.751685,
        -0.755173 -0.063928 -0.751685,
        -0.747089 -0.127399 -0.751685,
        -0.762941 -0.130102 -0.728294,
        -0.744907 -0.137581 -0.751685,
        -0.749248 -0.193994 -0.728294,
        -0.733680 -0.189963 -0.751685,
        -0.730214 -0.256502 -0.728294,
        -0.722410 -0.226975 -0.751685,
        -0.715042 -0.251173 -0.751685,
        -0.691307 -0.310592 -0.751685,
        -0.705976 -0.317182 -0.728294,
        -0.689975 -0.313252 -0.751685,
        -0.676705 -0.375602 -0.728294,
        -0.662644 -0.367798 -0.751685,
        -0.646340 -0.394455 -0.751685,
        -0.642611 -0.431344 -0.728294,
        -0.629259 -0.422382 -0.751685,
        -0.594029 -0.470359 -0.751685,
        -0.603936 -0.484012 -0.728294,
        -0.591388 -0.473955 -0.751685,
        -0.549302 -0.522150 -0.751685,
        -0.560957 -0.533230 -0.728294,
        -0.532186 -0.538697 -0.751685,
        -0.513979 -0.578646 -0.728294,
        -0.503300 -0.566623 -0.751685,
        -0.462934 -0.599537 -0.751685,
        -0.463338 -0.619939 -0.728294,
        -0.453711 -0.607058 -0.751685,
        -0.400888 -0.643165 -0.751685,
        -0.409394 -0.656812 -0.728294,
        -0.386647 -0.651228 -0.751685,
        -0.352532 -0.689004 -0.728294,
        -0.345207 -0.674689 -0.751685,
        -0.293158 -0.716285 -0.728294,
        -0.304641 -0.693328 -0.751685,
        -0.287067 -0.701403 -0.751685,
        -0.226880 -0.723117 -0.751685,
        -0.231694 -0.738461 -0.728294,
        -0.218259 -0.725427 -0.751685,
        -0.168578 -0.755372 -0.728294,
        -0.165075 -0.739678 -0.751685,
        -0.104261 -0.766900 -0.728294,
        -0.128457 -0.746241 -0.751685,
        -0.102094 -0.750966 -0.751685,
        -0.038386 -0.756901 -0.751685,
        -0.039200 -0.772961 -0.728294,
        -0.036898 -0.756914 -0.751685,
        0.026140 -0.773513 -0.728294,
        0.025596 -0.757442 -0.751685,
        0.055270 -0.755182 -0.751685,
        0.091293 -0.768552 -0.728294,
        0.089396 -0.752583 -0.751685,
        0.146686 -0.743311 -0.751685,
        0.155796 -0.758112 -0.728294,
        0.152559 -0.742360 -0.751685,
        0.214634 -0.726846 -0.751685,
        0.219188 -0.742269 -0.728294,
        0.235752 -0.719628 -0.751685,
        0.281018 -0.721135 -0.728294,
        0.275180 -0.706151 -0.751685,
        0.321505 -0.685806 -0.751685,
        0.340845 -0.694860 -0.728294,
        0.333763 -0.680423 -0.751685,
        0.389968 -0.649844 -0.751685,
        0.398243 -0.663633 -0.728294,
        0.402390 -0.641658 -0.751685,
        0.452802 -0.627676 -0.728294,
        0.443393 -0.614634 -0.751685,
        0.504133 -0.587244 -0.728294,
        0.477295 -0.587931 -0.751685,
        0.493658 -0.575043 -0.751685,
        0.540404 -0.531353 -0.751685,
        0.551871 -0.542628 -0.728294,
        0.545390 -0.525835 -0.751685,
        0.595676 -0.494143 -0.728294,
        0.583299 -0.483876 -0.751685,
        0.635234 -0.442136 -0.728294,
        0.604920 -0.455451 -0.751685,
        0.622035 -0.432949 -0.751685,
        0.603399 0.500550 -0.701743,
        0.559027 0.549664 -0.701743,
        0.510670 0.594859 -0.701743,
        0.458673 0.635815 -0.701743,
        0.403407 0.672239 -0.701743,
        0.345265 0.703870 -0.701743,
        0.284662 0.730485 -0.701743,
        0.222030 0.751893 -0.701743,
        0.157816 0.767943 -0.701743,
        0.092477 0.778517 -0.701743,
        0.026479 0.783543 -0.701743,
        -0.039709 0.782984 -0.701743,
        -0.105613 0.776844 -0.701743,
        -0.170764 0.765167 -0.701743,
        -0.234698 0.748036 -0.701743,
        -0.296959 0.725573 -0.701743,
        -0.357104 0.697939 -0.701743,
        -0.414703 0.665329 -0.701743,
        -0.469346 0.627977 -0.701743,
        -0.520644 0.586150 -0.701743,
        -0.568231 0.540144 -0.701743,
        -0.611767 0.490288 -0.701743,
        -0.650943 0.436937 -0.701743,
        -0.685480 0.380472 -0.701743,
        -0.715130 0.321295 -0.701743,
        -0.739683 0.259828 -0.701743,
        -0.758963 0.196509 -0.701743,
        -0.772834 0.131789 -0.701743,
        -0.781196 0.066130 -0.701743,
        -0.783991 -0.000000 -0.701743,
        -0.781196 -0.066130 -0.701743,
        -0.772834 -0.131789 -0.701743,
        -0.758963 -0.196509 -0.701743,
        -0.739683 -0.259828 -0.701743,
        -0.715130 -0.321295 -0.701743,
        -0.685480 -0.380472 -0.701743,
        -0.650943 -0.436937 -0.701743,
        -0.611767 -0.490288 -0.701743,
        -0.568231 -0.540144 -0.701743,
        -0.520644 -0.586150 -0.701743,
        -0.469346 -0.627977 -0.701743,
        -0.414703 -0.665329 -0.701743,
        -0.357104 -0.697939 -0.701743,
        -0.296959 -0.725573 -0.701743,
        -0.234698 -0.748036 -0.701743,
        -0.170764 -0.765167 -0.701743,
        -0.105613 -0.776844 -0.701743,
        -0.039709 -0.782984 -0.701743,
        0.026479 -0.783543 -0.701743,
        0.092477 -0.778517 -0.701743,
        0.157816 -0.767943 -0.701743,
        0.222030 -0.751893 -0.701743,
        0.284662 -0.730485 -0.701743,
        0.345265 -0.703870 -0.701743,
        0.403407 -0.672239 -0.701743,
        0.458673 -0.635815 -0.701743,
        0.510670 -0.594859 -0.701743,
        0.559027 -0.549664 -0.701743,
        0.603399 -0.500550 -0.701743,
        0.643471 -0.447869 -0.701743,
        0.646270 0.449817 -0.673563,
        0.561459 0.552055 -0.673563,
        0.460669 0.638581 -0.673563,
        0.346767 0.706933 -0.673563,
        0.222996 0.755165 -0.673563,
        0.092879 0.781904 -0.673563,
        -0.039881 0.786391 -0.673563,
        -0.171507 0.768496 -0.673563,
        -0.298251 0.728730 -0.673563,
        -0.416507 0.668224 -0.673563,
        -0.522909 0.588700 -0.673563,
        -0.614429 0.492421 -0.673563,
        -0.688462 0.382128 -0.673563,
        -0.742901 0.260959 -0.673563,
        -0.776197 0.132363 -0.673563,
        -0.787402 -0.000000 -0.673563,
        -0.776197 -0.132363 -0.673563,
        -0.742901 -0.260959 -0.673563,
        -0.688462 -0.382128 -0.673563,
        -0.614429 -0.492421 -0.673563,
        -0.522909 -0.588700 -0.673563,
        -0.416507 -0.668224 -0.673563,
        -0.298251 -0.728730 -0.673563,
        -0.171507 -0.768496 -0.673563,
        -0.039881 -0.786391 -0.673563,
        0.092879 -0.781904 -0.673563,
        0.222996 -0.755165 -0.673563,
        0.346767 -0.706933 -0.673563,
        0.460669 -0.638581 -0.673563,
        0.561459 -0.552055 -0.673563,
        0.646270 -0.449817 -0.673563,
        0.560267 0.419411 1.358180,
        0.583071 0.436482 1.346381,
        0.602654 0.451141 1.327611,
        0.617680 0.462389 1.303150,
        0.627126 0.469460 1.274664,
        0.630348 0.471872 1.244094,
        0.604989 0.501852 1.244094,
        0.566957 0.540592 1.274664,
        0.569869 0.543369 1.244094,
        0.512378 0.596896 1.244094,
        0.498769 0.604078 1.274664,
        0.501331 0.607181 1.244094,
        0.425702 0.662404 1.244094,
        0.423526 0.659019 1.274664,
        0.404639 0.674233 1.244094,
        0.342292 0.704639 1.274664,
        0.344051 0.708259 1.244094,
        0.256218 0.740292 1.274664,
        0.285435 0.732538 1.244094,
        0.257534 0.744095 1.244094,
        0.167374 0.769407 1.244094,
        0.166519 0.765474 1.274664,
        0.158428 0.770802 1.244094,
        0.074465 0.779830 1.274664,
        0.074847 0.783836 1.244094,
        -0.018643 0.783155 1.274664,
        0.026544 0.785561 1.244094,
        -0.018738 0.787179 1.244094,
        -0.106044 0.779889 1.244094,
        -0.111486 0.775404 1.274664,
        -0.112059 0.779387 1.244094,
        -0.203794 0.760572 1.244094,
        -0.202753 0.756684 1.274664,
        -0.235316 0.750080 1.244094,
        -0.291152 0.727262 1.274664,
        -0.292648 0.730998 1.244094,
        -0.375433 0.687554 1.274664,
        -0.358242 0.700094 1.244094,
        -0.377361 0.691086 1.244094,
        -0.456738 0.641398 1.244094,
        -0.454403 0.638120 1.274664,
        -0.470842 0.630032 1.244094,
        -0.526947 0.579661 1.274664,
        -0.529654 0.582639 1.244094,
        -0.592037 0.513003 1.274664,
        -0.569757 0.541570 1.244094,
        -0.595078 0.515638 1.244094,
        -0.652086 0.441344 1.244094,
        -0.648753 0.439089 1.274664,
        -0.653626 0.438750 1.244094,
        -0.696293 0.358964 1.274664,
        -0.699870 0.360808 1.244094,
        -0.716979 0.322135 1.244094,
        -0.733985 0.273762 1.274664,
        -0.737756 0.275169 1.244094,
        -0.761667 0.197181 1.244094,
        -0.761295 0.184688 1.274664,
        -0.765206 0.185637 1.244094,
        -0.781833 0.093480 1.244094,
        -0.777837 0.093002 1.274664,
        -0.783449 0.066350 1.244094,
        -0.783377 -0.000000 1.274664,
        -0.787402 -0.000000 1.244094,
        -0.777837 -0.093002 1.274664,
        -0.783449 -0.066350 1.244094,
        -0.781833 -0.093480 1.244094,
        -0.765206 -0.185637 1.244094,
        -0.761295 -0.184688 1.274664,
        -0.761667 -0.197181 1.244094,
        -0.733985 -0.273762 1.274664,
        -0.737756 -0.275169 1.244094,
        -0.696293 -0.358964 1.274664,
        -0.716979 -0.322135 1.244094,
        -0.699870 -0.360808 1.244094,
        -0.653626 -0.438750 1.244094,
        -0.648753 -0.439089 1.274664,
        -0.652086 -0.441344 1.244094,
        -0.595078 -0.515638 1.244094,
        -0.592037 -0.513003 1.274664,
        -0.569757 -0.541570 1.244094,
        -0.526947 -0.579661 1.274664,
        -0.529654 -0.582639 1.244094,
        -0.454403 -0.638120 1.274664,
        -0.470842 -0.630032 1.244094,
        -0.456738 -0.641398 1.244094,
        -0.377361 -0.691086 1.244094,
        -0.375433 -0.687554 1.274664,
        -0.358242 -0.700094 1.244094,
        -0.291152 -0.727262 1.274664,
        -0.292648 -0.730998 1.244094,
        -0.202753 -0.756684 1.274664,
        -0.235316 -0.750080 1.244094,
        -0.203794 -0.760572 1.244094,
        -0.112059 -0.779387 1.244094,
        -0.111486 -0.775404 1.274664,
        -0.106044 -0.779889 1.244094,
        -0.018643 -0.783155 1.274664,
        -0.018738 -0.787179 1.244094,
        0.026544 -0.785561 1.244094,
        0.074465 -0.779830 1.274664,
        0.074847 -0.783836 1.244094,
        0.158428 -0.770802 1.244094,
        0.166519 -0.765474 1.274664,
        0.167374 -0.769407 1.244094,
        0.257534 -0.744095 1.244094,
        0.256218 -0.740292 1.274664,
        0.285435 -0.732538 1.244094,
        0.342292 -0.704639 1.274664,
        0.344051 -0.708259 1.244094,
        0.423526 -0.659019 1.274664,
        0.404639 -0.674233 1.244094,
        0.425702 -0.662404 1.244094,
        0.501331 -0.607181 1.244094,
        0.498769 -0.604078 1.274664,
        0.512378 -0.596896 1.244094,
        0.566957 -0.540592 1.274664,
        0.569869 -0.543369 1.244094,
        0.627126 -0.469460 1.274664,
        0.604989 -0.501852 1.244094,
        0.630348 -0.471872 1.244094,
        0.558417 0.532450 1.303150,
        0.491256 0.594979 1.303150,
        0.417146 0.649093 1.303150,
        0.337137 0.694025 1.303150,
        0.252358 0.729142 1.303150,
        0.164011 0.753945 1.303150,
        0.073343 0.768084 1.303150,
        -0.018362 0.771359 1.303150,
        -0.109807 0.763724 1.303150,
        -0.199699 0.745287 1.303150,
        -0.286767 0.716308 1.303150,
        -0.369778 0.677198 1.303150,
        -0.447559 0.628509 1.303150,
        -0.519010 0.570930 1.303150,
        -0.583120 0.505276 1.303150,
        -0.638981 0.432475 1.303150,
        -0.685806 0.353557 1.303150,
        -0.722930 0.269639 1.303150,
        -0.749828 0.181906 1.303150,
        -0.766121 0.091601 1.303150,
        -0.771578 -0.000000 1.303150,
        -0.766121 -0.091601 1.303150,
        -0.749828 -0.181906 1.303150,
        -0.722930 -0.269639 1.303150,
        -0.685806 -0.353557 1.303150,
        -0.638981 -0.432475 1.303150,
        -0.583120 -0.505276 1.303150,
        -0.519010 -0.570930 1.303150,
        -0.447559 -0.628509 1.303150,
        -0.369778 -0.677198 1.303150,
        -0.286767 -0.716308 1.303150,
        -0.199699 -0.745287 1.303150,
        -0.109807 -0.763724 1.303150,
        -0.018362 -0.771359 1.303150,
        0.073343 -0.768084 1.303150,
        0.164011 -0.753945 1.303150,
        0.252358 -0.729142 1.303150,
        0.337137 -0.694025 1.303150,
        0.417146 -0.649093 1.303150,
        0.491256 -0.594979 1.303150,
        0.558417 -0.532450 1.303150,
        0.617680 -0.462389 1.303150,
        0.544833 0.519497 1.327611,
        0.479306 0.580505 1.327611,
        0.406999 0.633302 1.327611,
        0.328935 0.677142 1.327611,
        0.246219 0.711404 1.327611,
        0.160021 0.735604 1.327611,
        0.071559 0.749399 1.327611,
        -0.017915 0.752594 1.327611,
        -0.107136 0.745145 1.327611,
        -0.194841 0.727157 1.327611,
        -0.279791 0.698883 1.327611,
        -0.360782 0.660724 1.327611,
        -0.436671 0.613219 1.327611,
        -0.506384 0.557041 1.327611,
        -0.568934 0.492984 1.327611,
        -0.623437 0.421954 1.327611,
        -0.669122 0.344957 1.327611,
        -0.705343 0.263080 1.327611,
        -0.731587 0.177481 1.327611,
        -0.747484 0.089373 1.327611,
        -0.752808 -0.000000 1.327611,
        -0.747484 -0.089373 1.327611,
        -0.731587 -0.177481 1.327611,
        -0.705343 -0.263080 1.327611,
        -0.669122 -0.344957 1.327611,
        -0.623437 -0.421954 1.327611,
        -0.568934 -0.492984 1.327611,
        -0.506384 -0.557041 1.327611,
        -0.436671 -0.613219 1.327611,
        -0.360782 -0.660724 1.327611,
        -0.279791 -0.698883 1.327611,
        -0.194841 -0.727157 1.327611,
        -0.107136 -0.745145 1.327611,
        -0.017915 -0.752594 1.327611,
        0.071559 -0.749399 1.327611,
        0.160021 -0.735604 1.327611,
        0.246219 -0.711404 1.327611,
        0.328935 -0.677142 1.327611,
        0.406999 -0.633302 1.327611,
        0.479306 -0.580505 1.327611,
        0.544833 -0.519497 1.327611,
        0.602654 -0.451141 1.327611,
        0.527129 0.502617 1.346381,
        0.463731 0.561642 1.346381,
        0.393774 0.612724 1.346381,
        0.318247 0.655139 1.346381,
        0.238219 0.688288 1.346381,
        0.154821 0.711702 1.346381,
        0.069234 0.725048 1.346381,
        -0.017333 0.728140 1.346381,
        -0.103654 0.720933 1.346381,
        -0.188510 0.703529 1.346381,
        -0.270699 0.676174 1.346381,
        -0.349059 0.639254 1.346381,
        -0.422482 0.593294 1.346381,
        -0.489930 0.538941 1.346381,
        -0.550448 0.476965 1.346381,
        -0.603180 0.408244 1.346381,
        -0.647380 0.333748 1.346381,
        -0.682424 0.254531 1.346381,
        -0.707815 0.171714 1.346381,
        -0.723196 0.086469 1.346381,
        -0.728346 -0.000000 1.346381,
        -0.723196 -0.086469 1.346381,
        -0.707815 -0.171714 1.346381,
        -0.682424 -0.254531 1.346381,
        -0.647380 -0.333748 1.346381,
        -0.603180 -0.408244 1.346381,
        -0.550448 -0.476965 1.346381,
        -0.489930 -0.538941 1.346381,
        -0.422482 -0.593294 1.346381,
        -0.349059 -0.639254 1.346381,
        -0.270699 -0.676174 1.346381,
        -0.188510 -0.703529 1.346381,
        -0.103654 -0.720933 1.346381,
        -0.017333 -0.728140 1.346381,
        0.069234 -0.725048 1.346381,
        0.154821 -0.711702 1.346381,
        0.238219 -0.688288 1.346381,
        0.318247 -0.655139 1.346381,
        0.393774 -0.612724 1.346381,
        0.463731 -0.561642 1.346381,
        0.527129 -0.502617 1.346381,
        0.583071 -0.436482 1.346381,
        0.506513 0.482959 1.358180,
        0.445594 0.539676 1.358180,
        0.378373 0.588760 1.358180,
        0.305800 0.629517 1.358180,
        0.228902 0.661369 1.358180,
        0.148766 0.683867 1.358180,
        0.066526 0.696691 1.358180,
        -0.016655 0.699662 1.358180,
        -0.099600 0.692737 1.358180,
        -0.181137 0.676013 1.358180,
        -0.260112 0.649728 1.358180,
        -0.335407 0.614253 1.358180,
        -0.405959 0.570089 1.358180,
        -0.470769 0.517863 1.358180,
        -0.528919 0.458311 1.358180,
        -0.579589 0.392277 1.358180,
        -0.622061 0.320694 1.358180,
        -0.655734 0.244576 1.358180,
        -0.680133 0.164998 1.358180,
        -0.694911 0.083087 1.358180,
        -0.699861 -0.000000 1.358180,
        -0.694911 -0.083087 1.358180,
        -0.680133 -0.164998 1.358180,
        -0.655734 -0.244576 1.358180,
        -0.622061 -0.320694 1.358180,
        -0.579589 -0.392277 1.358180,
        -0.528919 -0.458311 1.358180,
        -0.470769 -0.517863 1.358180,
        -0.405959 -0.570089 1.358180,
        -0.335407 -0.614253 1.358180,
        -0.260112 -0.649728 1.358180,
        -0.181137 -0.676013 1.358180,
        -0.099600 -0.692737 1.358180,
        -0.016655 -0.699662 1.358180,
        0.066526 -0.696691 1.358180,
        0.148766 -0.683867 1.358180,
        0.228902 -0.661369 1.358180,
        0.305800 -0.629517 1.358180,
        0.378373 -0.588760 1.358180,
        0.445594 -0.539676 1.358180,
        0.506513 -0.482959 1.358180,
        0.560267 -0.419411 1.358180,
        0.535795 0.401091 1.362205,
        0.484389 0.461864 1.362205,
        0.426131 0.516104 1.362205,
        0.361846 0.563044 1.362205,
        0.292443 0.602020 1.362205,
        0.218904 0.632481 1.362205,
        0.142268 0.653996 1.362205,
        0.063620 0.666261 1.362205,
        -0.015928 0.669102 1.362205,
        -0.095250 0.662479 1.362205,
        -0.173225 0.646486 1.362205,
        -0.248750 0.621348 1.362205,
        -0.320757 0.587423 1.362205,
        -0.388227 0.545189 1.362205,
        -0.450206 0.495243 1.362205,
        -0.505817 0.438293 1.362205,
        -0.554273 0.375143 1.362205,
        -0.594890 0.306687 1.362205,
        -0.627093 0.233893 1.362205,
        -0.650425 0.157791 1.362205,
        -0.664558 0.079457 1.362205,
        -0.669291 -0.000000 1.362205,
        -0.664558 -0.079457 1.362205,
        -0.650425 -0.157791 1.362205,
        -0.627093 -0.233893 1.362205,
        -0.594890 -0.306687 1.362205,
        -0.554273 -0.375143 1.362205,
        -0.505817 -0.438293 1.362205,
        -0.450206 -0.495243 1.362205,
        -0.388227 -0.545189 1.362205,
        -0.320757 -0.587423 1.362205,
        -0.248750 -0.621348 1.362205,
        -0.173225 -0.646486 1.362205,
        -0.095250 -0.662479 1.362205,
        -0.015928 -0.669102 1.362205,
        0.063620 -0.666261 1.362205,
        0.142268 -0.653996 1.362205,
        0.218904 -0.632481 1.362205,
        0.292443 -0.602020 1.362205,
        0.361846 -0.563044 1.362205,
        0.426131 -0.516104 1.362205,
        0.484389 -0.461864 1.362205,
        0.535795 -0.401091 1.362205,
        -0.387275 -0.461536 1.362205,
        -0.468959 -0.378252 1.362205,
        0.453940 -0.396152 1.362205,
        0.369087 -0.476206 1.362205,
        -0.577181 -0.172797 1.362205,
        -0.533063 -0.280788 1.362205,
        -0.069945 -0.598419 1.362205,
        0.046689 -0.600681 1.362205,
        0.161572 -0.580424 1.362205,
        -0.291072 -0.527517 1.362205,
        -0.183957 -0.573722 1.362205,
        -0.599663 -0.058328 1.362205,
        0.270398 -0.538407 1.362205,
        -0.533063 0.280788 1.362205,
        -0.468959 0.378252 1.362205,
        -0.387275 0.461536 1.362205,
        0.270398 0.538407 1.362205,
        -0.577181 0.172797 1.362205,
        -0.599663 0.058328 1.362205,
        -0.183957 0.573722 1.362205,
        -0.291072 0.527517 1.362205,
        -0.069945 0.598419 1.362205,
        0.161572 0.580424 1.362205,
        0.046689 0.600681 1.362205,
        0.369087 0.476206 1.362205,
        0.453940 0.396152 1.362205,
      ]
    }
    coordIndex [
      11, 51, 54, -1,
      51, 52, 55, -1,
      52, 53, 56, -1,
      52, 56, 55, -1,
      55, 56, 57, -1,
      55, 57, 58, -1,
      57, 59, 58, -1,
      58, 59, 60, -1,
      58, 60, 61, -1,
      60, 62, 61, -1,
      61, 62, 63, -1,
      61, 63, 64, -1,
      64, 63, 65, -1,
      64, 65, 66, -1,
      65, 67, 66, -1,
      66, 67, 68, -1,
      66, 68, 69, -1,
      68, 70, 69, -1,
      69, 70, 71, -1,
      69, 71, 72, -1,
      72, 71, 73, -1,
      72, 73, 74, -1,
      74, 73, 75, -1,
      74, 75, 76, -1,
      76, 75, 77, -1,
      77, 78, 76, -1,
      76, 78, 79, -1,
      76, 79, 80, -1,
      80, 79, 81, -1,
      80, 81, 82, -1,
      82, 81, 83, -1,
      82, 83, 84, -1,
      84, 83, 85, -1,
      85, 86, 84, -1,
      84, 86, 87, -1,
      84, 87, 88, -1,
      87, 89, 88, -1,
      88, 89, 90, -1,
      88, 90, 91, -1,
      91, 90, 92, -1,
      91, 92, 93, -1,
      92, 94, 93, -1,
      93, 94, 95, -1,
      93, 95, 96, -1,
      95, 97, 96, -1,
      96, 97, 98, -1,
      96, 98, 99, -1,
      99, 98, 100, -1,
      99, 100, 101, -1,
      101, 100, 102, -1,
      101, 102, 103, -1,
      103, 102, 104, -1,
      104, 105, 103, -1,
      103, 105, 106, -1,
      103, 106, 107, -1,
      107, 106, 108, -1,
      107, 108, 109, -1,
      109, 108, 110, -1,
      109, 110, 111, -1,
      111, 110, 112, -1,
      112, 113, 111, -1,
      111, 113, 114, -1,
      111, 114, 115, -1,
      115, 114, 116, -1,
      115, 116, 117, -1,
      117, 116, 118, -1,
      117, 118, 119, -1,
      119, 118, 120, -1,
      120, 121, 119, -1,
      119, 121, 122, -1,
      119, 122, 123, -1,
      122, 124, 123, -1,
      123, 124, 125, -1,
      123, 125, 126, -1,
      126, 125, 127, -1,
      126, 127, 128, -1,
      127, 129, 128, -1,
      128, 129, 130, -1,
      128, 130, 131, -1,
      130, 132, 131, -1,
      131, 132, 133, -1,
      131, 133, 134, -1,
      134, 133, 135, -1,
      134, 135, 136, -1,
      136, 135, 137, -1,
      136, 137, 138, -1,
      138, 137, 139, -1,
      139, 140, 138, -1,
      138, 140, 141, -1,
      138, 141, 142, -1,
      142, 141, 143, -1,
      142, 143, 144, -1,
      144, 143, 145, -1,
      144, 145, 146, -1,
      146, 145, 147, -1,
      147, 148, 146, -1,
      146, 148, 149, -1,
      146, 149, 150, -1,
      150, 149, 151, -1,
      150, 151, 152, -1,
      151, 153, 152, -1,
      152, 153, 154, -1,
      152, 154, 155, -1,
      154, 156, 155, -1,
      155, 156, 157, -1,
      155, 157, 158, -1,
      157, 159, 158, -1,
      158, 159, 160, -1,
      158, 160, 161, -1,
      161, 160, 162, -1,
      161, 162, 163, -1,
      162, 164, 163, -1,
      163, 164, 165, -1,
      163, 165, 166, -1,
      165, 167, 166, -1,
      166, 167, 168, -1,
      166, 168, 169, -1,
      169, 168, 170, -1,
      169, 170, 171, -1,
      171, 170, 172, -1,
      171, 172, 173, -1,
      173, 172, 174, -1,
      174, 175, 173, -1,
      173, 175, 176, -1,
      173, 176, 177, -1,
      177, 176, 178, -1,
      177, 178, 179, -1,
      179, 178, 180, -1,
      179, 180, 181, -1,
      181, 180, 182, -1,
      182, 183, 181, -1,
      181, 183, 184, -1,
      181, 184, 185, -1,
      185, 184, 186, -1,
      185, 186, 187, -1,
      186, 188, 187, -1,
      187, 188, 189, -1,
      187, 189, 190, -1,
      189, 191, 190, -1,
      190, 191, 192, -1,
      190, 192, 193, -1,
      192, 194, 193, -1,
      193, 194, 195, -1,
      193, 195, 196, -1,
      196, 195, 197, -1,
      196, 197, 198, -1,
      197, 199, 198, -1,
      198, 199, 200, -1,
      198, 200, 201, -1,
      200, 202, 201, -1,
      201, 202, 203, -1,
      201, 203, 204, -1,
      204, 203, 205, -1,
      204, 205, 206, -1,
      206, 205, 207, -1,
      206, 207, 208, -1,
      208, 207, 209, -1,
      209, 210, 208, -1,
      208, 210, 211, -1,
      208, 211, 212, -1,
      212, 211, 213, -1,
      212, 213, 214, -1,
      214, 213, 215, -1,
      214, 215, 216, -1,
      216, 215, 217, -1,
      217, 218, 216, -1,
      216, 218, 41, -1,
      216, 41, 42, -1,
      51, 55, 54, -1,
      54, 55, 58, -1,
      54, 58, 219, -1,
      219, 58, 61, -1,
      219, 61, 220, -1,
      220, 61, 64, -1,
      220, 64, 221, -1,
      221, 64, 66, -1,
      221, 66, 222, -1,
      222, 66, 69, -1,
      222, 69, 223, -1,
      223, 69, 72, -1,
      223, 72, 224, -1,
      224, 72, 74, -1,
      224, 74, 225, -1,
      225, 74, 76, -1,
      225, 76, 226, -1,
      226, 76, 80, -1,
      226, 80, 227, -1,
      227, 80, 82, -1,
      227, 82, 228, -1,
      228, 82, 84, -1,
      228, 84, 229, -1,
      229, 84, 88, -1,
      229, 88, 230, -1,
      230, 88, 91, -1,
      230, 91, 231, -1,
      231, 91, 93, -1,
      231, 93, 232, -1,
      232, 93, 96, -1,
      232, 96, 233, -1,
      233, 96, 99, -1,
      233, 99, 234, -1,
      234, 99, 101, -1,
      234, 101, 235, -1,
      235, 101, 103, -1,
      235, 103, 236, -1,
      236, 103, 107, -1,
      236, 107, 237, -1,
      237, 107, 109, -1,
      237, 109, 238, -1,
      238, 109, 111, -1,
      238, 111, 239, -1,
      239, 111, 115, -1,
      239, 115, 240, -1,
      240, 115, 117, -1,
      240, 117, 241, -1,
      241, 117, 119, -1,
      241, 119, 242, -1,
      242, 119, 123, -1,
      242, 123, 243, -1,
      243, 123, 126, -1,
      243, 126, 244, -1,
      244, 126, 128, -1,
      244, 128, 245, -1,
      245, 128, 131, -1,
      245, 131, 246, -1,
      246, 131, 134, -1,
      246, 134, 247, -1,
      247, 134, 136, -1,
      247, 136, 248, -1,
      248, 136, 138, -1,
      248, 138, 249, -1,
      249, 138, 142, -1,
      249, 142, 250, -1,
      250, 142, 144, -1,
      250, 144, 251, -1,
      251, 144, 146, -1,
      251, 146, 252, -1,
      252, 146, 150, -1,
      252, 150, 253, -1,
      253, 150, 152, -1,
      253, 152, 254, -1,
      254, 152, 155, -1,
      254, 155, 255, -1,
      255, 155, 158, -1,
      255, 158, 256, -1,
      256, 158, 161, -1,
      256, 161, 257, -1,
      257, 161, 163, -1,
      257, 163, 258, -1,
      258, 163, 166, -1,
      258, 166, 259, -1,
      259, 166, 169, -1,
      259, 169, 260, -1,
      260, 169, 171, -1,
      260, 171, 261, -1,
      261, 171, 173, -1,
      261, 173, 262, -1,
      262, 173, 177, -1,
      262, 177, 263, -1,
      263, 177, 179, -1,
      263, 179, 264, -1,
      264, 179, 181, -1,
      264, 181, 265, -1,
      265, 181, 185, -1,
      265, 185, 266, -1,
      266, 185, 187, -1,
      266, 187, 267, -1,
      267, 187, 190, -1,
      267, 190, 268, -1,
      268, 190, 193, -1,
      268, 193, 269, -1,
      269, 193, 196, -1,
      269, 196, 270, -1,
      270, 196, 198, -1,
      270, 198, 271, -1,
      271, 198, 201, -1,
      271, 201, 272, -1,
      272, 201, 204, -1,
      272, 204, 273, -1,
      273, 204, 206, -1,
      273, 206, 274, -1,
      274, 206, 208, -1,
      274, 208, 275, -1,
      275, 208, 212, -1,
      275, 212, 276, -1,
      276, 212, 214, -1,
      276, 214, 277, -1,
      277, 214, 216, -1,
      277, 216, 278, -1,
      278, 216, 42, -1,
      278, 42, 43, -1,
      11, 54, 279, -1,
      279, 54, 219, -1,
      279, 219, 10, -1,
      10, 219, 220, -1,
      10, 220, 280, -1,
      280, 220, 221, -1,
      280, 221, 9, -1,
      9, 221, 222, -1,
      9, 222, 281, -1,
      281, 222, 223, -1,
      281, 223, 3, -1,
      3, 223, 224, -1,
      3, 224, 282, -1,
      282, 224, 225, -1,
      282, 225, 4, -1,
      4, 225, 226, -1,
      4, 226, 283, -1,
      283, 226, 227, -1,
      283, 227, 2, -1,
      2, 227, 228, -1,
      2, 228, 284, -1,
      284, 228, 229, -1,
      284, 229, 1, -1,
      1, 229, 230, -1,
      1, 230, 285, -1,
      285, 230, 231, -1,
      285, 231, 8, -1,
      8, 231, 232, -1,
      8, 232, 286, -1,
      286, 232, 233, -1,
      286, 233, 5, -1,
      5, 233, 234, -1,
      5, 234, 287, -1,
      287, 234, 235, -1,
      287, 235, 6, -1,
      6, 235, 236, -1,
      6, 236, 288, -1,
      288, 236, 237, -1,
      288, 237, 7, -1,
      7, 237, 238, -1,
      7, 238, 289, -1,
      289, 238, 239, -1,
      289, 239, 12, -1,
      12, 239, 240, -1,
      12, 240, 290, -1,
      290, 240, 241, -1,
      290, 241, 13, -1,
      13, 241, 242, -1,
      13, 242, 291, -1,
      291, 242, 243, -1,
      291, 243, 14, -1,
      14, 243, 244, -1,
      14, 244, 292, -1,
      292, 244, 245, -1,
      292, 245, 15, -1,
      15, 245, 246, -1,
      15, 246, 293, -1,
      293, 246, 247, -1,
      293, 247, 16, -1,
      16, 247, 248, -1,
      16, 248, 294, -1,
      294, 248, 249, -1,
      294, 249, 17, -1,
      17, 249, 250, -1,
      17, 250, 295, -1,
      295, 250, 251, -1,
      295, 251, 18, -1,
      18, 251, 252, -1,
      18, 252, 296, -1,
      296, 252, 253, -1,
      296, 253, 19, -1,
      19, 253, 254, -1,
      19, 254, 297, -1,
      297, 254, 255, -1,
      297, 255, 20, -1,
      20, 255, 256, -1,
      20, 256, 298, -1,
      298, 256, 257, -1,
      298, 257, 21, -1,
      21, 257, 258, -1,
      21, 258, 299, -1,
      299, 258, 259, -1,
      299, 259, 22, -1,
      22, 259, 260, -1,
      22, 260, 300, -1,
      300, 260, 261, -1,
      300, 261, 23, -1,
      23, 261, 262, -1,
      23, 262, 301, -1,
      301, 262, 263, -1,
      301, 263, 24, -1,
      24, 263, 264, -1,
      24, 264, 302, -1,
      302, 264, 265, -1,
      302, 265, 25, -1,
      25, 265, 266, -1,
      25, 266, 303, -1,
      303, 266, 267, -1,
      303, 267, 26, -1,
      26, 267, 268, -1,
      26, 268, 304, -1,
      304, 268, 269, -1,
      304, 269, 27, -1,
      27, 269, 270, -1,
      27, 270, 305, -1,
      305, 270, 271, -1,
      305, 271, 28, -1,
      28, 271, 272, -1,
      28, 272, 306, -1,
      306, 272, 273, -1,
      306, 273, 29, -1,
      29, 273, 274, -1,
      29, 274, 307, -1,
      307, 274, 275, -1,
      307, 275, 30, -1,
      30, 275, 276, -1,
      30, 276, 308, -1,
      308, 276, 277, -1,
      308, 277, 31, -1,
      31, 277, 278, -1,
      31, 278, 309, -1,
      309, 278, 43, -1,
      309, 43, 32, -1,
      45, 46, 310, -1,
      46, 47, 311, -1,
      47, 48, 312, -1,
      48, 49, 313, -1,
      49, 50, 314, -1,
      50, 0, 315, -1,
      50, 315, 314, -1,
      314, 315, 316, -1,
      314, 316, 317, -1,
      316, 318, 317, -1,
      317, 318, 319, -1,
      317, 319, 320, -1,
      319, 321, 320, -1,
      320, 321, 322, -1,
      320, 322, 323, -1,
      323, 322, 324, -1,
      323, 324, 325, -1,
      325, 324, 326, -1,
      325, 326, 327, -1,
      327, 326, 328, -1,
      328, 329, 327, -1,
      327, 329, 330, -1,
      327, 330, 331, -1,
      331, 330, 332, -1,
      331, 332, 333, -1,
      333, 332, 334, -1,
      333, 334, 335, -1,
      335, 334, 336, -1,
      336, 337, 335, -1,
      335, 337, 338, -1,
      335, 338, 339, -1,
      338, 340, 339, -1,
      339, 340, 341, -1,
      339, 341, 342, -1,
      342, 341, 343, -1,
      342, 343, 344, -1,
      344, 343, 345, -1,
      344, 345, 346, -1,
      346, 345, 347, -1,
      347, 348, 346, -1,
      346, 348, 349, -1,
      346, 349, 350, -1,
      350, 349, 351, -1,
      350, 351, 352, -1,
      352, 351, 353, -1,
      352, 353, 354, -1,
      354, 353, 355, -1,
      355, 356, 354, -1,
      354, 356, 357, -1,
      354, 357, 358, -1,
      358, 357, 359, -1,
      358, 359, 360, -1,
      359, 361, 360, -1,
      360, 361, 362, -1,
      360, 362, 363, -1,
      362, 364, 363, -1,
      363, 364, 365, -1,
      363, 365, 366, -1,
      365, 367, 366, -1,
      366, 367, 368, -1,
      366, 368, 369, -1,
      369, 368, 370, -1,
      369, 370, 371, -1,
      371, 370, 372, -1,
      371, 372, 373, -1,
      373, 372, 374, -1,
      374, 375, 373, -1,
      373, 375, 376, -1,
      373, 376, 377, -1,
      377, 376, 378, -1,
      377, 378, 379, -1,
      379, 378, 380, -1,
      379, 380, 381, -1,
      381, 380, 382, -1,
      382, 383, 381, -1,
      381, 383, 384, -1,
      381, 384, 385, -1,
      384, 386, 385, -1,
      385, 386, 387, -1,
      385, 387, 388, -1,
      388, 387, 389, -1,
      388, 389, 390, -1,
      390, 389, 391, -1,
      390, 391, 392, -1,
      392, 391, 393, -1,
      393, 394, 392, -1,
      392, 394, 395, -1,
      392, 395, 396, -1,
      396, 395, 397, -1,
      396, 397, 398, -1,
      398, 397, 399, -1,
      398, 399, 400, -1,
      400, 399, 401, -1,
      401, 402, 400, -1,
      400, 402, 403, -1,
      400, 403, 404, -1,
      404, 403, 405, -1,
      404, 405, 406, -1,
      405, 407, 406, -1,
      406, 407, 408, -1,
      406, 408, 409, -1,
      408, 410, 409, -1,
      409, 410, 411, -1,
      409, 411, 412, -1,
      411, 413, 412, -1,
      412, 413, 414, -1,
      412, 414, 415, -1,
      415, 414, 416, -1,
      415, 416, 417, -1,
      417, 416, 418, -1,
      417, 418, 419, -1,
      419, 418, 420, -1,
      420, 421, 419, -1,
      419, 421, 422, -1,
      419, 422, 423, -1,
      423, 422, 424, -1,
      423, 424, 425, -1,
      425, 424, 426, -1,
      425, 426, 427, -1,
      427, 426, 428, -1,
      428, 429, 427, -1,
      427, 429, 33, -1,
      427, 33, 40, -1,
      49, 314, 313, -1,
      313, 314, 317, -1,
      313, 317, 430, -1,
      430, 317, 320, -1,
      430, 320, 431, -1,
      431, 320, 323, -1,
      431, 323, 432, -1,
      432, 323, 325, -1,
      432, 325, 433, -1,
      433, 325, 327, -1,
      433, 327, 434, -1,
      434, 327, 331, -1,
      434, 331, 435, -1,
      435, 331, 333, -1,
      435, 333, 436, -1,
      436, 333, 335, -1,
      436, 335, 437, -1,
      437, 335, 339, -1,
      437, 339, 438, -1,
      438, 339, 342, -1,
      438, 342, 439, -1,
      439, 342, 344, -1,
      439, 344, 440, -1,
      440, 344, 346, -1,
      440, 346, 441, -1,
      441, 346, 350, -1,
      441, 350, 442, -1,
      442, 350, 352, -1,
      442, 352, 443, -1,
      443, 352, 354, -1,
      443, 354, 444, -1,
      444, 354, 358, -1,
      444, 358, 445, -1,
      445, 358, 360, -1,
      445, 360, 446, -1,
      446, 360, 363, -1,
      446, 363, 447, -1,
      447, 363, 366, -1,
      447, 366, 448, -1,
      448, 366, 369, -1,
      448, 369, 449, -1,
      449, 369, 371, -1,
      449, 371, 450, -1,
      450, 371, 373, -1,
      450, 373, 451, -1,
      451, 373, 377, -1,
      451, 377, 452, -1,
      452, 377, 379, -1,
      452, 379, 453, -1,
      453, 379, 381, -1,
      453, 381, 454, -1,
      454, 381, 385, -1,
      454, 385, 455, -1,
      455, 385, 388, -1,
      455, 388, 456, -1,
      456, 388, 390, -1,
      456, 390, 457, -1,
      457, 390, 392, -1,
      457, 392, 458, -1,
      458, 392, 396, -1,
      458, 396, 459, -1,
      459, 396, 398, -1,
      459, 398, 460, -1,
      460, 398, 400, -1,
      460, 400, 461, -1,
      461, 400, 404, -1,
      461, 404, 462, -1,
      462, 404, 406, -1,
      462, 406, 463, -1,
      463, 406, 409, -1,
      463, 409, 464, -1,
      464, 409, 412, -1,
      464, 412, 465, -1,
      465, 412, 415, -1,
      465, 415, 466, -1,
      466, 415, 417, -1,
      466, 417, 467, -1,
      467, 417, 419, -1,
      467, 419, 468, -1,
      468, 419, 423, -1,
      468, 423, 469, -1,
      469, 423, 425, -1,
      469, 425, 470, -1,
      470, 425, 427, -1,
      470, 427, 471, -1,
      471, 427, 40, -1,
      471, 40, 39, -1,
      48, 313, 312, -1,
      312, 313, 430, -1,
      312, 430, 472, -1,
      472, 430, 431, -1,
      472, 431, 473, -1,
      473, 431, 432, -1,
      473, 432, 474, -1,
      474, 432, 433, -1,
      474, 433, 475, -1,
      475, 433, 434, -1,
      475, 434, 476, -1,
      476, 434, 435, -1,
      476, 435, 477, -1,
      477, 435, 436, -1,
      477, 436, 478, -1,
      478, 436, 437, -1,
      478, 437, 479, -1,
      479, 437, 438, -1,
      479, 438, 480, -1,
      480, 438, 439, -1,
      480, 439, 481, -1,
      481, 439, 440, -1,
      481, 440, 482, -1,
      482, 440, 441, -1,
      482, 441, 483, -1,
      483, 441, 442, -1,
      483, 442, 484, -1,
      484, 442, 443, -1,
      484, 443, 485, -1,
      485, 443, 444, -1,
      485, 444, 486, -1,
      486, 444, 445, -1,
      486, 445, 487, -1,
      487, 445, 446, -1,
      487, 446, 488, -1,
      488, 446, 447, -1,
      488, 447, 489, -1,
      489, 447, 448, -1,
      489, 448, 490, -1,
      490, 448, 449, -1,
      490, 449, 491, -1,
      491, 449, 450, -1,
      491, 450, 492, -1,
      492, 450, 451, -1,
      492, 451, 493, -1,
      493, 451, 452, -1,
      493, 452, 494, -1,
      494, 452, 453, -1,
      494, 453, 495, -1,
      495, 453, 454, -1,
      495, 454, 496, -1,
      496, 454, 455, -1,
      496, 455, 497, -1,
      497, 455, 456, -1,
      497, 456, 498, -1,
      498, 456, 457, -1,
      498, 457, 499, -1,
      499, 457, 458, -1,
      499, 458, 500, -1,
      500, 458, 459, -1,
      500, 459, 501, -1,
      501, 459, 460, -1,
      501, 460, 502, -1,
      502, 460, 461, -1,
      502, 461, 503, -1,
      503, 461, 462, -1,
      503, 462, 504, -1,
      504, 462, 463, -1,
      504, 463, 505, -1,
      505, 463, 464, -1,
      505, 464, 506, -1,
      506, 464, 465, -1,
      506, 465, 507, -1,
      507, 465, 466, -1,
      507, 466, 508, -1,
      508, 466, 467, -1,
      508, 467, 509, -1,
      509, 467, 468, -1,
      509, 468, 510, -1,
      510, 468, 469, -1,
      510, 469, 511, -1,
      511, 469, 470, -1,
      511, 470, 512, -1,
      512, 470, 471, -1,
      512, 471, 513, -1,
      513, 471, 39, -1,
      513, 39, 38, -1,
      47, 312, 311, -1,
      311, 312, 472, -1,
      311, 472, 514, -1,
      514, 472, 473, -1,
      514, 473, 515, -1,
      515, 473, 474, -1,
      515, 474, 516, -1,
      516, 474, 475, -1,
      516, 475, 517, -1,
      517, 475, 476, -1,
      517, 476, 518, -1,
      518, 476, 477, -1,
      518, 477, 519, -1,
      519, 477, 478, -1,
      519, 478, 520, -1,
      520, 478, 479, -1,
      520, 479, 521, -1,
      521, 479, 480, -1,
      521, 480, 522, -1,
      522, 480, 481, -1,
      522, 481, 523, -1,
      523, 481, 482, -1,
      523, 482, 524, -1,
      524, 482, 483, -1,
      524, 483, 525, -1,
      525, 483, 484, -1,
      525, 484, 526, -1,
      526, 484, 485, -1,
      526, 485, 527, -1,
      527, 485, 486, -1,
      527, 486, 528, -1,
      528, 486, 487, -1,
      528, 487, 529, -1,
      529, 487, 488, -1,
      529, 488, 530, -1,
      530, 488, 489, -1,
      530, 489, 531, -1,
      531, 489, 490, -1,
      531, 490, 532, -1,
      532, 490, 491, -1,
      532, 491, 533, -1,
      533, 491, 492, -1,
      533, 492, 534, -1,
      534, 492, 493, -1,
      534, 493, 535, -1,
      535, 493, 494, -1,
      535, 494, 536, -1,
      536, 494, 495, -1,
      536, 495, 537, -1,
      537, 495, 496, -1,
      537, 496, 538, -1,
      538, 496, 497, -1,
      538, 497, 539, -1,
      539, 497, 498, -1,
      539, 498, 540, -1,
      540, 498, 499, -1,
      540, 499, 541, -1,
      541, 499, 500, -1,
      541, 500, 542, -1,
      542, 500, 501, -1,
      542, 501, 543, -1,
      543, 501, 502, -1,
      543, 502, 544, -1,
      544, 502, 503, -1,
      544, 503, 545, -1,
      545, 503, 504, -1,
      545, 504, 546, -1,
      546, 504, 505, -1,
      546, 505, 547, -1,
      547, 505, 506, -1,
      547, 506, 548, -1,
      548, 506, 507, -1,
      548, 507, 549, -1,
      549, 507, 508, -1,
      549, 508, 550, -1,
      550, 508, 509, -1,
      550, 509, 551, -1,
      551, 509, 510, -1,
      551, 510, 552, -1,
      552, 510, 511, -1,
      552, 511, 553, -1,
      553, 511, 512, -1,
      553, 512, 554, -1,
      554, 512, 513, -1,
      554, 513, 555, -1,
      555, 513, 38, -1,
      555, 38, 37, -1,
      46, 311, 310, -1,
      310, 311, 514, -1,
      310, 514, 556, -1,
      556, 514, 515, -1,
      556, 515, 557, -1,
      557, 515, 516, -1,
      557, 516, 558, -1,
      558, 516, 517, -1,
      558, 517, 559, -1,
      559, 517, 518, -1,
      559, 518, 560, -1,
      560, 518, 519, -1,
      560, 519, 561, -1,
      561, 519, 520, -1,
      561, 520, 562, -1,
      562, 520, 521, -1,
      562, 521, 563, -1,
      563, 521, 522, -1,
      563, 522, 564, -1,
      564, 522, 523, -1,
      564, 523, 565, -1,
      565, 523, 524, -1,
      565, 524, 566, -1,
      566, 524, 525, -1,
      566, 525, 567, -1,
      567, 525, 526, -1,
      567, 526, 568, -1,
      568, 526, 527, -1,
      568, 527, 569, -1,
      569, 527, 528, -1,
      569, 528, 570, -1,
      570, 528, 529, -1,
      570, 529, 571, -1,
      571, 529, 530, -1,
      571, 530, 572, -1,
      572, 530, 531, -1,
      572, 531, 573, -1,
      573, 531, 532, -1,
      573, 532, 574, -1,
      574, 532, 533, -1,
      574, 533, 575, -1,
      575, 533, 534, -1,
      575, 534, 576, -1,
      576, 534, 535, -1,
      576, 535, 577, -1,
      577, 535, 536, -1,
      577, 536, 578, -1,
      578, 536, 537, -1,
      578, 537, 579, -1,
      579, 537, 538, -1,
      579, 538, 580, -1,
      580, 538, 539, -1,
      580, 539, 581, -1,
      581, 539, 540, -1,
      581, 540, 582, -1,
      582, 540, 541, -1,
      582, 541, 583, -1,
      583, 541, 542, -1,
      583, 542, 584, -1,
      584, 542, 543, -1,
      584, 543, 585, -1,
      585, 543, 544, -1,
      585, 544, 586, -1,
      586, 544, 545, -1,
      586, 545, 587, -1,
      587, 545, 546, -1,
      587, 546, 588, -1,
      588, 546, 547, -1,
      588, 547, 589, -1,
      589, 547, 548, -1,
      589, 548, 590, -1,
      590, 548, 549, -1,
      590, 549, 591, -1,
      591, 549, 550, -1,
      591, 550, 592, -1,
      592, 550, 551, -1,
      592, 551, 593, -1,
      593, 551, 552, -1,
      593, 552, 594, -1,
      594, 552, 553, -1,
      594, 553, 595, -1,
      595, 553, 554, -1,
      595, 554, 596, -1,
      596, 554, 555, -1,
      596, 555, 597, -1,
      597, 555, 37, -1,
      597, 37, 36, -1,
      45, 310, 598, -1,
      598, 310, 556, -1,
      598, 556, 599, -1,
      599, 556, 557, -1,
      599, 557, 600, -1,
      600, 557, 558, -1,
      600, 558, 601, -1,
      601, 558, 559, -1,
      601, 559, 602, -1,
      602, 559, 560, -1,
      602, 560, 603, -1,
      603, 560, 561, -1,
      603, 561, 604, -1,
      604, 561, 562, -1,
      604, 562, 605, -1,
      605, 562, 563, -1,
      605, 563, 606, -1,
      606, 563, 564, -1,
      606, 564, 607, -1,
      607, 564, 565, -1,
      607, 565, 608, -1,
      608, 565, 566, -1,
      608, 566, 609, -1,
      609, 566, 567, -1,
      609, 567, 610, -1,
      610, 567, 568, -1,
      610, 568, 611, -1,
      611, 568, 569, -1,
      611, 569, 612, -1,
      612, 569, 570, -1,
      612, 570, 613, -1,
      613, 570, 571, -1,
      613, 571, 614, -1,
      614, 571, 572, -1,
      614, 572, 615, -1,
      615, 572, 573, -1,
      615, 573, 616, -1,
      616, 573, 574, -1,
      616, 574, 617, -1,
      617, 574, 575, -1,
      617, 575, 618, -1,
      618, 575, 576, -1,
      618, 576, 619, -1,
      619, 576, 577, -1,
      619, 577, 620, -1,
      620, 577, 578, -1,
      620, 578, 621, -1,
      621, 578, 579, -1,
      621, 579, 622, -1,
      622, 579, 580, -1,
      622, 580, 623, -1,
      623, 580, 581, -1,
      623, 581, 624, -1,
      624, 581, 582, -1,
      624, 582, 625, -1,
      625, 582, 583, -1,
      625, 583, 626, -1,
      626, 583, 584, -1,
      626, 584, 627, -1,
      627, 584, 585, -1,
      627, 585, 628, -1,
      628, 585, 586, -1,
      628, 586, 629, -1,
      629, 586, 587, -1,
      629, 587, 630, -1,
      630, 587, 588, -1,
      630, 588, 631, -1,
      631, 588, 589, -1,
      631, 589, 632, -1,
      632, 589, 590, -1,
      632, 590, 633, -1,
      633, 590, 591, -1,
      633, 591, 634, -1,
      634, 591, 592, -1,
      634, 592, 635, -1,
      635, 592, 593, -1,
      635, 593, 636, -1,
      636, 593, 594, -1,
      636, 594, 637, -1,
      637, 594, 595, -1,
      637, 595, 638, -1,
      638, 595, 596, -1,
      638, 596, 639, -1,
      639, 596, 597, -1,
      639, 597, 640, -1,
      640, 597, 36, -1,
      640, 36, 35, -1,
      641, 642, 625, -1,
      643, 644, 638, -1,
      645, 622, 646, -1,
      646, 622, 623, -1,
      646, 623, 642, -1,
      642, 623, 624, -1,
      642, 624, 625, -1,
      35, 34, 640, -1,
      640, 34, 643, -1,
      640, 643, 639, -1,
      639, 643, 638, -1,
      647, 632, 648, -1,
      648, 632, 633, -1,
      648, 633, 649, -1,
      650, 629, 651, -1,
      651, 629, 630, -1,
      651, 630, 647, -1,
      647, 630, 631, -1,
      647, 631, 632, -1,
      625, 626, 641, -1,
      641, 626, 627, -1,
      641, 627, 650, -1,
      650, 627, 628, -1,
      650, 628, 629, -1,
      652, 620, 645, -1,
      645, 620, 621, -1,
      645, 621, 622, -1,
      633, 634, 649, -1,
      649, 634, 635, -1,
      649, 635, 653, -1,
      653, 635, 636, -1,
      653, 636, 644, -1,
      644, 636, 637, -1,
      644, 637, 638, -1,
      654, 655, 614, -1,
      656, 612, 655, -1,
      655, 612, 613, -1,
      655, 613, 614, -1,
      657, 602, 603, -1,
      614, 615, 654, -1,
      654, 615, 616, -1,
      654, 616, 658, -1,
      658, 616, 617, -1,
      658, 617, 659, -1,
      659, 617, 618, -1,
      659, 618, 652, -1,
      652, 618, 619, -1,
      652, 619, 620, -1,
      660, 609, 661, -1,
      661, 609, 610, -1,
      661, 610, 656, -1,
      656, 610, 611, -1,
      656, 611, 612, -1,
      662, 607, 660, -1,
      660, 607, 608, -1,
      660, 608, 609, -1,
      657, 603, 663, -1,
      663, 603, 604, -1,
      663, 604, 664, -1,
      664, 604, 605, -1,
      664, 605, 662, -1,
      662, 605, 606, -1,
      662, 606, 607, -1,
      602, 657, 601, -1,
      601, 657, 665, -1,
      601, 665, 600, -1,
      600, 665, 599, -1,
      599, 665, 666, -1,
      599, 666, 598, -1,
      598, 666, 44, -1,
      598, 44, 45, -1,
    ]
  }
}

Shape {
  appearance Appearance {
    material Material {
      diffuseColor 1.0000 1.0000 1.0000
      specularColor 0.8784 0.8784 0.8784
      ambientIntensity 0.2
      transparency 0.0000
      shininess 0.5
    }
  }
  geometry IndexedFaceSet {
    ccw TRUE
    solid FALSE
    coord DEF co Coordinate {
      point [
        0.284038 0.531338 1.354331,
        0.270398 0.538407 1.354331,
        0.161572 0.580424 1.354331,
        0.046689 0.600681 1.354331,
        -0.533063 0.280788 1.354331,
        -0.577181 0.172797 1.354331,
        -0.599663 0.058328 1.354331,
        -0.602171 0.019684 1.354331,
        -0.069945 0.598419 1.354331,
        -0.183957 0.573722 1.354331,
        -0.291072 0.527517 1.354331,
        -0.387275 0.461536 1.354331,
        -0.468959 0.378252 1.354331,
        0.318133 -0.511653 1.354331,
        0.369087 -0.476206 1.354331,
        0.453940 -0.396152 1.354331,
        0.521774 -0.301246 1.354331,
        0.521774 0.301246 1.354331,
        0.453940 0.396152 1.354331,
        0.369087 0.476206 1.354331,
        0.318132 0.511654 1.354331,
        -0.183957 -0.573722 -1.385827,
        -0.291072 -0.527517 -1.385827,
        0.369087 -0.476206 -1.385827,
        0.453940 0.396152 -1.385827,
        0.521774 0.301246 -1.385827,
        0.521774 -0.301246 -1.385827,
        0.453940 -0.396152 -1.385827,
        0.270398 -0.538407 -1.385827,
        0.161572 -0.580424 -1.385827,
        0.046689 -0.600681 -1.385827,
        -0.069945 -0.598419 -1.385827,
        0.270398 0.538407 -1.385827,
        0.369087 0.476206 -1.385827,
        -0.387275 -0.461536 -1.385827,
        -0.468959 -0.378252 -1.385827,
        -0.533063 -0.280788 -1.385827,
        -0.577181 -0.172797 -1.385827,
        -0.599663 -0.058328 -1.385827,
        -0.599663 0.058328 -1.385827,
        -0.291072 0.527517 -1.385827,
        -0.387275 0.461536 -1.385827,
        -0.468959 0.378252 -1.385827,
        -0.533063 0.280788 -1.385827,
        -0.577181 0.172797 -1.385827,
        0.161572 0.580424 -1.385827,
        0.046689 0.600681 -1.385827,
        -0.069945 0.598419 -1.385827,
        -0.183957 0.573722 -1.385827,
        0.521774 -0.301246 1.362205,
        0.521774 -0.301246 -1.393701,
        0.521774 0.301246 1.362205,
        0.521774 0.301246 -1.393701,
        -0.387275 -0.461536 1.362205,
        -0.468959 -0.378252 1.362205,
        0.453940 -0.396152 1.362205,
        0.369087 -0.476206 1.362205,
        -0.577181 -0.172797 1.362205,
        -0.533063 -0.280788 1.362205,
        -0.069945 -0.598419 1.362205,
        0.046689 -0.600681 1.362205,
        0.161572 -0.580424 1.362205,
        -0.291072 -0.527517 1.362205,
        -0.183957 -0.573722 1.362205,
        -0.599663 -0.058328 1.362205,
        0.270398 -0.538407 1.362205,
        -0.533063 0.280788 1.362205,
        -0.468959 0.378252 1.362205,
        -0.387275 0.461536 1.362205,
        0.270398 0.538407 1.362205,
        -0.577181 0.172797 1.362205,
        -0.599663 0.058328 1.362205,
        -0.183957 0.573722 1.362205,
        -0.291072 0.527517 1.362205,
        -0.069945 0.598419 1.362205,
        0.161572 0.580424 1.362205,
        0.046689 0.600681 1.362205,
        0.369087 0.476206 1.362205,
        0.453940 0.396152 1.362205,
        0.284039 -0.531337 1.354331,
        0.270398 -0.538407 1.354331,
        0.161572 -0.580424 1.354331,
        0.046689 -0.600681 1.354331,
        -0.069945 -0.598419 1.354331,
        -0.183957 -0.573722 1.354331,
        -0.291072 -0.527517 1.354331,
        -0.387275 -0.461536 1.354331,
        -0.468959 -0.378252 1.354331,
        -0.533063 -0.280788 1.354331,
        -0.577181 -0.172797 1.354331,
        -0.599663 -0.058328 1.354331,
        -0.602171 -0.019685 1.354331,
        -0.009020 -0.019685 1.354331,
        0.453940 -0.396152 -1.393701,
        0.369087 -0.476206 -1.393701,
        0.270398 -0.538407 -1.393701,
        0.161572 -0.580424 -1.393701,
        0.046689 -0.600681 -1.393701,
        -0.069945 -0.598419 -1.393701,
        -0.183957 -0.573722 -1.393701,
        -0.291072 -0.527517 -1.393701,
        -0.387275 -0.461536 -1.393701,
        -0.468959 -0.378252 -1.393701,
        -0.533063 -0.280788 -1.393701,
        -0.577181 -0.172797 -1.393701,
        -0.599663 -0.058328 -1.393701,
        -0.599663 0.058328 -1.393701,
        -0.577181 0.172797 -1.393701,
        -0.533063 0.280788 -1.393701,
        -0.468959 0.378252 -1.393701,
        -0.387275 0.461536 -1.393701,
        -0.291072 0.527517 -1.393701,
        -0.183957 0.573722 -1.393701,
        -0.069945 0.598419 -1.393701,
        0.046689 0.600681 -1.393701,
        0.161572 0.580424 -1.393701,
        0.270398 0.538407 -1.393701,
        0.369087 0.476206 -1.393701,
        0.453940 0.396152 -1.393701,
      ]
    }
    coordIndex [
      13, 65, 56, -1,
      49, 16, 55, -1,
      55, 16, 15, -1,
      55, 15, 56, -1,
      56, 15, 14, -1,
      56, 14, 13, -1,
      13, 79, 65, -1,
      65, 79, 80, -1,
      65, 80, 61, -1,
      61, 80, 81, -1,
      61, 81, 60, -1,
      60, 81, 82, -1,
      60, 82, 59, -1,
      59, 82, 83, -1,
      59, 83, 63, -1,
      63, 83, 84, -1,
      63, 84, 62, -1,
      62, 84, 85, -1,
      62, 85, 53, -1,
      53, 85, 86, -1,
      53, 86, 54, -1,
      54, 86, 87, -1,
      54, 87, 58, -1,
      58, 87, 88, -1,
      58, 88, 57, -1,
      57, 88, 89, -1,
      57, 89, 64, -1,
      64, 89, 90, -1,
      90, 91, 64, -1,
      64, 91, 7, -1,
      64, 7, 71, -1,
      71, 7, 6, -1,
      71, 6, 70, -1,
      70, 6, 5, -1,
      70, 5, 66, -1,
      66, 5, 4, -1,
      66, 4, 67, -1,
      67, 4, 12, -1,
      67, 12, 68, -1,
      68, 12, 11, -1,
      68, 11, 73, -1,
      73, 11, 10, -1,
      73, 10, 72, -1,
      72, 10, 9, -1,
      72, 9, 74, -1,
      74, 9, 8, -1,
      74, 8, 76, -1,
      76, 8, 3, -1,
      76, 3, 75, -1,
      75, 3, 2, -1,
      75, 2, 69, -1,
      69, 2, 1, -1,
      1, 0, 69, -1,
      69, 0, 20, -1,
      69, 20, 77, -1,
      77, 20, 19, -1,
      77, 19, 78, -1,
      78, 19, 18, -1,
      78, 18, 51, -1,
      51, 18, 17, -1,
      80, 79, 92, -1,
      92, 91, 90, -1,
      92, 84, 83, -1,
      90, 89, 92, -1,
      92, 89, 88, -1,
      92, 88, 87, -1,
      83, 82, 92, -1,
      92, 82, 81, -1,
      92, 81, 80, -1,
      87, 86, 92, -1,
      92, 86, 85, -1,
      92, 85, 84, -1,
      26, 50, 27, -1,
      27, 50, 93, -1,
      27, 93, 23, -1,
      23, 93, 94, -1,
      23, 94, 28, -1,
      28, 94, 95, -1,
      28, 95, 29, -1,
      29, 95, 96, -1,
      29, 96, 30, -1,
      30, 96, 97, -1,
      30, 97, 31, -1,
      31, 97, 98, -1,
      31, 98, 21, -1,
      21, 98, 99, -1,
      21, 99, 22, -1,
      22, 99, 100, -1,
      22, 100, 34, -1,
      34, 100, 101, -1,
      34, 101, 35, -1,
      35, 101, 102, -1,
      35, 102, 36, -1,
      36, 102, 103, -1,
      36, 103, 37, -1,
      37, 103, 104, -1,
      37, 104, 38, -1,
      38, 104, 105, -1,
      38, 105, 39, -1,
      39, 105, 106, -1,
      39, 106, 44, -1,
      44, 106, 107, -1,
      44, 107, 43, -1,
      43, 107, 108, -1,
      43, 108, 42, -1,
      42, 108, 109, -1,
      42, 109, 41, -1,
      41, 109, 110, -1,
      41, 110, 40, -1,
      40, 110, 111, -1,
      40, 111, 48, -1,
      48, 111, 112, -1,
      48, 112, 47, -1,
      47, 112, 113, -1,
      47, 113, 46, -1,
      46, 113, 114, -1,
      46, 114, 45, -1,
      45, 114, 115, -1,
      45, 115, 32, -1,
      32, 115, 116, -1,
      32, 116, 33, -1,
      33, 116, 117, -1,
      33, 117, 24, -1,
      24, 117, 118, -1,
      24, 118, 25, -1,
      25, 118, 52, -1,
    ]
  }
}

Shape {
  appearance Appearance {
    material Material {
      diffuseColor 0.0000 0.0000 0.0000
      specularColor 0.0000 0.0000 0.0000
      ambientIntensity 0.2
      transparency 0.0000
      shininess 0.5
    }
  }
  geometry IndexedFaceSet {
    ccw TRUE
    solid FALSE
    coord DEF co Coordinate {
      point [
        0.521774 -0.301246 -1.393701,
        0.579623 -0.334646 -1.393701,
        0.602384 -0.347787 -1.390739,
        0.624004 -0.360269 -1.382004,
        0.643398 -0.371466 -1.367933,
        0.659594 -0.380817 -1.349231,
        0.671780 -0.387852 -1.326837,
        0.679345 -0.392220 -1.301872,
        0.681910 -0.393701 -1.275591,
        0.681910 -0.393701 -1.090217,
        0.678956 -0.391995 -1.062037,
        0.670265 -0.386978 -1.035485,
        0.656338 -0.378937 -1.012094,
        0.633127 -0.365536 -0.973109,
        0.618642 -0.357173 -0.928856,
        0.613719 -0.354331 -0.881890,
        0.618642 -0.357173 -0.834924,
        0.633127 -0.365536 -0.790670,
        0.656338 -0.378937 -0.751685,
        0.656338 0.378937 -0.751685,
        0.633127 0.365536 -0.790670,
        0.618642 0.357173 -0.834924,
        0.613719 0.354331 -0.881890,
        0.618642 0.357173 -0.928856,
        0.633127 0.365536 -0.973109,
        0.656338 0.378937 -1.012094,
        0.670265 0.386978 -1.035485,
        0.678956 0.391995 -1.062037,
        0.681910 0.393701 -1.090217,
        0.681910 0.393701 -1.275591,
        0.679345 0.392220 -1.301872,
        0.671780 0.387852 -1.326837,
        0.659594 0.380817 -1.349231,
        0.643398 0.371466 -1.367933,
        0.624004 0.360269 -1.382004,
        0.602384 0.347787 -1.390739,
        0.579623 0.334646 -1.393701,
        0.521774 0.301246 -1.393701,
        0.622035 0.432949 -0.751685,
        0.604920 0.455451 -0.751685,
        0.583299 0.483876 -0.751685,
        0.545390 0.525835 -0.751685,
        0.540404 0.531353 -0.751685,
        0.493658 0.575043 -0.751685,
        0.477295 0.587931 -0.751685,
        0.443393 0.614634 -0.751685,
        0.402390 0.641658 -0.751685,
        0.389968 0.649844 -0.751685,
        0.333763 0.680423 -0.751685,
        0.321505 0.685806 -0.751685,
        0.275180 0.706151 -0.751685,
        0.235752 0.719628 -0.751685,
        0.214634 0.726846 -0.751685,
        0.152559 0.742360 -0.751685,
        0.146686 0.743311 -0.751685,
        0.089396 0.752583 -0.751685,
        0.055270 0.755182 -0.751685,
        0.025596 0.757442 -0.751685,
        -0.036898 0.756914 -0.751685,
        -0.038386 0.756901 -0.751685,
        -0.102094 0.750966 -0.751685,
        -0.128457 0.746241 -0.751685,
        -0.165075 0.739678 -0.751685,
        -0.218259 0.725427 -0.751685,
        -0.226880 0.723117 -0.751685,
        -0.287067 0.701403 -0.751685,
        -0.304641 0.693328 -0.751685,
        -0.345207 0.674689 -0.751685,
        -0.386647 0.651228 -0.751685,
        -0.400888 0.643165 -0.751685,
        -0.453711 0.607058 -0.751685,
        -0.462934 0.599537 -0.751685,
        -0.503300 0.566623 -0.751685,
        -0.532186 0.538697 -0.751685,
        -0.549302 0.522150 -0.751685,
        -0.591388 0.473955 -0.751685,
        -0.594029 0.470359 -0.751685,
        -0.629259 0.422382 -0.751685,
        -0.646340 0.394455 -0.751685,
        -0.662644 0.367798 -0.751685,
        -0.689975 0.313252 -0.751685,
        -0.691307 0.310592 -0.751685,
        -0.715042 0.251173 -0.751685,
        -0.722410 0.226975 -0.751685,
        -0.733680 0.189963 -0.751685,
        -0.744907 0.137581 -0.751685,
        -0.747089 0.127399 -0.751685,
        -0.755173 0.063928 -0.751685,
        -0.755927 0.046091 -0.751685,
        -0.757874 0.000000 -0.751685,
        -0.755927 -0.046091 -0.751685,
        -0.755173 -0.063928 -0.751685,
        -0.747089 -0.127399 -0.751685,
        -0.744907 -0.137581 -0.751685,
        -0.733680 -0.189963 -0.751685,
        -0.722410 -0.226975 -0.751685,
        -0.715042 -0.251173 -0.751685,
        -0.691307 -0.310592 -0.751685,
        -0.689975 -0.313252 -0.751685,
        -0.662644 -0.367798 -0.751685,
        -0.646340 -0.394455 -0.751685,
        -0.629259 -0.422382 -0.751685,
        -0.594029 -0.470359 -0.751685,
        -0.591388 -0.473955 -0.751685,
        -0.549302 -0.522150 -0.751685,
        -0.532186 -0.538697 -0.751685,
        -0.503300 -0.566623 -0.751685,
        -0.462934 -0.599537 -0.751685,
        -0.453711 -0.607058 -0.751685,
        -0.400888 -0.643165 -0.751685,
        -0.386647 -0.651228 -0.751685,
        -0.345207 -0.674689 -0.751685,
        -0.304641 -0.693328 -0.751685,
        -0.287067 -0.701403 -0.751685,
        -0.226880 -0.723117 -0.751685,
        -0.218259 -0.725427 -0.751685,
        -0.165075 -0.739678 -0.751685,
        -0.128457 -0.746241 -0.751685,
        -0.102094 -0.750966 -0.751685,
        -0.038386 -0.756901 -0.751685,
        -0.036898 -0.756914 -0.751685,
        0.025596 -0.757442 -0.751685,
        0.055270 -0.755182 -0.751685,
        0.089396 -0.752583 -0.751685,
        0.146686 -0.743311 -0.751685,
        0.152559 -0.742360 -0.751685,
        0.214634 -0.726846 -0.751685,
        0.235752 -0.719628 -0.751685,
        0.275180 -0.706151 -0.751685,
        0.321505 -0.685806 -0.751685,
        0.333763 -0.680423 -0.751685,
        0.389968 -0.649844 -0.751685,
        0.402390 -0.641658 -0.751685,
        0.443393 -0.614634 -0.751685,
        0.477295 -0.587931 -0.751685,
        0.493658 -0.575043 -0.751685,
        0.540404 -0.531353 -0.751685,
        0.545390 -0.525835 -0.751685,
        0.583299 -0.483876 -0.751685,
        0.604920 -0.455451 -0.751685,
        0.622035 -0.432949 -0.751685,
        0.453940 -0.396152 -1.393701,
        0.369087 -0.476206 -1.393701,
        0.270398 -0.538407 -1.393701,
        0.161572 -0.580424 -1.393701,
        0.046689 -0.600681 -1.393701,
        -0.069945 -0.598419 -1.393701,
        -0.183957 -0.573722 -1.393701,
        -0.291072 -0.527517 -1.393701,
        -0.387275 -0.461536 -1.393701,
        -0.468959 -0.378252 -1.393701,
        -0.533063 -0.280788 -1.393701,
        -0.577181 -0.172797 -1.393701,
        -0.599663 -0.058328 -1.393701,
        -0.599663 0.058328 -1.393701,
        -0.577181 0.172797 -1.393701,
        -0.533063 0.280788 -1.393701,
        -0.468959 0.378252 -1.393701,
        -0.387275 0.461536 -1.393701,
        -0.291072 0.527517 -1.393701,
        -0.183957 0.573722 -1.393701,
        -0.069945 0.598419 -1.393701,
        0.046689 0.600681 -1.393701,
        0.161572 0.580424 -1.393701,
        0.270398 0.538407 -1.393701,
        0.369087 0.476206 -1.393701,
        0.453940 0.396152 -1.393701,
        -0.505817 0.438293 -1.393701,
        0.426131 0.516104 -1.393701,
        -0.450206 -0.495243 -1.393701,
        0.484389 -0.461864 -1.393701,
        -0.627093 -0.233893 -1.393701,
        -0.650425 -0.157791 -1.393701,
        0.535795 -0.401091 -1.393701,
        0.535795 0.401091 -1.393701,
        0.484389 0.461864 -1.393701,
        -0.505817 -0.438293 -1.393701,
        -0.554273 -0.375143 -1.393701,
        -0.594890 -0.306687 -1.393701,
        -0.664558 -0.079457 -1.393701,
        -0.669291 0.000000 -1.393701,
        -0.664558 0.079457 -1.393701,
        -0.248750 -0.621348 -1.393701,
        -0.320757 -0.587423 -1.393701,
        -0.388227 -0.545189 -1.393701,
        -0.095250 -0.662479 -1.393701,
        -0.173225 -0.646486 -1.393701,
        0.426131 -0.516104 -1.393701,
        0.361846 -0.563044 -1.393701,
        0.218904 0.632481 -1.393701,
        0.292443 0.602020 -1.393701,
        0.361846 0.563044 -1.393701,
        -0.015928 0.669102 -1.393701,
        0.063620 0.666261 -1.393701,
        0.142268 0.653996 -1.393701,
        -0.248750 0.621348 -1.393701,
        -0.173225 0.646486 -1.393701,
        -0.095250 0.662479 -1.393701,
        -0.450206 0.495243 -1.393701,
        -0.388227 0.545189 -1.393701,
        -0.320757 0.587423 -1.393701,
        -0.650425 0.157791 -1.393701,
        -0.627093 0.233893 -1.393701,
        -0.594890 0.306687 -1.393701,
        -0.554273 0.375143 -1.393701,
        0.292443 -0.602020 -1.393701,
        0.218904 -0.632481 -1.393701,
        0.142268 -0.653996 -1.393701,
        0.063620 -0.666261 -1.393701,
        -0.015928 -0.669102 -1.393701,
        0.604989 -0.501852 -1.275591,
        0.569869 -0.543369 -1.275591,
        0.567726 -0.541326 -1.301872,
        0.512378 -0.596896 -1.275591,
        0.501331 -0.607181 -1.275591,
        0.499445 -0.604897 -1.301872,
        0.404639 -0.674233 -1.275591,
        0.344051 -0.708259 -1.275591,
        0.342757 -0.705595 -1.301872,
        0.158428 -0.770802 -1.275591,
        0.074847 -0.783836 -1.275591,
        0.074566 -0.780888 -1.301872,
        -0.106044 -0.779889 -1.275591,
        -0.112059 -0.779387 -1.275591,
        -0.111637 -0.776456 -1.301872,
        -0.235316 -0.750080 -1.275591,
        -0.292648 -0.730998 -1.275591,
        -0.291547 -0.728249 -1.301872,
        -0.470842 -0.630032 -1.275591,
        -0.529654 -0.582639 -1.275591,
        -0.527662 -0.580448 -1.301872,
        -0.653626 -0.438750 -1.275591,
        -0.699870 -0.360808 -1.275591,
        -0.697238 -0.359451 -1.301872,
        -0.716979 -0.322135 -1.275591,
        -0.737756 -0.275169 -1.275591,
        -0.734981 -0.274134 -1.301872,
        -0.761667 -0.197181 -1.275591,
        -0.765206 -0.185637 -1.275591,
        -0.762328 -0.184939 -1.301872,
        -0.783449 -0.066350 -1.275591,
        -0.787402 0.000000 -1.275591,
        -0.784440 0.000000 -1.301872,
        -0.761667 0.197181 -1.275591,
        -0.737756 0.275169 -1.275591,
        -0.734981 0.274134 -1.301872,
        -0.653626 0.438750 -1.275591,
        -0.652086 0.441344 -1.275591,
        -0.649633 0.439685 -1.301872,
        -0.569757 0.541570 -1.275591,
        -0.529654 0.582639 -1.275591,
        -0.527662 0.580448 -1.301872,
        -0.358242 0.700094 -1.275591,
        -0.292648 0.730998 -1.275591,
        -0.291547 0.728249 -1.301872,
        -0.106044 0.779889 -1.275591,
        -0.018738 0.787179 -1.275591,
        -0.018668 0.784218 -1.301872,
        0.026544 0.785561 -1.275591,
        0.074847 0.783836 -1.275591,
        0.074566 0.780888 -1.301872,
        0.158428 0.770802 -1.275591,
        0.167374 0.769407 -1.275591,
        0.166745 0.766513 -1.301872,
        0.285435 0.732538 -1.275591,
        0.344051 0.708259 -1.275591,
        0.342757 0.705595 -1.301872,
        0.512378 0.596896 -1.275591,
        0.569869 0.543369 -1.275591,
        0.567726 0.541326 -1.301872,
        0.556835 0.416842 -1.390739,
        0.503410 0.480000 -1.390739,
        0.576820 0.431802 -1.382004,
        0.521478 0.497228 -1.382004,
        0.594748 0.445222 -1.367933,
        0.537685 0.512682 -1.367933,
        0.609719 0.456430 -1.349231,
        0.551220 0.525587 -1.349231,
        0.620984 0.464863 -1.326837,
        0.561404 0.535298 -1.326837,
        0.627977 0.470098 -1.301872,
        0.376056 0.585154 -1.390739,
        0.303927 0.625660 -1.390739,
        0.389552 0.606155 -1.382004,
        0.314835 0.648115 -1.382004,
        0.401659 0.624994 -1.367933,
        0.324620 0.668259 -1.367933,
        0.411770 0.640727 -1.349231,
        0.332792 0.685081 -1.349231,
        0.419378 0.652565 -1.326837,
        0.338940 0.697738 -1.326837,
        0.424100 0.659913 -1.301872,
        -0.180028 0.671872 -1.390739,
        -0.258519 0.645748 -1.390739,
        -0.186489 0.695986 -1.382004,
        -0.267797 0.668924 -1.382004,
        -0.192285 0.717617 -1.367933,
        -0.276120 0.689714 -1.367933,
        -0.197125 0.735681 -1.349231,
        -0.283070 0.707076 -1.349231,
        -0.200767 0.749274 -1.326837,
        -0.288300 0.720140 -1.326837,
        -0.203028 0.757711 -1.301872,
        -0.403472 0.566597 -1.390739,
        -0.467885 0.514691 -1.390739,
        -0.417953 0.586932 -1.382004,
        -0.484677 0.533163 -1.382004,
        -0.430943 0.605174 -1.367933,
        -0.499741 0.549733 -1.367933,
        -0.441791 0.620408 -1.349231,
        -0.512321 0.563572 -1.349231,
        -0.449953 0.631870 -1.326837,
        -0.521786 0.573984 -1.326837,
        -0.455020 0.638986 -1.301872,
        -0.618250 0.318730 -1.390739,
        -0.651717 0.243078 -1.390739,
        -0.640439 0.330169 -1.382004,
        -0.675107 0.251802 -1.382004,
        -0.660344 0.340431 -1.367933,
        -0.696090 0.259628 -1.367933,
        -0.676967 0.349001 -1.349231,
        -0.713613 0.266164 -1.349231,
        -0.689474 0.355448 -1.326837,
        -0.726796 0.271081 -1.326837,
        -0.697238 0.359451 -1.301872,
        -0.690654 0.082578 -1.390739,
        -0.695573 0.000000 -1.390739,
        -0.715442 0.085541 -1.382004,
        -0.720537 0.000000 -1.382004,
        -0.737678 0.088200 -1.367933,
        -0.742932 0.000000 -1.367933,
        -0.756247 0.090420 -1.349231,
        -0.761633 0.000000 -1.349231,
        -0.770219 0.092091 -1.326837,
        -0.775705 0.000000 -1.326837,
        -0.778893 0.093128 -1.301872,
        -0.525679 -0.455504 -1.390739,
        -0.467885 -0.514691 -1.390739,
        -0.544546 -0.471852 -1.382004,
        -0.484677 -0.533163 -1.382004,
        -0.561470 -0.486517 -1.367933,
        -0.499741 -0.549733 -1.367933,
        -0.575604 -0.498764 -1.349231,
        -0.512321 -0.563572 -1.349231,
        -0.586239 -0.507979 -1.326837,
        -0.521786 -0.573984 -1.326837,
        -0.592841 -0.513699 -1.301872,
        -0.333353 -0.610490 -1.390739,
        -0.258519 -0.645748 -1.390739,
        -0.345317 -0.632400 -1.382004,
        -0.267797 -0.668924 -1.382004,
        -0.356049 -0.652056 -1.367933,
        -0.276120 -0.689714 -1.367933,
        -0.365012 -0.668470 -1.349231,
        -0.283070 -0.707076 -1.349231,
        -0.371756 -0.680820 -1.326837,
        -0.288300 -0.720140 -1.326837,
        -0.375942 -0.688487 -1.301872,
        -0.016553 -0.695376 -1.390739,
        0.066119 -0.692424 -1.390739,
        -0.017147 -0.720333 -1.382004,
        0.068491 -0.717275 -1.382004,
        -0.017680 -0.742722 -1.367933,
        0.070620 -0.739568 -1.367933,
        -0.018125 -0.761418 -1.349231,
        0.072398 -0.758185 -1.349231,
        -0.018460 -0.775485 -1.326837,
        0.073735 -0.772193 -1.326837,
        -0.018668 -0.784218 -1.301872,
        0.227500 -0.657317 -1.390739,
        0.303927 -0.625660 -1.390739,
        0.235665 -0.680909 -1.382004,
        0.314835 -0.648115 -1.382004,
        0.242989 -0.702071 -1.367933,
        0.324620 -0.668259 -1.367933,
        0.249106 -0.719744 -1.349231,
        0.332792 -0.685081 -1.349231,
        0.253708 -0.733042 -1.326837,
        0.338940 -0.697738 -1.326837,
        0.256565 -0.741297 -1.301872,
        0.630348 0.471872 -1.275591,
        0.604989 0.501852 -1.275591,
        0.501331 0.607181 -1.275591,
        0.499445 0.604897 -1.301872,
        0.493884 0.598161 -1.326837,
        0.484925 0.587311 -1.349231,
        0.473017 0.572889 -1.367933,
        0.458759 0.555620 -1.382004,
        0.442865 0.536370 -1.390739,
        0.425702 0.662404 -1.275591,
        0.404639 0.674233 -1.275591,
        0.257534 0.744095 -1.275591,
        0.256565 0.741297 -1.301872,
        0.253708 0.733042 -1.326837,
        0.249106 0.719744 -1.349231,
        0.242989 0.702071 -1.367933,
        0.235665 0.680909 -1.382004,
        0.227500 0.657317 -1.390739,
        0.147855 0.679677 -1.390739,
        0.153161 0.704071 -1.382004,
        0.157922 0.725954 -1.367933,
        0.161897 0.744228 -1.349231,
        0.164888 0.757978 -1.326837,
        0.073735 0.772193 -1.326837,
        0.072398 0.758185 -1.349231,
        0.070620 0.739568 -1.367933,
        0.068491 0.717275 -1.382004,
        0.066119 0.692424 -1.390739,
        -0.018460 0.775485 -1.326837,
        -0.018125 0.761418 -1.349231,
        -0.017680 0.742722 -1.367933,
        -0.017147 0.720333 -1.382004,
        -0.016553 0.695376 -1.390739,
        -0.112059 0.779387 -1.275591,
        -0.111637 0.776456 -1.301872,
        -0.110394 0.767809 -1.326837,
        -0.108392 0.753881 -1.349231,
        -0.105730 0.735370 -1.367933,
        -0.102543 0.713204 -1.382004,
        -0.098991 0.688493 -1.390739,
        -0.203794 0.760572 -1.275591,
        -0.235316 0.750080 -1.275591,
        -0.377361 0.691086 -1.275591,
        -0.375942 0.688487 -1.301872,
        -0.371756 0.680820 -1.326837,
        -0.365012 0.668470 -1.349231,
        -0.356049 0.652056 -1.367933,
        -0.345317 0.632400 -1.382004,
        -0.333353 0.610490 -1.390739,
        -0.456738 0.641398 -1.275591,
        -0.470842 0.630032 -1.275591,
        -0.595078 0.515638 -1.275591,
        -0.592841 0.513699 -1.301872,
        -0.586239 0.507979 -1.326837,
        -0.575604 0.498764 -1.349231,
        -0.561470 0.486517 -1.367933,
        -0.544546 0.471852 -1.382004,
        -0.525679 0.455504 -1.390739,
        -0.576039 0.389874 -1.390739,
        -0.596713 0.403867 -1.382004,
        -0.615259 0.416419 -1.367933,
        -0.630746 0.426902 -1.349231,
        -0.642400 0.434789 -1.326837,
        -0.699870 0.360808 -1.275591,
        -0.716979 0.322135 -1.275591,
        -0.765206 0.185637 -1.275591,
        -0.762328 0.184939 -1.301872,
        -0.753839 0.182880 -1.326837,
        -0.740165 0.179562 -1.349231,
        -0.721990 0.175153 -1.367933,
        -0.700227 0.169873 -1.382004,
        -0.675966 0.163988 -1.390739,
        -0.781833 0.093480 -1.275591,
        -0.783449 0.066350 -1.275591,
        -0.781833 -0.093480 -1.275591,
        -0.778893 -0.093128 -1.301872,
        -0.770219 -0.092091 -1.326837,
        -0.756247 -0.090420 -1.349231,
        -0.737678 -0.088200 -1.367933,
        -0.715442 -0.085541 -1.382004,
        -0.690654 -0.082578 -1.390739,
        -0.675966 -0.163988 -1.390739,
        -0.700227 -0.169873 -1.382004,
        -0.721990 -0.175153 -1.367933,
        -0.740165 -0.179562 -1.349231,
        -0.753839 -0.182880 -1.326837,
        -0.726796 -0.271081 -1.326837,
        -0.713613 -0.266164 -1.349231,
        -0.696090 -0.259628 -1.367933,
        -0.675107 -0.251802 -1.382004,
        -0.651717 -0.243078 -1.390739,
        -0.689474 -0.355448 -1.326837,
        -0.676967 -0.349001 -1.349231,
        -0.660344 -0.340431 -1.367933,
        -0.640439 -0.330169 -1.382004,
        -0.618250 -0.318730 -1.390739,
        -0.652086 -0.441344 -1.275591,
        -0.649633 -0.439685 -1.301872,
        -0.642400 -0.434789 -1.326837,
        -0.630746 -0.426902 -1.349231,
        -0.615259 -0.416419 -1.367933,
        -0.596713 -0.403867 -1.382004,
        -0.576039 -0.389874 -1.390739,
        -0.595078 -0.515638 -1.275591,
        -0.569757 -0.541570 -1.275591,
        -0.456738 -0.641398 -1.275591,
        -0.455020 -0.638986 -1.301872,
        -0.449953 -0.631870 -1.326837,
        -0.441791 -0.620408 -1.349231,
        -0.430943 -0.605174 -1.367933,
        -0.417953 -0.586932 -1.382004,
        -0.403472 -0.566597 -1.390739,
        -0.377361 -0.691086 -1.275591,
        -0.358242 -0.700094 -1.275591,
        -0.203794 -0.760572 -1.275591,
        -0.203028 -0.757711 -1.301872,
        -0.200767 -0.749274 -1.326837,
        -0.197125 -0.735681 -1.349231,
        -0.192285 -0.717617 -1.367933,
        -0.186489 -0.695986 -1.382004,
        -0.180028 -0.671872 -1.390739,
        -0.098991 -0.688493 -1.390739,
        -0.102543 -0.713204 -1.382004,
        -0.105730 -0.735370 -1.367933,
        -0.108392 -0.753881 -1.349231,
        -0.110394 -0.767809 -1.326837,
        -0.018738 -0.787179 -1.275591,
        0.026544 -0.785561 -1.275591,
        0.167374 -0.769407 -1.275591,
        0.166745 -0.766513 -1.301872,
        0.164888 -0.757978 -1.326837,
        0.161897 -0.744228 -1.349231,
        0.157922 -0.725954 -1.367933,
        0.153161 -0.704071 -1.382004,
        0.147855 -0.679677 -1.390739,
        0.257534 -0.744095 -1.275591,
        0.285435 -0.732538 -1.275591,
        0.425702 -0.662404 -1.275591,
        0.424100 -0.659913 -1.301872,
        0.419378 -0.652565 -1.326837,
        0.411770 -0.640727 -1.349231,
        0.401659 -0.624994 -1.367933,
        0.389552 -0.606155 -1.382004,
        0.376056 -0.585154 -1.390739,
        0.442865 -0.536370 -1.390739,
        0.458759 -0.555620 -1.382004,
        0.473017 -0.572889 -1.367933,
        0.484925 -0.587311 -1.349231,
        0.493884 -0.598161 -1.326837,
        0.561404 -0.535298 -1.326837,
        0.551220 -0.525587 -1.349231,
        0.537685 -0.512682 -1.367933,
        0.521478 -0.497228 -1.382004,
        0.503410 -0.480000 -1.390739,
        0.630348 -0.471872 -1.275591,
        0.627977 -0.470098 -1.301872,
        0.620984 -0.464863 -1.326837,
        0.609719 -0.456430 -1.349231,
        0.594748 -0.445222 -1.367933,
        0.576820 -0.431802 -1.382004,
        0.556835 -0.416842 -1.390739,
        0.646270 0.449817 -1.090217,
        0.606024 0.502728 -1.090217,
        0.561459 0.552055 -1.090217,
        0.512892 0.597447 -1.090217,
        0.460669 0.638581 -1.090217,
        0.405162 0.675163 -1.090217,
        0.346767 0.706933 -1.090217,
        0.285901 0.733663 -1.090217,
        0.222996 0.755165 -1.090217,
        0.158503 0.771283 -1.090217,
        0.092879 0.781904 -1.090217,
        0.026594 0.786952 -1.090217,
        -0.039881 0.786391 -1.090217,
        -0.106072 0.780224 -1.090217,
        -0.171507 0.768496 -1.090217,
        -0.235719 0.751291 -1.090217,
        -0.298251 0.728730 -1.090217,
        -0.358657 0.700975 -1.090217,
        -0.416507 0.668224 -1.090217,
        -0.471388 0.630709 -1.090217,
        -0.522909 0.588700 -1.090217,
        -0.570703 0.542494 -1.090217,
        -0.614429 0.492421 -1.090217,
        -0.653776 0.438838 -1.090217,
        -0.688462 0.382128 -1.090217,
        -0.718241 0.322693 -1.090217,
        -0.742901 0.260959 -1.090217,
        -0.762265 0.197364 -1.090217,
        -0.776197 0.132363 -1.090217,
        -0.784595 0.066418 -1.090217,
        -0.787402 0.000000 -1.090217,
        -0.784595 -0.066418 -1.090217,
        -0.776197 -0.132363 -1.090217,
        -0.762265 -0.197364 -1.090217,
        -0.742901 -0.260959 -1.090217,
        -0.718241 -0.322693 -1.090217,
        -0.688462 -0.382128 -1.090217,
        -0.653776 -0.438838 -1.090217,
        -0.614429 -0.492421 -1.090217,
        -0.570703 -0.542494 -1.090217,
        -0.522909 -0.588700 -1.090217,
        -0.471388 -0.630709 -1.090217,
        -0.416507 -0.668224 -1.090217,
        -0.358657 -0.700975 -1.090217,
        -0.298251 -0.728730 -1.090217,
        -0.235719 -0.751291 -1.090217,
        -0.171507 -0.768496 -1.090217,
        -0.106072 -0.780224 -1.090217,
        -0.039881 -0.786391 -1.090217,
        0.026594 -0.786952 -1.090217,
        0.092879 -0.781904 -1.090217,
        0.158503 -0.771283 -1.090217,
        0.222996 -0.755165 -1.090217,
        0.285901 -0.733663 -1.090217,
        0.346767 -0.706933 -1.090217,
        0.405162 -0.675163 -1.090217,
        0.646270 -0.449817 -1.090217,
        0.606024 -0.502728 -1.090217,
        0.561459 -0.552055 -1.090217,
        0.512892 -0.597447 -1.090217,
        0.460669 -0.638581 -1.090217,
        0.643471 0.447869 -1.062037,
        0.605450 0.455854 -1.012094,
        0.621040 0.432291 -1.012094,
        0.635234 0.442136 -1.035485,
        0.582285 0.483011 -1.012094,
        0.595676 0.494143 -1.035485,
        0.545596 0.526021 -1.012094,
        0.551871 0.542628 -1.035485,
        0.540123 0.531046 -1.012094,
        0.504133 0.587244 -1.035485,
        0.492994 0.574320 -1.012094,
        0.321685 0.686216 -1.012094,
        0.333430 0.679811 -1.012094,
        0.340845 0.694860 -1.035485,
        0.389604 0.649178 -1.012094,
        0.398243 0.663633 -1.035485,
        0.402655 0.642061 -1.012094,
        0.452802 0.627676 -1.035485,
        0.442580 0.613497 -1.012094,
        0.477663 0.588398 -1.012094,
        0.274667 0.704858 -1.012094,
        0.281018 0.721135 -1.035485,
        0.235951 0.720209 -1.012094,
        0.219188 0.742269 -1.035485,
        0.214374 0.725850 -1.012094,
        0.155796 0.758112 -1.035485,
        0.152473 0.742032 -1.012094,
        0.026140 0.773513 -1.035485,
        0.055321 0.755852 -1.012094,
        0.091293 0.768552 -1.035485,
        0.089221 0.751284 -1.012094,
        0.146722 0.743536 -1.012094,
        -0.128573 0.746888 -1.012094,
        -0.101968 0.749816 -1.012094,
        -0.104261 0.766900 -1.035485,
        -0.038376 0.756813 -1.012094,
        -0.039200 0.772961 -1.035485,
        -0.036899 0.756975 -1.012094,
        0.025581 0.756214 -1.012094,
        -0.164765 0.738362 -1.012094,
        -0.168578 0.755372 -1.035485,
        -0.218343 0.725741 -1.012094,
        -0.231694 0.738461 -1.035485,
        -0.226710 0.722657 -1.012094,
        -0.293158 0.716285 -1.035485,
        -0.286745 0.700530 -1.012094,
        -0.463193 0.599855 -1.012094,
        -0.453356 0.606536 -1.012094,
        -0.463338 0.619939 -1.035485,
        -0.400428 0.642487 -1.012094,
        -0.409394 0.656812 -1.035485,
        -0.386901 0.651676 -1.012094,
        -0.352532 0.689004 -1.035485,
        -0.344566 0.673441 -1.012094,
        -0.304879 0.693846 -1.012094,
        -0.502391 0.565584 -1.012094,
        -0.513979 0.578646 -1.035485,
        -0.532625 0.539151 -1.012094,
        -0.560957 0.533230 -1.035485,
        -0.548501 0.521433 -1.012094,
        -0.603936 0.484012 -1.035485,
        -0.591195 0.473783 -1.012094,
        -0.676705 0.375602 -1.035485,
        -0.646916 0.394807 -1.012094,
        -0.642611 0.431344 -1.035485,
        -0.628204 0.421646 -1.012094,
        -0.594170 0.470463 -1.012094,
        -0.723028 0.227163 -1.012094,
        -0.713998 0.250774 -1.012094,
        -0.730214 0.256502 -1.035485,
        -0.691143 0.310530 -1.012094,
        -0.705976 0.317182 -1.035485,
        -0.690082 0.313305 -1.012094,
        -0.661533 0.367209 -1.012094,
        -0.732353 0.189633 -1.012094,
        -0.749248 0.193994 -1.035485,
        -0.745267 0.137658 -1.012094,
        -0.762941 0.130102 -1.035485,
        -0.746531 0.127331 -1.012094,
        -0.771196 0.065284 -1.035485,
        -0.754303 0.063821 -1.012094,
        -0.745267 -0.137658 -1.012094,
        -0.746531 -0.127331 -1.012094,
        -0.762941 -0.130102 -1.035485,
        -0.754303 -0.063821 -1.012094,
        -0.771196 -0.065284 -1.035485,
        -0.756470 -0.046113 -1.012094,
        -0.773955 0.000000 -1.035485,
        -0.756470 0.000000 -1.012094,
        -0.756470 0.046113 -1.012094,
        -0.732353 -0.189633 -1.012094,
        -0.749248 -0.193994 -1.035485,
        -0.723028 -0.227163 -1.012094,
        -0.730214 -0.256502 -1.035485,
        -0.713998 -0.250774 -1.012094,
        -0.705976 -0.317182 -1.035485,
        -0.691143 -0.310530 -1.012094,
        -0.676705 -0.375602 -1.035485,
        -0.661533 -0.367209 -1.012094,
        -0.690082 -0.313305 -1.012094,
        -0.532625 -0.539151 -1.012094,
        -0.548501 -0.521433 -1.012094,
        -0.560957 -0.533230 -1.035485,
        -0.591195 -0.473783 -1.012094,
        -0.603936 -0.484012 -1.035485,
        -0.594170 -0.470463 -1.012094,
        -0.642611 -0.431344 -1.035485,
        -0.628204 -0.421646 -1.012094,
        -0.646916 -0.394807 -1.012094,
        -0.502391 -0.565584 -1.012094,
        -0.513979 -0.578646 -1.035485,
        -0.463193 -0.599855 -1.012094,
        -0.463338 -0.619939 -1.035485,
        -0.453356 -0.606536 -1.012094,
        -0.409394 -0.656812 -1.035485,
        -0.400428 -0.642487 -1.012094,
        -0.218343 -0.725741 -1.012094,
        -0.226710 -0.722657 -1.012094,
        -0.231694 -0.738461 -1.035485,
        -0.286745 -0.700530 -1.012094,
        -0.293158 -0.716285 -1.035485,
        -0.304879 -0.693846 -1.012094,
        -0.352532 -0.689004 -1.035485,
        -0.344566 -0.673441 -1.012094,
        -0.386901 -0.651676 -1.012094,
        -0.164765 -0.738362 -1.012094,
        -0.168578 -0.755372 -1.035485,
        -0.128573 -0.746888 -1.012094,
        -0.104261 -0.766900 -1.035485,
        -0.101968 -0.749816 -1.012094,
        -0.039200 -0.772961 -1.035485,
        -0.038376 -0.756813 -1.012094,
        0.026140 -0.773513 -1.035485,
        0.025581 -0.756214 -1.012094,
        -0.036899 -0.756975 -1.012094,
        0.235951 -0.720209 -1.012094,
        0.214374 -0.725850 -1.012094,
        0.219188 -0.742269 -1.035485,
        0.152473 -0.742032 -1.012094,
        0.155796 -0.758112 -1.035485,
        0.146722 -0.743536 -1.012094,
        0.091293 -0.768552 -1.035485,
        0.089221 -0.751284 -1.012094,
        0.055321 -0.755852 -1.012094,
        0.274667 -0.704858 -1.012094,
        0.281018 -0.721135 -1.035485,
        0.321685 -0.686216 -1.012094,
        0.340845 -0.694860 -1.035485,
        0.333430 -0.679811 -1.012094,
        0.398243 -0.663633 -1.035485,
        0.389604 -0.649178 -1.012094,
        0.545596 -0.526021 -1.012094,
        0.540123 -0.531046 -1.012094,
        0.551871 -0.542628 -1.035485,
        0.492994 -0.574320 -1.012094,
        0.504133 -0.587244 -1.035485,
        0.477663 -0.588398 -1.012094,
        0.452802 -0.627676 -1.035485,
        0.442580 -0.613497 -1.012094,
        0.402655 -0.642061 -1.012094,
        0.603399 0.500550 -1.062037,
        0.559027 0.549664 -1.062037,
        0.510670 0.594859 -1.062037,
        0.458673 0.635815 -1.062037,
        0.403407 0.672239 -1.062037,
        0.345265 0.703870 -1.062037,
        0.284662 0.730485 -1.062037,
        0.222030 0.751893 -1.062037,
        0.157816 0.767943 -1.062037,
        0.092477 0.778517 -1.062037,
        0.026479 0.783543 -1.062037,
        -0.039709 0.782984 -1.062037,
        -0.105613 0.776844 -1.062037,
        -0.170764 0.765167 -1.062037,
        -0.234698 0.748036 -1.062037,
        -0.296959 0.725573 -1.062037,
        -0.357104 0.697939 -1.062037,
        -0.414703 0.665329 -1.062037,
        -0.469346 0.627977 -1.062037,
        -0.520644 0.586150 -1.062037,
        -0.568231 0.540144 -1.062037,
        -0.611767 0.490288 -1.062037,
        -0.650943 0.436937 -1.062037,
        -0.685480 0.380472 -1.062037,
        -0.715130 0.321295 -1.062037,
        -0.739683 0.259828 -1.062037,
        -0.758963 0.196509 -1.062037,
        -0.772834 0.131789 -1.062037,
        -0.781196 0.066130 -1.062037,
        -0.783991 0.000000 -1.062037,
        -0.781196 -0.066130 -1.062037,
        -0.772834 -0.131789 -1.062037,
        -0.758963 -0.196509 -1.062037,
        -0.739683 -0.259828 -1.062037,
        -0.715130 -0.321295 -1.062037,
        -0.685480 -0.380472 -1.062037,
        -0.650943 -0.436937 -1.062037,
        -0.611767 -0.490288 -1.062037,
        -0.568231 -0.540144 -1.062037,
        -0.520644 -0.586150 -1.062037,
        -0.469346 -0.627977 -1.062037,
        -0.414703 -0.665329 -1.062037,
        -0.357104 -0.697939 -1.062037,
        -0.296959 -0.725573 -1.062037,
        -0.234698 -0.748036 -1.062037,
        -0.170764 -0.765167 -1.062037,
        -0.105613 -0.776844 -1.062037,
        -0.039709 -0.782984 -1.062037,
        0.026479 -0.783543 -1.062037,
        0.092477 -0.778517 -1.062037,
        0.157816 -0.767943 -1.062037,
        0.222030 -0.751893 -1.062037,
        0.284662 -0.730485 -1.062037,
        0.345265 -0.703870 -1.062037,
        0.403407 -0.672239 -1.062037,
        0.458673 -0.635815 -1.062037,
        0.510670 -0.594859 -1.062037,
        0.559027 -0.549664 -1.062037,
        0.603399 -0.500550 -1.062037,
        0.643471 -0.447869 -1.062037,
        0.595676 -0.494143 -1.035485,
        0.635234 -0.442136 -1.035485,
        0.582285 -0.483011 -1.012094,
        0.605450 -0.455854 -1.012094,
        0.621040 -0.432291 -1.012094,
        0.584039 -0.439733 -0.790670,
        0.526302 -0.507419 -0.790670,
        0.310309 -0.661948 -0.790670,
        0.141533 -0.717241 -0.790670,
        -0.035594 -0.730206 -0.790670,
        -0.210621 -0.700076 -0.790670,
        -0.446812 -0.578641 -0.790670,
        -0.573158 -0.453825 -0.790670,
        -0.665678 -0.302226 -0.790670,
        -0.718911 -0.132790 -0.790670,
        -0.718911 0.132790 -0.790670,
        -0.665678 0.302226 -0.790670,
        -0.573158 0.453825 -0.790670,
        -0.446812 0.578641 -0.790670,
        -0.210621 0.700076 -0.790670,
        -0.035594 0.730206 -0.790670,
        0.053365 0.729122 -0.790670,
        0.141533 0.717241 -0.790670,
        0.310309 0.661948 -0.790670,
        0.526302 0.507419 -0.790670,
        0.388415 -0.619355 -0.973109,
        0.460770 -0.567589 -0.973109,
        0.450228 -0.554604 -0.928856,
        0.310309 -0.661948 -0.973109,
        0.227606 -0.694739 -0.973109,
        0.141533 -0.717241 -0.973109,
        0.053365 -0.729122 -0.973109,
        -0.446812 -0.578641 -0.973109,
        -0.513789 -0.520084 -0.973109,
        -0.573158 -0.453825 -0.973109,
        -0.624039 -0.380845 -0.973109,
        -0.697459 0.219130 -0.973109,
        -0.665678 0.302226 -0.973109,
        -0.624039 0.380845 -0.973109,
        -0.294098 0.669308 -0.973109,
        -0.124026 0.720475 -0.973109,
        -0.035594 0.730206 -0.973109,
        0.053365 0.729122 -0.973109,
        0.460770 0.567589 -0.973109,
        0.526302 0.507419 -0.973109,
        0.584039 0.439733 -0.973109,
        0.388415 0.619355 -0.973109,
        0.227606 0.694739 -0.973109,
        -0.210621 0.700076 -0.973109,
        -0.373219 0.628630 -0.973109,
        -0.513789 0.520084 -0.973109,
        -0.718911 0.132790 -0.973109,
        -0.729718 -0.044483 -0.973109,
        -0.697459 -0.219130 -0.973109,
        -0.373219 -0.628630 -0.973109,
        -0.294098 -0.669308 -0.973109,
        -0.124026 -0.720475 -0.973109,
        0.584039 -0.439733 -0.973109,
        0.510168 -0.491864 -0.881890,
        0.514260 -0.495809 -0.928856,
        0.526302 -0.507419 -0.973109,
        0.570677 -0.429673 -0.834924,
        0.566135 -0.426253 -0.881890,
        0.570677 -0.429673 -0.928856,
        0.584039 0.439733 -0.790670,
        0.570677 0.429673 -0.834924,
        0.388415 0.619355 -0.790670,
        0.460770 0.567589 -0.790670,
        0.450228 0.554604 -0.834924,
        0.514260 0.495809 -0.834924,
        0.510168 0.491864 -0.881890,
        0.566135 0.426253 -0.881890,
        0.570677 0.429673 -0.928856,
        0.141533 0.717241 -0.973109,
        0.138296 0.700831 -0.928856,
        0.052144 0.712441 -0.928856,
        0.051729 0.706771 -0.881890,
        -0.034503 0.707821 -0.881890,
        -0.034780 0.713499 -0.834924,
        -0.121189 0.703991 -0.834924,
        -0.124026 0.720475 -0.790670,
        -0.034780 0.713499 -0.928856,
        -0.121189 0.703991 -0.928856,
        -0.120224 0.698389 -0.881890,
        -0.204165 0.678615 -0.881890,
        -0.205802 0.684058 -0.834924,
        -0.287369 0.653995 -0.834924,
        -0.294098 0.669308 -0.790670,
        -0.373219 0.628630 -0.790670,
        -0.446812 0.578641 -0.973109,
        -0.436590 0.565403 -0.928856,
        -0.502034 0.508185 -0.928856,
        -0.498039 0.504141 -0.881890,
        -0.555588 0.439913 -0.881890,
        -0.560044 0.443442 -0.834924,
        -0.609761 0.372132 -0.834924,
        -0.624039 0.380845 -0.790670,
        -0.573158 0.453825 -0.973109,
        -0.560044 0.443442 -0.928856,
        -0.609761 0.372132 -0.928856,
        -0.604909 0.369170 -0.881890,
        -0.645271 0.292961 -0.881890,
        -0.650448 0.295311 -0.834924,
        -0.681502 0.214117 -0.834924,
        -0.697459 0.219130 -0.790670,
        -0.650448 0.295311 -0.928856,
        -0.681502 0.214117 -0.928856,
        -0.676078 0.212413 -0.881890,
        -0.696873 0.128719 -0.881890,
        -0.702464 0.129752 -0.834924,
        -0.713023 0.043465 -0.834924,
        -0.729718 0.044483 -0.790670,
        -0.729718 -0.044483 -0.790670,
        -0.718911 -0.132790 -0.973109,
        -0.702464 -0.129752 -0.928856,
        -0.681502 -0.214117 -0.928856,
        -0.676078 -0.212413 -0.881890,
        -0.645271 -0.292961 -0.881890,
        -0.650448 -0.295311 -0.834924,
        -0.609761 -0.372132 -0.834924,
        -0.624039 -0.380845 -0.790670,
        -0.665678 -0.302226 -0.973109,
        -0.650448 -0.295311 -0.928856,
        -0.609761 -0.372132 -0.928856,
        -0.604909 -0.369170 -0.881890,
        -0.555588 -0.439913 -0.881890,
        -0.560044 -0.443442 -0.834924,
        -0.502034 -0.508185 -0.834924,
        -0.513789 -0.520084 -0.790670,
        -0.210621 -0.700076 -0.973109,
        -0.205802 -0.684058 -0.928856,
        -0.121189 -0.703991 -0.928856,
        -0.120224 -0.698389 -0.881890,
        -0.034503 -0.707821 -0.881890,
        -0.034780 -0.713499 -0.834924,
        0.052144 -0.712441 -0.834924,
        0.053365 -0.729122 -0.790670,
        -0.035594 -0.730206 -0.973109,
        -0.034780 -0.713499 -0.928856,
        0.052144 -0.712441 -0.928856,
        0.051729 -0.706771 -0.881890,
        0.137195 -0.695254 -0.881890,
        0.138296 -0.700831 -0.834924,
        0.222399 -0.678844 -0.834924,
        0.227606 -0.694739 -0.790670,
        0.379529 0.605185 -0.834924,
        0.446645 0.550190 -0.881890,
        0.514260 0.495809 -0.928856,
        0.450228 0.554604 -0.928856,
        0.376509 0.600369 -0.881890,
        0.303209 0.646804 -0.834924,
        0.227606 0.694739 -0.790670,
        0.222399 0.678844 -0.834924,
        0.300796 0.641656 -0.881890,
        0.379529 0.605185 -0.928856,
        0.138296 0.700831 -0.834924,
        0.220629 0.673442 -0.881890,
        0.303209 0.646804 -0.928856,
        0.052144 0.712441 -0.834924,
        0.137195 0.695254 -0.881890,
        0.222399 0.678844 -0.928856,
        0.310309 0.661948 -0.973109,
        -0.364680 0.614247 -0.834924,
        -0.285082 0.648791 -0.881890,
        -0.205802 0.684058 -0.928856,
        -0.287369 0.653995 -0.928856,
        -0.361777 0.609359 -0.881890,
        -0.436590 0.565403 -0.834924,
        -0.513789 0.520084 -0.790670,
        -0.502034 0.508185 -0.834924,
        -0.433115 0.560903 -0.881890,
        -0.364680 0.614247 -0.928856,
        -0.713023 -0.043465 -0.834924,
        -0.707348 0.043119 -0.881890,
        -0.702464 0.129752 -0.928856,
        -0.713023 0.043465 -0.928856,
        -0.707348 -0.043119 -0.881890,
        -0.702464 -0.129752 -0.834924,
        -0.697459 -0.219130 -0.790670,
        -0.681502 -0.214117 -0.834924,
        -0.696873 -0.128719 -0.881890,
        -0.713023 -0.043465 -0.928856,
        -0.729718 0.044483 -0.973109,
        -0.373219 -0.628630 -0.790670,
        -0.436590 -0.565403 -0.834924,
        -0.498039 -0.504141 -0.881890,
        -0.560044 -0.443442 -0.928856,
        -0.502034 -0.508185 -0.928856,
        -0.433115 -0.560903 -0.881890,
        -0.364680 -0.614247 -0.834924,
        -0.294098 -0.669308 -0.790670,
        -0.287369 -0.653995 -0.834924,
        -0.361777 -0.609359 -0.881890,
        -0.436590 -0.565403 -0.928856,
        -0.364680 -0.614247 -0.928856,
        -0.285082 -0.648791 -0.881890,
        -0.205802 -0.684058 -0.834924,
        -0.124026 -0.720475 -0.790670,
        -0.121189 -0.703991 -0.834924,
        -0.204165 -0.678615 -0.881890,
        -0.287369 -0.653995 -0.928856,
        0.388415 -0.619355 -0.790670,
        0.303209 -0.646804 -0.834924,
        0.220629 -0.673442 -0.881890,
        0.138296 -0.700831 -0.928856,
        0.222399 -0.678844 -0.928856,
        0.300796 -0.641656 -0.881890,
        0.379529 -0.605185 -0.834924,
        0.460770 -0.567589 -0.790670,
        0.450228 -0.554604 -0.834924,
        0.376509 -0.600369 -0.881890,
        0.303209 -0.646804 -0.928856,
        0.514260 -0.495809 -0.834924,
        0.446645 -0.550190 -0.881890,
        0.379529 -0.605185 -0.928856,
      ]
    }
    coordIndex [
      158, 157, 167, -1,
      166, 165, 168, -1,
      150, 149, 169, -1,
      142, 141, 170, -1,
      151, 171, 152, -1,
      152, 171, 172, -1,
      152, 172, 153, -1,
      170, 141, 173, -1,
      173, 141, 0, -1,
      173, 0, 1, -1,
      36, 37, 174, -1,
      174, 37, 166, -1,
      174, 166, 175, -1,
      175, 166, 168, -1,
      169, 176, 150, -1,
      150, 176, 177, -1,
      150, 177, 151, -1,
      151, 177, 178, -1,
      151, 178, 171, -1,
      172, 179, 153, -1,
      153, 179, 180, -1,
      153, 180, 154, -1,
      154, 180, 181, -1,
      154, 181, 155, -1,
      147, 182, 148, -1,
      148, 182, 183, -1,
      148, 183, 149, -1,
      149, 183, 184, -1,
      149, 184, 169, -1,
      146, 185, 147, -1,
      147, 185, 186, -1,
      147, 186, 182, -1,
      170, 187, 142, -1,
      142, 187, 188, -1,
      142, 188, 143, -1,
      163, 189, 164, -1,
      164, 189, 190, -1,
      164, 190, 165, -1,
      165, 190, 191, -1,
      165, 191, 168, -1,
      161, 192, 162, -1,
      162, 192, 193, -1,
      162, 193, 163, -1,
      163, 193, 194, -1,
      163, 194, 189, -1,
      159, 195, 160, -1,
      160, 195, 196, -1,
      160, 196, 161, -1,
      161, 196, 197, -1,
      161, 197, 192, -1,
      167, 198, 158, -1,
      158, 198, 199, -1,
      158, 199, 159, -1,
      159, 199, 200, -1,
      159, 200, 195, -1,
      181, 201, 155, -1,
      155, 201, 202, -1,
      155, 202, 156, -1,
      156, 202, 203, -1,
      156, 203, 157, -1,
      157, 203, 204, -1,
      157, 204, 167, -1,
      188, 205, 143, -1,
      143, 205, 206, -1,
      143, 206, 144, -1,
      144, 206, 207, -1,
      144, 207, 145, -1,
      145, 207, 208, -1,
      145, 208, 146, -1,
      146, 208, 209, -1,
      146, 209, 185, -1,
      210, 211, 212, -1,
      213, 214, 215, -1,
      216, 217, 218, -1,
      219, 220, 221, -1,
      222, 223, 224, -1,
      225, 226, 227, -1,
      228, 229, 230, -1,
      231, 232, 233, -1,
      234, 235, 236, -1,
      237, 238, 239, -1,
      240, 241, 242, -1,
      243, 244, 245, -1,
      246, 247, 248, -1,
      249, 250, 251, -1,
      252, 253, 254, -1,
      255, 256, 257, -1,
      258, 259, 260, -1,
      261, 262, 263, -1,
      264, 265, 266, -1,
      267, 268, 269, -1,
      174, 175, 270, -1,
      270, 175, 271, -1,
      270, 271, 272, -1,
      272, 271, 273, -1,
      272, 273, 274, -1,
      274, 273, 275, -1,
      274, 275, 276, -1,
      276, 275, 277, -1,
      276, 277, 278, -1,
      278, 277, 279, -1,
      278, 279, 280, -1,
      280, 279, 269, -1,
      191, 190, 281, -1,
      281, 190, 282, -1,
      281, 282, 283, -1,
      283, 282, 284, -1,
      283, 284, 285, -1,
      285, 284, 286, -1,
      285, 286, 287, -1,
      287, 286, 288, -1,
      287, 288, 289, -1,
      289, 288, 290, -1,
      289, 290, 291, -1,
      291, 290, 266, -1,
      196, 195, 292, -1,
      292, 195, 293, -1,
      292, 293, 294, -1,
      294, 293, 295, -1,
      294, 295, 296, -1,
      296, 295, 297, -1,
      296, 297, 298, -1,
      298, 297, 299, -1,
      298, 299, 300, -1,
      300, 299, 301, -1,
      300, 301, 302, -1,
      302, 301, 254, -1,
      199, 198, 303, -1,
      303, 198, 304, -1,
      303, 304, 305, -1,
      305, 304, 306, -1,
      305, 306, 307, -1,
      307, 306, 308, -1,
      307, 308, 309, -1,
      309, 308, 310, -1,
      309, 310, 311, -1,
      311, 310, 312, -1,
      311, 312, 313, -1,
      313, 312, 251, -1,
      203, 202, 314, -1,
      314, 202, 315, -1,
      314, 315, 316, -1,
      316, 315, 317, -1,
      316, 317, 318, -1,
      318, 317, 319, -1,
      318, 319, 320, -1,
      320, 319, 321, -1,
      320, 321, 322, -1,
      322, 321, 323, -1,
      322, 323, 324, -1,
      324, 323, 245, -1,
      181, 180, 325, -1,
      325, 180, 326, -1,
      325, 326, 327, -1,
      327, 326, 328, -1,
      327, 328, 329, -1,
      329, 328, 330, -1,
      329, 330, 331, -1,
      331, 330, 332, -1,
      331, 332, 333, -1,
      333, 332, 334, -1,
      333, 334, 335, -1,
      335, 334, 242, -1,
      176, 169, 336, -1,
      336, 169, 337, -1,
      336, 337, 338, -1,
      338, 337, 339, -1,
      338, 339, 340, -1,
      340, 339, 341, -1,
      340, 341, 342, -1,
      342, 341, 343, -1,
      342, 343, 344, -1,
      344, 343, 345, -1,
      344, 345, 346, -1,
      346, 345, 230, -1,
      183, 182, 347, -1,
      347, 182, 348, -1,
      347, 348, 349, -1,
      349, 348, 350, -1,
      349, 350, 351, -1,
      351, 350, 352, -1,
      351, 352, 353, -1,
      353, 352, 354, -1,
      353, 354, 355, -1,
      355, 354, 356, -1,
      355, 356, 357, -1,
      357, 356, 227, -1,
      209, 208, 358, -1,
      358, 208, 359, -1,
      358, 359, 360, -1,
      360, 359, 361, -1,
      360, 361, 362, -1,
      362, 361, 363, -1,
      362, 363, 364, -1,
      364, 363, 365, -1,
      364, 365, 366, -1,
      366, 365, 367, -1,
      366, 367, 368, -1,
      368, 367, 221, -1,
      206, 205, 369, -1,
      369, 205, 370, -1,
      369, 370, 371, -1,
      371, 370, 372, -1,
      371, 372, 373, -1,
      373, 372, 374, -1,
      373, 374, 375, -1,
      375, 374, 376, -1,
      375, 376, 377, -1,
      377, 376, 378, -1,
      377, 378, 379, -1,
      379, 378, 218, -1,
      36, 174, 35, -1,
      35, 174, 270, -1,
      35, 270, 34, -1,
      34, 270, 272, -1,
      34, 272, 33, -1,
      33, 272, 274, -1,
      33, 274, 32, -1,
      32, 274, 276, -1,
      32, 276, 31, -1,
      31, 276, 278, -1,
      31, 278, 30, -1,
      30, 278, 280, -1,
      30, 280, 29, -1,
      29, 280, 380, -1,
      269, 268, 280, -1,
      280, 268, 381, -1,
      280, 381, 380, -1,
      382, 267, 383, -1,
      383, 267, 269, -1,
      383, 269, 384, -1,
      384, 269, 279, -1,
      384, 279, 385, -1,
      385, 279, 277, -1,
      385, 277, 386, -1,
      386, 277, 275, -1,
      386, 275, 387, -1,
      387, 275, 273, -1,
      387, 273, 388, -1,
      388, 273, 271, -1,
      388, 271, 168, -1,
      168, 271, 175, -1,
      168, 191, 388, -1,
      388, 191, 281, -1,
      388, 281, 387, -1,
      387, 281, 283, -1,
      387, 283, 386, -1,
      386, 283, 285, -1,
      386, 285, 385, -1,
      385, 285, 287, -1,
      385, 287, 384, -1,
      384, 287, 289, -1,
      384, 289, 383, -1,
      383, 289, 291, -1,
      383, 291, 382, -1,
      382, 291, 389, -1,
      266, 265, 291, -1,
      291, 265, 390, -1,
      291, 390, 389, -1,
      391, 264, 392, -1,
      392, 264, 266, -1,
      392, 266, 393, -1,
      393, 266, 290, -1,
      393, 290, 394, -1,
      394, 290, 288, -1,
      394, 288, 395, -1,
      395, 288, 286, -1,
      395, 286, 396, -1,
      396, 286, 284, -1,
      396, 284, 397, -1,
      397, 284, 282, -1,
      397, 282, 189, -1,
      189, 282, 190, -1,
      189, 194, 397, -1,
      397, 194, 398, -1,
      397, 398, 396, -1,
      396, 398, 399, -1,
      396, 399, 395, -1,
      395, 399, 400, -1,
      395, 400, 394, -1,
      394, 400, 401, -1,
      394, 401, 393, -1,
      393, 401, 402, -1,
      393, 402, 392, -1,
      392, 402, 263, -1,
      392, 263, 391, -1,
      391, 263, 262, -1,
      259, 261, 260, -1,
      260, 261, 263, -1,
      260, 263, 403, -1,
      403, 263, 402, -1,
      403, 402, 404, -1,
      404, 402, 401, -1,
      404, 401, 405, -1,
      405, 401, 400, -1,
      405, 400, 406, -1,
      406, 400, 399, -1,
      406, 399, 407, -1,
      407, 399, 398, -1,
      407, 398, 193, -1,
      193, 398, 194, -1,
      256, 258, 257, -1,
      257, 258, 260, -1,
      257, 260, 408, -1,
      408, 260, 403, -1,
      408, 403, 409, -1,
      409, 403, 404, -1,
      409, 404, 410, -1,
      410, 404, 405, -1,
      410, 405, 411, -1,
      411, 405, 406, -1,
      411, 406, 412, -1,
      412, 406, 407, -1,
      412, 407, 192, -1,
      192, 407, 193, -1,
      413, 255, 414, -1,
      414, 255, 257, -1,
      414, 257, 415, -1,
      415, 257, 408, -1,
      415, 408, 416, -1,
      416, 408, 409, -1,
      416, 409, 417, -1,
      417, 409, 410, -1,
      417, 410, 418, -1,
      418, 410, 411, -1,
      418, 411, 419, -1,
      419, 411, 412, -1,
      419, 412, 197, -1,
      197, 412, 192, -1,
      197, 196, 419, -1,
      419, 196, 292, -1,
      419, 292, 418, -1,
      418, 292, 294, -1,
      418, 294, 417, -1,
      417, 294, 296, -1,
      417, 296, 416, -1,
      416, 296, 298, -1,
      416, 298, 415, -1,
      415, 298, 300, -1,
      415, 300, 414, -1,
      414, 300, 302, -1,
      414, 302, 413, -1,
      413, 302, 420, -1,
      254, 253, 302, -1,
      302, 253, 421, -1,
      302, 421, 420, -1,
      422, 252, 423, -1,
      423, 252, 254, -1,
      423, 254, 424, -1,
      424, 254, 301, -1,
      424, 301, 425, -1,
      425, 301, 299, -1,
      425, 299, 426, -1,
      426, 299, 297, -1,
      426, 297, 427, -1,
      427, 297, 295, -1,
      427, 295, 428, -1,
      428, 295, 293, -1,
      428, 293, 200, -1,
      200, 293, 195, -1,
      200, 199, 428, -1,
      428, 199, 303, -1,
      428, 303, 427, -1,
      427, 303, 305, -1,
      427, 305, 426, -1,
      426, 305, 307, -1,
      426, 307, 425, -1,
      425, 307, 309, -1,
      425, 309, 424, -1,
      424, 309, 311, -1,
      424, 311, 423, -1,
      423, 311, 313, -1,
      423, 313, 422, -1,
      422, 313, 429, -1,
      251, 250, 313, -1,
      313, 250, 430, -1,
      313, 430, 429, -1,
      431, 249, 432, -1,
      432, 249, 251, -1,
      432, 251, 433, -1,
      433, 251, 312, -1,
      433, 312, 434, -1,
      434, 312, 310, -1,
      434, 310, 435, -1,
      435, 310, 308, -1,
      435, 308, 436, -1,
      436, 308, 306, -1,
      436, 306, 437, -1,
      437, 306, 304, -1,
      437, 304, 167, -1,
      167, 304, 198, -1,
      167, 204, 437, -1,
      437, 204, 438, -1,
      437, 438, 436, -1,
      436, 438, 439, -1,
      436, 439, 435, -1,
      435, 439, 440, -1,
      435, 440, 434, -1,
      434, 440, 441, -1,
      434, 441, 433, -1,
      433, 441, 442, -1,
      433, 442, 432, -1,
      432, 442, 248, -1,
      432, 248, 431, -1,
      431, 248, 247, -1,
      443, 246, 324, -1,
      324, 246, 248, -1,
      324, 248, 322, -1,
      322, 248, 442, -1,
      322, 442, 320, -1,
      320, 442, 441, -1,
      320, 441, 318, -1,
      318, 441, 440, -1,
      318, 440, 316, -1,
      316, 440, 439, -1,
      316, 439, 314, -1,
      314, 439, 438, -1,
      314, 438, 203, -1,
      203, 438, 204, -1,
      245, 244, 324, -1,
      324, 244, 444, -1,
      324, 444, 443, -1,
      445, 243, 446, -1,
      446, 243, 245, -1,
      446, 245, 447, -1,
      447, 245, 323, -1,
      447, 323, 448, -1,
      448, 323, 321, -1,
      448, 321, 449, -1,
      449, 321, 319, -1,
      449, 319, 450, -1,
      450, 319, 317, -1,
      450, 317, 451, -1,
      451, 317, 315, -1,
      451, 315, 201, -1,
      201, 315, 202, -1,
      201, 181, 451, -1,
      451, 181, 325, -1,
      451, 325, 450, -1,
      450, 325, 327, -1,
      450, 327, 449, -1,
      449, 327, 329, -1,
      449, 329, 448, -1,
      448, 329, 331, -1,
      448, 331, 447, -1,
      447, 331, 333, -1,
      447, 333, 446, -1,
      446, 333, 335, -1,
      446, 335, 445, -1,
      445, 335, 452, -1,
      242, 241, 335, -1,
      335, 241, 453, -1,
      335, 453, 452, -1,
      454, 240, 455, -1,
      455, 240, 242, -1,
      455, 242, 456, -1,
      456, 242, 334, -1,
      456, 334, 457, -1,
      457, 334, 332, -1,
      457, 332, 458, -1,
      458, 332, 330, -1,
      458, 330, 459, -1,
      459, 330, 328, -1,
      459, 328, 460, -1,
      460, 328, 326, -1,
      460, 326, 179, -1,
      179, 326, 180, -1,
      179, 172, 460, -1,
      460, 172, 461, -1,
      460, 461, 459, -1,
      459, 461, 462, -1,
      459, 462, 458, -1,
      458, 462, 463, -1,
      458, 463, 457, -1,
      457, 463, 464, -1,
      457, 464, 456, -1,
      456, 464, 465, -1,
      456, 465, 455, -1,
      455, 465, 239, -1,
      455, 239, 454, -1,
      454, 239, 238, -1,
      235, 237, 236, -1,
      236, 237, 239, -1,
      236, 239, 466, -1,
      466, 239, 465, -1,
      466, 465, 467, -1,
      467, 465, 464, -1,
      467, 464, 468, -1,
      468, 464, 463, -1,
      468, 463, 469, -1,
      469, 463, 462, -1,
      469, 462, 470, -1,
      470, 462, 461, -1,
      470, 461, 171, -1,
      171, 461, 172, -1,
      232, 234, 233, -1,
      233, 234, 236, -1,
      233, 236, 471, -1,
      471, 236, 466, -1,
      471, 466, 472, -1,
      472, 466, 467, -1,
      472, 467, 473, -1,
      473, 467, 468, -1,
      473, 468, 474, -1,
      474, 468, 469, -1,
      474, 469, 475, -1,
      475, 469, 470, -1,
      475, 470, 178, -1,
      178, 470, 171, -1,
      476, 231, 477, -1,
      477, 231, 233, -1,
      477, 233, 478, -1,
      478, 233, 471, -1,
      478, 471, 479, -1,
      479, 471, 472, -1,
      479, 472, 480, -1,
      480, 472, 473, -1,
      480, 473, 481, -1,
      481, 473, 474, -1,
      481, 474, 482, -1,
      482, 474, 475, -1,
      482, 475, 177, -1,
      177, 475, 178, -1,
      177, 176, 482, -1,
      482, 176, 336, -1,
      482, 336, 481, -1,
      481, 336, 338, -1,
      481, 338, 480, -1,
      480, 338, 340, -1,
      480, 340, 479, -1,
      479, 340, 342, -1,
      479, 342, 478, -1,
      478, 342, 344, -1,
      478, 344, 477, -1,
      477, 344, 346, -1,
      477, 346, 476, -1,
      476, 346, 483, -1,
      230, 229, 346, -1,
      346, 229, 484, -1,
      346, 484, 483, -1,
      485, 228, 486, -1,
      486, 228, 230, -1,
      486, 230, 487, -1,
      487, 230, 345, -1,
      487, 345, 488, -1,
      488, 345, 343, -1,
      488, 343, 489, -1,
      489, 343, 341, -1,
      489, 341, 490, -1,
      490, 341, 339, -1,
      490, 339, 491, -1,
      491, 339, 337, -1,
      491, 337, 184, -1,
      184, 337, 169, -1,
      184, 183, 491, -1,
      491, 183, 347, -1,
      491, 347, 490, -1,
      490, 347, 349, -1,
      490, 349, 489, -1,
      489, 349, 351, -1,
      489, 351, 488, -1,
      488, 351, 353, -1,
      488, 353, 487, -1,
      487, 353, 355, -1,
      487, 355, 486, -1,
      486, 355, 357, -1,
      486, 357, 485, -1,
      485, 357, 492, -1,
      227, 226, 357, -1,
      357, 226, 493, -1,
      357, 493, 492, -1,
      494, 225, 495, -1,
      495, 225, 227, -1,
      495, 227, 496, -1,
      496, 227, 356, -1,
      496, 356, 497, -1,
      497, 356, 354, -1,
      497, 354, 498, -1,
      498, 354, 352, -1,
      498, 352, 499, -1,
      499, 352, 350, -1,
      499, 350, 500, -1,
      500, 350, 348, -1,
      500, 348, 186, -1,
      186, 348, 182, -1,
      186, 185, 500, -1,
      500, 185, 501, -1,
      500, 501, 499, -1,
      499, 501, 502, -1,
      499, 502, 498, -1,
      498, 502, 503, -1,
      498, 503, 497, -1,
      497, 503, 504, -1,
      497, 504, 496, -1,
      496, 504, 505, -1,
      496, 505, 495, -1,
      495, 505, 224, -1,
      495, 224, 494, -1,
      494, 224, 223, -1,
      506, 222, 368, -1,
      368, 222, 224, -1,
      368, 224, 366, -1,
      366, 224, 505, -1,
      366, 505, 364, -1,
      364, 505, 504, -1,
      364, 504, 362, -1,
      362, 504, 503, -1,
      362, 503, 360, -1,
      360, 503, 502, -1,
      360, 502, 358, -1,
      358, 502, 501, -1,
      358, 501, 209, -1,
      209, 501, 185, -1,
      221, 220, 368, -1,
      368, 220, 507, -1,
      368, 507, 506, -1,
      508, 219, 509, -1,
      509, 219, 221, -1,
      509, 221, 510, -1,
      510, 221, 367, -1,
      510, 367, 511, -1,
      511, 367, 365, -1,
      511, 365, 512, -1,
      512, 365, 363, -1,
      512, 363, 513, -1,
      513, 363, 361, -1,
      513, 361, 514, -1,
      514, 361, 359, -1,
      514, 359, 207, -1,
      207, 359, 208, -1,
      207, 206, 514, -1,
      514, 206, 369, -1,
      514, 369, 513, -1,
      513, 369, 371, -1,
      513, 371, 512, -1,
      512, 371, 373, -1,
      512, 373, 511, -1,
      511, 373, 375, -1,
      511, 375, 510, -1,
      510, 375, 377, -1,
      510, 377, 509, -1,
      509, 377, 379, -1,
      509, 379, 508, -1,
      508, 379, 515, -1,
      218, 217, 379, -1,
      379, 217, 516, -1,
      379, 516, 515, -1,
      517, 216, 518, -1,
      518, 216, 218, -1,
      518, 218, 519, -1,
      519, 218, 378, -1,
      519, 378, 520, -1,
      520, 378, 376, -1,
      520, 376, 521, -1,
      521, 376, 374, -1,
      521, 374, 522, -1,
      522, 374, 372, -1,
      522, 372, 523, -1,
      523, 372, 370, -1,
      523, 370, 188, -1,
      188, 370, 205, -1,
      188, 187, 523, -1,
      523, 187, 524, -1,
      523, 524, 522, -1,
      522, 524, 525, -1,
      522, 525, 521, -1,
      521, 525, 526, -1,
      521, 526, 520, -1,
      520, 526, 527, -1,
      520, 527, 519, -1,
      519, 527, 528, -1,
      519, 528, 518, -1,
      518, 528, 215, -1,
      518, 215, 517, -1,
      517, 215, 214, -1,
      211, 213, 212, -1,
      212, 213, 215, -1,
      212, 215, 529, -1,
      529, 215, 528, -1,
      529, 528, 530, -1,
      530, 528, 527, -1,
      530, 527, 531, -1,
      531, 527, 526, -1,
      531, 526, 532, -1,
      532, 526, 525, -1,
      532, 525, 533, -1,
      533, 525, 524, -1,
      533, 524, 170, -1,
      170, 524, 187, -1,
      534, 210, 535, -1,
      535, 210, 212, -1,
      535, 212, 536, -1,
      536, 212, 529, -1,
      536, 529, 537, -1,
      537, 529, 530, -1,
      537, 530, 538, -1,
      538, 530, 531, -1,
      538, 531, 539, -1,
      539, 531, 532, -1,
      539, 532, 540, -1,
      540, 532, 533, -1,
      540, 533, 173, -1,
      173, 533, 170, -1,
      173, 1, 540, -1,
      540, 1, 2, -1,
      540, 2, 539, -1,
      539, 2, 3, -1,
      539, 3, 538, -1,
      538, 3, 4, -1,
      538, 4, 537, -1,
      537, 4, 5, -1,
      537, 5, 536, -1,
      536, 5, 6, -1,
      536, 6, 535, -1,
      535, 6, 7, -1,
      535, 7, 534, -1,
      534, 7, 8, -1,
      28, 29, 541, -1,
      541, 29, 380, -1,
      541, 380, 542, -1,
      542, 380, 381, -1,
      542, 381, 543, -1,
      543, 381, 268, -1,
      543, 268, 544, -1,
      268, 267, 544, -1,
      544, 267, 382, -1,
      544, 382, 545, -1,
      545, 382, 389, -1,
      545, 389, 546, -1,
      546, 389, 390, -1,
      546, 390, 547, -1,
      547, 390, 265, -1,
      547, 265, 548, -1,
      548, 265, 264, -1,
      548, 264, 549, -1,
      549, 264, 391, -1,
      549, 391, 550, -1,
      391, 262, 550, -1,
      550, 262, 261, -1,
      550, 261, 551, -1,
      551, 261, 259, -1,
      551, 259, 552, -1,
      552, 259, 258, -1,
      552, 258, 553, -1,
      553, 258, 256, -1,
      553, 256, 554, -1,
      256, 255, 554, -1,
      554, 255, 413, -1,
      554, 413, 555, -1,
      555, 413, 420, -1,
      555, 420, 556, -1,
      556, 420, 421, -1,
      556, 421, 557, -1,
      557, 421, 253, -1,
      557, 253, 558, -1,
      558, 253, 252, -1,
      558, 252, 559, -1,
      252, 422, 559, -1,
      559, 422, 429, -1,
      559, 429, 560, -1,
      560, 429, 430, -1,
      560, 430, 561, -1,
      561, 430, 250, -1,
      561, 250, 562, -1,
      562, 250, 249, -1,
      562, 249, 563, -1,
      249, 431, 563, -1,
      563, 431, 247, -1,
      563, 247, 564, -1,
      564, 247, 246, -1,
      564, 246, 565, -1,
      565, 246, 443, -1,
      565, 443, 566, -1,
      566, 443, 444, -1,
      566, 444, 567, -1,
      567, 444, 244, -1,
      567, 244, 568, -1,
      244, 243, 568, -1,
      568, 243, 445, -1,
      568, 445, 569, -1,
      569, 445, 452, -1,
      569, 452, 570, -1,
      570, 452, 453, -1,
      570, 453, 571, -1,
      571, 453, 241, -1,
      571, 241, 572, -1,
      241, 240, 572, -1,
      572, 240, 454, -1,
      572, 454, 573, -1,
      573, 454, 238, -1,
      573, 238, 574, -1,
      574, 238, 237, -1,
      574, 237, 575, -1,
      575, 237, 235, -1,
      575, 235, 576, -1,
      576, 235, 234, -1,
      576, 234, 577, -1,
      577, 234, 232, -1,
      577, 232, 578, -1,
      232, 231, 578, -1,
      578, 231, 476, -1,
      578, 476, 579, -1,
      579, 476, 483, -1,
      579, 483, 580, -1,
      580, 483, 484, -1,
      580, 484, 581, -1,
      581, 484, 229, -1,
      581, 229, 582, -1,
      229, 228, 582, -1,
      582, 228, 485, -1,
      582, 485, 583, -1,
      583, 485, 492, -1,
      583, 492, 584, -1,
      584, 492, 493, -1,
      584, 493, 585, -1,
      585, 493, 226, -1,
      585, 226, 586, -1,
      226, 225, 586, -1,
      586, 225, 494, -1,
      586, 494, 587, -1,
      587, 494, 223, -1,
      587, 223, 588, -1,
      588, 223, 222, -1,
      588, 222, 589, -1,
      589, 222, 506, -1,
      589, 506, 590, -1,
      590, 506, 507, -1,
      590, 507, 591, -1,
      591, 507, 220, -1,
      591, 220, 592, -1,
      220, 219, 592, -1,
      592, 219, 508, -1,
      592, 508, 593, -1,
      593, 508, 515, -1,
      593, 515, 594, -1,
      594, 515, 516, -1,
      594, 516, 595, -1,
      595, 516, 217, -1,
      595, 217, 596, -1,
      8, 9, 534, -1,
      534, 9, 597, -1,
      534, 597, 210, -1,
      210, 597, 598, -1,
      210, 598, 211, -1,
      211, 598, 599, -1,
      211, 599, 213, -1,
      213, 599, 600, -1,
      213, 600, 214, -1,
      214, 600, 601, -1,
      214, 601, 517, -1,
      517, 601, 596, -1,
      517, 596, 216, -1,
      216, 596, 217, -1,
      26, 27, 602, -1,
      27, 28, 541, -1,
      603, 604, 605, -1,
      605, 604, 25, -1,
      605, 25, 26, -1,
      603, 605, 606, -1,
      606, 605, 607, -1,
      606, 607, 608, -1,
      608, 607, 609, -1,
      608, 609, 610, -1,
      610, 609, 611, -1,
      610, 611, 612, -1,
      613, 614, 615, -1,
      615, 614, 616, -1,
      615, 616, 617, -1,
      617, 616, 618, -1,
      617, 618, 619, -1,
      619, 618, 620, -1,
      619, 620, 611, -1,
      611, 620, 621, -1,
      611, 621, 612, -1,
      613, 615, 622, -1,
      622, 615, 623, -1,
      622, 623, 624, -1,
      624, 623, 625, -1,
      624, 625, 626, -1,
      626, 625, 627, -1,
      626, 627, 628, -1,
      629, 630, 631, -1,
      631, 630, 632, -1,
      631, 632, 627, -1,
      627, 632, 633, -1,
      627, 633, 628, -1,
      634, 635, 636, -1,
      636, 635, 637, -1,
      636, 637, 638, -1,
      638, 637, 639, -1,
      638, 639, 629, -1,
      629, 639, 640, -1,
      629, 640, 630, -1,
      634, 636, 641, -1,
      641, 636, 642, -1,
      641, 642, 643, -1,
      643, 642, 644, -1,
      643, 644, 645, -1,
      645, 644, 646, -1,
      645, 646, 647, -1,
      648, 649, 650, -1,
      650, 649, 651, -1,
      650, 651, 652, -1,
      652, 651, 653, -1,
      652, 653, 654, -1,
      654, 653, 655, -1,
      654, 655, 646, -1,
      646, 655, 656, -1,
      646, 656, 647, -1,
      648, 650, 657, -1,
      657, 650, 658, -1,
      657, 658, 659, -1,
      659, 658, 660, -1,
      659, 660, 661, -1,
      661, 660, 662, -1,
      661, 662, 663, -1,
      664, 665, 666, -1,
      666, 665, 667, -1,
      666, 667, 662, -1,
      662, 667, 668, -1,
      662, 668, 663, -1,
      669, 670, 671, -1,
      671, 670, 672, -1,
      671, 672, 673, -1,
      673, 672, 674, -1,
      673, 674, 664, -1,
      664, 674, 675, -1,
      664, 675, 665, -1,
      669, 671, 676, -1,
      676, 671, 677, -1,
      676, 677, 678, -1,
      678, 677, 679, -1,
      678, 679, 680, -1,
      680, 679, 681, -1,
      680, 681, 682, -1,
      683, 684, 685, -1,
      685, 684, 686, -1,
      685, 686, 687, -1,
      687, 686, 688, -1,
      687, 688, 689, -1,
      689, 688, 690, -1,
      689, 690, 681, -1,
      681, 690, 691, -1,
      681, 691, 682, -1,
      683, 685, 692, -1,
      692, 685, 693, -1,
      692, 693, 694, -1,
      694, 693, 695, -1,
      694, 695, 696, -1,
      696, 695, 697, -1,
      696, 697, 698, -1,
      699, 700, 697, -1,
      697, 700, 701, -1,
      697, 701, 698, -1,
      702, 703, 704, -1,
      704, 703, 705, -1,
      704, 705, 706, -1,
      706, 705, 707, -1,
      706, 707, 708, -1,
      708, 707, 709, -1,
      708, 709, 699, -1,
      699, 709, 710, -1,
      699, 710, 700, -1,
      702, 704, 711, -1,
      711, 704, 712, -1,
      711, 712, 713, -1,
      713, 712, 714, -1,
      713, 714, 715, -1,
      715, 714, 716, -1,
      715, 716, 717, -1,
      718, 719, 720, -1,
      720, 719, 721, -1,
      720, 721, 722, -1,
      722, 721, 723, -1,
      722, 723, 724, -1,
      724, 723, 725, -1,
      724, 725, 716, -1,
      716, 725, 726, -1,
      716, 726, 717, -1,
      718, 720, 727, -1,
      727, 720, 728, -1,
      727, 728, 729, -1,
      729, 728, 730, -1,
      729, 730, 731, -1,
      731, 730, 732, -1,
      731, 732, 733, -1,
      734, 735, 732, -1,
      732, 735, 736, -1,
      732, 736, 733, -1,
      737, 738, 739, -1,
      739, 738, 740, -1,
      739, 740, 741, -1,
      741, 740, 742, -1,
      741, 742, 743, -1,
      743, 742, 744, -1,
      743, 744, 734, -1,
      734, 744, 745, -1,
      734, 745, 735, -1,
      737, 739, 746, -1,
      746, 739, 747, -1,
      746, 747, 748, -1,
      748, 747, 749, -1,
      748, 749, 750, -1,
      750, 749, 751, -1,
      750, 751, 752, -1,
      753, 754, 755, -1,
      755, 754, 756, -1,
      755, 756, 757, -1,
      757, 756, 758, -1,
      757, 758, 759, -1,
      759, 758, 760, -1,
      759, 760, 751, -1,
      751, 760, 761, -1,
      751, 761, 752, -1,
      27, 541, 602, -1,
      602, 541, 542, -1,
      602, 542, 762, -1,
      762, 542, 543, -1,
      762, 543, 763, -1,
      763, 543, 544, -1,
      763, 544, 764, -1,
      764, 544, 545, -1,
      764, 545, 765, -1,
      765, 545, 546, -1,
      765, 546, 766, -1,
      766, 546, 547, -1,
      766, 547, 767, -1,
      767, 547, 548, -1,
      767, 548, 768, -1,
      768, 548, 549, -1,
      768, 549, 769, -1,
      769, 549, 550, -1,
      769, 550, 770, -1,
      770, 550, 551, -1,
      770, 551, 771, -1,
      771, 551, 552, -1,
      771, 552, 772, -1,
      772, 552, 553, -1,
      772, 553, 773, -1,
      773, 553, 554, -1,
      773, 554, 774, -1,
      774, 554, 555, -1,
      774, 555, 775, -1,
      775, 555, 556, -1,
      775, 556, 776, -1,
      776, 556, 557, -1,
      776, 557, 777, -1,
      777, 557, 558, -1,
      777, 558, 778, -1,
      778, 558, 559, -1,
      778, 559, 779, -1,
      779, 559, 560, -1,
      779, 560, 780, -1,
      780, 560, 561, -1,
      780, 561, 781, -1,
      781, 561, 562, -1,
      781, 562, 782, -1,
      782, 562, 563, -1,
      782, 563, 783, -1,
      783, 563, 564, -1,
      783, 564, 784, -1,
      784, 564, 565, -1,
      784, 565, 785, -1,
      785, 565, 566, -1,
      785, 566, 786, -1,
      786, 566, 567, -1,
      786, 567, 787, -1,
      787, 567, 568, -1,
      787, 568, 788, -1,
      788, 568, 569, -1,
      788, 569, 789, -1,
      789, 569, 570, -1,
      789, 570, 790, -1,
      790, 570, 571, -1,
      790, 571, 791, -1,
      791, 571, 572, -1,
      791, 572, 792, -1,
      792, 572, 573, -1,
      792, 573, 793, -1,
      793, 573, 574, -1,
      793, 574, 794, -1,
      794, 574, 575, -1,
      794, 575, 795, -1,
      795, 575, 576, -1,
      795, 576, 796, -1,
      796, 576, 577, -1,
      796, 577, 797, -1,
      797, 577, 578, -1,
      797, 578, 798, -1,
      798, 578, 579, -1,
      798, 579, 799, -1,
      799, 579, 580, -1,
      799, 580, 800, -1,
      800, 580, 581, -1,
      800, 581, 801, -1,
      801, 581, 582, -1,
      801, 582, 802, -1,
      802, 582, 583, -1,
      802, 583, 803, -1,
      803, 583, 584, -1,
      803, 584, 804, -1,
      804, 584, 585, -1,
      804, 585, 805, -1,
      805, 585, 586, -1,
      805, 586, 806, -1,
      806, 586, 587, -1,
      806, 587, 807, -1,
      807, 587, 588, -1,
      807, 588, 808, -1,
      808, 588, 589, -1,
      808, 589, 809, -1,
      809, 589, 590, -1,
      809, 590, 810, -1,
      810, 590, 591, -1,
      810, 591, 811, -1,
      811, 591, 592, -1,
      811, 592, 812, -1,
      812, 592, 593, -1,
      812, 593, 813, -1,
      813, 593, 594, -1,
      813, 594, 814, -1,
      814, 594, 595, -1,
      814, 595, 815, -1,
      815, 595, 596, -1,
      815, 596, 816, -1,
      816, 596, 601, -1,
      816, 601, 817, -1,
      817, 601, 600, -1,
      817, 600, 818, -1,
      818, 600, 599, -1,
      818, 599, 819, -1,
      819, 599, 598, -1,
      819, 598, 820, -1,
      820, 598, 597, -1,
      820, 597, 821, -1,
      821, 597, 9, -1,
      821, 9, 10, -1,
      26, 602, 605, -1,
      605, 602, 762, -1,
      605, 762, 607, -1,
      607, 762, 763, -1,
      607, 763, 609, -1,
      609, 763, 764, -1,
      609, 764, 611, -1,
      611, 764, 765, -1,
      611, 765, 619, -1,
      619, 765, 766, -1,
      619, 766, 617, -1,
      617, 766, 767, -1,
      617, 767, 615, -1,
      615, 767, 768, -1,
      615, 768, 623, -1,
      623, 768, 769, -1,
      623, 769, 625, -1,
      625, 769, 770, -1,
      625, 770, 627, -1,
      627, 770, 771, -1,
      627, 771, 631, -1,
      631, 771, 772, -1,
      631, 772, 629, -1,
      629, 772, 773, -1,
      629, 773, 638, -1,
      638, 773, 774, -1,
      638, 774, 636, -1,
      636, 774, 775, -1,
      636, 775, 642, -1,
      642, 775, 776, -1,
      642, 776, 644, -1,
      644, 776, 777, -1,
      644, 777, 646, -1,
      646, 777, 778, -1,
      646, 778, 654, -1,
      654, 778, 779, -1,
      654, 779, 652, -1,
      652, 779, 780, -1,
      652, 780, 650, -1,
      650, 780, 781, -1,
      650, 781, 658, -1,
      658, 781, 782, -1,
      658, 782, 660, -1,
      660, 782, 783, -1,
      660, 783, 662, -1,
      662, 783, 784, -1,
      662, 784, 666, -1,
      666, 784, 785, -1,
      666, 785, 664, -1,
      664, 785, 786, -1,
      664, 786, 673, -1,
      673, 786, 787, -1,
      673, 787, 671, -1,
      671, 787, 788, -1,
      671, 788, 677, -1,
      677, 788, 789, -1,
      677, 789, 679, -1,
      679, 789, 790, -1,
      679, 790, 681, -1,
      681, 790, 791, -1,
      681, 791, 689, -1,
      689, 791, 792, -1,
      689, 792, 687, -1,
      687, 792, 793, -1,
      687, 793, 685, -1,
      685, 793, 794, -1,
      685, 794, 693, -1,
      693, 794, 795, -1,
      693, 795, 695, -1,
      695, 795, 796, -1,
      695, 796, 697, -1,
      697, 796, 797, -1,
      697, 797, 699, -1,
      699, 797, 798, -1,
      699, 798, 708, -1,
      708, 798, 799, -1,
      708, 799, 706, -1,
      706, 799, 800, -1,
      706, 800, 704, -1,
      704, 800, 801, -1,
      704, 801, 712, -1,
      712, 801, 802, -1,
      712, 802, 714, -1,
      714, 802, 803, -1,
      714, 803, 716, -1,
      716, 803, 804, -1,
      716, 804, 724, -1,
      724, 804, 805, -1,
      724, 805, 722, -1,
      722, 805, 806, -1,
      722, 806, 720, -1,
      720, 806, 807, -1,
      720, 807, 728, -1,
      728, 807, 808, -1,
      728, 808, 730, -1,
      730, 808, 809, -1,
      730, 809, 732, -1,
      732, 809, 810, -1,
      732, 810, 734, -1,
      734, 810, 811, -1,
      734, 811, 743, -1,
      743, 811, 812, -1,
      743, 812, 741, -1,
      741, 812, 813, -1,
      741, 813, 739, -1,
      739, 813, 814, -1,
      739, 814, 747, -1,
      747, 814, 815, -1,
      747, 815, 749, -1,
      749, 815, 816, -1,
      749, 816, 751, -1,
      751, 816, 817, -1,
      751, 817, 759, -1,
      759, 817, 818, -1,
      759, 818, 757, -1,
      757, 818, 819, -1,
      757, 819, 755, -1,
      755, 819, 820, -1,
      755, 820, 822, -1,
      822, 820, 821, -1,
      822, 821, 823, -1,
      823, 821, 10, -1,
      823, 10, 11, -1,
      753, 755, 824, -1,
      824, 755, 822, -1,
      824, 822, 825, -1,
      825, 822, 823, -1,
      825, 823, 826, -1,
      826, 823, 11, -1,
      826, 11, 12, -1,
      140, 139, 827, -1,
      138, 137, 828, -1,
      130, 129, 829, -1,
      125, 124, 830, -1,
      121, 120, 831, -1,
      116, 115, 832, -1,
      108, 107, 833, -1,
      103, 102, 834, -1,
      99, 98, 835, -1,
      94, 93, 836, -1,
      86, 85, 837, -1,
      81, 80, 838, -1,
      77, 76, 839, -1,
      72, 71, 840, -1,
      64, 63, 841, -1,
      59, 58, 842, -1,
      57, 56, 843, -1,
      55, 54, 844, -1,
      50, 49, 845, -1,
      42, 41, 846, -1,
      847, 848, 849, -1,
      746, 748, 850, -1,
      738, 737, 851, -1,
      744, 742, 852, -1,
      735, 745, 853, -1,
      711, 713, 854, -1,
      703, 702, 855, -1,
      709, 707, 856, -1,
      700, 710, 857, -1,
      670, 669, 858, -1,
      675, 674, 859, -1,
      667, 665, 860, -1,
      647, 656, 861, -1,
      635, 634, 862, -1,
      640, 639, 863, -1,
      632, 630, 864, -1,
      612, 621, 865, -1,
      606, 608, 866, -1,
      604, 603, 867, -1,
      612, 865, 610, -1,
      620, 618, 868, -1,
      868, 618, 616, -1,
      613, 622, 869, -1,
      869, 622, 624, -1,
      869, 624, 626, -1,
      632, 864, 633, -1,
      635, 862, 637, -1,
      641, 643, 870, -1,
      870, 643, 645, -1,
      655, 653, 871, -1,
      871, 653, 651, -1,
      648, 657, 872, -1,
      872, 657, 659, -1,
      872, 659, 661, -1,
      667, 860, 668, -1,
      670, 858, 672, -1,
      676, 678, 873, -1,
      873, 678, 680, -1,
      691, 690, 874, -1,
      874, 690, 688, -1,
      874, 688, 686, -1,
      683, 692, 875, -1,
      875, 692, 694, -1,
      875, 694, 696, -1,
      700, 857, 701, -1,
      703, 855, 705, -1,
      715, 717, 876, -1,
      726, 725, 877, -1,
      877, 725, 723, -1,
      877, 723, 721, -1,
      718, 727, 878, -1,
      878, 727, 729, -1,
      878, 729, 731, -1,
      735, 853, 736, -1,
      738, 851, 740, -1,
      750, 752, 847, -1,
      847, 752, 761, -1,
      847, 761, 848, -1,
      848, 761, 760, -1,
      760, 758, 848, -1,
      848, 758, 756, -1,
      848, 756, 754, -1,
      824, 825, 879, -1,
      879, 825, 826, -1,
      880, 849, 881, -1,
      881, 849, 848, -1,
      881, 848, 882, -1,
      882, 848, 754, -1,
      882, 754, 753, -1,
      883, 880, 884, -1,
      884, 880, 881, -1,
      884, 881, 885, -1,
      885, 881, 882, -1,
      885, 882, 879, -1,
      879, 882, 753, -1,
      879, 753, 824, -1,
      17, 883, 16, -1,
      16, 883, 884, -1,
      16, 884, 15, -1,
      15, 884, 885, -1,
      15, 885, 14, -1,
      14, 885, 879, -1,
      14, 879, 13, -1,
      13, 879, 826, -1,
      13, 826, 12, -1,
      846, 886, 887, -1,
      888, 889, 890, -1,
      890, 889, 891, -1,
      890, 891, 892, -1,
      892, 891, 893, -1,
      892, 893, 894, -1,
      894, 893, 23, -1,
      894, 23, 24, -1,
      626, 628, 869, -1,
      869, 628, 895, -1,
      869, 895, 896, -1,
      896, 895, 897, -1,
      896, 897, 898, -1,
      898, 897, 899, -1,
      898, 899, 900, -1,
      900, 899, 901, -1,
      900, 901, 902, -1,
      902, 901, 841, -1,
      630, 640, 864, -1,
      864, 640, 863, -1,
      864, 863, 903, -1,
      903, 863, 904, -1,
      903, 904, 905, -1,
      905, 904, 906, -1,
      905, 906, 907, -1,
      907, 906, 908, -1,
      907, 908, 909, -1,
      909, 908, 910, -1,
      651, 649, 871, -1,
      871, 649, 911, -1,
      871, 911, 912, -1,
      912, 911, 913, -1,
      912, 913, 914, -1,
      914, 913, 915, -1,
      914, 915, 916, -1,
      916, 915, 917, -1,
      916, 917, 918, -1,
      918, 917, 838, -1,
      661, 663, 872, -1,
      872, 663, 919, -1,
      872, 919, 920, -1,
      920, 919, 921, -1,
      920, 921, 922, -1,
      922, 921, 923, -1,
      922, 923, 924, -1,
      924, 923, 925, -1,
      924, 925, 926, -1,
      926, 925, 837, -1,
      665, 675, 860, -1,
      860, 675, 859, -1,
      860, 859, 927, -1,
      927, 859, 928, -1,
      927, 928, 929, -1,
      929, 928, 930, -1,
      929, 930, 931, -1,
      931, 930, 932, -1,
      931, 932, 933, -1,
      933, 932, 934, -1,
      686, 684, 874, -1,
      874, 684, 935, -1,
      874, 935, 936, -1,
      936, 935, 937, -1,
      936, 937, 938, -1,
      938, 937, 939, -1,
      938, 939, 940, -1,
      940, 939, 941, -1,
      940, 941, 942, -1,
      942, 941, 834, -1,
      696, 698, 875, -1,
      875, 698, 943, -1,
      875, 943, 944, -1,
      944, 943, 945, -1,
      944, 945, 946, -1,
      946, 945, 947, -1,
      946, 947, 948, -1,
      948, 947, 949, -1,
      948, 949, 950, -1,
      950, 949, 833, -1,
      721, 719, 877, -1,
      877, 719, 951, -1,
      877, 951, 952, -1,
      952, 951, 953, -1,
      952, 953, 954, -1,
      954, 953, 955, -1,
      954, 955, 956, -1,
      956, 955, 957, -1,
      956, 957, 958, -1,
      958, 957, 830, -1,
      731, 733, 878, -1,
      878, 733, 959, -1,
      878, 959, 960, -1,
      960, 959, 961, -1,
      960, 961, 962, -1,
      962, 961, 963, -1,
      962, 963, 964, -1,
      964, 963, 965, -1,
      964, 965, 966, -1,
      966, 965, 829, -1,
      886, 39, 38, -1,
      22, 887, 21, -1,
      21, 887, 886, -1,
      21, 886, 20, -1,
      20, 886, 38, -1,
      20, 38, 19, -1,
      846, 41, 886, -1,
      886, 41, 40, -1,
      886, 40, 39, -1,
      889, 44, 43, -1,
      43, 42, 889, -1,
      889, 42, 846, -1,
      889, 846, 891, -1,
      891, 846, 887, -1,
      891, 887, 893, -1,
      893, 887, 22, -1,
      893, 22, 23, -1,
      48, 47, 888, -1,
      888, 47, 46, -1,
      888, 46, 889, -1,
      889, 46, 45, -1,
      889, 45, 44, -1,
      49, 48, 845, -1,
      845, 48, 888, -1,
      845, 888, 967, -1,
      967, 888, 890, -1,
      967, 890, 968, -1,
      968, 890, 892, -1,
      968, 892, 969, -1,
      969, 892, 894, -1,
      969, 894, 867, -1,
      867, 894, 24, -1,
      867, 24, 604, -1,
      604, 24, 25, -1,
      603, 606, 867, -1,
      867, 606, 866, -1,
      867, 866, 969, -1,
      969, 866, 970, -1,
      969, 970, 968, -1,
      968, 970, 971, -1,
      968, 971, 967, -1,
      967, 971, 972, -1,
      967, 972, 845, -1,
      845, 972, 973, -1,
      845, 973, 50, -1,
      53, 52, 973, -1,
      973, 52, 51, -1,
      973, 51, 50, -1,
      54, 53, 844, -1,
      844, 53, 973, -1,
      844, 973, 974, -1,
      974, 973, 972, -1,
      974, 972, 975, -1,
      975, 972, 971, -1,
      975, 971, 976, -1,
      976, 971, 970, -1,
      976, 970, 865, -1,
      865, 970, 866, -1,
      865, 866, 610, -1,
      610, 866, 608, -1,
      56, 55, 843, -1,
      843, 55, 844, -1,
      843, 844, 977, -1,
      977, 844, 974, -1,
      977, 974, 978, -1,
      978, 974, 975, -1,
      978, 975, 979, -1,
      979, 975, 976, -1,
      979, 976, 868, -1,
      868, 976, 865, -1,
      868, 865, 620, -1,
      620, 865, 621, -1,
      58, 57, 842, -1,
      842, 57, 843, -1,
      842, 843, 980, -1,
      980, 843, 977, -1,
      980, 977, 981, -1,
      981, 977, 978, -1,
      981, 978, 982, -1,
      982, 978, 979, -1,
      982, 979, 983, -1,
      983, 979, 868, -1,
      983, 868, 614, -1,
      614, 868, 616, -1,
      902, 61, 60, -1,
      60, 59, 902, -1,
      902, 59, 842, -1,
      902, 842, 900, -1,
      900, 842, 980, -1,
      900, 980, 898, -1,
      898, 980, 981, -1,
      898, 981, 896, -1,
      896, 981, 982, -1,
      896, 982, 869, -1,
      869, 982, 983, -1,
      869, 983, 613, -1,
      613, 983, 614, -1,
      841, 63, 902, -1,
      902, 63, 62, -1,
      902, 62, 61, -1,
      909, 66, 65, -1,
      65, 64, 909, -1,
      909, 64, 841, -1,
      909, 841, 907, -1,
      907, 841, 901, -1,
      907, 901, 905, -1,
      905, 901, 899, -1,
      905, 899, 903, -1,
      903, 899, 897, -1,
      903, 897, 864, -1,
      864, 897, 895, -1,
      864, 895, 633, -1,
      633, 895, 628, -1,
      70, 69, 910, -1,
      910, 69, 68, -1,
      910, 68, 909, -1,
      909, 68, 67, -1,
      909, 67, 66, -1,
      71, 70, 840, -1,
      840, 70, 910, -1,
      840, 910, 984, -1,
      984, 910, 908, -1,
      984, 908, 985, -1,
      985, 908, 906, -1,
      985, 906, 986, -1,
      986, 906, 904, -1,
      986, 904, 862, -1,
      862, 904, 863, -1,
      862, 863, 637, -1,
      637, 863, 639, -1,
      634, 641, 862, -1,
      862, 641, 870, -1,
      862, 870, 986, -1,
      986, 870, 987, -1,
      986, 987, 985, -1,
      985, 987, 988, -1,
      985, 988, 984, -1,
      984, 988, 989, -1,
      984, 989, 840, -1,
      840, 989, 990, -1,
      840, 990, 72, -1,
      75, 74, 990, -1,
      990, 74, 73, -1,
      990, 73, 72, -1,
      76, 75, 839, -1,
      839, 75, 990, -1,
      839, 990, 991, -1,
      991, 990, 989, -1,
      991, 989, 992, -1,
      992, 989, 988, -1,
      992, 988, 993, -1,
      993, 988, 987, -1,
      993, 987, 861, -1,
      861, 987, 870, -1,
      861, 870, 647, -1,
      647, 870, 645, -1,
      78, 77, 918, -1,
      918, 77, 839, -1,
      918, 839, 916, -1,
      916, 839, 991, -1,
      916, 991, 914, -1,
      914, 991, 992, -1,
      914, 992, 912, -1,
      912, 992, 993, -1,
      912, 993, 871, -1,
      871, 993, 861, -1,
      871, 861, 655, -1,
      655, 861, 656, -1,
      838, 80, 918, -1,
      918, 80, 79, -1,
      918, 79, 78, -1,
      926, 83, 82, -1,
      82, 81, 926, -1,
      926, 81, 838, -1,
      926, 838, 924, -1,
      924, 838, 917, -1,
      924, 917, 922, -1,
      922, 917, 915, -1,
      922, 915, 920, -1,
      920, 915, 913, -1,
      920, 913, 872, -1,
      872, 913, 911, -1,
      872, 911, 648, -1,
      648, 911, 649, -1,
      837, 85, 926, -1,
      926, 85, 84, -1,
      926, 84, 83, -1,
      933, 88, 87, -1,
      87, 86, 933, -1,
      933, 86, 837, -1,
      933, 837, 931, -1,
      931, 837, 925, -1,
      931, 925, 929, -1,
      929, 925, 923, -1,
      929, 923, 927, -1,
      927, 923, 921, -1,
      927, 921, 860, -1,
      860, 921, 919, -1,
      860, 919, 668, -1,
      668, 919, 663, -1,
      92, 91, 934, -1,
      934, 91, 90, -1,
      934, 90, 933, -1,
      933, 90, 89, -1,
      933, 89, 88, -1,
      93, 92, 836, -1,
      836, 92, 934, -1,
      836, 934, 994, -1,
      994, 934, 932, -1,
      994, 932, 995, -1,
      995, 932, 930, -1,
      995, 930, 996, -1,
      996, 930, 928, -1,
      996, 928, 858, -1,
      858, 928, 859, -1,
      858, 859, 672, -1,
      672, 859, 674, -1,
      669, 676, 858, -1,
      858, 676, 873, -1,
      858, 873, 996, -1,
      996, 873, 997, -1,
      996, 997, 995, -1,
      995, 997, 998, -1,
      995, 998, 994, -1,
      994, 998, 999, -1,
      994, 999, 836, -1,
      836, 999, 1000, -1,
      836, 1000, 94, -1,
      97, 96, 1000, -1,
      1000, 96, 95, -1,
      1000, 95, 94, -1,
      98, 97, 835, -1,
      835, 97, 1000, -1,
      835, 1000, 1001, -1,
      1001, 1000, 999, -1,
      1001, 999, 1002, -1,
      1002, 999, 998, -1,
      1002, 998, 1003, -1,
      1003, 998, 997, -1,
      1003, 997, 1004, -1,
      1004, 997, 873, -1,
      1004, 873, 682, -1,
      682, 873, 680, -1,
      100, 99, 942, -1,
      942, 99, 835, -1,
      942, 835, 940, -1,
      940, 835, 1001, -1,
      940, 1001, 938, -1,
      938, 1001, 1002, -1,
      938, 1002, 936, -1,
      936, 1002, 1003, -1,
      936, 1003, 874, -1,
      874, 1003, 1004, -1,
      874, 1004, 691, -1,
      691, 1004, 682, -1,
      834, 102, 942, -1,
      942, 102, 101, -1,
      942, 101, 100, -1,
      950, 105, 104, -1,
      104, 103, 950, -1,
      950, 103, 834, -1,
      950, 834, 948, -1,
      948, 834, 941, -1,
      948, 941, 946, -1,
      946, 941, 939, -1,
      946, 939, 944, -1,
      944, 939, 937, -1,
      944, 937, 875, -1,
      875, 937, 935, -1,
      875, 935, 683, -1,
      683, 935, 684, -1,
      833, 107, 950, -1,
      950, 107, 106, -1,
      950, 106, 105, -1,
      111, 110, 1005, -1,
      1005, 110, 109, -1,
      109, 108, 1005, -1,
      1005, 108, 833, -1,
      1005, 833, 1006, -1,
      1006, 833, 949, -1,
      1006, 949, 1007, -1,
      1007, 949, 947, -1,
      1007, 947, 1008, -1,
      1008, 947, 945, -1,
      1008, 945, 857, -1,
      857, 945, 943, -1,
      857, 943, 701, -1,
      701, 943, 698, -1,
      710, 709, 857, -1,
      857, 709, 856, -1,
      857, 856, 1008, -1,
      1008, 856, 1009, -1,
      1008, 1009, 1007, -1,
      1007, 1009, 1010, -1,
      1007, 1010, 1006, -1,
      1006, 1010, 1011, -1,
      1006, 1011, 1005, -1,
      1005, 1011, 1012, -1,
      1005, 1012, 111, -1,
      114, 113, 1012, -1,
      1012, 113, 112, -1,
      1012, 112, 111, -1,
      115, 114, 832, -1,
      832, 114, 1012, -1,
      832, 1012, 1013, -1,
      1013, 1012, 1011, -1,
      1013, 1011, 1014, -1,
      1014, 1011, 1010, -1,
      1014, 1010, 1015, -1,
      1015, 1010, 1009, -1,
      1015, 1009, 855, -1,
      855, 1009, 856, -1,
      855, 856, 705, -1,
      705, 856, 707, -1,
      702, 711, 855, -1,
      855, 711, 854, -1,
      855, 854, 1015, -1,
      1015, 854, 1016, -1,
      1015, 1016, 1014, -1,
      1014, 1016, 1017, -1,
      1014, 1017, 1013, -1,
      1013, 1017, 1018, -1,
      1013, 1018, 832, -1,
      832, 1018, 1019, -1,
      832, 1019, 116, -1,
      119, 118, 1019, -1,
      1019, 118, 117, -1,
      1019, 117, 116, -1,
      120, 119, 831, -1,
      831, 119, 1019, -1,
      831, 1019, 1020, -1,
      1020, 1019, 1018, -1,
      1020, 1018, 1021, -1,
      1021, 1018, 1017, -1,
      1021, 1017, 1022, -1,
      1022, 1017, 1016, -1,
      1022, 1016, 876, -1,
      876, 1016, 854, -1,
      876, 854, 715, -1,
      715, 854, 713, -1,
      122, 121, 958, -1,
      958, 121, 831, -1,
      958, 831, 956, -1,
      956, 831, 1020, -1,
      956, 1020, 954, -1,
      954, 1020, 1021, -1,
      954, 1021, 952, -1,
      952, 1021, 1022, -1,
      952, 1022, 877, -1,
      877, 1022, 876, -1,
      877, 876, 726, -1,
      726, 876, 717, -1,
      830, 124, 958, -1,
      958, 124, 123, -1,
      958, 123, 122, -1,
      966, 127, 126, -1,
      126, 125, 966, -1,
      966, 125, 830, -1,
      966, 830, 964, -1,
      964, 830, 957, -1,
      964, 957, 962, -1,
      962, 957, 955, -1,
      962, 955, 960, -1,
      960, 955, 953, -1,
      960, 953, 878, -1,
      878, 953, 951, -1,
      878, 951, 718, -1,
      718, 951, 719, -1,
      829, 129, 966, -1,
      966, 129, 128, -1,
      966, 128, 127, -1,
      133, 132, 1023, -1,
      1023, 132, 131, -1,
      131, 130, 1023, -1,
      1023, 130, 829, -1,
      1023, 829, 1024, -1,
      1024, 829, 965, -1,
      1024, 965, 1025, -1,
      1025, 965, 963, -1,
      1025, 963, 1026, -1,
      1026, 963, 961, -1,
      1026, 961, 853, -1,
      853, 961, 959, -1,
      853, 959, 736, -1,
      736, 959, 733, -1,
      745, 744, 853, -1,
      853, 744, 852, -1,
      853, 852, 1026, -1,
      1026, 852, 1027, -1,
      1026, 1027, 1025, -1,
      1025, 1027, 1028, -1,
      1025, 1028, 1024, -1,
      1024, 1028, 1029, -1,
      1024, 1029, 1023, -1,
      1023, 1029, 1030, -1,
      1023, 1030, 133, -1,
      136, 135, 1030, -1,
      1030, 135, 134, -1,
      1030, 134, 133, -1,
      137, 136, 828, -1,
      828, 136, 1030, -1,
      828, 1030, 1031, -1,
      1031, 1030, 1029, -1,
      1031, 1029, 1032, -1,
      1032, 1029, 1028, -1,
      1032, 1028, 1033, -1,
      1033, 1028, 1027, -1,
      1033, 1027, 851, -1,
      851, 1027, 852, -1,
      851, 852, 740, -1,
      740, 852, 742, -1,
      139, 138, 827, -1,
      827, 138, 828, -1,
      827, 828, 1034, -1,
      1034, 828, 1031, -1,
      1034, 1031, 1035, -1,
      1035, 1031, 1032, -1,
      1035, 1032, 1036, -1,
      1036, 1032, 1033, -1,
      1036, 1033, 850, -1,
      850, 1033, 851, -1,
      850, 851, 746, -1,
      746, 851, 737, -1,
      18, 140, 17, -1,
      17, 140, 827, -1,
      17, 827, 883, -1,
      883, 827, 1034, -1,
      883, 1034, 880, -1,
      880, 1034, 1035, -1,
      880, 1035, 849, -1,
      849, 1035, 1036, -1,
      849, 1036, 847, -1,
      847, 1036, 850, -1,
      847, 850, 750, -1,
      750, 850, 748, -1,
    ]
  }
}

Shape {
  appearance Appearance {
    material Material {
      diffuseColor 0.7804 0.7804 0.7804
      specularColor 0.6235 0.6235 0.6235
      ambientIntensity 0.2
      transparency 0.0000
      shininess 0.5
    }
  }
  geometry IndexedFaceSet {
    ccw TRUE
    solid FALSE
    coord DEF co Coordinate {
      point [
        0.393701 0.000000 -1.385827,
        0.390347 0.025474 -1.385827,
        0.380514 0.049213 -1.385827,
        0.364873 0.069597 -1.385827,
        0.390347 -0.025474 -1.385827,
        0.344488 0.085239 -1.385827,
        -0.295276 -0.098425 -1.385827,
        -0.320750 -0.095071 -1.385827,
        -0.344488 -0.085239 -1.385827,
        -0.364873 -0.069597 -1.385827,
        -0.380514 -0.049213 -1.385827,
        -0.390347 -0.025474 -1.385827,
        -0.393701 0.000000 -1.385827,
        -0.269801 -0.095071 -1.385827,
        -0.246063 -0.085239 -1.385827,
        0.225678 0.069597 -1.385827,
        0.210037 0.049213 -1.385827,
        -0.225678 0.069597 -1.385827,
        0.200204 0.025474 -1.385827,
        -0.210037 0.049213 -1.385827,
        -0.246063 0.085239 -1.385827,
        -0.269801 0.095071 -1.385827,
        -0.295276 0.098425 -1.385827,
        -0.320750 0.095071 -1.385827,
        -0.344488 0.085239 -1.385827,
        -0.364873 0.069597 -1.385827,
        -0.380514 0.049213 -1.385827,
        -0.390347 0.025474 -1.385827,
        0.200204 -0.025474 -1.385827,
        0.210037 -0.049213 -1.385827,
        -0.200204 -0.025474 -1.385827,
        0.225678 -0.069597 -1.385827,
        0.246063 -0.085239 -1.385827,
        0.320750 0.095071 -1.385827,
        0.295276 0.098425 -1.385827,
        0.269801 0.095071 -1.385827,
        0.246063 0.085239 -1.385827,
        0.196850 0.000000 -1.385827,
        -0.196850 0.000000 -1.385827,
        -0.200204 0.025474 -1.385827,
        0.269801 -0.095071 -1.385827,
        -0.210037 -0.049213 -1.385827,
        -0.225678 -0.069597 -1.385827,
        0.295276 -0.098425 -1.385827,
        0.320750 -0.095071 -1.385827,
        0.344488 -0.085239 -1.385827,
        0.380514 -0.049213 -1.385827,
        0.364873 -0.069597 -1.385827,
        -0.390347 -0.025474 -2.763780,
        -0.380514 -0.049213 -2.763780,
        -0.364873 -0.069597 -2.763780,
        -0.344488 -0.085239 -2.763780,
        -0.320750 -0.095071 -2.763780,
        -0.295276 -0.098425 -2.763780,
        -0.269801 -0.095071 -2.763780,
        -0.246063 -0.085239 -2.763780,
        -0.225678 -0.069597 -2.763780,
        -0.210037 -0.049213 -2.763780,
        -0.200204 -0.025474 -2.763780,
        -0.196850 0.000000 -2.763780,
        -0.200204 0.025474 -2.763780,
        -0.210037 0.049213 -2.763780,
        -0.225678 0.069597 -2.763780,
        -0.246063 0.085239 -2.763780,
        -0.269801 0.095071 -2.763780,
        -0.295276 0.098425 -2.763780,
        -0.320750 0.095071 -2.763780,
        -0.344488 0.085239 -2.763780,
        -0.364873 0.069597 -2.763780,
        -0.380514 0.049213 -2.763780,
        -0.390347 0.025474 -2.763780,
        -0.393701 0.000000 -2.763780,
        -0.295276 0.000000 -2.763780,
        0.200204 -0.025474 -2.763780,
        0.210037 -0.049213 -2.763780,
        0.225678 -0.069597 -2.763780,
        0.246063 -0.085239 -2.763780,
        0.269801 -0.095071 -2.763780,
        0.295276 -0.098425 -2.763780,
        0.320750 -0.095071 -2.763780,
        0.344488 -0.085239 -2.763780,
        0.364873 -0.069597 -2.763780,
        0.380514 -0.049213 -2.763780,
        0.390347 -0.025474 -2.763780,
        0.393701 0.000000 -2.763780,
        0.390347 0.025474 -2.763780,
        0.380514 0.049213 -2.763780,
        0.364873 0.069597 -2.763780,
        0.344488 0.085239 -2.763780,
        0.320750 0.095071 -2.763780,
        0.295276 0.098425 -2.763780,
        0.269801 0.095071 -2.763780,
        0.246063 0.085239 -2.763780,
        0.225678 0.069597 -2.763780,
        0.210037 0.049213 -2.763780,
        0.200204 0.025474 -2.763780,
        0.196850 0.000000 -2.763780,
        0.295276 0.000000 -2.763780,
      ]
    }
    coordIndex [
      12, 48, 11, -1,
      11, 48, 49, -1,
      11, 49, 10, -1,
      10, 49, 50, -1,
      10, 50, 9, -1,
      9, 50, 51, -1,
      9, 51, 8, -1,
      8, 51, 52, -1,
      8, 52, 7, -1,
      7, 52, 53, -1,
      7, 53, 6, -1,
      6, 53, 54, -1,
      6, 54, 13, -1,
      13, 54, 55, -1,
      13, 55, 14, -1,
      14, 55, 56, -1,
      14, 56, 42, -1,
      42, 56, 57, -1,
      42, 57, 41, -1,
      41, 57, 58, -1,
      41, 58, 30, -1,
      30, 58, 59, -1,
      30, 59, 38, -1,
      38, 59, 60, -1,
      38, 60, 39, -1,
      39, 60, 61, -1,
      39, 61, 19, -1,
      19, 61, 62, -1,
      19, 62, 17, -1,
      17, 62, 63, -1,
      17, 63, 20, -1,
      20, 63, 64, -1,
      20, 64, 21, -1,
      21, 64, 65, -1,
      21, 65, 22, -1,
      22, 65, 66, -1,
      22, 66, 23, -1,
      23, 66, 67, -1,
      23, 67, 24, -1,
      24, 67, 68, -1,
      24, 68, 25, -1,
      25, 68, 69, -1,
      25, 69, 26, -1,
      26, 69, 70, -1,
      26, 70, 27, -1,
      27, 70, 71, -1,
      27, 71, 12, -1,
      12, 71, 48, -1,
      61, 60, 72, -1,
      72, 60, 59, -1,
      72, 59, 58, -1,
      64, 63, 72, -1,
      72, 63, 62, -1,
      72, 62, 61, -1,
      67, 66, 72, -1,
      72, 66, 65, -1,
      72, 65, 64, -1,
      70, 69, 72, -1,
      72, 69, 68, -1,
      72, 68, 67, -1,
      49, 48, 72, -1,
      72, 48, 71, -1,
      72, 71, 70, -1,
      52, 51, 72, -1,
      72, 51, 50, -1,
      72, 50, 49, -1,
      55, 54, 72, -1,
      72, 54, 53, -1,
      72, 53, 52, -1,
      58, 57, 72, -1,
      72, 57, 56, -1,
      72, 56, 55, -1,
      37, 73, 28, -1,
      28, 73, 74, -1,
      28, 74, 29, -1,
      29, 74, 75, -1,
      29, 75, 31, -1,
      31, 75, 76, -1,
      31, 76, 32, -1,
      32, 76, 77, -1,
      32, 77, 40, -1,
      40, 77, 78, -1,
      40, 78, 43, -1,
      43, 78, 79, -1,
      43, 79, 44, -1,
      44, 79, 80, -1,
      44, 80, 45, -1,
      45, 80, 81, -1,
      45, 81, 47, -1,
      47, 81, 82, -1,
      47, 82, 46, -1,
      46, 82, 83, -1,
      46, 83, 4, -1,
      4, 83, 84, -1,
      4, 84, 0, -1,
      0, 84, 85, -1,
      0, 85, 1, -1,
      1, 85, 86, -1,
      1, 86, 2, -1,
      2, 86, 87, -1,
      2, 87, 3, -1,
      3, 87, 88, -1,
      3, 88, 5, -1,
      5, 88, 89, -1,
      5, 89, 33, -1,
      33, 89, 90, -1,
      33, 90, 34, -1,
      34, 90, 91, -1,
      34, 91, 35, -1,
      35, 91, 92, -1,
      35, 92, 36, -1,
      36, 92, 93, -1,
      36, 93, 15, -1,
      15, 93, 94, -1,
      15, 94, 16, -1,
      16, 94, 95, -1,
      16, 95, 18, -1,
      18, 95, 96, -1,
      18, 96, 37, -1,
      37, 96, 73, -1,
      86, 85, 97, -1,
      97, 85, 84, -1,
      97, 84, 83, -1,
      89, 88, 97, -1,
      97, 88, 87, -1,
      97, 87, 86, -1,
      92, 91, 97, -1,
      97, 91, 90, -1,
      97, 90, 89, -1,
      95, 94, 97, -1,
      97, 94, 93, -1,
      97, 93, 92, -1,
      74, 73, 97, -1,
      97, 73, 96, -1,
      97, 96, 95, -1,
      77, 76, 97, -1,
      97, 76, 75, -1,
      97, 75, 74, -1,
      80, 79, 97, -1,
      97, 79, 78, -1,
      97, 78, 77, -1,
      83, 82, 97, -1,
      97, 82, 81, -1,
      97, 81, 80, -1,
    ]
  }
}

Shape {
  appearance Appearance {
    material Material {
      diffuseColor 1.0000 1.0000 1.0000
      specularColor 0.8784 0.8784 0.8784
      ambientIntensity 0.2
      transparency 0.0000
      shininess 0.5
    }
  }
  geometry IndexedFaceSet {
    ccw TRUE
    solid FALSE
    coord DEF co Coordinate {
      point [
        0.284038 0.531338 1.354331,
        -0.012537 0.017654 1.354331,
        -0.602171 0.019684 1.354331,
        0.318133 -0.511653 1.354331,
        0.021558 0.002031 1.354331,
        0.318132 0.511654 1.354331,
        0.284039 -0.531337 1.354331,
        -0.602171 -0.019685 1.354331,
        -0.009020 -0.019685 1.354331,
        0.318294 -0.511931 1.354331,
        0.284198 -0.531617 1.354331,
        0.320261 -0.516679 1.354331,
        0.320931 -0.521774 1.354331,
        0.296152 -0.540788 1.354331,
        0.291404 -0.538822 1.354331,
        0.287327 -0.535693 1.354331,
        0.320261 -0.526869 1.354331,
        0.318294 -0.531617 1.354331,
        0.315166 -0.535693 1.354331,
        0.311089 -0.538822 1.354331,
        0.306341 -0.540788 1.354331,
        0.301246 -0.541459 1.354331,
        0.284198 0.531617 1.354331,
        0.318294 0.511931 1.354331,
        0.287327 0.535693 1.354331,
        0.320261 0.516679 1.354331,
        0.296152 0.540788 1.354331,
        0.301246 0.541459 1.354331,
        0.306341 0.540788 1.354331,
        0.311089 0.538822 1.354331,
        0.315166 0.535693 1.354331,
        0.318294 0.531617 1.354331,
        0.291404 0.538822 1.354331,
        0.320261 0.526869 1.354331,
        0.320931 0.521774 1.354331,
        -0.602493 0.019685 1.314961,
        -0.602493 0.019685 1.354331,
        -0.607587 0.019014 1.314961,
        -0.607587 0.019014 1.354331,
        -0.612335 0.017048 1.314961,
        -0.612335 0.017048 1.354331,
        -0.616412 0.013919 1.314961,
        -0.616412 0.013919 1.354331,
        -0.619541 0.009843 1.314961,
        -0.619541 0.009843 1.354331,
        -0.621507 0.005095 1.314961,
        -0.621507 0.005095 1.354331,
        -0.622178 -0.000000 1.314961,
        -0.622178 -0.000000 1.354331,
        -0.621507 -0.005095 1.314961,
        -0.621507 -0.005095 1.354331,
        -0.619541 -0.009843 1.314961,
        -0.619541 -0.009843 1.354331,
        -0.616412 -0.013919 1.314961,
        -0.616412 -0.013919 1.354331,
        -0.612335 -0.017048 1.314961,
        -0.612335 -0.017048 1.354331,
        -0.607587 -0.019014 1.314961,
        -0.607587 -0.019014 1.354331,
        -0.602493 -0.019685 1.314961,
        -0.602493 -0.019685 1.354331,
        -0.012537 0.017654 1.314961,
        0.284198 0.531617 1.314961,
        0.318294 0.511931 1.314961,
        0.320261 0.516679 1.314961,
        0.320931 0.521774 1.314961,
        0.320261 0.526869 1.314961,
        0.318294 0.531617 1.314961,
        0.315166 0.535693 1.314961,
        0.311089 0.538822 1.314961,
        0.306341 0.540788 1.314961,
        0.301246 0.541459 1.314961,
        0.296152 0.540788 1.314961,
        0.291404 0.538822 1.314961,
        0.287327 0.535693 1.314961,
        0.021558 0.002031 1.314961,
        0.318294 -0.511931 1.314961,
        0.284198 -0.531617 1.314961,
        0.287327 -0.535693 1.314961,
        0.291404 -0.538822 1.314961,
        0.296152 -0.540788 1.314961,
        0.301246 -0.541459 1.314961,
        0.306341 -0.540788 1.314961,
        0.311089 -0.538822 1.314961,
        0.315166 -0.535693 1.314961,
        0.318294 -0.531617 1.314961,
        0.320261 -0.526869 1.314961,
        0.320931 -0.521774 1.314961,
        0.320261 -0.516679 1.314961,
        -0.009020 -0.019685 1.314961,
      ]
    }
    coordIndex [
      6, 3, 9, -1,
      6, 9, 10, -1,
      10, 9, 11, -1,
      10, 11, 12, -1,
      13, 14, 15, -1,
      12, 16, 10, -1,
      10, 16, 17, -1,
      10, 17, 18, -1,
      18, 19, 10, -1,
      10, 19, 20, -1,
      10, 20, 15, -1,
      15, 20, 21, -1,
      15, 21, 13, -1,
      5, 0, 22, -1,
      5, 22, 23, -1,
      23, 22, 24, -1,
      23, 24, 25, -1,
      26, 27, 28, -1,
      29, 30, 24, -1,
      24, 30, 31, -1,
      29, 24, 28, -1,
      28, 24, 32, -1,
      28, 32, 26, -1,
      31, 33, 24, -1,
      24, 33, 34, -1,
      24, 34, 25, -1,
      35, 36, 37, -1,
      37, 36, 38, -1,
      37, 38, 39, -1,
      39, 38, 40, -1,
      39, 40, 41, -1,
      41, 40, 42, -1,
      41, 42, 43, -1,
      43, 42, 44, -1,
      43, 44, 45, -1,
      45, 44, 46, -1,
      45, 46, 47, -1,
      47, 46, 48, -1,
      47, 48, 49, -1,
      49, 48, 50, -1,
      49, 50, 51, -1,
      51, 50, 52, -1,
      51, 52, 53, -1,
      53, 52, 54, -1,
      53, 54, 55, -1,
      55, 54, 56, -1,
      55, 56, 57, -1,
      57, 56, 58, -1,
      57, 58, 59, -1,
      59, 58, 60, -1,
      36, 35, 2, -1,
      2, 35, 61, -1,
      2, 61, 1, -1,
      1, 61, 0, -1,
      0, 61, 62, -1,
      0, 62, 22, -1,
      63, 23, 64, -1,
      64, 23, 25, -1,
      64, 25, 65, -1,
      65, 25, 34, -1,
      65, 34, 66, -1,
      66, 34, 33, -1,
      66, 33, 67, -1,
      67, 33, 31, -1,
      67, 31, 68, -1,
      68, 31, 30, -1,
      68, 30, 69, -1,
      69, 30, 29, -1,
      69, 29, 70, -1,
      70, 29, 28, -1,
      70, 28, 71, -1,
      71, 28, 27, -1,
      71, 27, 72, -1,
      72, 27, 26, -1,
      72, 26, 73, -1,
      73, 26, 32, -1,
      73, 32, 74, -1,
      74, 32, 24, -1,
      74, 24, 62, -1,
      62, 24, 22, -1,
      23, 63, 5, -1,
      5, 63, 75, -1,
      5, 75, 4, -1,
      4, 75, 3, -1,
      3, 75, 76, -1,
      3, 76, 9, -1,
      77, 10, 78, -1,
      78, 10, 15, -1,
      78, 15, 79, -1,
      79, 15, 14, -1,
      79, 14, 80, -1,
      80, 14, 13, -1,
      80, 13, 81, -1,
      81, 13, 21, -1,
      81, 21, 82, -1,
      82, 21, 20, -1,
      82, 20, 83, -1,
      83, 20, 19, -1,
      83, 19, 84, -1,
      84, 19, 18, -1,
      84, 18, 85, -1,
      85, 18, 17, -1,
      85, 17, 86, -1,
      86, 17, 16, -1,
      86, 16, 87, -1,
      87, 16, 12, -1,
      87, 12, 88, -1,
      88, 12, 11, -1,
      88, 11, 76, -1,
      76, 11, 9, -1,
      10, 77, 6, -1,
      6, 77, 89, -1,
      6, 89, 8, -1,
      8, 89, 7, -1,
      7, 89, 59, -1,
      7, 59, 60, -1,
      45, 47, 35, -1,
      68, 62, 89, -1,
      89, 62, 61, -1,
      89, 61, 59, -1,
      59, 61, 35, -1,
      39, 41, 43, -1,
      66, 67, 65, -1,
      65, 67, 68, -1,
      65, 68, 64, -1,
      68, 69, 62, -1,
      62, 69, 70, -1,
      62, 70, 71, -1,
      71, 72, 62, -1,
      62, 72, 73, -1,
      62, 73, 74, -1,
      87, 88, 77, -1,
      77, 88, 76, -1,
      77, 76, 89, -1,
      89, 76, 75, -1,
      89, 75, 68, -1,
      68, 75, 63, -1,
      68, 63, 64, -1,
      45, 35, 43, -1,
      43, 35, 37, -1,
      43, 37, 39, -1,
      47, 49, 35, -1,
      35, 49, 51, -1,
      35, 51, 53, -1,
      53, 55, 35, -1,
      35, 55, 57, -1,
      35, 57, 59, -1,
      78, 79, 80, -1,
      80, 81, 78, -1,
      78, 81, 82, -1,
      78, 82, 83, -1,
      83, 84, 78, -1,
      78, 84, 85, -1,
      78, 85, 77, -1,
      77, 85, 86, -1,
      77, 86, 87, -1,
      38, 36, 60, -1,
      60, 36, 2, -1,
      60, 2, 7, -1,
      58, 48, 60, -1,
      60, 48, 46, -1,
      60, 46, 44, -1,
      52, 50, 54, -1,
      54, 50, 48, -1,
      54, 48, 56, -1,
      56, 48, 58, -1,
      44, 42, 60, -1,
      60, 42, 40, -1,
      60, 40, 38, -1,
    ]
  }
}

Shape {
  appearance Appearance {
    material Material {
      diffuseColor 1.0000 1.0000 1.0000
      specularColor 0.5020 0.5020 0.5020
      ambientIntensity 0.2
      transparency 0.0000
      shininess 0.5
    }
  }
  geometry IndexedFaceSet {
    ccw TRUE
    solid FALSE
    coord DEF co Coordinate {
      point [
        -0.105775 0.780265 0.015655,
        -0.106072 0.780223 0.015767,
        -0.271963 0.738943 0.007176,
        -0.274769 0.737905 0.004392,
        -0.263622 0.741960 0.012957,
        -0.279675 0.736059 -0.002624,
        -0.282583 0.734948 -0.010282,
        -0.283560 0.734571 -0.015743,
        -0.283837 0.734464 -0.021318,
        -0.283560 0.734571 -0.026419,
        -0.281554 0.735343 -0.035779,
        -0.277551 0.736863 -0.044032,
        -0.271550 0.739095 -0.051074,
        -0.263139 0.742131 -0.057013,
        -0.253985 0.745314 -0.060512,
        -0.240381 0.749812 -0.062069,
        -0.235703 0.751237 -0.062036,
        -0.253983 0.745315 0.016556,
        -0.116639 0.778715 -0.052635,
        -0.123528 0.777652 -0.053381,
        -0.121889 0.777910 0.010662,
        -0.114166 0.779081 0.018842,
        -0.125748 0.777296 0.020166,
        -0.136227 0.775528 0.019268,
        -0.144698 0.773992 0.016757,
        -0.160738 0.770821 0.018567,
        -0.201979 0.761056 0.018275,
        -0.201914 0.761073 0.009065,
        -0.170761 0.768662 -0.025511,
        -0.170570 0.768705 -0.052445,
        -0.199395 0.761737 -0.025714,
        -0.203298 0.760704 -0.052678,
        -0.199460 0.761720 -0.016544,
        -0.144238 0.774078 -0.048165,
        -0.144622 0.774006 0.005950,
        -0.136329 0.775510 -0.051649,
        -0.143689 0.774175 0.006328,
        -0.127259 0.777050 -0.053269,
        -0.125785 0.777290 0.010832,
        -0.135634 0.775632 0.009586,
        -0.108781 0.779851 0.006179,
        -0.106072 0.780220 0.003915,
        -0.106072 0.780222 -0.047525,
        -0.115022 0.778955 0.009217,
        -0.110742 0.779575 -0.050597,
        -0.218358 0.756519 -0.061913,
        -0.218926 0.756355 0.018154,
        -0.235698 0.751223 0.018035,
        -0.241767 0.749366 0.017993,
        -0.203233 0.760722 -0.061806,
        -0.171008 0.768607 0.009283,
        -0.170827 0.768648 -0.016341,
        -0.160170 0.770939 -0.061500,
        -0.144168 0.774091 -0.058071,
        -0.142797 0.774345 -0.058742,
        -0.134180 0.775885 -0.061500,
        -0.121969 0.777898 -0.062580,
        -0.117128 0.778641 -0.062317,
        -0.108465 0.779895 -0.060467,
        -0.095436 0.781596 -0.025662,
        -0.103359 0.780588 0.001517,
        -0.095321 0.781611 -0.021905,
        -0.099449 0.781096 -0.004019,
        -0.096718 0.781439 -0.010915,
        -0.096785 0.781431 -0.033502,
        -0.099439 0.781098 -0.039870,
        -0.103019 0.780633 -0.044802,
        -0.103904 0.780516 0.002104,
        -0.105328 0.780325 -0.047035,
        -0.106071 0.780217 -0.059317,
        -0.100934 0.780906 -0.056849,
        -0.080921 0.783232 -0.060938,
        -0.038697 0.786450 -0.060639,
        -0.049601 0.785838 0.019356,
        -0.039265 0.786422 0.019429,
        -0.094538 0.781706 -0.051456,
        -0.093886 0.781784 -0.050733,
        -0.080986 0.783226 -0.051810,
        -0.089156 0.782338 -0.043865,
        -0.049098 0.785869 -0.051584,
        -0.085955 0.782696 -0.035487,
        -0.084469 0.782858 -0.022443,
        -0.084639 0.782839 -0.018262,
        -0.086530 0.782633 -0.007822,
        -0.090396 0.782196 0.001044,
        -0.096254 0.781496 0.008586,
        -0.098243 0.781249 0.010458,
        -0.080986 0.783622 -0.051810,
        -0.080921 0.783628 -0.060938,
        -0.049098 0.786264 -0.051584,
        -0.049601 0.786232 0.019356,
        -0.039265 0.786816 0.019429,
        -0.038697 0.786844 -0.060639,
        -0.121969 0.778296 -0.062580,
        -0.134180 0.776284 -0.061500,
        -0.142797 0.774745 -0.058742,
        -0.144168 0.774492 -0.058071,
        -0.144238 0.774478 -0.048165,
        -0.136329 0.775910 -0.051649,
        -0.127259 0.777449 -0.053269,
        -0.123528 0.778050 -0.053381,
        -0.116639 0.779113 -0.052635,
        -0.105328 0.780722 -0.047035,
        -0.110742 0.779973 -0.050597,
        -0.103019 0.781030 -0.044802,
        -0.099439 0.781494 -0.039870,
        -0.096785 0.781828 -0.033502,
        -0.095436 0.781993 -0.025662,
        -0.095321 0.782007 -0.021905,
        -0.096718 0.781836 -0.010915,
        -0.099449 0.781493 -0.004019,
        -0.103359 0.780985 0.001517,
        -0.103904 0.780913 0.002104,
        -0.108781 0.780249 0.006179,
        -0.115022 0.779353 0.009217,
        -0.121889 0.778309 0.010662,
        -0.125785 0.777689 0.010832,
        -0.135634 0.776031 0.009586,
        -0.143689 0.774576 0.006328,
        -0.144622 0.774407 0.005950,
        -0.144698 0.774393 0.016757,
        -0.136227 0.775928 0.019268,
        -0.125748 0.777694 0.020166,
        -0.105775 0.780662 0.015655,
        -0.114166 0.779479 0.018842,
        -0.098243 0.781645 0.010458,
        -0.096254 0.781893 0.008586,
        -0.090396 0.782592 0.001044,
        -0.086530 0.783029 -0.007822,
        -0.084639 0.783235 -0.018262,
        -0.084469 0.783254 -0.022443,
        -0.085955 0.783092 -0.035487,
        -0.089156 0.782734 -0.043865,
        -0.093886 0.782181 -0.050733,
        -0.094538 0.782102 -0.051456,
        -0.100934 0.781303 -0.056849,
        -0.108465 0.780293 -0.060467,
        -0.117128 0.779039 -0.062317,
        -0.203298 0.761112 -0.052678,
        -0.203233 0.761130 -0.061806,
        -0.170570 0.769108 -0.052445,
        -0.170761 0.769065 -0.025511,
        -0.199395 0.762144 -0.025714,
        -0.199460 0.762127 -0.016544,
        -0.170827 0.769051 -0.016341,
        -0.171008 0.769011 0.009283,
        -0.201914 0.761480 0.009065,
        -0.201979 0.761463 0.018275,
        -0.160738 0.771223 0.018567,
        -0.160170 0.771341 -0.061500,
        -0.218358 0.756929 -0.061913,
        -0.218926 0.756765 0.018154,
        -0.241767 0.749780 0.017993,
        -0.271963 0.739363 0.007176,
        -0.263622 0.742378 0.012957,
        -0.253983 0.745730 0.016556,
        -0.283837 0.734886 -0.021318,
        -0.283561 0.734993 -0.015754,
        -0.282583 0.735370 -0.010282,
        -0.279675 0.736480 -0.002624,
        -0.274769 0.738325 0.004392,
        -0.271550 0.739515 -0.051074,
        -0.277551 0.737283 -0.044032,
        -0.281554 0.735764 -0.035779,
        -0.283560 0.734993 -0.026419,
        -0.240381 0.750226 -0.062069,
        -0.253985 0.745730 -0.060512,
        -0.263139 0.742549 -0.057013,
        -0.241293 0.749933 0.008785,
        -0.241293 0.749519 0.008785,
        -0.242227 0.749211 0.008665,
        -0.242227 0.749624 0.008665,
        -0.252437 0.745840 0.007354,
        -0.252437 0.746256 0.007354,
        -0.259217 0.743511 0.004654,
        -0.259217 0.743928 0.004654,
        -0.264346 0.741702 0.001089,
        -0.264346 0.742120 0.001089,
        -0.271852 0.738984 -0.011502,
        -0.269636 0.740215 -0.005639,
        -0.269636 0.739796 -0.005639,
        -0.266565 0.741326 -0.001128,
        -0.266565 0.740908 -0.001128,
        -0.272967 0.738573 -0.021528,
        -0.272967 0.738993 -0.021528,
        -0.272730 0.738661 -0.016475,
        -0.272730 0.739081 -0.016468,
        -0.271852 0.739404 -0.011502,
        -0.272600 0.738709 -0.027133,
        -0.272600 0.739128 -0.027133,
        -0.270917 0.739328 -0.034337,
        -0.270917 0.739747 -0.034337,
        -0.268044 0.740374 -0.040190,
        -0.268044 0.740793 -0.040190,
        -0.264246 0.741738 -0.044759,
        -0.264246 0.742156 -0.044759,
        -0.263306 0.742072 -0.045624,
        -0.263306 0.742490 -0.045624,
        -0.258117 0.743893 -0.049176,
        -0.258117 0.744310 -0.049176,
        -0.251487 0.746161 -0.051694,
        -0.251487 0.746576 -0.051694,
        -0.240384 0.749811 -0.052941,
        -0.240384 0.750224 -0.052941,
        -0.228759 0.753439 -0.052858,
        -0.228759 0.753851 -0.052858,
        -0.229196 0.753306 0.008871,
        -0.229196 0.753718 0.008871,
      ]
    }
    coordIndex [
      87, 88, 77, -1,
      77, 88, 71, -1,
      89, 87, 79, -1,
      79, 87, 77, -1,
      90, 89, 73, -1,
      73, 89, 79, -1,
      91, 90, 74, -1,
      74, 90, 73, -1,
      92, 91, 72, -1,
      72, 91, 74, -1,
      88, 92, 71, -1,
      71, 92, 72, -1,
      90, 91, 89, -1,
      89, 91, 92, -1,
      89, 92, 87, -1,
      87, 92, 88, -1,
      93, 56, 55, -1,
      93, 55, 94, -1,
      94, 55, 54, -1,
      94, 54, 95, -1,
      95, 54, 53, -1,
      95, 53, 96, -1,
      97, 96, 33, -1,
      33, 96, 53, -1,
      97, 33, 35, -1,
      97, 35, 98, -1,
      98, 35, 37, -1,
      98, 37, 99, -1,
      99, 37, 19, -1,
      99, 19, 100, -1,
      44, 101, 18, -1,
      18, 101, 100, -1,
      18, 100, 19, -1,
      42, 102, 44, -1,
      44, 102, 103, -1,
      44, 103, 101, -1,
      42, 68, 102, -1,
      102, 68, 66, -1,
      102, 66, 104, -1,
      104, 66, 65, -1,
      104, 65, 105, -1,
      105, 65, 64, -1,
      105, 64, 106, -1,
      106, 64, 59, -1,
      106, 59, 107, -1,
      107, 59, 61, -1,
      107, 61, 108, -1,
      108, 61, 63, -1,
      108, 63, 109, -1,
      109, 63, 62, -1,
      109, 62, 110, -1,
      110, 62, 60, -1,
      110, 60, 111, -1,
      111, 60, 67, -1,
      111, 67, 112, -1,
      112, 67, 41, -1,
      112, 41, 113, -1,
      41, 40, 113, -1,
      113, 40, 43, -1,
      113, 43, 114, -1,
      114, 43, 20, -1,
      114, 20, 115, -1,
      115, 20, 38, -1,
      115, 38, 116, -1,
      116, 38, 39, -1,
      116, 39, 117, -1,
      117, 39, 36, -1,
      117, 36, 118, -1,
      118, 36, 34, -1,
      118, 34, 119, -1,
      120, 119, 24, -1,
      24, 119, 34, -1,
      120, 24, 23, -1,
      120, 23, 121, -1,
      121, 23, 22, -1,
      121, 22, 122, -1,
      122, 22, 21, -1,
      1, 123, 21, -1,
      21, 123, 124, -1,
      21, 124, 122, -1,
      1, 0, 123, -1,
      123, 0, 86, -1,
      123, 86, 125, -1,
      125, 86, 85, -1,
      125, 85, 126, -1,
      126, 85, 84, -1,
      126, 84, 127, -1,
      127, 84, 83, -1,
      127, 83, 128, -1,
      128, 83, 82, -1,
      128, 82, 129, -1,
      129, 82, 81, -1,
      129, 81, 130, -1,
      130, 81, 80, -1,
      130, 80, 131, -1,
      131, 80, 78, -1,
      131, 78, 132, -1,
      132, 78, 76, -1,
      132, 76, 133, -1,
      133, 76, 75, -1,
      133, 75, 134, -1,
      134, 75, 70, -1,
      134, 70, 135, -1,
      135, 70, 69, -1,
      135, 69, 136, -1,
      69, 58, 136, -1,
      136, 58, 57, -1,
      136, 57, 137, -1,
      137, 57, 56, -1,
      137, 56, 93, -1,
      96, 97, 95, -1,
      95, 97, 98, -1,
      95, 98, 94, -1,
      94, 98, 99, -1,
      94, 99, 93, -1,
      93, 99, 100, -1,
      93, 100, 137, -1,
      137, 100, 101, -1,
      137, 101, 136, -1,
      136, 101, 103, -1,
      136, 103, 135, -1,
      135, 103, 102, -1,
      135, 102, 134, -1,
      134, 102, 104, -1,
      134, 104, 133, -1,
      133, 104, 105, -1,
      133, 105, 132, -1,
      132, 105, 131, -1,
      131, 105, 106, -1,
      131, 106, 130, -1,
      106, 107, 130, -1,
      130, 107, 108, -1,
      130, 108, 129, -1,
      129, 108, 109, -1,
      129, 109, 128, -1,
      128, 109, 127, -1,
      127, 109, 110, -1,
      127, 110, 126, -1,
      110, 111, 126, -1,
      126, 111, 112, -1,
      126, 112, 125, -1,
      125, 112, 113, -1,
      125, 113, 123, -1,
      123, 113, 124, -1,
      124, 113, 114, -1,
      124, 114, 122, -1,
      114, 115, 122, -1,
      122, 115, 116, -1,
      122, 116, 121, -1,
      121, 116, 117, -1,
      121, 117, 120, -1,
      120, 117, 118, -1,
      120, 118, 119, -1,
      138, 139, 31, -1,
      31, 139, 49, -1,
      140, 138, 29, -1,
      29, 138, 31, -1,
      141, 140, 28, -1,
      28, 140, 29, -1,
      142, 141, 30, -1,
      30, 141, 28, -1,
      143, 142, 32, -1,
      32, 142, 30, -1,
      144, 143, 51, -1,
      51, 143, 32, -1,
      145, 144, 50, -1,
      50, 144, 51, -1,
      146, 145, 27, -1,
      27, 145, 50, -1,
      147, 146, 26, -1,
      26, 146, 27, -1,
      148, 147, 25, -1,
      25, 147, 26, -1,
      149, 148, 52, -1,
      52, 148, 25, -1,
      139, 149, 49, -1,
      49, 149, 52, -1,
      139, 138, 149, -1,
      149, 138, 140, -1,
      142, 143, 141, -1,
      141, 143, 144, -1,
      146, 147, 145, -1,
      145, 147, 148, -1,
      145, 148, 144, -1,
      144, 148, 149, -1,
      144, 149, 141, -1,
      141, 149, 140, -1,
      150, 151, 45, -1,
      45, 151, 46, -1,
      46, 151, 47, -1,
      47, 151, 152, -1,
      47, 152, 48, -1,
      153, 2, 4, -1,
      153, 4, 154, -1,
      154, 4, 17, -1,
      154, 17, 155, -1,
      155, 17, 48, -1,
      155, 48, 152, -1,
      156, 8, 157, -1,
      157, 8, 7, -1,
      157, 7, 158, -1,
      7, 6, 158, -1,
      158, 6, 5, -1,
      158, 5, 159, -1,
      159, 5, 3, -1,
      159, 3, 160, -1,
      160, 3, 2, -1,
      160, 2, 153, -1,
      161, 12, 11, -1,
      161, 11, 162, -1,
      162, 11, 10, -1,
      162, 10, 163, -1,
      163, 10, 9, -1,
      163, 9, 164, -1,
      164, 9, 8, -1,
      164, 8, 156, -1,
      165, 15, 14, -1,
      165, 14, 166, -1,
      166, 14, 13, -1,
      166, 13, 167, -1,
      167, 13, 12, -1,
      167, 12, 161, -1,
      15, 165, 16, -1,
      16, 165, 150, -1,
      16, 150, 45, -1,
      168, 169, 170, -1,
      168, 170, 171, -1,
      171, 170, 172, -1,
      171, 172, 173, -1,
      173, 172, 174, -1,
      173, 174, 175, -1,
      175, 174, 176, -1,
      175, 176, 177, -1,
      178, 179, 180, -1,
      180, 179, 181, -1,
      180, 181, 182, -1,
      182, 181, 177, -1,
      182, 177, 176, -1,
      183, 184, 185, -1,
      185, 184, 186, -1,
      185, 186, 178, -1,
      178, 186, 187, -1,
      178, 187, 179, -1,
      184, 183, 188, -1,
      184, 188, 189, -1,
      189, 188, 190, -1,
      189, 190, 191, -1,
      191, 190, 192, -1,
      191, 192, 193, -1,
      193, 192, 194, -1,
      193, 194, 195, -1,
      195, 194, 196, -1,
      195, 196, 197, -1,
      197, 196, 198, -1,
      197, 198, 199, -1,
      199, 198, 200, -1,
      199, 200, 201, -1,
      201, 200, 202, -1,
      201, 202, 203, -1,
      204, 205, 202, -1,
      202, 205, 203, -1,
      206, 207, 204, -1,
      204, 207, 205, -1,
      169, 168, 206, -1,
      206, 168, 207, -1,
      161, 197, 167, -1,
      167, 197, 199, -1,
      167, 199, 166, -1,
      166, 199, 201, -1,
      166, 201, 165, -1,
      165, 201, 203, -1,
      165, 203, 150, -1,
      150, 203, 205, -1,
      150, 205, 151, -1,
      151, 205, 207, -1,
      151, 207, 152, -1,
      207, 168, 152, -1,
      152, 168, 171, -1,
      152, 171, 155, -1,
      155, 171, 173, -1,
      155, 173, 154, -1,
      154, 173, 175, -1,
      154, 175, 153, -1,
      153, 175, 177, -1,
      153, 177, 160, -1,
      160, 177, 181, -1,
      160, 181, 159, -1,
      159, 181, 179, -1,
      159, 179, 158, -1,
      158, 179, 187, -1,
      158, 187, 157, -1,
      157, 187, 186, -1,
      157, 186, 156, -1,
      156, 186, 184, -1,
      156, 184, 164, -1,
      164, 184, 189, -1,
      164, 189, 163, -1,
      163, 189, 191, -1,
      163, 191, 162, -1,
      162, 191, 193, -1,
      162, 193, 161, -1,
      161, 193, 195, -1,
      161, 195, 197, -1,
    ]
  }
}

Shape {
  appearance Appearance {
    material Material {
      diffuseColor 0.0000 0.0000 0.0000
      specularColor 0.0000 0.0000 0.0000
      ambientIntensity 0.2
      transparency 0.0000
      shininess 0.5
    }
  }
  geometry IndexedFaceSet {
    ccw TRUE
    solid FALSE
    coord DEF co Coordinate {
      point [
        -0.241293 0.749519 0.008785,
        -0.242227 0.749211 0.008665,
        -0.252437 0.745840 0.007354,
        -0.259217 0.743511 0.004654,
        -0.264346 0.741702 0.001089,
        -0.271852 0.738984 -0.011502,
        -0.269636 0.739796 -0.005639,
        -0.266565 0.740908 -0.001128,
        -0.272967 0.738573 -0.021528,
        -0.272730 0.738661 -0.016475,
        -0.272600 0.738709 -0.027133,
        -0.270917 0.739328 -0.034337,
        -0.268044 0.740374 -0.040190,
        -0.264246 0.741738 -0.044759,
        -0.263306 0.742072 -0.045624,
        -0.258117 0.743893 -0.049176,
        -0.251487 0.746161 -0.051694,
        -0.240384 0.749811 -0.052941,
        -0.228759 0.753439 -0.052858,
        -0.229196 0.753306 0.008871,
        -0.268543 0.740193 -0.007693,
      ]
    }
    coordIndex [
      10, 8, 1, -1,
      14, 13, 1, -1,
      14, 1, 15, -1,
      13, 12, 1, -1,
      1, 12, 11, -1,
      1, 11, 10, -1,
      6, 20, 5, -1,
      5, 20, 9, -1,
      6, 7, 20, -1,
      20, 7, 4, -1,
      20, 4, 3, -1,
      8, 9, 1, -1,
      1, 9, 20, -1,
      1, 20, 2, -1,
      2, 20, 3, -1,
      19, 18, 0, -1,
      0, 18, 17, -1,
      0, 17, 1, -1,
      1, 17, 16, -1,
      1, 16, 15, -1,
    ]
  }
}

Shape {
  appearance Appearance {
    material Material {
      diffuseColor 1.0000 1.0000 1.0000
      specularColor 0.5020 0.5020 0.5020
      ambientIntensity 0.2
      transparency 0.0000
      shininess 0.5
    }
  }
  geometry IndexedFaceSet {
    ccw TRUE
    solid FALSE
    coord DEF co Coordinate {
      point [
        -0.299408 0.728256 -0.062488,
        -0.287987 0.732847 -0.062407,
        -0.358652 0.700965 -0.062908,
        -0.348611 0.706025 -0.062837,
        -0.340600 0.709924 -0.040879,
        -0.307259 0.724978 -0.040643,
        -0.319051 0.719866 0.017444,
        -0.330104 0.714866 0.017366,
        -0.360032 0.700270 -0.062918,
        -0.358643 0.700947 -0.059194,
        -0.360032 0.700713 -0.062918,
        -0.348611 0.706464 -0.062837,
        -0.340600 0.710361 -0.040879,
        -0.307259 0.725406 -0.040643,
        -0.299408 0.728681 -0.062488,
        -0.287987 0.733270 -0.062407,
        -0.319051 0.720297 0.017444,
        -0.330104 0.715299 0.017366,
        -0.322807 0.718190 0.001575,
        -0.322807 0.718622 0.001575,
        -0.310598 0.723554 -0.031619,
        -0.310598 0.723982 -0.031619,
        -0.323391 0.717927 0.003995,
        -0.323391 0.718359 0.003995,
        -0.324157 0.717582 0.007174,
        -0.324157 0.718014 0.007174,
        -0.324402 0.717471 0.007172,
        -0.324402 0.717903 0.007172,
        -0.325126 0.717143 0.003807,
        -0.325126 0.717575 0.003807,
        -0.325611 0.716923 0.001556,
        -0.325611 0.717356 0.001556,
        -0.337471 0.711417 -0.031810,
        -0.337471 0.711853 -0.031810,
      ]
    }
    coordIndex [
      8, 10, 2, -1,
      2, 10, 11, -1,
      2, 11, 3, -1,
      11, 12, 3, -1,
      3, 12, 4, -1,
      12, 13, 4, -1,
      4, 13, 5, -1,
      13, 14, 5, -1,
      5, 14, 0, -1,
      14, 15, 0, -1,
      0, 15, 1, -1,
      15, 16, 1, -1,
      1, 16, 6, -1,
      16, 17, 6, -1,
      6, 17, 7, -1,
      7, 17, 9, -1,
      9, 17, 10, -1,
      9, 10, 8, -1,
      18, 19, 20, -1,
      20, 19, 21, -1,
      19, 18, 22, -1,
      19, 22, 23, -1,
      23, 22, 24, -1,
      23, 24, 25, -1,
      26, 27, 24, -1,
      24, 27, 25, -1,
      27, 26, 28, -1,
      27, 28, 29, -1,
      29, 28, 30, -1,
      29, 30, 31, -1,
      32, 33, 30, -1,
      30, 33, 31, -1,
      20, 21, 32, -1,
      32, 21, 33, -1,
      21, 13, 33, -1,
      33, 13, 12, -1,
      19, 16, 21, -1,
      21, 16, 15, -1,
      21, 15, 13, -1,
      13, 15, 14, -1,
      19, 23, 16, -1,
      16, 23, 25, -1,
      16, 25, 17, -1,
      17, 25, 27, -1,
      17, 27, 29, -1,
      29, 31, 17, -1,
      17, 31, 33, -1,
      17, 33, 10, -1,
      10, 33, 12, -1,
      10, 12, 11, -1,
    ]
  }
}

Shape {
  appearance Appearance {
    material Material {
      diffuseColor 0.0000 0.0000 0.0000
      specularColor 0.0000 0.0000 0.0000
      ambientIntensity 0.2
      transparency 0.0000
      shininess 0.5
    }
  }
  geometry IndexedFaceSet {
    ccw TRUE
    solid FALSE
    coord DEF co Coordinate {
      point [
        -0.322807 0.718190 0.001575,
        -0.310598 0.723554 -0.031619,
        -0.323391 0.717927 0.003995,
        -0.324157 0.717582 0.007174,
        -0.324402 0.717471 0.007172,
        -0.325126 0.717143 0.003807,
        -0.325611 0.716923 0.001556,
        -0.337471 0.711417 -0.031810,
      ]
    }
    coordIndex [
      1, 7, 0, -1,
      0, 7, 6, -1,
      0, 6, 2, -1,
      2, 6, 5, -1,
      2, 5, 3, -1,
      3, 5, 4, -1,
    ]
  }
}

Shape {
  appearance Appearance {
    material Material {
      diffuseColor 1.0000 1.0000 1.0000
      specularColor 0.5020 0.5020 0.5020
      ambientIntensity 0.2
      transparency 0.0000
      shininess 0.5
    }
  }
  geometry IndexedFaceSet {
    ccw TRUE
    solid FALSE
    coord DEF co Coordinate {
      point [
        -0.136407 0.775496 -0.188357,
        -0.126378 0.777194 -0.188286,
        -0.126441 0.777183 -0.179444,
        -0.126175 0.777226 -0.179443,
        -0.123693 0.777625 -0.182930,
        -0.120385 0.778144 -0.185993,
        -0.118214 0.778477 -0.187342,
        -0.136668 0.775450 -0.151557,
        -0.136018 0.775565 -0.144286,
        -0.134513 0.775827 -0.139600,
        -0.106072 0.780224 -0.130864,
        -0.116150 0.778788 -0.129716,
        -0.122441 0.777824 -0.130357,
        -0.126597 0.777158 -0.131702,
        -0.129883 0.776616 -0.133666,
        -0.132511 0.776172 -0.136285,
        -0.077022 0.783626 -0.151871,
        -0.048388 0.785913 -0.151668,
        -0.048197 0.785925 -0.178603,
        -0.096354 0.781484 -0.144640,
        -0.080924 0.783232 -0.178835,
        -0.102184 0.780743 -0.140872,
        -0.106071 0.780219 -0.139458,
        -0.079606 0.783367 -0.107883,
        -0.079540 0.783374 -0.117093,
        -0.048635 0.785898 -0.116874,
        -0.048453 0.785909 -0.142499,
        -0.077087 0.783619 -0.142702,
        -0.114213 0.779074 -0.188866,
        -0.108583 0.779879 -0.189511,
        -0.106071 0.780219 -0.189201,
        -0.102588 0.780690 -0.188772,
        -0.098754 0.781184 -0.187295,
        -0.095393 0.781602 -0.184915,
        -0.080859 0.783239 -0.187963,
        -0.094297 0.781735 -0.183789,
        -0.093163 0.781871 -0.182314,
        -0.092230 0.781981 -0.180700,
        -0.091036 0.782121 -0.177305,
        -0.090567 0.782176 -0.172722,
        -0.090626 0.782169 -0.171142,
        -0.091354 0.782084 -0.166899,
        -0.092813 0.781913 -0.163412,
        -0.094891 0.781663 -0.160594,
        -0.098072 0.781270 -0.157979,
        -0.102518 0.780699 -0.155843,
        -0.037796 0.786494 -0.187658,
        -0.038364 0.786467 -0.107591,
        -0.096423 0.781476 -0.134898,
        -0.098511 0.781215 -0.133708,
        -0.105990 0.780235 -0.130874,
        -0.118546 0.778427 -0.138235,
        -0.115151 0.778936 -0.137855,
        -0.109672 0.779726 -0.154191,
        -0.126636 0.777152 -0.151937,
        -0.126319 0.777203 -0.147500,
        -0.125307 0.777367 -0.143921,
        -0.124143 0.777554 -0.141848,
        -0.122639 0.777793 -0.140224,
        -0.120867 0.778070 -0.139064,
        -0.106071 0.780216 -0.155022,
        -0.108453 0.779897 -0.138592,
        -0.080924 0.783628 -0.178835,
        -0.080859 0.783635 -0.187963,
        -0.048197 0.786320 -0.178603,
        -0.048388 0.786308 -0.151668,
        -0.077022 0.784021 -0.151871,
        -0.077087 0.784015 -0.142702,
        -0.048453 0.786304 -0.142499,
        -0.048635 0.786293 -0.116874,
        -0.079540 0.783770 -0.117093,
        -0.079606 0.783763 -0.107883,
        -0.038364 0.786861 -0.107591,
        -0.037796 0.786888 -0.187658,
        -0.136668 0.775850 -0.151557,
        -0.136018 0.775964 -0.144286,
        -0.134513 0.776226 -0.139600,
        -0.132511 0.776571 -0.136285,
        -0.129883 0.777015 -0.133666,
        -0.126597 0.777557 -0.131702,
        -0.122441 0.778222 -0.130357,
        -0.116150 0.779186 -0.129716,
        -0.136407 0.775896 -0.188357,
        -0.126378 0.777593 -0.188286,
        -0.126441 0.777582 -0.179444,
        -0.126175 0.777625 -0.179443,
        -0.108583 0.780276 -0.189511,
        -0.114213 0.779472 -0.188866,
        -0.118214 0.778876 -0.187342,
        -0.120385 0.778543 -0.185993,
        -0.123693 0.778024 -0.182930,
        -0.102588 0.781087 -0.188772,
        -0.098754 0.781581 -0.187295,
        -0.095393 0.781998 -0.184915,
        -0.090567 0.782572 -0.172722,
        -0.091036 0.782518 -0.177305,
        -0.092230 0.782378 -0.180700,
        -0.093166 0.782267 -0.182318,
        -0.094372 0.782122 -0.183725,
        -0.109672 0.780124 -0.154191,
        -0.102518 0.781096 -0.155843,
        -0.098072 0.781667 -0.157979,
        -0.094891 0.782059 -0.160594,
        -0.092813 0.782309 -0.163412,
        -0.091354 0.782481 -0.166899,
        -0.090626 0.782565 -0.171142,
        -0.126636 0.777550 -0.151937,
        -0.115151 0.779334 -0.137855,
        -0.118546 0.778825 -0.138235,
        -0.120867 0.778468 -0.139064,
        -0.122639 0.778191 -0.140224,
        -0.124143 0.777952 -0.141848,
        -0.125307 0.777766 -0.143921,
        -0.126319 0.777602 -0.147500,
        -0.096354 0.781881 -0.144640,
        -0.102184 0.781140 -0.140872,
        -0.108453 0.780294 -0.138592,
        -0.096423 0.781872 -0.134898,
        -0.105990 0.780633 -0.130874,
        -0.098511 0.781612 -0.133708,
        -0.126582 0.777160 -0.159591,
        -0.126582 0.777559 -0.159591,
        -0.113183 0.779224 -0.161298,
        -0.113183 0.779622 -0.161298,
        -0.126543 0.777167 -0.165076,
        -0.126543 0.777566 -0.165076,
        -0.126528 0.777169 -0.165742,
        -0.126528 0.777568 -0.165742,
        -0.125851 0.777279 -0.170212,
        -0.125851 0.777678 -0.170212,
        -0.124355 0.777520 -0.173780,
        -0.124355 0.777919 -0.173780,
        -0.122162 0.777867 -0.176712,
        -0.122162 0.778266 -0.176712,
        -0.120896 0.778065 -0.177932,
        -0.120896 0.778464 -0.177932,
        -0.118048 0.778502 -0.179825,
        -0.118048 0.778900 -0.179825,
        -0.114998 0.778959 -0.180908,
        -0.114998 0.779357 -0.180908,
        -0.111241 0.779504 -0.181302,
        -0.111241 0.779902 -0.181302,
        -0.107856 0.779980 -0.180896,
        -0.107856 0.780377 -0.180896,
        -0.105593 0.780289 -0.180048,
        -0.105593 0.780687 -0.180048,
        -0.103604 0.780556 -0.178669,
        -0.103604 0.780953 -0.178669,
        -0.102757 0.780668 -0.177805,
        -0.102757 0.781065 -0.177805,
        -0.101630 0.780815 -0.176107,
        -0.101630 0.781213 -0.176107,
        -0.100983 0.780899 -0.174280,
        -0.100983 0.781296 -0.174280,
        -0.100745 0.780930 -0.171976,
        -0.100745 0.781327 -0.171976,
        -0.100841 0.780918 -0.170384,
        -0.100841 0.781315 -0.170384,
        -0.101353 0.780851 -0.168091,
        -0.101353 0.781248 -0.168091,
        -0.102246 0.780735 -0.166227,
        -0.102246 0.781132 -0.166227,
        -0.103457 0.780575 -0.164749,
        -0.103457 0.780972 -0.164749,
        -0.104348 0.780457 -0.164030,
        -0.104348 0.780854 -0.164030,
        -0.106447 0.780173 -0.162916,
        -0.106447 0.780570 -0.162916,
      ]
    }
    coordIndex [
      62, 63, 20, -1,
      20, 63, 34, -1,
      64, 62, 18, -1,
      18, 62, 20, -1,
      65, 64, 17, -1,
      17, 64, 18, -1,
      66, 65, 16, -1,
      16, 65, 17, -1,
      67, 66, 27, -1,
      27, 66, 16, -1,
      68, 67, 26, -1,
      26, 67, 27, -1,
      69, 68, 25, -1,
      25, 68, 26, -1,
      70, 69, 24, -1,
      24, 69, 25, -1,
      71, 70, 23, -1,
      23, 70, 24, -1,
      72, 71, 47, -1,
      47, 71, 23, -1,
      73, 72, 46, -1,
      46, 72, 47, -1,
      63, 73, 34, -1,
      34, 73, 46, -1,
      63, 62, 73, -1,
      73, 62, 64, -1,
      66, 67, 65, -1,
      65, 67, 68, -1,
      70, 71, 69, -1,
      69, 71, 72, -1,
      69, 72, 68, -1,
      68, 72, 73, -1,
      68, 73, 65, -1,
      65, 73, 64, -1,
      74, 7, 8, -1,
      74, 8, 75, -1,
      75, 8, 9, -1,
      75, 9, 76, -1,
      76, 9, 15, -1,
      76, 15, 77, -1,
      77, 15, 14, -1,
      77, 14, 78, -1,
      78, 14, 13, -1,
      78, 13, 79, -1,
      79, 13, 12, -1,
      79, 12, 80, -1,
      80, 12, 11, -1,
      80, 11, 81, -1,
      74, 82, 7, -1,
      7, 82, 0, -1,
      82, 83, 0, -1,
      0, 83, 1, -1,
      83, 84, 1, -1,
      1, 84, 2, -1,
      84, 85, 2, -1,
      2, 85, 3, -1,
      86, 29, 28, -1,
      86, 28, 87, -1,
      87, 28, 6, -1,
      87, 6, 88, -1,
      88, 6, 5, -1,
      88, 5, 89, -1,
      89, 5, 4, -1,
      89, 4, 90, -1,
      90, 4, 3, -1,
      90, 3, 85, -1,
      29, 86, 30, -1,
      30, 86, 91, -1,
      30, 91, 31, -1,
      31, 91, 92, -1,
      31, 92, 32, -1,
      32, 92, 93, -1,
      32, 93, 33, -1,
      94, 39, 38, -1,
      94, 38, 95, -1,
      95, 38, 37, -1,
      95, 37, 96, -1,
      96, 37, 97, -1,
      97, 37, 36, -1,
      97, 36, 98, -1,
      36, 35, 98, -1,
      98, 35, 33, -1,
      98, 33, 93, -1,
      99, 53, 60, -1,
      99, 60, 100, -1,
      60, 45, 100, -1,
      100, 45, 44, -1,
      100, 44, 101, -1,
      101, 44, 43, -1,
      101, 43, 102, -1,
      102, 43, 42, -1,
      102, 42, 103, -1,
      103, 42, 41, -1,
      103, 41, 104, -1,
      104, 41, 40, -1,
      104, 40, 105, -1,
      105, 40, 39, -1,
      105, 39, 94, -1,
      99, 106, 53, -1,
      53, 106, 54, -1,
      107, 52, 51, -1,
      107, 51, 108, -1,
      108, 51, 59, -1,
      108, 59, 109, -1,
      109, 59, 58, -1,
      109, 58, 110, -1,
      110, 58, 57, -1,
      110, 57, 111, -1,
      111, 57, 56, -1,
      111, 56, 112, -1,
      112, 56, 55, -1,
      112, 55, 113, -1,
      113, 55, 54, -1,
      113, 54, 106, -1,
      114, 19, 21, -1,
      114, 21, 115, -1,
      115, 21, 22, -1,
      115, 22, 116, -1,
      22, 61, 116, -1,
      116, 61, 52, -1,
      116, 52, 107, -1,
      114, 117, 19, -1,
      19, 117, 48, -1,
      11, 10, 81, -1,
      81, 10, 118, -1,
      10, 50, 118, -1,
      118, 50, 49, -1,
      118, 49, 119, -1,
      119, 49, 48, -1,
      119, 48, 117, -1,
      120, 121, 122, -1,
      122, 121, 123, -1,
      124, 125, 120, -1,
      120, 125, 121, -1,
      125, 124, 126, -1,
      125, 126, 127, -1,
      127, 126, 128, -1,
      127, 128, 129, -1,
      129, 128, 130, -1,
      129, 130, 131, -1,
      131, 130, 132, -1,
      131, 132, 133, -1,
      133, 132, 134, -1,
      133, 134, 135, -1,
      135, 134, 136, -1,
      135, 136, 137, -1,
      137, 136, 138, -1,
      137, 138, 139, -1,
      139, 138, 140, -1,
      139, 140, 141, -1,
      141, 140, 142, -1,
      141, 142, 143, -1,
      143, 142, 144, -1,
      143, 144, 145, -1,
      145, 144, 146, -1,
      145, 146, 147, -1,
      147, 146, 148, -1,
      147, 148, 149, -1,
      149, 148, 150, -1,
      149, 150, 151, -1,
      151, 150, 152, -1,
      151, 152, 153, -1,
      153, 152, 154, -1,
      153, 154, 155, -1,
      155, 154, 156, -1,
      155, 156, 157, -1,
      157, 156, 158, -1,
      157, 158, 159, -1,
      159, 158, 160, -1,
      159, 160, 161, -1,
      161, 160, 162, -1,
      161, 162, 163, -1,
      163, 162, 164, -1,
      163, 164, 165, -1,
      165, 164, 166, -1,
      165, 166, 167, -1,
      167, 166, 122, -1,
      167, 122, 123, -1,
      117, 114, 119, -1,
      119, 114, 115, -1,
      119, 115, 118, -1,
      118, 115, 116, -1,
      118, 116, 81, -1,
      81, 116, 107, -1,
      81, 107, 80, -1,
      80, 107, 108, -1,
      80, 108, 79, -1,
      79, 108, 109, -1,
      79, 109, 78, -1,
      78, 109, 110, -1,
      78, 110, 77, -1,
      77, 110, 111, -1,
      77, 111, 76, -1,
      76, 111, 112, -1,
      76, 112, 75, -1,
      75, 112, 113, -1,
      123, 121, 106, -1,
      137, 139, 88, -1,
      88, 139, 87, -1,
      87, 139, 141, -1,
      87, 141, 86, -1,
      86, 141, 143, -1,
      86, 143, 91, -1,
      91, 143, 145, -1,
      91, 145, 92, -1,
      92, 145, 147, -1,
      92, 147, 93, -1,
      93, 147, 149, -1,
      93, 149, 98, -1,
      98, 149, 97, -1,
      97, 149, 151, -1,
      97, 151, 96, -1,
      96, 151, 95, -1,
      95, 151, 153, -1,
      95, 153, 94, -1,
      94, 153, 155, -1,
      94, 155, 105, -1,
      105, 155, 157, -1,
      105, 157, 104, -1,
      104, 157, 103, -1,
      103, 157, 159, -1,
      103, 159, 102, -1,
      102, 159, 161, -1,
      102, 161, 101, -1,
      99, 165, 106, -1,
      106, 165, 167, -1,
      106, 167, 123, -1,
      161, 163, 101, -1,
      101, 163, 165, -1,
      101, 165, 100, -1,
      100, 165, 99, -1,
      113, 106, 75, -1,
      75, 106, 121, -1,
      75, 121, 74, -1,
      74, 121, 125, -1,
      74, 125, 127, -1,
      84, 129, 131, -1,
      84, 131, 85, -1,
      88, 89, 137, -1,
      137, 89, 90, -1,
      137, 90, 135, -1,
      135, 90, 85, -1,
      135, 85, 133, -1,
      133, 85, 131, -1,
      83, 82, 84, -1,
      84, 82, 74, -1,
      84, 74, 129, -1,
      129, 74, 127, -1,
    ]
  }
}

Shape {
  appearance Appearance {
    material Material {
      diffuseColor 0.0000 0.0000 0.0000
      specularColor 0.0000 0.0000 0.0000
      ambientIntensity 0.2
      transparency 0.0000
      shininess 0.5
    }
  }
  geometry IndexedFaceSet {
    ccw TRUE
    solid FALSE
    coord DEF co Coordinate {
      point [
        -0.126582 0.777160 -0.159591,
        -0.113183 0.779224 -0.161298,
        -0.126543 0.777167 -0.165076,
        -0.126528 0.777169 -0.165742,
        -0.125851 0.777279 -0.170212,
        -0.124355 0.777520 -0.173780,
        -0.122162 0.777867 -0.176712,
        -0.120896 0.778065 -0.177932,
        -0.118048 0.778502 -0.179825,
        -0.114998 0.778959 -0.180908,
        -0.111241 0.779504 -0.181302,
        -0.107856 0.779980 -0.180896,
        -0.105593 0.780289 -0.180048,
        -0.103604 0.780556 -0.178669,
        -0.102757 0.780668 -0.177805,
        -0.101630 0.780815 -0.176107,
        -0.100983 0.780899 -0.174280,
        -0.100745 0.780930 -0.171976,
        -0.100841 0.780918 -0.170384,
        -0.101353 0.780851 -0.168091,
        -0.102246 0.780735 -0.166227,
        -0.103457 0.780575 -0.164749,
        -0.104348 0.780457 -0.164030,
        -0.106447 0.780173 -0.162916,
        -0.116070 0.778800 -0.179617,
      ]
    }
    coordIndex [
      3, 2, 21, -1,
      3, 21, 4, -1,
      4, 21, 20, -1,
      4, 20, 5, -1,
      24, 10, 9, -1,
      15, 14, 7, -1,
      20, 19, 5, -1,
      5, 19, 18, -1,
      5, 18, 6, -1,
      6, 18, 17, -1,
      6, 17, 7, -1,
      7, 17, 16, -1,
      7, 16, 15, -1,
      13, 12, 24, -1,
      24, 12, 11, -1,
      24, 11, 10, -1,
      14, 13, 7, -1,
      7, 13, 24, -1,
      7, 24, 8, -1,
      8, 24, 9, -1,
      2, 0, 1, -1,
      1, 23, 2, -1,
      2, 23, 22, -1,
      2, 22, 21, -1,
    ]
  }
}

Shape {
  appearance Appearance {
    material Material {
      diffuseColor 1.0000 1.0000 1.0000
      specularColor 0.5020 0.5020 0.5020
      ambientIntensity 0.2
      transparency 0.0000
      shininess 0.5
    }
  }
  geometry IndexedFaceSet {
    ccw TRUE
    solid FALSE
    coord DEF co Coordinate {
      point [
        -0.301347 0.727456 -0.109456,
        -0.260106 0.743200 -0.109163,
        -0.301281 0.727482 -0.118666,
        -0.270194 0.739592 -0.144072,
        -0.298828 0.728494 -0.144275,
        -0.318294 0.720202 -0.109576,
        -0.270376 0.739526 -0.118447,
        -0.341135 0.709668 -0.109738,
        -0.270129 0.739616 -0.153241,
        -0.269938 0.739685 -0.180176,
        -0.298763 0.728520 -0.153444,
        -0.302665 0.726908 -0.180408,
        -0.317726 0.720452 -0.189643,
        -0.339748 0.710333 -0.189800,
        -0.259538 0.743398 -0.189231,
        -0.302600 0.726935 -0.189536,
        -0.238739 0.750337 -0.131895,
        -0.235711 0.751265 -0.140064,
        -0.353351 0.703665 -0.111175,
        -0.358649 0.700959 -0.113153,
        -0.362989 0.698742 -0.114773,
        -0.371331 0.694345 -0.120555,
        -0.374136 0.692837 -0.123338,
        -0.376919 0.691327 -0.171763,
        -0.370918 0.694566 -0.178804,
        -0.379043 0.690165 -0.130355,
        -0.381950 0.688560 -0.138012,
        -0.382926 0.688018 -0.143461,
        -0.379175 0.690092 -0.167774,
        -0.383205 0.687863 -0.149049,
        -0.382928 0.688017 -0.154150,
        -0.380921 0.689130 -0.163509,
        -0.362506 0.698993 -0.184744,
        -0.358650 0.700961 -0.186218,
        -0.353353 0.703664 -0.188242,
        -0.179808 0.766596 -0.186930,
        -0.174504 0.767821 -0.188919,
        -0.195720 0.762689 -0.214896,
        -0.249137 0.746948 -0.131969,
        -0.235683 0.751175 -0.165395,
        -0.222717 0.755247 -0.197607,
        -0.218115 0.756589 -0.206417,
        -0.214334 0.757667 -0.210726,
        -0.213725 0.757841 -0.211420,
        -0.210205 0.758825 -0.213843,
        -0.206237 0.759913 -0.215323,
        -0.202182 0.761002 -0.215760,
        -0.199969 0.761586 -0.215665,
        -0.188729 0.764449 -0.173173,
        -0.188224 0.764574 -0.177199,
        -0.216271 0.757119 -0.188801,
        -0.211797 0.758382 -0.199167,
        -0.186969 0.764881 -0.180369,
        -0.209772 0.758944 -0.202804,
        -0.185081 0.765341 -0.183000,
        -0.207889 0.759463 -0.204865,
        -0.182194 0.766033 -0.185489,
        -0.195783 0.762673 -0.205972,
        -0.197830 0.762144 -0.206659,
        -0.201465 0.761192 -0.207158,
        -0.204017 0.760512 -0.206872,
        -0.206204 0.759922 -0.206030,
        -0.166543 0.769587 -0.181735,
        -0.166979 0.769491 -0.181693,
        -0.165424 0.769829 -0.163428,
        -0.172130 0.768357 -0.181196,
        -0.174725 0.767771 -0.180267,
        -0.175643 0.767561 -0.179719,
        -0.176802 0.767296 -0.178705,
        -0.177283 0.767184 -0.178094,
        -0.171989 0.768389 -0.166233,
        -0.177686 0.767091 -0.177417,
        -0.178206 0.766970 -0.175994,
        -0.178427 0.766919 -0.174082,
        -0.178338 0.766940 -0.172834,
        -0.177893 0.767043 -0.171265,
        -0.177128 0.767220 -0.169930,
        -0.175887 0.767506 -0.168620,
        -0.154764 0.772042 -0.157495,
        -0.150085 0.772966 -0.176092,
        -0.159465 0.771085 -0.160646,
        -0.154178 0.772159 -0.178644,
        -0.160459 0.770879 -0.181004,
        -0.153136 0.772367 -0.155768,
        -0.150012 0.772980 -0.186448,
        -0.156007 0.771792 -0.188719,
        -0.165502 0.769812 -0.189915,
        -0.151843 0.772622 -0.153669,
        -0.150759 0.772835 -0.150598,
        -0.150355 0.772913 -0.146701,
        -0.150776 0.772831 -0.143120,
        -0.151993 0.772593 -0.139899,
        -0.153874 0.772220 -0.137202,
        -0.165825 0.769742 -0.130766,
        -0.160214 0.770930 -0.132620,
        -0.156868 0.771617 -0.134548,
        -0.186273 0.765051 -0.132751,
        -0.179773 0.766605 -0.130791,
        -0.172742 0.768220 -0.130117,
        -0.221291 0.755667 -0.179462,
        -0.221557 0.755589 -0.179464,
        -0.220096 0.756015 -0.174746,
        -0.222087 0.755432 -0.177520,
        -0.222817 0.755218 -0.174847,
        -0.205459 0.760123 -0.131659,
        -0.194244 0.763067 -0.131580,
        -0.186204 0.765068 -0.142493,
        -0.185440 0.765254 -0.163693,
        -0.187292 0.764802 -0.166469,
        -0.183063 0.765826 -0.161543,
        -0.160890 0.770789 -0.144276,
        -0.160697 0.770829 -0.145874,
        -0.163786 0.770179 -0.140329,
        -0.162264 0.770501 -0.141655,
        -0.161395 0.770683 -0.142925,
        -0.166044 0.769695 -0.139149,
        -0.168731 0.769111 -0.138457,
        -0.160779 0.770812 -0.147209,
        -0.161166 0.770731 -0.148769,
        -0.161879 0.770582 -0.150128,
        -0.162850 0.770377 -0.151211,
        -0.176429 0.767381 -0.157791,
        -0.183694 0.765674 -0.141048,
        -0.172557 0.768261 -0.156192,
        -0.178028 0.767012 -0.138990,
        -0.171702 0.768453 -0.138256,
        -0.188341 0.764545 -0.169433,
        -0.166543 0.769990 -0.181735,
        -0.160459 0.771281 -0.181004,
        -0.154178 0.772561 -0.178644,
        -0.150085 0.773367 -0.176092,
        -0.150012 0.773381 -0.186448,
        -0.156007 0.772194 -0.188719,
        -0.165502 0.770215 -0.189915,
        -0.174504 0.768225 -0.188919,
        -0.179808 0.767001 -0.186930,
        -0.182194 0.766437 -0.185489,
        -0.185081 0.765746 -0.183000,
        -0.186969 0.765287 -0.180369,
        -0.188224 0.764979 -0.177199,
        -0.188729 0.764855 -0.173173,
        -0.188341 0.764950 -0.169433,
        -0.187292 0.765208 -0.166469,
        -0.185440 0.765659 -0.163693,
        -0.183063 0.766230 -0.161543,
        -0.176429 0.767785 -0.157791,
        -0.172557 0.768665 -0.156192,
        -0.166369 0.769625 -0.153446,
        -0.166370 0.770028 -0.153446,
        -0.162850 0.770780 -0.151211,
        -0.161879 0.770984 -0.150128,
        -0.161166 0.771133 -0.148769,
        -0.160779 0.771214 -0.147209,
        -0.160697 0.771231 -0.145874,
        -0.160890 0.771191 -0.144276,
        -0.161395 0.771086 -0.142925,
        -0.162264 0.770903 -0.141655,
        -0.163786 0.770581 -0.140329,
        -0.166044 0.770098 -0.139149,
        -0.168731 0.769513 -0.138457,
        -0.171702 0.768856 -0.138256,
        -0.178028 0.767416 -0.138990,
        -0.183694 0.766080 -0.141048,
        -0.186204 0.765473 -0.142493,
        -0.186273 0.765457 -0.132751,
        -0.179773 0.767009 -0.130791,
        -0.172742 0.768623 -0.130117,
        -0.165825 0.770145 -0.130766,
        -0.160214 0.771332 -0.132620,
        -0.156868 0.772019 -0.134548,
        -0.153874 0.772622 -0.137202,
        -0.151993 0.772994 -0.139899,
        -0.150776 0.773232 -0.143120,
        -0.150355 0.773314 -0.146701,
        -0.150759 0.773235 -0.150598,
        -0.151843 0.773023 -0.153669,
        -0.153136 0.772768 -0.155768,
        -0.154764 0.772444 -0.157495,
        -0.159465 0.771487 -0.160646,
        -0.165424 0.770231 -0.163428,
        -0.171989 0.768792 -0.166233,
        -0.175887 0.767909 -0.168620,
        -0.177128 0.767624 -0.169930,
        -0.177893 0.767447 -0.171265,
        -0.178338 0.767344 -0.172834,
        -0.178427 0.767323 -0.174082,
        -0.178206 0.767375 -0.175994,
        -0.177686 0.767495 -0.177417,
        -0.177288 0.767587 -0.178087,
        -0.176802 0.767700 -0.178705,
        -0.175643 0.767965 -0.179719,
        -0.174725 0.768175 -0.180267,
        -0.172130 0.768760 -0.181196,
        -0.166979 0.769894 -0.181693,
        -0.238739 0.750750 -0.131895,
        -0.249137 0.747364 -0.131969,
        -0.222817 0.755628 -0.174847,
        -0.222087 0.755843 -0.177520,
        -0.221557 0.755999 -0.179464,
        -0.221291 0.756077 -0.179462,
        -0.220096 0.756425 -0.174746,
        -0.205459 0.760531 -0.131659,
        -0.194244 0.763473 -0.131580,
        -0.216271 0.757528 -0.188801,
        -0.211797 0.758791 -0.199167,
        -0.209772 0.759353 -0.202804,
        -0.207889 0.759871 -0.204865,
        -0.206204 0.760330 -0.206030,
        -0.204017 0.760920 -0.206872,
        -0.201465 0.761599 -0.207158,
        -0.197830 0.762551 -0.206659,
        -0.195783 0.763080 -0.205972,
        -0.195720 0.763096 -0.214896,
        -0.199969 0.761993 -0.215665,
        -0.202182 0.761409 -0.215760,
        -0.206237 0.760321 -0.215323,
        -0.210205 0.759233 -0.213843,
        -0.213725 0.758250 -0.211420,
        -0.214334 0.758076 -0.210726,
        -0.218115 0.756999 -0.206417,
        -0.222717 0.755657 -0.197607,
        -0.302665 0.727334 -0.180408,
        -0.302600 0.727361 -0.189536,
        -0.269938 0.740105 -0.180176,
        -0.270129 0.740035 -0.153241,
        -0.298763 0.728946 -0.153444,
        -0.298828 0.728919 -0.144275,
        -0.270194 0.740011 -0.144072,
        -0.270376 0.739945 -0.118447,
        -0.301281 0.727909 -0.118666,
        -0.301347 0.727881 -0.109456,
        -0.260106 0.743617 -0.109163,
        -0.259538 0.743816 -0.189231,
        -0.317726 0.720883 -0.189643,
        -0.318294 0.720632 -0.109576,
        -0.341135 0.710104 -0.109738,
        -0.371331 0.694791 -0.120555,
        -0.362989 0.699185 -0.114773,
        -0.353351 0.704106 -0.111175,
        -0.383205 0.688313 -0.149049,
        -0.382928 0.688467 -0.143479,
        -0.381950 0.689010 -0.138012,
        -0.379043 0.690614 -0.130355,
        -0.374136 0.693285 -0.123338,
        -0.370918 0.695012 -0.178804,
        -0.376919 0.691776 -0.171763,
        -0.379170 0.690544 -0.167785,
        -0.380921 0.689580 -0.163509,
        -0.382928 0.688468 -0.154150,
        -0.339748 0.710769 -0.189800,
        -0.353353 0.704105 -0.188242,
        -0.362506 0.699436 -0.184744,
        -0.340660 0.710332 -0.118945,
        -0.340660 0.709896 -0.118945,
        -0.341589 0.709441 -0.119065,
        -0.341589 0.709878 -0.119065,
        -0.351805 0.704439 -0.120376,
        -0.351805 0.704880 -0.120376,
        -0.358584 0.701013 -0.123076,
        -0.358584 0.701455 -0.123076,
        -0.363714 0.698365 -0.126641,
        -0.363714 0.698809 -0.126641,
        -0.371219 0.694404 -0.139232,
        -0.369004 0.696030 -0.133369,
        -0.369004 0.695584 -0.133369,
        -0.365933 0.697649 -0.128859,
        -0.365933 0.697205 -0.128859,
        -0.372335 0.693807 -0.149258,
        -0.372335 0.694254 -0.149258,
        -0.372096 0.693935 -0.144183,
        -0.372097 0.694381 -0.144193,
        -0.371219 0.694851 -0.139232,
        -0.371968 0.694004 -0.154863,
        -0.371968 0.694450 -0.154863,
        -0.370285 0.694903 -0.162067,
        -0.370285 0.695349 -0.162067,
        -0.367412 0.696426 -0.167920,
        -0.367412 0.696872 -0.167920,
        -0.363614 0.698417 -0.172489,
        -0.363614 0.698861 -0.172489,
        -0.362674 0.698906 -0.173354,
        -0.362674 0.699349 -0.173354,
        -0.357484 0.701574 -0.176906,
        -0.357484 0.702016 -0.176906,
        -0.350854 0.704913 -0.179424,
        -0.350854 0.705353 -0.179424,
        -0.339752 0.710331 -0.180671,
        -0.339752 0.710767 -0.180671,
        -0.328126 0.715775 -0.180588,
        -0.328126 0.716208 -0.180588,
        -0.328564 0.715574 -0.118859,
        -0.328564 0.716007 -0.118859,
      ]
    }
    coordIndex [
      127, 62, 82, -1,
      127, 82, 128, -1,
      128, 82, 81, -1,
      128, 81, 129, -1,
      129, 81, 79, -1,
      129, 79, 130, -1,
      131, 130, 84, -1,
      84, 130, 79, -1,
      131, 84, 85, -1,
      131, 85, 132, -1,
      132, 85, 86, -1,
      132, 86, 133, -1,
      133, 86, 36, -1,
      133, 36, 134, -1,
      134, 36, 35, -1,
      134, 35, 135, -1,
      135, 35, 56, -1,
      135, 56, 136, -1,
      136, 56, 54, -1,
      136, 54, 137, -1,
      137, 54, 52, -1,
      137, 52, 138, -1,
      138, 52, 49, -1,
      138, 49, 139, -1,
      139, 49, 48, -1,
      139, 48, 140, -1,
      140, 48, 126, -1,
      140, 126, 141, -1,
      141, 126, 108, -1,
      141, 108, 142, -1,
      142, 108, 107, -1,
      142, 107, 143, -1,
      143, 107, 109, -1,
      143, 109, 144, -1,
      144, 109, 121, -1,
      144, 121, 145, -1,
      145, 121, 123, -1,
      145, 123, 146, -1,
      146, 123, 147, -1,
      146, 147, 148, -1,
      148, 147, 120, -1,
      148, 120, 149, -1,
      149, 120, 119, -1,
      149, 119, 150, -1,
      150, 119, 118, -1,
      150, 118, 151, -1,
      151, 118, 117, -1,
      151, 117, 152, -1,
      152, 117, 111, -1,
      152, 111, 153, -1,
      153, 111, 110, -1,
      153, 110, 154, -1,
      154, 110, 114, -1,
      154, 114, 155, -1,
      155, 114, 113, -1,
      155, 113, 156, -1,
      156, 113, 112, -1,
      156, 112, 157, -1,
      157, 112, 115, -1,
      157, 115, 158, -1,
      158, 115, 116, -1,
      158, 116, 159, -1,
      159, 116, 125, -1,
      159, 125, 160, -1,
      160, 125, 124, -1,
      160, 124, 161, -1,
      161, 124, 122, -1,
      161, 122, 162, -1,
      162, 122, 106, -1,
      162, 106, 163, -1,
      164, 163, 96, -1,
      96, 163, 106, -1,
      164, 96, 97, -1,
      164, 97, 165, -1,
      165, 97, 98, -1,
      165, 98, 166, -1,
      166, 98, 93, -1,
      166, 93, 167, -1,
      167, 93, 94, -1,
      167, 94, 168, -1,
      168, 94, 95, -1,
      168, 95, 169, -1,
      169, 95, 92, -1,
      169, 92, 170, -1,
      170, 92, 91, -1,
      170, 91, 171, -1,
      171, 91, 90, -1,
      171, 90, 172, -1,
      172, 90, 89, -1,
      172, 89, 173, -1,
      173, 89, 88, -1,
      173, 88, 174, -1,
      174, 88, 87, -1,
      174, 87, 175, -1,
      175, 87, 83, -1,
      175, 83, 176, -1,
      176, 83, 78, -1,
      176, 78, 177, -1,
      177, 78, 80, -1,
      177, 80, 178, -1,
      178, 80, 64, -1,
      178, 64, 179, -1,
      179, 64, 70, -1,
      179, 70, 180, -1,
      180, 70, 77, -1,
      180, 77, 181, -1,
      181, 77, 76, -1,
      181, 76, 182, -1,
      182, 76, 75, -1,
      182, 75, 183, -1,
      183, 75, 74, -1,
      183, 74, 184, -1,
      184, 74, 73, -1,
      184, 73, 185, -1,
      185, 73, 72, -1,
      185, 72, 186, -1,
      186, 72, 71, -1,
      186, 71, 187, -1,
      187, 71, 188, -1,
      188, 71, 69, -1,
      188, 69, 189, -1,
      69, 68, 189, -1,
      189, 68, 67, -1,
      189, 67, 190, -1,
      190, 67, 66, -1,
      190, 66, 191, -1,
      191, 66, 65, -1,
      191, 65, 192, -1,
      192, 65, 63, -1,
      192, 63, 193, -1,
      193, 63, 62, -1,
      193, 62, 127, -1,
      139, 144, 138, -1,
      138, 144, 145, -1,
      138, 145, 146, -1,
      139, 140, 144, -1,
      144, 140, 141, -1,
      144, 141, 143, -1,
      143, 141, 142, -1,
      178, 179, 149, -1,
      149, 179, 180, -1,
      149, 180, 181, -1,
      178, 149, 177, -1,
      177, 149, 150, -1,
      177, 150, 176, -1,
      176, 150, 175, -1,
      175, 150, 151, -1,
      175, 151, 174, -1,
      174, 151, 152, -1,
      174, 152, 173, -1,
      173, 152, 153, -1,
      173, 153, 172, -1,
      172, 153, 154, -1,
      172, 154, 171, -1,
      171, 154, 155, -1,
      171, 155, 170, -1,
      170, 155, 169, -1,
      169, 155, 156, -1,
      169, 156, 168, -1,
      168, 156, 157, -1,
      168, 157, 167, -1,
      157, 158, 167, -1,
      167, 158, 159, -1,
      167, 159, 166, -1,
      166, 159, 160, -1,
      166, 160, 165, -1,
      165, 160, 161, -1,
      165, 161, 164, -1,
      164, 161, 162, -1,
      164, 162, 163, -1,
      146, 148, 138, -1,
      138, 148, 149, -1,
      138, 149, 182, -1,
      182, 149, 181, -1,
      182, 183, 138, -1,
      138, 183, 184, -1,
      138, 184, 185, -1,
      185, 186, 138, -1,
      138, 186, 187, -1,
      138, 187, 137, -1,
      137, 187, 188, -1,
      137, 188, 136, -1,
      136, 188, 189, -1,
      136, 189, 135, -1,
      189, 190, 135, -1,
      135, 190, 191, -1,
      135, 191, 134, -1,
      191, 192, 134, -1,
      134, 192, 193, -1,
      134, 193, 133, -1,
      133, 193, 127, -1,
      133, 127, 132, -1,
      132, 127, 128, -1,
      132, 128, 131, -1,
      131, 128, 129, -1,
      131, 129, 130, -1,
      194, 195, 16, -1,
      16, 195, 38, -1,
      103, 196, 17, -1,
      17, 196, 194, -1,
      17, 194, 16, -1,
      196, 103, 102, -1,
      196, 102, 197, -1,
      197, 102, 100, -1,
      197, 100, 198, -1,
      199, 198, 99, -1,
      99, 198, 100, -1,
      200, 199, 101, -1,
      101, 199, 99, -1,
      201, 200, 104, -1,
      104, 200, 101, -1,
      202, 201, 105, -1,
      105, 201, 104, -1,
      203, 202, 50, -1,
      50, 202, 105, -1,
      204, 203, 51, -1,
      51, 203, 50, -1,
      204, 51, 53, -1,
      204, 53, 205, -1,
      205, 53, 55, -1,
      205, 55, 206, -1,
      206, 55, 61, -1,
      206, 61, 207, -1,
      207, 61, 60, -1,
      207, 60, 208, -1,
      208, 60, 59, -1,
      208, 59, 209, -1,
      209, 59, 58, -1,
      209, 58, 210, -1,
      210, 58, 57, -1,
      210, 57, 211, -1,
      212, 211, 37, -1,
      37, 211, 57, -1,
      212, 37, 47, -1,
      212, 47, 213, -1,
      213, 47, 46, -1,
      213, 46, 214, -1,
      214, 46, 45, -1,
      214, 45, 215, -1,
      215, 45, 44, -1,
      215, 44, 216, -1,
      216, 44, 43, -1,
      216, 43, 217, -1,
      217, 43, 42, -1,
      217, 42, 218, -1,
      218, 42, 41, -1,
      218, 41, 219, -1,
      219, 41, 40, -1,
      219, 40, 220, -1,
      38, 195, 39, -1,
      39, 195, 220, -1,
      39, 220, 40, -1,
      195, 194, 220, -1,
      220, 194, 196, -1,
      220, 196, 197, -1,
      219, 220, 203, -1,
      203, 204, 219, -1,
      219, 204, 205, -1,
      219, 205, 218, -1,
      218, 205, 206, -1,
      211, 212, 210, -1,
      210, 212, 213, -1,
      210, 213, 209, -1,
      209, 213, 214, -1,
      209, 214, 208, -1,
      208, 214, 215, -1,
      208, 215, 207, -1,
      207, 215, 216, -1,
      207, 216, 206, -1,
      206, 216, 217, -1,
      206, 217, 218, -1,
      201, 202, 200, -1,
      200, 202, 203, -1,
      200, 203, 199, -1,
      199, 203, 220, -1,
      199, 220, 198, -1,
      198, 220, 197, -1,
      221, 222, 11, -1,
      11, 222, 15, -1,
      223, 221, 9, -1,
      9, 221, 11, -1,
      224, 223, 8, -1,
      8, 223, 9, -1,
      225, 224, 10, -1,
      10, 224, 8, -1,
      226, 225, 4, -1,
      4, 225, 10, -1,
      227, 226, 3, -1,
      3, 226, 4, -1,
      228, 227, 6, -1,
      6, 227, 3, -1,
      229, 228, 2, -1,
      2, 228, 6, -1,
      230, 229, 0, -1,
      0, 229, 2, -1,
      231, 230, 1, -1,
      1, 230, 0, -1,
      232, 231, 14, -1,
      14, 231, 1, -1,
      222, 232, 15, -1,
      15, 232, 14, -1,
      222, 221, 232, -1,
      232, 221, 223, -1,
      225, 226, 224, -1,
      224, 226, 227, -1,
      229, 230, 228, -1,
      228, 230, 231, -1,
      228, 231, 227, -1,
      227, 231, 232, -1,
      227, 232, 224, -1,
      224, 232, 223, -1,
      233, 234, 12, -1,
      12, 234, 5, -1,
      234, 235, 5, -1,
      5, 235, 7, -1,
      236, 21, 20, -1,
      236, 20, 237, -1,
      237, 20, 19, -1,
      237, 19, 238, -1,
      19, 18, 238, -1,
      238, 18, 7, -1,
      238, 7, 235, -1,
      239, 29, 240, -1,
      240, 29, 27, -1,
      240, 27, 241, -1,
      27, 26, 241, -1,
      241, 26, 25, -1,
      241, 25, 242, -1,
      242, 25, 22, -1,
      242, 22, 243, -1,
      243, 22, 21, -1,
      243, 21, 236, -1,
      24, 23, 244, -1,
      244, 23, 245, -1,
      245, 23, 246, -1,
      246, 23, 28, -1,
      246, 28, 247, -1,
      28, 31, 247, -1,
      247, 31, 30, -1,
      247, 30, 248, -1,
      248, 30, 29, -1,
      248, 29, 239, -1,
      249, 13, 34, -1,
      249, 34, 250, -1,
      250, 34, 33, -1,
      250, 33, 251, -1,
      33, 32, 251, -1,
      251, 32, 24, -1,
      251, 24, 244, -1,
      249, 233, 13, -1,
      13, 233, 12, -1,
      252, 253, 254, -1,
      252, 254, 255, -1,
      255, 254, 256, -1,
      255, 256, 257, -1,
      257, 256, 258, -1,
      257, 258, 259, -1,
      259, 258, 260, -1,
      259, 260, 261, -1,
      262, 263, 264, -1,
      264, 263, 265, -1,
      264, 265, 266, -1,
      266, 265, 261, -1,
      266, 261, 260, -1,
      267, 268, 269, -1,
      269, 268, 270, -1,
      269, 270, 262, -1,
      262, 270, 271, -1,
      262, 271, 263, -1,
      268, 267, 272, -1,
      268, 272, 273, -1,
      273, 272, 274, -1,
      273, 274, 275, -1,
      275, 274, 276, -1,
      275, 276, 277, -1,
      277, 276, 278, -1,
      277, 278, 279, -1,
      279, 278, 280, -1,
      279, 280, 281, -1,
      281, 280, 282, -1,
      281, 282, 283, -1,
      283, 282, 284, -1,
      283, 284, 285, -1,
      285, 284, 286, -1,
      285, 286, 287, -1,
      288, 289, 286, -1,
      286, 289, 287, -1,
      290, 291, 288, -1,
      288, 291, 289, -1,
      253, 252, 290, -1,
      290, 252, 291, -1,
      275, 277, 245, -1,
      245, 277, 244, -1,
      277, 279, 244, -1,
      244, 279, 281, -1,
      244, 281, 251, -1,
      251, 281, 283, -1,
      251, 283, 250, -1,
      250, 283, 285, -1,
      250, 285, 249, -1,
      249, 285, 287, -1,
      249, 287, 233, -1,
      233, 287, 289, -1,
      233, 289, 234, -1,
      234, 289, 291, -1,
      234, 291, 235, -1,
      291, 252, 235, -1,
      235, 252, 255, -1,
      235, 255, 238, -1,
      238, 255, 257, -1,
      238, 257, 237, -1,
      237, 257, 259, -1,
      237, 259, 236, -1,
      259, 261, 236, -1,
      236, 261, 265, -1,
      236, 265, 243, -1,
      243, 265, 263, -1,
      245, 246, 275, -1,
      275, 246, 247, -1,
      275, 247, 273, -1,
      273, 247, 248, -1,
      273, 248, 268, -1,
      268, 248, 239, -1,
      268, 239, 270, -1,
      270, 239, 240, -1,
      270, 240, 271, -1,
      271, 240, 241, -1,
      271, 241, 263, -1,
      263, 241, 242, -1,
      263, 242, 243, -1,
    ]
  }
}

Shape {
  appearance Appearance {
    material Material {
      diffuseColor 0.0000 0.0000 0.0000
      specularColor 0.0000 0.0000 0.0000
      ambientIntensity 0.2
      transparency 0.0000
      shininess 0.5
    }
  }
  geometry IndexedFaceSet {
    ccw TRUE
    solid FALSE
    coord DEF co Coordinate {
      point [
        -0.340660 0.709896 -0.118945,
        -0.341589 0.709441 -0.119065,
        -0.351805 0.704439 -0.120376,
        -0.358584 0.701013 -0.123076,
        -0.363714 0.698365 -0.126641,
        -0.371219 0.694404 -0.139232,
        -0.369004 0.695584 -0.133369,
        -0.365933 0.697205 -0.128859,
        -0.372335 0.693807 -0.149258,
        -0.372096 0.693935 -0.144183,
        -0.371968 0.694004 -0.154863,
        -0.370285 0.694903 -0.162067,
        -0.367412 0.696426 -0.167920,
        -0.363614 0.698417 -0.172489,
        -0.362674 0.698906 -0.173354,
        -0.357484 0.701574 -0.176906,
        -0.350854 0.704913 -0.179424,
        -0.339752 0.710331 -0.180671,
        -0.328126 0.715775 -0.180588,
        -0.328564 0.715574 -0.118859,
        -0.367912 0.696163 -0.135412,
      ]
    }
    coordIndex [
      15, 14, 1, -1,
      1, 14, 13, -1,
      1, 13, 12, -1,
      12, 11, 1, -1,
      1, 11, 10, -1,
      1, 10, 8, -1,
      6, 20, 5, -1,
      5, 20, 9, -1,
      6, 7, 20, -1,
      20, 7, 4, -1,
      20, 4, 3, -1,
      8, 9, 1, -1,
      1, 9, 20, -1,
      1, 20, 2, -1,
      2, 20, 3, -1,
      19, 18, 0, -1,
      0, 18, 17, -1,
      0, 17, 1, -1,
      1, 17, 16, -1,
      1, 16, 15, -1,
    ]
  }
}

Shape {
  appearance Appearance {
    material Material {
      diffuseColor 1.0000 1.0000 1.0000
      specularColor 0.5020 0.5020 0.5020
      ambientIntensity 0.2
      transparency 0.0000
      shininess 0.5
    }
  }
  geometry IndexedFaceSet {
    ccw TRUE
    solid FALSE
    coord DEF co Coordinate {
      point [
        -0.439968 0.653016 -0.168609,
        -0.406627 0.674282 -0.168373,
        -0.447979 0.647546 -0.190567,
        -0.398776 0.678954 -0.190218,
        -0.459400 0.639494 -0.190648,
        -0.387355 0.685534 -0.190137,
        -0.418419 0.667028 -0.110286,
        -0.429471 0.659967 -0.110365,
        -0.459400 0.639980 -0.190648,
        -0.447979 0.648025 -0.190567,
        -0.439968 0.653491 -0.168609,
        -0.406627 0.674741 -0.168373,
        -0.398776 0.679411 -0.190218,
        -0.387355 0.685987 -0.190137,
        -0.418419 0.667493 -0.110286,
        -0.429471 0.660436 -0.110365,
        -0.422175 0.664657 -0.126155,
        -0.422175 0.665124 -0.126155,
        -0.409966 0.672257 -0.159350,
        -0.409966 0.672718 -0.159350,
        -0.422759 0.664285 -0.123731,
        -0.422759 0.664752 -0.123731,
        -0.423524 0.663798 -0.120556,
        -0.423524 0.664265 -0.120556,
        -0.423770 0.663641 -0.120558,
        -0.423770 0.664109 -0.120558,
        -0.424493 0.663179 -0.123918,
        -0.424493 0.663646 -0.123918,
        -0.424979 0.662868 -0.126175,
        -0.424979 0.663336 -0.126175,
        -0.436839 0.655113 -0.159540,
        -0.436839 0.655586 -0.159540,
      ]
    }
    coordIndex [
      8, 9, 4, -1,
      4, 9, 2, -1,
      9, 10, 2, -1,
      2, 10, 0, -1,
      10, 11, 0, -1,
      0, 11, 1, -1,
      11, 12, 1, -1,
      1, 12, 3, -1,
      12, 13, 3, -1,
      3, 13, 5, -1,
      13, 14, 5, -1,
      5, 14, 6, -1,
      14, 15, 6, -1,
      6, 15, 7, -1,
      15, 8, 7, -1,
      7, 8, 4, -1,
      16, 17, 18, -1,
      18, 17, 19, -1,
      17, 16, 20, -1,
      17, 20, 21, -1,
      21, 20, 22, -1,
      21, 22, 23, -1,
      24, 25, 22, -1,
      22, 25, 23, -1,
      25, 24, 26, -1,
      25, 26, 27, -1,
      27, 26, 28, -1,
      27, 28, 29, -1,
      30, 31, 28, -1,
      28, 31, 29, -1,
      18, 19, 30, -1,
      30, 19, 31, -1,
      10, 9, 8, -1,
      31, 19, 11, -1,
      17, 14, 19, -1,
      19, 14, 13, -1,
      19, 13, 11, -1,
      11, 13, 12, -1,
      25, 15, 23, -1,
      23, 15, 14, -1,
      23, 14, 21, -1,
      21, 14, 17, -1,
      11, 10, 31, -1,
      31, 10, 8, -1,
      31, 8, 29, -1,
      29, 8, 15, -1,
      29, 15, 27, -1,
      27, 15, 25, -1,
    ]
  }
}

Shape {
  appearance Appearance {
    material Material {
      diffuseColor 0.0000 0.0000 0.0000
      specularColor 0.0000 0.0000 0.0000
      ambientIntensity 0.2
      transparency 0.0000
      shininess 0.5
    }
  }
  geometry IndexedFaceSet {
    ccw TRUE
    solid FALSE
    coord DEF co Coordinate {
      point [
        -0.422175 0.664657 -0.126155,
        -0.409966 0.672257 -0.159350,
        -0.422759 0.664285 -0.123731,
        -0.423524 0.663798 -0.120556,
        -0.423770 0.663641 -0.120558,
        -0.424493 0.663179 -0.123918,
        -0.424979 0.662868 -0.126175,
        -0.436839 0.655113 -0.159540,
      ]
    }
    coordIndex [
      1, 7, 0, -1,
      0, 7, 6, -1,
      0, 6, 2, -1,
      2, 6, 5, -1,
      2, 5, 3, -1,
      3, 5, 4, -1,
    ]
  }
}

Shape {
  appearance Appearance {
    material Material {
      diffuseColor 1.0000 1.0000 1.0000
      specularColor 0.5020 0.5020 0.5020
      ambientIntensity 0.2
      transparency 0.0000
      shininess 0.5
    }
  }
  geometry IndexedFaceSet {
    ccw TRUE
    solid FALSE
    coord DEF co Coordinate {
      point [
        0.290930 0.731650 -0.003427,
        0.285896 0.733651 -0.003900,
        0.163343 0.770273 0.038990,
        0.158489 0.771210 0.037052,
        0.062513 0.784916 -0.108092,
        0.062755 0.784897 -0.103114,
        0.130341 0.776539 -0.119566,
        0.065348 0.784685 -0.092160,
        0.070570 0.784233 -0.082299,
        0.077093 0.783619 -0.074909,
        0.085878 0.782704 -0.068681,
        0.111156 0.779517 -0.063341,
        0.147774 0.773411 -0.089269,
        0.106601 0.780152 -0.063373,
        0.095787 0.781554 -0.064785,
        0.141177 0.774642 -0.153479,
        0.137260 0.775346 -0.151964,
        0.144695 0.773993 -0.155935,
        0.132844 0.776115 -0.151429,
        0.132302 0.776207 -0.151533,
        0.130585 0.776498 -0.151863,
        0.129433 0.776691 -0.152022,
        0.103815 0.780528 -0.152204,
        0.093594 0.781819 -0.150322,
        0.083515 0.782960 -0.145743,
        0.075048 0.783817 -0.138931,
        0.074279 0.783890 -0.138117,
        0.067953 0.784464 -0.129282,
        0.063958 0.784800 -0.119164,
        0.114522 0.779029 -0.047481,
        0.123172 0.777708 -0.029075,
        0.158393 0.770825 -0.094720,
        0.135900 0.775585 -0.013641,
        0.137349 0.775330 -0.012301,
        0.135209 0.775706 0.027761,
        0.113465 0.779183 0.012392,
        0.093735 0.781802 -0.011144,
        0.083043 0.783010 -0.032798,
        0.080238 0.783303 -0.033764,
        0.063359 0.784848 -0.042295,
        0.048015 0.785936 -0.055468,
        0.036514 0.786555 -0.071748,
        0.048661 0.785896 -0.161704,
        0.064249 0.784776 -0.174710,
        0.037255 0.786520 -0.146054,
        0.029683 0.786842 -0.089185,
        0.027214 0.786931 -0.107772,
        0.029974 0.786831 -0.128083,
        0.081679 0.783154 -0.183085,
        0.100646 0.780943 -0.186954,
        0.134233 0.775876 -0.186716,
        0.137437 0.775315 -0.186176,
        0.141192 0.774639 -0.184667,
        0.144865 0.773961 -0.182016,
        0.146179 0.773714 -0.180660,
        0.148635 0.773246 -0.177066,
        0.150107 0.772961 -0.173195,
        0.158294 0.770336 -0.134088,
        0.150617 0.772862 -0.168951,
        0.150456 0.772893 -0.166706,
        0.150011 0.772980 -0.164513,
        0.149282 0.773121 -0.162381,
        0.147066 0.773546 -0.158513,
        0.284372 0.734257 -0.004044,
        0.272605 0.738707 0.009465,
        0.259146 0.743535 0.020826,
        0.242524 0.749122 0.030684,
        0.216022 0.757189 0.039929,
        0.190676 0.763966 0.042543,
        0.307503 0.724874 -0.207009,
        0.315895 0.721257 -0.196501,
        0.321516 0.718769 -0.184249,
        0.328838 0.715449 -0.181995,
        0.349323 0.705673 -0.171796,
        0.366863 0.696715 -0.156601,
        0.379740 0.689781 -0.137932,
        0.384360 0.687218 -0.127630,
        0.387741 0.685316 -0.116680,
        0.389718 0.684194 -0.105630,
        0.390333 0.683843 -0.094381,
        0.390132 0.683958 -0.088902,
        0.388768 0.684734 -0.078068,
        0.386154 0.686212 -0.067535,
        0.382151 0.688449 -0.057011,
        0.376920 0.691327 -0.047107,
        0.363117 0.698676 -0.029673,
        0.359240 0.700677 -0.026056,
        0.341042 0.709713 -0.013458,
        0.319895 0.719492 -0.005422,
        0.297457 0.729055 -0.002813,
        0.269866 0.739689 -0.223032,
        0.283332 0.734659 -0.221094,
        0.285893 0.733645 -0.219997,
        0.296427 0.729474 -0.215482,
        0.210726 0.758680 -0.172722,
        0.210378 0.758777 -0.166819,
        0.210338 0.758788 -0.161127,
        0.211983 0.758330 -0.179828,
        0.214152 0.757720 -0.186753,
        0.220973 0.755759 -0.199396,
        0.229796 0.753124 -0.209150,
        0.241191 0.749552 -0.216959,
        0.253922 0.745335 -0.221744,
        0.267709 0.740495 -0.223343,
        0.234221 0.751759 -0.119450,
        0.224340 0.754767 -0.128577,
        0.229969 0.753071 -0.001570,
        0.211317 0.758516 0.005834,
        0.190349 0.764048 0.008383,
        0.153266 0.772341 -0.001089,
        0.158494 0.771241 0.000956,
        0.171069 0.768594 0.005875,
        0.285894 0.733648 -0.038443,
        0.285890 0.733637 -0.112515,
        0.280496 0.735747 -0.110496,
        0.245324 0.748209 -0.012623,
        0.258199 0.743865 -0.027787,
        0.246254 0.747904 -0.112890,
        0.267019 0.740744 -0.045726,
        0.259971 0.743247 -0.109380,
        0.266898 0.740788 -0.108919,
        0.283819 0.734471 -0.038715,
        0.271086 0.739265 -0.043465,
        0.314292 0.721957 -0.133911,
        0.352306 0.704189 -0.109376,
        0.349866 0.705404 -0.116220,
        0.343156 0.708693 -0.127829,
        0.333023 0.713510 -0.138386,
        0.320676 0.719144 -0.146111,
        0.352667 0.704008 -0.079733,
        0.353982 0.703348 -0.086516,
        0.304803 0.726014 -0.123218,
        0.354461 0.703107 -0.093496,
        0.353845 0.703417 -0.102256,
        0.293105 0.730815 -0.115215,
        0.339731 0.710341 -0.055788,
        0.347701 0.706474 -0.067071,
        0.297130 0.729188 -0.036973,
        0.303037 0.726753 -0.037237,
        0.317115 0.720721 -0.040463,
        0.329853 0.714981 -0.047105,
        0.048661 0.786291 -0.161704,
        0.037255 0.786914 -0.146054,
        0.029974 0.787225 -0.128083,
        0.027214 0.787325 -0.107772,
        0.100646 0.781340 -0.186954,
        0.081679 0.783550 -0.183085,
        0.064249 0.785171 -0.174710,
        0.134233 0.776275 -0.186716,
        0.150617 0.773263 -0.168951,
        0.150107 0.773362 -0.173195,
        0.148635 0.773646 -0.177066,
        0.146179 0.774115 -0.180660,
        0.144865 0.774361 -0.182016,
        0.141192 0.775040 -0.184667,
        0.137437 0.775714 -0.186176,
        0.132844 0.776514 -0.151429,
        0.137260 0.775746 -0.151964,
        0.141177 0.775042 -0.153479,
        0.144695 0.774393 -0.155935,
        0.147066 0.773946 -0.158513,
        0.149282 0.773522 -0.162381,
        0.150006 0.773382 -0.164493,
        0.150456 0.773294 -0.166706,
        0.129433 0.777090 -0.152022,
        0.130574 0.776898 -0.151803,
        0.132291 0.776608 -0.151473,
        0.103815 0.780925 -0.152204,
        0.062513 0.785311 -0.108092,
        0.063958 0.785195 -0.119164,
        0.067953 0.784859 -0.129282,
        0.074279 0.784286 -0.138117,
        0.075048 0.784213 -0.138931,
        0.083515 0.783356 -0.145743,
        0.093594 0.782216 -0.150322,
        0.106601 0.780550 -0.063373,
        0.095787 0.781950 -0.064785,
        0.085878 0.783100 -0.068681,
        0.077093 0.784014 -0.074909,
        0.070570 0.784628 -0.082299,
        0.065348 0.785080 -0.092160,
        0.062755 0.785292 -0.103114,
        0.111156 0.779914 -0.063341,
        0.137349 0.775730 -0.012301,
        0.152563 0.772874 -0.001584,
        0.153266 0.772743 -0.001089,
        0.171069 0.768997 0.005875,
        0.190349 0.764453 0.008383,
        0.135900 0.775985 -0.013641,
        0.123172 0.778107 -0.029075,
        0.114522 0.779427 -0.047481,
        0.267019 0.741163 -0.045726,
        0.258199 0.744281 -0.027787,
        0.245324 0.748624 -0.012623,
        0.229969 0.753482 -0.001570,
        0.211317 0.758924 0.005834,
        0.297130 0.729613 -0.036973,
        0.283819 0.734893 -0.038715,
        0.276134 0.737785 -0.041582,
        0.271086 0.739685 -0.043465,
        0.354461 0.703548 -0.093496,
        0.353983 0.703788 -0.086529,
        0.352667 0.704448 -0.079733,
        0.347701 0.706913 -0.067071,
        0.339731 0.710777 -0.055788,
        0.329853 0.715415 -0.047105,
        0.317115 0.721152 -0.040463,
        0.303037 0.727180 -0.037237,
        0.320676 0.719575 -0.146111,
        0.333023 0.713945 -0.138386,
        0.343156 0.709130 -0.127829,
        0.349866 0.705844 -0.116220,
        0.352305 0.704630 -0.109378,
        0.353845 0.703857 -0.102256,
        0.266898 0.741206 -0.108919,
        0.276134 0.737784 -0.109990,
        0.280496 0.736168 -0.110496,
        0.293105 0.731239 -0.115215,
        0.304803 0.726441 -0.123218,
        0.314292 0.722386 -0.133911,
        0.224340 0.755178 -0.128577,
        0.234221 0.752172 -0.119450,
        0.246254 0.748319 -0.112890,
        0.259971 0.743664 -0.109380,
        0.152511 0.772659 -0.091701,
        0.147774 0.773811 -0.089269,
        0.130341 0.776938 -0.119566,
        0.152381 0.772050 -0.131017,
        0.210338 0.759196 -0.161127,
        0.210378 0.759185 -0.166819,
        0.267709 0.740914 -0.223343,
        0.253922 0.745751 -0.221744,
        0.241191 0.749966 -0.216959,
        0.229796 0.753535 -0.209150,
        0.220973 0.756169 -0.199396,
        0.214152 0.758130 -0.186753,
        0.211998 0.758735 -0.179893,
        0.211104 0.758983 -0.172676,
        0.321516 0.719200 -0.184249,
        0.315895 0.721687 -0.196501,
        0.307503 0.725302 -0.207009,
        0.296427 0.729899 -0.215482,
        0.283332 0.735081 -0.221094,
        0.276129 0.737770 -0.222131,
        0.269866 0.740109 -0.223032,
        0.366863 0.697160 -0.156601,
        0.349323 0.706112 -0.171796,
        0.328838 0.715882 -0.181995,
        0.390333 0.684296 -0.094381,
        0.389718 0.684647 -0.105630,
        0.387741 0.685769 -0.116680,
        0.384373 0.687662 -0.127596,
        0.379740 0.690231 -0.137932,
        0.363117 0.699119 -0.029673,
        0.376920 0.691775 -0.047107,
        0.382131 0.688910 -0.056968,
        0.386154 0.686663 -0.067535,
        0.388772 0.685184 -0.078094,
        0.389811 0.684593 -0.088933,
        0.297457 0.729480 -0.002813,
        0.319895 0.719922 -0.005422,
        0.341042 0.710149 -0.013458,
        0.359240 0.701119 -0.026056,
        0.284372 0.734680 -0.004044,
        0.290930 0.732074 -0.003427,
        0.259146 0.743952 0.020826,
        0.272605 0.739126 0.009465,
        0.276137 0.737792 0.005410,
        0.190676 0.764372 0.042543,
        0.216022 0.757599 0.039929,
        0.242524 0.749536 0.030684,
        0.113465 0.779581 0.012392,
        0.135209 0.776106 0.027761,
        0.152541 0.772760 0.034678,
        0.163343 0.770675 0.038990,
        0.083043 0.783406 -0.032798,
        0.093735 0.782199 -0.011144,
        0.029683 0.787236 -0.089185,
        0.036514 0.786948 -0.071748,
        0.048015 0.786331 -0.055468,
        0.063359 0.785243 -0.042295,
        0.080238 0.783698 -0.033764,
        0.268036 0.740377 -0.189183,
        0.273030 0.738550 -0.188574,
        0.268036 0.740796 -0.189183,
        0.273030 0.738969 -0.188574,
        0.276143 0.737807 -0.187393,
        0.278278 0.736589 -0.186582,
        0.278278 0.737009 -0.186582,
        0.282794 0.734867 -0.183409,
        0.282794 0.735288 -0.183409,
        0.286386 0.733474 -0.179246,
        0.286386 0.733896 -0.179246,
        0.288770 0.732539 -0.174527,
        0.288770 0.732962 -0.174527,
        0.289528 0.732663 -0.171944,
        0.289527 0.732240 -0.171947,
        0.289967 0.732489 -0.169256,
        0.289967 0.732066 -0.169256,
        0.290076 0.732446 -0.166479,
        0.290075 0.732023 -0.166476,
        0.289842 0.732539 -0.163702,
        0.289842 0.732115 -0.163702,
        0.289251 0.732772 -0.160931,
        0.289251 0.732349 -0.160932,
        0.288321 0.733139 -0.158293,
        0.288321 0.732716 -0.158293,
        0.285503 0.733818 -0.153483,
        0.285503 0.734241 -0.153483,
        0.282560 0.734957 -0.150343,
        0.282560 0.735378 -0.150343,
        0.278057 0.736672 -0.147264,
        0.278057 0.737093 -0.147264,
        0.276143 0.737807 -0.146549,
        0.273055 0.738541 -0.145395,
        0.273055 0.738960 -0.145395,
        0.267721 0.740491 -0.144779,
        0.267721 0.740909 -0.144779,
        0.263798 0.741897 -0.145159,
        0.263798 0.742315 -0.145159,
        0.258450 0.743777 -0.146893,
        0.258450 0.744194 -0.146893,
        0.253767 0.745388 -0.149859,
        0.253767 0.745804 -0.149859,
        0.249986 0.746665 -0.153841,
        0.249986 0.747080 -0.153841,
        0.247374 0.747534 -0.158442,
        0.247374 0.747949 -0.158442,
        0.245924 0.748013 -0.163640,
        0.245924 0.748427 -0.163640,
        0.245784 0.748058 -0.169160,
        0.245784 0.748473 -0.169160,
        0.246246 0.748321 -0.171961,
        0.246246 0.747907 -0.171960,
        0.247052 0.748056 -0.174649,
        0.247052 0.747641 -0.174649,
        0.249629 0.746784 -0.179598,
        0.249629 0.747200 -0.179598,
        0.253295 0.745548 -0.183711,
        0.253295 0.745965 -0.183711,
        0.257683 0.744044 -0.186711,
        0.257683 0.744460 -0.186711,
        0.262657 0.742302 -0.188569,
        0.262657 0.742720 -0.188569,
      ]
    }
    coordIndex [
      141, 42, 44, -1,
      141, 44, 142, -1,
      142, 44, 47, -1,
      142, 47, 143, -1,
      143, 47, 46, -1,
      143, 46, 144, -1,
      145, 49, 48, -1,
      145, 48, 146, -1,
      146, 48, 43, -1,
      146, 43, 147, -1,
      147, 43, 42, -1,
      147, 42, 141, -1,
      145, 148, 49, -1,
      49, 148, 50, -1,
      149, 58, 56, -1,
      149, 56, 150, -1,
      150, 56, 55, -1,
      150, 55, 151, -1,
      151, 55, 54, -1,
      151, 54, 152, -1,
      152, 54, 53, -1,
      152, 53, 153, -1,
      153, 53, 52, -1,
      153, 52, 154, -1,
      154, 52, 51, -1,
      154, 51, 155, -1,
      155, 51, 50, -1,
      155, 50, 148, -1,
      156, 18, 16, -1,
      156, 16, 157, -1,
      157, 16, 15, -1,
      157, 15, 158, -1,
      158, 15, 17, -1,
      158, 17, 159, -1,
      159, 17, 62, -1,
      159, 62, 160, -1,
      160, 62, 61, -1,
      160, 61, 161, -1,
      161, 61, 162, -1,
      162, 61, 60, -1,
      162, 60, 163, -1,
      60, 59, 163, -1,
      163, 59, 58, -1,
      163, 58, 149, -1,
      164, 21, 20, -1,
      164, 20, 165, -1,
      165, 20, 19, -1,
      165, 19, 166, -1,
      166, 19, 18, -1,
      166, 18, 156, -1,
      164, 167, 21, -1,
      21, 167, 22, -1,
      168, 4, 28, -1,
      168, 28, 169, -1,
      169, 28, 27, -1,
      169, 27, 170, -1,
      170, 27, 26, -1,
      170, 26, 171, -1,
      171, 26, 25, -1,
      171, 25, 172, -1,
      172, 25, 24, -1,
      172, 24, 173, -1,
      173, 24, 23, -1,
      173, 23, 174, -1,
      174, 23, 22, -1,
      174, 22, 167, -1,
      175, 13, 14, -1,
      175, 14, 176, -1,
      176, 14, 10, -1,
      176, 10, 177, -1,
      177, 10, 9, -1,
      177, 9, 178, -1,
      178, 9, 8, -1,
      178, 8, 179, -1,
      179, 8, 7, -1,
      179, 7, 180, -1,
      180, 7, 5, -1,
      180, 5, 181, -1,
      181, 5, 4, -1,
      181, 4, 168, -1,
      175, 182, 13, -1,
      13, 182, 11, -1,
      183, 184, 109, -1,
      109, 184, 185, -1,
      109, 185, 110, -1,
      110, 185, 186, -1,
      110, 186, 111, -1,
      111, 186, 187, -1,
      111, 187, 108, -1,
      109, 33, 183, -1,
      183, 33, 32, -1,
      183, 32, 188, -1,
      188, 32, 30, -1,
      188, 30, 189, -1,
      189, 30, 29, -1,
      189, 29, 190, -1,
      190, 29, 11, -1,
      190, 11, 182, -1,
      191, 118, 116, -1,
      191, 116, 192, -1,
      192, 116, 115, -1,
      192, 115, 193, -1,
      193, 115, 106, -1,
      193, 106, 194, -1,
      194, 106, 107, -1,
      194, 107, 195, -1,
      195, 107, 108, -1,
      195, 108, 187, -1,
      196, 137, 112, -1,
      196, 112, 197, -1,
      197, 112, 121, -1,
      197, 121, 198, -1,
      198, 121, 122, -1,
      198, 122, 199, -1,
      199, 122, 118, -1,
      199, 118, 191, -1,
      200, 132, 201, -1,
      201, 132, 130, -1,
      201, 130, 202, -1,
      130, 129, 202, -1,
      202, 129, 136, -1,
      202, 136, 203, -1,
      203, 136, 135, -1,
      203, 135, 204, -1,
      204, 135, 140, -1,
      204, 140, 205, -1,
      205, 140, 139, -1,
      205, 139, 206, -1,
      206, 139, 138, -1,
      206, 138, 207, -1,
      207, 138, 137, -1,
      207, 137, 196, -1,
      208, 128, 127, -1,
      208, 127, 209, -1,
      209, 127, 126, -1,
      209, 126, 210, -1,
      210, 126, 125, -1,
      210, 125, 211, -1,
      211, 125, 212, -1,
      212, 125, 124, -1,
      212, 124, 213, -1,
      124, 133, 213, -1,
      213, 133, 132, -1,
      213, 132, 200, -1,
      214, 120, 215, -1,
      215, 120, 114, -1,
      215, 114, 216, -1,
      216, 114, 113, -1,
      216, 113, 217, -1,
      113, 134, 217, -1,
      217, 134, 131, -1,
      217, 131, 218, -1,
      218, 131, 123, -1,
      218, 123, 219, -1,
      219, 123, 128, -1,
      219, 128, 208, -1,
      220, 105, 104, -1,
      220, 104, 221, -1,
      221, 104, 117, -1,
      221, 117, 222, -1,
      222, 117, 119, -1,
      222, 119, 223, -1,
      223, 119, 120, -1,
      223, 120, 214, -1,
      105, 220, 31, -1,
      31, 220, 224, -1,
      31, 224, 12, -1,
      12, 224, 225, -1,
      225, 226, 12, -1,
      12, 226, 6, -1,
      6, 226, 227, -1,
      6, 227, 57, -1,
      57, 227, 228, -1,
      57, 228, 96, -1,
      228, 229, 96, -1,
      96, 229, 95, -1,
      230, 103, 102, -1,
      230, 102, 231, -1,
      231, 102, 101, -1,
      231, 101, 232, -1,
      232, 101, 100, -1,
      232, 100, 233, -1,
      233, 100, 99, -1,
      233, 99, 234, -1,
      234, 99, 98, -1,
      234, 98, 235, -1,
      235, 98, 236, -1,
      236, 98, 97, -1,
      236, 97, 237, -1,
      97, 94, 237, -1,
      237, 94, 95, -1,
      237, 95, 229, -1,
      238, 71, 70, -1,
      238, 70, 239, -1,
      239, 70, 69, -1,
      239, 69, 240, -1,
      240, 69, 93, -1,
      240, 93, 241, -1,
      241, 93, 92, -1,
      241, 92, 242, -1,
      242, 92, 91, -1,
      242, 91, 243, -1,
      243, 91, 90, -1,
      243, 90, 244, -1,
      244, 90, 103, -1,
      244, 103, 230, -1,
      245, 74, 73, -1,
      245, 73, 246, -1,
      246, 73, 72, -1,
      246, 72, 247, -1,
      247, 72, 71, -1,
      247, 71, 238, -1,
      248, 79, 249, -1,
      249, 79, 78, -1,
      249, 78, 250, -1,
      250, 78, 77, -1,
      250, 77, 251, -1,
      251, 77, 76, -1,
      251, 76, 252, -1,
      76, 75, 252, -1,
      252, 75, 74, -1,
      252, 74, 245, -1,
      85, 84, 253, -1,
      253, 84, 254, -1,
      254, 84, 255, -1,
      255, 84, 83, -1,
      255, 83, 256, -1,
      256, 83, 82, -1,
      256, 82, 257, -1,
      257, 82, 81, -1,
      257, 81, 258, -1,
      81, 80, 258, -1,
      258, 80, 79, -1,
      258, 79, 248, -1,
      259, 89, 88, -1,
      259, 88, 260, -1,
      260, 88, 87, -1,
      260, 87, 261, -1,
      261, 87, 86, -1,
      261, 86, 262, -1,
      262, 86, 85, -1,
      262, 85, 253, -1,
      263, 63, 1, -1,
      263, 1, 264, -1,
      1, 0, 264, -1,
      264, 0, 89, -1,
      264, 89, 259, -1,
      65, 64, 265, -1,
      265, 64, 266, -1,
      266, 64, 267, -1,
      267, 64, 63, -1,
      267, 63, 263, -1,
      268, 68, 67, -1,
      268, 67, 269, -1,
      269, 67, 66, -1,
      269, 66, 270, -1,
      270, 66, 65, -1,
      270, 65, 265, -1,
      35, 34, 271, -1,
      271, 34, 272, -1,
      272, 34, 273, -1,
      273, 34, 3, -1,
      273, 3, 274, -1,
      3, 2, 274, -1,
      274, 2, 68, -1,
      274, 68, 268, -1,
      275, 37, 36, -1,
      275, 36, 276, -1,
      276, 36, 35, -1,
      276, 35, 271, -1,
      144, 46, 45, -1,
      144, 45, 277, -1,
      277, 45, 41, -1,
      277, 41, 278, -1,
      278, 41, 40, -1,
      278, 40, 279, -1,
      279, 40, 39, -1,
      279, 39, 280, -1,
      280, 39, 38, -1,
      280, 38, 281, -1,
      281, 38, 37, -1,
      281, 37, 275, -1,
      282, 283, 284, -1,
      284, 283, 285, -1,
      285, 283, 286, -1,
      286, 283, 287, -1,
      286, 287, 288, -1,
      288, 287, 289, -1,
      288, 289, 290, -1,
      290, 289, 291, -1,
      290, 291, 292, -1,
      292, 291, 293, -1,
      292, 293, 294, -1,
      294, 293, 295, -1,
      295, 293, 296, -1,
      295, 296, 297, -1,
      297, 296, 298, -1,
      297, 298, 299, -1,
      299, 298, 300, -1,
      299, 300, 301, -1,
      301, 300, 302, -1,
      301, 302, 303, -1,
      303, 302, 304, -1,
      303, 304, 305, -1,
      304, 306, 305, -1,
      305, 306, 307, -1,
      305, 307, 308, -1,
      308, 307, 309, -1,
      308, 309, 310, -1,
      310, 309, 311, -1,
      310, 311, 312, -1,
      312, 311, 313, -1,
      313, 311, 314, -1,
      313, 314, 315, -1,
      315, 314, 316, -1,
      315, 316, 317, -1,
      317, 316, 318, -1,
      317, 318, 319, -1,
      319, 318, 320, -1,
      319, 320, 321, -1,
      321, 320, 322, -1,
      321, 322, 323, -1,
      323, 322, 324, -1,
      323, 324, 325, -1,
      325, 324, 326, -1,
      325, 326, 327, -1,
      327, 326, 328, -1,
      327, 328, 329, -1,
      329, 328, 330, -1,
      329, 330, 331, -1,
      331, 330, 332, -1,
      332, 330, 333, -1,
      332, 333, 334, -1,
      333, 335, 334, -1,
      334, 335, 336, -1,
      334, 336, 337, -1,
      337, 336, 338, -1,
      337, 338, 339, -1,
      339, 338, 340, -1,
      339, 340, 341, -1,
      341, 340, 342, -1,
      341, 342, 343, -1,
      343, 342, 282, -1,
      343, 282, 284, -1,
      239, 240, 208, -1,
      185, 184, 273, -1,
      182, 175, 275, -1,
      275, 175, 176, -1,
      275, 176, 281, -1,
      281, 176, 177, -1,
      281, 177, 280, -1,
      280, 177, 279, -1,
      177, 178, 279, -1,
      279, 178, 179, -1,
      279, 179, 278, -1,
      278, 179, 180, -1,
      278, 180, 277, -1,
      277, 180, 181, -1,
      277, 181, 144, -1,
      144, 181, 168, -1,
      144, 168, 143, -1,
      143, 168, 169, -1,
      143, 169, 142, -1,
      142, 169, 170, -1,
      142, 170, 141, -1,
      170, 171, 141, -1,
      141, 171, 172, -1,
      141, 172, 147, -1,
      147, 172, 173, -1,
      147, 173, 146, -1,
      146, 173, 174, -1,
      146, 174, 145, -1,
      145, 174, 167, -1,
      145, 167, 148, -1,
      148, 167, 164, -1,
      148, 164, 155, -1,
      155, 164, 165, -1,
      155, 165, 166, -1,
      166, 156, 155, -1,
      155, 156, 157, -1,
      155, 157, 158, -1,
      158, 159, 155, -1,
      155, 159, 160, -1,
      155, 160, 161, -1,
      161, 162, 155, -1,
      155, 162, 163, -1,
      155, 163, 154, -1,
      150, 151, 149, -1,
      149, 151, 152, -1,
      149, 152, 163, -1,
      163, 152, 153, -1,
      163, 153, 154, -1,
      273, 184, 272, -1,
      272, 184, 183, -1,
      272, 183, 271, -1,
      271, 183, 188, -1,
      271, 188, 276, -1,
      276, 188, 189, -1,
      276, 189, 275, -1,
      275, 189, 190, -1,
      275, 190, 182, -1,
      199, 191, 192, -1,
      199, 192, 198, -1,
      185, 273, 186, -1,
      186, 273, 274, -1,
      186, 274, 187, -1,
      187, 274, 268, -1,
      187, 268, 195, -1,
      195, 268, 269, -1,
      195, 269, 194, -1,
      290, 292, 240, -1,
      290, 240, 288, -1,
      299, 301, 208, -1,
      292, 294, 240, -1,
      240, 294, 295, -1,
      240, 295, 208, -1,
      208, 295, 297, -1,
      208, 297, 299, -1,
      209, 210, 245, -1,
      245, 210, 252, -1,
      252, 210, 211, -1,
      252, 211, 251, -1,
      251, 211, 212, -1,
      251, 212, 250, -1,
      250, 212, 249, -1,
      249, 212, 213, -1,
      249, 213, 248, -1,
      248, 213, 200, -1,
      248, 200, 258, -1,
      258, 200, 201, -1,
      258, 201, 257, -1,
      257, 201, 256, -1,
      256, 201, 202, -1,
      256, 202, 255, -1,
      255, 202, 203, -1,
      255, 203, 254, -1,
      254, 203, 253, -1,
      253, 203, 204, -1,
      253, 204, 262, -1,
      262, 204, 205, -1,
      262, 205, 261, -1,
      261, 205, 260, -1,
      260, 205, 206, -1,
      260, 206, 259, -1,
      206, 207, 259, -1,
      259, 207, 196, -1,
      259, 196, 264, -1,
      264, 196, 197, -1,
      264, 197, 263, -1,
      263, 197, 198, -1,
      263, 198, 267, -1,
      267, 198, 192, -1,
      267, 192, 266, -1,
      266, 192, 193, -1,
      266, 193, 265, -1,
      265, 193, 194, -1,
      265, 194, 270, -1,
      270, 194, 269, -1,
      245, 246, 209, -1,
      209, 246, 247, -1,
      209, 247, 208, -1,
      208, 247, 238, -1,
      208, 238, 239, -1,
      236, 237, 220, -1,
      233, 234, 220, -1,
      220, 234, 235, -1,
      220, 235, 236, -1,
      237, 229, 220, -1,
      220, 229, 228, -1,
      220, 228, 224, -1,
      325, 220, 323, -1,
      323, 220, 221, -1,
      323, 221, 321, -1,
      321, 221, 222, -1,
      321, 222, 319, -1,
      319, 222, 223, -1,
      319, 223, 317, -1,
      317, 223, 214, -1,
      317, 214, 315, -1,
      315, 214, 215, -1,
      315, 215, 313, -1,
      313, 215, 216, -1,
      313, 216, 312, -1,
      312, 216, 217, -1,
      312, 217, 310, -1,
      310, 217, 218, -1,
      310, 218, 308, -1,
      308, 218, 219, -1,
      308, 219, 305, -1,
      305, 219, 208, -1,
      305, 208, 303, -1,
      303, 208, 301, -1,
      332, 334, 233, -1,
      325, 327, 220, -1,
      220, 327, 329, -1,
      220, 329, 233, -1,
      233, 329, 331, -1,
      233, 331, 332, -1,
      240, 241, 288, -1,
      288, 241, 242, -1,
      288, 242, 286, -1,
      286, 242, 243, -1,
      286, 243, 285, -1,
      285, 243, 284, -1,
      334, 337, 233, -1,
      233, 337, 339, -1,
      233, 339, 232, -1,
      232, 339, 341, -1,
      232, 341, 231, -1,
      231, 341, 343, -1,
      231, 343, 230, -1,
      230, 343, 284, -1,
      230, 284, 244, -1,
      244, 284, 243, -1,
      228, 227, 224, -1,
      224, 227, 226, -1,
      224, 226, 225, -1,
    ]
  }
}

Shape {
  appearance Appearance {
    material Material {
      diffuseColor 0.0000 0.0000 0.0000
      specularColor 0.0000 0.0000 0.0000
      ambientIntensity 0.2
      transparency 0.0000
      shininess 0.5
    }
  }
  geometry IndexedFaceSet {
    ccw TRUE
    solid FALSE
    coord DEF co Coordinate {
      point [
        0.268036 0.740377 -0.189183,
        0.273030 0.738550 -0.188574,
        0.278278 0.736589 -0.186582,
        0.282794 0.734867 -0.183409,
        0.286386 0.733474 -0.179246,
        0.288770 0.732539 -0.174527,
        0.289527 0.732240 -0.171947,
        0.289967 0.732066 -0.169256,
        0.290075 0.732023 -0.166476,
        0.289842 0.732115 -0.163702,
        0.289251 0.732349 -0.160932,
        0.288321 0.732716 -0.158293,
        0.285503 0.733818 -0.153483,
        0.282560 0.734957 -0.150343,
        0.278057 0.736672 -0.147264,
        0.273055 0.738541 -0.145395,
        0.267721 0.740491 -0.144779,
        0.263798 0.741897 -0.145159,
        0.258450 0.743777 -0.146893,
        0.253767 0.745388 -0.149859,
        0.249986 0.746665 -0.153841,
        0.247374 0.747534 -0.158442,
        0.245924 0.748013 -0.163640,
        0.245784 0.748058 -0.169160,
        0.246246 0.747907 -0.171960,
        0.247052 0.747641 -0.174649,
        0.249629 0.746784 -0.179598,
        0.253295 0.745548 -0.183711,
        0.257683 0.744044 -0.186711,
        0.262657 0.742302 -0.188569,
        0.278516 0.736498 -0.152856,
        0.257570 0.744083 -0.181916,
      ]
    }
    coordIndex [
      21, 20, 30, -1,
      30, 20, 19, -1,
      30, 19, 18, -1,
      12, 11, 30, -1,
      30, 11, 10, -1,
      30, 10, 21, -1,
      21, 10, 9, -1,
      21, 9, 8, -1,
      18, 17, 30, -1,
      30, 17, 16, -1,
      30, 16, 15, -1,
      15, 14, 30, -1,
      30, 14, 13, -1,
      30, 13, 12, -1,
      8, 7, 21, -1,
      21, 7, 6, -1,
      21, 6, 22, -1,
      1, 0, 31, -1,
      1, 31, 2, -1,
      5, 4, 31, -1,
      31, 4, 3, -1,
      31, 3, 2, -1,
      0, 29, 31, -1,
      31, 29, 28, -1,
      31, 28, 27, -1,
      27, 26, 31, -1,
      31, 26, 25, -1,
      31, 25, 5, -1,
      5, 25, 24, -1,
      5, 24, 6, -1,
      6, 24, 23, -1,
      6, 23, 22, -1,
    ]
  }
}
