#VRML V2.0 utf8

Shape {
  appearance Appearance {
    material Material {
      diffuseColor 0.8431 0.8157 0.7529
      specularColor 0.2510 0.2431 0.2275
      ambientIntensity 0.2
      transparency 0.0000
      shininess 0.5
    }
  }
  geometry IndexedFaceSet {
    ccw TRUE
    solid FALSE
    coord DEF co Coordinate {
      point [
        -3.655077 3.149606 1.331546,
        -3.661788 3.149606 1.347096,
        -3.653623 3.149606 1.368306,
        -3.540144 3.149606 1.538367,
        -3.523705 3.149606 1.536757,
        -3.548424 3.149606 1.536757,
        -3.470634 3.149606 1.565436,
        -3.468617 3.149606 1.571041,
        -3.468617 3.149606 1.536757,
        -3.508870 3.149606 1.658621,
        -3.510412 3.149606 1.658794,
        -3.468617 3.149606 1.658794,
        -3.411783 3.149606 1.659330,
        -3.411779 3.149606 1.658794,
        -3.461443 3.149606 1.658794,
        -3.832537 3.149606 1.656346,
        -3.877117 3.149606 1.536757,
        -3.915328 3.149606 1.536757,
        -3.282512 3.149606 1.522859,
        -3.290562 3.149606 1.502416,
        -3.345318 3.149606 1.502416,
        -2.951422 3.149606 1.465401,
        -3.055352 3.149606 1.465401,
        -3.059892 3.149606 1.467732,
        -2.969570 3.149606 1.674287,
        -2.977907 3.149606 1.677436,
        -2.362205 3.149606 1.677436,
        -3.167184 3.149606 1.648886,
        -3.195120 3.149606 1.616127,
        -3.345318 3.149606 1.658794,
        -3.212817 3.149606 1.581100,
        -3.216826 3.149606 1.579724,
        -3.086539 3.149606 1.690165,
        -3.121859 3.149606 1.677436,
        -3.345318 3.149606 1.677436,
        -3.129284 3.149606 1.674760,
        -3.152670 3.149606 1.658794,
        -2.362205 3.149606 2.173228,
        -3.009051 3.149606 1.689200,
        -3.345318 3.149606 2.173228,
        -3.051368 3.149606 1.694113,
        -2.362205 3.149606 1.658794,
        -2.945413 3.149606 1.658794,
        -2.948663 3.149606 1.661537,
        -2.857454 3.149606 1.622143,
        -2.891196 3.149606 1.626078,
        -2.928474 3.149606 1.644494,
        -2.901013 3.149606 1.625475,
        -2.910824 3.149606 1.624231,
        -2.792706 3.149606 1.585787,
        -2.798454 3.149606 1.591154,
        -2.825740 3.149606 1.610069,
        -2.362205 3.149606 1.536757,
        -2.362205 3.149606 1.502416,
        -2.753215 3.149606 1.502416,
        -2.758104 3.149606 1.528843,
        -2.761670 3.149606 1.536757,
        -2.771922 3.149606 1.559505,
        -2.755812 3.149606 1.455103,
        -2.754609 3.149606 1.465401,
        -2.362205 3.149606 1.465401,
        -2.754336 3.149606 1.467732,
        -2.362205 3.149606 1.467732,
        -2.751882 3.149606 1.488726,
        -2.752173 3.149606 1.496787,
        -3.125616 3.149606 1.400079,
        -3.131492 3.149606 1.402352,
        -3.141870 3.149606 1.450949,
        -3.120339 3.149606 1.396394,
        -2.813494 3.149606 1.372537,
        -2.787086 3.149606 1.395396,
        -2.362205 3.149606 0.480315,
        -3.345318 3.149606 0.007874,
        2.362205 3.149606 0.480315,
        -3.138115 3.149606 1.403154,
        -3.138946 3.149606 1.403088,
        -3.141503 3.149606 1.402502,
        -3.131227 3.149606 1.351033,
        -3.015828 3.149606 1.349337,
        -3.136032 3.149606 1.350224,
        -3.186413 3.149606 1.349867,
        -3.111456 3.149606 1.376870,
        -3.111697 3.149606 1.380239,
        -3.021874 3.149606 1.388607,
        -3.113458 3.149606 1.386726,
        -3.116783 3.149606 1.392529,
        -2.767857 3.149606 1.423235,
        -3.125594 3.149606 1.353296,
        -3.120084 3.149606 1.357273,
        -3.118113 3.149606 1.359308,
        -3.114430 3.149606 1.364698,
        -3.112221 3.149606 1.370504,
        -3.021188 3.149606 1.370327,
        -3.021814 3.149606 1.380068,
        -3.226231 3.149606 1.423414,
        -3.235639 3.149606 1.436720,
        -3.241542 3.149606 1.451931,
        -3.133554 3.149606 1.465401,
        -3.264391 3.149606 1.387741,
        -3.241087 3.149606 1.368283,
        -2.890887 3.149606 1.308191,
        -2.874602 3.149606 1.321320,
        -2.862456 3.149606 1.337353,
        -3.005384 3.149606 1.330460,
        -3.214950 3.149606 1.355699,
        -3.143232 3.149606 1.402264,
        -3.181658 3.149606 1.401991,
        -3.195831 3.149606 1.404467,
        -2.990761 3.149606 1.314928,
        -2.973387 3.149606 1.303750,
        -2.954111 3.149606 1.297136,
        -2.855108 3.149606 1.353924,
        -2.844237 3.149606 1.357265,
        -3.211083 3.149606 1.411063,
        -3.223976 3.149606 1.421056,
        -3.345318 3.149606 1.467732,
        -3.296122 3.149606 1.465401,
        -3.345318 3.149606 1.465401,
        -3.292461 3.149606 1.438321,
        -3.281571 3.149606 1.411348,
        -2.935817 3.149606 1.295283,
        -2.930294 3.149606 1.295495,
        -2.910257 3.149606 1.299297,
        -3.243260 3.149606 1.465401,
        -3.243557 3.149606 1.467732,
        -3.132212 3.149606 1.467732,
        -3.243612 3.149606 1.468160,
        -2.809194 3.149606 1.467732,
        -2.806855 3.149606 1.475395,
        -3.115720 3.149606 1.496393,
        -2.805691 3.149606 1.490053,
        -2.807120 3.149606 1.502416,
        -3.243323 3.149606 1.474881,
        -3.239618 3.149606 1.491360,
        -3.233917 3.149606 1.502416,
        -2.969902 3.149606 1.460185,
        -2.987636 3.149606 1.449954,
        -3.000872 3.149606 1.437431,
        -2.867340 3.149606 1.431402,
        -2.881962 3.149606 1.447000,
        -2.809905 3.149606 1.465401,
        -2.899832 3.149606 1.458527,
        -2.918899 3.149606 1.465069,
        -2.922150 3.149606 1.465401,
        -2.937035 3.149606 1.466919,
        -2.949531 3.149606 1.465935,
        -2.813234 3.149606 1.454495,
        -2.824470 3.149606 1.436193,
        -2.857463 3.149606 1.413891,
        -2.840137 3.149606 1.420920,
        -2.856368 3.149606 1.411130,
        -2.814690 3.149606 1.527498,
        -2.807803 3.149606 1.508319,
        -3.170648 3.149606 1.535286,
        -3.177480 3.149606 1.535237,
        -3.231937 3.149606 1.506259,
        -3.221565 3.149606 1.518094,
        -3.208358 3.149606 1.527386,
        -3.193477 3.149606 1.533178,
        -3.152370 3.149606 1.587083,
        -3.133191 3.149606 1.610158,
        -2.936853 3.149606 1.561708,
        -3.131474 3.149606 1.611741,
        -3.107617 3.149606 1.628591,
        -2.950144 3.149606 1.588710,
        -2.820834 3.149606 1.536757,
        -2.928408 3.149606 1.566241,
        -3.170333 3.149606 1.536757,
        -3.165452 3.149606 1.559527,
        -2.909245 3.149606 1.572796,
        -2.891687 3.149606 1.574838,
        -2.881937 3.149606 1.574350,
        -2.969478 3.149606 1.611439,
        -3.080923 3.149606 1.639072,
        -2.992328 3.149606 1.627888,
        -3.051858 3.149606 1.642872,
        -3.020288 3.149606 1.639019,
        -2.860874 3.149606 1.569289,
        -2.841851 3.149606 1.559113,
        -2.826113 3.149606 1.544712,
        -3.292807 3.149606 1.496715,
        -3.296560 3.149606 1.468639,
        -3.296438 3.149606 1.467732,
        -3.242164 3.149606 1.566972,
        -3.265219 3.149606 1.547250,
        -3.345318 3.149606 1.536757,
        -3.272658 3.149606 1.536757,
        -3.881337 3.149606 1.458410,
        -3.915328 3.149606 1.465401,
        -3.866796 3.149606 1.463681,
        -3.851637 3.149606 1.465401,
        -3.894378 3.149606 1.449465,
        -3.898489 3.149606 1.445398,
        -3.905874 3.149606 1.434903,
        -3.908509 3.149606 1.384300,
        -3.902338 3.149606 1.372018,
        -3.915328 3.149606 0.007874,
        -3.893757 3.149606 1.362091,
        -3.891622 3.149606 1.360219,
        -3.879808 3.149606 1.352500,
        -3.910265 3.149606 1.423445,
        -3.912189 3.149606 1.406724,
        -3.911677 3.149606 1.398202,
        -3.865761 3.149606 1.347534,
        -3.847004 3.149606 1.345598,
        -3.802674 3.149606 0.007874,
        -3.813970 3.149606 1.345832,
        -3.802674 3.149606 1.465401,
        -3.814818 3.149606 1.465401,
        -3.802674 3.149606 1.467732,
        -3.814822 3.149606 1.465933,
        -3.849084 3.149606 1.465691,
        -3.915328 3.149606 1.467732,
        -3.785623 3.149606 1.413885,
        -3.785526 3.149606 1.400131,
        -3.791380 3.149606 1.359685,
        -3.766275 3.149606 1.359864,
        -3.789396 3.149606 1.465401,
        -3.789304 3.149606 1.452298,
        -3.766275 3.149606 1.414022,
        -3.791282 3.149606 1.345993,
        -3.766275 3.149606 0.007874,
        -3.766275 3.149606 1.400268,
        -3.742576 3.149606 1.400436,
        -3.742289 3.149606 1.360034,
        -3.766275 3.149606 1.452462,
        -3.742945 3.149606 1.452627,
        -3.742673 3.149606 1.414190,
        -3.789402 3.149606 1.466114,
        -3.766275 3.149606 1.467732,
        -3.653623 3.149606 1.467732,
        -3.727540 3.149606 1.466552,
        -3.766275 3.149606 1.466278,
        -3.653623 3.149606 1.409104,
        -3.667525 3.149606 1.368178,
        -3.671607 3.149606 1.368026,
        -3.766275 3.149606 1.346170,
        -3.726688 3.149606 1.346451,
        -3.653623 3.149606 0.007874,
        -3.664553 3.149606 1.320672,
        -3.659002 3.149606 1.314100,
        -3.669317 3.149606 1.361104,
        -3.669716 3.149606 1.361101,
        -3.670428 3.149606 1.364036,
        -3.653623 3.149606 1.465401,
        -3.695490 3.149606 1.432455,
        -3.727531 3.149606 1.465401,
        -3.711086 3.149606 1.432344,
        -3.671457 3.149606 1.333887,
        -3.657969 3.149606 1.313167,
        -3.653623 3.149606 1.310175,
        -3.562398 3.149606 1.350625,
        -3.562509 3.149606 1.366160,
        -3.548424 3.149606 1.465401,
        -3.570017 3.149606 0.007874,
        -3.570017 3.149606 1.347906,
        -3.548424 3.149606 0.007874,
        -3.568365 3.149606 1.362481,
        -3.570017 3.149606 1.361845,
        -3.570017 3.149606 1.393726,
        -3.567085 3.149606 1.396645,
        -3.565146 3.149606 1.399794,
        -3.563519 3.149606 1.404400,
        -3.562914 3.149606 1.410245,
        -3.563546 3.149606 1.415620,
        -3.569528 3.149606 1.394054,
        -3.615541 3.149606 1.384758,
        -3.618320 3.149606 1.380594,
        -3.616687 3.149606 1.416557,
        -3.619893 3.149606 1.376147,
        -3.620476 3.149606 1.370538,
        -3.572683 3.149606 1.428475,
        -3.577163 3.149606 1.431107,
        -3.570017 3.149606 1.465401,
        -3.565371 3.149606 1.420451,
        -3.568195 3.149606 1.424497,
        -3.570017 3.149606 1.426112,
        -3.585436 3.149606 1.434000,
        -3.596494 3.149606 1.435122,
        -3.624620 3.149606 1.465401,
        -3.604784 3.149606 1.434496,
        -3.616791 3.149606 1.431170,
        -3.624620 3.149606 0.007874,
        -3.619717 3.149606 1.364499,
        -3.617836 3.149606 1.359745,
        -3.615004 3.149606 1.355797,
        -3.610673 3.149606 1.352064,
        -3.606213 3.149606 1.349462,
        -3.597976 3.149606 1.346641,
        -3.585635 3.149606 1.345425,
        -3.573136 3.149606 1.346793,
        -3.594934 3.149606 1.422913,
        -3.590479 3.149606 1.422611,
        -3.578428 3.149606 1.411486,
        -3.586447 3.149606 1.421574,
        -3.583061 3.149606 1.419804,
        -3.578550 3.149606 1.409484,
        -3.579131 3.149606 1.407143,
        -3.580200 3.149606 1.405106,
        -3.581656 3.149606 1.403481,
        -3.586936 3.149606 1.400128,
        -3.604805 3.149606 1.421720,
        -3.596217 3.149606 1.396009,
        -3.613268 3.149606 1.418549,
        -3.602025 3.149606 1.393611,
        -3.611976 3.149606 1.387983,
        -3.580777 3.149606 1.417815,
        -3.579474 3.149606 1.415909,
        -3.578717 3.149606 1.413883,
        -3.577771 3.149606 1.358865,
        -3.585517 3.149606 1.385155,
        -3.576580 3.149606 1.389328,
        -3.587195 3.149606 1.357695,
        -3.587859 3.149606 1.357694,
        -3.595366 3.149606 1.380948,
        -3.595577 3.149606 1.358504,
        -3.605022 3.149606 1.369174,
        -3.604888 3.149606 1.371046,
        -3.599469 3.149606 1.359897,
        -3.600847 3.149606 1.360720,
        -3.602584 3.149606 1.362240,
        -3.603911 3.149606 1.364172,
        -3.604690 3.149606 1.366306,
        -3.604222 3.149606 1.373400,
        -3.603072 3.149606 1.375403,
        -3.601212 3.149606 1.377368,
        -3.915328 3.149606 1.658794,
        -3.802674 3.149606 1.658794,
        -3.815958 3.149606 1.656464,
        -3.766275 3.149606 1.536757,
        -3.769389 3.149606 1.536757,
        -3.802674 3.149606 1.622318,
        -3.769363 3.149606 1.536687,
        -3.766275 3.149606 1.502416,
        -3.786493 3.149606 1.536565,
        -3.802674 3.149606 1.502416,
        -3.786562 3.149606 1.536757,
        -3.802674 3.149606 1.536757,
        -3.802674 3.149606 1.569302,
        -3.798270 3.149606 1.569333,
        -3.848281 3.149606 1.568979,
        -3.860037 3.149606 1.536757,
        -3.860298 3.149606 1.536042,
        -3.877429 3.149606 1.535920,
        -3.915328 3.149606 1.502416,
        -3.653623 3.149606 1.658794,
        -3.624620 3.149606 1.658794,
        -3.640350 3.149606 1.657709,
        -3.624620 3.149606 1.657821,
        -3.640252 3.149606 1.643894,
        -3.642328 3.149606 1.551281,
        -3.653623 3.149606 1.536757,
        -3.642231 3.149606 1.537589,
        -3.624620 3.149606 1.536757,
        -3.624620 3.149606 1.605565,
        -3.636572 3.149606 1.605481,
        -3.636474 3.149606 1.591727,
        -3.624620 3.149606 1.551407,
        -3.624620 3.149606 1.591811,
        -3.593524 3.149606 1.592031,
        -3.593237 3.149606 1.551629,
        -3.624620 3.149606 1.644005,
        -3.593894 3.149606 1.644223,
        -3.593621 3.149606 1.605785,
        -3.578488 3.149606 1.658148,
        -3.570017 3.149606 1.658794,
        -3.577636 3.149606 1.538047,
        -3.411028 3.149606 1.552922,
        -3.458860 3.149606 1.552582,
        -3.461443 3.149606 1.536757,
        -3.458763 3.149606 1.538890,
        -3.395427 3.149606 1.539339,
        -3.461443 3.149606 1.677436,
        -3.396280 3.149606 1.659440,
        -3.396274 3.149606 1.658794,
        2.362205 3.149606 2.173228,
        3.844171 3.149606 2.173228,
        2.362205 3.149606 1.677436,
        3.844171 3.149606 1.677436,
        2.362205 3.149606 1.658794,
        3.844171 3.149606 1.658794,
        2.362205 3.149606 1.536757,
        3.844171 3.149606 1.536757,
        2.362205 3.149606 1.502416,
        3.844171 3.149606 1.502416,
        2.362205 3.149606 1.467732,
        3.844171 3.149606 1.467732,
        2.362205 3.149606 1.465401,
        3.844171 3.149606 1.465401,
        3.844171 3.149606 0.007874,
        -3.554429 3.149606 1.655433,
        -3.548424 3.149606 1.657263,
        -3.548424 3.149606 1.658794,
        -3.543402 3.149606 1.658794,
        -3.624620 3.149606 1.537713,
        -3.570017 3.149606 1.536757,
        -3.554314 3.149606 1.639223,
        -3.553738 3.149606 1.558050,
        -3.552424 3.149606 1.640246,
        -3.482125 3.149606 1.612630,
        -3.548424 3.149606 1.555738,
        -3.486033 3.149606 1.623276,
        -3.491713 3.149606 1.631767,
        -3.480363 3.149606 1.597439,
        -3.480363 3.149606 1.596318,
        -3.541406 3.149606 1.552685,
        -3.527714 3.149606 1.550359,
        -3.540206 3.149606 1.644834,
        -3.526058 3.149606 1.646546,
        -3.520737 3.149606 1.646339,
        -3.510367 3.149606 1.644272,
        -3.548424 3.149606 1.641748,
        -3.500956 3.149606 1.639828,
        -3.493237 3.149606 1.633454,
        -3.482146 3.149606 1.581561,
        -3.485857 3.149606 1.571748,
        -3.491909 3.149606 1.563094,
        -3.502806 3.149606 1.554746,
        -3.511498 3.149606 1.551540,
        -3.522674 3.149606 1.550226,
        -3.494839 3.149606 1.560211,
        -3.527107 3.149606 1.660533,
        -3.542631 3.149606 1.659029,
        -3.548424 3.149606 1.677436,
        -3.496249 3.149606 1.653886,
        -3.473349 3.149606 1.632486,
        -3.481762 3.149606 1.643176,
        -3.484548 3.149606 1.645809,
        -3.467400 3.149606 1.619293,
        -3.468617 3.149606 1.621993,
        -3.466020 3.149606 1.578261,
        -3.464085 3.149606 1.596634,
        -3.464414 3.149606 1.603805,
        -3.499432 3.149606 1.539819,
        -3.488227 3.149606 1.545389,
        -3.512294 3.149606 1.536908,
        -3.479189 3.149606 1.553114,
        -3.477544 3.149606 1.554970,
        -3.520334 3.149606 1.536427,
        -3.548424 3.149606 1.502416,
        -3.514820 3.149606 1.536757,
        -3.468617 3.149606 1.502416,
        -3.553633 3.149606 1.543191,
        -3.548424 3.149606 1.541328,
        -3.456768 3.149606 1.465401,
        -3.456692 3.149606 1.454657,
        -3.461443 3.149606 1.465401,
        -3.458767 3.149606 1.362044,
        -3.458670 3.149606 1.348352,
        -3.409963 3.149606 1.402795,
        -3.409677 3.149606 1.362393,
        -3.452914 3.149606 1.402490,
        -3.453011 3.149606 1.416244,
        -3.410061 3.149606 1.416549,
        -3.410334 3.149606 1.454986,
        -3.456790 3.149606 1.468473,
        -3.456784 3.149606 1.467732,
        -3.461443 3.149606 1.467732,
        -3.461443 3.149606 1.502416,
        -3.394928 3.149606 1.468911,
        -3.394920 3.149606 1.467732,
        -3.394903 3.149606 1.465401,
        -3.628747 3.149606 1.432928,
        -3.645571 3.149606 1.432809,
        -3.631056 3.149606 1.321340,
        -3.634126 3.149606 1.320309,
        -3.652689 3.149606 1.309532,
        -3.646737 3.149606 1.307313,
        -3.640654 3.149606 1.306657,
        -3.630962 3.149606 1.307954,
        -3.637334 3.149606 1.306800,
        -3.646497 3.149606 1.321151,
        -3.649272 3.149606 1.323048,
        -3.643194 3.149606 1.319939,
        -3.639579 3.149606 1.319560,
        -3.652096 3.149606 1.326168,
        -3.653623 3.149606 1.328924,
        -4.350394 3.149606 1.465401,
        -4.188437 3.149606 1.465401,
        -4.350394 3.149606 0.007874,
        -4.188437 3.149606 0.007874,
        -4.009350 3.149606 1.344446,
        -3.997333 3.149606 1.377383,
        -3.947321 3.149606 1.377738,
        -3.935545 3.149606 1.344970,
        -3.918414 3.149606 1.345091,
        -3.965010 3.149606 1.464868,
        -3.981589 3.149606 1.464751,
        -4.026481 3.149606 1.344325,
        -4.188437 3.149606 1.467732,
        -4.350394 3.149606 1.467732,
        -4.188437 3.149606 1.502416,
        -4.188437 3.149606 1.536757,
        -4.350394 3.149606 1.502416,
        -4.350394 3.149606 1.536757,
        -4.188437 3.149606 1.658794,
        -4.350394 3.149606 1.658794,
        -3.717744 3.149606 1.655277,
        -3.766275 3.149606 1.658794,
        -3.700033 3.149606 1.657286,
        -3.759457 3.149606 1.575896,
        -3.753286 3.149606 1.563613,
        -3.762626 3.149606 1.589797,
        -3.732285 3.149606 1.650005,
        -3.745326 3.149606 1.641061,
        -3.749437 3.149606 1.636993,
        -3.756822 3.149606 1.626498,
        -3.761213 3.149606 1.615041,
        -3.763137 3.149606 1.598320,
        -3.744706 3.149606 1.553687,
        -3.742570 3.149606 1.551815,
        -3.730756 3.149606 1.544096,
        -3.716709 3.149606 1.539130,
        -3.697952 3.149606 1.537193,
        -3.664919 3.149606 1.537428,
        -3.665770 3.149606 1.657529,
        -3.570017 3.149606 1.502416,
        -3.624620 3.149606 1.502416,
        -3.653623 3.149606 1.502416,
        -3.570017 3.149606 1.677436,
        -3.624620 3.149606 1.677436,
        -3.653623 3.149606 1.677436,
        -3.766275 3.149606 1.677436,
        -3.802674 3.149606 1.677436,
        -3.915328 3.149606 1.677436,
        -4.188437 3.149606 1.677436,
        -4.350394 3.149606 1.677436,
        -3.476472 3.149606 1.384952,
        -3.479541 3.149606 1.389215,
        -3.481912 3.149606 1.413337,
        -3.520750 3.149606 1.434824,
        -3.527056 3.149606 1.432843,
        -3.519488 3.149606 1.352501,
        -3.514133 3.149606 1.348995,
        -3.526949 3.149606 1.347868,
        -3.532022 3.149606 1.429939,
        -3.535997 3.149606 1.426059,
        -3.539031 3.149606 1.421155,
        -3.508018 3.149606 1.346834,
        -3.500256 3.149606 1.346031,
        -3.541992 3.149606 1.347761,
        -3.484231 3.149606 1.393163,
        -3.490756 3.149606 1.396387,
        -3.491576 3.149606 1.419436,
        -3.501890 3.149606 1.399011,
        -3.515200 3.149606 1.422945,
        -3.510108 3.149606 1.423515,
        -3.500998 3.149606 1.422617,
        -3.541326 3.149606 1.414253,
        -3.542384 3.149606 1.402961,
        -3.527043 3.149606 1.361131,
        -3.526644 3.149606 1.361133,
        -3.524275 3.149606 1.357583,
        -3.482016 3.149606 1.427951,
        -3.486025 3.149606 1.430182,
        -3.468617 3.149606 1.465401,
        -3.497406 3.149606 1.434237,
        -3.511607 3.149606 1.435724,
        -3.473300 3.149606 1.373248,
        -3.474338 3.149606 1.379685,
        -3.527336 3.149606 1.402393,
        -3.526859 3.149606 1.409048,
        -3.525343 3.149606 1.414415,
        -3.523597 3.149606 1.417526,
        -3.468617 3.149606 0.007874,
        -3.491264 3.149606 1.347140,
        -3.485512 3.149606 1.349355,
        -3.480471 3.149606 1.352926,
        -3.478800 3.149606 1.354643,
        -3.475708 3.149606 1.359288,
        -3.473924 3.149606 1.364390,
        -3.473232 3.149606 1.371214,
        -3.521339 3.149606 1.419961,
        -3.518681 3.149606 1.421701,
        -3.394076 3.149606 1.348810,
        -3.461443 3.149606 0.007874,
        -3.468617 3.149606 1.467732,
        -3.548424 3.149606 1.467732,
        -3.570017 3.149606 1.467732,
        -3.624620 3.149606 1.467732,
        -3.468617 3.149606 1.677436,
        -3.526004 3.149606 1.660547,
        -3.461443 3.149606 2.173228,
        -3.468617 3.149606 2.173228,
        -3.548424 3.149606 2.173228,
        -3.570017 3.149606 2.173228,
        -3.624620 3.149606 2.173228,
        -3.653623 3.149606 2.173228,
        -3.766275 3.149606 2.173228,
        -3.802674 3.149606 2.173228,
        -3.915328 3.149606 2.173228,
        -4.188437 3.149606 2.173228,
        -4.350394 3.149606 2.173228,
      ]
    }
    coordIndex [
      0, 1, 2, -1,
      3, 4, 5, -1,
      6, 7, 8, -1,
      9, 10, 11, -1,
      12, 13, 14, -1,
      15, 16, 17, -1,
      18, 19, 20, -1,
      21, 22, 23, -1,
      24, 25, 26, -1,
      27, 28, 29, -1,
      29, 28, 30, -1,
      29, 30, 31, -1,
      32, 33, 34, -1,
      34, 33, 35, -1,
      34, 35, 29, -1,
      29, 35, 36, -1,
      29, 36, 27, -1,
      26, 25, 37, -1,
      37, 25, 38, -1,
      37, 38, 39, -1,
      39, 38, 40, -1,
      39, 40, 32, -1,
      41, 42, 26, -1,
      26, 42, 43, -1,
      26, 43, 24, -1,
      41, 44, 42, -1,
      42, 44, 45, -1,
      42, 45, 46, -1,
      46, 45, 47, -1,
      46, 47, 48, -1,
      49, 50, 41, -1,
      41, 50, 51, -1,
      41, 51, 44, -1,
      52, 53, 54, -1,
      54, 55, 52, -1,
      52, 55, 56, -1,
      52, 56, 41, -1,
      41, 56, 57, -1,
      41, 57, 49, -1,
      58, 59, 60, -1,
      60, 59, 61, -1,
      60, 61, 62, -1,
      62, 61, 63, -1,
      62, 63, 53, -1,
      53, 63, 64, -1,
      53, 64, 54, -1,
      65, 66, 67, -1,
      65, 67, 68, -1,
      69, 70, 71, -1,
      72, 71, 73, -1,
      66, 74, 67, -1,
      67, 74, 75, -1,
      67, 75, 76, -1,
      77, 78, 79, -1,
      79, 78, 80, -1,
      81, 82, 83, -1,
      83, 82, 84, -1,
      83, 84, 67, -1,
      67, 84, 85, -1,
      67, 85, 68, -1,
      71, 70, 60, -1,
      60, 70, 86, -1,
      60, 86, 58, -1,
      77, 87, 78, -1,
      78, 87, 88, -1,
      78, 88, 89, -1,
      89, 90, 78, -1,
      78, 90, 91, -1,
      78, 91, 92, -1,
      92, 91, 81, -1,
      92, 81, 93, -1,
      93, 81, 83, -1,
      94, 95, 67, -1,
      67, 95, 96, -1,
      67, 96, 97, -1,
      98, 99, 72, -1,
      100, 101, 71, -1,
      71, 101, 102, -1,
      78, 103, 80, -1,
      80, 103, 72, -1,
      80, 72, 104, -1,
      104, 72, 99, -1,
      76, 105, 67, -1,
      67, 105, 106, -1,
      67, 106, 107, -1,
      103, 108, 72, -1,
      72, 108, 109, -1,
      72, 109, 110, -1,
      102, 111, 71, -1,
      71, 111, 112, -1,
      71, 112, 69, -1,
      107, 113, 67, -1,
      67, 113, 114, -1,
      67, 114, 94, -1,
      115, 116, 117, -1,
      117, 116, 118, -1,
      117, 118, 72, -1,
      72, 118, 119, -1,
      72, 119, 98, -1,
      110, 120, 72, -1,
      72, 120, 121, -1,
      72, 121, 71, -1,
      71, 121, 122, -1,
      71, 122, 100, -1,
      96, 123, 97, -1,
      97, 123, 124, -1,
      97, 124, 125, -1,
      125, 124, 126, -1,
      127, 23, 128, -1,
      128, 23, 129, -1,
      128, 129, 130, -1,
      130, 129, 131, -1,
      126, 132, 125, -1,
      125, 132, 133, -1,
      125, 133, 129, -1,
      129, 133, 134, -1,
      129, 134, 131, -1,
      21, 135, 22, -1,
      22, 135, 136, -1,
      22, 136, 137, -1,
      138, 139, 140, -1,
      140, 139, 141, -1,
      141, 142, 140, -1,
      140, 142, 143, -1,
      140, 143, 127, -1,
      127, 143, 144, -1,
      127, 144, 23, -1,
      23, 144, 145, -1,
      23, 145, 21, -1,
      140, 146, 138, -1,
      138, 146, 147, -1,
      138, 147, 148, -1,
      148, 147, 149, -1,
      148, 149, 150, -1,
      151, 152, 153, -1,
      152, 131, 153, -1,
      153, 131, 134, -1,
      153, 134, 154, -1,
      154, 134, 155, -1,
      155, 156, 154, -1,
      154, 156, 157, -1,
      154, 157, 158, -1,
      159, 160, 161, -1,
      160, 162, 161, -1,
      161, 162, 163, -1,
      161, 163, 164, -1,
      165, 161, 166, -1,
      151, 153, 165, -1,
      165, 153, 167, -1,
      165, 167, 161, -1,
      161, 167, 168, -1,
      161, 168, 159, -1,
      166, 169, 165, -1,
      165, 169, 170, -1,
      165, 170, 171, -1,
      164, 163, 172, -1,
      172, 163, 173, -1,
      172, 173, 174, -1,
      174, 173, 175, -1,
      174, 175, 176, -1,
      177, 178, 171, -1,
      171, 178, 179, -1,
      171, 179, 165, -1,
      180, 181, 115, -1,
      115, 181, 182, -1,
      115, 182, 116, -1,
      31, 183, 29, -1,
      29, 183, 184, -1,
      29, 184, 185, -1,
      185, 184, 186, -1,
      185, 186, 18, -1,
      187, 188, 189, -1,
      189, 188, 190, -1,
      187, 191, 188, -1,
      188, 191, 192, -1,
      188, 192, 193, -1,
      194, 195, 196, -1,
      195, 197, 196, -1,
      196, 197, 198, -1,
      196, 198, 199, -1,
      193, 200, 188, -1,
      188, 200, 201, -1,
      188, 201, 196, -1,
      196, 201, 202, -1,
      196, 202, 194, -1,
      199, 203, 196, -1,
      196, 203, 204, -1,
      196, 204, 205, -1,
      205, 204, 206, -1,
      205, 206, 207, -1,
      207, 206, 208, -1,
      207, 208, 209, -1,
      208, 210, 209, -1,
      209, 210, 211, -1,
      209, 211, 212, -1,
      212, 211, 190, -1,
      213, 214, 215, -1,
      215, 214, 216, -1,
      207, 217, 218, -1,
      219, 213, 218, -1,
      218, 213, 215, -1,
      218, 215, 207, -1,
      207, 215, 220, -1,
      207, 220, 205, -1,
      205, 220, 221, -1,
      214, 222, 216, -1,
      216, 222, 223, -1,
      216, 223, 224, -1,
      218, 225, 219, -1,
      219, 225, 226, -1,
      219, 226, 227, -1,
      217, 207, 228, -1,
      228, 207, 209, -1,
      228, 209, 229, -1,
      230, 231, 229, -1,
      229, 231, 232, -1,
      229, 232, 228, -1,
      233, 234, 235, -1,
      220, 236, 221, -1,
      221, 236, 237, -1,
      221, 237, 238, -1,
      237, 239, 240, -1,
      241, 242, 234, -1,
      234, 242, 243, -1,
      234, 243, 235, -1,
      244, 245, 246, -1,
      246, 245, 247, -1,
      246, 247, 237, -1,
      237, 247, 248, -1,
      237, 248, 239, -1,
      240, 249, 237, -1,
      237, 249, 250, -1,
      237, 250, 238, -1,
      251, 252, 253, -1,
      254, 255, 256, -1,
      256, 255, 251, -1,
      257, 258, 259, -1,
      260, 261, 252, -1,
      252, 261, 262, -1,
      252, 262, 253, -1,
      253, 262, 263, -1,
      253, 263, 264, -1,
      257, 259, 252, -1,
      252, 259, 265, -1,
      252, 265, 260, -1,
      266, 267, 268, -1,
      268, 267, 269, -1,
      268, 269, 270, -1,
      271, 272, 273, -1,
      264, 274, 253, -1,
      253, 274, 275, -1,
      253, 275, 273, -1,
      273, 275, 276, -1,
      273, 276, 271, -1,
      272, 277, 273, -1,
      273, 277, 278, -1,
      273, 278, 279, -1,
      279, 278, 280, -1,
      279, 280, 281, -1,
      254, 282, 270, -1,
      270, 282, 279, -1,
      270, 279, 268, -1,
      268, 279, 281, -1,
      270, 283, 254, -1,
      254, 283, 284, -1,
      254, 284, 285, -1,
      285, 286, 254, -1,
      254, 286, 287, -1,
      254, 287, 288, -1,
      288, 289, 254, -1,
      254, 289, 290, -1,
      254, 290, 255, -1,
      291, 292, 293, -1,
      293, 292, 294, -1,
      293, 294, 295, -1,
      293, 296, 291, -1,
      291, 296, 297, -1,
      291, 297, 298, -1,
      298, 299, 291, -1,
      291, 299, 300, -1,
      291, 300, 301, -1,
      301, 300, 302, -1,
      301, 302, 303, -1,
      303, 302, 304, -1,
      303, 304, 268, -1,
      268, 304, 305, -1,
      268, 305, 266, -1,
      306, 307, 295, -1,
      295, 307, 308, -1,
      295, 308, 293, -1,
      309, 310, 258, -1,
      258, 310, 311, -1,
      258, 311, 259, -1,
      309, 312, 310, -1,
      310, 312, 313, -1,
      310, 313, 314, -1,
      314, 313, 315, -1,
      314, 316, 317, -1,
      315, 318, 314, -1,
      314, 318, 319, -1,
      314, 319, 320, -1,
      320, 321, 314, -1,
      314, 321, 322, -1,
      314, 322, 316, -1,
      317, 323, 314, -1,
      314, 323, 324, -1,
      314, 324, 325, -1,
      326, 327, 15, -1,
      15, 327, 328, -1,
      329, 330, 331, -1,
      332, 333, 334, -1,
      334, 333, 335, -1,
      334, 335, 336, -1,
      335, 337, 336, -1,
      336, 337, 338, -1,
      336, 338, 339, -1,
      340, 338, 341, -1,
      341, 338, 337, -1,
      341, 337, 342, -1,
      342, 337, 335, -1,
      342, 335, 343, -1,
      343, 335, 344, -1,
      343, 344, 16, -1,
      345, 346, 347, -1,
      347, 346, 348, -1,
      347, 349, 345, -1,
      345, 349, 350, -1,
      345, 350, 351, -1,
      351, 350, 352, -1,
      351, 352, 353, -1,
      354, 355, 349, -1,
      349, 355, 350, -1,
      350, 355, 356, -1,
      350, 356, 357, -1,
      356, 358, 357, -1,
      357, 358, 359, -1,
      357, 359, 360, -1,
      349, 361, 354, -1,
      354, 361, 362, -1,
      354, 362, 363, -1,
      348, 346, 364, -1,
      364, 346, 365, -1,
      364, 365, 366, -1,
      13, 367, 14, -1,
      14, 367, 368, -1,
      14, 368, 369, -1,
      369, 368, 370, -1,
      369, 370, 371, -1,
      12, 372, 373, -1,
      373, 372, 34, -1,
      373, 34, 374, -1,
      374, 34, 29, -1,
      374, 29, 371, -1,
      371, 29, 185, -1,
      371, 185, 369, -1,
      375, 376, 377, -1,
      377, 376, 378, -1,
      377, 378, 379, -1,
      379, 378, 380, -1,
      379, 380, 381, -1,
      381, 380, 382, -1,
      381, 382, 383, -1,
      383, 382, 384, -1,
      383, 384, 385, -1,
      385, 384, 386, -1,
      385, 386, 387, -1,
      387, 386, 388, -1,
      387, 388, 73, -1,
      73, 388, 389, -1,
      73, 389, 72, -1,
      390, 365, 391, -1,
      391, 365, 392, -1,
      391, 392, 393, -1,
      352, 394, 353, -1,
      353, 394, 366, -1,
      353, 366, 395, -1,
      395, 366, 365, -1,
      395, 365, 396, -1,
      396, 365, 390, -1,
      397, 396, 398, -1,
      399, 400, 401, -1,
      401, 400, 402, -1,
      399, 403, 400, -1,
      400, 403, 404, -1,
      400, 404, 405, -1,
      405, 404, 406, -1,
      407, 408, 400, -1,
      400, 408, 409, -1,
      400, 409, 410, -1,
      397, 398, 400, -1,
      400, 398, 411, -1,
      400, 411, 407, -1,
      410, 412, 400, -1,
      400, 412, 413, -1,
      400, 413, 402, -1,
      414, 415, 416, -1,
      417, 418, 404, -1,
      404, 418, 419, -1,
      404, 419, 406, -1,
      414, 416, 404, -1,
      404, 416, 420, -1,
      404, 420, 417, -1,
      421, 422, 423, -1,
      423, 422, 393, -1,
      9, 11, 424, -1,
      425, 426, 11, -1,
      11, 426, 427, -1,
      11, 427, 424, -1,
      8, 7, 369, -1,
      14, 428, 11, -1,
      11, 428, 429, -1,
      11, 429, 425, -1,
      7, 430, 369, -1,
      369, 430, 431, -1,
      369, 431, 14, -1,
      14, 431, 432, -1,
      14, 432, 428, -1,
      433, 434, 8, -1,
      433, 8, 435, -1,
      434, 436, 8, -1,
      8, 436, 437, -1,
      8, 437, 6, -1,
      4, 438, 439, -1,
      439, 438, 440, -1,
      439, 440, 441, -1,
      396, 397, 395, -1,
      395, 397, 442, -1,
      395, 442, 5, -1,
      5, 442, 443, -1,
      5, 443, 3, -1,
      444, 445, 446, -1,
      446, 445, 447, -1,
      446, 447, 448, -1,
      449, 450, 451, -1,
      451, 450, 447, -1,
      451, 447, 452, -1,
      452, 447, 445, -1,
      452, 445, 453, -1,
      453, 445, 454, -1,
      455, 456, 457, -1,
      457, 456, 444, -1,
      455, 458, 459, -1,
      459, 458, 20, -1,
      459, 20, 460, -1,
      19, 180, 20, -1,
      20, 180, 115, -1,
      20, 115, 460, -1,
      460, 115, 117, -1,
      460, 117, 461, -1,
      244, 279, 462, -1,
      235, 245, 233, -1,
      233, 245, 244, -1,
      233, 244, 463, -1,
      463, 244, 462, -1,
      464, 465, 2, -1,
      250, 466, 238, -1,
      238, 466, 467, -1,
      238, 467, 282, -1,
      282, 467, 468, -1,
      2, 462, 464, -1,
      464, 462, 279, -1,
      464, 279, 469, -1,
      469, 279, 282, -1,
      469, 282, 470, -1,
      470, 282, 468, -1,
      471, 472, 473, -1,
      473, 472, 474, -1,
      474, 472, 465, -1,
      465, 472, 475, -1,
      465, 475, 2, -1,
      2, 475, 476, -1,
      2, 476, 0, -1,
      477, 478, 479, -1,
      479, 478, 480, -1,
      481, 482, 483, -1,
      480, 484, 196, -1,
      196, 484, 485, -1,
      196, 485, 188, -1,
      188, 485, 486, -1,
      188, 486, 478, -1,
      486, 487, 478, -1,
      478, 487, 488, -1,
      478, 488, 480, -1,
      480, 488, 481, -1,
      480, 481, 484, -1,
      484, 481, 483, -1,
      190, 188, 212, -1,
      212, 188, 478, -1,
      212, 478, 489, -1,
      489, 478, 477, -1,
      489, 477, 490, -1,
      16, 344, 17, -1,
      17, 344, 491, -1,
      17, 491, 492, -1,
      492, 491, 493, -1,
      492, 493, 494, -1,
      15, 17, 326, -1,
      326, 17, 492, -1,
      326, 492, 495, -1,
      495, 492, 494, -1,
      495, 494, 496, -1,
      497, 498, 499, -1,
      499, 498, 345, -1,
      500, 501, 329, -1,
      500, 329, 502, -1,
      497, 503, 498, -1,
      498, 503, 504, -1,
      498, 504, 505, -1,
      505, 506, 498, -1,
      498, 506, 507, -1,
      498, 507, 508, -1,
      501, 509, 329, -1,
      329, 509, 510, -1,
      329, 510, 511, -1,
      328, 327, 331, -1,
      331, 327, 498, -1,
      331, 498, 329, -1,
      329, 498, 508, -1,
      329, 508, 502, -1,
      511, 512, 329, -1,
      329, 512, 513, -1,
      329, 513, 351, -1,
      351, 513, 514, -1,
      351, 514, 345, -1,
      345, 514, 515, -1,
      345, 515, 499, -1,
      4, 439, 5, -1,
      5, 439, 516, -1,
      5, 516, 395, -1,
      395, 516, 517, -1,
      395, 517, 353, -1,
      353, 517, 518, -1,
      353, 518, 351, -1,
      351, 518, 333, -1,
      351, 333, 329, -1,
      329, 333, 332, -1,
      329, 332, 330, -1,
      393, 392, 423, -1,
      423, 392, 365, -1,
      423, 365, 519, -1,
      519, 365, 346, -1,
      519, 346, 520, -1,
      520, 346, 345, -1,
      520, 345, 521, -1,
      521, 345, 498, -1,
      521, 498, 522, -1,
      522, 498, 327, -1,
      522, 327, 523, -1,
      523, 327, 326, -1,
      523, 326, 524, -1,
      524, 326, 495, -1,
      524, 495, 525, -1,
      525, 495, 496, -1,
      525, 496, 526, -1,
      527, 528, 529, -1,
      530, 531, 253, -1,
      532, 533, 534, -1,
      531, 535, 253, -1,
      253, 535, 536, -1,
      253, 536, 537, -1,
      533, 538, 534, -1,
      534, 538, 539, -1,
      534, 539, 540, -1,
      528, 541, 529, -1,
      529, 541, 542, -1,
      529, 542, 543, -1,
      543, 542, 544, -1,
      545, 546, 544, -1,
      544, 546, 547, -1,
      544, 547, 543, -1,
      537, 548, 253, -1,
      253, 548, 549, -1,
      253, 549, 540, -1,
      550, 551, 534, -1,
      534, 551, 552, -1,
      534, 552, 532, -1,
      553, 554, 555, -1,
      555, 554, 556, -1,
      555, 556, 253, -1,
      253, 556, 557, -1,
      253, 557, 530, -1,
      558, 559, 555, -1,
      560, 561, 544, -1,
      544, 561, 562, -1,
      544, 562, 563, -1,
      251, 253, 256, -1,
      256, 253, 540, -1,
      256, 540, 564, -1,
      564, 540, 539, -1,
      564, 539, 565, -1,
      565, 566, 564, -1,
      564, 566, 567, -1,
      564, 567, 568, -1,
      568, 569, 564, -1,
      564, 569, 570, -1,
      564, 570, 571, -1,
      553, 555, 529, -1,
      529, 555, 559, -1,
      529, 559, 527, -1,
      563, 572, 544, -1,
      544, 572, 573, -1,
      544, 573, 545, -1,
      461, 117, 574, -1,
      574, 117, 72, -1,
      574, 72, 448, -1,
      448, 72, 575, -1,
      448, 575, 446, -1,
      446, 575, 564, -1,
      446, 564, 555, -1,
      555, 564, 571, -1,
      555, 571, 558, -1,
      444, 446, 457, -1,
      457, 446, 555, -1,
      457, 555, 576, -1,
      576, 555, 253, -1,
      576, 253, 577, -1,
      577, 253, 273, -1,
      577, 273, 578, -1,
      578, 273, 279, -1,
      578, 279, 579, -1,
      579, 279, 244, -1,
      579, 244, 230, -1,
      230, 244, 246, -1,
      230, 246, 231, -1,
      455, 457, 458, -1,
      458, 457, 576, -1,
      458, 576, 441, -1,
      441, 576, 577, -1,
      441, 577, 439, -1,
      439, 577, 578, -1,
      439, 578, 516, -1,
      516, 578, 579, -1,
      516, 579, 517, -1,
      517, 579, 230, -1,
      517, 230, 518, -1,
      518, 230, 229, -1,
      518, 229, 333, -1,
      333, 229, 209, -1,
      333, 209, 335, -1,
      335, 209, 212, -1,
      335, 212, 344, -1,
      344, 212, 489, -1,
      344, 489, 491, -1,
      491, 489, 490, -1,
      491, 490, 493, -1,
      12, 14, 372, -1,
      372, 14, 11, -1,
      372, 11, 580, -1,
      580, 11, 10, -1,
      580, 10, 423, -1,
      423, 10, 581, -1,
      423, 581, 421, -1,
      18, 20, 185, -1,
      185, 20, 458, -1,
      185, 458, 369, -1,
      369, 458, 441, -1,
      369, 441, 8, -1,
      8, 441, 440, -1,
      8, 440, 435, -1,
      32, 34, 39, -1,
      39, 34, 372, -1,
      39, 372, 582, -1,
      582, 372, 580, -1,
      582, 580, 583, -1,
      583, 580, 423, -1,
      583, 423, 584, -1,
      584, 423, 519, -1,
      584, 519, 585, -1,
      585, 519, 520, -1,
      585, 520, 586, -1,
      586, 520, 521, -1,
      586, 521, 587, -1,
      587, 521, 522, -1,
      587, 522, 588, -1,
      588, 522, 523, -1,
      588, 523, 589, -1,
      589, 523, 524, -1,
      589, 524, 590, -1,
      590, 524, 525, -1,
      590, 525, 591, -1,
      591, 525, 526, -1,
      591, 526, 592, -1,
    ]
  }
}

Shape {
  appearance Appearance {
    material Material {
      diffuseColor 0.6471 0.6196 0.5882
      specularColor 0.4510 0.4353 0.4118
      ambientIntensity 0.2
      transparency 0.0000
      shininess 0.5
    }
  }
  geometry IndexedFaceSet {
    ccw TRUE
    solid FALSE
    coord DEF co Coordinate {
      point [
        2.557566 -0.499979 1.705696,
        2.557566 -0.649606 1.705696,
        2.537036 -0.501926 1.739290,
        2.537036 -0.649606 1.739290,
        3.194454 -0.221430 1.600760,
        3.194454 -0.885827 1.600760,
        3.143032 -0.885827 1.679244,
        3.143032 -0.226305 1.679244,
        3.073167 -0.885827 1.741876,
        3.073167 -0.232928 1.741876,
        2.989553 -0.885827 1.784451,
        2.989553 -0.240855 1.784451,
        2.897806 -0.885827 1.804108,
        2.897806 -0.249553 1.804108,
        2.804089 -0.885827 1.799526,
        2.804089 -0.258437 1.799526,
        2.797087 -0.259101 1.838269,
        2.797087 -0.885827 1.838269,
        2.900996 -0.885827 1.843349,
        2.900996 -0.249250 1.843349,
        3.002720 -0.885827 1.821554,
        3.002720 -0.239607 1.821554,
        3.095427 -0.885827 1.774350,
        3.095427 -0.230818 1.774350,
        3.172889 -0.885827 1.704906,
        3.172889 -0.223474 1.704906,
        3.229904 -0.885827 1.617887,
        3.229904 -0.218069 1.617887,
        2.563770 -0.441839 1.709445,
        2.582222 -0.387243 1.720098,
        2.615673 -0.394604 1.737617,
        2.600159 -0.793516 1.729771,
        2.584934 -0.767717 1.721604,
        2.615673 -0.755572 1.737617,
        2.573048 -0.740064 1.714893,
        2.564458 -0.710744 1.709855,
        2.676478 -0.861537 1.764039,
        2.663451 -0.854179 1.758934,
        2.639593 -0.837056 1.748812,
        2.618346 -0.816639 1.738922,
        2.559292 -0.680436 1.706747,
        2.612401 -0.339482 1.736002,
        2.653322 -0.301406 1.754761,
        2.676654 -0.289229 1.763573,
        2.760451 -0.262574 1.790230,
        2.779987 -0.885827 1.794743,
        2.748635 -0.883826 1.787219,
        2.718270 -0.877778 1.778487,
        2.703417 -0.275261 1.773681,
        2.758313 -0.885827 1.830208,
        2.738967 -0.264611 1.825385,
        2.591796 -0.341435 1.769717,
        2.561676 -0.389191 1.753717,
        2.598331 -0.394768 1.772963,
        2.543239 -0.443786 1.743040,
        2.589177 -0.751228 1.768394,
        2.662637 -0.287609 1.800412,
        2.632571 -0.303373 1.788716,
        2.579487 -0.793376 1.763388,
        2.597724 -0.816639 1.772664,
        2.618793 -0.836967 1.782625,
        2.643587 -0.852851 1.792961,
        2.662473 -0.864949 1.800833,
        2.682386 -0.277256 1.808095,
        2.697135 -0.877778 1.813071,
        2.727312 -0.883834 1.822217,
        2.538770 -0.680515 1.740346,
        2.543926 -0.710744 1.743450,
        2.552530 -0.740114 1.748507,
        2.564385 -0.767717 1.755228,
        -1.777961 0.648500 1.893916,
        -1.777961 0.518987 1.893916,
        -1.740446 0.648500 1.881971,
        -1.740446 0.520606 1.881971,
        -1.794648 0.375873 1.848721,
        -1.788279 0.401633 1.864527,
        -1.789360 0.435858 1.861738,
        -1.780419 0.458293 1.886391,
        -1.802806 0.352730 1.830360,
        -1.798561 0.749791 1.839679,
        -1.812854 0.332554 1.809999,
        -1.794911 0.792283 1.848100,
        -1.803271 0.815533 1.829366,
        -1.813088 0.834847 1.809549,
        -1.825024 0.851083 1.788050,
        -1.778580 0.679408 1.891982,
        -1.780461 0.709639 1.886265,
        -1.783722 0.739010 1.876831,
        -1.788463 0.766611 1.864048,
        -1.824963 0.315449 1.788017,
        -1.825616 0.314826 1.786963,
        -1.826487 0.853073 1.785415,
        -1.841804 0.866828 1.760985,
        -1.857837 0.290117 1.738214,
        -1.840515 0.300600 1.762931,
        -1.893838 0.884446 1.694848,
        -1.859411 0.876672 1.736109,
        -1.981300 0.884720 1.618859,
        -1.981300 0.276865 1.618859,
        -1.902523 0.884720 1.685673,
        -1.900133 0.280368 1.688155,
        -1.893838 0.280785 1.694848,
        -1.958878 0.884720 1.586497,
        -1.864925 0.884720 1.668127,
        -1.958878 0.277833 1.586497,
        -1.865593 0.281858 1.668883,
        -1.742943 0.709639 1.874319,
        -1.762576 0.752355 1.823708,
        -1.746185 0.738991 1.864887,
        -1.750887 0.766611 1.852082,
        -1.790937 0.856209 1.768210,
        -1.788076 0.853073 1.773184,
        -1.775704 0.835952 1.796145,
        -1.765457 0.815533 1.817324,
        -1.757284 0.792404 1.836021,
        -1.741064 0.679352 1.880044,
        -1.742901 0.459912 1.874444,
        -1.750704 0.403255 1.852562,
        -1.761124 0.418732 1.827009,
        -1.756945 0.377652 1.836837,
        -1.765000 0.354361 1.818322,
        -1.775015 0.333859 1.797503,
        -1.787492 0.316857 1.774549,
        -1.858708 0.282156 1.674964,
        -1.860976 0.884720 1.672444,
        -1.837622 0.285009 1.699941,
        -1.839475 0.882741 1.697627,
        -1.818325 0.291822 1.725632,
        -1.819837 0.876672 1.723507,
        -1.790937 0.312162 1.768210,
        5.268945 0.884720 -0.031496,
        5.268945 0.884720 0.007874,
        5.570867 0.884720 -0.031496,
        5.570867 0.884720 0.007874,
        -5.487944 0.635942 0.007874,
        -5.519596 0.640109 0.007874,
        -5.570867 0.635942 0.007874,
        -5.549090 0.652326 0.007874,
        -5.570867 0.668350 0.007874,
        -5.570867 -0.635942 0.007874,
        -5.426797 0.652326 0.007874,
        -5.456292 0.640109 0.007874,
        -5.519596 -0.640109 0.007874,
        -5.487944 -0.635942 0.007874,
        -5.295752 0.688976 0.007874,
        -5.456292 -0.640109 0.007874,
        -5.387153 0.688976 0.007874,
        -5.401470 0.671761 0.007874,
        -5.549090 -0.652326 0.007874,
        -5.570867 -0.668350 0.007874,
        -5.387153 -0.688976 0.007874,
        -5.295752 -0.688976 0.007874,
        -5.401470 -0.671761 0.007874,
        -5.426797 -0.652326 0.007874,
        -6.161418 0.635942 0.007874,
        -6.161418 -0.635942 0.007874,
        -6.161418 -0.635942 -0.031496,
        -6.161418 0.635942 -0.031496,
        -5.295752 0.884720 -0.031496,
        -5.295752 -0.885827 -0.031496,
        -5.570867 -0.635942 -0.031496,
        -5.570867 -0.885827 -0.031496,
        -5.570867 0.884720 -0.031496,
        -5.570867 0.635942 -0.031496,
        -5.570867 0.884720 0.007874,
        -5.295752 0.884720 0.007874,
      ]
    }
    coordIndex [
      0, 1, 2, -1,
      2, 1, 3, -1,
      4, 5, 6, -1,
      4, 6, 7, -1,
      7, 6, 8, -1,
      7, 8, 9, -1,
      9, 8, 10, -1,
      9, 10, 11, -1,
      11, 10, 12, -1,
      11, 12, 13, -1,
      13, 12, 14, -1,
      13, 14, 15, -1,
      16, 17, 18, -1,
      16, 18, 19, -1,
      19, 18, 20, -1,
      19, 20, 21, -1,
      21, 20, 22, -1,
      21, 22, 23, -1,
      23, 22, 24, -1,
      23, 24, 25, -1,
      25, 24, 26, -1,
      25, 26, 27, -1,
      28, 29, 30, -1,
      31, 32, 33, -1,
      33, 32, 34, -1,
      33, 34, 35, -1,
      33, 36, 37, -1,
      37, 38, 33, -1,
      33, 38, 39, -1,
      33, 39, 31, -1,
      35, 40, 33, -1,
      33, 40, 1, -1,
      33, 1, 0, -1,
      29, 41, 30, -1,
      30, 41, 42, -1,
      30, 42, 43, -1,
      44, 15, 45, -1,
      45, 15, 14, -1,
      45, 46, 44, -1,
      44, 46, 47, -1,
      44, 47, 48, -1,
      48, 47, 36, -1,
      48, 36, 43, -1,
      43, 36, 33, -1,
      43, 33, 30, -1,
      30, 33, 0, -1,
      30, 0, 28, -1,
      17, 16, 49, -1,
      49, 16, 50, -1,
      51, 52, 53, -1,
      53, 52, 54, -1,
      55, 56, 53, -1,
      53, 56, 57, -1,
      53, 57, 51, -1,
      55, 58, 59, -1,
      59, 60, 55, -1,
      55, 60, 61, -1,
      55, 61, 56, -1,
      56, 61, 62, -1,
      56, 62, 63, -1,
      63, 62, 64, -1,
      63, 64, 50, -1,
      50, 64, 65, -1,
      50, 65, 49, -1,
      54, 2, 53, -1,
      53, 2, 3, -1,
      53, 3, 55, -1,
      55, 3, 66, -1,
      55, 66, 67, -1,
      67, 68, 55, -1,
      55, 68, 69, -1,
      55, 69, 58, -1,
      70, 71, 72, -1,
      72, 71, 73, -1,
      74, 75, 76, -1,
      76, 75, 77, -1,
      74, 76, 78, -1,
      78, 76, 79, -1,
      78, 79, 80, -1,
      81, 82, 79, -1,
      79, 82, 83, -1,
      79, 83, 84, -1,
      77, 71, 76, -1,
      76, 71, 70, -1,
      76, 70, 79, -1,
      79, 70, 85, -1,
      79, 85, 86, -1,
      86, 87, 79, -1,
      79, 87, 88, -1,
      79, 88, 81, -1,
      80, 79, 89, -1,
      89, 79, 84, -1,
      89, 84, 90, -1,
      90, 84, 91, -1,
      90, 91, 92, -1,
      93, 94, 95, -1,
      95, 94, 90, -1,
      95, 90, 96, -1,
      96, 90, 92, -1,
      97, 98, 99, -1,
      99, 98, 100, -1,
      99, 100, 95, -1,
      95, 100, 101, -1,
      95, 101, 93, -1,
      102, 103, 104, -1,
      104, 103, 105, -1,
      106, 107, 108, -1,
      108, 107, 109, -1,
      110, 111, 107, -1,
      107, 111, 112, -1,
      112, 113, 107, -1,
      107, 113, 114, -1,
      107, 114, 109, -1,
      106, 115, 107, -1,
      107, 115, 72, -1,
      107, 72, 73, -1,
      116, 117, 118, -1,
      118, 117, 119, -1,
      119, 120, 118, -1,
      118, 120, 121, -1,
      118, 121, 122, -1,
      105, 103, 123, -1,
      123, 103, 124, -1,
      123, 124, 125, -1,
      125, 124, 126, -1,
      125, 126, 127, -1,
      127, 126, 128, -1,
      127, 128, 129, -1,
      129, 128, 110, -1,
      129, 110, 122, -1,
      122, 110, 107, -1,
      122, 107, 118, -1,
      118, 107, 73, -1,
      118, 73, 116, -1,
      130, 131, 132, -1,
      132, 131, 133, -1,
      134, 135, 136, -1,
      136, 135, 137, -1,
      136, 137, 138, -1,
      139, 140, 141, -1,
      142, 143, 144, -1,
      144, 143, 145, -1,
      144, 146, 139, -1,
      139, 146, 147, -1,
      139, 147, 140, -1,
      142, 144, 148, -1,
      148, 144, 139, -1,
      148, 139, 149, -1,
      150, 151, 152, -1,
      152, 151, 144, -1,
      152, 144, 153, -1,
      153, 144, 145, -1,
      154, 155, 136, -1,
      136, 155, 139, -1,
      136, 139, 134, -1,
      134, 139, 141, -1,
      155, 154, 156, -1,
      156, 154, 157, -1,
      158, 159, 160, -1,
      160, 159, 161, -1,
      162, 158, 163, -1,
      163, 158, 160, -1,
      163, 160, 157, -1,
      157, 160, 156, -1,
      164, 165, 162, -1,
      162, 165, 158, -1,
    ]
  }
}

Shape {
  appearance Appearance {
    material Material {
      diffuseColor 0.8431 0.8157 0.7529
      specularColor 0.2510 0.2431 0.2275
      ambientIntensity 0.2
      transparency 0.0000
      shininess 0.5
    }
  }
  geometry IndexedFaceSet {
    ccw TRUE
    solid FALSE
    coord DEF co Coordinate {
      point [
        -2.362205 3.149606 2.173228,
        -2.362205 3.149606 0.480315,
        2.362205 3.149606 0.480315,
        2.362205 3.149606 2.173228,
        3.844171 3.149606 2.173228,
        3.844171 3.149606 0.007874,
        -4.350394 3.149606 0.007874,
        -4.350394 3.149606 2.173228,
        5.268945 0.884720 0.007874,
        5.570867 0.884720 0.007874,
        -5.487944 0.635942 0.007874,
        -5.519596 0.640109 0.007874,
        -5.549090 0.652326 0.007874,
        -5.570867 0.668350 0.007874,
        -5.426797 0.652326 0.007874,
        -5.456292 0.640109 0.007874,
        -5.519596 -0.640109 0.007874,
        -5.487944 -0.635942 0.007874,
        -5.295752 0.688976 0.007874,
        -5.456292 -0.640109 0.007874,
        -5.387153 0.688976 0.007874,
        -5.401470 0.671761 0.007874,
        -5.549090 -0.652326 0.007874,
        -5.570867 -0.668350 0.007874,
        -5.387153 -0.688976 0.007874,
        -5.295752 -0.688976 0.007874,
        -5.401470 -0.671761 0.007874,
        -5.426797 -0.652326 0.007874,
        -5.570867 0.884720 0.007874,
        -5.295752 0.884720 0.007874,
        -5.365651 -0.885827 0.148333,
        -5.236654 -0.885827 0.157353,
        -5.365651 -0.758235 0.148333,
        -5.236654 -0.688976 0.157353,
        -5.366697 -0.742272 0.148259,
        -5.369818 -0.726583 0.148041,
        -5.387153 -0.688976 0.146829,
        -5.382035 -0.697089 0.147187,
        -5.374960 -0.711435 0.147682,
        -5.192881 -0.885827 1.826854,
        -5.211012 -0.885827 1.812941,
        -5.365651 -0.885827 1.771654,
        -5.224925 -0.885827 1.794809,
        -5.236654 -0.885827 1.751035,
        -5.233671 -0.885827 1.773694,
        -5.171766 -0.885827 1.835600,
        -5.610236 -0.885827 1.771654,
        -5.610236 -0.885827 2.173228,
        -3.624650 -0.885827 0.480315,
        -3.869217 -0.885827 0.310874,
        -3.836058 -0.885827 0.480315,
        -3.869217 -0.885827 1.779528,
        -3.836058 -0.885827 2.173228,
        -4.105963 -0.885827 1.779528,
        -4.227477 -0.885827 1.734610,
        -4.227477 -0.885827 0.326624,
        -4.105963 -0.885827 0.189396,
        -4.138130 -0.885827 0.197317,
        -4.231020 -0.885827 1.761520,
        -4.241407 -0.885827 1.786596,
        -4.257930 -0.885827 1.808130,
        -4.279464 -0.885827 1.824653,
        -4.304540 -0.885827 1.835040,
        -4.331450 -0.885827 1.838583,
        -5.149107 -0.885827 1.838583,
        -4.167676 -0.885827 0.212791,
        -4.192657 -0.885827 0.234892,
        -4.211617 -0.885827 0.262332,
        -4.223454 -0.885827 0.293515,
        -5.170010 -0.885827 1.794441,
        -5.159828 -0.885827 1.798005,
        -5.154302 -0.885827 1.771654,
        -5.149107 -0.885827 1.799213,
        -4.350394 -0.885827 1.771654,
        -4.222111 -0.885827 0.208767,
        -4.350394 -0.885827 0.007874,
        -4.246471 -0.885827 0.244022,
        -4.350394 -0.885827 0.219326,
        -4.261678 -0.885827 0.284085,
        -5.154302 -0.885827 1.377953,
        -4.350394 -0.885827 1.377953,
        -4.266847 -0.885827 0.326624,
        -4.190016 -0.885827 0.180373,
        -4.152056 -0.885827 0.160491,
        -4.105963 -0.885827 0.007874,
        -4.110438 -0.885827 0.150280,
        -4.105963 -0.885827 0.149800,
        -5.197283 -0.885827 0.160106,
        -5.197283 -0.885827 1.751035,
        -5.196076 -0.885827 1.761756,
        -5.192513 -0.885827 1.771939,
        -4.331450 -0.885827 1.799213,
        -4.314730 -0.885827 1.797011,
        -4.299148 -0.885827 1.790557,
        -4.269048 -0.885827 1.751331,
        -4.266847 -0.885827 1.734610,
        -5.186773 -0.885827 1.781074,
        -5.179144 -0.885827 1.788702,
        -4.285769 -0.885827 1.780291,
        -4.275502 -0.885827 1.766911,
        -3.869217 -0.728346 1.779528,
        -3.869217 -0.728346 0.310874,
        -4.105963 -0.728346 1.779528,
        -4.105963 -0.728346 0.189396,
        -3.987590 -0.609974 0.228863,
        -4.010504 -0.612213 0.212988,
        -4.018227 -0.614007 1.779528,
        -3.987590 -0.609974 1.779528,
        -3.956953 -0.614007 1.779528,
        -3.956953 -0.614007 0.250089,
        -3.928404 -0.625833 1.779528,
        -3.928404 -0.625833 0.269869,
        -3.903888 -0.644644 1.779528,
        -3.903888 -0.644644 0.286854,
        -3.885076 -0.669160 1.779528,
        -3.885076 -0.669160 0.299887,
        -3.893678 -0.656286 0.293927,
        -3.873251 -0.697709 1.779528,
        -3.870230 -0.712896 0.310172,
        -3.873251 -0.697709 0.308080,
        -3.878228 -0.683047 0.304631,
        -4.105737 -0.721050 0.189369,
        -4.101929 -0.697709 1.779528,
        -4.090104 -0.669160 1.779528,
        -4.096929 -0.682994 0.188594,
        -4.101929 -0.697709 0.188964,
        -4.072387 -0.645902 0.189449,
        -4.081984 -0.656920 0.188570,
        -4.090104 -0.669160 0.188383,
        -4.071292 -0.644644 0.189549,
        -4.071292 -0.644644 1.779528,
        -4.059617 -0.634409 0.191590,
        -4.046776 -0.625833 1.779528,
        -4.046512 -0.626258 0.195500,
        -4.018123 -0.614377 0.208546,
        -4.029136 -0.617504 0.202126,
        -4.040011 -0.622214 0.197440,
        -3.869217 0.728346 0.310874,
        -3.869217 0.728346 1.779528,
        -3.870230 0.712896 0.310172,
        -3.873251 0.697709 1.779528,
        -3.885076 0.669160 1.779528,
        -3.878228 0.683047 0.304631,
        -3.873251 0.697709 0.308080,
        -3.987590 0.609974 1.779528,
        -3.956953 0.614007 0.250089,
        -3.956953 0.614007 1.779528,
        -3.928404 0.625833 0.269869,
        -3.928404 0.625833 1.779528,
        -3.903888 0.644644 0.286854,
        -3.903888 0.644644 1.779528,
        -3.893678 0.656286 0.293927,
        -3.885076 0.669160 0.299887,
        -4.029040 0.617469 0.202172,
        -4.018227 0.614007 0.208009,
        -4.018227 0.614007 1.779528,
        -4.010504 0.612213 0.212988,
        -3.987590 0.609974 0.228863,
        -4.071292 0.644644 1.779528,
        -4.059503 0.634322 0.191615,
        -4.046776 0.625833 1.779528,
        -4.046776 0.625833 0.195061,
        -4.040126 0.622697 0.197727,
        -4.090104 0.669160 0.188383,
        -4.081939 0.656859 0.188573,
        -4.090104 0.669160 1.779528,
        -4.072384 0.645751 0.189411,
        -4.071224 0.644721 0.189609,
        -4.096942 0.683022 0.188595,
        -4.101929 0.697709 1.779528,
        -4.101929 0.697709 0.188964,
        -4.105963 0.728346 1.779528,
        -4.105963 0.728346 0.189396,
        -4.105737 0.721050 0.189369,
        5.195504 0.820266 0.480315,
        5.200267 0.820266 0.480315,
        5.200267 0.884720 0.480315,
        5.195504 -0.820266 0.480315,
        5.195504 -0.688976 0.480315,
        4.820143 -0.688976 0.480315,
        5.200267 -0.885827 0.480315,
        5.200267 -0.820266 0.480315,
        4.350394 -0.885827 0.480315,
        4.350394 0.885827 0.480315,
        4.820143 0.688976 0.480315,
        5.195504 0.688976 0.480315,
        5.239637 0.688976 0.480315,
        5.387153 0.688976 0.480315,
        5.382035 0.697089 0.480315,
        5.365651 0.885827 0.480315,
        5.239637 0.884720 0.480315,
        5.365651 0.758235 0.480315,
        5.369818 0.726583 0.480315,
        5.387153 -0.688976 0.480315,
        5.239637 -0.688976 0.480315,
        5.382035 -0.697089 0.480315,
        5.369818 -0.726583 0.480315,
        5.239637 -0.885827 0.480315,
        5.365651 -0.885827 0.480315,
        5.365651 -0.758235 0.480315,
        5.387153 0.688976 0.007874,
        5.268945 0.688976 0.007874,
        5.254291 0.688976 0.011800,
        5.240635 0.688976 0.029596,
        5.248221 0.688976 0.016458,
        5.243563 0.688976 0.022528,
        5.239637 0.688976 0.037181,
        5.261359 0.688976 0.008873,
        5.100539 -0.885827 1.796047,
        5.127432 -0.885827 1.786707,
        5.151597 -0.885827 1.771654,
        4.243950 -0.885827 0.245570,
        4.263526 -0.885827 0.296491,
        4.350394 -0.885827 0.007874,
        4.278626 -0.885827 0.007874,
        4.105963 -0.885827 0.007874,
        4.105963 -0.885827 0.135130,
        4.350394 -0.885827 1.771654,
        4.346904 -0.885827 1.799213,
        5.072245 -0.885827 1.799213,
        4.350394 -0.885827 1.377953,
        5.154302 -0.885827 1.377953,
        5.200267 -0.885827 1.671190,
        4.122759 -0.885827 0.140472,
        4.171406 -0.885827 0.165166,
        4.212621 -0.885827 0.200908,
        4.270185 -0.885827 0.350638,
        4.270185 -0.885827 1.722493,
        4.272799 -0.885827 1.742350,
        4.280463 -0.885827 1.760853,
        4.292655 -0.885827 1.776742,
        4.308544 -0.885827 1.788934,
        4.327048 -0.885827 1.796598,
        5.154302 -0.885827 1.769456,
        5.173673 -0.885827 1.749306,
        5.188208 -0.885827 1.725433,
        5.197216 -0.885827 1.698974,
        5.155941 -0.885827 1.816156,
        5.115569 -0.885827 1.832879,
        5.365651 -0.885827 1.771654,
        4.105963 -0.885827 1.779528,
        4.264816 -0.885827 1.804581,
        4.246367 -0.885827 1.780538,
        5.610236 -0.885827 2.173228,
        3.836058 -0.885827 2.173228,
        3.869217 -0.885827 1.779528,
        3.836058 -0.885827 0.480315,
        3.869217 -0.885827 0.294627,
        3.779505 -0.885827 0.480315,
        5.233933 -0.885827 1.714515,
        5.217211 -0.885827 1.754887,
        5.190609 -0.885827 1.789555,
        5.239637 -0.885827 1.671190,
        5.072245 -0.885827 1.838583,
        4.346904 -0.885827 1.838583,
        4.316858 -0.885827 1.834627,
        4.288859 -0.885827 1.823030,
        5.610236 -0.885827 1.771654,
        4.234770 -0.885827 1.752539,
        4.230814 -0.885827 1.722493,
        4.105963 -0.885827 0.176299,
        4.230814 -0.885827 0.350638,
        4.109357 -0.885827 0.177491,
        4.225330 -0.885827 0.306029,
        4.149435 -0.885827 0.197835,
        4.209201 -0.885827 0.264077,
        4.183391 -0.885827 0.227281,
        3.869217 -0.885827 0.214731,
        3.869217 -0.885827 0.007874,
        3.845410 -0.885827 0.253403,
        3.624786 -0.885827 0.007874,
        3.735780 -0.885827 0.480315,
        3.624786 -0.885827 0.480315,
        5.239637 -0.688976 0.037181,
        5.387153 -0.688976 0.007874,
        5.268945 -0.688976 0.007874,
        5.261359 -0.688976 0.008873,
        5.254291 -0.688976 0.011800,
        5.248221 -0.688976 0.016458,
        5.243563 -0.688976 0.022528,
        5.240635 -0.688976 0.029596,
        3.711261 -2.199153 0.007874,
        3.624050 -2.235277 0.007874,
        3.624050 -1.212917 0.007874,
        -4.350394 -1.377953 0.007874,
        -5.610236 -1.377953 0.007874,
        -5.610236 -1.212917 0.007874,
        3.021282 2.524259 0.007874,
        3.460775 2.748700 0.007874,
        3.432872 2.681336 0.007874,
        3.455176 1.887270 0.007874,
        3.253854 2.216408 0.007874,
        3.534769 2.301050 0.007874,
        2.092484 2.524259 0.007874,
        0.000000 2.748700 0.007874,
        3.472203 2.776289 0.007874,
        3.419457 2.579439 0.007874,
        3.432872 2.477541 0.007874,
        3.472203 2.382589 0.007874,
        3.624050 1.862873 0.007874,
        3.466989 1.862873 0.007874,
        1.965113 2.507491 0.007874,
        1.846421 2.458327 0.007874,
        1.744499 2.380119 0.007874,
        1.666291 2.278196 0.007874,
        1.617127 2.159505 0.007874,
        0.000000 1.862873 0.007874,
        1.600358 2.032133 0.007874,
        3.623314 1.540007 0.007874,
        3.624050 1.212917 0.007874,
        2.092484 1.540007 0.007874,
        1.846421 1.605940 0.007874,
        1.965113 1.556776 0.007874,
        0.000000 1.212917 0.007874,
        1.744499 1.684148 0.007874,
        1.617127 1.904762 0.007874,
        1.634478 1.862873 0.007874,
        1.666291 1.786070 0.007874,
        -2.509907 -1.540007 0.007874,
        -3.623314 -1.540007 0.007874,
        -3.624050 -1.212917 0.007874,
        -2.509907 -2.524259 0.007874,
        -2.509907 -2.748700 0.007874,
        -3.021282 -2.524259 0.007874,
        -3.460775 -2.748700 0.007874,
        -3.534769 -2.301050 0.007874,
        -3.472203 -2.382589 0.007874,
        -3.432872 -2.477541 0.007874,
        -3.432872 -2.681336 0.007874,
        -3.419457 -2.579439 0.007874,
        -3.253854 -2.216408 0.007874,
        -3.455176 -1.887270 0.007874,
        -1.744499 -1.684148 0.007874,
        -1.846421 -1.605940 0.007874,
        0.000000 -1.212917 0.007874,
        -1.965113 -1.556776 0.007874,
        -2.092484 -1.540007 0.007874,
        -2.509907 -1.212917 0.007874,
        -2.092484 -2.524259 0.007874,
        -1.965113 -2.507491 0.007874,
        0.000000 -2.748700 0.007874,
        -1.846421 -2.458327 0.007874,
        -1.744499 -2.380119 0.007874,
        -1.666291 -2.278196 0.007874,
        -1.617127 -2.159505 0.007874,
        -1.600358 -2.032133 0.007874,
        -1.617127 -1.904762 0.007874,
        -1.666291 -1.786070 0.007874,
        -1.965113 1.556776 0.007874,
        -1.846421 1.605940 0.007874,
        -2.509907 1.212917 0.007874,
        -2.509907 1.540007 0.007874,
        -2.092484 1.540007 0.007874,
        -1.634478 1.862873 0.007874,
        -1.666291 1.786070 0.007874,
        -1.744499 1.684148 0.007874,
        -3.623314 1.540007 0.007874,
        -2.509907 2.748700 0.007874,
        -2.509907 2.524259 0.007874,
        -3.460775 2.748700 0.007874,
        -3.021282 2.524259 0.007874,
        -3.253854 2.216408 0.007874,
        -3.472203 2.382589 0.007874,
        -3.432872 2.477541 0.007874,
        -3.419457 2.579439 0.007874,
        -3.432872 2.681336 0.007874,
        -1.666291 2.278196 0.007874,
        -1.744499 2.380119 0.007874,
        -1.846421 2.458327 0.007874,
        -1.965113 2.507491 0.007874,
        -2.092484 2.524259 0.007874,
        -1.617127 1.904762 0.007874,
        -1.600358 2.032133 0.007874,
        -1.617127 2.159505 0.007874,
        -4.193444 2.477541 0.007874,
        -4.154113 2.382589 0.007874,
        -4.350394 1.862873 0.007874,
        -4.091546 2.301050 0.007874,
        -4.010008 2.238484 0.007874,
        -4.206859 2.579439 0.007874,
        -4.350394 2.748700 0.007874,
        -4.193444 2.681336 0.007874,
        -3.915056 2.199153 0.007874,
        -3.813158 2.185738 0.007874,
        -3.624050 1.862873 0.007874,
        -3.711261 2.199153 0.007874,
        -3.624050 2.235277 0.007874,
        -3.455176 1.887270 0.007874,
        -3.616307 2.238484 0.007874,
        -3.534769 2.301050 0.007874,
        -4.010008 2.920394 0.007874,
        -4.091546 2.857828 0.007874,
        -4.154113 2.776289 0.007874,
        -4.165541 2.748700 0.007874,
        -3.624050 2.923601 0.007874,
        -3.711261 2.959725 0.007874,
        -3.624050 3.149606 0.007874,
        -3.813158 2.973140 0.007874,
        -3.915056 2.959725 0.007874,
        -3.472203 2.776289 0.007874,
        -3.534769 2.857828 0.007874,
        -2.509907 3.149606 0.007874,
        -3.616307 2.920394 0.007874,
        -4.091546 -2.301050 0.007874,
        -4.010008 -2.238484 0.007874,
        -3.915056 -2.199153 0.007874,
        -3.616307 -2.238484 0.007874,
        -3.624050 -2.235277 0.007874,
        -3.711261 -2.199153 0.007874,
        -3.813158 -2.185738 0.007874,
        -4.206859 -2.579439 0.007874,
        -4.350394 -2.748700 0.007874,
        -4.193444 -2.477541 0.007874,
        -4.154113 -2.382589 0.007874,
        -3.711261 -2.959725 0.007874,
        -3.624050 -2.923601 0.007874,
        -3.624050 -3.149606 0.007874,
        -3.616307 -2.920394 0.007874,
        -2.509907 -3.149606 0.007874,
        -3.534769 -2.857828 0.007874,
        -3.472203 -2.776289 0.007874,
        -4.193444 -2.681336 0.007874,
        -4.165541 -2.748700 0.007874,
        -4.350394 -3.149606 0.007874,
        -4.154113 -2.776289 0.007874,
        -4.091546 -2.857828 0.007874,
        -4.010008 -2.920394 0.007874,
        -3.915056 -2.959725 0.007874,
        -3.813158 -2.973140 0.007874,
        1.600358 -2.032133 0.007874,
        1.617127 -2.159505 0.007874,
        3.623314 -1.540007 0.007874,
        2.092484 -1.540007 0.007874,
        1.965113 -1.556776 0.007874,
        1.846421 -1.605940 0.007874,
        1.666291 -2.278196 0.007874,
        1.744499 -2.380119 0.007874,
        1.846421 -2.458327 0.007874,
        3.253854 -2.216408 0.007874,
        3.472203 -2.382589 0.007874,
        3.021282 -2.524259 0.007874,
        3.432872 -2.477541 0.007874,
        3.419457 -2.579439 0.007874,
        1.617127 -1.904762 0.007874,
        3.432872 -2.681336 0.007874,
        3.460775 -2.748700 0.007874,
        2.092484 -2.524259 0.007874,
        1.965113 -2.507491 0.007874,
        1.744499 -1.684148 0.007874,
        1.666291 -1.786070 0.007874,
        4.193444 -2.681336 0.007874,
        4.206859 -2.579439 0.007874,
        4.278626 -2.748700 0.007874,
        4.193444 -2.477541 0.007874,
        4.278626 -1.212917 0.007874,
        4.154113 -2.382589 0.007874,
        4.091546 -2.301050 0.007874,
        4.010008 -2.238484 0.007874,
        3.915056 -2.199153 0.007874,
        3.813158 -2.185738 0.007874,
        4.010008 -2.920394 0.007874,
        4.091546 -2.857828 0.007874,
        4.278626 -3.149606 0.007874,
        4.154113 -2.776289 0.007874,
        4.165541 -2.748700 0.007874,
        3.624050 -2.923601 0.007874,
        3.711261 -2.959725 0.007874,
        3.624050 -3.149606 0.007874,
        3.813158 -2.973140 0.007874,
        3.915056 -2.959725 0.007874,
        3.472203 -2.776289 0.007874,
        0.000000 -3.149606 0.007874,
        3.534769 -2.857828 0.007874,
        3.616307 -2.920394 0.007874,
        0.000000 3.149606 0.007874,
        3.534769 2.857828 0.007874,
        3.616307 2.920394 0.007874,
        3.624050 3.149606 0.007874,
        3.624050 2.923601 0.007874,
        4.010008 2.920394 0.007874,
        4.091546 2.857828 0.007874,
        4.245077 2.748700 0.007874,
        4.154113 2.776289 0.007874,
        3.915056 2.959725 0.007874,
        3.813158 2.973140 0.007874,
        3.711261 2.959725 0.007874,
        4.091546 2.301050 0.007874,
        4.154113 2.382589 0.007874,
        4.278626 1.862873 0.007874,
        4.193444 2.477541 0.007874,
        4.206859 2.579439 0.007874,
        4.278626 2.715151 0.007874,
        4.193444 2.681336 0.007874,
        4.165541 2.748700 0.007874,
        3.616307 2.238484 0.007874,
        3.624050 2.235277 0.007874,
        3.711261 2.199153 0.007874,
        3.813158 2.185738 0.007874,
        3.915056 2.199153 0.007874,
        4.010008 2.238484 0.007874,
        4.278626 0.885827 0.007874,
        4.105963 0.885827 0.007874,
        3.885076 0.669160 0.007874,
        3.873251 0.697709 0.007874,
        4.105963 0.728346 0.007874,
        3.869217 0.728346 0.007874,
        3.869217 0.885827 0.007874,
        3.624786 0.885827 0.007874,
        3.928404 -0.625833 0.007874,
        3.956953 -0.614007 0.007874,
        3.987590 -0.609974 0.007874,
        3.903888 0.644644 0.007874,
        4.101929 0.697709 0.007874,
        4.090104 0.669160 0.007874,
        3.956953 0.614007 0.007874,
        4.046776 0.625833 0.007874,
        3.987590 0.609974 0.007874,
        4.018227 0.614007 0.007874,
        4.071292 0.644644 0.007874,
        3.928404 0.625833 0.007874,
        4.105963 -0.728346 0.007874,
        3.869217 -0.728346 0.007874,
        4.101929 -0.697709 0.007874,
        3.873251 -0.697709 0.007874,
        3.885076 -0.669160 0.007874,
        4.018227 -0.614007 0.007874,
        4.046776 -0.625833 0.007874,
        4.071292 -0.644644 0.007874,
        3.903888 -0.644644 0.007874,
        4.090104 -0.669160 0.007874,
        5.588734 0.688976 0.007874,
        5.570867 0.668350 0.007874,
        4.278626 1.212917 0.007874,
        5.206834 0.884720 0.007874,
        5.206834 0.820266 0.007874,
        5.610236 1.212917 0.007874,
        5.610236 0.688976 0.007874,
        5.195504 0.820266 0.007874,
        5.195504 0.688976 0.007874,
        4.820143 0.688976 0.007874,
        5.195504 -0.820266 0.007874,
        5.206834 -0.820266 0.007874,
        5.206834 -0.885827 0.007874,
        5.195504 -0.688976 0.007874,
        5.610236 -1.212917 0.007874,
        5.570867 -0.885827 0.007874,
        5.570867 -0.668350 0.007874,
        5.588734 -0.688976 0.007874,
        5.610236 -0.688976 0.007874,
        5.268945 -0.885827 0.007874,
        4.820143 -0.688976 0.007874,
        4.350394 0.885827 0.007874,
        4.350394 -3.149606 0.007874,
        4.350394 -2.748700 0.007874,
        4.350394 -1.377953 0.007874,
        5.610236 -1.377953 0.007874,
        5.610236 1.377953 0.007874,
        4.350394 1.377953 0.007874,
        4.350394 1.862873 0.007874,
        4.350394 2.643383 0.007874,
        -5.610236 1.212917 0.007874,
        -5.610236 1.377953 0.007874,
        -4.350394 1.377953 0.007874,
        -3.624050 1.212917 0.007874,
        -5.588734 -0.688976 0.007874,
        -5.570867 -0.885827 0.007874,
        -5.295752 -0.885827 0.007874,
        -5.610236 -0.688976 0.007874,
        -5.216990 -0.885827 0.007874,
        -5.216990 -0.820266 0.007874,
        -5.195504 -0.820266 0.007874,
        -5.195504 -0.688976 0.007874,
        -4.820143 -0.688976 0.007874,
        -5.195504 0.688976 0.007874,
        -5.195504 0.820266 0.007874,
        -4.350394 0.885827 0.007874,
        -5.216990 0.820266 0.007874,
        -5.216990 0.884720 0.007874,
        -4.820143 0.688976 0.007874,
        -5.588734 0.688976 0.007874,
        -5.610236 0.688976 0.007874,
        -3.869217 0.885827 0.007874,
        -3.624786 0.885827 0.007874,
        -3.624786 -0.885827 0.007874,
        -3.869217 -0.885827 0.007874,
        -3.869217 -0.728346 0.007874,
        -4.071292 -0.644644 0.007874,
        -4.046776 -0.625833 0.007874,
        -3.928404 -0.625833 0.007874,
        -4.090104 -0.669160 0.007874,
        -4.105963 -0.728346 0.007874,
        -4.101929 -0.697709 0.007874,
        -3.873251 -0.697709 0.007874,
        -3.885076 -0.669160 0.007874,
        -4.105963 0.885827 0.007874,
        -4.105963 0.728346 0.007874,
        -3.869217 0.728346 0.007874,
        -3.873251 0.697709 0.007874,
        -4.018227 -0.614007 0.007874,
        -3.987590 -0.609974 0.007874,
        -3.956953 -0.614007 0.007874,
        -3.903888 -0.644644 0.007874,
        -4.090104 0.669160 0.007874,
        -4.101929 0.697709 0.007874,
        -3.903888 0.644644 0.007874,
        -3.885076 0.669160 0.007874,
        -3.928404 0.625833 0.007874,
        -3.956953 0.614007 0.007874,
        -4.046776 0.625833 0.007874,
        -3.987590 0.609974 0.007874,
        -4.018227 0.614007 0.007874,
        -4.071292 0.644644 0.007874,
        -3.466989 1.862873 0.007874,
        3.455176 -1.887270 0.007874,
        3.616307 -2.238484 0.007874,
        3.534769 -2.301050 0.007874,
        5.200267 0.820266 0.037181,
        5.202607 0.820266 0.019406,
        5.202607 -0.820266 0.019406,
        5.200267 -0.820266 0.037181,
        4.105963 -0.728346 0.135130,
        4.105963 -0.728346 1.779528,
        4.105963 -0.728346 0.176299,
        4.102522 -0.700018 0.007874,
        4.102522 -0.700018 0.134213,
        4.092404 -0.673336 0.007874,
        4.092404 -0.673336 0.131851,
        4.076193 -0.649851 0.007874,
        4.076193 -0.649851 0.129080,
        4.069561 -0.643976 0.128519,
        4.054833 -0.630928 0.007874,
        4.054833 -0.630928 0.127271,
        4.042534 -0.623498 0.127160,
        4.029565 -0.617666 0.007874,
        4.029565 -0.617666 0.127777,
        4.015037 -0.613200 0.129371,
        4.001858 -0.610837 0.007874,
        4.001858 -0.610837 0.131659,
        3.987517 -0.609974 0.135091,
        3.973322 -0.610837 0.007874,
        3.973394 -0.611500 0.139885,
        3.962377 -0.612690 0.143625,
        3.945615 -0.617666 0.007874,
        3.945615 -0.617666 0.151270,
        3.920347 -0.630928 0.007874,
        3.920347 -0.630928 0.166241,
        3.914928 -0.635728 0.170456,
        3.898987 -0.649851 0.007874,
        3.898987 -0.649851 0.182859,
        3.882776 -0.673336 0.007874,
        3.882776 -0.673336 0.198654,
        3.874959 -0.691926 0.207544,
        3.872657 -0.700018 0.007874,
        3.872657 -0.700018 0.210354,
        3.870108 -0.713851 0.213575,
        3.869217 -0.728346 0.214731,
        3.886048 -0.669829 0.262376,
        3.885076 -0.669160 1.779528,
        3.903888 -0.644644 1.779528,
        3.869217 -0.728346 0.294627,
        3.869217 -0.728346 1.779528,
        3.869471 -0.720604 0.294102,
        3.873251 -0.697709 1.779528,
        3.870230 -0.712896 0.292531,
        3.880859 -0.677154 0.270530,
        3.876578 -0.687256 0.279391,
        3.873251 -0.697709 0.286278,
        3.928404 -0.625833 1.779528,
        3.905337 -0.643533 0.232878,
        3.903888 -0.644644 0.234347,
        3.956953 -0.614007 1.779528,
        3.938399 -0.621693 0.202603,
        3.928404 -0.625833 0.209488,
        3.987590 -0.609974 1.779528,
        3.977224 -0.610429 0.180088,
        3.956953 -0.614007 0.189824,
        4.018227 -0.614007 1.779528,
        4.002806 -0.610956 0.171792,
        3.987590 -0.609974 0.176226,
        4.046776 -0.625833 0.166492,
        4.033993 -0.619448 0.166929,
        4.046776 -0.625833 1.779528,
        4.020608 -0.614672 0.168345,
        4.018193 -0.614168 0.168813,
        4.065545 -0.639267 0.167462,
        4.071292 -0.644644 1.779528,
        4.071292 -0.644644 0.168146,
        4.090104 -0.669160 1.779528,
        4.090104 -0.669160 0.171688,
        4.101929 -0.697709 1.779528,
        4.104936 -0.712795 0.175954,
        4.101929 -0.697709 0.174979,
        4.096959 -0.683064 0.173492,
        3.869217 0.728346 0.214731,
        3.869217 0.884720 0.214731,
        3.869217 0.884720 0.294627,
        3.869217 0.728346 0.294627,
        3.869217 0.728346 1.779528,
        3.869217 0.884720 0.264906,
        3.869217 0.885827 1.779528,
        3.870253 0.712722 0.213389,
        3.873631 0.697796 0.209194,
        3.874959 0.691926 0.207544,
        3.885076 0.669160 0.196211,
        3.903888 0.644644 0.178669,
        3.915036 0.636090 0.170622,
        3.928404 0.625833 0.160972,
        3.956953 0.614007 0.145917,
        3.987590 0.609974 0.135070,
        3.962377 0.612690 0.143625,
        4.032917 0.618996 0.127545,
        4.018227 0.614007 0.128939,
        4.015053 0.613400 0.129470,
        4.001349 0.610776 0.131764,
        4.046776 0.625833 0.127122,
        4.069581 0.642967 0.128299,
        4.071292 0.644644 0.128482,
        4.090104 0.669160 0.131383,
        4.096924 0.682980 0.132845,
        4.101929 0.697709 0.134061,
        4.104945 0.712861 0.134853,
        4.105963 0.728346 0.135130,
        3.870230 0.712896 0.292531,
        3.873251 0.697709 0.286278,
        3.873251 0.697709 1.779528,
        3.885076 0.669160 1.779528,
        3.876578 0.687256 0.279391,
        3.880859 0.677154 0.270530,
        3.869471 0.720604 0.294102,
        4.105963 0.728346 0.176299,
        4.105963 0.728346 1.779528,
        4.104943 0.712845 0.175956,
        4.101929 0.697709 1.779528,
        4.071292 0.644644 1.779528,
        4.090104 0.669160 0.171688,
        4.090104 0.669160 1.779528,
        4.096924 0.682980 0.173482,
        4.101929 0.697709 0.174979,
        4.046776 0.625833 1.779528,
        4.065545 0.639267 0.167462,
        4.071292 0.644644 0.168146,
        4.020618 0.614833 0.168433,
        4.034006 0.619454 0.166928,
        4.046776 0.625833 0.166492,
        4.018227 0.614007 0.168702,
        4.018227 0.614007 1.779528,
        4.002839 0.610960 0.171784,
        3.987590 0.609974 1.779528,
        3.987576 0.610643 0.176732,
        3.977224 0.610429 0.180088,
        3.956953 0.614007 1.779528,
        3.956953 0.614007 0.189824,
        3.903888 0.644644 0.234347,
        3.905337 0.643533 0.232878,
        3.928404 0.625833 1.779528,
        3.928404 0.625833 0.209488,
        3.938399 0.621693 0.202603,
        3.886048 0.669829 0.262376,
        3.903888 0.644644 1.779528,
        4.105963 0.884720 0.135130,
        4.105963 0.884720 0.176299,
        4.105963 0.885827 1.779528,
        5.154302 0.884720 1.769456,
        5.154302 0.885827 1.377953,
        5.154302 0.885827 1.771654,
        5.154302 0.884720 1.771654,
        5.151597 0.884720 1.771654,
        4.350394 0.885827 1.771654,
        5.610236 0.758235 0.480315,
        5.606069 0.726583 0.480315,
        5.610236 0.688976 0.480315,
        5.593852 0.697089 0.480315,
        5.588734 0.688976 0.480315,
        3.836058 0.885827 0.480315,
        3.624786 0.885827 0.480315,
        5.610236 0.885827 1.771654,
        5.610236 0.885827 2.173228,
        5.365651 0.885827 1.771654,
        3.836058 0.885827 2.173228,
        4.350394 0.885827 1.377953,
        5.588734 -0.688976 0.480315,
        5.593852 -0.697089 0.480315,
        5.610236 -0.688976 0.480315,
        5.606069 -0.726583 0.480315,
        5.610236 -0.758235 0.480315,
        5.610236 1.377953 2.173228,
        5.610236 0.758235 1.771654,
        5.610236 -0.758235 1.771654,
        5.610236 -1.377953 2.173228,
        3.706791 1.326548 0.480315,
        3.623314 1.540007 0.480315,
        2.092484 1.540007 0.480315,
        3.706791 -1.326548 0.480315,
        1.617127 -2.159505 0.480315,
        1.600358 -2.032133 0.480315,
        -1.183856 -0.885827 0.480315,
        -1.846421 2.458327 0.480315,
        -1.965113 2.507491 0.480315,
        -2.092484 2.524259 0.480315,
        -2.712935 2.853071 0.480315,
        -3.021282 2.524259 0.480315,
        -1.744499 2.380119 0.480315,
        -1.666291 2.278196 0.480315,
        -1.617127 2.159505 0.480315,
        -1.600358 2.032133 0.480315,
        -1.617127 1.904762 0.480315,
        -1.183856 0.885827 0.480315,
        -1.666291 1.786070 0.480315,
        -1.744499 1.684148 0.480315,
        -1.846421 1.605940 0.480315,
        -1.965113 1.556776 0.480315,
        -2.092484 1.540007 0.480315,
        -2.092484 -1.540007 0.480315,
        -1.965113 -1.556776 0.480315,
        -1.846421 -1.605940 0.480315,
        -1.600358 -2.032133 0.480315,
        -1.617127 -2.159505 0.480315,
        2.362205 -3.149606 0.480315,
        -1.666291 -2.278196 0.480315,
        -1.744499 -2.380119 0.480315,
        -1.846421 -2.458327 0.480315,
        -2.362205 -3.149606 0.480315,
        2.092484 -1.540007 0.480315,
        3.623314 -1.540007 0.480315,
        1.666291 1.786070 0.480315,
        1.617127 1.904762 0.480315,
        1.600358 2.032133 0.480315,
        1.617127 2.159505 0.480315,
        -3.623314 -1.540007 0.480315,
        -3.706791 -1.326548 0.480315,
        -3.623314 1.540007 0.480315,
        -3.706791 1.326548 0.480315,
        -3.836058 0.885827 0.480315,
        1.965113 -1.556776 0.480315,
        1.965113 -2.507491 0.480315,
        2.092484 -2.524259 0.480315,
        2.712935 -2.853071 0.480315,
        3.021282 -2.524259 0.480315,
        1.846421 2.458327 0.480315,
        1.744499 2.380119 0.480315,
        1.666291 2.278196 0.480315,
        -3.555518 -0.885827 0.480315,
        -1.744499 -1.684148 0.480315,
        -1.666291 -1.786070 0.480315,
        -1.617127 -1.904762 0.480315,
        -1.965113 -2.507491 0.480315,
        -2.092484 -2.524259 0.480315,
        -2.712935 -2.853071 0.480315,
        -3.021282 -2.524259 0.480315,
        1.617127 -1.904762 0.480315,
        1.666291 -1.786070 0.480315,
        1.744499 -1.684148 0.480315,
        1.846421 -1.605940 0.480315,
        1.965113 2.507491 0.480315,
        2.092484 2.524259 0.480315,
        2.712935 2.853071 0.480315,
        3.021282 2.524259 0.480315,
        1.846421 -2.458327 0.480315,
        1.744499 -2.380119 0.480315,
        1.666291 -2.278196 0.480315,
        1.965113 1.556776 0.480315,
        1.846421 1.605940 0.480315,
        1.744499 1.684148 0.480315,
        -5.609190 0.742272 0.131303,
        -5.610236 0.758235 0.131230,
        -5.610236 0.688976 0.131230,
        -5.606069 0.726583 0.131521,
        -5.588734 0.688976 0.132733,
        -5.593852 0.697089 0.132375,
        -5.600928 0.711435 0.131881,
        -5.593301 -0.697388 0.132414,
        -5.588734 -0.688976 0.132733,
        -5.610236 -0.688976 0.131230,
        -5.610236 -0.758235 0.131230,
        -5.609190 -0.742272 0.131303,
        -5.606069 -0.726583 0.131521,
        -5.600928 -0.711435 0.131881,
        -5.236654 -0.688976 0.066972,
        -5.238667 -0.688976 0.051676,
        -5.266203 -0.688976 0.015792,
        -5.280456 -0.688976 0.009888,
        -5.253963 -0.688976 0.025183,
        -5.244572 -0.688976 0.037423,
        4.187372 2.708196 2.173228,
        4.200787 2.606299 2.173228,
        4.350394 2.643383 2.173228,
        4.350394 1.377953 2.173228,
        3.623314 1.540007 2.173228,
        3.610236 2.265344 2.173228,
        3.528698 2.327911 2.173228,
        3.021282 2.524259 2.173228,
        3.466132 2.409449 2.173228,
        3.528698 2.884688 2.173228,
        3.610236 2.947254 2.173228,
        3.706791 1.326548 2.173228,
        3.426801 2.504402 2.173228,
        3.413386 2.606299 2.173228,
        2.712935 2.853071 2.173228,
        3.426801 2.708196 2.173228,
        3.466132 2.803150 2.173228,
        3.705189 2.986585 2.173228,
        3.807086 3.000000 2.173228,
        3.908984 2.986585 2.173228,
        4.187372 2.504402 2.173228,
        4.148041 2.409449 2.173228,
        4.085476 2.327911 2.173228,
        4.003937 2.265344 2.173228,
        3.908984 2.226013 2.173228,
        3.807086 2.212598 2.173228,
        3.593742 1.540007 2.173228,
        3.705189 2.226013 2.173228,
        4.003937 2.947254 2.173228,
        4.085476 2.884688 2.173228,
        4.148041 2.803150 2.173228,
        2.985752 2.524259 2.173228,
        3.179270 2.275708 2.173228,
        3.408287 1.915772 2.173228,
        4.350394 -1.377953 2.173228,
        4.187372 -2.654476 2.173228,
        4.350394 -3.149606 2.173228,
        4.200787 -2.552578 2.173228,
        4.187372 -2.450681 2.173228,
        4.148041 -2.355728 2.173228,
        3.179270 -2.275708 2.173228,
        2.985752 -2.524259 2.173228,
        3.021282 -2.524259 2.173228,
        4.148041 -2.749429 2.173228,
        4.085476 -2.830967 2.173228,
        4.003937 -2.893533 2.173228,
        3.908984 -2.932864 2.173228,
        3.807086 -2.946280 2.173228,
        2.362205 -3.149606 2.173228,
        3.610236 -2.893533 2.173228,
        3.528698 -2.830967 2.173228,
        3.466132 -2.749429 2.173228,
        3.705189 -2.932864 2.173228,
        2.712935 -2.853071 2.173228,
        3.408287 -1.915772 2.173228,
        3.466132 -2.355728 2.173228,
        3.908984 -2.172293 2.173228,
        4.003937 -2.211624 2.173228,
        3.623314 -1.540007 2.173228,
        3.426801 -2.654476 2.173228,
        3.413386 -2.552578 2.173228,
        3.426801 -2.450681 2.173228,
        3.528698 -2.274190 2.173228,
        3.610236 -2.211624 2.173228,
        3.593742 -1.540007 2.173228,
        3.705189 -2.172293 2.173228,
        3.807086 -2.158878 2.173228,
        3.706791 -1.326548 2.173228,
        4.085476 -2.274190 2.173228,
        3.021282 2.524259 2.055118,
        3.623314 1.540007 2.055118,
        3.527077 1.749216 2.055118,
        3.026745 2.517707 0.007874,
        3.026745 2.517707 2.055118,
        3.299362 2.148079 2.055118,
        3.527077 1.749216 0.007874,
        3.462190 1.862873 0.007874,
        3.299362 2.148079 0.007874,
        3.527077 -1.749216 0.007874,
        3.623314 -1.540007 2.055118,
        3.527077 -1.749216 2.055118,
        3.299362 -2.148079 2.055118,
        3.299362 -2.148079 0.007874,
        3.026745 -2.517707 2.055118,
        3.026745 -2.517707 0.007874,
        3.021282 -2.524259 2.055118,
        -5.610236 0.885827 1.771654,
        -5.610236 0.885827 2.173228,
        -5.610236 1.377953 2.173228,
        -5.610236 0.758235 1.771654,
        -5.369818 0.726583 0.148041,
        -5.374960 0.711435 0.147682,
        -5.236654 0.688976 0.157353,
        -5.382587 0.697388 0.147148,
        -5.387153 0.688976 0.146829,
        -5.197283 0.884720 0.160106,
        -5.197283 0.820266 0.160106,
        -5.195504 0.820266 0.160231,
        -5.365651 0.885827 0.148333,
        -5.365651 0.758235 0.148333,
        -5.366697 0.742272 0.148259,
        -5.236654 0.884720 0.157353,
        -4.350394 0.885827 0.219326,
        -5.195504 0.688976 0.160231,
        -4.820143 0.688976 0.186478,
        -4.820143 -0.688976 0.186478,
        -5.197283 -0.820266 0.160106,
        -5.195504 -0.820266 0.160231,
        -5.195504 -0.688976 0.160231,
        -4.350394 1.377953 2.173228,
        -3.438944 2.504402 2.173228,
        -2.985752 2.524259 2.173228,
        -3.021282 2.524259 2.173228,
        -4.016080 2.947254 2.173228,
        -4.097618 2.884688 2.173228,
        -4.160184 2.803150 2.173228,
        -3.623314 1.540007 2.173228,
        -4.160184 2.409449 2.173228,
        -3.706791 1.326548 2.173228,
        -3.836058 0.885827 2.173228,
        -4.199515 2.504402 2.173228,
        -4.212930 2.606299 2.173228,
        -4.199515 2.708196 2.173228,
        -3.179270 2.275708 2.173228,
        -3.478275 2.409449 2.173228,
        -3.408287 1.915772 2.173228,
        -3.622379 2.947254 2.173228,
        -3.540841 2.884688 2.173228,
        -3.478275 2.803150 2.173228,
        -2.712935 2.853071 2.173228,
        -3.438944 2.708196 2.173228,
        -3.425529 2.606299 2.173228,
        -3.921126 2.226013 2.173228,
        -4.016080 2.265344 2.173228,
        -4.097618 2.327911 2.173228,
        -3.921126 2.986585 2.173228,
        -3.819229 3.000000 2.173228,
        -3.717332 2.986585 2.173228,
        -3.540841 2.327911 2.173228,
        -3.622379 2.265344 2.173228,
        -3.593742 1.540007 2.173228,
        -3.717332 2.226013 2.173228,
        -3.819229 2.212598 2.173228,
        -3.527077 1.749216 0.007874,
        -3.623314 1.540007 2.055118,
        -3.527077 1.749216 2.055118,
        -3.462190 1.862873 0.007874,
        -3.299362 2.148079 2.055118,
        -3.299362 2.148079 0.007874,
        -3.026745 2.517707 2.055118,
        -3.026745 2.517707 0.007874,
        -3.021282 2.524259 2.055118,
        -5.610236 -1.377953 2.173228,
        -5.610236 -0.758235 1.771654,
        -2.362205 -3.149606 2.173228,
        -4.350394 -3.149606 2.173228,
        -4.350394 -1.377953 2.173228,
        -3.438944 -2.450681 2.173228,
        -3.425529 -2.552578 2.173228,
        -3.179270 -2.275708 2.173228,
        -4.016080 -2.893533 2.173228,
        -4.097618 -2.830967 2.173228,
        -4.160184 -2.749429 2.173228,
        -4.016080 -2.211624 2.173228,
        -3.623314 -1.540007 2.173228,
        -4.097618 -2.274190 2.173228,
        -4.160184 -2.355728 2.173228,
        -2.985752 -2.524259 2.173228,
        -3.021282 -2.524259 2.173228,
        -2.712935 -2.853071 2.173228,
        -3.438944 -2.654476 2.173228,
        -3.921126 -2.172293 2.173228,
        -3.819229 -2.158878 2.173228,
        -3.593742 -1.540007 2.173228,
        -3.717332 -2.172293 2.173228,
        -3.408287 -1.915772 2.173228,
        -3.622379 -2.211624 2.173228,
        -3.540841 -2.274190 2.173228,
        -3.478275 -2.355728 2.173228,
        -3.478275 -2.749429 2.173228,
        -3.540841 -2.830967 2.173228,
        -3.622379 -2.893533 2.173228,
        -3.717332 -2.932864 2.173228,
        -3.819229 -2.946280 2.173228,
        -3.921126 -2.932864 2.173228,
        -4.199515 -2.654476 2.173228,
        -4.212930 -2.552578 2.173228,
        -4.199515 -2.450681 2.173228,
        -3.706791 -1.326548 2.173228,
        -3.021282 -2.524259 2.055118,
        -3.527077 -1.749216 0.007874,
        -3.623314 -1.540007 2.055118,
        -3.026745 -2.517707 0.007874,
        -3.026745 -2.517707 2.055118,
        -3.299362 -2.148079 2.055118,
        -3.299362 -2.148079 0.007874,
        -3.527077 -1.749216 2.055118,
        -3.425529 -2.552578 2.133858,
        -3.438944 -2.450681 2.133858,
        -3.478275 -2.355728 2.133858,
        -3.540841 -2.274190 2.133858,
        -3.622379 -2.211624 2.133858,
        -3.717332 -2.172293 2.133858,
        -3.819229 -2.158878 2.133858,
        -3.921126 -2.172293 2.133858,
        -4.016080 -2.211624 2.133858,
        -4.097618 -2.274190 2.133858,
        -4.160184 -2.355728 2.133858,
        -4.199515 -2.450681 2.133858,
        -4.212930 -2.552578 2.133858,
        -4.199515 -2.654476 2.133858,
        -4.160184 -2.749429 2.133858,
        -4.097618 -2.830967 2.133858,
        -4.016080 -2.893533 2.133858,
        -3.921126 -2.932864 2.133858,
        -3.819229 -2.946280 2.133858,
        -3.717332 -2.932864 2.133858,
        -3.622379 -2.893533 2.133858,
        -3.540841 -2.830967 2.133858,
        -3.478275 -2.749429 2.133858,
        -3.438944 -2.654476 2.133858,
        -3.819229 -2.552578 2.133858,
        -3.425529 2.606299 2.133858,
        -3.438944 2.708196 2.133858,
        -3.478275 2.803150 2.133858,
        -3.540841 2.884688 2.133858,
        -3.622379 2.947254 2.133858,
        -3.717332 2.986585 2.133858,
        -3.819229 3.000000 2.133858,
        -3.921126 2.986585 2.133858,
        -4.016080 2.947254 2.133858,
        -4.097618 2.884688 2.133858,
        -4.160184 2.803150 2.133858,
        -4.199515 2.708196 2.133858,
        -4.212930 2.606299 2.133858,
        -4.199515 2.504402 2.133858,
        -4.160184 2.409449 2.133858,
        -4.097618 2.327911 2.133858,
        -4.016080 2.265344 2.133858,
        -3.921126 2.226013 2.133858,
        -3.819229 2.212598 2.133858,
        -3.717332 2.226013 2.133858,
        -3.622379 2.265344 2.133858,
        -3.540841 2.327911 2.133858,
        -3.478275 2.409449 2.133858,
        -3.438944 2.504402 2.133858,
        -3.793101 2.285195 2.133858,
        -3.793101 2.893825 2.133858,
        -3.854132 2.893825 2.133858,
        -3.854132 2.285195 2.133858,
        4.200787 2.606299 2.133858,
        4.187372 2.708196 2.133858,
        4.148041 2.803150 2.133858,
        4.085476 2.884688 2.133858,
        4.003937 2.947254 2.133858,
        3.908984 2.986585 2.133858,
        3.807086 3.000000 2.133858,
        3.705189 2.986585 2.133858,
        3.610236 2.947254 2.133858,
        3.528698 2.884688 2.133858,
        3.466132 2.803150 2.133858,
        3.426801 2.708196 2.133858,
        3.413386 2.606299 2.133858,
        3.426801 2.504402 2.133858,
        3.466132 2.409449 2.133858,
        3.528698 2.327911 2.133858,
        3.610236 2.265344 2.133858,
        3.705189 2.226013 2.133858,
        3.807086 2.212598 2.133858,
        3.908984 2.226013 2.133858,
        4.003937 2.265344 2.133858,
        4.085476 2.327911 2.133858,
        4.148041 2.409449 2.133858,
        4.187372 2.504402 2.133858,
        3.807086 2.606299 2.133858,
        4.200787 -2.552578 2.133858,
        4.187372 -2.450681 2.133858,
        4.148041 -2.355728 2.133858,
        4.085476 -2.274190 2.133858,
        4.003937 -2.211624 2.133858,
        3.908984 -2.172293 2.133858,
        3.807086 -2.158878 2.133858,
        3.705189 -2.172293 2.133858,
        3.610236 -2.211624 2.133858,
        3.528698 -2.274190 2.133858,
        3.466132 -2.355728 2.133858,
        3.426801 -2.450681 2.133858,
        3.413386 -2.552578 2.133858,
        3.426801 -2.654476 2.133858,
        3.466132 -2.749429 2.133858,
        3.528698 -2.830967 2.133858,
        3.610236 -2.893533 2.133858,
        3.705189 -2.932864 2.133858,
        3.807086 -2.946280 2.133858,
        3.908984 -2.932864 2.133858,
        4.003937 -2.893533 2.133858,
        4.085476 -2.830967 2.133858,
        4.148041 -2.749429 2.133858,
        4.187372 -2.654476 2.133858,
        3.762121 -2.603112 2.133858,
        3.760808 -2.929633 2.133858,
        3.856270 -2.603487 2.133858,
        3.435225 -2.507650 2.133858,
        3.434662 -2.603487 2.133858,
        4.182979 -2.603487 2.133858,
        3.857583 -2.181692 2.133858,
        3.761746 -2.181129 2.133858,
        3.761371 -2.508588 2.133858,
        4.183166 -2.507275 2.133858,
        3.857020 -2.508213 2.133858,
        3.857020 -2.929446 2.133858,
        3.857020 -2.508213 2.173228,
        4.183166 -2.507275 2.173228,
        3.857583 -2.181692 2.173228,
        3.761746 -2.181129 2.173228,
        3.761371 -2.508588 2.173228,
        3.435225 -2.507650 2.173228,
        3.434662 -2.603487 2.173228,
        3.762121 -2.603112 2.173228,
        3.760808 -2.929633 2.173228,
        3.857020 -2.929446 2.173228,
        3.856270 -2.603487 2.173228,
        4.182979 -2.603487 2.173228,
        -3.854132 2.893825 2.173228,
        -3.793101 2.893825 2.173228,
        -3.854132 2.285195 2.173228,
        -3.793101 2.285195 2.173228,
        2.829327 2.524259 2.055118,
        3.464874 1.540007 2.055118,
        3.305328 1.857899 2.055118,
        3.083228 2.206962 2.055118,
        -3.464874 1.540007 2.055118,
        -2.829327 2.524259 2.055118,
        -3.305328 1.857899 2.055118,
        -3.083228 2.206962 2.055118,
        2.829327 -2.524259 2.055118,
        3.464874 -1.540007 2.055118,
        3.305328 -1.857899 2.055118,
        3.083228 -2.206962 2.055118,
        -3.464874 -1.540007 2.055118,
        -2.829327 -2.524259 2.055118,
        -3.305328 -1.857899 2.055118,
        -3.083228 -2.206962 2.055118,
        -4.193444 2.681336 1.188976,
        -4.154113 2.776289 1.188976,
        -4.091546 2.857828 1.188976,
        -4.010008 2.920394 1.188976,
        -3.915056 2.959725 1.188976,
        -3.813158 2.973140 1.188976,
        -3.711261 2.959725 1.188976,
        -3.616307 2.920394 1.188976,
        -3.534769 2.857828 1.188976,
        -3.472203 2.776289 1.188976,
        -3.432872 2.681336 1.188976,
        -3.419457 2.579439 1.188976,
        -3.432872 2.477541 1.188976,
        -3.472203 2.382589 1.188976,
        -3.534769 2.301050 1.188976,
        -3.616307 2.238484 1.188976,
        -3.711261 2.199153 1.188976,
        -3.813158 2.185738 1.188976,
        -3.915056 2.199153 1.188976,
        -4.010008 2.238484 1.188976,
        -4.091546 2.301050 1.188976,
        -4.154113 2.382589 1.188976,
        -4.193444 2.477541 1.188976,
        -4.206859 2.579439 1.188976,
        -3.813158 2.579439 1.188976,
        -3.711261 -2.199153 1.188976,
        -3.616307 -2.238484 1.188976,
        -3.534769 -2.301050 1.188976,
        -3.472203 -2.382589 1.188976,
        -3.432872 -2.477541 1.188976,
        -3.419457 -2.579439 1.188976,
        -3.432872 -2.681336 1.188976,
        -3.472203 -2.776289 1.188976,
        -3.534769 -2.857828 1.188976,
        -3.616307 -2.920394 1.188976,
        -3.711261 -2.959725 1.188976,
        -3.813158 -2.973140 1.188976,
        -3.915056 -2.959725 1.188976,
        -4.010008 -2.920394 1.188976,
        -4.091546 -2.857828 1.188976,
        -4.154113 -2.776289 1.188976,
        -4.193444 -2.681336 1.188976,
        -4.206859 -2.579439 1.188976,
        -4.193444 -2.477541 1.188976,
        -4.154113 -2.382589 1.188976,
        -4.091546 -2.301050 1.188976,
        -4.010008 -2.238484 1.188976,
        -3.915056 -2.199153 1.188976,
        -3.813158 -2.185738 1.188976,
        -3.813158 -2.579439 1.188976,
        3.616307 -2.238484 1.188976,
        3.711261 -2.199153 1.188976,
        3.813158 -2.185738 1.188976,
        3.915056 -2.199153 1.188976,
        4.010008 -2.238484 1.188976,
        4.091546 -2.301050 1.188976,
        4.154113 -2.382589 1.188976,
        4.193444 -2.477541 1.188976,
        4.206859 -2.579439 1.188976,
        4.193444 -2.681336 1.188976,
        4.154113 -2.776289 1.188976,
        4.091546 -2.857828 1.188976,
        4.010008 -2.920394 1.188976,
        3.915056 -2.959725 1.188976,
        3.813158 -2.973140 1.188976,
        3.711261 -2.959725 1.188976,
        3.616307 -2.920394 1.188976,
        3.534769 -2.857828 1.188976,
        3.472203 -2.776289 1.188976,
        3.432872 -2.681336 1.188976,
        3.419457 -2.579439 1.188976,
        3.432872 -2.477541 1.188976,
        3.472203 -2.382589 1.188976,
        3.534769 -2.301050 1.188976,
        3.813158 -2.579439 1.188976,
        3.432872 2.681336 1.188976,
        3.472203 2.776289 1.188976,
        3.534769 2.857828 1.188976,
        3.616307 2.920394 1.188976,
        3.711261 2.959725 1.188976,
        3.813158 2.973140 1.188976,
        3.915056 2.959725 1.188976,
        4.010008 2.920394 1.188976,
        4.091546 2.857828 1.188976,
        4.154113 2.776289 1.188976,
        4.193444 2.681336 1.188976,
        4.206859 2.579439 1.188976,
        4.193444 2.477541 1.188976,
        4.154113 2.382589 1.188976,
        4.091546 2.301050 1.188976,
        4.010008 2.238484 1.188976,
        3.915056 2.199153 1.188976,
        3.813158 2.185738 1.188976,
        3.711261 2.199153 1.188976,
        3.616307 2.238484 1.188976,
        3.534769 2.301050 1.188976,
        3.472203 2.382589 1.188976,
        3.432872 2.477541 1.188976,
        3.419457 2.579439 1.188976,
        3.813158 2.579439 1.188976,
        -3.624786 -0.885827 0.270066,
        -1.181102 -0.885827 0.440945,
        -3.624786 0.885827 0.270066,
        -1.181102 0.885827 0.440945,
        -5.154302 0.885827 1.771654,
        -5.365651 0.885827 1.771654,
        -5.154302 0.885827 1.377953,
        -4.350394 0.885827 1.377953,
        -4.105963 0.885827 1.779528,
        -4.350394 0.885827 1.771654,
        -3.869217 0.885827 1.779528,
        -3.869217 -0.885827 0.262978,
        -5.236654 0.688976 0.066972,
        -5.280456 0.688976 0.009888,
        -5.266203 0.688976 0.015792,
        -5.253963 0.688976 0.025183,
        -5.244572 0.688976 0.037423,
        -5.238667 0.688976 0.051676,
        -5.210476 -0.820266 0.017738,
        -5.197283 -0.820266 0.066972,
        -5.200639 -0.820266 0.041487,
        -5.210476 0.820266 0.017738,
        -5.200639 0.820266 0.041487,
        -5.197283 0.820266 0.066972,
        -3.869217 -0.728346 0.262978,
        -4.105963 -0.728346 0.149800,
        -4.081522 -0.656313 0.149178,
        -4.071292 -0.644644 0.149919,
        -3.870230 -0.712896 0.262277,
        -3.878228 -0.683047 0.256735,
        -3.873251 -0.697709 0.260184,
        -3.956953 -0.614007 0.202193,
        -3.928404 -0.625833 0.221973,
        -3.903888 -0.644644 0.238958,
        -3.893678 -0.656286 0.246031,
        -3.885076 -0.669160 0.251991,
        -4.018104 -0.614530 0.164325,
        -4.002862 -0.610963 0.171425,
        -3.988082 -0.609975 0.180626,
        -3.987597 -0.610038 0.180962,
        -4.067585 -0.641095 0.150334,
        -4.046776 -0.625833 0.154159,
        -4.025994 -0.616377 0.160650,
        -4.090104 -0.669160 0.149012,
        -4.096952 -0.683047 0.149178,
        -4.101929 -0.697709 0.149465,
        -4.104940 -0.712821 0.149706,
        -4.105963 0.728346 0.149800,
        -4.105963 0.884720 0.189396,
        -4.105963 0.884720 0.149800,
        -3.869217 0.884720 0.262978,
        -3.869217 0.728346 0.262978,
        -3.869217 0.884720 0.310874,
        -3.988082 0.609975 0.180626,
        -4.002854 0.610962 0.171429,
        -3.987597 0.610038 0.180962,
        -3.956953 0.614007 0.202193,
        -3.928404 0.625833 0.221973,
        -3.903888 0.644644 0.238958,
        -3.893678 0.656286 0.246031,
        -3.885076 0.669160 0.251991,
        -3.878228 0.683047 0.256735,
        -3.873251 0.697709 0.260184,
        -3.870230 0.712896 0.262277,
        -4.104944 0.712857 0.149706,
        -4.101929 0.697709 0.149465,
        -4.081511 0.656299 0.149178,
        -4.090104 0.669160 0.149012,
        -4.096929 0.682993 0.149177,
        -4.067585 0.641095 0.150334,
        -4.071044 0.644871 0.150047,
        -4.018227 0.614007 0.163821,
        -4.025994 0.616377 0.160650,
        -4.046776 0.625833 0.154159,
        -5.365651 -0.758235 1.771654,
        -5.369818 -0.726583 1.771654,
        -5.382035 -0.697089 1.771654,
        -5.606069 -0.726583 1.771654,
        -5.593852 -0.697089 1.771654,
        -5.401470 -0.671761 1.771654,
        -5.426797 -0.652326 1.771654,
        -5.487944 -0.635942 1.771654,
        -5.519596 -0.640109 1.771654,
        -5.456292 -0.640109 1.771654,
        -5.549090 -0.652326 1.771654,
        -5.574418 -0.671761 1.771654,
        -5.574418 -0.671761 0.007874,
        -5.365651 0.758235 1.771654,
        -5.606069 0.726583 1.771654,
        -5.593852 0.697089 1.771654,
        -5.574418 0.671761 1.771654,
        -5.382035 0.697089 1.771654,
        -5.369818 0.726583 1.771654,
        -5.549090 0.652326 1.771654,
        -5.519596 0.640109 1.771654,
        -5.487944 0.635942 1.771654,
        -5.456292 0.640109 1.771654,
        -5.426797 0.652326 1.771654,
        -5.401470 0.671761 1.771654,
        -5.574418 0.671761 0.007874,
        5.365651 -0.758235 1.771654,
        5.369818 -0.726583 1.771654,
        5.574418 -0.671761 0.007874,
        5.401470 -0.671761 0.007874,
        5.574418 -0.671761 1.771654,
        5.593852 -0.697089 1.771654,
        5.606069 -0.726583 1.771654,
        5.382035 -0.697089 1.771654,
        5.401470 -0.671761 1.771654,
        5.426797 -0.652326 1.771654,
        5.426797 -0.652326 0.007874,
        5.456292 -0.640109 1.771654,
        5.456292 -0.640109 0.007874,
        5.487944 -0.635942 1.771654,
        5.487944 -0.635942 0.007874,
        5.519596 -0.640109 1.771654,
        5.519596 -0.640109 0.007874,
        5.549090 -0.652326 1.771654,
        5.549090 -0.652326 0.007874,
        5.593852 0.697089 1.771654,
        5.574418 0.671761 1.771654,
        5.401470 0.671761 1.771654,
        5.382035 0.697089 1.771654,
        5.369818 0.726583 1.771654,
        5.365651 0.758235 1.771654,
        5.606069 0.726583 1.771654,
        5.574418 0.671761 0.007874,
        5.549090 0.652326 1.771654,
        5.549090 0.652326 0.007874,
        5.519596 0.640109 1.771654,
        5.519596 0.640109 0.007874,
        5.487944 0.635942 1.771654,
        5.487944 0.635942 0.007874,
        5.456292 0.640109 1.771654,
        5.456292 0.640109 0.007874,
        5.426797 0.652326 1.771654,
        5.426797 0.652326 0.007874,
        5.401470 0.671761 0.007874,
      ]
    }
    coordIndex [
      30, 31, 32, -1,
      32, 31, 33, -1,
      32, 33, 34, -1,
      34, 33, 35, -1,
      36, 37, 33, -1,
      33, 37, 38, -1,
      33, 38, 35, -1,
      39, 40, 41, -1,
      41, 40, 42, -1,
      31, 30, 43, -1,
      43, 30, 41, -1,
      43, 41, 44, -1,
      44, 41, 42, -1,
      39, 41, 45, -1,
      45, 41, 46, -1,
      45, 46, 47, -1,
      48, 49, 50, -1,
      50, 49, 51, -1,
      50, 51, 52, -1,
      52, 51, 53, -1,
      54, 53, 55, -1,
      55, 53, 56, -1,
      55, 56, 57, -1,
      54, 58, 53, -1,
      53, 58, 59, -1,
      53, 59, 60, -1,
      60, 61, 53, -1,
      53, 61, 62, -1,
      53, 62, 52, -1,
      52, 62, 63, -1,
      52, 63, 47, -1,
      47, 63, 64, -1,
      47, 64, 45, -1,
      57, 65, 66, -1,
      66, 67, 57, -1,
      57, 67, 68, -1,
      57, 68, 55, -1,
      69, 70, 71, -1,
      71, 70, 72, -1,
      71, 72, 73, -1,
      74, 75, 76, -1,
      76, 75, 77, -1,
      76, 77, 78, -1,
      79, 80, 81, -1,
      74, 82, 75, -1,
      75, 82, 83, -1,
      75, 83, 84, -1,
      84, 83, 85, -1,
      84, 85, 86, -1,
      78, 77, 81, -1,
      81, 77, 87, -1,
      81, 87, 79, -1,
      79, 87, 88, -1,
      79, 88, 71, -1,
      71, 88, 89, -1,
      71, 89, 90, -1,
      72, 91, 73, -1,
      73, 91, 92, -1,
      73, 92, 93, -1,
      73, 94, 80, -1,
      80, 94, 95, -1,
      80, 95, 81, -1,
      90, 96, 71, -1,
      71, 96, 97, -1,
      71, 97, 69, -1,
      93, 98, 73, -1,
      73, 98, 99, -1,
      73, 99, 94, -1,
      100, 51, 101, -1,
      101, 51, 49, -1,
      53, 102, 56, -1,
      56, 102, 103, -1,
      104, 105, 106, -1,
      106, 107, 104, -1,
      104, 107, 108, -1,
      104, 108, 109, -1,
      109, 108, 110, -1,
      109, 110, 111, -1,
      111, 110, 112, -1,
      111, 112, 113, -1,
      114, 115, 112, -1,
      112, 115, 116, -1,
      112, 116, 113, -1,
      117, 100, 101, -1,
      101, 118, 117, -1,
      117, 118, 119, -1,
      117, 119, 114, -1,
      114, 119, 120, -1,
      114, 120, 115, -1,
      103, 102, 121, -1,
      121, 102, 122, -1,
      123, 124, 122, -1,
      122, 124, 125, -1,
      122, 125, 121, -1,
      126, 127, 123, -1,
      123, 127, 128, -1,
      123, 128, 124, -1,
      126, 123, 129, -1,
      129, 123, 130, -1,
      129, 130, 131, -1,
      131, 130, 132, -1,
      131, 132, 133, -1,
      105, 134, 106, -1,
      106, 134, 135, -1,
      106, 135, 132, -1,
      132, 135, 136, -1,
      132, 136, 133, -1,
      137, 138, 139, -1,
      139, 138, 140, -1,
      141, 142, 140, -1,
      140, 142, 143, -1,
      140, 143, 139, -1,
      144, 145, 146, -1,
      146, 145, 147, -1,
      146, 147, 148, -1,
      148, 147, 149, -1,
      148, 149, 150, -1,
      150, 149, 151, -1,
      150, 151, 141, -1,
      141, 151, 152, -1,
      141, 152, 142, -1,
      153, 154, 155, -1,
      155, 154, 156, -1,
      155, 156, 144, -1,
      144, 156, 157, -1,
      144, 157, 145, -1,
      158, 159, 160, -1,
      160, 159, 161, -1,
      160, 161, 155, -1,
      155, 161, 162, -1,
      155, 162, 153, -1,
      163, 164, 165, -1,
      165, 164, 166, -1,
      165, 166, 158, -1,
      158, 166, 167, -1,
      158, 167, 159, -1,
      163, 165, 168, -1,
      168, 165, 169, -1,
      168, 169, 170, -1,
      171, 172, 169, -1,
      169, 172, 173, -1,
      169, 173, 170, -1,
      174, 175, 176, -1,
      177, 178, 179, -1,
      180, 181, 177, -1,
      180, 177, 182, -1,
      182, 177, 179, -1,
      182, 179, 183, -1,
      183, 179, 184, -1,
      183, 184, 185, -1,
      186, 187, 188, -1,
      185, 174, 183, -1,
      183, 174, 176, -1,
      183, 176, 189, -1,
      189, 176, 190, -1,
      189, 190, 191, -1,
      191, 190, 186, -1,
      191, 186, 192, -1,
      192, 186, 188, -1,
      193, 194, 195, -1,
      195, 194, 196, -1,
      197, 198, 194, -1,
      194, 198, 199, -1,
      194, 199, 196, -1,
      200, 187, 201, -1,
      201, 187, 186, -1,
      202, 203, 204, -1,
      204, 203, 205, -1,
      186, 206, 201, -1,
      201, 206, 203, -1,
      201, 203, 207, -1,
      207, 203, 202, -1,
      208, 209, 210, -1,
      211, 212, 213, -1,
      214, 215, 216, -1,
      213, 212, 182, -1,
      217, 218, 210, -1,
      210, 218, 219, -1,
      210, 219, 208, -1,
      182, 220, 180, -1,
      180, 220, 221, -1,
      180, 221, 222, -1,
      216, 223, 214, -1,
      214, 223, 224, -1,
      214, 224, 213, -1,
      213, 224, 225, -1,
      213, 225, 211, -1,
      212, 226, 182, -1,
      182, 226, 227, -1,
      182, 227, 220, -1,
      220, 227, 228, -1,
      220, 228, 229, -1,
      229, 230, 220, -1,
      220, 230, 231, -1,
      220, 231, 217, -1,
      217, 231, 232, -1,
      217, 232, 218, -1,
      221, 233, 234, -1,
      234, 235, 221, -1,
      221, 235, 236, -1,
      221, 236, 222, -1,
      237, 238, 239, -1,
      240, 241, 242, -1,
      243, 240, 244, -1,
      244, 240, 245, -1,
      244, 245, 246, -1,
      246, 245, 247, -1,
      246, 247, 248, -1,
      249, 250, 239, -1,
      239, 250, 251, -1,
      239, 251, 237, -1,
      198, 197, 239, -1,
      239, 197, 252, -1,
      239, 252, 249, -1,
      253, 254, 243, -1,
      243, 254, 255, -1,
      243, 255, 240, -1,
      240, 255, 256, -1,
      240, 256, 241, -1,
      257, 239, 243, -1,
      243, 239, 238, -1,
      243, 238, 253, -1,
      242, 258, 240, -1,
      240, 258, 259, -1,
      240, 259, 260, -1,
      260, 259, 261, -1,
      260, 261, 262, -1,
      262, 261, 263, -1,
      262, 263, 264, -1,
      264, 263, 265, -1,
      264, 265, 266, -1,
      267, 268, 269, -1,
      269, 268, 270, -1,
      269, 270, 271, -1,
      271, 270, 272, -1,
      194, 193, 273, -1,
      273, 193, 274, -1,
      274, 275, 273, -1,
      273, 275, 276, -1,
      273, 276, 277, -1,
      277, 278, 273, -1,
      273, 278, 279, -1,
      273, 279, 280, -1,
      281, 282, 283, -1,
      284, 285, 286, -1,
      287, 288, 289, -1,
      290, 291, 292, -1,
      287, 293, 288, -1,
      288, 293, 294, -1,
      288, 294, 295, -1,
      289, 296, 287, -1,
      287, 296, 297, -1,
      287, 297, 291, -1,
      291, 297, 298, -1,
      291, 298, 292, -1,
      299, 300, 290, -1,
      293, 301, 294, -1,
      294, 301, 302, -1,
      294, 302, 303, -1,
      303, 304, 294, -1,
      294, 304, 305, -1,
      294, 305, 306, -1,
      306, 305, 307, -1,
      300, 299, 308, -1,
      308, 299, 309, -1,
      308, 309, 310, -1,
      311, 312, 313, -1,
      311, 313, 314, -1,
      307, 315, 306, -1,
      306, 315, 316, -1,
      306, 316, 313, -1,
      313, 316, 317, -1,
      313, 317, 314, -1,
      318, 319, 320, -1,
      321, 322, 323, -1,
      323, 322, 324, -1,
      325, 319, 326, -1,
      326, 319, 327, -1,
      324, 328, 323, -1,
      323, 328, 329, -1,
      323, 329, 330, -1,
      330, 329, 327, -1,
      330, 327, 331, -1,
      331, 327, 319, -1,
      332, 333, 334, -1,
      335, 336, 337, -1,
      321, 338, 322, -1,
      322, 338, 339, -1,
      322, 339, 340, -1,
      340, 339, 341, -1,
      340, 341, 342, -1,
      342, 343, 340, -1,
      340, 343, 344, -1,
      340, 344, 345, -1,
      345, 346, 334, -1,
      334, 346, 347, -1,
      334, 347, 332, -1,
      348, 349, 313, -1,
      350, 351, 352, -1,
      353, 306, 354, -1,
      354, 306, 313, -1,
      354, 313, 355, -1,
      355, 313, 349, -1,
      351, 350, 356, -1,
      357, 358, 359, -1,
      359, 358, 360, -1,
      361, 362, 360, -1,
      360, 362, 363, -1,
      363, 364, 360, -1,
      360, 364, 365, -1,
      360, 365, 359, -1,
      294, 366, 367, -1,
      367, 368, 294, -1,
      294, 368, 369, -1,
      294, 369, 357, -1,
      357, 369, 370, -1,
      357, 370, 358, -1,
      353, 371, 306, -1,
      306, 371, 372, -1,
      306, 372, 294, -1,
      294, 372, 373, -1,
      294, 373, 366, -1,
      374, 375, 376, -1,
      376, 375, 377, -1,
      376, 377, 378, -1,
      374, 376, 379, -1,
      379, 376, 380, -1,
      379, 380, 381, -1,
      382, 383, 384, -1,
      383, 385, 384, -1,
      384, 385, 386, -1,
      384, 386, 387, -1,
      387, 386, 388, -1,
      387, 388, 361, -1,
      361, 388, 389, -1,
      361, 389, 362, -1,
      390, 391, 6, -1,
      6, 391, 392, -1,
      6, 392, 380, -1,
      380, 392, 393, -1,
      380, 393, 381, -1,
      394, 395, 396, -1,
      396, 395, 397, -1,
      396, 397, 6, -1,
      6, 397, 398, -1,
      6, 398, 390, -1,
      399, 400, 401, -1,
      401, 400, 396, -1,
      396, 400, 402, -1,
      396, 402, 394, -1,
      403, 284, 404, -1,
      404, 284, 405, -1,
      325, 406, 319, -1,
      319, 406, 407, -1,
      319, 407, 320, -1,
      320, 407, 408, -1,
      320, 408, 409, -1,
      410, 411, 412, -1,
      412, 411, 284, -1,
      412, 284, 413, -1,
      413, 284, 403, -1,
      414, 415, 416, -1,
      416, 415, 417, -1,
      416, 417, 418, -1,
      418, 417, 419, -1,
      418, 419, 420, -1,
      410, 421, 411, -1,
      411, 421, 422, -1,
      411, 422, 423, -1,
      423, 422, 424, -1,
      423, 424, 425, -1,
      425, 426, 423, -1,
      423, 426, 427, -1,
      423, 427, 416, -1,
      416, 427, 428, -1,
      416, 428, 414, -1,
      340, 429, 430, -1,
      431, 432, 334, -1,
      334, 432, 433, -1,
      334, 433, 434, -1,
      430, 435, 340, -1,
      340, 435, 436, -1,
      340, 436, 437, -1,
      438, 439, 440, -1,
      440, 439, 441, -1,
      440, 441, 442, -1,
      345, 334, 340, -1,
      340, 334, 443, -1,
      340, 443, 429, -1,
      442, 444, 440, -1,
      440, 444, 445, -1,
      440, 445, 446, -1,
      446, 445, 340, -1,
      446, 340, 447, -1,
      447, 340, 437, -1,
      434, 448, 334, -1,
      334, 448, 449, -1,
      334, 449, 443, -1,
      450, 451, 452, -1,
      452, 451, 453, -1,
      452, 453, 454, -1,
      454, 453, 455, -1,
      454, 455, 456, -1,
      456, 457, 454, -1,
      454, 457, 458, -1,
      454, 458, 283, -1,
      283, 458, 459, -1,
      283, 459, 281, -1,
      460, 461, 462, -1,
      462, 461, 463, -1,
      462, 463, 452, -1,
      452, 463, 464, -1,
      452, 464, 450, -1,
      465, 466, 467, -1,
      467, 466, 468, -1,
      467, 468, 462, -1,
      462, 468, 469, -1,
      462, 469, 460, -1,
      445, 470, 471, -1,
      471, 470, 472, -1,
      471, 472, 467, -1,
      467, 472, 473, -1,
      467, 473, 465, -1,
      474, 475, 295, -1,
      475, 474, 476, -1,
      476, 474, 477, -1,
      476, 477, 478, -1,
      479, 5, 480, -1,
      480, 5, 481, -1,
      480, 481, 482, -1,
      479, 483, 5, -1,
      5, 483, 484, -1,
      5, 484, 477, -1,
      477, 484, 485, -1,
      477, 485, 478, -1,
      486, 487, 488, -1,
      489, 490, 491, -1,
      491, 490, 492, -1,
      491, 492, 481, -1,
      481, 492, 493, -1,
      481, 493, 482, -1,
      292, 494, 290, -1,
      290, 494, 495, -1,
      290, 495, 299, -1,
      299, 495, 496, -1,
      497, 498, 488, -1,
      488, 498, 499, -1,
      488, 499, 486, -1,
      500, 501, 309, -1,
      283, 309, 270, -1,
      502, 503, 504, -1,
      504, 503, 505, -1,
      504, 505, 501, -1,
      501, 505, 506, -1,
      501, 506, 309, -1,
      309, 506, 507, -1,
      309, 507, 270, -1,
      508, 509, 510, -1,
      502, 504, 511, -1,
      511, 504, 512, -1,
      511, 512, 513, -1,
      514, 515, 516, -1,
      516, 515, 517, -1,
      513, 518, 511, -1,
      511, 518, 515, -1,
      511, 515, 519, -1,
      519, 515, 514, -1,
      215, 268, 520, -1,
      520, 268, 521, -1,
      520, 521, 522, -1,
      522, 521, 523, -1,
      522, 523, 524, -1,
      510, 525, 508, -1,
      508, 525, 526, -1,
      508, 526, 527, -1,
      524, 528, 522, -1,
      522, 528, 508, -1,
      522, 508, 529, -1,
      529, 508, 527, -1,
      530, 531, 9, -1,
      532, 533, 534, -1,
      533, 532, 8, -1,
      8, 532, 535, -1,
      8, 535, 9, -1,
      9, 535, 536, -1,
      9, 536, 530, -1,
      534, 537, 532, -1,
      532, 537, 538, -1,
      532, 538, 539, -1,
      270, 268, 283, -1,
      283, 268, 215, -1,
      283, 215, 454, -1,
      454, 215, 214, -1,
      454, 214, 213, -1,
      540, 541, 542, -1,
      543, 540, 454, -1,
      454, 540, 542, -1,
      454, 542, 544, -1,
      545, 546, 547, -1,
      547, 548, 545, -1,
      545, 548, 544, -1,
      545, 544, 549, -1,
      549, 544, 542, -1,
      543, 454, 550, -1,
      550, 454, 213, -1,
      550, 213, 539, -1,
      539, 213, 551, -1,
      539, 551, 532, -1,
      552, 462, 553, -1,
      553, 462, 452, -1,
      553, 452, 554, -1,
      554, 452, 454, -1,
      554, 454, 555, -1,
      555, 454, 544, -1,
      556, 535, 557, -1,
      557, 535, 532, -1,
      557, 532, 558, -1,
      558, 532, 488, -1,
      487, 489, 488, -1,
      488, 489, 491, -1,
      488, 491, 558, -1,
      558, 491, 559, -1,
      560, 561, 562, -1,
      378, 382, 376, -1,
      376, 382, 384, -1,
      376, 384, 562, -1,
      562, 384, 563, -1,
      562, 563, 560, -1,
      564, 23, 565, -1,
      566, 286, 565, -1,
      565, 286, 567, -1,
      565, 567, 564, -1,
      566, 568, 286, -1,
      286, 568, 320, -1,
      286, 320, 284, -1,
      284, 320, 409, -1,
      284, 409, 405, -1,
      568, 569, 570, -1,
      568, 570, 320, -1,
      320, 570, 571, -1,
      320, 571, 572, -1,
      573, 574, 575, -1,
      574, 576, 577, -1,
      84, 320, 75, -1,
      75, 320, 572, -1,
      75, 572, 575, -1,
      575, 572, 578, -1,
      575, 578, 573, -1,
      28, 13, 579, -1,
      579, 580, 28, -1,
      28, 580, 560, -1,
      28, 560, 29, -1,
      29, 560, 577, -1,
      581, 560, 582, -1,
      582, 560, 563, -1,
      582, 563, 583, -1,
      583, 563, 320, -1,
      583, 320, 584, -1,
      584, 320, 84, -1,
      584, 84, 585, -1,
      586, 587, 588, -1,
      586, 588, 589, -1,
      84, 590, 585, -1,
      585, 590, 591, -1,
      585, 591, 592, -1,
      592, 591, 593, -1,
      574, 577, 575, -1,
      575, 577, 560, -1,
      575, 560, 594, -1,
      594, 560, 581, -1,
      594, 581, 595, -1,
      595, 581, 596, -1,
      595, 596, 597, -1,
      587, 598, 588, -1,
      588, 598, 599, -1,
      588, 599, 600, -1,
      589, 588, 591, -1,
      591, 588, 601, -1,
      591, 601, 593, -1,
      602, 603, 604, -1,
      604, 603, 595, -1,
      604, 595, 605, -1,
      605, 595, 597, -1,
      606, 607, 608, -1,
      608, 607, 609, -1,
      608, 609, 610, -1,
      606, 608, 604, -1,
      604, 608, 611, -1,
      604, 611, 602, -1,
      295, 294, 474, -1,
      474, 294, 357, -1,
      474, 357, 401, -1,
      401, 357, 359, -1,
      401, 359, 399, -1,
      496, 497, 299, -1,
      299, 497, 488, -1,
      299, 488, 309, -1,
      309, 488, 532, -1,
      309, 532, 500, -1,
      500, 532, 551, -1,
      387, 612, 384, -1,
      384, 612, 356, -1,
      384, 356, 563, -1,
      563, 356, 350, -1,
      563, 350, 320, -1,
      320, 350, 337, -1,
      320, 337, 318, -1,
      318, 337, 336, -1,
      352, 348, 350, -1,
      350, 348, 313, -1,
      350, 313, 337, -1,
      337, 313, 334, -1,
      337, 334, 335, -1,
      335, 334, 333, -1,
      312, 310, 313, -1,
      313, 310, 309, -1,
      313, 309, 334, -1,
      334, 309, 283, -1,
      334, 283, 431, -1,
      431, 283, 282, -1,
      431, 282, 613, -1,
      613, 282, 614, -1,
      613, 614, 438, -1,
      438, 614, 615, -1,
      438, 615, 439, -1,
      445, 471, 340, -1,
      340, 471, 418, -1,
      340, 418, 322, -1,
      322, 418, 420, -1,
      322, 420, 324, -1,
      175, 174, 616, -1,
      616, 174, 537, -1,
      616, 537, 617, -1,
      617, 537, 534, -1,
      618, 541, 540, -1,
      618, 540, 619, -1,
      619, 540, 177, -1,
      619, 177, 181, -1,
      215, 520, 216, -1,
      216, 520, 620, -1,
      621, 240, 622, -1,
      622, 240, 260, -1,
      620, 520, 623, -1,
      620, 623, 624, -1,
      624, 623, 625, -1,
      624, 625, 626, -1,
      626, 625, 627, -1,
      626, 627, 628, -1,
      628, 627, 629, -1,
      629, 627, 630, -1,
      629, 630, 631, -1,
      631, 630, 632, -1,
      632, 630, 633, -1,
      632, 633, 634, -1,
      634, 633, 635, -1,
      635, 633, 636, -1,
      635, 636, 637, -1,
      637, 636, 638, -1,
      638, 636, 639, -1,
      638, 639, 640, -1,
      640, 639, 641, -1,
      641, 639, 642, -1,
      641, 642, 643, -1,
      643, 642, 644, -1,
      643, 644, 645, -1,
      645, 644, 646, -1,
      646, 644, 647, -1,
      646, 647, 648, -1,
      648, 647, 649, -1,
      648, 649, 650, -1,
      650, 649, 651, -1,
      651, 649, 652, -1,
      651, 652, 653, -1,
      653, 652, 654, -1,
      654, 652, 521, -1,
      654, 521, 655, -1,
      656, 657, 658, -1,
      659, 660, 661, -1,
      661, 660, 662, -1,
      661, 662, 663, -1,
      656, 664, 657, -1,
      657, 664, 665, -1,
      657, 665, 662, -1,
      662, 665, 666, -1,
      662, 666, 663, -1,
      667, 668, 658, -1,
      658, 668, 669, -1,
      658, 669, 656, -1,
      670, 671, 667, -1,
      667, 671, 672, -1,
      667, 672, 668, -1,
      673, 674, 670, -1,
      670, 674, 675, -1,
      670, 675, 671, -1,
      676, 677, 673, -1,
      673, 677, 678, -1,
      673, 678, 674, -1,
      679, 680, 681, -1,
      681, 680, 682, -1,
      681, 682, 676, -1,
      676, 682, 683, -1,
      676, 683, 677, -1,
      679, 681, 684, -1,
      684, 681, 685, -1,
      684, 685, 686, -1,
      686, 685, 687, -1,
      686, 687, 688, -1,
      689, 621, 622, -1,
      622, 690, 689, -1,
      689, 690, 691, -1,
      689, 691, 687, -1,
      687, 691, 692, -1,
      687, 692, 688, -1,
      521, 268, 655, -1,
      655, 268, 267, -1,
      245, 660, 247, -1,
      247, 660, 659, -1,
      505, 693, 506, -1,
      506, 693, 694, -1,
      695, 696, 697, -1,
      694, 698, 506, -1,
      506, 698, 695, -1,
      506, 695, 699, -1,
      699, 695, 697, -1,
      693, 505, 700, -1,
      700, 505, 503, -1,
      700, 503, 701, -1,
      701, 503, 702, -1,
      702, 503, 502, -1,
      702, 502, 703, -1,
      703, 502, 511, -1,
      703, 511, 704, -1,
      704, 511, 705, -1,
      705, 511, 519, -1,
      705, 519, 706, -1,
      706, 519, 514, -1,
      706, 514, 707, -1,
      516, 708, 514, -1,
      514, 708, 709, -1,
      514, 709, 707, -1,
      710, 711, 517, -1,
      517, 711, 712, -1,
      517, 712, 516, -1,
      516, 712, 713, -1,
      516, 713, 708, -1,
      710, 517, 714, -1,
      714, 517, 515, -1,
      714, 515, 715, -1,
      715, 515, 518, -1,
      715, 518, 716, -1,
      716, 518, 513, -1,
      716, 513, 717, -1,
      717, 513, 718, -1,
      718, 513, 512, -1,
      718, 512, 719, -1,
      719, 512, 720, -1,
      720, 512, 504, -1,
      720, 504, 721, -1,
      722, 723, 724, -1,
      724, 723, 725, -1,
      725, 723, 726, -1,
      725, 726, 727, -1,
      697, 696, 724, -1,
      724, 696, 728, -1,
      724, 728, 722, -1,
      729, 730, 731, -1,
      731, 730, 732, -1,
      733, 734, 735, -1,
      735, 734, 736, -1,
      735, 736, 732, -1,
      732, 736, 737, -1,
      732, 737, 731, -1,
      738, 739, 733, -1,
      733, 739, 740, -1,
      733, 740, 734, -1,
      741, 742, 738, -1,
      738, 742, 743, -1,
      738, 743, 739, -1,
      741, 738, 744, -1,
      744, 738, 745, -1,
      744, 745, 746, -1,
      746, 745, 747, -1,
      746, 747, 748, -1,
      748, 747, 749, -1,
      749, 747, 750, -1,
      749, 750, 751, -1,
      752, 753, 754, -1,
      754, 753, 755, -1,
      754, 755, 750, -1,
      750, 755, 756, -1,
      750, 756, 751, -1,
      727, 757, 725, -1,
      725, 757, 752, -1,
      725, 752, 758, -1,
      758, 752, 754, -1,
      721, 504, 759, -1,
      759, 504, 501, -1,
      759, 501, 760, -1,
      760, 501, 761, -1,
      760, 761, 729, -1,
      729, 761, 730, -1,
      762, 233, 221, -1,
      221, 763, 762, -1,
      762, 763, 764, -1,
      762, 764, 765, -1,
      765, 764, 766, -1,
      766, 764, 767, -1,
      766, 767, 210, -1,
      210, 767, 217, -1,
      768, 769, 770, -1,
      770, 769, 771, -1,
      770, 771, 772, -1,
      773, 774, 507, -1,
      775, 776, 777, -1,
      777, 776, 778, -1,
      507, 506, 773, -1,
      773, 506, 699, -1,
      773, 699, 778, -1,
      778, 699, 761, -1,
      551, 183, 500, -1,
      500, 183, 761, -1,
      500, 761, 501, -1,
      183, 189, 763, -1,
      763, 189, 777, -1,
      763, 777, 764, -1,
      764, 777, 778, -1,
      764, 778, 767, -1,
      767, 778, 761, -1,
      767, 761, 779, -1,
      779, 761, 183, -1,
      779, 183, 763, -1,
      530, 536, 772, -1,
      772, 536, 770, -1,
      780, 781, 782, -1,
      782, 781, 783, -1,
      782, 783, 784, -1,
      780, 782, 547, -1,
      547, 782, 548, -1,
      768, 770, 536, -1,
      556, 785, 775, -1,
      775, 785, 776, -1,
      775, 786, 556, -1,
      556, 786, 768, -1,
      556, 768, 535, -1,
      535, 768, 536, -1,
      784, 787, 257, -1,
      548, 782, 544, -1,
      544, 782, 784, -1,
      544, 784, 555, -1,
      555, 784, 257, -1,
      555, 257, 788, -1,
      788, 257, 243, -1,
      789, 790, 791, -1,
      792, 246, 248, -1,
      793, 794, 795, -1,
      796, 2, 797, -1,
      797, 2, 1, -1,
      797, 1, 798, -1,
      798, 1, 799, -1,
      798, 799, 800, -1,
      796, 801, 2, -1,
      2, 801, 802, -1,
      2, 802, 803, -1,
      803, 804, 2, -1,
      2, 804, 805, -1,
      2, 805, 806, -1,
      806, 805, 807, -1,
      806, 807, 808, -1,
      808, 809, 806, -1,
      806, 809, 810, -1,
      806, 810, 811, -1,
      812, 813, 795, -1,
      795, 813, 814, -1,
      815, 816, 817, -1,
      817, 816, 818, -1,
      818, 819, 817, -1,
      817, 819, 820, -1,
      817, 820, 821, -1,
      822, 823, 792, -1,
      824, 825, 806, -1,
      806, 825, 826, -1,
      806, 826, 827, -1,
      828, 48, 829, -1,
      829, 48, 50, -1,
      811, 830, 806, -1,
      806, 830, 831, -1,
      806, 831, 832, -1,
      833, 822, 272, -1,
      272, 822, 792, -1,
      272, 792, 271, -1,
      271, 792, 248, -1,
      834, 817, 835, -1,
      835, 817, 836, -1,
      835, 836, 837, -1,
      838, 2, 839, -1,
      839, 2, 806, -1,
      839, 806, 840, -1,
      840, 806, 827, -1,
      812, 795, 828, -1,
      828, 795, 841, -1,
      828, 841, 48, -1,
      814, 842, 795, -1,
      795, 842, 843, -1,
      795, 843, 817, -1,
      817, 843, 844, -1,
      817, 844, 815, -1,
      820, 845, 821, -1,
      821, 845, 846, -1,
      821, 846, 847, -1,
      847, 846, 848, -1,
      794, 849, 795, -1,
      795, 849, 850, -1,
      795, 850, 806, -1,
      806, 850, 851, -1,
      806, 851, 852, -1,
      272, 774, 791, -1,
      791, 774, 773, -1,
      791, 773, 789, -1,
      838, 853, 2, -1,
      2, 853, 854, -1,
      2, 854, 855, -1,
      855, 854, 856, -1,
      834, 857, 817, -1,
      817, 857, 858, -1,
      817, 858, 795, -1,
      795, 858, 859, -1,
      795, 859, 793, -1,
      272, 791, 833, -1,
      833, 791, 860, -1,
      833, 860, 852, -1,
      852, 860, 861, -1,
      852, 861, 806, -1,
      806, 861, 862, -1,
      806, 862, 824, -1,
      863, 864, 865, -1,
      863, 865, 866, -1,
      867, 868, 865, -1,
      865, 868, 869, -1,
      865, 869, 866, -1,
      867, 865, 579, -1,
      579, 865, 580, -1,
      870, 871, 872, -1,
      872, 873, 874, -1,
      874, 875, 872, -1,
      872, 875, 876, -1,
      872, 876, 870, -1,
      25, 24, 36, -1,
      36, 33, 25, -1,
      25, 33, 877, -1,
      25, 877, 878, -1,
      879, 880, 881, -1,
      881, 880, 25, -1,
      881, 25, 882, -1,
      882, 25, 878, -1,
      883, 884, 885, -1,
      886, 885, 887, -1,
      888, 889, 890, -1,
      890, 889, 891, -1,
      892, 893, 3, -1,
      776, 785, 778, -1,
      778, 785, 886, -1,
      778, 886, 894, -1,
      894, 886, 887, -1,
      3, 893, 4, -1,
      891, 895, 890, -1,
      890, 895, 896, -1,
      890, 896, 897, -1,
      897, 896, 898, -1,
      897, 898, 3, -1,
      3, 898, 899, -1,
      3, 899, 892, -1,
      893, 900, 4, -1,
      4, 900, 901, -1,
      4, 901, 902, -1,
      884, 903, 885, -1,
      885, 903, 904, -1,
      885, 904, 887, -1,
      887, 904, 905, -1,
      887, 905, 906, -1,
      906, 907, 887, -1,
      887, 907, 908, -1,
      887, 908, 909, -1,
      909, 908, 910, -1,
      902, 911, 4, -1,
      4, 911, 912, -1,
      4, 912, 885, -1,
      885, 912, 913, -1,
      885, 913, 883, -1,
      890, 914, 888, -1,
      888, 914, 915, -1,
      888, 915, 910, -1,
      910, 915, 916, -1,
      910, 916, 909, -1,
      917, 788, 243, -1,
      918, 919, 920, -1,
      920, 919, 917, -1,
      920, 917, 921, -1,
      921, 917, 922, -1,
      923, 924, 925, -1,
      918, 926, 919, -1,
      919, 926, 927, -1,
      919, 927, 928, -1,
      928, 929, 919, -1,
      919, 929, 930, -1,
      919, 930, 931, -1,
      932, 933, 925, -1,
      925, 933, 934, -1,
      930, 935, 931, -1,
      931, 935, 932, -1,
      931, 932, 936, -1,
      936, 932, 925, -1,
      937, 923, 938, -1,
      939, 940, 941, -1,
      934, 942, 925, -1,
      925, 942, 943, -1,
      925, 943, 923, -1,
      923, 943, 944, -1,
      923, 944, 938, -1,
      938, 945, 937, -1,
      937, 945, 946, -1,
      937, 946, 947, -1,
      947, 946, 948, -1,
      947, 948, 941, -1,
      941, 948, 949, -1,
      941, 949, 939, -1,
      243, 244, 917, -1,
      917, 244, 950, -1,
      917, 950, 922, -1,
      922, 950, 941, -1,
      922, 941, 951, -1,
      951, 941, 940, -1,
      952, 890, 897, -1,
      789, 773, 778, -1,
      894, 887, 953, -1,
      778, 894, 789, -1,
      789, 894, 953, -1,
      789, 953, 790, -1,
      790, 953, 954, -1,
      856, 287, 955, -1,
      956, 952, 855, -1,
      855, 952, 897, -1,
      855, 897, 2, -1,
      2, 897, 3, -1,
      855, 856, 956, -1,
      956, 856, 955, -1,
      956, 955, 957, -1,
      308, 790, 958, -1,
      958, 790, 954, -1,
      958, 954, 959, -1,
      959, 954, 957, -1,
      959, 957, 960, -1,
      960, 957, 955, -1,
      836, 817, 931, -1,
      823, 431, 961, -1,
      962, 941, 950, -1,
      792, 823, 963, -1,
      963, 823, 961, -1,
      963, 961, 964, -1,
      964, 961, 965, -1,
      964, 965, 966, -1,
      967, 440, 837, -1,
      936, 925, 968, -1,
      965, 967, 966, -1,
      966, 967, 837, -1,
      966, 837, 968, -1,
      968, 837, 836, -1,
      968, 836, 936, -1,
      936, 836, 931, -1,
      963, 962, 792, -1,
      792, 962, 950, -1,
      792, 950, 246, -1,
      246, 950, 244, -1,
      969, 970, 971, -1,
      560, 580, 864, -1,
      864, 580, 865, -1,
      864, 972, 560, -1,
      560, 972, 969, -1,
      560, 969, 561, -1,
      561, 969, 971, -1,
      973, 974, 975, -1,
      975, 974, 976, -1,
      975, 976, 977, -1,
      978, 979, 980, -1,
      981, 982, 975, -1,
      975, 982, 983, -1,
      975, 983, 973, -1,
      975, 984, 981, -1,
      981, 984, 978, -1,
      981, 978, 985, -1,
      985, 978, 980, -1,
      980, 986, 985, -1,
      985, 986, 987, -1,
      985, 987, 77, -1,
      77, 987, 988, -1,
      989, 87, 990, -1,
      990, 87, 77, -1,
      990, 77, 991, -1,
      991, 77, 988, -1,
      992, 971, 970, -1,
      993, 994, 995, -1,
      996, 7, 997, -1,
      997, 7, 998, -1,
      999, 1000, 1001, -1,
      1001, 1000, 992, -1,
      1001, 992, 1002, -1,
      1002, 992, 970, -1,
      1000, 1003, 992, -1,
      992, 1003, 1004, -1,
      992, 1004, 7, -1,
      7, 1004, 1005, -1,
      7, 1005, 998, -1,
      994, 993, 1006, -1,
      1006, 993, 1007, -1,
      1006, 1007, 1008, -1,
      1009, 1010, 0, -1,
      0, 1010, 1011, -1,
      0, 1011, 1012, -1,
      1012, 1011, 1013, -1,
      1012, 1013, 995, -1,
      995, 1013, 1014, -1,
      995, 1014, 993, -1,
      1015, 1016, 999, -1,
      999, 1016, 1017, -1,
      999, 1017, 1000, -1,
      996, 1018, 7, -1,
      7, 1018, 1019, -1,
      7, 1019, 0, -1,
      0, 1019, 1020, -1,
      0, 1020, 1009, -1,
      1007, 1021, 1008, -1,
      1008, 1021, 1022, -1,
      1008, 1022, 1023, -1,
      1023, 1022, 1024, -1,
      1023, 1024, 999, -1,
      999, 1024, 1025, -1,
      999, 1025, 1015, -1,
      799, 1, 0, -1,
      830, 356, 1026, -1,
      1027, 999, 1001, -1,
      831, 830, 1028, -1,
      830, 1026, 1028, -1,
      1028, 1026, 1029, -1,
      1028, 1029, 1030, -1,
      1030, 1029, 1031, -1,
      1030, 1031, 1032, -1,
      1033, 360, 800, -1,
      1012, 995, 1034, -1,
      1031, 1033, 1032, -1,
      1032, 1033, 800, -1,
      1032, 800, 1034, -1,
      1034, 800, 799, -1,
      1034, 799, 1012, -1,
      1012, 799, 0, -1,
      1028, 1027, 831, -1,
      831, 1027, 1001, -1,
      831, 1001, 832, -1,
      832, 1001, 1002, -1,
      286, 285, 46, -1,
      46, 285, 1035, -1,
      46, 1035, 47, -1,
      872, 567, 873, -1,
      873, 567, 286, -1,
      873, 286, 1036, -1,
      1036, 286, 46, -1,
      462, 552, 919, -1,
      462, 919, 467, -1,
      821, 1037, 416, -1,
      416, 1037, 1038, -1,
      416, 1038, 423, -1,
      919, 931, 467, -1,
      467, 931, 817, -1,
      467, 817, 471, -1,
      471, 817, 821, -1,
      471, 821, 418, -1,
      418, 821, 416, -1,
      47, 1035, 52, -1,
      52, 1035, 1039, -1,
      1040, 1041, 1042, -1,
      1043, 1044, 1038, -1,
      1038, 1044, 1045, -1,
      1046, 1047, 1048, -1,
      1048, 1047, 1049, -1,
      1050, 1042, 1051, -1,
      1051, 1042, 1041, -1,
      1051, 1041, 1052, -1,
      1052, 1041, 1053, -1,
      1052, 1053, 1037, -1,
      1046, 1054, 1047, -1,
      1047, 1054, 1055, -1,
      1047, 1055, 1056, -1,
      1056, 1055, 1057, -1,
      1056, 1057, 1058, -1,
      1057, 1059, 1058, -1,
      1058, 1059, 1060, -1,
      1058, 1060, 1042, -1,
      1042, 1060, 1061, -1,
      1042, 1061, 1040, -1,
      1053, 1062, 1037, -1,
      1037, 1062, 1063, -1,
      1037, 1063, 1064, -1,
      1064, 1065, 1037, -1,
      1037, 1065, 1066, -1,
      1037, 1066, 1038, -1,
      1038, 1066, 1067, -1,
      1038, 1067, 1043, -1,
      1045, 1068, 1038, -1,
      1038, 1068, 1069, -1,
      1038, 1069, 1039, -1,
      1039, 1069, 1070, -1,
      1039, 1070, 1049, -1,
      1049, 1047, 1039, -1,
      1039, 1047, 1071, -1,
      1039, 1071, 52, -1,
      829, 50, 52, -1,
      1072, 1051, 1052, -1,
      1073, 319, 828, -1,
      1071, 1047, 1074, -1,
      848, 323, 1075, -1,
      1076, 1072, 847, -1,
      847, 1072, 1052, -1,
      847, 1052, 821, -1,
      821, 1052, 1037, -1,
      847, 848, 1076, -1,
      1076, 848, 1075, -1,
      1076, 1075, 1077, -1,
      1077, 1075, 1078, -1,
      1077, 1078, 1079, -1,
      1078, 1073, 1079, -1,
      1079, 1073, 828, -1,
      1079, 828, 1074, -1,
      1074, 828, 829, -1,
      1074, 829, 1071, -1,
      1071, 829, 52, -1,
      556, 557, 785, -1,
      785, 557, 886, -1,
      559, 885, 558, -1,
      558, 885, 886, -1,
      558, 886, 557, -1,
      554, 917, 553, -1,
      553, 917, 919, -1,
      553, 919, 552, -1,
      554, 555, 917, -1,
      917, 555, 788, -1,
      285, 284, 1035, -1,
      1035, 284, 1039, -1,
      423, 1038, 411, -1,
      411, 1038, 1039, -1,
      411, 1039, 284, -1,
      562, 992, 376, -1,
      376, 992, 7, -1,
      376, 7, 380, -1,
      380, 7, 6, -1,
      562, 561, 992, -1,
      992, 561, 971, -1,
      5, 4, 481, -1,
      481, 4, 885, -1,
      481, 885, 491, -1,
      491, 885, 559, -1,
      1080, 1041, 1081, -1,
      1081, 1041, 1040, -1,
      1081, 1040, 1082, -1,
      1082, 1040, 1061, -1,
      1082, 1061, 1083, -1,
      1083, 1061, 1060, -1,
      1083, 1060, 1084, -1,
      1084, 1060, 1059, -1,
      1084, 1059, 1085, -1,
      1085, 1059, 1057, -1,
      1085, 1057, 1086, -1,
      1086, 1057, 1055, -1,
      1086, 1055, 1087, -1,
      1087, 1055, 1054, -1,
      1087, 1054, 1088, -1,
      1088, 1054, 1046, -1,
      1088, 1046, 1089, -1,
      1089, 1046, 1048, -1,
      1089, 1048, 1090, -1,
      1090, 1048, 1049, -1,
      1090, 1049, 1091, -1,
      1091, 1049, 1070, -1,
      1091, 1070, 1092, -1,
      1092, 1070, 1069, -1,
      1092, 1069, 1093, -1,
      1093, 1069, 1068, -1,
      1093, 1068, 1094, -1,
      1094, 1068, 1045, -1,
      1094, 1045, 1095, -1,
      1095, 1045, 1044, -1,
      1095, 1044, 1096, -1,
      1096, 1044, 1043, -1,
      1096, 1043, 1097, -1,
      1097, 1043, 1067, -1,
      1097, 1067, 1098, -1,
      1098, 1067, 1066, -1,
      1098, 1066, 1099, -1,
      1099, 1066, 1065, -1,
      1099, 1065, 1100, -1,
      1100, 1065, 1064, -1,
      1100, 1064, 1101, -1,
      1101, 1064, 1063, -1,
      1101, 1063, 1102, -1,
      1102, 1063, 1062, -1,
      1102, 1062, 1103, -1,
      1103, 1062, 1053, -1,
      1103, 1053, 1080, -1,
      1080, 1053, 1041, -1,
      1102, 1103, 1104, -1,
      1104, 1103, 1080, -1,
      1104, 1080, 1081, -1,
      1099, 1100, 1104, -1,
      1104, 1100, 1101, -1,
      1104, 1101, 1102, -1,
      1096, 1097, 1104, -1,
      1104, 1097, 1098, -1,
      1104, 1098, 1099, -1,
      1093, 1094, 1104, -1,
      1104, 1094, 1095, -1,
      1104, 1095, 1096, -1,
      1090, 1091, 1104, -1,
      1104, 1091, 1092, -1,
      1104, 1092, 1093, -1,
      1087, 1088, 1104, -1,
      1104, 1088, 1089, -1,
      1104, 1089, 1090, -1,
      1084, 1085, 1104, -1,
      1104, 1085, 1086, -1,
      1104, 1086, 1087, -1,
      1081, 1082, 1104, -1,
      1104, 1082, 1083, -1,
      1104, 1083, 1084, -1,
      1105, 1014, 1106, -1,
      1106, 1014, 1013, -1,
      1106, 1013, 1107, -1,
      1107, 1013, 1011, -1,
      1107, 1011, 1108, -1,
      1108, 1011, 1010, -1,
      1108, 1010, 1109, -1,
      1109, 1010, 1009, -1,
      1109, 1009, 1110, -1,
      1110, 1009, 1020, -1,
      1110, 1020, 1111, -1,
      1111, 1020, 1019, -1,
      1111, 1019, 1112, -1,
      1112, 1019, 1018, -1,
      1112, 1018, 1113, -1,
      1113, 1018, 996, -1,
      1113, 996, 1114, -1,
      1114, 996, 997, -1,
      1114, 997, 1115, -1,
      1115, 997, 998, -1,
      1115, 998, 1116, -1,
      1116, 998, 1005, -1,
      1116, 1005, 1117, -1,
      1117, 1005, 1004, -1,
      1117, 1004, 1118, -1,
      1118, 1004, 1003, -1,
      1118, 1003, 1119, -1,
      1119, 1003, 1000, -1,
      1119, 1000, 1120, -1,
      1120, 1000, 1017, -1,
      1120, 1017, 1121, -1,
      1121, 1017, 1016, -1,
      1121, 1016, 1122, -1,
      1122, 1016, 1015, -1,
      1122, 1015, 1123, -1,
      1123, 1015, 1025, -1,
      1123, 1025, 1124, -1,
      1124, 1025, 1024, -1,
      1124, 1024, 1125, -1,
      1125, 1024, 1022, -1,
      1125, 1022, 1126, -1,
      1126, 1022, 1021, -1,
      1126, 1021, 1127, -1,
      1127, 1021, 1007, -1,
      1127, 1007, 1128, -1,
      1128, 1007, 993, -1,
      1128, 993, 1105, -1,
      1105, 993, 1014, -1,
      1128, 1105, 1129, -1,
      1129, 1105, 1106, -1,
      1130, 1129, 1109, -1,
      1123, 1124, 1129, -1,
      1129, 1124, 1125, -1,
      1106, 1107, 1129, -1,
      1129, 1107, 1108, -1,
      1129, 1108, 1109, -1,
      1125, 1126, 1129, -1,
      1129, 1126, 1127, -1,
      1129, 1127, 1128, -1,
      1109, 1110, 1130, -1,
      1130, 1110, 1111, -1,
      1130, 1111, 1131, -1,
      1131, 1111, 1112, -1,
      1131, 1112, 1132, -1,
      1132, 1112, 1113, -1,
      1132, 1113, 1114, -1,
      1116, 1117, 1121, -1,
      1116, 1121, 1115, -1,
      1123, 1129, 1122, -1,
      1122, 1129, 1132, -1,
      1122, 1132, 1121, -1,
      1121, 1132, 1114, -1,
      1121, 1114, 1115, -1,
      1117, 1118, 1121, -1,
      1121, 1118, 1119, -1,
      1121, 1119, 1120, -1,
      1133, 884, 1134, -1,
      1134, 884, 883, -1,
      1134, 883, 1135, -1,
      1135, 883, 913, -1,
      1135, 913, 1136, -1,
      1136, 913, 912, -1,
      1136, 912, 1137, -1,
      1137, 912, 911, -1,
      1137, 911, 1138, -1,
      1138, 911, 902, -1,
      1138, 902, 1139, -1,
      1139, 902, 901, -1,
      1139, 901, 1140, -1,
      1140, 901, 900, -1,
      1140, 900, 1141, -1,
      1141, 900, 893, -1,
      1141, 893, 1142, -1,
      1142, 893, 892, -1,
      1142, 892, 1143, -1,
      1143, 892, 899, -1,
      1143, 899, 1144, -1,
      1144, 899, 898, -1,
      1144, 898, 1145, -1,
      1145, 898, 896, -1,
      1145, 896, 1146, -1,
      1146, 896, 895, -1,
      1146, 895, 1147, -1,
      1147, 895, 891, -1,
      1147, 891, 1148, -1,
      1148, 891, 889, -1,
      1148, 889, 1149, -1,
      1149, 889, 888, -1,
      1149, 888, 1150, -1,
      1150, 888, 910, -1,
      1150, 910, 1151, -1,
      1151, 910, 908, -1,
      1151, 908, 1152, -1,
      1152, 908, 907, -1,
      1152, 907, 1153, -1,
      1153, 907, 906, -1,
      1153, 906, 1154, -1,
      1154, 906, 905, -1,
      1154, 905, 1155, -1,
      1155, 905, 904, -1,
      1155, 904, 1156, -1,
      1156, 904, 903, -1,
      1156, 903, 1133, -1,
      1133, 903, 884, -1,
      1155, 1156, 1157, -1,
      1157, 1156, 1133, -1,
      1157, 1133, 1134, -1,
      1152, 1153, 1157, -1,
      1157, 1153, 1154, -1,
      1157, 1154, 1155, -1,
      1149, 1150, 1157, -1,
      1157, 1150, 1151, -1,
      1157, 1151, 1152, -1,
      1146, 1147, 1157, -1,
      1157, 1147, 1148, -1,
      1157, 1148, 1149, -1,
      1143, 1144, 1157, -1,
      1157, 1144, 1145, -1,
      1157, 1145, 1146, -1,
      1140, 1141, 1157, -1,
      1157, 1141, 1142, -1,
      1157, 1142, 1143, -1,
      1137, 1138, 1157, -1,
      1157, 1138, 1139, -1,
      1157, 1139, 1140, -1,
      1134, 1135, 1157, -1,
      1157, 1135, 1136, -1,
      1157, 1136, 1137, -1,
      1158, 920, 1159, -1,
      1159, 920, 921, -1,
      1159, 921, 1160, -1,
      1160, 921, 922, -1,
      1160, 922, 1161, -1,
      1161, 922, 951, -1,
      1161, 951, 1162, -1,
      1162, 951, 940, -1,
      1162, 940, 1163, -1,
      1163, 940, 939, -1,
      1163, 939, 1164, -1,
      1164, 939, 949, -1,
      1164, 949, 1165, -1,
      1165, 949, 948, -1,
      1165, 948, 1166, -1,
      1166, 948, 946, -1,
      1166, 946, 1167, -1,
      1167, 946, 945, -1,
      1167, 945, 1168, -1,
      1168, 945, 938, -1,
      1168, 938, 1169, -1,
      1169, 938, 944, -1,
      1169, 944, 1170, -1,
      1170, 944, 943, -1,
      1170, 943, 1171, -1,
      1171, 943, 942, -1,
      1171, 942, 1172, -1,
      1172, 942, 934, -1,
      1172, 934, 1173, -1,
      1173, 934, 933, -1,
      1173, 933, 1174, -1,
      1174, 933, 932, -1,
      1174, 932, 1175, -1,
      1175, 932, 935, -1,
      1175, 935, 1176, -1,
      1176, 935, 930, -1,
      1176, 930, 1177, -1,
      1177, 930, 929, -1,
      1177, 929, 1178, -1,
      1178, 929, 928, -1,
      1178, 928, 1179, -1,
      1179, 928, 927, -1,
      1179, 927, 1180, -1,
      1180, 927, 926, -1,
      1180, 926, 1181, -1,
      1181, 926, 918, -1,
      1181, 918, 1158, -1,
      1158, 918, 920, -1,
      1173, 1174, 1182, -1,
      1182, 1174, 1183, -1,
      1179, 1180, 1184, -1,
      1185, 1170, 1186, -1,
      1186, 1170, 1171, -1,
      1186, 1171, 1182, -1,
      1182, 1171, 1172, -1,
      1182, 1172, 1173, -1,
      1184, 1180, 1187, -1,
      1188, 1164, 1189, -1,
      1189, 1164, 1165, -1,
      1189, 1165, 1190, -1,
      1190, 1165, 1166, -1,
      1166, 1167, 1190, -1,
      1190, 1167, 1168, -1,
      1190, 1168, 1185, -1,
      1185, 1168, 1169, -1,
      1185, 1169, 1170, -1,
      1180, 1181, 1187, -1,
      1187, 1181, 1158, -1,
      1187, 1158, 1191, -1,
      1191, 1158, 1159, -1,
      1191, 1159, 1192, -1,
      1192, 1159, 1160, -1,
      1160, 1161, 1192, -1,
      1192, 1161, 1162, -1,
      1192, 1162, 1188, -1,
      1188, 1162, 1163, -1,
      1188, 1163, 1164, -1,
      1174, 1175, 1183, -1,
      1183, 1175, 1176, -1,
      1183, 1176, 1193, -1,
      1193, 1176, 1177, -1,
      1193, 1177, 1184, -1,
      1184, 1177, 1178, -1,
      1184, 1178, 1179, -1,
      1194, 1195, 1192, -1,
      1192, 1195, 1191, -1,
      1196, 1194, 1188, -1,
      1188, 1194, 1192, -1,
      1197, 1196, 1189, -1,
      1189, 1196, 1188, -1,
      1198, 1197, 1190, -1,
      1190, 1197, 1189, -1,
      1199, 1198, 1185, -1,
      1185, 1198, 1190, -1,
      1200, 1199, 1186, -1,
      1186, 1199, 1185, -1,
      1201, 1200, 1182, -1,
      1182, 1200, 1186, -1,
      1202, 1201, 1183, -1,
      1183, 1201, 1182, -1,
      1203, 1202, 1193, -1,
      1193, 1202, 1183, -1,
      1204, 1203, 1184, -1,
      1184, 1203, 1193, -1,
      1205, 1204, 1187, -1,
      1187, 1204, 1184, -1,
      1195, 1205, 1191, -1,
      1191, 1205, 1187, -1,
      1197, 1198, 1196, -1,
      1196, 1198, 1194, -1,
      1202, 1203, 1201, -1,
      1201, 1203, 1204, -1,
      1205, 1195, 1204, -1,
      1204, 1195, 1194, -1,
      1204, 1194, 1201, -1,
      1201, 1194, 1198, -1,
      1201, 1198, 1200, -1,
      1200, 1198, 1199, -1,
      1206, 1207, 1131, -1,
      1131, 1207, 1130, -1,
      1208, 1206, 1132, -1,
      1132, 1206, 1131, -1,
      1209, 1208, 1129, -1,
      1129, 1208, 1132, -1,
      1207, 1209, 1130, -1,
      1130, 1209, 1129, -1,
      1208, 1209, 1206, -1,
      1206, 1209, 1207, -1,
      828, 319, 812, -1,
      812, 319, 318, -1,
      812, 318, 336, -1,
      338, 846, 339, -1,
      339, 846, 845, -1,
      339, 845, 341, -1,
      341, 845, 820, -1,
      341, 820, 342, -1,
      342, 820, 819, -1,
      342, 819, 343, -1,
      343, 819, 818, -1,
      343, 818, 344, -1,
      344, 818, 816, -1,
      344, 816, 345, -1,
      345, 816, 815, -1,
      345, 815, 346, -1,
      346, 815, 844, -1,
      346, 844, 347, -1,
      347, 844, 843, -1,
      347, 843, 332, -1,
      332, 843, 842, -1,
      332, 842, 333, -1,
      333, 842, 814, -1,
      333, 814, 335, -1,
      335, 814, 813, -1,
      335, 813, 336, -1,
      336, 813, 812, -1,
      323, 848, 321, -1,
      321, 848, 846, -1,
      321, 846, 338, -1,
      352, 811, 348, -1,
      348, 811, 810, -1,
      348, 810, 349, -1,
      349, 810, 809, -1,
      349, 809, 355, -1,
      355, 809, 808, -1,
      355, 808, 354, -1,
      354, 808, 807, -1,
      354, 807, 353, -1,
      353, 807, 805, -1,
      798, 370, 797, -1,
      797, 370, 369, -1,
      797, 369, 796, -1,
      796, 369, 368, -1,
      796, 368, 801, -1,
      801, 368, 367, -1,
      801, 367, 802, -1,
      802, 367, 366, -1,
      802, 366, 803, -1,
      803, 366, 373, -1,
      803, 373, 804, -1,
      804, 373, 372, -1,
      804, 372, 805, -1,
      805, 372, 371, -1,
      805, 371, 353, -1,
      356, 830, 351, -1,
      351, 830, 811, -1,
      351, 811, 352, -1,
      800, 360, 798, -1,
      798, 360, 358, -1,
      798, 358, 370, -1,
      293, 854, 301, -1,
      301, 854, 853, -1,
      301, 853, 302, -1,
      302, 853, 838, -1,
      302, 838, 303, -1,
      303, 838, 839, -1,
      303, 839, 304, -1,
      304, 839, 840, -1,
      304, 840, 305, -1,
      305, 840, 827, -1,
      305, 827, 307, -1,
      307, 827, 826, -1,
      307, 826, 315, -1,
      315, 826, 825, -1,
      315, 825, 316, -1,
      316, 825, 824, -1,
      791, 310, 860, -1,
      860, 310, 312, -1,
      860, 312, 861, -1,
      861, 312, 311, -1,
      861, 311, 862, -1,
      862, 311, 314, -1,
      862, 314, 824, -1,
      824, 314, 317, -1,
      824, 317, 316, -1,
      293, 287, 854, -1,
      854, 287, 856, -1,
      308, 310, 790, -1,
      790, 310, 791, -1,
      440, 446, 837, -1,
      837, 446, 835, -1,
      432, 822, 433, -1,
      433, 822, 833, -1,
      433, 833, 434, -1,
      434, 833, 852, -1,
      434, 852, 448, -1,
      448, 852, 851, -1,
      448, 851, 449, -1,
      449, 851, 850, -1,
      449, 850, 443, -1,
      443, 850, 849, -1,
      443, 849, 429, -1,
      429, 849, 794, -1,
      429, 794, 430, -1,
      430, 794, 793, -1,
      430, 793, 435, -1,
      435, 793, 859, -1,
      435, 859, 436, -1,
      436, 859, 858, -1,
      436, 858, 437, -1,
      437, 858, 857, -1,
      437, 857, 447, -1,
      447, 857, 834, -1,
      447, 834, 446, -1,
      446, 834, 835, -1,
      432, 431, 822, -1,
      822, 431, 823, -1,
      914, 890, 1210, -1,
      1210, 890, 952, -1,
      1211, 953, 909, -1,
      909, 953, 887, -1,
      953, 1211, 954, -1,
      954, 1211, 1212, -1,
      954, 1212, 957, -1,
      957, 1212, 1213, -1,
      957, 1213, 956, -1,
      956, 1213, 1210, -1,
      956, 1210, 952, -1,
      1023, 999, 1214, -1,
      1214, 999, 1027, -1,
      1215, 1034, 994, -1,
      994, 1034, 995, -1,
      1214, 1027, 1216, -1,
      1216, 1027, 1028, -1,
      1216, 1028, 1217, -1,
      1217, 1028, 1030, -1,
      1217, 1030, 1215, -1,
      1215, 1030, 1032, -1,
      1215, 1032, 1034, -1,
      1218, 968, 924, -1,
      924, 968, 925, -1,
      947, 941, 1219, -1,
      1219, 941, 962, -1,
      1219, 962, 1220, -1,
      1220, 962, 963, -1,
      1220, 963, 1221, -1,
      1221, 963, 964, -1,
      1221, 964, 1218, -1,
      1218, 964, 966, -1,
      1218, 966, 968, -1,
      1222, 1074, 1056, -1,
      1056, 1074, 1047, -1,
      1050, 1051, 1223, -1,
      1223, 1051, 1072, -1,
      1074, 1222, 1079, -1,
      1079, 1222, 1224, -1,
      1079, 1224, 1077, -1,
      1077, 1224, 1225, -1,
      1077, 1225, 1076, -1,
      1076, 1225, 1223, -1,
      1076, 1223, 1072, -1,
      1222, 1056, 1224, -1,
      1224, 1056, 1058, -1,
      1224, 1058, 1225, -1,
      1225, 1058, 1042, -1,
      1225, 1042, 1223, -1,
      1223, 1042, 1050, -1,
      1215, 994, 1217, -1,
      1217, 994, 1006, -1,
      1217, 1006, 1216, -1,
      1216, 1006, 1008, -1,
      1216, 1008, 1214, -1,
      1214, 1008, 1023, -1,
      1218, 924, 1221, -1,
      1221, 924, 923, -1,
      1221, 923, 1220, -1,
      1220, 923, 937, -1,
      1220, 937, 1219, -1,
      1219, 937, 947, -1,
      1211, 909, 1212, -1,
      1212, 909, 916, -1,
      1212, 916, 1213, -1,
      1213, 916, 915, -1,
      1213, 915, 1210, -1,
      1210, 915, 914, -1,
      1226, 393, 1227, -1,
      1227, 393, 392, -1,
      1227, 392, 1228, -1,
      1228, 392, 391, -1,
      1228, 391, 1229, -1,
      1229, 391, 390, -1,
      1229, 390, 1230, -1,
      1230, 390, 398, -1,
      1230, 398, 1231, -1,
      1231, 398, 397, -1,
      1231, 397, 1232, -1,
      397, 395, 1232, -1,
      1232, 395, 394, -1,
      1232, 394, 1233, -1,
      1233, 394, 402, -1,
      1233, 402, 1234, -1,
      1234, 402, 400, -1,
      1234, 400, 1235, -1,
      400, 399, 1235, -1,
      1235, 399, 359, -1,
      1235, 359, 1236, -1,
      1236, 359, 365, -1,
      1236, 365, 1237, -1,
      1237, 365, 364, -1,
      1237, 364, 1238, -1,
      1238, 364, 363, -1,
      1238, 363, 1239, -1,
      1239, 363, 362, -1,
      1239, 362, 1240, -1,
      1240, 362, 389, -1,
      1240, 389, 1241, -1,
      389, 388, 1241, -1,
      1241, 388, 386, -1,
      1241, 386, 1242, -1,
      1242, 386, 385, -1,
      1242, 385, 1243, -1,
      1243, 385, 383, -1,
      1243, 383, 1244, -1,
      1244, 383, 382, -1,
      1244, 382, 1245, -1,
      1245, 382, 378, -1,
      1245, 378, 1246, -1,
      1246, 378, 377, -1,
      1246, 377, 1247, -1,
      1247, 377, 375, -1,
      1247, 375, 1248, -1,
      1248, 375, 374, -1,
      1248, 374, 1249, -1,
      1249, 374, 379, -1,
      1249, 379, 1226, -1,
      1226, 379, 381, -1,
      1226, 381, 393, -1,
      1247, 1248, 1250, -1,
      1250, 1248, 1249, -1,
      1250, 1249, 1226, -1,
      1244, 1245, 1250, -1,
      1250, 1245, 1246, -1,
      1250, 1246, 1247, -1,
      1241, 1242, 1250, -1,
      1250, 1242, 1243, -1,
      1250, 1243, 1244, -1,
      1238, 1239, 1250, -1,
      1250, 1239, 1240, -1,
      1250, 1240, 1241, -1,
      1235, 1236, 1250, -1,
      1250, 1236, 1237, -1,
      1250, 1237, 1238, -1,
      1232, 1233, 1250, -1,
      1250, 1233, 1234, -1,
      1250, 1234, 1235, -1,
      1229, 1230, 1250, -1,
      1250, 1230, 1231, -1,
      1250, 1231, 1232, -1,
      1226, 1227, 1250, -1,
      1250, 1227, 1228, -1,
      1250, 1228, 1229, -1,
      1251, 407, 1252, -1,
      1252, 407, 406, -1,
      1252, 406, 1253, -1,
      1253, 406, 325, -1,
      1253, 325, 1254, -1,
      1254, 325, 326, -1,
      1254, 326, 1255, -1,
      1255, 326, 327, -1,
      1255, 327, 1256, -1,
      1256, 327, 329, -1,
      1256, 329, 1257, -1,
      329, 328, 1257, -1,
      1257, 328, 324, -1,
      1257, 324, 1258, -1,
      1258, 324, 420, -1,
      1258, 420, 1259, -1,
      1259, 420, 419, -1,
      1259, 419, 1260, -1,
      419, 417, 1260, -1,
      1260, 417, 415, -1,
      1260, 415, 1261, -1,
      1261, 415, 414, -1,
      1261, 414, 1262, -1,
      1262, 414, 428, -1,
      1262, 428, 1263, -1,
      1263, 428, 427, -1,
      1263, 427, 1264, -1,
      1264, 427, 426, -1,
      1264, 426, 1265, -1,
      1265, 426, 425, -1,
      1265, 425, 1266, -1,
      425, 424, 1266, -1,
      1266, 424, 422, -1,
      1266, 422, 1267, -1,
      1267, 422, 421, -1,
      1267, 421, 1268, -1,
      1268, 421, 410, -1,
      1268, 410, 1269, -1,
      1269, 410, 412, -1,
      1269, 412, 1270, -1,
      1270, 412, 413, -1,
      1270, 413, 1271, -1,
      1271, 413, 403, -1,
      1271, 403, 1272, -1,
      1272, 403, 404, -1,
      1272, 404, 1273, -1,
      1273, 404, 405, -1,
      1273, 405, 1274, -1,
      1274, 405, 409, -1,
      1274, 409, 1251, -1,
      1251, 409, 408, -1,
      1251, 408, 407, -1,
      1266, 1267, 1275, -1,
      1275, 1267, 1268, -1,
      1275, 1268, 1269, -1,
      1263, 1264, 1275, -1,
      1275, 1264, 1265, -1,
      1275, 1265, 1266, -1,
      1260, 1261, 1275, -1,
      1275, 1261, 1262, -1,
      1275, 1262, 1263, -1,
      1257, 1258, 1275, -1,
      1275, 1258, 1259, -1,
      1275, 1259, 1260, -1,
      1254, 1255, 1275, -1,
      1275, 1255, 1256, -1,
      1275, 1256, 1257, -1,
      1251, 1252, 1275, -1,
      1275, 1252, 1253, -1,
      1275, 1253, 1254, -1,
      1272, 1273, 1275, -1,
      1275, 1273, 1274, -1,
      1275, 1274, 1251, -1,
      1269, 1270, 1275, -1,
      1275, 1270, 1271, -1,
      1275, 1271, 1272, -1,
      1276, 282, 1277, -1,
      1277, 282, 281, -1,
      1277, 281, 1278, -1,
      1278, 281, 459, -1,
      1278, 459, 1279, -1,
      1279, 459, 458, -1,
      1279, 458, 1280, -1,
      1280, 458, 457, -1,
      1280, 457, 1281, -1,
      1281, 457, 456, -1,
      1281, 456, 1282, -1,
      1282, 456, 455, -1,
      1282, 455, 1283, -1,
      1283, 455, 453, -1,
      1283, 453, 1284, -1,
      1284, 453, 451, -1,
      1284, 451, 1285, -1,
      451, 450, 1285, -1,
      1285, 450, 464, -1,
      1285, 464, 1286, -1,
      1286, 464, 463, -1,
      1286, 463, 1287, -1,
      1287, 463, 461, -1,
      1287, 461, 1288, -1,
      1288, 461, 460, -1,
      1288, 460, 1289, -1,
      1289, 460, 469, -1,
      1289, 469, 1290, -1,
      1290, 469, 468, -1,
      1290, 468, 1291, -1,
      468, 466, 1291, -1,
      1291, 466, 465, -1,
      1291, 465, 1292, -1,
      1292, 465, 473, -1,
      1292, 473, 1293, -1,
      1293, 473, 472, -1,
      1293, 472, 1294, -1,
      472, 470, 1294, -1,
      1294, 470, 445, -1,
      1294, 445, 1295, -1,
      1295, 445, 444, -1,
      1295, 444, 1296, -1,
      1296, 444, 442, -1,
      1296, 442, 1297, -1,
      1297, 442, 441, -1,
      1297, 441, 1298, -1,
      1298, 441, 439, -1,
      1298, 439, 1299, -1,
      1299, 439, 615, -1,
      1299, 615, 1276, -1,
      1276, 615, 614, -1,
      1276, 614, 282, -1,
      1294, 1295, 1300, -1,
      1300, 1295, 1296, -1,
      1300, 1296, 1297, -1,
      1291, 1292, 1300, -1,
      1300, 1292, 1293, -1,
      1300, 1293, 1294, -1,
      1288, 1289, 1300, -1,
      1300, 1289, 1290, -1,
      1300, 1290, 1291, -1,
      1285, 1286, 1300, -1,
      1300, 1286, 1287, -1,
      1300, 1287, 1288, -1,
      1282, 1283, 1300, -1,
      1300, 1283, 1284, -1,
      1300, 1284, 1285, -1,
      1279, 1280, 1300, -1,
      1300, 1280, 1281, -1,
      1300, 1281, 1282, -1,
      1276, 1277, 1300, -1,
      1300, 1277, 1278, -1,
      1300, 1278, 1279, -1,
      1297, 1298, 1300, -1,
      1300, 1298, 1299, -1,
      1300, 1299, 1276, -1,
      1301, 288, 1302, -1,
      1302, 288, 295, -1,
      1302, 295, 1303, -1,
      1303, 295, 475, -1,
      1303, 475, 1304, -1,
      475, 476, 1304, -1,
      1304, 476, 478, -1,
      1304, 478, 1305, -1,
      1305, 478, 485, -1,
      1305, 485, 1306, -1,
      1306, 485, 484, -1,
      1306, 484, 1307, -1,
      1307, 484, 483, -1,
      1307, 483, 1308, -1,
      1308, 483, 479, -1,
      1308, 479, 1309, -1,
      1309, 479, 480, -1,
      1309, 480, 1310, -1,
      480, 482, 1310, -1,
      1310, 482, 493, -1,
      1310, 493, 1311, -1,
      1311, 493, 492, -1,
      1311, 492, 1312, -1,
      1312, 492, 490, -1,
      1312, 490, 1313, -1,
      1313, 490, 489, -1,
      1313, 489, 1314, -1,
      1314, 489, 487, -1,
      1314, 487, 1315, -1,
      1315, 487, 486, -1,
      1315, 486, 1316, -1,
      1316, 486, 499, -1,
      1316, 499, 1317, -1,
      1317, 499, 498, -1,
      1317, 498, 1318, -1,
      1318, 498, 497, -1,
      1318, 497, 1319, -1,
      497, 496, 1319, -1,
      1319, 496, 495, -1,
      1319, 495, 1320, -1,
      1320, 495, 494, -1,
      1320, 494, 1321, -1,
      1321, 494, 292, -1,
      1321, 292, 1322, -1,
      1322, 292, 298, -1,
      1322, 298, 1323, -1,
      1323, 298, 297, -1,
      1323, 297, 1324, -1,
      1324, 297, 296, -1,
      1324, 296, 1301, -1,
      1301, 296, 289, -1,
      1301, 289, 288, -1,
      1322, 1323, 1325, -1,
      1325, 1323, 1324, -1,
      1325, 1324, 1301, -1,
      1319, 1320, 1325, -1,
      1325, 1320, 1321, -1,
      1325, 1321, 1322, -1,
      1316, 1317, 1325, -1,
      1325, 1317, 1318, -1,
      1325, 1318, 1319, -1,
      1313, 1314, 1325, -1,
      1325, 1314, 1315, -1,
      1325, 1315, 1316, -1,
      1310, 1311, 1325, -1,
      1325, 1311, 1312, -1,
      1325, 1312, 1313, -1,
      1307, 1308, 1325, -1,
      1325, 1308, 1309, -1,
      1325, 1309, 1310, -1,
      1304, 1305, 1325, -1,
      1325, 1305, 1306, -1,
      1325, 1306, 1307, -1,
      1301, 1302, 1325, -1,
      1325, 1302, 1303, -1,
      1325, 1303, 1304, -1,
      1326, 1327, 1328, -1,
      1328, 1327, 1329, -1,
      985, 575, 594, -1,
      1330, 1331, 1332, -1,
      1332, 1331, 981, -1,
      1332, 981, 1333, -1,
      1333, 981, 985, -1,
      1333, 985, 1334, -1,
      1334, 985, 594, -1,
      969, 1331, 970, -1,
      970, 1331, 1330, -1,
      970, 1330, 1002, -1,
      1002, 1330, 1335, -1,
      581, 832, 1336, -1,
      1336, 832, 1002, -1,
      1336, 1002, 1334, -1,
      1334, 1002, 1335, -1,
      1334, 1335, 1333, -1,
      1329, 806, 1328, -1,
      1328, 806, 832, -1,
      1328, 832, 582, -1,
      582, 832, 581, -1,
      1327, 1326, 795, -1,
      795, 1326, 841, -1,
      583, 584, 1326, -1,
      1326, 584, 1337, -1,
      1326, 1337, 841, -1,
      1327, 795, 1329, -1,
      1329, 795, 806, -1,
      1338, 975, 977, -1,
      977, 20, 18, -1,
      18, 1339, 977, -1,
      977, 1339, 1340, -1,
      977, 1340, 1341, -1,
      1341, 1342, 977, -1,
      977, 1342, 1343, -1,
      977, 1343, 1338, -1,
      564, 567, 871, -1,
      871, 567, 872, -1,
      570, 569, 1344, -1,
      989, 990, 1345, -1,
      1345, 990, 570, -1,
      1345, 570, 1346, -1,
      1346, 570, 1344, -1,
      570, 990, 571, -1,
      571, 990, 991, -1,
      571, 991, 572, -1,
      572, 991, 988, -1,
      572, 988, 578, -1,
      578, 988, 987, -1,
      578, 987, 573, -1,
      573, 987, 986, -1,
      573, 986, 574, -1,
      574, 986, 980, -1,
      576, 574, 1347, -1,
      1347, 574, 1348, -1,
      1348, 574, 1349, -1,
      1349, 574, 980, -1,
      1349, 980, 979, -1,
      575, 985, 75, -1,
      75, 985, 77, -1,
      583, 1326, 582, -1,
      582, 1326, 1328, -1,
      584, 585, 1337, -1,
      1337, 585, 1350, -1,
      590, 84, 1351, -1,
      1351, 84, 86, -1,
      53, 51, 102, -1,
      102, 51, 100, -1,
      102, 100, 122, -1,
      122, 100, 117, -1,
      107, 106, 132, -1,
      114, 130, 117, -1,
      117, 130, 123, -1,
      117, 123, 122, -1,
      114, 112, 130, -1,
      130, 112, 110, -1,
      130, 110, 132, -1,
      132, 110, 108, -1,
      132, 108, 107, -1,
      1352, 1353, 586, -1,
      1350, 585, 1354, -1,
      1354, 585, 592, -1,
      593, 1355, 592, -1,
      592, 1355, 1356, -1,
      592, 1356, 1354, -1,
      599, 1357, 600, -1,
      600, 1357, 1358, -1,
      600, 1358, 588, -1,
      588, 1358, 1359, -1,
      588, 1359, 601, -1,
      601, 1359, 1360, -1,
      601, 1360, 593, -1,
      593, 1360, 1361, -1,
      593, 1361, 1355, -1,
      598, 1362, 599, -1,
      599, 1362, 1363, -1,
      1363, 1364, 599, -1,
      599, 1364, 1365, -1,
      599, 1365, 1357, -1,
      586, 1353, 587, -1,
      1353, 1366, 587, -1,
      587, 1366, 1367, -1,
      587, 1367, 598, -1,
      598, 1367, 1368, -1,
      598, 1368, 1362, -1,
      1352, 586, 1369, -1,
      1369, 586, 589, -1,
      1369, 589, 1370, -1,
      1370, 589, 591, -1,
      1370, 591, 1371, -1,
      1371, 591, 1372, -1,
      1372, 591, 590, -1,
      1372, 590, 1351, -1,
      594, 595, 1373, -1,
      1374, 172, 171, -1,
      1373, 1375, 594, -1,
      594, 1375, 1374, -1,
      594, 1374, 1334, -1,
      1334, 1374, 171, -1,
      1336, 138, 137, -1,
      1376, 1377, 596, -1,
      596, 581, 1376, -1,
      1376, 581, 1336, -1,
      1376, 1336, 1378, -1,
      1378, 1336, 137, -1,
      1336, 1334, 138, -1,
      138, 1334, 171, -1,
      138, 171, 140, -1,
      140, 171, 169, -1,
      140, 169, 141, -1,
      158, 160, 150, -1,
      150, 160, 155, -1,
      141, 169, 150, -1,
      150, 169, 165, -1,
      150, 165, 158, -1,
      155, 144, 150, -1,
      150, 144, 146, -1,
      150, 146, 148, -1,
      1379, 1380, 609, -1,
      609, 1380, 610, -1,
      1379, 609, 1381, -1,
      1381, 609, 607, -1,
      1381, 607, 1382, -1,
      1382, 607, 606, -1,
      1382, 606, 1383, -1,
      1383, 606, 604, -1,
      1383, 604, 1384, -1,
      1384, 604, 1385, -1,
      1385, 604, 605, -1,
      1385, 605, 1386, -1,
      1386, 605, 1387, -1,
      1387, 605, 597, -1,
      1387, 597, 1388, -1,
      1388, 597, 1389, -1,
      1389, 597, 596, -1,
      1389, 596, 1377, -1,
      1373, 595, 1390, -1,
      1390, 595, 603, -1,
      1390, 603, 1391, -1,
      611, 1392, 602, -1,
      602, 1392, 1393, -1,
      602, 1393, 603, -1,
      603, 1393, 1394, -1,
      603, 1394, 1391, -1,
      608, 1395, 611, -1,
      611, 1395, 1396, -1,
      611, 1396, 1392, -1,
      1380, 1397, 610, -1,
      610, 1397, 1398, -1,
      610, 1398, 608, -1,
      608, 1398, 1399, -1,
      608, 1399, 1395, -1,
      1400, 41, 32, -1,
      32, 41, 30, -1,
      46, 41, 1036, -1,
      1036, 41, 1400, -1,
      1400, 1401, 1036, -1,
      1036, 1401, 1402, -1,
      1036, 1402, 1403, -1,
      1403, 1402, 1404, -1,
      1404, 1402, 1405, -1,
      1404, 1405, 1406, -1,
      1407, 1408, 1409, -1,
      1409, 1408, 1410, -1,
      1409, 1410, 1406, -1,
      1406, 1410, 1411, -1,
      1406, 1411, 1404, -1,
      873, 1036, 874, -1,
      874, 1036, 1403, -1,
      1404, 876, 1403, -1,
      1403, 876, 875, -1,
      1403, 875, 874, -1,
      1411, 871, 1404, -1,
      1404, 871, 870, -1,
      1404, 870, 876, -1,
      1402, 37, 1405, -1,
      1405, 37, 36, -1,
      1401, 1400, 32, -1,
      32, 34, 1401, -1,
      1401, 34, 35, -1,
      1401, 35, 1402, -1,
      1402, 35, 38, -1,
      1402, 38, 37, -1,
      564, 871, 1412, -1,
      1412, 871, 1411, -1,
      1412, 1411, 23, -1,
      23, 1411, 1410, -1,
      23, 1410, 22, -1,
      22, 1410, 1408, -1,
      22, 1408, 16, -1,
      16, 1408, 1407, -1,
      16, 1407, 17, -1,
      17, 1407, 1409, -1,
      17, 1409, 19, -1,
      19, 1409, 1406, -1,
      19, 1406, 27, -1,
      27, 1406, 1405, -1,
      27, 1405, 26, -1,
      26, 1405, 36, -1,
      26, 36, 24, -1,
      1331, 1413, 981, -1,
      981, 1413, 982, -1,
      1413, 1331, 969, -1,
      969, 972, 1413, -1,
      1413, 972, 1414, -1,
      1413, 1414, 1415, -1,
      1416, 1417, 1415, -1,
      1415, 1417, 1418, -1,
      1415, 1418, 1413, -1,
      1416, 1419, 1417, -1,
      1417, 1419, 1420, -1,
      1417, 1420, 1421, -1,
      1421, 1422, 1417, -1,
      1417, 1422, 1423, -1,
      1417, 1423, 1424, -1,
      867, 579, 1425, -1,
      982, 1413, 983, -1,
      983, 1413, 1418, -1,
      983, 1418, 973, -1,
      973, 1418, 974, -1,
      974, 1418, 1417, -1,
      974, 1417, 976, -1,
      21, 20, 977, -1,
      1416, 1415, 868, -1,
      868, 1415, 869, -1,
      869, 1415, 1414, -1,
      869, 1414, 866, -1,
      866, 1414, 863, -1,
      863, 1414, 972, -1,
      863, 972, 864, -1,
      976, 1417, 977, -1,
      977, 1417, 1424, -1,
      977, 1424, 21, -1,
      21, 1424, 1423, -1,
      21, 1423, 14, -1,
      14, 1423, 1422, -1,
      14, 1422, 15, -1,
      15, 1422, 1421, -1,
      15, 1421, 10, -1,
      10, 1421, 1420, -1,
      10, 1420, 11, -1,
      11, 1420, 1419, -1,
      11, 1419, 12, -1,
      868, 867, 1416, -1,
      1416, 867, 1425, -1,
      1416, 1425, 1419, -1,
      1419, 1425, 13, -1,
      1419, 13, 12, -1,
      80, 1333, 73, -1,
      73, 1333, 1335, -1,
      1332, 79, 1330, -1,
      1330, 79, 71, -1,
      79, 1332, 80, -1,
      80, 1332, 1333, -1,
      1330, 71, 1335, -1,
      1335, 71, 73, -1,
      537, 174, 538, -1,
      538, 174, 185, -1,
      538, 185, 539, -1,
      539, 185, 184, -1,
      539, 184, 550, -1,
      550, 184, 179, -1,
      550, 179, 543, -1,
      543, 179, 178, -1,
      543, 178, 540, -1,
      540, 178, 177, -1,
      213, 182, 551, -1,
      551, 182, 183, -1,
      507, 774, 270, -1,
      270, 774, 272, -1,
      245, 240, 660, -1,
      660, 240, 621, -1,
      621, 689, 660, -1,
      660, 689, 687, -1,
      660, 687, 685, -1,
      673, 685, 676, -1,
      676, 685, 681, -1,
      673, 670, 685, -1,
      685, 670, 667, -1,
      685, 667, 658, -1,
      658, 657, 685, -1,
      685, 657, 662, -1,
      685, 662, 660, -1,
      730, 761, 699, -1,
      699, 697, 730, -1,
      730, 697, 724, -1,
      730, 724, 732, -1,
      732, 724, 735, -1,
      735, 724, 733, -1,
      733, 724, 725, -1,
      733, 725, 738, -1,
      738, 725, 758, -1,
      738, 758, 754, -1,
      754, 750, 738, -1,
      738, 750, 747, -1,
      738, 747, 745, -1,
      1426, 199, 239, -1,
      239, 199, 198, -1,
      199, 1426, 1427, -1,
      780, 547, 1428, -1,
      1429, 274, 193, -1,
      1430, 1431, 781, -1,
      781, 1431, 1432, -1,
      781, 1432, 783, -1,
      783, 1432, 787, -1,
      783, 787, 784, -1,
      199, 1427, 196, -1,
      196, 1427, 1433, -1,
      196, 1433, 195, -1,
      195, 1433, 193, -1,
      193, 1433, 1434, -1,
      193, 1434, 1429, -1,
      1429, 1434, 1435, -1,
      1429, 1435, 1436, -1,
      1436, 1435, 1437, -1,
      1436, 1437, 1438, -1,
      1438, 1437, 1439, -1,
      1438, 1439, 1440, -1,
      1440, 1439, 1441, -1,
      1440, 1441, 1442, -1,
      1442, 1441, 1443, -1,
      1442, 1443, 1444, -1,
      781, 780, 1430, -1,
      1430, 780, 1428, -1,
      1430, 1428, 1443, -1,
      1443, 1428, 546, -1,
      1443, 546, 1444, -1,
      239, 257, 1426, -1,
      1426, 257, 787, -1,
      787, 1432, 1426, -1,
      1426, 1432, 1431, -1,
      1426, 1431, 1427, -1,
      1427, 1431, 1433, -1,
      1433, 1431, 1430, -1,
      1433, 1430, 1443, -1,
      1439, 1437, 1441, -1,
      1441, 1437, 1435, -1,
      1441, 1435, 1443, -1,
      1443, 1435, 1434, -1,
      1443, 1434, 1433, -1,
      1445, 1446, 772, -1,
      188, 187, 1447, -1,
      1447, 1448, 188, -1,
      188, 1448, 1449, -1,
      188, 1449, 192, -1,
      192, 1449, 1450, -1,
      192, 1450, 191, -1,
      772, 771, 1445, -1,
      1445, 771, 769, -1,
      1445, 769, 1451, -1,
      1451, 769, 768, -1,
      1451, 768, 786, -1,
      530, 772, 1452, -1,
      1452, 772, 1446, -1,
      1452, 1446, 531, -1,
      531, 1446, 1453, -1,
      531, 1453, 1454, -1,
      1454, 1453, 1455, -1,
      1454, 1455, 1456, -1,
      1456, 1455, 1457, -1,
      1456, 1457, 1458, -1,
      1458, 1457, 1459, -1,
      1458, 1459, 1460, -1,
      1460, 1459, 1461, -1,
      1460, 1461, 1462, -1,
      1462, 1461, 1447, -1,
      1462, 1447, 1463, -1,
      1463, 1447, 187, -1,
      1463, 187, 200, -1,
      1450, 777, 191, -1,
      191, 777, 189, -1,
      775, 777, 786, -1,
      786, 777, 1450, -1,
      786, 1450, 1451, -1,
      1451, 1450, 1445, -1,
      1453, 1448, 1447, -1,
      1450, 1449, 1445, -1,
      1445, 1449, 1448, -1,
      1445, 1448, 1446, -1,
      1446, 1448, 1453, -1,
      1447, 1461, 1453, -1,
      1453, 1461, 1459, -1,
      1453, 1459, 1455, -1,
      1455, 1459, 1457, -1,
      779, 220, 767, -1,
      767, 220, 217, -1,
      763, 221, 779, -1,
      779, 221, 220, -1,
    ]
  }
}

Shape {
  appearance Appearance {
    material Material {
      diffuseColor 0.6471 0.6196 0.5882
      specularColor 0.4510 0.4353 0.4118
      ambientIntensity 0.2
      transparency 0.0000
      shininess 0.5
    }
  }
  geometry IndexedFaceSet {
    ccw TRUE
    solid FALSE
    coord DEF co Coordinate {
      point [
        2.557566 -0.499979 1.705696,
        2.557566 -0.649606 1.705696,
        2.537036 -0.501926 1.739290,
        2.537036 -0.649606 1.739290,
        3.194454 -0.221430 1.600760,
        3.194454 -0.885827 1.600760,
        3.143032 -0.885827 1.679244,
        3.073167 -0.885827 1.741876,
        2.989553 -0.885827 1.784451,
        2.897806 -0.885827 1.804108,
        2.804089 -0.885827 1.799526,
        2.804089 -0.258437 1.799526,
        2.797087 -0.259101 1.838269,
        2.797087 -0.885827 1.838269,
        2.900996 -0.885827 1.843349,
        3.002720 -0.885827 1.821554,
        3.095427 -0.885827 1.774350,
        3.172889 -0.885827 1.704906,
        3.229904 -0.885827 1.617887,
        3.229904 -0.218069 1.617887,
        2.563770 -0.441839 1.709445,
        2.582222 -0.387243 1.720098,
        2.600159 -0.793516 1.729771,
        2.584934 -0.767717 1.721604,
        2.573048 -0.740064 1.714893,
        2.564458 -0.710744 1.709855,
        2.676478 -0.861537 1.764039,
        2.663451 -0.854179 1.758934,
        2.639593 -0.837056 1.748812,
        2.618346 -0.816639 1.738922,
        2.559292 -0.680436 1.706747,
        2.612401 -0.339482 1.736002,
        2.653322 -0.301406 1.754761,
        2.676654 -0.289229 1.763573,
        2.760451 -0.262574 1.790230,
        2.779987 -0.885827 1.794743,
        2.748635 -0.883826 1.787219,
        2.718270 -0.877778 1.778487,
        2.703417 -0.275261 1.773681,
        2.758313 -0.885827 1.830208,
        2.738967 -0.264611 1.825385,
        2.591796 -0.341435 1.769717,
        2.561676 -0.389191 1.753717,
        2.543239 -0.443786 1.743040,
        2.662637 -0.287609 1.800412,
        2.632571 -0.303373 1.788716,
        2.579487 -0.793376 1.763388,
        2.597724 -0.816639 1.772664,
        2.618793 -0.836967 1.782625,
        2.643587 -0.852851 1.792961,
        2.662473 -0.864949 1.800833,
        2.682386 -0.277256 1.808095,
        2.697135 -0.877778 1.813071,
        2.727312 -0.883834 1.822217,
        2.538770 -0.680515 1.740346,
        2.543926 -0.710744 1.743450,
        2.552530 -0.740114 1.748507,
        2.564385 -0.767717 1.755228,
        -1.777961 0.648500 1.893916,
        -1.777961 0.518987 1.893916,
        -1.740446 0.648500 1.881971,
        -1.740446 0.520606 1.881971,
        -1.794648 0.375873 1.848721,
        -1.788279 0.401633 1.864527,
        -1.780419 0.458293 1.886391,
        -1.802806 0.352730 1.830360,
        -1.812854 0.332554 1.809999,
        -1.794911 0.792283 1.848100,
        -1.803271 0.815533 1.829366,
        -1.813088 0.834847 1.809549,
        -1.825024 0.851083 1.788050,
        -1.778580 0.679408 1.891982,
        -1.780461 0.709639 1.886265,
        -1.783722 0.739010 1.876831,
        -1.788463 0.766611 1.864048,
        -1.824963 0.315449 1.788017,
        -1.825616 0.314826 1.786963,
        -1.826487 0.853073 1.785415,
        -1.841804 0.866828 1.760985,
        -1.857837 0.290117 1.738214,
        -1.840515 0.300600 1.762931,
        -1.893838 0.884446 1.694848,
        -1.859411 0.876672 1.736109,
        -1.981300 0.884720 1.618859,
        -1.981300 0.276865 1.618859,
        -1.902523 0.884720 1.685673,
        -1.900133 0.280368 1.688155,
        -1.893838 0.280785 1.694848,
        -1.958878 0.884720 1.586497,
        -1.864925 0.884720 1.668127,
        -1.958878 0.277833 1.586497,
        -1.865593 0.281858 1.668883,
        -1.742943 0.709639 1.874319,
        -1.746185 0.738991 1.864887,
        -1.750887 0.766611 1.852082,
        -1.790937 0.856209 1.768210,
        -1.788076 0.853073 1.773184,
        -1.775704 0.835952 1.796145,
        -1.765457 0.815533 1.817324,
        -1.757284 0.792404 1.836021,
        -1.741064 0.679352 1.880044,
        -1.742901 0.459912 1.874444,
        -1.750704 0.403255 1.852562,
        -1.756945 0.377652 1.836837,
        -1.765000 0.354361 1.818322,
        -1.775015 0.333859 1.797503,
        -1.787492 0.316857 1.774549,
        -1.858708 0.282156 1.674964,
        -1.860976 0.884720 1.672444,
        -1.837622 0.285009 1.699941,
        -1.839475 0.882741 1.697627,
        -1.818325 0.291822 1.725632,
        -1.819837 0.876672 1.723507,
        -1.790937 0.312162 1.768210,
        5.268945 0.884720 -0.031496,
        5.268945 0.884720 0.007874,
        5.570867 0.884720 -0.031496,
        5.570867 0.884720 0.007874,
        -5.570867 0.635942 0.007874,
        -5.570867 0.668350 0.007874,
        -5.570867 -0.635942 0.007874,
        -5.295752 0.688976 0.007874,
        -5.570867 -0.668350 0.007874,
        -5.295752 -0.688976 0.007874,
        -6.161418 0.635942 0.007874,
        -6.161418 -0.635942 0.007874,
        -6.161418 -0.635942 -0.031496,
        -6.161418 0.635942 -0.031496,
        -5.295752 0.884720 -0.031496,
        -5.295752 -0.885827 -0.031496,
        -5.570867 -0.635942 -0.031496,
        -5.570867 -0.885827 -0.031496,
        -5.570867 0.884720 -0.031496,
        -5.570867 0.635942 -0.031496,
        -5.570867 0.884720 0.007874,
        -5.295752 0.884720 0.007874,
        -5.236654 -0.885827 0.157353,
        -5.236654 -0.688976 0.157353,
        -5.192881 -0.885827 1.826854,
        -5.211012 -0.885827 1.812941,
        -5.224925 -0.885827 1.794809,
        -5.236654 -0.885827 1.751035,
        -5.233671 -0.885827 1.773694,
        -5.171766 -0.885827 1.835600,
        -3.624650 -0.885827 0.480315,
        -3.869217 -0.885827 0.310874,
        -4.227477 -0.885827 1.734610,
        -4.227477 -0.885827 0.326624,
        -4.105963 -0.885827 0.189396,
        -4.138130 -0.885827 0.197317,
        -4.231020 -0.885827 1.761520,
        -4.241407 -0.885827 1.786596,
        -4.257930 -0.885827 1.808130,
        -4.279464 -0.885827 1.824653,
        -4.304540 -0.885827 1.835040,
        -4.331450 -0.885827 1.838583,
        -5.149107 -0.885827 1.838583,
        -4.167676 -0.885827 0.212791,
        -4.192657 -0.885827 0.234892,
        -4.211617 -0.885827 0.262332,
        -4.223454 -0.885827 0.293515,
        -5.170010 -0.885827 1.794441,
        -5.159828 -0.885827 1.798005,
        -5.149107 -0.885827 1.799213,
        -4.222111 -0.885827 0.208767,
        -4.246471 -0.885827 0.244022,
        -4.261678 -0.885827 0.284085,
        -4.266847 -0.885827 0.326624,
        -4.190016 -0.885827 0.180373,
        -4.152056 -0.885827 0.160491,
        -4.110438 -0.885827 0.150280,
        -4.105963 -0.885827 0.149800,
        -5.197283 -0.885827 0.160106,
        -5.197283 -0.885827 1.751035,
        -5.196076 -0.885827 1.761756,
        -5.192513 -0.885827 1.771939,
        -4.331450 -0.885827 1.799213,
        -4.314730 -0.885827 1.797011,
        -4.299148 -0.885827 1.790557,
        -4.269048 -0.885827 1.751331,
        -4.266847 -0.885827 1.734610,
        -5.186773 -0.885827 1.781074,
        -5.179144 -0.885827 1.788702,
        -4.285769 -0.885827 1.780291,
        -4.275502 -0.885827 1.766911,
        -3.869217 -0.728346 0.310874,
        -4.105963 -0.728346 0.189396,
        -3.987590 -0.609974 0.228863,
        -4.010504 -0.612213 0.212988,
        -3.956953 -0.614007 0.250089,
        -3.928404 -0.625833 0.269869,
        -3.903888 -0.644644 0.286854,
        -3.885076 -0.669160 0.299887,
        -3.893678 -0.656286 0.293927,
        -3.870230 -0.712896 0.310172,
        -3.873251 -0.697709 0.308080,
        -3.878228 -0.683047 0.304631,
        -4.105737 -0.721050 0.189369,
        -4.096929 -0.682994 0.188594,
        -4.101929 -0.697709 0.188964,
        -4.072387 -0.645902 0.189449,
        -4.081984 -0.656920 0.188570,
        -4.090104 -0.669160 0.188383,
        -4.071292 -0.644644 0.189549,
        -4.059617 -0.634409 0.191590,
        -4.046512 -0.626258 0.195500,
        -4.018123 -0.614377 0.208546,
        -4.029136 -0.617504 0.202126,
        -4.040011 -0.622214 0.197440,
        -3.869217 0.728346 0.310874,
        -3.870230 0.712896 0.310172,
        -3.878228 0.683047 0.304631,
        -3.873251 0.697709 0.308080,
        -3.956953 0.614007 0.250089,
        -3.928404 0.625833 0.269869,
        -3.903888 0.644644 0.286854,
        -3.893678 0.656286 0.293927,
        -3.885076 0.669160 0.299887,
        -4.029040 0.617469 0.202172,
        -4.018227 0.614007 0.208009,
        -4.010504 0.612213 0.212988,
        -3.987590 0.609974 0.228863,
        -4.059503 0.634322 0.191615,
        -4.046776 0.625833 0.195061,
        -4.040126 0.622697 0.197727,
        -4.090104 0.669160 0.188383,
        -4.081939 0.656859 0.188573,
        -4.072384 0.645751 0.189411,
        -4.071224 0.644721 0.189609,
        -4.096942 0.683022 0.188595,
        -4.101929 0.697709 0.188964,
        -4.105963 0.728346 0.189396,
        -4.105737 0.721050 0.189369,
        5.200267 0.820266 0.480315,
        5.200267 0.884720 0.480315,
        5.200267 -0.885827 0.480315,
        5.200267 -0.820266 0.480315,
        5.239637 0.688976 0.480315,
        5.239637 0.884720 0.480315,
        5.239637 -0.688976 0.480315,
        5.239637 -0.885827 0.480315,
        5.387153 0.688976 0.007874,
        5.268945 0.688976 0.007874,
        5.254291 0.688976 0.011800,
        5.240635 0.688976 0.029596,
        5.248221 0.688976 0.016458,
        5.243563 0.688976 0.022528,
        5.239637 0.688976 0.037181,
        5.261359 0.688976 0.008873,
        5.100539 -0.885827 1.796047,
        5.127432 -0.885827 1.786707,
        5.151597 -0.885827 1.771654,
        4.243950 -0.885827 0.245570,
        4.263526 -0.885827 0.296491,
        4.105963 -0.885827 0.135130,
        4.346904 -0.885827 1.799213,
        5.072245 -0.885827 1.799213,
        5.200267 -0.885827 1.671190,
        4.122759 -0.885827 0.140472,
        4.171406 -0.885827 0.165166,
        4.212621 -0.885827 0.200908,
        4.270185 -0.885827 0.350638,
        4.270185 -0.885827 1.722493,
        4.272799 -0.885827 1.742350,
        4.280463 -0.885827 1.760853,
        4.292655 -0.885827 1.776742,
        4.308544 -0.885827 1.788934,
        4.327048 -0.885827 1.796598,
        5.154302 -0.885827 1.769456,
        5.173673 -0.885827 1.749306,
        5.188208 -0.885827 1.725433,
        5.197216 -0.885827 1.698974,
        5.155941 -0.885827 1.816156,
        5.115569 -0.885827 1.832879,
        4.264816 -0.885827 1.804581,
        4.246367 -0.885827 1.780538,
        3.869217 -0.885827 0.294627,
        3.779505 -0.885827 0.480315,
        5.233933 -0.885827 1.714515,
        5.217211 -0.885827 1.754887,
        5.190609 -0.885827 1.789555,
        5.239637 -0.885827 1.671190,
        5.072245 -0.885827 1.838583,
        4.346904 -0.885827 1.838583,
        4.316858 -0.885827 1.834627,
        4.288859 -0.885827 1.823030,
        4.234770 -0.885827 1.752539,
        4.230814 -0.885827 1.722493,
        4.105963 -0.885827 0.176299,
        4.230814 -0.885827 0.350638,
        4.109357 -0.885827 0.177491,
        4.225330 -0.885827 0.306029,
        4.149435 -0.885827 0.197835,
        4.209201 -0.885827 0.264077,
        4.183391 -0.885827 0.227281,
        3.869217 -0.885827 0.214731,
        3.845410 -0.885827 0.253403,
        3.735780 -0.885827 0.480315,
        5.239637 -0.688976 0.037181,
        5.387153 -0.688976 0.007874,
        5.268945 -0.688976 0.007874,
        5.261359 -0.688976 0.008873,
        5.254291 -0.688976 0.011800,
        5.248221 -0.688976 0.016458,
        5.243563 -0.688976 0.022528,
        5.240635 -0.688976 0.029596,
        5.570867 0.668350 0.007874,
        5.206834 0.884720 0.007874,
        5.206834 0.820266 0.007874,
        5.206834 -0.820266 0.007874,
        5.206834 -0.885827 0.007874,
        5.570867 -0.885827 0.007874,
        5.570867 -0.668350 0.007874,
        5.268945 -0.885827 0.007874,
        -5.570867 -0.885827 0.007874,
        -5.295752 -0.885827 0.007874,
        -5.216990 -0.885827 0.007874,
        -5.216990 -0.820266 0.007874,
        -5.216990 0.820266 0.007874,
        -5.216990 0.884720 0.007874,
        5.200267 0.820266 0.037181,
        5.202607 0.820266 0.019406,
        5.202607 -0.820266 0.019406,
        5.200267 -0.820266 0.037181,
        4.105963 -0.728346 0.135130,
        4.105963 -0.728346 0.176299,
        4.102522 -0.700018 0.134213,
        4.092404 -0.673336 0.131851,
        4.076193 -0.649851 0.129080,
        4.069561 -0.643976 0.128519,
        4.054833 -0.630928 0.127271,
        4.042534 -0.623498 0.127160,
        4.029565 -0.617666 0.127777,
        4.015037 -0.613200 0.129371,
        4.001858 -0.610837 0.131659,
        3.987517 -0.609974 0.135091,
        3.973394 -0.611500 0.139885,
        3.962377 -0.612690 0.143625,
        3.945615 -0.617666 0.151270,
        3.920347 -0.630928 0.166241,
        3.914928 -0.635728 0.170456,
        3.898987 -0.649851 0.182859,
        3.882776 -0.673336 0.198654,
        3.874959 -0.691926 0.207544,
        3.872657 -0.700018 0.210354,
        3.870108 -0.713851 0.213575,
        3.869217 -0.728346 0.214731,
        3.886048 -0.669829 0.262376,
        3.869217 -0.728346 0.294627,
        3.869471 -0.720604 0.294102,
        3.870230 -0.712896 0.292531,
        3.880859 -0.677154 0.270530,
        3.876578 -0.687256 0.279391,
        3.873251 -0.697709 0.286278,
        3.905337 -0.643533 0.232878,
        3.903888 -0.644644 0.234347,
        3.938399 -0.621693 0.202603,
        3.928404 -0.625833 0.209488,
        3.977224 -0.610429 0.180088,
        3.956953 -0.614007 0.189824,
        4.002806 -0.610956 0.171792,
        3.987590 -0.609974 0.176226,
        4.046776 -0.625833 0.166492,
        4.033993 -0.619448 0.166929,
        4.020608 -0.614672 0.168345,
        4.018193 -0.614168 0.168813,
        4.065545 -0.639267 0.167462,
        4.071292 -0.644644 0.168146,
        4.090104 -0.669160 0.171688,
        4.104936 -0.712795 0.175954,
        4.101929 -0.697709 0.174979,
        4.096959 -0.683064 0.173492,
        3.869217 0.728346 0.214731,
        3.869217 0.884720 0.214731,
        3.869217 0.884720 0.294627,
        3.869217 0.728346 0.294627,
        3.869217 0.884720 0.264906,
        3.870253 0.712722 0.213389,
        3.873631 0.697796 0.209194,
        3.874959 0.691926 0.207544,
        3.885076 0.669160 0.196211,
        3.903888 0.644644 0.178669,
        3.915036 0.636090 0.170622,
        3.928404 0.625833 0.160972,
        3.956953 0.614007 0.145917,
        3.987590 0.609974 0.135070,
        3.962377 0.612690 0.143625,
        4.032917 0.618996 0.127545,
        4.018227 0.614007 0.128939,
        4.015053 0.613400 0.129470,
        4.001349 0.610776 0.131764,
        4.046776 0.625833 0.127122,
        4.069581 0.642967 0.128299,
        4.071292 0.644644 0.128482,
        4.090104 0.669160 0.131383,
        4.096924 0.682980 0.132845,
        4.101929 0.697709 0.134061,
        4.104945 0.712861 0.134853,
        4.105963 0.728346 0.135130,
        3.870230 0.712896 0.292531,
        3.873251 0.697709 0.286278,
        3.876578 0.687256 0.279391,
        3.880859 0.677154 0.270530,
        3.869471 0.720604 0.294102,
        4.105963 0.728346 0.176299,
        4.104943 0.712845 0.175956,
        4.090104 0.669160 0.171688,
        4.096924 0.682980 0.173482,
        4.101929 0.697709 0.174979,
        4.065545 0.639267 0.167462,
        4.071292 0.644644 0.168146,
        4.020618 0.614833 0.168433,
        4.034006 0.619454 0.166928,
        4.046776 0.625833 0.166492,
        4.018227 0.614007 0.168702,
        4.002839 0.610960 0.171784,
        3.987576 0.610643 0.176732,
        3.977224 0.610429 0.180088,
        3.956953 0.614007 0.189824,
        3.903888 0.644644 0.234347,
        3.905337 0.643533 0.232878,
        3.928404 0.625833 0.209488,
        3.938399 0.621693 0.202603,
        3.886048 0.669829 0.262376,
        4.105963 0.884720 0.135130,
        4.105963 0.884720 0.176299,
        5.154302 0.884720 1.769456,
        5.154302 0.884720 1.771654,
        5.151597 0.884720 1.771654,
        -3.555518 -0.885827 0.480315,
        -5.236654 -0.688976 0.066972,
        -5.238667 -0.688976 0.051676,
        -5.266203 -0.688976 0.015792,
        -5.280456 -0.688976 0.009888,
        -5.253963 -0.688976 0.025183,
        -5.244572 -0.688976 0.037423,
        -5.236654 0.688976 0.157353,
        -5.197283 0.884720 0.160106,
        -5.197283 0.820266 0.160106,
        -5.236654 0.884720 0.157353,
        -5.197283 -0.820266 0.160106,
        -3.869217 -0.885827 0.262978,
        -5.236654 0.688976 0.066972,
        -5.280456 0.688976 0.009888,
        -5.266203 0.688976 0.015792,
        -5.253963 0.688976 0.025183,
        -5.244572 0.688976 0.037423,
        -5.238667 0.688976 0.051676,
        -5.210476 -0.820266 0.017738,
        -5.197283 -0.820266 0.066972,
        -5.200639 -0.820266 0.041487,
        -5.210476 0.820266 0.017738,
        -5.200639 0.820266 0.041487,
        -5.197283 0.820266 0.066972,
        -3.869217 -0.728346 0.262978,
        -4.105963 -0.728346 0.149800,
        -4.081522 -0.656313 0.149178,
        -4.071292 -0.644644 0.149919,
        -3.870230 -0.712896 0.262277,
        -3.878228 -0.683047 0.256735,
        -3.873251 -0.697709 0.260184,
        -3.956953 -0.614007 0.202193,
        -3.928404 -0.625833 0.221973,
        -3.903888 -0.644644 0.238958,
        -3.893678 -0.656286 0.246031,
        -3.885076 -0.669160 0.251991,
        -4.018104 -0.614530 0.164325,
        -4.002862 -0.610963 0.171425,
        -3.988082 -0.609975 0.180626,
        -3.987597 -0.610038 0.180962,
        -4.067585 -0.641095 0.150334,
        -4.046776 -0.625833 0.154159,
        -4.025994 -0.616377 0.160650,
        -4.090104 -0.669160 0.149012,
        -4.096952 -0.683047 0.149178,
        -4.101929 -0.697709 0.149465,
        -4.104940 -0.712821 0.149706,
        -4.105963 0.728346 0.149800,
        -4.105963 0.884720 0.189396,
        -4.105963 0.884720 0.149800,
        -3.869217 0.884720 0.262978,
        -3.869217 0.728346 0.262978,
        -3.869217 0.884720 0.310874,
        -3.988082 0.609975 0.180626,
        -4.002854 0.610962 0.171429,
        -3.987597 0.610038 0.180962,
        -3.956953 0.614007 0.202193,
        -3.928404 0.625833 0.221973,
        -3.903888 0.644644 0.238958,
        -3.893678 0.656286 0.246031,
        -3.885076 0.669160 0.251991,
        -3.878228 0.683047 0.256735,
        -3.873251 0.697709 0.260184,
        -3.870230 0.712896 0.262277,
        -4.104944 0.712857 0.149706,
        -4.101929 0.697709 0.149465,
        -4.081511 0.656299 0.149178,
        -4.090104 0.669160 0.149012,
        -4.096929 0.682993 0.149177,
        -4.067585 0.641095 0.150334,
        -4.071044 0.644871 0.150047,
        -4.018227 0.614007 0.163821,
        -4.025994 0.616377 0.160650,
        -4.046776 0.625833 0.154159,
        5.401470 -0.671761 0.007874,
        5.426797 -0.652326 0.007874,
        5.456292 -0.640109 0.007874,
        5.487944 -0.635942 0.007874,
        5.519596 -0.640109 0.007874,
        5.549090 -0.652326 0.007874,
        5.549090 0.652326 0.007874,
        5.519596 0.640109 0.007874,
        5.487944 0.635942 0.007874,
        5.456292 0.640109 0.007874,
        5.426797 0.652326 0.007874,
        5.401470 0.671761 0.007874,
        3.194454 0.884720 1.600760,
        3.229904 0.884720 1.617887,
        3.845410 0.884720 0.253403,
        4.122759 0.884720 0.140472,
        4.171406 0.884720 0.165166,
        4.212621 0.884720 0.200908,
        4.243950 0.884720 0.245570,
        4.263526 0.884720 0.296491,
        4.270185 0.884720 0.350638,
        4.230814 0.884720 0.350638,
        4.225330 0.884720 0.306029,
        4.209201 0.884720 0.264077,
        4.183391 0.884720 0.227281,
        4.149435 0.884720 0.197835,
        4.109357 0.884720 0.177491,
        5.200267 0.884720 1.671190,
        5.197216 0.884720 1.698974,
        5.188208 0.884720 1.725433,
        5.173673 0.884720 1.749306,
        5.127432 0.884720 1.786707,
        5.100539 0.884720 1.796047,
        5.072245 0.884720 1.799213,
        5.239637 0.884720 1.671190,
        5.233933 0.884720 1.714515,
        5.217211 0.884720 1.754887,
        5.190609 0.884720 1.789555,
        5.072245 0.884720 1.838583,
        5.115569 0.884720 1.832879,
        5.155941 0.884720 1.816156,
        6.161418 0.635942 -0.031496,
        6.161418 0.635942 0.007874,
        6.161418 -0.635942 -0.031496,
        6.161418 -0.635942 0.007874,
        2.537036 0.488517 1.739290,
        2.537036 0.648500 1.739290,
        2.557566 0.486890 1.705696,
        2.557566 0.648500 1.705696,
        5.570867 -0.635942 -0.031496,
        5.570867 -0.885827 -0.031496,
        5.268945 -0.885827 -0.031496,
        5.570867 0.635942 -0.031496,
        5.570867 -0.635942 0.007874,
        5.570867 0.635942 0.007874,
        5.209468 0.884720 0.002843,
        5.209468 -0.885827 0.002843,
        5.220382 0.884720 -0.011381,
        5.220382 -0.885827 -0.011381,
        5.234606 0.884720 -0.022295,
        5.234606 -0.885827 -0.022295,
        5.251170 0.884720 -0.029156,
        5.251170 -0.885827 -0.029156,
        4.346904 0.884720 1.799213,
        4.346904 0.884720 1.838583,
        4.327048 0.884720 1.796598,
        4.308544 0.884720 1.788934,
        4.292655 0.884720 1.776742,
        4.280463 0.884720 1.760853,
        4.272799 0.884720 1.742350,
        4.270185 0.884720 1.722493,
        4.230814 0.884720 1.722493,
        4.234770 0.884720 1.752539,
        4.246367 0.884720 1.780538,
        4.264816 0.884720 1.804581,
        4.288859 0.884720 1.823030,
        4.316858 0.884720 1.834627,
        3.709618 -0.130809 0.534467,
        3.735780 -0.097888 0.480315,
        3.671305 -0.160208 0.613768,
        3.626688 -0.178689 0.706116,
        3.735780 0.097888 0.480315,
        3.709618 0.130809 0.534467,
        3.671305 0.160208 0.613768,
        3.578808 -0.184993 0.805218,
        3.194454 0.215442 1.600760,
        3.578808 0.184993 0.805218,
        3.626688 0.178689 0.706116,
        3.762219 -0.024146 0.516094,
        3.757498 -0.047880 0.525865,
        3.739017 0.092496 0.564117,
        3.749719 0.070794 0.541965,
        3.757498 0.047880 0.525865,
        3.762219 0.024146 0.516094,
        3.229904 0.212633 1.617887,
        3.578808 -0.184993 0.895719,
        3.626688 -0.178689 0.796617,
        3.671305 0.160208 0.704269,
        3.709618 0.130809 0.624967,
        3.626688 0.178689 0.796617,
        3.763405 0.012099 0.513638,
        3.763801 0.000000 0.512819,
        3.763405 -0.012099 0.513638,
        3.749719 -0.070794 0.541965,
        3.739017 -0.092496 0.564117,
        3.709618 -0.130809 0.624967,
        3.671305 -0.160208 0.704269,
        3.578808 0.184993 0.895719,
        2.804089 0.246367 1.799526,
        2.804089 0.884720 1.799526,
        2.897806 0.884720 1.804108,
        2.897806 0.238943 1.804108,
        2.989553 0.884720 1.784451,
        2.989553 0.231674 1.784451,
        3.073167 0.884720 1.741876,
        3.073167 0.225050 1.741876,
        3.143032 0.884720 1.679244,
        3.143032 0.219516 1.679244,
        2.797087 0.884720 1.838269,
        2.900996 0.884720 1.843349,
        3.002720 0.884720 1.821554,
        3.095427 0.884720 1.774350,
        3.172889 0.884720 1.704906,
        3.172889 0.217150 1.704906,
        3.095427 0.223287 1.774350,
        3.002720 0.230631 1.821554,
        2.900996 0.238690 1.843349,
        2.797087 0.246922 1.838269,
        2.779987 0.884720 1.794743,
        2.763619 0.249574 1.791001,
        2.613354 0.325328 1.736474,
        2.582656 0.373287 1.720340,
        2.615673 0.381606 1.737617,
        2.563880 0.428269 1.709510,
        2.609670 0.750352 1.734638,
        2.676655 0.276322 1.763567,
        2.654949 0.287318 1.755443,
        2.600064 0.792271 1.729721,
        2.618346 0.815533 1.738922,
        2.639491 0.835865 1.748767,
        2.664091 0.852204 1.758924,
        2.676478 0.860431 1.764039,
        2.705812 0.261552 1.774480,
        2.718270 0.876672 1.778487,
        2.748715 0.882731 1.787240,
        2.559300 0.679409 1.706753,
        2.564458 0.709639 1.709855,
        2.573066 0.739008 1.714904,
        2.584934 0.766611 1.721604,
        2.758313 0.884720 1.830208,
        2.543349 0.429895 1.743105,
        2.562109 0.374915 1.753960,
        2.598331 0.381498 1.772963,
        2.579583 0.792410 1.763439,
        2.564385 0.766611 1.755228,
        2.598331 0.756172 1.772963,
        2.552509 0.738951 1.748495,
        2.543926 0.709639 1.743450,
        2.662473 0.863843 1.800833,
        2.642652 0.853073 1.792968,
        2.618900 0.835950 1.782673,
        2.597724 0.815533 1.772664,
        2.538761 0.679327 1.740341,
        2.592746 0.326961 1.770194,
        2.634190 0.288963 1.789411,
        2.662645 0.274479 1.800387,
        2.742104 0.251278 1.826205,
        2.727230 0.882717 1.822194,
        2.697135 0.876672 1.813071,
        2.684765 0.263220 1.808920,
        -5.236654 0.884720 1.751035,
        -5.197283 0.884720 1.751035,
        -1.777961 -0.559361 1.893916,
        -1.777961 -0.649606 1.893916,
        -1.740446 -0.561929 1.881971,
        -1.740446 -0.649606 1.881971,
        -5.270266 -0.885827 -0.028141,
        -5.246518 -0.885827 -0.018304,
        -5.226124 -0.885827 -0.002656,
        -5.226124 0.884720 -0.002656,
        -5.246518 0.884720 -0.018304,
        -5.270266 0.884720 -0.028141,
        -5.149107 0.884720 1.838583,
        -5.171766 0.884720 1.835600,
        -5.192881 0.884720 1.826854,
        -5.211012 0.884720 1.812941,
        -5.224925 0.884720 1.794809,
        -5.233671 0.884720 1.773694,
        -5.196076 0.884720 1.761756,
        -5.192513 0.884720 1.771939,
        -5.186773 0.884720 1.781074,
        -5.179144 0.884720 1.788702,
        -5.170010 0.884720 1.794441,
        -5.159828 0.884720 1.798005,
        -5.149107 0.884720 1.799213,
        -4.331450 0.884720 1.838583,
        -4.331450 0.884720 1.799213,
        -4.227477 0.884720 1.734610,
        -4.231020 0.884720 1.761520,
        -4.241407 0.884720 1.786596,
        -4.257930 0.884720 1.808130,
        -4.279464 0.884720 1.824653,
        -4.304540 0.884720 1.835040,
        -4.314730 0.884720 1.797011,
        -4.299148 0.884720 1.790557,
        -4.285769 0.884720 1.780291,
        -4.275502 0.884720 1.766911,
        -4.269048 0.884720 1.751331,
        -4.266847 0.884720 1.734610,
        -4.227477 0.884720 0.326624,
        -4.266847 0.884720 0.326624,
        -4.138130 0.884720 0.197317,
        -4.223454 0.884720 0.293515,
        -4.211617 0.884720 0.262332,
        -4.192657 0.884720 0.234892,
        -4.167676 0.884720 0.212791,
        -4.110438 0.884720 0.150280,
        -4.152056 0.884720 0.160491,
        -4.190016 0.884720 0.180373,
        -4.222111 0.884720 0.208767,
        -4.246471 0.884720 0.244022,
        -4.261678 0.884720 0.284085,
        -3.599948 0.131619 0.497428,
        -3.624650 0.091421 0.480315,
        -3.624650 -0.091421 0.480315,
        -3.524947 -0.192534 0.549391,
        -3.565926 -0.166358 0.521000,
        -1.981300 -0.885827 1.618859,
        -1.981300 -0.313571 1.618859,
        -3.479123 -0.208798 0.581138,
        -3.430813 -0.214314 0.614609,
        -3.565926 0.166358 0.521000,
        -3.524947 0.192534 0.549391,
        -3.430813 0.214314 0.614609,
        -3.479123 0.208798 0.581138,
        -3.599948 -0.131619 0.497428,
        -1.958878 -0.885827 1.586497,
        -3.555518 -0.174296 0.480315,
        -3.555518 0.174296 0.480315,
        -1.958878 -0.315106 1.586497,
        -3.430813 -0.214314 0.566713,
        -3.479123 -0.208798 0.533243,
        -3.430813 0.214314 0.566713,
        -3.524947 -0.192534 0.501495,
        -3.479123 0.208798 0.533243,
        -3.524947 0.192534 0.501495,
        -1.780461 -0.710744 1.886265,
        -1.778579 -0.680468 1.891988,
        -1.798561 -0.751030 1.839679,
        -1.783721 -0.740106 1.876835,
        -1.813114 -0.835996 1.809500,
        -1.803271 -0.816639 1.829366,
        -1.794946 -0.793505 1.848018,
        -1.788463 -0.767717 1.864048,
        -1.824965 -0.355269 1.788018,
        -1.812646 -0.372855 1.810398,
        -1.793520 -0.466108 1.851417,
        -1.802536 -0.393435 1.830939,
        -1.788172 -0.442360 1.864806,
        -1.780394 -0.498879 1.886464,
        -1.824963 -0.852453 1.788017,
        -1.826622 -0.853979 1.785352,
        -1.825028 -0.355180 1.787905,
        -1.839879 -0.340715 1.763898,
        -1.859411 -0.877778 1.736109,
        -1.841750 -0.867895 1.761067,
        -1.893838 -0.319649 1.694848,
        -1.856924 -0.329945 1.739443,
        -1.898746 -0.319224 1.689609,
        -1.902523 -0.885827 1.685673,
        -1.893838 -0.885553 1.694848,
        -1.860976 -0.885827 1.672444,
        -1.864925 -0.885827 1.668127,
        -1.755904 -0.468623 1.839368,
        -1.750598 -0.444933 1.852841,
        -1.742876 -0.501448 1.874517,
        -1.790937 -0.352891 1.768210,
        -1.786660 -0.357807 1.775688,
        -1.761471 -0.751716 1.826213,
        -1.774699 -0.375316 1.798128,
        -1.764736 -0.396024 1.818902,
        -1.757247 -0.793385 1.836109,
        -1.765457 -0.816639 1.817324,
        -1.775664 -0.836991 1.796224,
        -1.788315 -0.853826 1.773020,
        -1.741066 -0.680515 1.880037,
        -1.742943 -0.710744 1.874319,
        -1.746188 -0.740115 1.864880,
        -1.750887 -0.767717 1.852082,
        -1.790937 -0.857316 1.768210,
        -1.819837 -0.877778 1.723507,
        -1.817448 -0.332648 1.726873,
        -1.839520 -0.883856 1.697570,
        -1.836467 -0.325428 1.701398,
        -1.857392 -0.322056 1.676441,
        -1.865738 -0.321484 1.669044,
        -3.599948 0.131619 0.480315,
        -3.565926 0.166358 0.480315,
        -3.599948 -0.131619 0.480315,
        -3.565926 -0.166358 0.480315,
        3.739017 0.092496 0.480315,
        3.739017 -0.092496 0.480315,
        3.757498 0.047880 0.480315,
        3.757498 -0.047880 0.480315,
        3.763801 -0.000000 0.480315,
        2.898906 -0.249448 1.804017,
        2.897392 -0.249592 1.843625,
        2.991596 -0.240661 1.783719,
        3.000430 -0.239824 1.822359,
        3.075715 -0.232687 1.740114,
        3.094280 -0.230927 1.775133,
        3.145508 -0.226070 1.676332,
        3.172514 -0.223510 1.705342,
        3.142661 0.219545 1.679675,
        3.175402 0.216951 1.701952,
        3.072104 0.225135 1.742603,
        3.097967 0.223086 1.772594,
        2.987526 0.231835 1.785164,
        3.004735 0.230472 1.820833,
        2.894712 0.239188 1.804346,
        2.902076 0.238605 1.843259,
      ]
    }
    coordIndex [
      18, 5, 277, -1,
      277, 5, 297, -1,
      516, 517, 518, -1,
      518, 517, 374, -1,
      518, 374, 376, -1,
      398, 424, 519, -1,
      324, 326, 519, -1,
      258, 254, 324, -1,
      394, 395, 328, -1,
      328, 395, 396, -1,
      328, 396, 397, -1,
      326, 327, 519, -1,
      519, 327, 328, -1,
      519, 328, 398, -1,
      398, 328, 397, -1,
      388, 387, 330, -1,
      330, 387, 391, -1,
      330, 391, 329, -1,
      329, 391, 392, -1,
      329, 392, 328, -1,
      328, 392, 393, -1,
      328, 393, 394, -1,
      330, 331, 388, -1,
      388, 331, 332, -1,
      388, 332, 389, -1,
      389, 332, 333, -1,
      389, 333, 390, -1,
      390, 333, 334, -1,
      390, 334, 385, -1,
      385, 334, 335, -1,
      385, 335, 386, -1,
      340, 382, 383, -1,
      335, 336, 386, -1,
      386, 336, 337, -1,
      386, 337, 384, -1,
      384, 337, 338, -1,
      384, 338, 383, -1,
      383, 338, 339, -1,
      383, 339, 340, -1,
      343, 380, 342, -1,
      342, 380, 381, -1,
      382, 340, 381, -1,
      381, 340, 341, -1,
      381, 341, 342, -1,
      373, 372, 518, -1,
      518, 372, 377, -1,
      518, 377, 296, -1,
      377, 378, 343, -1,
      343, 378, 379, -1,
      343, 379, 380, -1,
      343, 344, 377, -1,
      377, 344, 345, -1,
      377, 345, 296, -1,
      296, 345, 346, -1,
      296, 346, 295, -1,
      324, 519, 258, -1,
      258, 519, 520, -1,
      258, 520, 259, -1,
      259, 520, 521, -1,
      259, 521, 260, -1,
      260, 521, 522, -1,
      260, 522, 252, -1,
      252, 522, 523, -1,
      252, 523, 253, -1,
      253, 523, 524, -1,
      253, 524, 261, -1,
      376, 373, 518, -1,
      525, 524, 526, -1,
      526, 524, 523, -1,
      526, 523, 527, -1,
      527, 523, 522, -1,
      527, 522, 528, -1,
      528, 522, 521, -1,
      528, 521, 529, -1,
      529, 521, 520, -1,
      529, 520, 530, -1,
      530, 520, 519, -1,
      530, 519, 425, -1,
      425, 519, 424, -1,
      421, 420, 357, -1,
      351, 347, 402, -1,
      402, 347, 355, -1,
      402, 355, 423, -1,
      423, 355, 419, -1,
      419, 355, 420, -1,
      420, 355, 354, -1,
      420, 354, 357, -1,
      411, 414, 364, -1,
      364, 414, 415, -1,
      364, 415, 365, -1,
      421, 357, 422, -1,
      422, 357, 356, -1,
      422, 356, 418, -1,
      418, 356, 359, -1,
      418, 359, 417, -1,
      417, 359, 358, -1,
      417, 358, 416, -1,
      416, 358, 361, -1,
      416, 361, 415, -1,
      415, 361, 360, -1,
      415, 360, 365, -1,
      362, 413, 412, -1,
      411, 364, 412, -1,
      412, 364, 363, -1,
      412, 363, 362, -1,
      530, 425, 404, -1,
      404, 405, 368, -1,
      368, 405, 408, -1,
      408, 407, 368, -1,
      368, 407, 406, -1,
      368, 406, 410, -1,
      413, 362, 409, -1,
      409, 362, 366, -1,
      409, 366, 410, -1,
      410, 366, 367, -1,
      410, 367, 368, -1,
      370, 369, 530, -1,
      404, 368, 530, -1,
      530, 368, 371, -1,
      530, 371, 370, -1,
      325, 288, 290, -1,
      289, 525, 291, -1,
      291, 525, 526, -1,
      291, 526, 293, -1,
      293, 526, 527, -1,
      293, 527, 294, -1,
      294, 527, 528, -1,
      294, 528, 292, -1,
      292, 528, 529, -1,
      292, 529, 290, -1,
      290, 529, 530, -1,
      290, 530, 325, -1,
      325, 530, 369, -1,
      531, 257, 532, -1,
      532, 257, 271, -1,
      532, 271, 533, -1,
      533, 271, 270, -1,
      533, 270, 534, -1,
      534, 270, 269, -1,
      534, 269, 426, -1,
      426, 269, 268, -1,
      428, 251, 535, -1,
      535, 251, 250, -1,
      535, 250, 536, -1,
      536, 250, 249, -1,
      536, 249, 537, -1,
      537, 249, 256, -1,
      534, 426, 427, -1,
      427, 428, 535, -1,
      538, 531, 539, -1,
      539, 531, 532, -1,
      539, 532, 540, -1,
      540, 532, 533, -1,
      540, 533, 541, -1,
      537, 542, 536, -1,
      536, 542, 543, -1,
      536, 543, 535, -1,
      535, 543, 544, -1,
      535, 544, 427, -1,
      427, 544, 541, -1,
      427, 541, 534, -1,
      534, 541, 533, -1,
      545, 546, 547, -1,
      547, 546, 548, -1,
      549, 550, 551, -1,
      551, 550, 552, -1,
      553, 554, 555, -1,
      114, 116, 556, -1,
      545, 547, 556, -1,
      556, 547, 553, -1,
      556, 553, 114, -1,
      114, 553, 555, -1,
      505, 506, 242, -1,
      548, 546, 557, -1,
      557, 546, 558, -1,
      506, 507, 242, -1,
      242, 507, 508, -1,
      242, 508, 557, -1,
      557, 508, 509, -1,
      557, 509, 312, -1,
      511, 512, 557, -1,
      557, 512, 513, -1,
      241, 242, 515, -1,
      515, 242, 557, -1,
      515, 557, 514, -1,
      514, 557, 513, -1,
      300, 299, 242, -1,
      242, 299, 504, -1,
      242, 504, 505, -1,
      511, 557, 510, -1,
      510, 557, 558, -1,
      510, 558, 306, -1,
      311, 313, 554, -1,
      554, 313, 555, -1,
      323, 320, 321, -1,
      308, 307, 559, -1,
      560, 310, 309, -1,
      560, 309, 308, -1,
      308, 309, 321, -1,
      321, 309, 322, -1,
      321, 322, 323, -1,
      308, 559, 560, -1,
      560, 559, 561, -1,
      560, 561, 562, -1,
      562, 561, 563, -1,
      562, 563, 564, -1,
      564, 563, 565, -1,
      564, 565, 566, -1,
      566, 565, 114, -1,
      566, 114, 555, -1,
      559, 307, 115, -1,
      115, 114, 565, -1,
      565, 563, 115, -1,
      115, 563, 561, -1,
      115, 561, 559, -1,
      300, 242, 301, -1,
      301, 242, 248, -1,
      301, 248, 302, -1,
      302, 248, 243, -1,
      302, 243, 303, -1,
      303, 243, 245, -1,
      303, 245, 304, -1,
      304, 245, 246, -1,
      304, 246, 305, -1,
      305, 246, 244, -1,
      305, 244, 298, -1,
      298, 244, 247, -1,
      310, 560, 313, -1,
      313, 560, 562, -1,
      562, 564, 313, -1,
      313, 564, 566, -1,
      313, 566, 555, -1,
      531, 234, 257, -1,
      257, 234, 233, -1,
      235, 257, 236, -1,
      236, 257, 233, -1,
      236, 233, 323, -1,
      323, 233, 320, -1,
      531, 538, 234, -1,
      234, 538, 238, -1,
      281, 240, 538, -1,
      538, 240, 239, -1,
      238, 538, 237, -1,
      237, 538, 239, -1,
      237, 239, 247, -1,
      247, 239, 298, -1,
      542, 282, 273, -1,
      542, 273, 543, -1,
      543, 273, 272, -1,
      543, 272, 544, -1,
      544, 272, 280, -1,
      544, 280, 541, -1,
      541, 280, 279, -1,
      541, 279, 540, -1,
      540, 279, 278, -1,
      540, 278, 539, -1,
      539, 278, 281, -1,
      539, 281, 538, -1,
      256, 255, 537, -1,
      537, 255, 567, -1,
      537, 567, 542, -1,
      542, 567, 568, -1,
      542, 568, 282, -1,
      282, 568, 283, -1,
      567, 255, 569, -1,
      569, 255, 267, -1,
      569, 267, 570, -1,
      570, 267, 266, -1,
      570, 266, 571, -1,
      571, 266, 265, -1,
      571, 265, 572, -1,
      572, 265, 264, -1,
      572, 264, 573, -1,
      573, 264, 263, -1,
      573, 263, 574, -1,
      574, 263, 262, -1,
      574, 575, 573, -1,
      573, 575, 576, -1,
      573, 576, 572, -1,
      572, 576, 577, -1,
      572, 577, 571, -1,
      571, 577, 578, -1,
      571, 578, 570, -1,
      570, 578, 579, -1,
      570, 579, 569, -1,
      569, 579, 580, -1,
      569, 580, 567, -1,
      567, 580, 568, -1,
      575, 287, 286, -1,
      575, 286, 576, -1,
      576, 286, 275, -1,
      576, 275, 577, -1,
      577, 275, 274, -1,
      577, 274, 578, -1,
      578, 274, 285, -1,
      578, 285, 579, -1,
      579, 285, 284, -1,
      579, 284, 580, -1,
      580, 284, 283, -1,
      580, 283, 568, -1,
      262, 261, 574, -1,
      574, 261, 524, -1,
      574, 524, 575, -1,
      575, 524, 525, -1,
      575, 525, 287, -1,
      287, 525, 289, -1,
      581, 582, 296, -1,
      296, 582, 518, -1,
      581, 296, 583, -1,
      583, 296, 297, -1,
      583, 297, 584, -1,
      582, 585, 518, -1,
      518, 585, 586, -1,
      518, 586, 587, -1,
      5, 4, 297, -1,
      297, 4, 588, -1,
      297, 588, 584, -1,
      589, 516, 590, -1,
      590, 516, 518, -1,
      590, 518, 591, -1,
      591, 518, 587, -1,
      592, 593, 351, -1,
      349, 350, 19, -1,
      594, 595, 402, -1,
      402, 595, 596, -1,
      402, 596, 597, -1,
      598, 399, 403, -1,
      277, 276, 348, -1,
      19, 350, 599, -1,
      599, 350, 353, -1,
      599, 353, 600, -1,
      601, 602, 400, -1,
      349, 19, 348, -1,
      348, 19, 18, -1,
      348, 18, 277, -1,
      601, 400, 603, -1,
      598, 403, 517, -1,
      517, 403, 375, -1,
      517, 375, 374, -1,
      597, 604, 402, -1,
      402, 604, 605, -1,
      402, 605, 351, -1,
      351, 605, 606, -1,
      351, 606, 592, -1,
      593, 607, 351, -1,
      351, 607, 608, -1,
      351, 608, 352, -1,
      352, 608, 609, -1,
      352, 609, 353, -1,
      353, 609, 610, -1,
      353, 610, 600, -1,
      399, 598, 400, -1,
      400, 598, 611, -1,
      400, 611, 603, -1,
      594, 402, 602, -1,
      602, 402, 401, -1,
      602, 401, 400, -1,
      612, 613, 614, -1,
      612, 614, 615, -1,
      615, 614, 616, -1,
      615, 616, 617, -1,
      617, 616, 618, -1,
      617, 618, 619, -1,
      619, 618, 620, -1,
      619, 620, 621, -1,
      621, 620, 516, -1,
      621, 516, 589, -1,
      613, 622, 614, -1,
      614, 622, 623, -1,
      614, 623, 616, -1,
      616, 623, 624, -1,
      616, 624, 618, -1,
      618, 624, 625, -1,
      618, 625, 620, -1,
      620, 625, 626, -1,
      620, 626, 516, -1,
      516, 626, 517, -1,
      598, 517, 626, -1,
      598, 626, 627, -1,
      627, 626, 625, -1,
      627, 625, 628, -1,
      628, 625, 624, -1,
      628, 624, 629, -1,
      629, 624, 623, -1,
      629, 623, 630, -1,
      630, 623, 622, -1,
      630, 622, 631, -1,
      5, 18, 6, -1,
      6, 18, 17, -1,
      6, 17, 7, -1,
      7, 17, 16, -1,
      7, 16, 8, -1,
      8, 16, 15, -1,
      8, 15, 9, -1,
      9, 15, 14, -1,
      9, 14, 10, -1,
      10, 14, 13, -1,
      613, 612, 632, -1,
      632, 612, 633, -1,
      634, 635, 636, -1,
      636, 635, 637, -1,
      638, 639, 636, -1,
      636, 639, 640, -1,
      636, 640, 634, -1,
      638, 641, 642, -1,
      642, 643, 638, -1,
      638, 643, 644, -1,
      638, 644, 639, -1,
      639, 644, 645, -1,
      639, 645, 646, -1,
      646, 645, 647, -1,
      646, 647, 633, -1,
      633, 647, 648, -1,
      633, 648, 632, -1,
      637, 551, 636, -1,
      636, 551, 552, -1,
      636, 552, 638, -1,
      638, 552, 649, -1,
      638, 649, 650, -1,
      650, 651, 638, -1,
      638, 651, 652, -1,
      638, 652, 641, -1,
      653, 622, 632, -1,
      632, 622, 613, -1,
      654, 655, 656, -1,
      657, 658, 659, -1,
      659, 658, 660, -1,
      659, 660, 661, -1,
      659, 662, 663, -1,
      663, 664, 659, -1,
      659, 664, 665, -1,
      659, 665, 657, -1,
      661, 666, 659, -1,
      659, 666, 550, -1,
      659, 550, 549, -1,
      655, 667, 656, -1,
      656, 667, 668, -1,
      656, 668, 669, -1,
      670, 631, 653, -1,
      653, 631, 622, -1,
      653, 671, 670, -1,
      670, 671, 672, -1,
      670, 672, 673, -1,
      673, 672, 662, -1,
      673, 662, 669, -1,
      669, 662, 659, -1,
      669, 659, 656, -1,
      656, 659, 549, -1,
      656, 549, 654, -1,
      35, 10, 39, -1,
      39, 10, 13, -1,
      674, 675, 439, -1,
      439, 675, 437, -1,
      121, 123, 443, -1,
      443, 123, 433, -1,
      443, 433, 444, -1,
      444, 433, 432, -1,
      444, 432, 445, -1,
      445, 432, 434, -1,
      445, 434, 446, -1,
      446, 434, 435, -1,
      446, 435, 447, -1,
      447, 435, 431, -1,
      447, 431, 442, -1,
      442, 431, 430, -1,
      137, 136, 141, -1,
      674, 439, 436, -1,
      442, 430, 436, -1,
      436, 430, 137, -1,
      436, 137, 674, -1,
      674, 137, 141, -1,
      173, 172, 675, -1,
      675, 172, 440, -1,
      437, 675, 438, -1,
      438, 675, 440, -1,
      438, 440, 453, -1,
      453, 440, 449, -1,
      676, 677, 678, -1,
      678, 677, 679, -1,
      129, 315, 131, -1,
      131, 315, 314, -1,
      315, 129, 680, -1,
      680, 681, 315, -1,
      315, 681, 682, -1,
      315, 682, 316, -1,
      317, 316, 682, -1,
      453, 449, 450, -1,
      453, 450, 452, -1,
      452, 450, 448, -1,
      452, 448, 451, -1,
      683, 319, 318, -1,
      451, 448, 318, -1,
      318, 448, 317, -1,
      318, 317, 683, -1,
      317, 682, 683, -1,
      683, 682, 681, -1,
      683, 681, 684, -1,
      684, 681, 680, -1,
      684, 680, 685, -1,
      685, 680, 129, -1,
      685, 129, 128, -1,
      135, 319, 683, -1,
      683, 684, 135, -1,
      135, 684, 685, -1,
      135, 685, 128, -1,
      156, 686, 687, -1,
      156, 687, 143, -1,
      143, 687, 688, -1,
      143, 688, 138, -1,
      138, 688, 689, -1,
      138, 689, 139, -1,
      139, 689, 690, -1,
      139, 690, 140, -1,
      140, 690, 691, -1,
      140, 691, 142, -1,
      142, 691, 674, -1,
      142, 674, 141, -1,
      173, 675, 174, -1,
      174, 675, 692, -1,
      174, 692, 175, -1,
      175, 692, 693, -1,
      175, 693, 181, -1,
      181, 693, 694, -1,
      181, 694, 182, -1,
      182, 694, 695, -1,
      182, 695, 161, -1,
      161, 695, 696, -1,
      161, 696, 162, -1,
      162, 696, 697, -1,
      162, 697, 163, -1,
      163, 697, 698, -1,
      686, 698, 687, -1,
      687, 698, 697, -1,
      687, 697, 688, -1,
      688, 697, 696, -1,
      688, 696, 689, -1,
      675, 674, 692, -1,
      692, 674, 691, -1,
      692, 691, 693, -1,
      693, 691, 690, -1,
      693, 690, 694, -1,
      694, 690, 689, -1,
      694, 689, 695, -1,
      695, 689, 696, -1,
      699, 686, 155, -1,
      155, 686, 156, -1,
      176, 163, 700, -1,
      700, 163, 698, -1,
      698, 686, 700, -1,
      700, 686, 699, -1,
      146, 701, 702, -1,
      146, 702, 150, -1,
      150, 702, 703, -1,
      150, 703, 151, -1,
      151, 703, 704, -1,
      151, 704, 152, -1,
      152, 704, 705, -1,
      152, 705, 153, -1,
      153, 705, 706, -1,
      153, 706, 154, -1,
      154, 706, 699, -1,
      154, 699, 155, -1,
      176, 700, 177, -1,
      177, 700, 707, -1,
      177, 707, 178, -1,
      178, 707, 708, -1,
      178, 708, 183, -1,
      183, 708, 709, -1,
      183, 709, 184, -1,
      184, 709, 710, -1,
      184, 710, 179, -1,
      179, 710, 711, -1,
      179, 711, 180, -1,
      180, 711, 712, -1,
      700, 699, 707, -1,
      707, 699, 706, -1,
      707, 706, 708, -1,
      708, 706, 705, -1,
      708, 705, 709, -1,
      709, 705, 704, -1,
      709, 704, 710, -1,
      710, 704, 703, -1,
      710, 703, 711, -1,
      711, 703, 702, -1,
      711, 702, 712, -1,
      712, 702, 701, -1,
      713, 701, 147, -1,
      147, 701, 146, -1,
      167, 180, 714, -1,
      714, 180, 712, -1,
      712, 701, 714, -1,
      714, 701, 713, -1,
      149, 148, 186, -1,
      197, 232, 715, -1,
      715, 232, 231, -1,
      715, 231, 478, -1,
      201, 200, 227, -1,
      225, 229, 197, -1,
      197, 229, 230, -1,
      197, 230, 232, -1,
      201, 227, 202, -1,
      225, 197, 226, -1,
      226, 197, 199, -1,
      226, 199, 227, -1,
      227, 199, 198, -1,
      227, 198, 202, -1,
      200, 203, 227, -1,
      227, 203, 204, -1,
      227, 204, 228, -1,
      188, 220, 206, -1,
      206, 220, 219, -1,
      206, 219, 207, -1,
      207, 219, 218, -1,
      207, 218, 208, -1,
      208, 218, 224, -1,
      208, 224, 205, -1,
      205, 224, 223, -1,
      205, 223, 204, -1,
      204, 223, 222, -1,
      204, 222, 228, -1,
      713, 147, 716, -1,
      716, 147, 160, -1,
      716, 160, 717, -1,
      717, 160, 159, -1,
      717, 159, 718, -1,
      718, 159, 158, -1,
      718, 158, 719, -1,
      719, 158, 157, -1,
      719, 157, 715, -1,
      715, 157, 149, -1,
      715, 149, 197, -1,
      197, 149, 186, -1,
      483, 468, 484, -1,
      484, 468, 467, -1,
      484, 467, 501, -1,
      501, 467, 502, -1,
      720, 479, 477, -1,
      477, 494, 170, -1,
      170, 494, 495, -1,
      170, 495, 498, -1,
      467, 466, 502, -1,
      502, 466, 472, -1,
      502, 472, 503, -1,
      503, 472, 471, -1,
      503, 471, 499, -1,
      499, 471, 470, -1,
      499, 470, 500, -1,
      500, 470, 457, -1,
      500, 457, 496, -1,
      496, 457, 456, -1,
      496, 456, 473, -1,
      473, 474, 496, -1,
      496, 474, 475, -1,
      496, 475, 476, -1,
      455, 171, 170, -1,
      498, 497, 170, -1,
      170, 497, 496, -1,
      170, 496, 455, -1,
      455, 496, 476, -1,
      477, 170, 720, -1,
      720, 170, 169, -1,
      720, 169, 721, -1,
      721, 169, 168, -1,
      721, 168, 722, -1,
      722, 168, 164, -1,
      722, 164, 723, -1,
      723, 164, 165, -1,
      723, 165, 724, -1,
      724, 165, 166, -1,
      724, 166, 725, -1,
      725, 166, 167, -1,
      725, 167, 714, -1,
      714, 713, 725, -1,
      725, 713, 716, -1,
      725, 716, 724, -1,
      724, 716, 717, -1,
      724, 717, 723, -1,
      723, 717, 718, -1,
      723, 718, 722, -1,
      722, 718, 719, -1,
      722, 719, 721, -1,
      721, 719, 715, -1,
      721, 715, 720, -1,
      720, 715, 478, -1,
      720, 478, 479, -1,
      726, 214, 727, -1,
      727, 214, 213, -1,
      213, 221, 727, -1,
      727, 221, 220, -1,
      727, 220, 728, -1,
      728, 220, 188, -1,
      728, 188, 187, -1,
      729, 730, 194, -1,
      144, 731, 732, -1,
      192, 196, 730, -1,
      730, 196, 195, -1,
      730, 195, 194, -1,
      194, 185, 729, -1,
      729, 185, 145, -1,
      729, 145, 733, -1,
      733, 145, 144, -1,
      733, 144, 734, -1,
      734, 144, 732, -1,
      210, 212, 735, -1,
      735, 212, 211, -1,
      210, 735, 209, -1,
      209, 735, 736, -1,
      209, 736, 482, -1,
      84, 83, 737, -1,
      737, 83, 482, -1,
      737, 482, 738, -1,
      738, 482, 736, -1,
      187, 189, 728, -1,
      728, 189, 190, -1,
      728, 190, 739, -1,
      739, 190, 191, -1,
      739, 191, 730, -1,
      730, 191, 193, -1,
      730, 193, 192, -1,
      211, 217, 735, -1,
      735, 217, 216, -1,
      735, 216, 726, -1,
      726, 216, 215, -1,
      726, 215, 214, -1,
      429, 740, 144, -1,
      144, 740, 731, -1,
      741, 462, 461, -1,
      485, 486, 742, -1,
      461, 469, 741, -1,
      741, 469, 468, -1,
      741, 468, 742, -1,
      742, 468, 483, -1,
      742, 483, 485, -1,
      743, 740, 744, -1,
      744, 740, 429, -1,
      744, 429, 745, -1,
      88, 90, 480, -1,
      480, 90, 746, -1,
      745, 429, 747, -1,
      747, 429, 441, -1,
      747, 441, 454, -1,
      746, 748, 480, -1,
      480, 748, 749, -1,
      480, 749, 481, -1,
      481, 749, 493, -1,
      454, 458, 747, -1,
      747, 458, 460, -1,
      747, 460, 459, -1,
      490, 491, 749, -1,
      749, 491, 492, -1,
      749, 492, 493, -1,
      459, 465, 747, -1,
      747, 465, 464, -1,
      747, 464, 741, -1,
      741, 464, 463, -1,
      741, 463, 462, -1,
      486, 487, 742, -1,
      742, 487, 488, -1,
      742, 488, 749, -1,
      749, 488, 489, -1,
      749, 489, 490, -1,
      482, 83, 480, -1,
      480, 83, 88, -1,
      750, 751, 752, -1,
      750, 752, 753, -1,
      752, 754, 755, -1,
      755, 756, 752, -1,
      752, 756, 757, -1,
      752, 757, 753, -1,
      758, 752, 759, -1,
      759, 752, 760, -1,
      759, 760, 761, -1,
      761, 760, 762, -1,
      751, 677, 752, -1,
      752, 677, 676, -1,
      752, 676, 760, -1,
      760, 676, 763, -1,
      760, 763, 762, -1,
      754, 752, 764, -1,
      764, 752, 758, -1,
      764, 758, 765, -1,
      765, 758, 766, -1,
      765, 766, 767, -1,
      768, 769, 770, -1,
      770, 769, 765, -1,
      770, 765, 771, -1,
      771, 765, 767, -1,
      732, 731, 772, -1,
      772, 731, 773, -1,
      772, 773, 770, -1,
      770, 773, 774, -1,
      770, 774, 768, -1,
      775, 773, 776, -1,
      776, 773, 731, -1,
      776, 731, 740, -1,
      777, 778, 779, -1,
      780, 781, 782, -1,
      782, 781, 783, -1,
      782, 783, 777, -1,
      777, 783, 784, -1,
      777, 784, 778, -1,
      782, 785, 786, -1,
      786, 787, 782, -1,
      782, 787, 788, -1,
      782, 788, 780, -1,
      779, 678, 777, -1,
      777, 678, 679, -1,
      777, 679, 782, -1,
      782, 679, 789, -1,
      782, 789, 790, -1,
      790, 791, 782, -1,
      782, 791, 792, -1,
      782, 792, 785, -1,
      788, 793, 780, -1,
      780, 793, 794, -1,
      780, 794, 795, -1,
      795, 794, 796, -1,
      795, 796, 797, -1,
      797, 796, 775, -1,
      797, 775, 798, -1,
      798, 775, 776, -1,
      798, 776, 799, -1,
      799, 776, 740, -1,
      799, 740, 743, -1,
      88, 83, 89, -1,
      89, 83, 85, -1,
      89, 85, 108, -1,
      118, 133, 124, -1,
      124, 133, 127, -1,
      134, 132, 119, -1,
      119, 132, 133, -1,
      119, 133, 118, -1,
      130, 120, 126, -1,
      126, 120, 125, -1,
      131, 314, 130, -1,
      130, 314, 122, -1,
      130, 122, 120, -1,
      557, 553, 548, -1,
      548, 553, 547, -1,
      311, 554, 312, -1,
      312, 554, 553, -1,
      312, 553, 557, -1,
      556, 558, 545, -1,
      545, 558, 546, -1,
      116, 117, 556, -1,
      556, 117, 306, -1,
      556, 306, 558, -1,
      736, 748, 738, -1,
      738, 748, 746, -1,
      738, 746, 737, -1,
      727, 800, 726, -1,
      726, 800, 801, -1,
      726, 801, 735, -1,
      735, 801, 742, -1,
      735, 742, 736, -1,
      736, 742, 749, -1,
      736, 749, 748, -1,
      747, 741, 730, -1,
      730, 729, 747, -1,
      747, 729, 733, -1,
      747, 733, 745, -1,
      745, 733, 734, -1,
      745, 734, 744, -1,
      728, 739, 802, -1,
      802, 739, 730, -1,
      802, 730, 803, -1,
      803, 730, 741, -1,
      84, 737, 746, -1,
      107, 86, 91, -1,
      91, 86, 84, -1,
      91, 84, 90, -1,
      90, 84, 746, -1,
      744, 734, 743, -1,
      743, 734, 732, -1,
      743, 732, 799, -1,
      799, 732, 772, -1,
      799, 772, 798, -1,
      727, 728, 800, -1,
      800, 728, 802, -1,
      800, 802, 801, -1,
      801, 802, 803, -1,
      801, 803, 742, -1,
      742, 803, 741, -1,
      804, 585, 805, -1,
      805, 585, 582, -1,
      804, 805, 806, -1,
      806, 805, 807, -1,
      806, 807, 808, -1,
      597, 596, 806, -1,
      586, 585, 804, -1,
      608, 581, 609, -1,
      609, 581, 583, -1,
      609, 583, 610, -1,
      610, 583, 584, -1,
      610, 584, 600, -1,
      600, 584, 588, -1,
      600, 588, 599, -1,
      586, 601, 587, -1,
      587, 601, 603, -1,
      587, 603, 591, -1,
      591, 603, 611, -1,
      591, 611, 590, -1,
      806, 596, 804, -1,
      596, 595, 804, -1,
      804, 595, 594, -1,
      804, 594, 586, -1,
      586, 594, 602, -1,
      586, 602, 601, -1,
      597, 806, 604, -1,
      604, 806, 808, -1,
      604, 808, 605, -1,
      807, 593, 592, -1,
      807, 592, 808, -1,
      808, 592, 606, -1,
      808, 606, 605, -1,
      593, 807, 607, -1,
      607, 807, 805, -1,
      607, 805, 608, -1,
      608, 805, 582, -1,
      608, 582, 581, -1,
      34, 40, 11, -1,
      11, 40, 12, -1,
      11, 12, 809, -1,
      809, 12, 810, -1,
      809, 810, 811, -1,
      811, 810, 812, -1,
      811, 812, 813, -1,
      813, 812, 814, -1,
      813, 814, 815, -1,
      815, 814, 816, -1,
      815, 816, 4, -1,
      4, 816, 19, -1,
      4, 19, 588, -1,
      588, 19, 599, -1,
      590, 611, 589, -1,
      589, 611, 598, -1,
      589, 598, 817, -1,
      817, 598, 818, -1,
      817, 818, 819, -1,
      819, 818, 820, -1,
      819, 820, 821, -1,
      821, 820, 822, -1,
      821, 822, 823, -1,
      823, 822, 824, -1,
      823, 824, 612, -1,
      612, 824, 631, -1,
      612, 631, 633, -1,
      633, 631, 670, -1,
      58, 60, 71, -1,
      71, 60, 100, -1,
      71, 100, 72, -1,
      72, 100, 92, -1,
      72, 92, 73, -1,
      73, 92, 93, -1,
      73, 93, 74, -1,
      74, 93, 94, -1,
      74, 94, 67, -1,
      67, 94, 99, -1,
      67, 99, 68, -1,
      68, 99, 98, -1,
      68, 98, 69, -1,
      69, 98, 97, -1,
      69, 97, 70, -1,
      70, 97, 96, -1,
      70, 96, 77, -1,
      77, 96, 95, -1,
      77, 95, 78, -1,
      78, 95, 112, -1,
      78, 112, 82, -1,
      82, 112, 110, -1,
      82, 110, 81, -1,
      81, 110, 108, -1,
      81, 108, 85, -1,
      61, 59, 64, -1,
      61, 64, 101, -1,
      101, 64, 63, -1,
      101, 63, 102, -1,
      102, 63, 103, -1,
      103, 63, 62, -1,
      103, 62, 104, -1,
      104, 62, 65, -1,
      104, 65, 105, -1,
      105, 65, 66, -1,
      105, 66, 106, -1,
      66, 75, 106, -1,
      106, 75, 76, -1,
      106, 76, 113, -1,
      113, 76, 80, -1,
      113, 80, 111, -1,
      111, 80, 79, -1,
      111, 79, 109, -1,
      109, 79, 87, -1,
      109, 87, 107, -1,
      107, 87, 86, -1,
      784, 762, 778, -1,
      778, 762, 763, -1,
      778, 763, 779, -1,
      779, 763, 676, -1,
      779, 676, 678, -1,
      766, 758, 783, -1,
      783, 758, 759, -1,
      783, 759, 784, -1,
      784, 759, 761, -1,
      784, 761, 762, -1,
      783, 781, 766, -1,
      766, 781, 780, -1,
      766, 780, 767, -1,
      767, 780, 795, -1,
      767, 795, 771, -1,
      771, 795, 797, -1,
      771, 797, 770, -1,
      770, 797, 798, -1,
      770, 798, 772, -1,
      679, 677, 789, -1,
      789, 677, 751, -1,
      789, 751, 790, -1,
      790, 751, 750, -1,
      790, 750, 791, -1,
      791, 750, 753, -1,
      791, 753, 792, -1,
      792, 753, 757, -1,
      792, 757, 785, -1,
      785, 757, 756, -1,
      785, 756, 786, -1,
      786, 756, 755, -1,
      786, 755, 787, -1,
      787, 755, 754, -1,
      787, 754, 788, -1,
      754, 764, 788, -1,
      788, 764, 765, -1,
      788, 765, 793, -1,
      793, 765, 794, -1,
      765, 769, 794, -1,
      794, 769, 768, -1,
      794, 768, 796, -1,
      796, 768, 774, -1,
      796, 774, 775, -1,
      775, 774, 773, -1,
      549, 551, 637, -1,
      549, 637, 654, -1,
      654, 637, 635, -1,
      654, 635, 655, -1,
      655, 635, 634, -1,
      655, 634, 667, -1,
      667, 634, 640, -1,
      667, 640, 668, -1,
      668, 640, 669, -1,
      669, 640, 639, -1,
      669, 639, 673, -1,
      639, 646, 673, -1,
      673, 646, 633, -1,
      673, 633, 670, -1,
      552, 550, 649, -1,
      649, 550, 666, -1,
      649, 666, 650, -1,
      650, 666, 661, -1,
      650, 661, 651, -1,
      651, 661, 660, -1,
      651, 660, 652, -1,
      652, 660, 658, -1,
      652, 658, 641, -1,
      641, 658, 657, -1,
      641, 657, 642, -1,
      642, 657, 665, -1,
      642, 665, 643, -1,
      643, 665, 664, -1,
      643, 664, 644, -1,
      644, 664, 663, -1,
      644, 663, 645, -1,
      645, 663, 662, -1,
      645, 662, 647, -1,
      647, 662, 672, -1,
      647, 672, 648, -1,
      648, 672, 671, -1,
      648, 671, 632, -1,
      632, 671, 653, -1,
      0, 2, 43, -1,
      0, 43, 20, -1,
      20, 43, 42, -1,
      20, 42, 21, -1,
      21, 42, 41, -1,
      21, 41, 31, -1,
      31, 41, 45, -1,
      31, 45, 32, -1,
      32, 45, 33, -1,
      33, 45, 44, -1,
      33, 44, 38, -1,
      44, 51, 38, -1,
      38, 51, 40, -1,
      38, 40, 34, -1,
      35, 39, 36, -1,
      36, 39, 53, -1,
      36, 53, 37, -1,
      37, 53, 52, -1,
      37, 52, 26, -1,
      26, 52, 50, -1,
      26, 50, 27, -1,
      27, 50, 49, -1,
      27, 49, 28, -1,
      28, 49, 48, -1,
      28, 48, 29, -1,
      29, 48, 47, -1,
      29, 47, 22, -1,
      22, 47, 46, -1,
      22, 46, 23, -1,
      23, 46, 57, -1,
      23, 57, 24, -1,
      24, 57, 56, -1,
      24, 56, 25, -1,
      25, 56, 55, -1,
      25, 55, 30, -1,
      30, 55, 54, -1,
      30, 54, 1, -1,
      1, 54, 3, -1,
    ]
  }
}

Shape {
  appearance Appearance {
    material Material {
      diffuseColor 0.0000 0.0000 0.0000
      specularColor 0.0000 0.0000 0.0000
      ambientIntensity 0.2
      transparency 0.0000
      shininess 0.5
    }
  }
  geometry IndexedFaceSet {
    ccw TRUE
    solid FALSE
    coord DEF co Coordinate {
      point [
        -3.540144 3.149606 1.538367,
        -3.523705 3.149606 1.536757,
        -3.470634 3.149606 1.565436,
        -3.468617 3.149606 1.571041,
        -3.508870 3.149606 1.658621,
        -3.510412 3.149606 1.658794,
        -3.411783 3.149606 1.659330,
        -3.411779 3.149606 1.658794,
        -3.640350 3.149606 1.657709,
        -3.624620 3.149606 1.657821,
        -3.640252 3.149606 1.643894,
        -3.642328 3.149606 1.551281,
        -3.642231 3.149606 1.537589,
        -3.624620 3.149606 1.605565,
        -3.636572 3.149606 1.605481,
        -3.636474 3.149606 1.591727,
        -3.624620 3.149606 1.551407,
        -3.624620 3.149606 1.591811,
        -3.593524 3.149606 1.592031,
        -3.593237 3.149606 1.551629,
        -3.624620 3.149606 1.644005,
        -3.593894 3.149606 1.644223,
        -3.593621 3.149606 1.605785,
        -3.578488 3.149606 1.658148,
        -3.577636 3.149606 1.538047,
        -3.411028 3.149606 1.552922,
        -3.458860 3.149606 1.552582,
        -3.458763 3.149606 1.538890,
        -3.395427 3.149606 1.539339,
        -3.396280 3.149606 1.659440,
        -3.396274 3.149606 1.658794,
        -3.554429 3.149606 1.655433,
        -3.548424 3.149606 1.657263,
        -3.543402 3.149606 1.658794,
        -3.624620 3.149606 1.537713,
        -3.554314 3.149606 1.639223,
        -3.553738 3.149606 1.558050,
        -3.552424 3.149606 1.640246,
        -3.482125 3.149606 1.612630,
        -3.548424 3.149606 1.555738,
        -3.486033 3.149606 1.623276,
        -3.491713 3.149606 1.631767,
        -3.480363 3.149606 1.597439,
        -3.480363 3.149606 1.596318,
        -3.541406 3.149606 1.552685,
        -3.527714 3.149606 1.550359,
        -3.540206 3.149606 1.644834,
        -3.526058 3.149606 1.646546,
        -3.520737 3.149606 1.646339,
        -3.510367 3.149606 1.644272,
        -3.548424 3.149606 1.641748,
        -3.500956 3.149606 1.639828,
        -3.493237 3.149606 1.633454,
        -3.482146 3.149606 1.581561,
        -3.485857 3.149606 1.571748,
        -3.491909 3.149606 1.563094,
        -3.502806 3.149606 1.554746,
        -3.511498 3.149606 1.551540,
        -3.522674 3.149606 1.550226,
        -3.494839 3.149606 1.560211,
        -3.527107 3.149606 1.660533,
        -3.542631 3.149606 1.659029,
        -3.496249 3.149606 1.653886,
        -3.473349 3.149606 1.632486,
        -3.481762 3.149606 1.643176,
        -3.484548 3.149606 1.645809,
        -3.467400 3.149606 1.619293,
        -3.468617 3.149606 1.621993,
        -3.466020 3.149606 1.578261,
        -3.464085 3.149606 1.596634,
        -3.464414 3.149606 1.603805,
        -3.499432 3.149606 1.539819,
        -3.488227 3.149606 1.545389,
        -3.512294 3.149606 1.536908,
        -3.479189 3.149606 1.553114,
        -3.477544 3.149606 1.554970,
        -3.520334 3.149606 1.536427,
        -3.514820 3.149606 1.536757,
        -3.553633 3.149606 1.543191,
        -3.548424 3.149606 1.541328,
        -3.717744 3.149606 1.655277,
        -3.700033 3.149606 1.657286,
        -3.759457 3.149606 1.575896,
        -3.753286 3.149606 1.563613,
        -3.762626 3.149606 1.589797,
        -3.732285 3.149606 1.650005,
        -3.745326 3.149606 1.641061,
        -3.749437 3.149606 1.636993,
        -3.756822 3.149606 1.626498,
        -3.761213 3.149606 1.615041,
        -3.763137 3.149606 1.598320,
        -3.744706 3.149606 1.553687,
        -3.742570 3.149606 1.551815,
        -3.730756 3.149606 1.544096,
        -3.716709 3.149606 1.539130,
        -3.697952 3.149606 1.537193,
        -3.664919 3.149606 1.537428,
        -3.665770 3.149606 1.657529,
        -3.526004 3.149606 1.660547,
        -3.458860 3.150000 1.552582,
        -3.458763 3.150000 1.538890,
        -3.411028 3.150000 1.552922,
        -3.411783 3.150000 1.659330,
        -3.396280 3.150000 1.659440,
        -3.395427 3.150000 1.539339,
        -3.520334 3.150000 1.536427,
        -3.540144 3.150000 1.538367,
        -3.553633 3.150000 1.543191,
        -3.553738 3.150000 1.558050,
        -3.541406 3.150000 1.552685,
        -3.527714 3.150000 1.550359,
        -3.522674 3.150000 1.550226,
        -3.511498 3.150000 1.551540,
        -3.502806 3.150000 1.554746,
        -3.494839 3.150000 1.560211,
        -3.491909 3.150000 1.563094,
        -3.485857 3.150000 1.571748,
        -3.482146 3.150000 1.581561,
        -3.480363 3.150000 1.596318,
        -3.480363 3.150000 1.597439,
        -3.482125 3.150000 1.612630,
        -3.486033 3.150000 1.623276,
        -3.491713 3.150000 1.631767,
        -3.493237 3.150000 1.633454,
        -3.500956 3.150000 1.639828,
        -3.510367 3.150000 1.644272,
        -3.520737 3.150000 1.646339,
        -3.526058 3.150000 1.646546,
        -3.554314 3.150000 1.639223,
        -3.552424 3.150000 1.640246,
        -3.540206 3.150000 1.644834,
        -3.554429 3.150000 1.655433,
        -3.542631 3.150000 1.659029,
        -3.527107 3.150000 1.660533,
        -3.526004 3.150000 1.660547,
        -3.508870 3.150000 1.658621,
        -3.496249 3.150000 1.653886,
        -3.484548 3.150000 1.645809,
        -3.481762 3.150000 1.643176,
        -3.473349 3.150000 1.632486,
        -3.467400 3.150000 1.619293,
        -3.464414 3.150000 1.603805,
        -3.464085 3.150000 1.596634,
        -3.466020 3.150000 1.578261,
        -3.470634 3.150000 1.565436,
        -3.477544 3.150000 1.554970,
        -3.479189 3.150000 1.553114,
        -3.512294 3.150000 1.536908,
        -3.499432 3.150000 1.539819,
        -3.488227 3.150000 1.545389,
        -3.642328 3.150000 1.551281,
        -3.642231 3.150000 1.537589,
        -3.593237 3.150000 1.551629,
        -3.593524 3.150000 1.592031,
        -3.636474 3.150000 1.591727,
        -3.636572 3.150000 1.605481,
        -3.593621 3.150000 1.605785,
        -3.593894 3.150000 1.644223,
        -3.640252 3.150000 1.643894,
        -3.640350 3.150000 1.657709,
        -3.578488 3.150000 1.658148,
        -3.577636 3.150000 1.538047,
        -3.746466 3.150000 1.591180,
        -3.762626 3.150000 1.589797,
        -3.746832 3.150000 1.598006,
        -3.763137 3.150000 1.598320,
        -3.745468 3.150000 1.611760,
        -3.761213 3.150000 1.615041,
        -3.742309 3.150000 1.620900,
        -3.756822 3.150000 1.626498,
        -3.737860 3.150000 1.627859,
        -3.749437 3.150000 1.636993,
        -3.733902 3.150000 1.631931,
        -3.745326 3.150000 1.641061,
        -3.724711 3.150000 1.638054,
        -3.732285 3.150000 1.650005,
        -3.714222 3.150000 1.641792,
        -3.717744 3.150000 1.655277,
        -3.699320 3.150000 1.643475,
        -3.700033 3.150000 1.657286,
        -3.681176 3.150000 1.643604,
        -3.665770 3.150000 1.657529,
        -3.680519 3.150000 1.551010,
        -3.664919 3.150000 1.537428,
        -3.697957 3.150000 1.550887,
        -3.697952 3.150000 1.537193,
        -3.713238 3.150000 1.552424,
        -3.716709 3.150000 1.539130,
        -3.723535 3.150000 1.556016,
        -3.730756 3.150000 1.544096,
        -3.731526 3.150000 1.561169,
        -3.742570 3.150000 1.551815,
        -3.733751 3.150000 1.563159,
        -3.744706 3.150000 1.553687,
        -3.740081 3.150000 1.571018,
        -3.753286 3.150000 1.563613,
        -3.744172 3.150000 1.580015,
        -3.759457 3.150000 1.575896,
        -3.699320 3.149606 1.643475,
        -3.681176 3.149606 1.643604,
        -3.680519 3.149606 1.551010,
        -3.697957 3.149606 1.550887,
        -3.733751 3.149606 1.563159,
        -3.731526 3.149606 1.561169,
        -3.723535 3.149606 1.556016,
        -3.713238 3.149606 1.552424,
        -3.746832 3.149606 1.598006,
        -3.746466 3.149606 1.591180,
        -3.744172 3.149606 1.580015,
        -3.740081 3.149606 1.571018,
        -3.733902 3.149606 1.631931,
        -3.737860 3.149606 1.627859,
        -3.742309 3.149606 1.620900,
        -3.745468 3.149606 1.611760,
        -3.714222 3.149606 1.641792,
        -3.724711 3.149606 1.638054,
      ]
    }
    coordIndex [
      99, 100, 26, -1,
      26, 100, 27, -1,
      101, 99, 25, -1,
      25, 99, 26, -1,
      101, 25, 102, -1,
      102, 25, 7, -1,
      102, 7, 6, -1,
      103, 102, 29, -1,
      29, 102, 6, -1,
      28, 104, 30, -1,
      30, 104, 103, -1,
      30, 103, 29, -1,
      100, 104, 27, -1,
      27, 104, 28, -1,
      102, 103, 101, -1,
      101, 103, 104, -1,
      101, 104, 99, -1,
      99, 104, 100, -1,
      105, 76, 1, -1,
      105, 1, 106, -1,
      1, 0, 106, -1,
      106, 0, 79, -1,
      106, 79, 107, -1,
      107, 79, 78, -1,
      108, 107, 36, -1,
      36, 107, 78, -1,
      108, 36, 39, -1,
      108, 39, 109, -1,
      39, 44, 109, -1,
      109, 44, 45, -1,
      109, 45, 110, -1,
      110, 45, 58, -1,
      110, 58, 111, -1,
      111, 58, 57, -1,
      111, 57, 112, -1,
      112, 57, 56, -1,
      112, 56, 113, -1,
      113, 56, 59, -1,
      113, 59, 114, -1,
      114, 59, 55, -1,
      114, 55, 115, -1,
      115, 55, 54, -1,
      115, 54, 116, -1,
      116, 54, 53, -1,
      116, 53, 117, -1,
      117, 53, 43, -1,
      117, 43, 118, -1,
      118, 43, 42, -1,
      118, 42, 119, -1,
      119, 42, 38, -1,
      119, 38, 120, -1,
      120, 38, 40, -1,
      120, 40, 121, -1,
      121, 40, 41, -1,
      121, 41, 122, -1,
      122, 41, 52, -1,
      122, 52, 123, -1,
      123, 52, 51, -1,
      123, 51, 124, -1,
      124, 51, 49, -1,
      124, 49, 125, -1,
      125, 49, 48, -1,
      125, 48, 126, -1,
      126, 48, 47, -1,
      126, 47, 127, -1,
      35, 128, 129, -1,
      127, 47, 46, -1,
      127, 46, 130, -1,
      130, 46, 50, -1,
      130, 50, 129, -1,
      129, 50, 37, -1,
      129, 37, 35, -1,
      131, 128, 31, -1,
      31, 128, 35, -1,
      33, 132, 32, -1,
      32, 132, 131, -1,
      32, 131, 31, -1,
      33, 61, 132, -1,
      132, 61, 60, -1,
      132, 60, 133, -1,
      133, 60, 98, -1,
      133, 98, 134, -1,
      135, 134, 5, -1,
      5, 134, 98, -1,
      5, 4, 135, -1,
      135, 4, 62, -1,
      135, 62, 136, -1,
      136, 62, 65, -1,
      136, 65, 137, -1,
      137, 65, 64, -1,
      137, 64, 138, -1,
      138, 64, 63, -1,
      138, 63, 139, -1,
      139, 63, 67, -1,
      139, 67, 140, -1,
      67, 66, 140, -1,
      140, 66, 70, -1,
      140, 70, 141, -1,
      141, 70, 69, -1,
      141, 69, 142, -1,
      142, 69, 68, -1,
      142, 68, 143, -1,
      143, 68, 3, -1,
      143, 3, 144, -1,
      3, 2, 144, -1,
      144, 2, 75, -1,
      144, 75, 145, -1,
      145, 75, 74, -1,
      145, 74, 146, -1,
      76, 105, 77, -1,
      77, 105, 147, -1,
      77, 147, 73, -1,
      73, 147, 148, -1,
      73, 148, 71, -1,
      71, 148, 149, -1,
      71, 149, 72, -1,
      72, 149, 146, -1,
      72, 146, 74, -1,
      129, 128, 131, -1,
      116, 117, 143, -1,
      120, 121, 139, -1,
      143, 117, 142, -1,
      139, 121, 138, -1,
      129, 131, 130, -1,
      130, 131, 132, -1,
      130, 132, 127, -1,
      127, 132, 133, -1,
      127, 133, 126, -1,
      126, 133, 134, -1,
      126, 134, 125, -1,
      125, 134, 135, -1,
      125, 135, 124, -1,
      107, 108, 106, -1,
      106, 108, 109, -1,
      106, 109, 105, -1,
      135, 136, 124, -1,
      124, 136, 137, -1,
      124, 137, 123, -1,
      123, 137, 138, -1,
      123, 138, 122, -1,
      122, 138, 121, -1,
      143, 144, 116, -1,
      116, 144, 145, -1,
      116, 145, 115, -1,
      115, 145, 146, -1,
      115, 146, 114, -1,
      114, 146, 149, -1,
      114, 149, 113, -1,
      113, 149, 148, -1,
      113, 148, 112, -1,
      112, 148, 147, -1,
      112, 147, 111, -1,
      111, 147, 105, -1,
      111, 105, 110, -1,
      110, 105, 109, -1,
      117, 118, 142, -1,
      142, 118, 119, -1,
      142, 119, 141, -1,
      141, 119, 120, -1,
      141, 120, 140, -1,
      140, 120, 139, -1,
      150, 151, 11, -1,
      11, 151, 12, -1,
      19, 152, 16, -1,
      16, 152, 150, -1,
      16, 150, 11, -1,
      153, 152, 18, -1,
      18, 152, 19, -1,
      15, 154, 17, -1,
      17, 154, 153, -1,
      17, 153, 18, -1,
      155, 154, 14, -1,
      14, 154, 15, -1,
      22, 156, 13, -1,
      13, 156, 155, -1,
      13, 155, 14, -1,
      157, 156, 21, -1,
      21, 156, 22, -1,
      10, 158, 20, -1,
      20, 158, 157, -1,
      20, 157, 21, -1,
      159, 158, 8, -1,
      8, 158, 10, -1,
      23, 160, 9, -1,
      9, 160, 159, -1,
      9, 159, 8, -1,
      161, 160, 24, -1,
      24, 160, 23, -1,
      12, 151, 34, -1,
      34, 151, 161, -1,
      34, 161, 24, -1,
      161, 151, 150, -1,
      150, 152, 161, -1,
      161, 152, 153, -1,
      161, 153, 160, -1,
      158, 159, 157, -1,
      157, 159, 160, -1,
      157, 160, 156, -1,
      156, 160, 153, -1,
      156, 153, 155, -1,
      155, 153, 154, -1,
      162, 163, 164, -1,
      164, 163, 165, -1,
      164, 165, 166, -1,
      166, 165, 167, -1,
      166, 167, 168, -1,
      168, 167, 169, -1,
      168, 169, 170, -1,
      170, 169, 171, -1,
      170, 171, 172, -1,
      172, 171, 173, -1,
      172, 173, 174, -1,
      174, 173, 175, -1,
      174, 175, 176, -1,
      176, 175, 177, -1,
      176, 177, 178, -1,
      178, 177, 179, -1,
      178, 179, 180, -1,
      180, 179, 181, -1,
      180, 181, 182, -1,
      182, 181, 183, -1,
      182, 183, 184, -1,
      184, 183, 185, -1,
      184, 185, 186, -1,
      186, 185, 187, -1,
      186, 187, 188, -1,
      188, 187, 189, -1,
      188, 189, 190, -1,
      190, 189, 191, -1,
      190, 191, 192, -1,
      192, 191, 193, -1,
      192, 193, 194, -1,
      194, 193, 195, -1,
      194, 195, 196, -1,
      196, 195, 197, -1,
      196, 197, 162, -1,
      162, 197, 163, -1,
      185, 183, 95, -1,
      95, 183, 96, -1,
      185, 95, 94, -1,
      185, 94, 187, -1,
      187, 94, 93, -1,
      187, 93, 189, -1,
      189, 93, 92, -1,
      189, 92, 191, -1,
      191, 92, 91, -1,
      191, 91, 193, -1,
      193, 91, 83, -1,
      193, 83, 195, -1,
      195, 83, 82, -1,
      195, 82, 197, -1,
      197, 82, 84, -1,
      197, 84, 163, -1,
      163, 84, 90, -1,
      163, 90, 165, -1,
      165, 90, 89, -1,
      165, 89, 167, -1,
      167, 89, 88, -1,
      167, 88, 169, -1,
      169, 88, 87, -1,
      169, 87, 171, -1,
      171, 87, 86, -1,
      171, 86, 173, -1,
      173, 86, 85, -1,
      173, 85, 175, -1,
      175, 85, 80, -1,
      175, 80, 177, -1,
      177, 80, 81, -1,
      177, 81, 179, -1,
      181, 179, 97, -1,
      97, 179, 81, -1,
      183, 181, 96, -1,
      96, 181, 97, -1,
      178, 180, 198, -1,
      198, 180, 199, -1,
      180, 182, 199, -1,
      199, 182, 200, -1,
      182, 184, 200, -1,
      200, 184, 201, -1,
      192, 202, 203, -1,
      192, 203, 190, -1,
      190, 203, 204, -1,
      190, 204, 188, -1,
      188, 204, 205, -1,
      188, 205, 186, -1,
      186, 205, 201, -1,
      186, 201, 184, -1,
      164, 206, 207, -1,
      164, 207, 162, -1,
      162, 207, 208, -1,
      162, 208, 196, -1,
      196, 208, 209, -1,
      196, 209, 194, -1,
      194, 209, 202, -1,
      194, 202, 192, -1,
      172, 210, 211, -1,
      172, 211, 170, -1,
      170, 211, 212, -1,
      170, 212, 168, -1,
      168, 212, 213, -1,
      168, 213, 166, -1,
      166, 213, 206, -1,
      166, 206, 164, -1,
      178, 198, 214, -1,
      178, 214, 176, -1,
      176, 214, 215, -1,
      176, 215, 174, -1,
      174, 215, 210, -1,
      174, 210, 172, -1,
    ]
  }
}

Shape {
  appearance Appearance {
    material Material {
      diffuseColor 0.8431 0.8157 0.7529
      specularColor 0.2510 0.2431 0.2275
      ambientIntensity 0.2
      transparency 0.0000
      shininess 0.5
    }
  }
  geometry IndexedFaceSet {
    ccw TRUE
    solid FALSE
    coord DEF co Coordinate {
      point [
        -3.699320 3.149606 1.643475,
        -3.681176 3.149606 1.643604,
        -3.680519 3.149606 1.551010,
        -3.697957 3.149606 1.550887,
        -3.733751 3.149606 1.563159,
        -3.731526 3.149606 1.561169,
        -3.723535 3.149606 1.556016,
        -3.713238 3.149606 1.552424,
        -3.746832 3.149606 1.598006,
        -3.746466 3.149606 1.591180,
        -3.744172 3.149606 1.580015,
        -3.740081 3.149606 1.571018,
        -3.733902 3.149606 1.631931,
        -3.737860 3.149606 1.627859,
        -3.742309 3.149606 1.620900,
        -3.745468 3.149606 1.611760,
        -3.714222 3.149606 1.641792,
        -3.724711 3.149606 1.638054,
      ]
    }
    coordIndex [
      1, 2, 0, -1,
      0, 2, 3, -1,
      0, 3, 7, -1,
      7, 6, 0, -1,
      0, 6, 5, -1,
      0, 5, 4, -1,
      4, 11, 0, -1,
      0, 11, 10, -1,
      0, 10, 9, -1,
      9, 8, 0, -1,
      0, 8, 15, -1,
      0, 15, 14, -1,
      14, 13, 0, -1,
      0, 13, 12, -1,
      0, 12, 16, -1,
      16, 12, 17, -1,
    ]
  }
}

Shape {
  appearance Appearance {
    material Material {
      diffuseColor 0.0000 0.0000 0.0000
      specularColor 0.0000 0.0000 0.0000
      ambientIntensity 0.2
      transparency 0.0000
      shininess 0.5
    }
  }
  geometry IndexedFaceSet {
    ccw TRUE
    solid FALSE
    coord DEF co Coordinate {
      point [
        -3.832537 3.149606 1.656346,
        -3.877117 3.149606 1.536757,
        -3.815958 3.149606 1.656464,
        -3.769389 3.149606 1.536757,
        -3.802674 3.149606 1.622318,
        -3.769363 3.149606 1.536687,
        -3.786493 3.149606 1.536565,
        -3.786562 3.149606 1.536757,
        -3.802674 3.149606 1.569302,
        -3.798270 3.149606 1.569333,
        -3.848281 3.149606 1.568979,
        -3.860037 3.149606 1.536757,
        -3.860298 3.149606 1.536042,
        -3.877429 3.149606 1.535920,
        -3.803278 3.150000 1.582868,
        -3.821592 3.150000 1.632660,
        -3.815958 3.150000 1.656464,
        -3.769363 3.150000 1.536687,
        -3.786493 3.150000 1.536565,
        -3.798270 3.150000 1.569333,
        -3.822657 3.150000 1.636237,
        -3.823617 3.150000 1.641058,
        -3.832537 3.150000 1.656346,
        -3.823985 3.150000 1.641056,
        -3.824920 3.150000 1.635968,
        -3.825798 3.150000 1.632631,
        -3.843588 3.150000 1.582582,
        -3.877429 3.150000 1.535920,
        -3.860298 3.150000 1.536042,
        -3.848281 3.150000 1.568979,
        -3.803278 3.149606 1.582868,
        -3.843588 3.149606 1.582582,
        -3.825798 3.149606 1.632631,
        -3.823985 3.149606 1.641056,
        -3.824920 3.149606 1.635968,
        -3.823617 3.149606 1.641058,
        -3.821592 3.149606 1.632660,
        -3.822657 3.149606 1.636237,
      ]
    }
    coordIndex [
      14, 15, 16, -1,
      17, 18, 19, -1,
      15, 20, 16, -1,
      16, 20, 21, -1,
      16, 21, 22, -1,
      22, 21, 23, -1,
      22, 23, 24, -1,
      24, 25, 22, -1,
      22, 25, 26, -1,
      22, 26, 27, -1,
      28, 27, 29, -1,
      29, 27, 26, -1,
      29, 26, 19, -1,
      19, 26, 14, -1,
      19, 14, 17, -1,
      17, 14, 16, -1,
      0, 22, 1, -1,
      1, 22, 27, -1,
      1, 27, 13, -1,
      16, 22, 2, -1,
      2, 22, 0, -1,
      3, 5, 17, -1,
      3, 17, 4, -1,
      4, 17, 16, -1,
      4, 16, 2, -1,
      18, 17, 6, -1,
      6, 17, 5, -1,
      9, 19, 7, -1,
      7, 19, 18, -1,
      7, 18, 6, -1,
      10, 29, 8, -1,
      8, 29, 19, -1,
      8, 19, 9, -1,
      29, 10, 28, -1,
      28, 10, 11, -1,
      28, 11, 12, -1,
      27, 28, 13, -1,
      13, 28, 12, -1,
      14, 26, 30, -1,
      30, 26, 31, -1,
      26, 25, 31, -1,
      31, 25, 32, -1,
      23, 33, 34, -1,
      23, 34, 24, -1,
      24, 34, 32, -1,
      24, 32, 25, -1,
      23, 21, 33, -1,
      33, 21, 35, -1,
      15, 36, 37, -1,
      15, 37, 20, -1,
      20, 37, 35, -1,
      20, 35, 21, -1,
      15, 14, 36, -1,
      36, 14, 30, -1,
    ]
  }
}

Shape {
  appearance Appearance {
    material Material {
      diffuseColor 0.8431 0.8157 0.7529
      specularColor 0.2510 0.2431 0.2275
      ambientIntensity 0.2
      transparency 0.0000
      shininess 0.5
    }
  }
  geometry IndexedFaceSet {
    ccw TRUE
    solid FALSE
    coord DEF co Coordinate {
      point [
        -3.803278 3.149606 1.582868,
        -3.843588 3.149606 1.582582,
        -3.825798 3.149606 1.632631,
        -3.823985 3.149606 1.641056,
        -3.824920 3.149606 1.635968,
        -3.823617 3.149606 1.641058,
        -3.821592 3.149606 1.632660,
        -3.822657 3.149606 1.636237,
      ]
    }
    coordIndex [
      3, 5, 4, -1,
      4, 5, 7, -1,
      4, 7, 2, -1,
      2, 7, 6, -1,
      2, 6, 1, -1,
      1, 6, 0, -1,
    ]
  }
}

Shape {
  appearance Appearance {
    material Material {
      diffuseColor 0.0000 0.0000 0.0000
      specularColor 0.0000 0.0000 0.0000
      ambientIntensity 0.2
      transparency 0.0000
      shininess 0.5
    }
  }
  geometry IndexedFaceSet {
    ccw TRUE
    solid FALSE
    coord DEF co Coordinate {
      point [
        -3.456768 3.149606 1.465401,
        -3.456692 3.149606 1.454657,
        -3.458767 3.149606 1.362044,
        -3.458670 3.149606 1.348352,
        -3.409963 3.149606 1.402795,
        -3.409677 3.149606 1.362393,
        -3.452914 3.149606 1.402490,
        -3.453011 3.149606 1.416244,
        -3.410061 3.149606 1.416549,
        -3.410334 3.149606 1.454986,
        -3.456790 3.149606 1.468473,
        -3.456784 3.149606 1.467732,
        -3.394928 3.149606 1.468911,
        -3.394920 3.149606 1.467732,
        -3.394903 3.149606 1.465401,
        -3.476472 3.149606 1.384952,
        -3.479541 3.149606 1.389215,
        -3.481912 3.149606 1.413337,
        -3.520750 3.149606 1.434824,
        -3.527056 3.149606 1.432843,
        -3.519488 3.149606 1.352501,
        -3.514133 3.149606 1.348995,
        -3.526949 3.149606 1.347868,
        -3.532022 3.149606 1.429939,
        -3.535997 3.149606 1.426059,
        -3.539031 3.149606 1.421155,
        -3.508018 3.149606 1.346834,
        -3.500256 3.149606 1.346031,
        -3.541992 3.149606 1.347761,
        -3.484231 3.149606 1.393163,
        -3.490756 3.149606 1.396387,
        -3.491576 3.149606 1.419436,
        -3.501890 3.149606 1.399011,
        -3.515200 3.149606 1.422945,
        -3.510108 3.149606 1.423515,
        -3.500998 3.149606 1.422617,
        -3.541326 3.149606 1.414253,
        -3.542384 3.149606 1.402961,
        -3.527043 3.149606 1.361131,
        -3.526644 3.149606 1.361133,
        -3.524275 3.149606 1.357583,
        -3.482016 3.149606 1.427951,
        -3.486025 3.149606 1.430182,
        -3.497406 3.149606 1.434237,
        -3.511607 3.149606 1.435724,
        -3.473300 3.149606 1.373248,
        -3.474338 3.149606 1.379685,
        -3.527336 3.149606 1.402393,
        -3.526859 3.149606 1.409048,
        -3.525343 3.149606 1.414415,
        -3.523597 3.149606 1.417526,
        -3.491264 3.149606 1.347140,
        -3.485512 3.149606 1.349355,
        -3.480471 3.149606 1.352926,
        -3.478800 3.149606 1.354643,
        -3.475708 3.149606 1.359288,
        -3.473924 3.149606 1.364390,
        -3.473232 3.149606 1.371214,
        -3.521339 3.149606 1.419961,
        -3.518681 3.149606 1.421701,
        -3.394076 3.149606 1.348810,
        -3.458767 3.150000 1.362044,
        -3.458670 3.150000 1.348352,
        -3.409677 3.150000 1.362393,
        -3.409963 3.150000 1.402795,
        -3.452914 3.150000 1.402490,
        -3.453011 3.150000 1.416244,
        -3.410061 3.150000 1.416549,
        -3.410334 3.150000 1.454986,
        -3.456692 3.150000 1.454657,
        -3.456790 3.150000 1.468473,
        -3.394928 3.150000 1.468911,
        -3.394076 3.150000 1.348810,
        -3.526949 3.150000 1.347868,
        -3.541992 3.150000 1.347761,
        -3.527043 3.150000 1.361131,
        -3.542384 3.150000 1.402961,
        -3.527336 3.150000 1.402393,
        -3.494608 3.150000 1.384707,
        -3.498231 3.150000 1.386373,
        -3.526644 3.150000 1.361133,
        -3.518725 3.150000 1.363399,
        -3.524275 3.150000 1.357583,
        -3.514454 3.150000 1.360560,
        -3.507156 3.150000 1.388351,
        -3.527254 3.150000 1.390910,
        -3.527196 3.150000 1.382682,
        -3.527174 3.150000 1.381684,
        -3.526158 3.150000 1.374979,
        -3.523913 3.150000 1.369628,
        -3.520624 3.150000 1.365229,
        -3.526859 3.150000 1.409048,
        -3.541326 3.150000 1.414253,
        -3.525343 3.150000 1.414415,
        -3.539031 3.150000 1.421155,
        -3.523597 3.150000 1.417526,
        -3.535997 3.150000 1.426059,
        -3.521339 3.150000 1.419961,
        -3.532022 3.150000 1.429939,
        -3.518681 3.150000 1.421701,
        -3.527056 3.150000 1.432843,
        -3.515200 3.150000 1.422945,
        -3.520750 3.150000 1.434824,
        -3.510108 3.150000 1.423515,
        -3.511607 3.150000 1.435724,
        -3.500998 3.150000 1.422617,
        -3.497406 3.150000 1.434237,
        -3.491576 3.150000 1.419436,
        -3.486025 3.150000 1.430182,
        -3.481912 3.150000 1.413337,
        -3.482016 3.150000 1.427951,
        -3.491517 3.150000 1.363589,
        -3.480471 3.150000 1.352926,
        -3.492787 3.150000 1.362294,
        -3.485512 3.150000 1.349355,
        -3.495770 3.150000 1.360226,
        -3.491264 3.150000 1.347140,
        -3.499165 3.150000 1.358953,
        -3.500256 3.150000 1.346031,
        -3.504242 3.150000 1.358345,
        -3.508018 3.150000 1.346834,
        -3.509878 3.150000 1.358935,
        -3.514133 3.150000 1.348995,
        -3.519488 3.150000 1.352501,
        -3.488644 3.150000 1.374721,
        -3.473300 3.150000 1.373248,
        -3.488499 3.150000 1.372334,
        -3.473232 3.150000 1.371214,
        -3.488856 3.150000 1.368878,
        -3.473924 3.150000 1.364390,
        -3.489826 3.150000 1.366137,
        -3.475708 3.150000 1.359288,
        -3.478800 3.150000 1.354643,
        -3.501890 3.150000 1.399011,
        -3.490756 3.150000 1.396387,
        -3.492567 3.150000 1.383174,
        -3.484231 3.150000 1.393163,
        -3.490751 3.150000 1.380957,
        -3.479541 3.150000 1.389215,
        -3.489411 3.150000 1.378161,
        -3.476472 3.150000 1.384952,
        -3.474338 3.150000 1.379685,
        -3.492567 3.149606 1.383174,
        -3.494608 3.149606 1.384707,
        -3.498231 3.149606 1.386373,
        -3.507156 3.149606 1.388351,
        -3.488499 3.149606 1.372334,
        -3.488644 3.149606 1.374721,
        -3.489411 3.149606 1.378161,
        -3.490751 3.149606 1.380957,
        -3.492787 3.149606 1.362294,
        -3.491517 3.149606 1.363589,
        -3.489826 3.149606 1.366137,
        -3.488856 3.149606 1.368878,
        -3.504242 3.149606 1.358345,
        -3.499165 3.149606 1.358953,
        -3.495770 3.149606 1.360226,
        -3.520624 3.149606 1.365229,
        -3.518725 3.149606 1.363399,
        -3.514454 3.149606 1.360560,
        -3.509878 3.149606 1.358935,
        -3.527196 3.149606 1.382682,
        -3.527174 3.149606 1.381684,
        -3.526158 3.149606 1.374979,
        -3.523913 3.149606 1.369628,
        -3.527254 3.149606 1.390910,
      ]
    }
    coordIndex [
      61, 62, 2, -1,
      2, 62, 3, -1,
      63, 61, 5, -1,
      5, 61, 2, -1,
      64, 63, 4, -1,
      4, 63, 5, -1,
      65, 64, 6, -1,
      6, 64, 4, -1,
      66, 65, 7, -1,
      7, 65, 6, -1,
      67, 66, 8, -1,
      8, 66, 7, -1,
      68, 67, 9, -1,
      9, 67, 8, -1,
      69, 68, 1, -1,
      1, 68, 9, -1,
      69, 1, 0, -1,
      69, 0, 70, -1,
      70, 0, 11, -1,
      70, 11, 10, -1,
      71, 70, 12, -1,
      12, 70, 10, -1,
      60, 72, 14, -1,
      14, 72, 71, -1,
      14, 71, 13, -1,
      13, 71, 12, -1,
      62, 72, 3, -1,
      3, 72, 60, -1,
      72, 62, 61, -1,
      61, 63, 72, -1,
      72, 63, 64, -1,
      72, 64, 71, -1,
      69, 70, 68, -1,
      68, 70, 71, -1,
      68, 71, 67, -1,
      67, 71, 64, -1,
      67, 64, 66, -1,
      66, 64, 65, -1,
      73, 74, 75, -1,
      75, 74, 76, -1,
      77, 78, 79, -1,
      80, 81, 82, -1,
      82, 81, 83, -1,
      84, 85, 76, -1,
      76, 85, 86, -1,
      86, 87, 76, -1,
      76, 87, 88, -1,
      76, 88, 75, -1,
      75, 88, 89, -1,
      75, 89, 80, -1,
      80, 89, 90, -1,
      80, 90, 81, -1,
      79, 84, 77, -1,
      77, 84, 76, -1,
      77, 76, 91, -1,
      91, 76, 92, -1,
      91, 92, 93, -1,
      93, 92, 94, -1,
      93, 94, 95, -1,
      95, 94, 96, -1,
      95, 96, 97, -1,
      97, 96, 98, -1,
      97, 98, 99, -1,
      99, 98, 100, -1,
      99, 100, 101, -1,
      101, 100, 102, -1,
      101, 102, 103, -1,
      103, 102, 104, -1,
      103, 104, 105, -1,
      105, 104, 106, -1,
      105, 106, 107, -1,
      107, 106, 108, -1,
      107, 108, 109, -1,
      109, 108, 110, -1,
      111, 112, 113, -1,
      113, 112, 114, -1,
      113, 114, 115, -1,
      115, 114, 116, -1,
      115, 116, 117, -1,
      117, 116, 118, -1,
      117, 118, 119, -1,
      119, 118, 120, -1,
      119, 120, 121, -1,
      121, 120, 122, -1,
      121, 122, 83, -1,
      83, 122, 123, -1,
      83, 123, 82, -1,
      124, 125, 126, -1,
      126, 125, 127, -1,
      126, 127, 128, -1,
      128, 127, 129, -1,
      128, 129, 130, -1,
      130, 129, 131, -1,
      130, 131, 111, -1,
      111, 131, 132, -1,
      111, 132, 112, -1,
      77, 133, 78, -1,
      78, 133, 134, -1,
      78, 134, 135, -1,
      135, 134, 136, -1,
      135, 136, 137, -1,
      137, 136, 138, -1,
      137, 138, 139, -1,
      139, 138, 140, -1,
      139, 140, 124, -1,
      124, 140, 141, -1,
      124, 141, 125, -1,
      104, 44, 43, -1,
      104, 43, 106, -1,
      106, 43, 42, -1,
      106, 42, 108, -1,
      108, 42, 41, -1,
      108, 41, 110, -1,
      109, 110, 17, -1,
      17, 110, 41, -1,
      109, 17, 31, -1,
      109, 31, 107, -1,
      107, 31, 35, -1,
      107, 35, 105, -1,
      105, 35, 34, -1,
      105, 34, 103, -1,
      103, 34, 33, -1,
      103, 33, 101, -1,
      101, 33, 59, -1,
      101, 59, 99, -1,
      99, 59, 58, -1,
      99, 58, 97, -1,
      97, 58, 50, -1,
      97, 50, 95, -1,
      95, 50, 49, -1,
      95, 49, 93, -1,
      93, 49, 48, -1,
      93, 48, 91, -1,
      91, 48, 47, -1,
      91, 47, 77, -1,
      133, 77, 32, -1,
      32, 77, 47, -1,
      133, 32, 30, -1,
      133, 30, 134, -1,
      134, 30, 29, -1,
      134, 29, 136, -1,
      136, 29, 16, -1,
      136, 16, 138, -1,
      138, 16, 15, -1,
      138, 15, 140, -1,
      140, 15, 46, -1,
      140, 46, 141, -1,
      141, 46, 45, -1,
      141, 45, 125, -1,
      125, 45, 57, -1,
      125, 57, 127, -1,
      127, 57, 56, -1,
      127, 56, 129, -1,
      129, 56, 55, -1,
      129, 55, 131, -1,
      131, 55, 54, -1,
      131, 54, 132, -1,
      132, 54, 53, -1,
      132, 53, 112, -1,
      112, 53, 52, -1,
      112, 52, 114, -1,
      114, 52, 51, -1,
      114, 51, 116, -1,
      116, 51, 27, -1,
      116, 27, 118, -1,
      118, 27, 26, -1,
      118, 26, 120, -1,
      120, 26, 21, -1,
      120, 21, 122, -1,
      122, 21, 20, -1,
      122, 20, 123, -1,
      123, 20, 40, -1,
      123, 40, 82, -1,
      82, 40, 39, -1,
      82, 39, 80, -1,
      75, 80, 38, -1,
      38, 80, 39, -1,
      73, 75, 22, -1,
      22, 75, 38, -1,
      74, 73, 28, -1,
      28, 73, 22, -1,
      76, 74, 37, -1,
      37, 74, 28, -1,
      76, 37, 36, -1,
      76, 36, 92, -1,
      92, 36, 25, -1,
      92, 25, 94, -1,
      94, 25, 24, -1,
      94, 24, 96, -1,
      96, 24, 23, -1,
      96, 23, 98, -1,
      98, 23, 19, -1,
      98, 19, 100, -1,
      100, 19, 18, -1,
      100, 18, 102, -1,
      102, 18, 44, -1,
      102, 44, 104, -1,
      135, 142, 143, -1,
      135, 143, 78, -1,
      78, 143, 144, -1,
      78, 144, 79, -1,
      79, 144, 145, -1,
      79, 145, 84, -1,
      126, 146, 147, -1,
      126, 147, 124, -1,
      124, 147, 148, -1,
      124, 148, 139, -1,
      139, 148, 149, -1,
      139, 149, 137, -1,
      137, 149, 142, -1,
      137, 142, 135, -1,
      113, 150, 151, -1,
      113, 151, 111, -1,
      111, 151, 152, -1,
      111, 152, 130, -1,
      130, 152, 153, -1,
      130, 153, 128, -1,
      128, 153, 146, -1,
      128, 146, 126, -1,
      119, 154, 155, -1,
      119, 155, 117, -1,
      117, 155, 156, -1,
      117, 156, 115, -1,
      115, 156, 150, -1,
      115, 150, 113, -1,
      90, 157, 158, -1,
      90, 158, 81, -1,
      81, 158, 159, -1,
      81, 159, 83, -1,
      83, 159, 160, -1,
      83, 160, 121, -1,
      121, 160, 154, -1,
      121, 154, 119, -1,
      86, 161, 162, -1,
      86, 162, 87, -1,
      87, 162, 163, -1,
      87, 163, 88, -1,
      88, 163, 164, -1,
      88, 164, 89, -1,
      89, 164, 157, -1,
      89, 157, 90, -1,
      86, 85, 161, -1,
      161, 85, 165, -1,
      85, 84, 165, -1,
      165, 84, 145, -1,
    ]
  }
}

Shape {
  appearance Appearance {
    material Material {
      diffuseColor 0.8431 0.8157 0.7529
      specularColor 0.2510 0.2431 0.2275
      ambientIntensity 0.2
      transparency 0.0000
      shininess 0.5
    }
  }
  geometry IndexedFaceSet {
    ccw TRUE
    solid FALSE
    coord DEF co Coordinate {
      point [
        -3.492567 3.149606 1.383174,
        -3.494608 3.149606 1.384707,
        -3.498231 3.149606 1.386373,
        -3.507156 3.149606 1.388351,
        -3.488499 3.149606 1.372334,
        -3.488644 3.149606 1.374721,
        -3.489411 3.149606 1.378161,
        -3.490751 3.149606 1.380957,
        -3.492787 3.149606 1.362294,
        -3.491517 3.149606 1.363589,
        -3.489826 3.149606 1.366137,
        -3.488856 3.149606 1.368878,
        -3.504242 3.149606 1.358345,
        -3.499165 3.149606 1.358953,
        -3.495770 3.149606 1.360226,
        -3.520624 3.149606 1.365229,
        -3.518725 3.149606 1.363399,
        -3.514454 3.149606 1.360560,
        -3.509878 3.149606 1.358935,
        -3.527196 3.149606 1.382682,
        -3.527174 3.149606 1.381684,
        -3.526158 3.149606 1.374979,
        -3.523913 3.149606 1.369628,
        -3.527254 3.149606 1.390910,
      ]
    }
    coordIndex [
      23, 3, 19, -1,
      19, 3, 2, -1,
      2, 1, 19, -1,
      19, 1, 0, -1,
      19, 0, 20, -1,
      20, 0, 21, -1,
      21, 0, 7, -1,
      21, 7, 22, -1,
      9, 8, 16, -1,
      9, 16, 10, -1,
      17, 16, 18, -1,
      18, 16, 12, -1,
      7, 6, 22, -1,
      22, 6, 5, -1,
      22, 5, 15, -1,
      15, 5, 4, -1,
      15, 4, 16, -1,
      16, 4, 11, -1,
      16, 11, 10, -1,
      8, 14, 16, -1,
      16, 14, 13, -1,
      16, 13, 12, -1,
    ]
  }
}

Shape {
  appearance Appearance {
    material Material {
      diffuseColor 0.0000 0.0000 0.0000
      specularColor 0.0000 0.0000 0.0000
      ambientIntensity 0.2
      transparency 0.0000
      shininess 0.5
    }
  }
  geometry IndexedFaceSet {
    ccw TRUE
    solid FALSE
    coord DEF co Coordinate {
      point [
        -3.655077 3.149606 1.331546,
        -3.661788 3.149606 1.347096,
        -3.653623 3.149606 1.368306,
        -3.881337 3.149606 1.458410,
        -3.866796 3.149606 1.463681,
        -3.851637 3.149606 1.465401,
        -3.894378 3.149606 1.449465,
        -3.898489 3.149606 1.445398,
        -3.905874 3.149606 1.434903,
        -3.908509 3.149606 1.384300,
        -3.902338 3.149606 1.372018,
        -3.893757 3.149606 1.362091,
        -3.891622 3.149606 1.360219,
        -3.879808 3.149606 1.352500,
        -3.910265 3.149606 1.423445,
        -3.912189 3.149606 1.406724,
        -3.911677 3.149606 1.398202,
        -3.865761 3.149606 1.347534,
        -3.847004 3.149606 1.345598,
        -3.813970 3.149606 1.345832,
        -3.814818 3.149606 1.465401,
        -3.814822 3.149606 1.465933,
        -3.849084 3.149606 1.465691,
        -3.785623 3.149606 1.413885,
        -3.785526 3.149606 1.400131,
        -3.791380 3.149606 1.359685,
        -3.766275 3.149606 1.359864,
        -3.789396 3.149606 1.465401,
        -3.789304 3.149606 1.452298,
        -3.766275 3.149606 1.414022,
        -3.791282 3.149606 1.345993,
        -3.766275 3.149606 1.400268,
        -3.742576 3.149606 1.400436,
        -3.742289 3.149606 1.360034,
        -3.766275 3.149606 1.452462,
        -3.742945 3.149606 1.452627,
        -3.742673 3.149606 1.414190,
        -3.789402 3.149606 1.466114,
        -3.727540 3.149606 1.466552,
        -3.766275 3.149606 1.466278,
        -3.653623 3.149606 1.409104,
        -3.667525 3.149606 1.368178,
        -3.671607 3.149606 1.368026,
        -3.766275 3.149606 1.346170,
        -3.726688 3.149606 1.346451,
        -3.664553 3.149606 1.320672,
        -3.659002 3.149606 1.314100,
        -3.669317 3.149606 1.361104,
        -3.669716 3.149606 1.361101,
        -3.670428 3.149606 1.364036,
        -3.695490 3.149606 1.432455,
        -3.727531 3.149606 1.465401,
        -3.711086 3.149606 1.432344,
        -3.671457 3.149606 1.333887,
        -3.657969 3.149606 1.313167,
        -3.653623 3.149606 1.310175,
        -3.562398 3.149606 1.350625,
        -3.562509 3.149606 1.366160,
        -3.570017 3.149606 1.347906,
        -3.568365 3.149606 1.362481,
        -3.570017 3.149606 1.361845,
        -3.570017 3.149606 1.393726,
        -3.567085 3.149606 1.396645,
        -3.565146 3.149606 1.399794,
        -3.563519 3.149606 1.404400,
        -3.562914 3.149606 1.410245,
        -3.563546 3.149606 1.415620,
        -3.569528 3.149606 1.394054,
        -3.615541 3.149606 1.384758,
        -3.618320 3.149606 1.380594,
        -3.616687 3.149606 1.416557,
        -3.619893 3.149606 1.376147,
        -3.620476 3.149606 1.370538,
        -3.572683 3.149606 1.428475,
        -3.577163 3.149606 1.431107,
        -3.565371 3.149606 1.420451,
        -3.568195 3.149606 1.424497,
        -3.570017 3.149606 1.426112,
        -3.585436 3.149606 1.434000,
        -3.596494 3.149606 1.435122,
        -3.604784 3.149606 1.434496,
        -3.616791 3.149606 1.431170,
        -3.619717 3.149606 1.364499,
        -3.617836 3.149606 1.359745,
        -3.615004 3.149606 1.355797,
        -3.610673 3.149606 1.352064,
        -3.606213 3.149606 1.349462,
        -3.597976 3.149606 1.346641,
        -3.585635 3.149606 1.345425,
        -3.573136 3.149606 1.346793,
        -3.594934 3.149606 1.422913,
        -3.590479 3.149606 1.422611,
        -3.578428 3.149606 1.411486,
        -3.586447 3.149606 1.421574,
        -3.583061 3.149606 1.419804,
        -3.578550 3.149606 1.409484,
        -3.579131 3.149606 1.407143,
        -3.580200 3.149606 1.405106,
        -3.581656 3.149606 1.403481,
        -3.586936 3.149606 1.400128,
        -3.604805 3.149606 1.421720,
        -3.596217 3.149606 1.396009,
        -3.613268 3.149606 1.418549,
        -3.602025 3.149606 1.393611,
        -3.611976 3.149606 1.387983,
        -3.580777 3.149606 1.417815,
        -3.579474 3.149606 1.415909,
        -3.578717 3.149606 1.413883,
        -3.577771 3.149606 1.358865,
        -3.585517 3.149606 1.385155,
        -3.576580 3.149606 1.389328,
        -3.587195 3.149606 1.357695,
        -3.587859 3.149606 1.357694,
        -3.595366 3.149606 1.380948,
        -3.595577 3.149606 1.358504,
        -3.605022 3.149606 1.369174,
        -3.604888 3.149606 1.371046,
        -3.599469 3.149606 1.359897,
        -3.600847 3.149606 1.360720,
        -3.602584 3.149606 1.362240,
        -3.603911 3.149606 1.364172,
        -3.604690 3.149606 1.366306,
        -3.604222 3.149606 1.373400,
        -3.603072 3.149606 1.375403,
        -3.601212 3.149606 1.377368,
        -3.628747 3.149606 1.432928,
        -3.645571 3.149606 1.432809,
        -3.631056 3.149606 1.321340,
        -3.634126 3.149606 1.320309,
        -3.652689 3.149606 1.309532,
        -3.646737 3.149606 1.307313,
        -3.640654 3.149606 1.306657,
        -3.630962 3.149606 1.307954,
        -3.637334 3.149606 1.306800,
        -3.646497 3.149606 1.321151,
        -3.649272 3.149606 1.323048,
        -3.643194 3.149606 1.319939,
        -3.639579 3.149606 1.319560,
        -3.652096 3.149606 1.326168,
        -3.653623 3.149606 1.328924,
        -3.562509 3.150000 1.366160,
        -3.568365 3.150000 1.362481,
        -3.587195 3.150000 1.357695,
        -3.577771 3.150000 1.358865,
        -3.562398 3.150000 1.350625,
        -3.585635 3.150000 1.345425,
        -3.573136 3.150000 1.346793,
        -3.597976 3.150000 1.346641,
        -3.606213 3.150000 1.349462,
        -3.610673 3.150000 1.352064,
        -3.615004 3.150000 1.355797,
        -3.617836 3.150000 1.359745,
        -3.619717 3.150000 1.364499,
        -3.620476 3.150000 1.370538,
        -3.619893 3.150000 1.376147,
        -3.618320 3.150000 1.380594,
        -3.615541 3.150000 1.384758,
        -3.611976 3.150000 1.387983,
        -3.602025 3.150000 1.393611,
        -3.596217 3.150000 1.396009,
        -3.586936 3.150000 1.400128,
        -3.581656 3.150000 1.403481,
        -3.580200 3.150000 1.405106,
        -3.579131 3.150000 1.407143,
        -3.578550 3.150000 1.409484,
        -3.578428 3.150000 1.411486,
        -3.578717 3.150000 1.413883,
        -3.579474 3.150000 1.415909,
        -3.580777 3.150000 1.417815,
        -3.583061 3.150000 1.419804,
        -3.586447 3.150000 1.421574,
        -3.590479 3.150000 1.422611,
        -3.594934 3.150000 1.422913,
        -3.604805 3.150000 1.421720,
        -3.613268 3.150000 1.418549,
        -3.616687 3.150000 1.416557,
        -3.616791 3.150000 1.431170,
        -3.604784 3.150000 1.434496,
        -3.596494 3.150000 1.435122,
        -3.585436 3.150000 1.434000,
        -3.577163 3.150000 1.431107,
        -3.572683 3.150000 1.428475,
        -3.568195 3.150000 1.424497,
        -3.565371 3.150000 1.420451,
        -3.563546 3.150000 1.415620,
        -3.562914 3.150000 1.410245,
        -3.563519 3.150000 1.404400,
        -3.565146 3.150000 1.399794,
        -3.567085 3.150000 1.396645,
        -3.585517 3.150000 1.385155,
        -3.576580 3.150000 1.389328,
        -3.569528 3.150000 1.394054,
        -3.595366 3.150000 1.380948,
        -3.601212 3.150000 1.377368,
        -3.603072 3.150000 1.375403,
        -3.604222 3.150000 1.373400,
        -3.604888 3.150000 1.371046,
        -3.605022 3.150000 1.369174,
        -3.604690 3.150000 1.366306,
        -3.603911 3.150000 1.364172,
        -3.602584 3.150000 1.362240,
        -3.600847 3.150000 1.360720,
        -3.599469 3.150000 1.359897,
        -3.595577 3.150000 1.358504,
        -3.587859 3.150000 1.357694,
        -3.695490 3.150000 1.432455,
        -3.711086 3.150000 1.432344,
        -3.671607 3.150000 1.368026,
        -3.670428 3.150000 1.364036,
        -3.669716 3.150000 1.361101,
        -3.669317 3.150000 1.361104,
        -3.667525 3.150000 1.368178,
        -3.645571 3.150000 1.432809,
        -3.628747 3.150000 1.432928,
        -3.661788 3.150000 1.347096,
        -3.655077 3.150000 1.331546,
        -3.652096 3.150000 1.326168,
        -3.649272 3.150000 1.323048,
        -3.646497 3.150000 1.321151,
        -3.643194 3.150000 1.319939,
        -3.639579 3.150000 1.319560,
        -3.634126 3.150000 1.320309,
        -3.631056 3.150000 1.321340,
        -3.630962 3.150000 1.307954,
        -3.637334 3.150000 1.306800,
        -3.640654 3.150000 1.306657,
        -3.646737 3.150000 1.307313,
        -3.652689 3.150000 1.309532,
        -3.657969 3.150000 1.313167,
        -3.659002 3.150000 1.314100,
        -3.664553 3.150000 1.320672,
        -3.671457 3.150000 1.333887,
        -3.791380 3.150000 1.359685,
        -3.791282 3.150000 1.345993,
        -3.742289 3.150000 1.360034,
        -3.742576 3.150000 1.400436,
        -3.785526 3.150000 1.400131,
        -3.785623 3.150000 1.413885,
        -3.742673 3.150000 1.414190,
        -3.742945 3.150000 1.452627,
        -3.789304 3.150000 1.452298,
        -3.789402 3.150000 1.466114,
        -3.727540 3.150000 1.466552,
        -3.726688 3.150000 1.346451,
        -3.895518 3.150000 1.399584,
        -3.911677 3.150000 1.398202,
        -3.895883 3.150000 1.406410,
        -3.912189 3.150000 1.406724,
        -3.894519 3.150000 1.420165,
        -3.910265 3.150000 1.423445,
        -3.891361 3.150000 1.429305,
        -3.905874 3.150000 1.434903,
        -3.886912 3.150000 1.436263,
        -3.898489 3.150000 1.445398,
        -3.882953 3.150000 1.440336,
        -3.894378 3.150000 1.449465,
        -3.873763 3.150000 1.446459,
        -3.881337 3.150000 1.458410,
        -3.863274 3.150000 1.450196,
        -3.866796 3.150000 1.463681,
        -3.848372 3.150000 1.451880,
        -3.849084 3.150000 1.465691,
        -3.830228 3.150000 1.452008,
        -3.814822 3.150000 1.465933,
        -3.829571 3.150000 1.359415,
        -3.813970 3.150000 1.345832,
        -3.847009 3.150000 1.359291,
        -3.847004 3.150000 1.345598,
        -3.862290 3.150000 1.360828,
        -3.865761 3.150000 1.347534,
        -3.872587 3.150000 1.364420,
        -3.879808 3.150000 1.352500,
        -3.880578 3.150000 1.369573,
        -3.891622 3.150000 1.360219,
        -3.882803 3.150000 1.371564,
        -3.893757 3.150000 1.362091,
        -3.889133 3.150000 1.379422,
        -3.902338 3.150000 1.372018,
        -3.893223 3.150000 1.388419,
        -3.908509 3.150000 1.384300,
        -3.848372 3.149606 1.451880,
        -3.830228 3.149606 1.452008,
        -3.829571 3.149606 1.359415,
        -3.847009 3.149606 1.359291,
        -3.882803 3.149606 1.371564,
        -3.880578 3.149606 1.369573,
        -3.872587 3.149606 1.364420,
        -3.862290 3.149606 1.360828,
        -3.895883 3.149606 1.406410,
        -3.895518 3.149606 1.399584,
        -3.893223 3.149606 1.388419,
        -3.889133 3.149606 1.379422,
        -3.882953 3.149606 1.440336,
        -3.886912 3.149606 1.436263,
        -3.891361 3.149606 1.429305,
        -3.894519 3.149606 1.420165,
        -3.863274 3.149606 1.450196,
        -3.873763 3.149606 1.446459,
      ]
    }
    coordIndex [
      57, 140, 141, -1,
      142, 111, 108, -1,
      142, 108, 143, -1,
      143, 108, 60, -1,
      143, 60, 141, -1,
      141, 60, 59, -1,
      141, 59, 57, -1,
      144, 140, 56, -1,
      56, 140, 57, -1,
      88, 145, 146, -1,
      144, 56, 58, -1,
      144, 58, 146, -1,
      146, 58, 89, -1,
      146, 89, 88, -1,
      145, 88, 87, -1,
      145, 87, 147, -1,
      147, 87, 86, -1,
      147, 86, 148, -1,
      148, 86, 85, -1,
      148, 85, 149, -1,
      149, 85, 84, -1,
      149, 84, 150, -1,
      150, 84, 83, -1,
      150, 83, 151, -1,
      151, 83, 82, -1,
      151, 82, 152, -1,
      152, 82, 72, -1,
      152, 72, 153, -1,
      153, 72, 71, -1,
      153, 71, 154, -1,
      154, 71, 69, -1,
      154, 69, 155, -1,
      155, 69, 68, -1,
      155, 68, 156, -1,
      156, 68, 104, -1,
      156, 104, 157, -1,
      157, 104, 103, -1,
      157, 103, 158, -1,
      158, 103, 101, -1,
      158, 101, 159, -1,
      159, 101, 99, -1,
      159, 99, 160, -1,
      160, 99, 98, -1,
      160, 98, 161, -1,
      161, 98, 97, -1,
      161, 97, 162, -1,
      162, 97, 96, -1,
      162, 96, 163, -1,
      163, 96, 95, -1,
      163, 95, 164, -1,
      164, 95, 92, -1,
      164, 92, 165, -1,
      165, 92, 107, -1,
      165, 107, 166, -1,
      166, 107, 106, -1,
      166, 106, 167, -1,
      167, 106, 105, -1,
      167, 105, 168, -1,
      168, 105, 94, -1,
      168, 94, 169, -1,
      169, 94, 93, -1,
      169, 93, 170, -1,
      170, 93, 91, -1,
      170, 91, 171, -1,
      171, 91, 90, -1,
      171, 90, 172, -1,
      172, 90, 100, -1,
      172, 100, 173, -1,
      173, 100, 102, -1,
      173, 102, 174, -1,
      174, 102, 70, -1,
      174, 70, 175, -1,
      176, 175, 81, -1,
      81, 175, 70, -1,
      176, 81, 80, -1,
      176, 80, 177, -1,
      177, 80, 79, -1,
      177, 79, 178, -1,
      178, 79, 78, -1,
      178, 78, 179, -1,
      179, 78, 74, -1,
      179, 74, 180, -1,
      180, 74, 73, -1,
      180, 73, 181, -1,
      182, 181, 77, -1,
      77, 181, 73, -1,
      77, 76, 182, -1,
      182, 76, 75, -1,
      182, 75, 183, -1,
      183, 75, 66, -1,
      183, 66, 184, -1,
      184, 66, 65, -1,
      184, 65, 185, -1,
      185, 65, 64, -1,
      185, 64, 186, -1,
      186, 64, 63, -1,
      186, 63, 187, -1,
      187, 63, 62, -1,
      187, 62, 188, -1,
      109, 189, 190, -1,
      188, 62, 67, -1,
      188, 67, 191, -1,
      191, 67, 61, -1,
      191, 61, 190, -1,
      190, 61, 110, -1,
      190, 110, 109, -1,
      189, 109, 113, -1,
      189, 113, 192, -1,
      192, 113, 124, -1,
      192, 124, 193, -1,
      193, 124, 123, -1,
      193, 123, 194, -1,
      194, 123, 122, -1,
      194, 122, 195, -1,
      195, 122, 116, -1,
      195, 116, 196, -1,
      196, 116, 115, -1,
      196, 115, 197, -1,
      197, 115, 121, -1,
      197, 121, 198, -1,
      198, 121, 120, -1,
      198, 120, 199, -1,
      199, 120, 119, -1,
      199, 119, 200, -1,
      200, 119, 118, -1,
      200, 118, 201, -1,
      201, 118, 117, -1,
      201, 117, 202, -1,
      202, 117, 114, -1,
      202, 114, 203, -1,
      203, 114, 112, -1,
      203, 112, 204, -1,
      204, 112, 111, -1,
      204, 111, 142, -1,
      168, 169, 180, -1,
      180, 169, 179, -1,
      192, 159, 189, -1,
      189, 159, 160, -1,
      148, 149, 200, -1,
      200, 149, 150, -1,
      200, 150, 199, -1,
      199, 150, 151, -1,
      199, 151, 198, -1,
      198, 151, 152, -1,
      198, 152, 197, -1,
      197, 152, 153, -1,
      197, 153, 196, -1,
      196, 153, 154, -1,
      196, 154, 195, -1,
      195, 154, 155, -1,
      195, 155, 194, -1,
      194, 155, 156, -1,
      194, 156, 193, -1,
      193, 156, 157, -1,
      193, 157, 192, -1,
      192, 157, 158, -1,
      192, 158, 159, -1,
      145, 142, 146, -1,
      146, 142, 143, -1,
      146, 143, 144, -1,
      144, 143, 141, -1,
      144, 141, 140, -1,
      169, 170, 179, -1,
      179, 170, 171, -1,
      179, 171, 178, -1,
      178, 171, 172, -1,
      178, 172, 177, -1,
      177, 172, 173, -1,
      177, 173, 176, -1,
      176, 173, 174, -1,
      176, 174, 175, -1,
      200, 201, 148, -1,
      148, 201, 202, -1,
      148, 202, 147, -1,
      147, 202, 203, -1,
      147, 203, 145, -1,
      145, 203, 204, -1,
      145, 204, 142, -1,
      180, 181, 168, -1,
      168, 181, 182, -1,
      168, 182, 167, -1,
      167, 182, 183, -1,
      167, 183, 166, -1,
      166, 183, 184, -1,
      166, 184, 165, -1,
      165, 184, 185, -1,
      165, 185, 164, -1,
      164, 185, 186, -1,
      164, 186, 163, -1,
      163, 186, 187, -1,
      163, 187, 162, -1,
      162, 187, 188, -1,
      162, 188, 161, -1,
      161, 188, 191, -1,
      161, 191, 160, -1,
      160, 191, 190, -1,
      160, 190, 189, -1,
      205, 206, 50, -1,
      50, 206, 52, -1,
      207, 205, 42, -1,
      42, 205, 50, -1,
      207, 42, 49, -1,
      207, 49, 208, -1,
      208, 49, 48, -1,
      208, 48, 209, -1,
      210, 209, 47, -1,
      47, 209, 48, -1,
      211, 210, 41, -1,
      41, 210, 47, -1,
      126, 212, 40, -1,
      40, 212, 211, -1,
      40, 211, 41, -1,
      213, 212, 125, -1,
      125, 212, 126, -1,
      1, 214, 2, -1,
      2, 214, 213, -1,
      2, 213, 125, -1,
      215, 214, 0, -1,
      0, 214, 1, -1,
      215, 0, 139, -1,
      215, 139, 216, -1,
      139, 138, 216, -1,
      216, 138, 135, -1,
      216, 135, 217, -1,
      217, 135, 134, -1,
      217, 134, 218, -1,
      218, 134, 136, -1,
      218, 136, 219, -1,
      219, 136, 137, -1,
      219, 137, 220, -1,
      220, 137, 128, -1,
      220, 128, 221, -1,
      221, 128, 127, -1,
      221, 127, 222, -1,
      223, 222, 132, -1,
      132, 222, 127, -1,
      223, 132, 133, -1,
      223, 133, 224, -1,
      224, 133, 131, -1,
      224, 131, 225, -1,
      225, 131, 130, -1,
      225, 130, 226, -1,
      226, 130, 129, -1,
      226, 129, 227, -1,
      227, 129, 55, -1,
      227, 55, 228, -1,
      55, 54, 228, -1,
      228, 54, 46, -1,
      228, 46, 229, -1,
      229, 46, 45, -1,
      229, 45, 230, -1,
      230, 45, 53, -1,
      230, 53, 231, -1,
      206, 231, 52, -1,
      52, 231, 53, -1,
      208, 209, 231, -1,
      206, 205, 231, -1,
      231, 205, 207, -1,
      231, 207, 208, -1,
      212, 213, 211, -1,
      211, 213, 214, -1,
      211, 214, 210, -1,
      230, 216, 229, -1,
      229, 216, 217, -1,
      222, 223, 221, -1,
      221, 223, 224, -1,
      221, 224, 220, -1,
      220, 224, 225, -1,
      220, 225, 219, -1,
      219, 225, 226, -1,
      219, 226, 218, -1,
      218, 226, 227, -1,
      218, 227, 217, -1,
      217, 227, 228, -1,
      217, 228, 229, -1,
      209, 210, 231, -1,
      231, 210, 214, -1,
      231, 214, 230, -1,
      230, 214, 215, -1,
      230, 215, 216, -1,
      232, 233, 25, -1,
      25, 233, 30, -1,
      33, 234, 26, -1,
      26, 234, 232, -1,
      26, 232, 25, -1,
      235, 234, 32, -1,
      32, 234, 33, -1,
      24, 236, 31, -1,
      31, 236, 235, -1,
      31, 235, 32, -1,
      237, 236, 23, -1,
      23, 236, 24, -1,
      36, 238, 29, -1,
      29, 238, 237, -1,
      29, 237, 23, -1,
      239, 238, 35, -1,
      35, 238, 36, -1,
      28, 240, 34, -1,
      34, 240, 239, -1,
      34, 239, 35, -1,
      240, 28, 241, -1,
      241, 28, 27, -1,
      241, 27, 37, -1,
      38, 242, 39, -1,
      39, 242, 241, -1,
      39, 241, 37, -1,
      44, 243, 51, -1,
      51, 243, 242, -1,
      51, 242, 38, -1,
      30, 233, 43, -1,
      43, 233, 243, -1,
      43, 243, 44, -1,
      243, 233, 232, -1,
      232, 234, 243, -1,
      243, 234, 235, -1,
      243, 235, 242, -1,
      240, 241, 239, -1,
      239, 241, 242, -1,
      239, 242, 238, -1,
      238, 242, 235, -1,
      238, 235, 237, -1,
      237, 235, 236, -1,
      244, 245, 246, -1,
      246, 245, 247, -1,
      246, 247, 248, -1,
      248, 247, 249, -1,
      248, 249, 250, -1,
      250, 249, 251, -1,
      250, 251, 252, -1,
      252, 251, 253, -1,
      252, 253, 254, -1,
      254, 253, 255, -1,
      254, 255, 256, -1,
      256, 255, 257, -1,
      256, 257, 258, -1,
      258, 257, 259, -1,
      258, 259, 260, -1,
      260, 259, 261, -1,
      260, 261, 262, -1,
      262, 261, 263, -1,
      262, 263, 264, -1,
      264, 263, 265, -1,
      264, 265, 266, -1,
      266, 265, 267, -1,
      266, 267, 268, -1,
      268, 267, 269, -1,
      268, 269, 270, -1,
      270, 269, 271, -1,
      270, 271, 272, -1,
      272, 271, 273, -1,
      272, 273, 274, -1,
      274, 273, 275, -1,
      274, 275, 276, -1,
      276, 275, 277, -1,
      276, 277, 278, -1,
      278, 277, 279, -1,
      278, 279, 244, -1,
      244, 279, 245, -1,
      267, 265, 18, -1,
      18, 265, 19, -1,
      267, 18, 17, -1,
      267, 17, 269, -1,
      269, 17, 13, -1,
      269, 13, 271, -1,
      271, 13, 12, -1,
      271, 12, 273, -1,
      273, 12, 11, -1,
      273, 11, 275, -1,
      275, 11, 10, -1,
      275, 10, 277, -1,
      277, 10, 9, -1,
      277, 9, 279, -1,
      279, 9, 16, -1,
      279, 16, 245, -1,
      245, 16, 15, -1,
      245, 15, 247, -1,
      247, 15, 14, -1,
      247, 14, 249, -1,
      249, 14, 8, -1,
      249, 8, 251, -1,
      251, 8, 7, -1,
      251, 7, 253, -1,
      253, 7, 6, -1,
      253, 6, 255, -1,
      22, 261, 5, -1,
      5, 261, 259, -1,
      5, 259, 4, -1,
      4, 259, 257, -1,
      4, 257, 3, -1,
      3, 257, 255, -1,
      3, 255, 6, -1,
      263, 261, 21, -1,
      21, 261, 22, -1,
      19, 265, 20, -1,
      20, 265, 263, -1,
      20, 263, 21, -1,
      260, 262, 280, -1,
      280, 262, 281, -1,
      262, 264, 281, -1,
      281, 264, 282, -1,
      264, 266, 282, -1,
      282, 266, 283, -1,
      274, 284, 285, -1,
      274, 285, 272, -1,
      272, 285, 286, -1,
      272, 286, 270, -1,
      270, 286, 287, -1,
      270, 287, 268, -1,
      268, 287, 283, -1,
      268, 283, 266, -1,
      246, 288, 289, -1,
      246, 289, 244, -1,
      244, 289, 290, -1,
      244, 290, 278, -1,
      278, 290, 291, -1,
      278, 291, 276, -1,
      276, 291, 284, -1,
      276, 284, 274, -1,
      254, 292, 293, -1,
      254, 293, 252, -1,
      252, 293, 294, -1,
      252, 294, 250, -1,
      250, 294, 295, -1,
      250, 295, 248, -1,
      248, 295, 288, -1,
      248, 288, 246, -1,
      260, 280, 296, -1,
      260, 296, 258, -1,
      258, 296, 297, -1,
      258, 297, 256, -1,
      256, 297, 292, -1,
      256, 292, 254, -1,
    ]
  }
}

Shape {
  appearance Appearance {
    material Material {
      diffuseColor 0.8431 0.8157 0.7529
      specularColor 0.2510 0.2431 0.2275
      ambientIntensity 0.2
      transparency 0.0000
      shininess 0.5
    }
  }
  geometry IndexedFaceSet {
    ccw TRUE
    solid FALSE
    coord DEF co Coordinate {
      point [
        -3.848372 3.149606 1.451880,
        -3.830228 3.149606 1.452008,
        -3.829571 3.149606 1.359415,
        -3.847009 3.149606 1.359291,
        -3.882803 3.149606 1.371564,
        -3.880578 3.149606 1.369573,
        -3.872587 3.149606 1.364420,
        -3.862290 3.149606 1.360828,
        -3.895883 3.149606 1.406410,
        -3.895518 3.149606 1.399584,
        -3.893223 3.149606 1.388419,
        -3.889133 3.149606 1.379422,
        -3.882953 3.149606 1.440336,
        -3.886912 3.149606 1.436263,
        -3.891361 3.149606 1.429305,
        -3.894519 3.149606 1.420165,
        -3.863274 3.149606 1.450196,
        -3.873763 3.149606 1.446459,
      ]
    }
    coordIndex [
      1, 2, 0, -1,
      0, 2, 3, -1,
      0, 3, 7, -1,
      7, 6, 0, -1,
      0, 6, 5, -1,
      0, 5, 4, -1,
      4, 11, 0, -1,
      0, 11, 10, -1,
      0, 10, 9, -1,
      9, 8, 0, -1,
      0, 8, 15, -1,
      0, 15, 14, -1,
      14, 13, 0, -1,
      0, 13, 12, -1,
      0, 12, 16, -1,
      16, 12, 17, -1,
    ]
  }
}

Shape {
  appearance Appearance {
    material Material {
      diffuseColor 0.0000 0.0000 0.0000
      specularColor 0.0000 0.0000 0.0000
      ambientIntensity 0.2
      transparency 0.0000
      shininess 0.5
    }
  }
  geometry IndexedFaceSet {
    ccw TRUE
    solid FALSE
    coord DEF co Coordinate {
      point [
        -4.009350 3.149606 1.344446,
        -3.997333 3.149606 1.377383,
        -3.947321 3.149606 1.377738,
        -3.935545 3.149606 1.344970,
        -3.918414 3.149606 1.345091,
        -3.965010 3.149606 1.464868,
        -3.981589 3.149606 1.464751,
        -4.026481 3.149606 1.344325,
        -3.952330 3.150000 1.391273,
        -3.970644 3.150000 1.441065,
        -3.965010 3.150000 1.464868,
        -3.918414 3.150000 1.345091,
        -3.935545 3.150000 1.344970,
        -3.947321 3.150000 1.377738,
        -3.971709 3.150000 1.444642,
        -3.972668 3.150000 1.449463,
        -3.981589 3.150000 1.464751,
        -3.973037 3.150000 1.449460,
        -3.973972 3.150000 1.444372,
        -3.974850 3.150000 1.441035,
        -3.992640 3.150000 1.390987,
        -4.026481 3.150000 1.344325,
        -4.009350 3.150000 1.344446,
        -3.997333 3.150000 1.377383,
        -3.952330 3.149606 1.391273,
        -3.992640 3.149606 1.390987,
        -3.974850 3.149606 1.441035,
        -3.973037 3.149606 1.449460,
        -3.973972 3.149606 1.444372,
        -3.972668 3.149606 1.449463,
        -3.970644 3.149606 1.441065,
        -3.971709 3.149606 1.444642,
      ]
    }
    coordIndex [
      8, 9, 10, -1,
      11, 12, 13, -1,
      9, 14, 10, -1,
      10, 14, 15, -1,
      10, 15, 16, -1,
      16, 15, 17, -1,
      16, 17, 18, -1,
      18, 19, 16, -1,
      16, 19, 20, -1,
      16, 20, 21, -1,
      22, 21, 23, -1,
      23, 21, 20, -1,
      23, 20, 13, -1,
      13, 20, 8, -1,
      13, 8, 11, -1,
      11, 8, 10, -1,
      16, 21, 6, -1,
      6, 21, 7, -1,
      10, 16, 5, -1,
      5, 16, 6, -1,
      11, 10, 4, -1,
      4, 10, 5, -1,
      12, 11, 3, -1,
      3, 11, 4, -1,
      13, 12, 2, -1,
      2, 12, 3, -1,
      23, 13, 1, -1,
      1, 13, 2, -1,
      22, 23, 0, -1,
      0, 23, 1, -1,
      21, 22, 7, -1,
      7, 22, 0, -1,
      8, 20, 24, -1,
      24, 20, 25, -1,
      20, 19, 25, -1,
      25, 19, 26, -1,
      17, 27, 28, -1,
      17, 28, 18, -1,
      18, 28, 26, -1,
      18, 26, 19, -1,
      17, 15, 27, -1,
      27, 15, 29, -1,
      9, 30, 31, -1,
      9, 31, 14, -1,
      14, 31, 29, -1,
      14, 29, 15, -1,
      9, 8, 30, -1,
      30, 8, 24, -1,
    ]
  }
}

Shape {
  appearance Appearance {
    material Material {
      diffuseColor 0.8431 0.8157 0.7529
      specularColor 0.2510 0.2431 0.2275
      ambientIntensity 0.2
      transparency 0.0000
      shininess 0.5
    }
  }
  geometry IndexedFaceSet {
    ccw TRUE
    solid FALSE
    coord DEF co Coordinate {
      point [
        -3.952330 3.149606 1.391273,
        -3.992640 3.149606 1.390987,
        -3.974850 3.149606 1.441035,
        -3.973037 3.149606 1.449460,
        -3.973972 3.149606 1.444372,
        -3.972668 3.149606 1.449463,
        -3.970644 3.149606 1.441065,
        -3.971709 3.149606 1.444642,
      ]
    }
    coordIndex [
      3, 5, 4, -1,
      4, 5, 7, -1,
      4, 7, 2, -1,
      2, 7, 6, -1,
      2, 6, 1, -1,
      1, 6, 0, -1,
    ]
  }
}

Shape {
  appearance Appearance {
    material Material {
      diffuseColor 0.0000 0.0000 0.0000
      specularColor 0.0000 0.0000 0.0000
      ambientIntensity 0.2
      transparency 0.0000
      shininess 0.5
    }
  }
  geometry IndexedFaceSet {
    ccw TRUE
    solid FALSE
    coord DEF co Coordinate {
      point [
        -3.282512 3.149606 1.522859,
        -3.290562 3.149606 1.502416,
        -2.951422 3.149606 1.465401,
        -3.055352 3.149606 1.465401,
        -3.059892 3.149606 1.467732,
        -2.969570 3.149606 1.674287,
        -2.977907 3.149606 1.677436,
        -3.167184 3.149606 1.648886,
        -3.195120 3.149606 1.616127,
        -3.212817 3.149606 1.581100,
        -3.216826 3.149606 1.579724,
        -3.086539 3.149606 1.690165,
        -3.121859 3.149606 1.677436,
        -3.129284 3.149606 1.674760,
        -3.152670 3.149606 1.658794,
        -3.009051 3.149606 1.689200,
        -3.051368 3.149606 1.694113,
        -2.945413 3.149606 1.658794,
        -2.948663 3.149606 1.661537,
        -2.857454 3.149606 1.622143,
        -2.891196 3.149606 1.626078,
        -2.928474 3.149606 1.644494,
        -2.901013 3.149606 1.625475,
        -2.910824 3.149606 1.624231,
        -2.792706 3.149606 1.585787,
        -2.798454 3.149606 1.591154,
        -2.825740 3.149606 1.610069,
        -2.753215 3.149606 1.502416,
        -2.758104 3.149606 1.528843,
        -2.761670 3.149606 1.536757,
        -2.771922 3.149606 1.559505,
        -2.755812 3.149606 1.455103,
        -2.754609 3.149606 1.465401,
        -2.754336 3.149606 1.467732,
        -2.751882 3.149606 1.488726,
        -2.752173 3.149606 1.496787,
        -3.125616 3.149606 1.400079,
        -3.131492 3.149606 1.402352,
        -3.141870 3.149606 1.450949,
        -3.120339 3.149606 1.396394,
        -2.813494 3.149606 1.372537,
        -2.787086 3.149606 1.395396,
        -3.138115 3.149606 1.403154,
        -3.138946 3.149606 1.403088,
        -3.141503 3.149606 1.402502,
        -3.131227 3.149606 1.351033,
        -3.015828 3.149606 1.349337,
        -3.136032 3.149606 1.350224,
        -3.186413 3.149606 1.349867,
        -3.111456 3.149606 1.376870,
        -3.111697 3.149606 1.380239,
        -3.021874 3.149606 1.388607,
        -3.113458 3.149606 1.386726,
        -3.116783 3.149606 1.392529,
        -2.767857 3.149606 1.423235,
        -3.125594 3.149606 1.353296,
        -3.120084 3.149606 1.357273,
        -3.118113 3.149606 1.359308,
        -3.114430 3.149606 1.364698,
        -3.112221 3.149606 1.370504,
        -3.021188 3.149606 1.370327,
        -3.021814 3.149606 1.380068,
        -3.226231 3.149606 1.423414,
        -3.235639 3.149606 1.436720,
        -3.241542 3.149606 1.451931,
        -3.133554 3.149606 1.465401,
        -3.264391 3.149606 1.387741,
        -3.241087 3.149606 1.368283,
        -2.890887 3.149606 1.308191,
        -2.874602 3.149606 1.321320,
        -2.862456 3.149606 1.337353,
        -3.005384 3.149606 1.330460,
        -3.214950 3.149606 1.355699,
        -3.143232 3.149606 1.402264,
        -3.181658 3.149606 1.401991,
        -3.195831 3.149606 1.404467,
        -2.990761 3.149606 1.314928,
        -2.973387 3.149606 1.303750,
        -2.954111 3.149606 1.297136,
        -2.855108 3.149606 1.353924,
        -2.844237 3.149606 1.357265,
        -3.211083 3.149606 1.411063,
        -3.223976 3.149606 1.421056,
        -3.296122 3.149606 1.465401,
        -3.292461 3.149606 1.438321,
        -3.281571 3.149606 1.411348,
        -2.935817 3.149606 1.295283,
        -2.930294 3.149606 1.295495,
        -2.910257 3.149606 1.299297,
        -3.243260 3.149606 1.465401,
        -3.243557 3.149606 1.467732,
        -3.132212 3.149606 1.467732,
        -3.243612 3.149606 1.468160,
        -2.809194 3.149606 1.467732,
        -2.806855 3.149606 1.475395,
        -3.115720 3.149606 1.496393,
        -2.805691 3.149606 1.490053,
        -2.807120 3.149606 1.502416,
        -3.243323 3.149606 1.474881,
        -3.239618 3.149606 1.491360,
        -3.233917 3.149606 1.502416,
        -2.969902 3.149606 1.460185,
        -2.987636 3.149606 1.449954,
        -3.000872 3.149606 1.437431,
        -2.867340 3.149606 1.431402,
        -2.881962 3.149606 1.447000,
        -2.809905 3.149606 1.465401,
        -2.899832 3.149606 1.458527,
        -2.918899 3.149606 1.465069,
        -2.922150 3.149606 1.465401,
        -2.937035 3.149606 1.466919,
        -2.949531 3.149606 1.465935,
        -2.813234 3.149606 1.454495,
        -2.824470 3.149606 1.436193,
        -2.857463 3.149606 1.413891,
        -2.840137 3.149606 1.420920,
        -2.856368 3.149606 1.411130,
        -2.814690 3.149606 1.527498,
        -2.807803 3.149606 1.508319,
        -3.170648 3.149606 1.535286,
        -3.177480 3.149606 1.535237,
        -3.231937 3.149606 1.506259,
        -3.221565 3.149606 1.518094,
        -3.208358 3.149606 1.527386,
        -3.193477 3.149606 1.533178,
        -3.152370 3.149606 1.587083,
        -3.133191 3.149606 1.610158,
        -2.936853 3.149606 1.561708,
        -3.131474 3.149606 1.611741,
        -3.107617 3.149606 1.628591,
        -2.950144 3.149606 1.588710,
        -2.820834 3.149606 1.536757,
        -2.928408 3.149606 1.566241,
        -3.170333 3.149606 1.536757,
        -3.165452 3.149606 1.559527,
        -2.909245 3.149606 1.572796,
        -2.891687 3.149606 1.574838,
        -2.881937 3.149606 1.574350,
        -2.969478 3.149606 1.611439,
        -3.080923 3.149606 1.639072,
        -2.992328 3.149606 1.627888,
        -3.051858 3.149606 1.642872,
        -3.020288 3.149606 1.639019,
        -2.860874 3.149606 1.569289,
        -2.841851 3.149606 1.559113,
        -2.826113 3.149606 1.544712,
        -3.292807 3.149606 1.496715,
        -3.296560 3.149606 1.468639,
        -3.296438 3.149606 1.467732,
        -3.242164 3.149606 1.566972,
        -3.265219 3.149606 1.547250,
        -3.272658 3.149606 1.536757,
        -3.141870 3.150000 1.450949,
        -3.115720 3.150000 1.496393,
        -3.000872 3.150000 1.437431,
        -2.942903 3.150000 1.412306,
        -2.950813 3.150000 1.409411,
        -2.841851 3.150000 1.559113,
        -2.860874 3.150000 1.569289,
        -2.857454 3.150000 1.622143,
        -2.902331 3.150000 1.377611,
        -2.902815 3.150000 1.385930,
        -2.856368 3.150000 1.411130,
        -2.910824 3.150000 1.624231,
        -2.936853 3.150000 1.561708,
        -2.950144 3.150000 1.588710,
        -2.890887 3.150000 1.308191,
        -2.874602 3.150000 1.321320,
        -2.862456 3.150000 1.337353,
        -2.891196 3.150000 1.626078,
        -2.949531 3.150000 1.465935,
        -2.937035 3.150000 1.466919,
        -2.927441 3.150000 1.412117,
        -2.957649 3.150000 1.404725,
        -2.963107 3.150000 1.398546,
        -3.021874 3.150000 1.388607,
        -2.857463 3.150000 1.413891,
        -2.905388 3.150000 1.393949,
        -2.867340 3.150000 1.431402,
        -2.909852 3.150000 1.400981,
        -2.881962 3.150000 1.447000,
        -2.913253 3.150000 1.404526,
        -2.899832 3.150000 1.458527,
        -2.969902 3.150000 1.460185,
        -2.919963 3.150000 1.409226,
        -2.918899 3.150000 1.465069,
        -3.170648 3.150000 1.535286,
        -3.177480 3.150000 1.535237,
        -3.212817 3.150000 1.581100,
        -3.193477 3.150000 1.533178,
        -3.216826 3.150000 1.579724,
        -3.208358 3.150000 1.527386,
        -3.296560 3.150000 1.468639,
        -3.292807 3.150000 1.496715,
        -3.239618 3.150000 1.491360,
        -2.928474 3.150000 1.644494,
        -2.969478 3.150000 1.611439,
        -2.948663 3.150000 1.661537,
        -2.992328 3.150000 1.627888,
        -2.969570 3.150000 1.674287,
        -2.840137 3.150000 1.420920,
        -2.844237 3.150000 1.357265,
        -2.855108 3.150000 1.353924,
        -2.881937 3.150000 1.574350,
        -2.891687 3.150000 1.574838,
        -2.901013 3.150000 1.625475,
        -2.909245 3.150000 1.572796,
        -2.928408 3.150000 1.566241,
        -2.966766 3.150000 1.391509,
        -2.968660 3.150000 1.383578,
        -3.021814 3.150000 1.380068,
        -2.968617 3.150000 1.375764,
        -3.231937 3.150000 1.506259,
        -3.282512 3.150000 1.522859,
        -3.221565 3.150000 1.518094,
        -3.265219 3.150000 1.547250,
        -3.242164 3.150000 1.566972,
        -3.264391 3.150000 1.387741,
        -3.223976 3.150000 1.421056,
        -3.241087 3.150000 1.368283,
        -3.211083 3.150000 1.411063,
        -3.214950 3.150000 1.355699,
        -3.195831 3.150000 1.404467,
        -3.186413 3.150000 1.349867,
        -3.181658 3.150000 1.401991,
        -3.136032 3.150000 1.350224,
        -3.143232 3.150000 1.402264,
        -3.131227 3.150000 1.351033,
        -2.825740 3.150000 1.610069,
        -2.798454 3.150000 1.591154,
        -2.826113 3.150000 1.544712,
        -2.792706 3.150000 1.585787,
        -2.814690 3.150000 1.527498,
        -2.771922 3.150000 1.559505,
        -2.807803 3.150000 1.508319,
        -2.935799 3.150000 1.413128,
        -2.987636 3.150000 1.449954,
        -3.243323 3.150000 1.474881,
        -3.243612 3.150000 1.468160,
        -3.292461 3.150000 1.438321,
        -3.241542 3.150000 1.451931,
        -3.281571 3.150000 1.411348,
        -3.235639 3.150000 1.436720,
        -3.226231 3.150000 1.423414,
        -3.167184 3.150000 1.648886,
        -3.133191 3.150000 1.610158,
        -3.195120 3.150000 1.616127,
        -3.152370 3.150000 1.587083,
        -3.165452 3.150000 1.559527,
        -3.009051 3.150000 1.689200,
        -3.020288 3.150000 1.639019,
        -3.051368 3.150000 1.694113,
        -3.051858 3.150000 1.642872,
        -3.086539 3.150000 1.690165,
        -3.080923 3.150000 1.639072,
        -3.129284 3.150000 1.674760,
        -3.107617 3.150000 1.628591,
        -3.131474 3.150000 1.611741,
        -2.918520 3.150000 1.351240,
        -2.926215 3.150000 1.347870,
        -2.910257 3.150000 1.299297,
        -2.933872 3.150000 1.346566,
        -2.930294 3.150000 1.295495,
        -2.935327 3.150000 1.346524,
        -2.935817 3.150000 1.295283,
        -2.943888 3.150000 1.347566,
        -2.954111 3.150000 1.297136,
        -2.951305 3.150000 1.350468,
        -2.973387 3.150000 1.303750,
        -2.957824 3.150000 1.355074,
        -2.990761 3.150000 1.314928,
        -2.962496 3.150000 1.360277,
        -3.005384 3.150000 1.330460,
        -2.966520 3.150000 1.367583,
        -3.015828 3.150000 1.349337,
        -3.021188 3.150000 1.370327,
        -3.138946 3.150000 1.403088,
        -3.118113 3.150000 1.359308,
        -3.120084 3.150000 1.357273,
        -2.758104 3.150000 1.528843,
        -2.752173 3.150000 1.496787,
        -2.805691 3.150000 1.490053,
        -2.751882 3.150000 1.488726,
        -2.806855 3.150000 1.475395,
        -2.755812 3.150000 1.455103,
        -2.813234 3.150000 1.454495,
        -2.767857 3.150000 1.423235,
        -2.824470 3.150000 1.436193,
        -2.787086 3.150000 1.395396,
        -2.813494 3.150000 1.372537,
        -2.912019 3.150000 1.356296,
        -2.907185 3.150000 1.362390,
        -2.903856 3.150000 1.369592,
        -3.141503 3.150000 1.402502,
        -3.125594 3.150000 1.353296,
        -3.111456 3.150000 1.376870,
        -3.112221 3.150000 1.370504,
        -3.114430 3.150000 1.364698,
        -3.131492 3.150000 1.402352,
        -3.125616 3.150000 1.400079,
        -3.111697 3.150000 1.380239,
        -3.120339 3.150000 1.396394,
        -3.116783 3.150000 1.392529,
        -3.113458 3.150000 1.386726,
        -3.138115 3.150000 1.403154,
        -2.935799 3.149606 1.413128,
        -2.942903 3.149606 1.412306,
        -2.950813 3.149606 1.409411,
        -2.957649 3.149606 1.404725,
        -2.963107 3.149606 1.398546,
        -2.966766 3.149606 1.391509,
        -2.968660 3.149606 1.383578,
        -2.968617 3.149606 1.375764,
        -2.966520 3.149606 1.367583,
        -2.962496 3.149606 1.360277,
        -2.957824 3.149606 1.355074,
        -2.951305 3.149606 1.350468,
        -2.943888 3.149606 1.347566,
        -2.935327 3.149606 1.346524,
        -2.933872 3.149606 1.346566,
        -2.926215 3.149606 1.347870,
        -2.918520 3.149606 1.351240,
        -2.912019 3.149606 1.356296,
        -2.907185 3.149606 1.362390,
        -2.903856 3.149606 1.369592,
        -2.902331 3.149606 1.377611,
        -2.902815 3.149606 1.385930,
        -2.905388 3.149606 1.393949,
        -2.909852 3.149606 1.400981,
        -2.913253 3.149606 1.404526,
        -2.919963 3.149606 1.409226,
        -2.927441 3.149606 1.412117,
      ]
    }
    coordIndex [
      152, 153, 154, -1,
      155, 156, 152, -1,
      157, 158, 159, -1,
      160, 161, 162, -1,
      163, 164, 165, -1,
      166, 162, 167, -1,
      167, 162, 168, -1,
      159, 158, 169, -1,
      170, 171, 172, -1,
      156, 173, 152, -1,
      152, 173, 174, -1,
      152, 174, 175, -1,
      162, 161, 176, -1,
      176, 161, 177, -1,
      176, 177, 178, -1,
      178, 177, 179, -1,
      178, 179, 180, -1,
      180, 179, 181, -1,
      180, 181, 182, -1,
      170, 172, 183, -1,
      181, 184, 182, -1,
      182, 184, 172, -1,
      182, 172, 185, -1,
      185, 172, 171, -1,
      186, 187, 188, -1,
      188, 187, 189, -1,
      188, 189, 190, -1,
      190, 189, 191, -1,
      192, 193, 194, -1,
      163, 165, 195, -1,
      195, 165, 196, -1,
      195, 196, 197, -1,
      197, 196, 198, -1,
      197, 198, 199, -1,
      200, 201, 162, -1,
      162, 201, 202, -1,
      162, 202, 168, -1,
      158, 203, 169, -1,
      169, 203, 204, -1,
      169, 204, 205, -1,
      205, 204, 206, -1,
      205, 206, 163, -1,
      163, 206, 207, -1,
      163, 207, 164, -1,
      174, 208, 175, -1,
      175, 208, 209, -1,
      175, 209, 210, -1,
      210, 209, 211, -1,
      194, 193, 212, -1,
      212, 193, 213, -1,
      212, 213, 214, -1,
      214, 213, 215, -1,
      214, 215, 191, -1,
      191, 215, 216, -1,
      191, 216, 190, -1,
      217, 218, 219, -1,
      219, 218, 220, -1,
      219, 220, 221, -1,
      221, 220, 222, -1,
      221, 222, 223, -1,
      223, 222, 224, -1,
      223, 224, 225, -1,
      225, 224, 226, -1,
      225, 226, 227, -1,
      159, 228, 157, -1,
      157, 228, 229, -1,
      157, 229, 230, -1,
      230, 229, 231, -1,
      230, 231, 232, -1,
      232, 231, 233, -1,
      232, 233, 234, -1,
      155, 152, 235, -1,
      235, 152, 154, -1,
      235, 154, 172, -1,
      172, 154, 236, -1,
      172, 236, 183, -1,
      194, 237, 192, -1,
      192, 237, 238, -1,
      192, 238, 239, -1,
      239, 238, 240, -1,
      239, 240, 241, -1,
      241, 240, 242, -1,
      241, 242, 217, -1,
      217, 242, 243, -1,
      217, 243, 218, -1,
      244, 245, 246, -1,
      246, 245, 247, -1,
      246, 247, 188, -1,
      188, 247, 248, -1,
      188, 248, 186, -1,
      199, 198, 249, -1,
      249, 198, 250, -1,
      249, 250, 251, -1,
      251, 250, 252, -1,
      251, 252, 253, -1,
      253, 252, 254, -1,
      253, 254, 255, -1,
      255, 254, 256, -1,
      255, 256, 244, -1,
      244, 256, 257, -1,
      244, 257, 245, -1,
      258, 166, 259, -1,
      259, 166, 260, -1,
      259, 260, 261, -1,
      261, 260, 262, -1,
      261, 262, 263, -1,
      263, 262, 264, -1,
      263, 264, 265, -1,
      265, 264, 266, -1,
      265, 266, 267, -1,
      267, 266, 268, -1,
      267, 268, 269, -1,
      269, 268, 270, -1,
      269, 270, 271, -1,
      271, 270, 272, -1,
      271, 272, 273, -1,
      273, 272, 274, -1,
      273, 274, 211, -1,
      211, 274, 275, -1,
      211, 275, 210, -1,
      276, 277, 278, -1,
      233, 279, 234, -1,
      234, 279, 280, -1,
      234, 280, 281, -1,
      281, 280, 282, -1,
      281, 282, 283, -1,
      283, 282, 284, -1,
      283, 284, 285, -1,
      285, 284, 286, -1,
      285, 286, 287, -1,
      287, 286, 288, -1,
      287, 288, 200, -1,
      200, 288, 289, -1,
      200, 289, 201, -1,
      258, 290, 166, -1,
      166, 290, 291, -1,
      166, 291, 162, -1,
      162, 291, 292, -1,
      162, 292, 160, -1,
      226, 293, 227, -1,
      227, 293, 276, -1,
      227, 276, 294, -1,
      294, 276, 278, -1,
      295, 296, 276, -1,
      276, 296, 297, -1,
      276, 297, 277, -1,
      298, 299, 300, -1,
      299, 301, 300, -1,
      300, 301, 302, -1,
      300, 302, 303, -1,
      295, 276, 300, -1,
      300, 276, 304, -1,
      300, 304, 298, -1,
      192, 147, 146, -1,
      151, 215, 213, -1,
      192, 146, 193, -1,
      193, 146, 1, -1,
      193, 1, 213, -1,
      213, 1, 0, -1,
      213, 0, 151, -1,
      151, 150, 215, -1,
      215, 150, 149, -1,
      215, 149, 216, -1,
      216, 149, 10, -1,
      216, 10, 190, -1,
      190, 10, 9, -1,
      190, 9, 188, -1,
      188, 9, 8, -1,
      188, 8, 246, -1,
      246, 8, 7, -1,
      246, 7, 244, -1,
      16, 251, 253, -1,
      244, 7, 14, -1,
      244, 14, 255, -1,
      14, 13, 255, -1,
      255, 13, 12, -1,
      255, 12, 253, -1,
      253, 12, 11, -1,
      253, 11, 16, -1,
      18, 197, 199, -1,
      251, 16, 15, -1,
      251, 15, 249, -1,
      249, 15, 6, -1,
      249, 6, 199, -1,
      199, 6, 5, -1,
      199, 5, 18, -1,
      23, 163, 195, -1,
      197, 18, 17, -1,
      197, 17, 195, -1,
      195, 17, 21, -1,
      195, 21, 23, -1,
      163, 23, 22, -1,
      163, 22, 205, -1,
      205, 22, 20, -1,
      205, 20, 169, -1,
      169, 20, 19, -1,
      169, 19, 159, -1,
      159, 19, 26, -1,
      159, 26, 228, -1,
      228, 26, 25, -1,
      228, 25, 229, -1,
      229, 25, 24, -1,
      229, 24, 231, -1,
      34, 282, 280, -1,
      231, 24, 30, -1,
      231, 30, 233, -1,
      233, 30, 29, -1,
      233, 29, 279, -1,
      29, 28, 279, -1,
      279, 28, 27, -1,
      279, 27, 280, -1,
      280, 27, 35, -1,
      280, 35, 34, -1,
      32, 284, 33, -1,
      33, 284, 282, -1,
      33, 282, 34, -1,
      32, 31, 284, -1,
      284, 31, 54, -1,
      284, 54, 286, -1,
      286, 54, 41, -1,
      286, 41, 288, -1,
      288, 41, 40, -1,
      288, 40, 289, -1,
      289, 40, 80, -1,
      289, 80, 201, -1,
      201, 80, 79, -1,
      201, 79, 202, -1,
      202, 79, 70, -1,
      202, 70, 168, -1,
      168, 70, 69, -1,
      168, 69, 167, -1,
      167, 69, 68, -1,
      167, 68, 166, -1,
      166, 68, 88, -1,
      166, 88, 260, -1,
      260, 88, 87, -1,
      260, 87, 262, -1,
      262, 87, 86, -1,
      262, 86, 264, -1,
      264, 86, 78, -1,
      264, 78, 266, -1,
      266, 78, 77, -1,
      266, 77, 268, -1,
      268, 77, 76, -1,
      268, 76, 270, -1,
      270, 76, 71, -1,
      270, 71, 272, -1,
      272, 71, 46, -1,
      272, 46, 274, -1,
      274, 46, 60, -1,
      274, 60, 275, -1,
      275, 60, 61, -1,
      275, 61, 210, -1,
      175, 210, 51, -1,
      51, 210, 61, -1,
      152, 175, 38, -1,
      38, 175, 51, -1,
      38, 65, 152, -1,
      152, 65, 91, -1,
      152, 91, 153, -1,
      153, 91, 95, -1,
      3, 103, 154, -1,
      3, 154, 4, -1,
      4, 154, 153, -1,
      4, 153, 95, -1,
      110, 171, 170, -1,
      154, 103, 102, -1,
      154, 102, 236, -1,
      236, 102, 101, -1,
      236, 101, 183, -1,
      183, 101, 2, -1,
      183, 2, 170, -1,
      170, 2, 111, -1,
      170, 111, 110, -1,
      185, 171, 109, -1,
      109, 171, 110, -1,
      109, 108, 185, -1,
      185, 108, 107, -1,
      185, 107, 182, -1,
      182, 107, 105, -1,
      182, 105, 180, -1,
      180, 105, 104, -1,
      180, 104, 178, -1,
      178, 104, 114, -1,
      178, 114, 176, -1,
      176, 114, 116, -1,
      176, 116, 162, -1,
      93, 283, 106, -1,
      106, 283, 285, -1,
      106, 285, 112, -1,
      112, 285, 287, -1,
      112, 287, 113, -1,
      113, 287, 200, -1,
      113, 200, 115, -1,
      115, 200, 162, -1,
      115, 162, 116, -1,
      93, 94, 283, -1,
      283, 94, 96, -1,
      283, 96, 281, -1,
      234, 281, 97, -1,
      97, 281, 96, -1,
      97, 118, 234, -1,
      234, 118, 117, -1,
      234, 117, 232, -1,
      232, 117, 131, -1,
      232, 131, 230, -1,
      131, 145, 230, -1,
      230, 145, 144, -1,
      230, 144, 157, -1,
      157, 144, 143, -1,
      157, 143, 158, -1,
      158, 143, 137, -1,
      158, 137, 203, -1,
      203, 137, 136, -1,
      203, 136, 204, -1,
      204, 136, 135, -1,
      204, 135, 206, -1,
      206, 135, 132, -1,
      206, 132, 207, -1,
      207, 132, 127, -1,
      207, 127, 164, -1,
      164, 127, 130, -1,
      164, 130, 165, -1,
      165, 130, 138, -1,
      165, 138, 196, -1,
      196, 138, 140, -1,
      196, 140, 198, -1,
      198, 140, 142, -1,
      198, 142, 250, -1,
      250, 142, 141, -1,
      250, 141, 252, -1,
      119, 186, 133, -1,
      133, 186, 248, -1,
      133, 248, 134, -1,
      134, 248, 247, -1,
      134, 247, 125, -1,
      125, 247, 245, -1,
      125, 245, 126, -1,
      126, 245, 257, -1,
      126, 257, 128, -1,
      128, 257, 256, -1,
      128, 256, 129, -1,
      129, 256, 254, -1,
      129, 254, 139, -1,
      139, 254, 252, -1,
      139, 252, 141, -1,
      187, 186, 120, -1,
      120, 186, 119, -1,
      187, 120, 124, -1,
      187, 124, 189, -1,
      189, 124, 123, -1,
      189, 123, 191, -1,
      191, 123, 122, -1,
      191, 122, 214, -1,
      214, 122, 121, -1,
      214, 121, 212, -1,
      212, 121, 100, -1,
      212, 100, 194, -1,
      100, 99, 194, -1,
      194, 99, 98, -1,
      194, 98, 237, -1,
      237, 98, 92, -1,
      237, 92, 238, -1,
      92, 90, 238, -1,
      238, 90, 89, -1,
      238, 89, 240, -1,
      89, 64, 240, -1,
      240, 64, 63, -1,
      240, 63, 242, -1,
      242, 63, 62, -1,
      242, 62, 243, -1,
      243, 62, 82, -1,
      243, 82, 218, -1,
      218, 82, 81, -1,
      218, 81, 220, -1,
      220, 81, 75, -1,
      220, 75, 222, -1,
      222, 75, 74, -1,
      222, 74, 224, -1,
      226, 224, 73, -1,
      73, 224, 74, -1,
      226, 73, 44, -1,
      226, 44, 293, -1,
      293, 44, 43, -1,
      293, 43, 276, -1,
      276, 43, 42, -1,
      276, 42, 304, -1,
      304, 42, 37, -1,
      304, 37, 298, -1,
      298, 37, 36, -1,
      298, 36, 299, -1,
      299, 36, 39, -1,
      299, 39, 301, -1,
      301, 39, 53, -1,
      301, 53, 302, -1,
      302, 53, 52, -1,
      302, 52, 303, -1,
      303, 52, 50, -1,
      303, 50, 300, -1,
      300, 50, 49, -1,
      300, 49, 295, -1,
      295, 49, 59, -1,
      295, 59, 296, -1,
      296, 59, 58, -1,
      296, 58, 297, -1,
      297, 58, 57, -1,
      297, 57, 277, -1,
      277, 57, 56, -1,
      277, 56, 278, -1,
      278, 56, 55, -1,
      278, 55, 294, -1,
      294, 55, 45, -1,
      294, 45, 227, -1,
      227, 45, 47, -1,
      227, 47, 225, -1,
      223, 225, 48, -1,
      48, 225, 47, -1,
      223, 48, 72, -1,
      223, 72, 221, -1,
      221, 72, 67, -1,
      221, 67, 219, -1,
      219, 67, 66, -1,
      219, 66, 217, -1,
      217, 66, 85, -1,
      217, 85, 241, -1,
      241, 85, 84, -1,
      241, 84, 239, -1,
      239, 84, 83, -1,
      239, 83, 192, -1,
      192, 83, 148, -1,
      192, 148, 147, -1,
      235, 305, 306, -1,
      235, 306, 155, -1,
      155, 306, 307, -1,
      155, 307, 156, -1,
      156, 307, 308, -1,
      156, 308, 173, -1,
      173, 308, 309, -1,
      173, 309, 174, -1,
      174, 309, 310, -1,
      174, 310, 208, -1,
      208, 310, 311, -1,
      208, 311, 209, -1,
      209, 311, 312, -1,
      209, 312, 211, -1,
      211, 312, 313, -1,
      211, 313, 273, -1,
      273, 313, 314, -1,
      273, 314, 271, -1,
      271, 314, 315, -1,
      271, 315, 269, -1,
      269, 315, 316, -1,
      269, 316, 267, -1,
      267, 316, 317, -1,
      267, 317, 265, -1,
      265, 317, 318, -1,
      265, 318, 263, -1,
      263, 318, 319, -1,
      263, 319, 261, -1,
      261, 319, 320, -1,
      261, 320, 259, -1,
      259, 320, 321, -1,
      259, 321, 258, -1,
      258, 321, 322, -1,
      258, 322, 290, -1,
      290, 322, 323, -1,
      290, 323, 291, -1,
      291, 323, 324, -1,
      291, 324, 292, -1,
      292, 324, 325, -1,
      292, 325, 160, -1,
      160, 325, 326, -1,
      160, 326, 161, -1,
      161, 326, 327, -1,
      161, 327, 177, -1,
      177, 327, 328, -1,
      177, 328, 179, -1,
      179, 328, 329, -1,
      179, 329, 181, -1,
      181, 329, 330, -1,
      181, 330, 184, -1,
      184, 330, 331, -1,
      184, 331, 172, -1,
      172, 331, 305, -1,
      172, 305, 235, -1,
    ]
  }
}

Shape {
  appearance Appearance {
    material Material {
      diffuseColor 0.8431 0.8157 0.7529
      specularColor 0.2510 0.2431 0.2275
      ambientIntensity 0.2
      transparency 0.0000
      shininess 0.5
    }
  }
  geometry IndexedFaceSet {
    ccw TRUE
    solid FALSE
    coord DEF co Coordinate {
      point [
        -2.935799 3.149606 1.413128,
        -2.942903 3.149606 1.412306,
        -2.950813 3.149606 1.409411,
        -2.957649 3.149606 1.404725,
        -2.963107 3.149606 1.398546,
        -2.966766 3.149606 1.391509,
        -2.968660 3.149606 1.383578,
        -2.968617 3.149606 1.375764,
        -2.966520 3.149606 1.367583,
        -2.962496 3.149606 1.360277,
        -2.957824 3.149606 1.355074,
        -2.951305 3.149606 1.350468,
        -2.943888 3.149606 1.347566,
        -2.935327 3.149606 1.346524,
        -2.933872 3.149606 1.346566,
        -2.926215 3.149606 1.347870,
        -2.918520 3.149606 1.351240,
        -2.912019 3.149606 1.356296,
        -2.907185 3.149606 1.362390,
        -2.903856 3.149606 1.369592,
        -2.902331 3.149606 1.377611,
        -2.902815 3.149606 1.385930,
        -2.905388 3.149606 1.393949,
        -2.909852 3.149606 1.400981,
        -2.913253 3.149606 1.404526,
        -2.919963 3.149606 1.409226,
        -2.927441 3.149606 1.412117,
      ]
    }
    coordIndex [
      14, 24, 23, -1,
      12, 11, 1, -1,
      0, 26, 14, -1,
      14, 26, 25, -1,
      14, 25, 24, -1,
      19, 18, 23, -1,
      23, 18, 17, -1,
      0, 14, 1, -1,
      1, 14, 13, -1,
      1, 13, 12, -1,
      22, 21, 23, -1,
      23, 21, 20, -1,
      23, 20, 19, -1,
      17, 16, 23, -1,
      23, 16, 15, -1,
      23, 15, 14, -1,
      11, 10, 1, -1,
      1, 10, 9, -1,
      1, 9, 8, -1,
      8, 7, 1, -1,
      1, 7, 6, -1,
      1, 6, 5, -1,
      5, 4, 1, -1,
      1, 4, 3, -1,
      1, 3, 2, -1,
    ]
  }
}
