ISO-10303-21;
HEADER;
FILE_DESCRIPTION((''),'2;1');
FILE_NAME('58','2021-05-07T16:25:27',('AB'),(''),
'CREO PARAMETRIC BY PTC INC, 2016510','CREO PARAMETRIC BY PTC INC, 2016510','');
FILE_SCHEMA(('CONFIG_CONTROL_DESIGN','GEOMETRIC_VALIDATION_PROPERTIES_MIM'));
ENDSEC;
DATA;
#37=DIRECTION('',(0.E0,0.E0,-1.E0));
#38=VECTOR('',#37,1.E-1);
#39=CARTESIAN_POINT('',(9.5028125E-1,2.328163829663E0,-4.E-1));
#40=LINE('',#39,#38);
#41=CARTESIAN_POINT('',(0.E0,0.E0,-4.E-1));
#42=DIRECTION('',(0.E0,0.E0,-1.E0));
#43=DIRECTION('',(-1.E0,0.E0,0.E0));
#44=AXIS2_PLACEMENT_3D('',#41,#42,#43);
#46=CARTESIAN_POINT('',(0.E0,0.E0,-4.E-1));
#47=DIRECTION('',(0.E0,0.E0,-1.E0));
#48=DIRECTION('',(1.E0,0.E0,0.E0));
#49=AXIS2_PLACEMENT_3D('',#46,#47,#48);
#51=CARTESIAN_POINT('',(0.E0,4.5E0,-4.E-1));
#52=DIRECTION('',(0.E0,0.E0,-1.E0));
#53=DIRECTION('',(9.961900107850E-1,-8.720930232558E-2,0.E0));
#54=AXIS2_PLACEMENT_3D('',#51,#52,#53);
#56=CARTESIAN_POINT('',(0.E0,2.E-1,-4.E-1));
#57=DIRECTION('',(0.E0,0.E0,-1.E0));
#58=DIRECTION('',(-8.604651162791E-1,5.095093558188E-1,0.E0));
#59=AXIS2_PLACEMENT_3D('',#56,#57,#58);
#61=DIRECTION('',(0.E0,1.E0,0.E0));
#62=VECTOR('',#61,4.781780460041E0);
#63=CARTESIAN_POINT('',(-3.7E0,-2.390890230021E0,-4.E-1));
#64=LINE('',#63,#62);
#65=CARTESIAN_POINT('',(0.E0,-2.E-1,-4.E-1));
#66=DIRECTION('',(0.E0,0.E0,-1.E0));
#67=DIRECTION('',(8.604651162791E-1,-5.095093558188E-1,0.E0));
#68=AXIS2_PLACEMENT_3D('',#65,#66,#67);
#70=DIRECTION('',(0.E0,-1.E0,0.E0));
#71=VECTOR('',#70,4.781780460041E0);
#72=CARTESIAN_POINT('',(3.7E0,2.390890230021E0,-4.E-1));
#73=LINE('',#72,#71);
#74=CARTESIAN_POINT('',(0.E0,2.E-1,-4.E-1));
#75=DIRECTION('',(0.E0,0.E0,-1.E0));
#76=DIRECTION('',(1.737540716486E-1,9.847890751758E-1,0.E0));
#77=AXIS2_PLACEMENT_3D('',#74,#75,#76);
#79=CARTESIAN_POINT('',(0.E0,4.5E0,-4.E-1));
#80=DIRECTION('',(0.E0,0.E0,-1.E0));
#81=DIRECTION('',(9.989177486007E-1,-4.651162790698E-2,0.E0));
#82=AXIS2_PLACEMENT_3D('',#79,#80,#81);
#84=CARTESIAN_POINT('',(0.E0,2.E-1,-4.E-1));
#85=DIRECTION('',(0.E0,0.E0,-1.E0));
#86=DIRECTION('',(-9.292258126518E-2,9.956733369389E-1,0.E0));
#87=AXIS2_PLACEMENT_3D('',#84,#85,#86);
#89=DIRECTION('',(0.E0,-1.E0,0.E0));
#90=VECTOR('',#89,7.859E-1);
#91=CARTESIAN_POINT('',(1.7853E0,3.0639E0,-4.E-1));
#92=LINE('',#91,#90);
#93=DIRECTION('',(-1.E0,0.E0,0.E0));
#94=VECTOR('',#93,5.89425E-1);
#95=CARTESIAN_POINT('',(1.7853E0,2.278E0,-4.E-1));
#96=LINE('',#95,#94);
#97=DIRECTION('',(0.E0,1.E0,0.E0));
#98=VECTOR('',#97,1.003276593253E-1);
#99=CARTESIAN_POINT('',(1.195875E0,2.278E0,-4.E-1));
#100=LINE('',#99,#98);
#101=DIRECTION('',(1.E0,0.E0,0.E0));
#102=VECTOR('',#101,4.911875E-1);
#103=CARTESIAN_POINT('',(1.195875E0,2.378327659325E0,-4.E-1));
#104=LINE('',#103,#102);
#105=DIRECTION('',(0.E0,1.E0,0.E0));
#106=VECTOR('',#105,6.855723406747E-1);
#107=CARTESIAN_POINT('',(1.6870625E0,2.378327659325E0,-4.E-1));
#108=LINE('',#107,#106);
#109=DIRECTION('',(1.E0,0.E0,0.E0));
#110=VECTOR('',#109,9.82375E-2);
#111=CARTESIAN_POINT('',(1.6870625E0,3.0639E0,-4.E-1));
#112=LINE('',#111,#110);
#113=DIRECTION('',(1.E0,0.E0,0.E0));
#114=VECTOR('',#113,9.82375E-2);
#115=CARTESIAN_POINT('',(4.263479478955E-1,2.478655318651E0,-4.E-1));
#116=LINE('',#115,#114);
#117=DIRECTION('',(3.102789952956E-1,-9.506455412394E-1,0.E0));
#118=VECTOR('',#117,5.276816818795E-2);
#119=CARTESIAN_POINT('',(5.245854478955E-1,2.478655318651E0,-4.E-1));
#120=LINE('',#119,#118);
#121=DIRECTION('',(8.265991871191E-1,-5.627910658976E-1,0.E0));
#122=VECTOR('',#121,5.942269332637E-2);
#123=CARTESIAN_POINT('',(5.409583021045E-1,2.428491494843E0,-4.E-1));
#124=LINE('',#123,#122);
#125=DIRECTION('',(9.689177459678E-1,-2.473831068378E-1,0.E0));
#126=VECTOR('',#125,6.759262916597E-2);
#127=CARTESIAN_POINT('',(5.900770521045E-1,2.395048933928E0,-4.E-1));
#128=LINE('',#127,#126);
#129=DIRECTION('',(1.E0,0.E0,0.E0));
#130=VECTOR('',#129,1.4735625E-1);
#131=CARTESIAN_POINT('',(6.5556875E-1,2.378327659325E0,-4.E-1));
#132=LINE('',#131,#130);
#133=DIRECTION('',(9.689177459678E-1,2.473831068378E-1,0.E0));
#134=VECTOR('',#133,6.759262916597E-2);
#135=CARTESIAN_POINT('',(8.02925E-1,2.378327659325E0,-4.E-1));
#136=LINE('',#135,#134);
#137=DIRECTION('',(8.265991871191E-1,5.627910658976E-1,0.E0));
#138=VECTOR('',#137,5.942269332637E-2);
#139=CARTESIAN_POINT('',(8.684166978955E-1,2.395048933928E0,-4.E-1));
#140=LINE('',#139,#138);
#141=DIRECTION('',(5.466221810895E-1,8.373793591563E-1,0.E0));
#142=VECTOR('',#141,5.990573240041E-2);
#143=CARTESIAN_POINT('',(9.175354478955E-1,2.428491494843E0,-4.E-1));
#144=LINE('',#143,#142);
#145=DIRECTION('',(2.377717803411E-1,9.713210491251E-1,0.E0));
#146=VECTOR('',#145,6.885992892865E-2);
#147=CARTESIAN_POINT('',(9.5028125E-1,2.478655318651E0,-4.E-1));
#148=LINE('',#147,#146);
#149=DIRECTION('',(0.E0,1.E0,0.E0));
#150=VECTOR('',#149,2.508191424578E-1);
#151=CARTESIAN_POINT('',(9.666541978955E-1,2.545540417060E0,-4.E-1));
#152=LINE('',#151,#150);
#153=DIRECTION('',(-2.377717803411E-1,9.713210491251E-1,0.E0));
#154=VECTOR('',#153,6.885992892865E-2);
#155=CARTESIAN_POINT('',(9.666541978955E-1,2.796359559518E0,-4.E-1));
#156=LINE('',#155,#154);
#157=DIRECTION('',(-5.466218231676E-1,8.373795927994E-1,0.E0));
#158=VECTOR('',#157,5.990577162602E-2);
#159=CARTESIAN_POINT('',(9.5028125E-1,2.863244657928E0,-4.E-1));
#160=LINE('',#159,#158);
#161=DIRECTION('',(-8.265992787996E-1,5.627909312417E-1,0.E0));
#162=VECTOR('',#161,5.942268673562E-2);
#163=CARTESIAN_POINT('',(9.175354478955E-1,2.913408528578E0,-4.E-1));
#164=LINE('',#163,#162);
#165=DIRECTION('',(-9.689177459678E-1,2.473831068378E-1,0.E0));
#166=VECTOR('',#165,6.759262916597E-2);
#167=CARTESIAN_POINT('',(8.684166978955E-1,2.946851077783E0,-4.E-1));
#168=LINE('',#167,#166);
#169=DIRECTION('',(-1.E0,0.E0,0.E0));
#170=VECTOR('',#169,1.4735625E-1);
#171=CARTESIAN_POINT('',(8.02925E-1,2.963572352386E0,-4.E-1));
#172=LINE('',#171,#170);
#173=DIRECTION('',(-9.689177459678E-1,-2.473831068378E-1,0.E0));
#174=VECTOR('',#173,6.759262916597E-2);
#175=CARTESIAN_POINT('',(6.5556875E-1,2.963572352386E0,-4.E-1));
#176=LINE('',#175,#174);
#177=DIRECTION('',(-8.265992787996E-1,-5.627909312417E-1,0.E0));
#178=VECTOR('',#177,5.942268673562E-2);
#179=CARTESIAN_POINT('',(5.900770521045E-1,2.946851077783E0,-4.E-1));
#180=LINE('',#179,#178);
#181=DIRECTION('',(-3.102787334496E-1,-9.506456267027E-1,0.E0));
#182=VECTOR('',#181,5.276821271931E-2);
#183=CARTESIAN_POINT('',(5.409583021045E-1,2.913408528578E0,-4.E-1));
#184=LINE('',#183,#182);
#185=DIRECTION('',(-1.E0,0.E0,0.E0));
#186=VECTOR('',#185,9.82375E-2);
#187=CARTESIAN_POINT('',(5.245854478955E-1,2.863244657928E0,-4.E-1));
#188=LINE('',#187,#186);
#189=DIRECTION('',(1.921820436730E-1,9.813592930674E-1,0.E0));
#190=VECTOR('',#189,8.519450566778E-2);
#191=CARTESIAN_POINT('',(4.263479478955E-1,2.863244657928E0,-4.E-1));
#192=LINE('',#191,#190);
#193=DIRECTION('',(6.996250055017E-1,7.145102180353E-1,0.E0));
#194=VECTOR('',#193,9.360971574846E-2);
#195=CARTESIAN_POINT('',(4.427208021045E-1,2.946851077783E0,-4.E-1));
#196=LINE('',#195,#194);
#197=DIRECTION('',(8.906053746977E-1,4.547769415434E-1,0.E0));
#198=VECTOR('',#197,7.353615838862E-2);
#199=CARTESIAN_POINT('',(5.082125E-1,3.013736176193E0,-4.E-1));
#200=LINE('',#199,#198);
#201=DIRECTION('',(9.797706943097E-1,2.001234283435E-1,0.E0));
#202=VECTOR('',#201,8.355480785446E-2);
#203=CARTESIAN_POINT('',(5.737041978955E-1,3.047178725398E0,-4.E-1));
#204=LINE('',#203,#202);
#205=DIRECTION('',(1.E0,0.E0,0.E0));
#206=VECTOR('',#205,1.4735625E-1);
#207=CARTESIAN_POINT('',(6.5556875E-1,3.0639E0,-4.E-1));
#208=LINE('',#207,#206);
#209=DIRECTION('',(9.797706943097E-1,-2.001234283435E-1,0.E0));
#210=VECTOR('',#209,8.355480785446E-2);
#211=CARTESIAN_POINT('',(8.02925E-1,3.0639E0,-4.E-1));
#212=LINE('',#211,#210);
#213=DIRECTION('',(8.906053746977E-1,-4.547769415434E-1,0.E0));
#214=VECTOR('',#213,7.353615838862E-2);
#215=CARTESIAN_POINT('',(8.847895521045E-1,3.047178725398E0,-4.E-1));
#216=LINE('',#215,#214);
#217=DIRECTION('',(6.996247500295E-1,-7.145104681851E-1,0.E0));
#218=VECTOR('',#217,9.360968297573E-2);
#219=CARTESIAN_POINT('',(9.5028125E-1,3.013736176193E0,-4.E-1));
#220=LINE('',#219,#218);
#221=DIRECTION('',(4.397136649566E-1,-8.981380143666E-1,0.E0));
#222=VECTOR('',#221,7.447084672930E-2);
#223=CARTESIAN_POINT('',(1.015772901052E0,2.946851077783E0,-4.E-1));
#224=LINE('',#223,#222);
#225=DIRECTION('',(1.921825732045E-1,-9.813591893677E-1,0.E0));
#226=VECTOR('',#225,8.519451467023E-2);
#227=CARTESIAN_POINT('',(1.04851875E0,2.879965979373E0,-4.E-1));
#228=LINE('',#227,#226);
#229=DIRECTION('',(0.E0,-1.E0,0.E0));
#230=VECTOR('',#229,2.508191424578E-1);
#231=CARTESIAN_POINT('',(1.064891651052E0,2.796359559518E0,-4.E-1));
#232=LINE('',#231,#230);
#233=DIRECTION('',(-1.921826769044E-1,-9.813591690599E-1,0.E0));
#234=VECTOR('',#233,8.519446870014E-2);
#235=CARTESIAN_POINT('',(1.064891651052E0,2.545540417060E0,-4.E-1));
#236=LINE('',#235,#234);
#237=DIRECTION('',(-4.397136028534E-1,-8.981380447713E-1,0.E0));
#238=VECTOR('',#237,7.447085724723E-2);
#239=CARTESIAN_POINT('',(1.04851875E0,2.461934044048E0,-4.E-1));
#240=LINE('',#239,#238);
#241=DIRECTION('',(-6.996247187608E-1,-7.145104988024E-1,0.E0));
#242=VECTOR('',#241,9.360968715948E-2);
#243=CARTESIAN_POINT('',(1.015772901052E0,2.395048933928E0,-4.E-1));
#244=LINE('',#243,#242);
#245=DIRECTION('',(-8.906053505096E-1,-4.547769889117E-1,0.E0));
#246=VECTOR('',#245,7.353616038580E-2);
#247=CARTESIAN_POINT('',(9.5028125E-1,2.328163829663E0,-4.E-1));
#248=LINE('',#247,#246);
#249=DIRECTION('',(-9.797706908745E-1,-2.001234451615E-1,0.E0));
#250=VECTOR('',#249,8.355480814741E-2);
#251=CARTESIAN_POINT('',(8.847895521045E-1,2.294721276066E0,-4.E-1));
#252=LINE('',#251,#250);
#253=DIRECTION('',(-1.E0,0.E0,0.E0));
#254=VECTOR('',#253,1.4735625E-1);
#255=CARTESIAN_POINT('',(8.02925E-1,2.278E0,-4.E-1));
#256=LINE('',#255,#254);
#257=DIRECTION('',(-9.797706908745E-1,2.001234451615E-1,0.E0));
#258=VECTOR('',#257,8.355480814741E-2);
#259=CARTESIAN_POINT('',(6.5556875E-1,2.278E0,-4.E-1));
#260=LINE('',#259,#258);
#261=DIRECTION('',(-8.906053505096E-1,4.547769889117E-1,0.E0));
#262=VECTOR('',#261,7.353616038580E-2);
#263=CARTESIAN_POINT('',(5.737041978955E-1,2.294721276066E0,-4.E-1));
#264=LINE('',#263,#262);
#265=DIRECTION('',(-6.996249742329E-1,7.145102486526E-1,0.E0));
#266=VECTOR('',#265,9.360971993221E-2);
#267=CARTESIAN_POINT('',(5.082125E-1,2.328163829663E0,-4.E-1));
#268=LINE('',#267,#266);
#269=DIRECTION('',(-1.921821214477E-1,9.813592778365E-1,0.E0));
#270=VECTOR('',#269,8.519447119021E-2);
#271=CARTESIAN_POINT('',(4.427208021045E-1,2.395048933928E0,-4.E-1));
#272=LINE('',#271,#270);
#273=DIRECTION('',(1.E0,0.E0,0.E0));
#274=VECTOR('',#273,4.911875E-1);
#275=CARTESIAN_POINT('',(-2.940603542089E-1,2.378327659325E0,-4.E-1));
#276=LINE('',#275,#274);
#277=DIRECTION('',(0.E0,1.E0,0.E0));
#278=VECTOR('',#277,2.675404287711E-1);
#279=CARTESIAN_POINT('',(1.971271457911E-1,2.378327659325E0,-4.E-1));
#280=LINE('',#279,#278);
#281=DIRECTION('',(-1.E0,0.E0,0.E0));
#282=VECTOR('',#281,4.256958957911E-1);
#283=CARTESIAN_POINT('',(1.971271457911E-1,2.645868088096E0,-4.E-1));
#284=LINE('',#283,#282);
#285=DIRECTION('',(0.E0,1.E0,0.E0));
#286=VECTOR('',#285,1.003276476145E-1);
#287=CARTESIAN_POINT('',(-2.2856875E-1,2.645868088096E0,-4.E-1));
#288=LINE('',#287,#286);
#289=DIRECTION('',(1.E0,0.E0,0.E0));
#290=VECTOR('',#289,4.256958957911E-1);
#291=CARTESIAN_POINT('',(-2.2856875E-1,2.746195735711E0,-4.E-1));
#292=LINE('',#291,#290);
#293=DIRECTION('',(0.E0,1.E0,0.E0));
#294=VECTOR('',#293,2.173766166747E-1);
#295=CARTESIAN_POINT('',(1.971271457911E-1,2.746195735711E0,-4.E-1));
#296=LINE('',#295,#294);
#297=DIRECTION('',(-1.E0,0.E0,0.E0));
#298=VECTOR('',#297,4.911875E-1);
#299=CARTESIAN_POINT('',(1.971271457911E-1,2.963572352386E0,-4.E-1));
#300=LINE('',#299,#298);
#301=DIRECTION('',(0.E0,1.E0,0.E0));
#302=VECTOR('',#301,1.003276476145E-1);
#303=CARTESIAN_POINT('',(-2.940603542089E-1,2.963572352386E0,-4.E-1));
#304=LINE('',#303,#302);
#305=DIRECTION('',(1.E0,0.E0,0.E0));
#306=VECTOR('',#305,5.894249063134E-1);
#307=CARTESIAN_POINT('',(-2.940603542089E-1,3.0639E0,-4.E-1));
#308=LINE('',#307,#306);
#309=DIRECTION('',(0.E0,-1.E0,0.E0));
#310=VECTOR('',#309,7.859E-1);
#311=CARTESIAN_POINT('',(2.953645521045E-1,3.0639E0,-4.E-1));
#312=LINE('',#311,#310);
#313=DIRECTION('',(-1.E0,0.E0,0.E0));
#314=VECTOR('',#313,5.894249063134E-1);
#315=CARTESIAN_POINT('',(2.953645521045E-1,2.278E0,-4.E-1));
#316=LINE('',#315,#314);
#317=DIRECTION('',(0.E0,1.E0,0.E0));
#318=VECTOR('',#317,1.003276593253E-1);
#319=CARTESIAN_POINT('',(-2.940603542089E-1,2.278E0,-4.E-1));
#320=LINE('',#319,#318);
#321=DIRECTION('',(1.E0,0.E0,0.E0));
#322=VECTOR('',#321,3.9295E-1);
#323=CARTESIAN_POINT('',(-8.1799375E-1,3.0639E0,-4.E-1));
#324=LINE('',#323,#322);
#325=DIRECTION('',(0.E0,-1.E0,0.E0));
#326=VECTOR('',#325,7.859E-1);
#327=CARTESIAN_POINT('',(-4.2504375E-1,3.0639E0,-4.E-1));
#328=LINE('',#327,#326);
#329=DIRECTION('',(-1.E0,0.E0,0.E0));
#330=VECTOR('',#329,3.9295E-1);
#331=CARTESIAN_POINT('',(-4.2504375E-1,2.278E0,-4.E-1));
#332=LINE('',#331,#330);
#333=DIRECTION('',(-9.797707357802E-1,2.001232253108E-1,0.E0));
#334=VECTOR('',#333,8.355489993878E-2);
#335=CARTESIAN_POINT('',(-8.1799375E-1,2.278E0,-4.E-1));
#336=LINE('',#335,#334);
#337=DIRECTION('',(-8.906050870136E-1,4.547775049248E-1,0.E0));
#338=VECTOR('',#337,7.353607694804E-2);
#339=CARTESIAN_POINT('',(-8.998583957911E-1,2.294721276066E0,-4.E-1));
#340=LINE('',#339,#338);
#341=DIRECTION('',(-6.996244632883E-1,7.145107489524E-1,0.E0));
#342=VECTOR('',#341,9.360965438677E-2);
#343=CARTESIAN_POINT('',(-9.6535E-1,2.328163829663E0,-4.E-1));
#344=LINE('',#343,#342);
#345=DIRECTION('',(-4.397141102494E-1,8.981377963584E-1,0.E0));
#346=VECTOR('',#345,7.447087784488E-2);
#347=CARTESIAN_POINT('',(-1.030841604209E0,2.395048933928E0,-4.E-1));
#348=LINE('',#347,#346);
#349=DIRECTION('',(-1.921821473726E-1,9.813592727596E-1,0.E0));
#350=VECTOR('',#349,8.519445969768E-2);
#351=CARTESIAN_POINT('',(-1.0635875E0,2.461934044048E0,-4.E-1));
#352=LINE('',#351,#350);
#353=DIRECTION('',(0.E0,1.E0,0.E0));
#354=VECTOR('',#353,2.508191424578E-1);
#355=CARTESIAN_POINT('',(-1.079960354209E0,2.545540417060E0,-4.E-1));
#356=LINE('',#355,#354);
#357=DIRECTION('',(1.921820436730E-1,9.813592930674E-1,0.E0));
#358=VECTOR('',#357,8.519450566778E-2);
#359=CARTESIAN_POINT('',(-1.079960354209E0,2.796359559518E0,-4.E-1));
#360=LINE('',#359,#358);
#361=DIRECTION('',(4.397141723527E-1,8.981377659536E-1,0.E0));
#362=VECTOR('',#361,7.447086732695E-2);
#363=CARTESIAN_POINT('',(-1.0635875E0,2.879965979373E0,-4.E-1));
#364=LINE('',#363,#362);
#365=DIRECTION('',(6.996244945571E-1,7.145107183351E-1,0.E0));
#366=VECTOR('',#365,9.360965020301E-2);
#367=CARTESIAN_POINT('',(-1.030841604209E0,2.946851077783E0,-4.E-1));
#368=LINE('',#367,#366);
#369=DIRECTION('',(8.906051112017E-1,4.547774575564E-1,0.E0));
#370=VECTOR('',#369,7.353607495086E-2);
#371=CARTESIAN_POINT('',(-9.6535E-1,3.013736176193E0,-4.E-1));
#372=LINE('',#371,#370);
#373=DIRECTION('',(9.797707392153E-1,2.001232084928E-1,0.E0));
#374=VECTOR('',#373,8.355489964583E-2);
#375=CARTESIAN_POINT('',(-8.998583957911E-1,3.047178725398E0,-4.E-1));
#376=LINE('',#375,#374);
#377=DIRECTION('',(-1.E0,0.E0,0.E0));
#378=VECTOR('',#377,2.947125E-1);
#379=CARTESIAN_POINT('',(-5.2328125E-1,2.963572352386E0,-4.E-1));
#380=LINE('',#379,#378);
#381=DIRECTION('',(-9.689176611437E-1,-2.473834390653E-1,0.E0));
#382=VECTOR('',#381,6.759253839138E-2);
#383=CARTESIAN_POINT('',(-8.1799375E-1,2.963572352386E0,-4.E-1));
#384=LINE('',#383,#382);
#385=DIRECTION('',(-8.265992787996E-1,-5.627909312417E-1,0.E0));
#386=VECTOR('',#385,5.942268673562E-2);
#387=CARTESIAN_POINT('',(-8.834853542089E-1,2.946851077783E0,-4.E-1));
#388=LINE('',#387,#386);
#389=DIRECTION('',(-5.466229197794E-1,-8.373788769559E-1,0.E0));
#390=VECTOR('',#389,5.990582283720E-2);
#391=CARTESIAN_POINT('',(-9.326041042089E-1,2.913408528578E0,-4.E-1));
#392=LINE('',#391,#390);
#393=DIRECTION('',(-2.377704967206E-1,-9.713213633444E-1,0.E0));
#394=VECTOR('',#393,6.885990665268E-2);
#395=CARTESIAN_POINT('',(-9.6535E-1,2.863244657928E0,-4.E-1));
#396=LINE('',#395,#394);
#397=DIRECTION('',(0.E0,-1.E0,0.E0));
#398=VECTOR('',#397,2.508191424578E-1);
#399=CARTESIAN_POINT('',(-9.817228542089E-1,2.796359559518E0,-4.E-1));
#400=LINE('',#399,#398);
#401=DIRECTION('',(2.377704967206E-1,-9.713213633444E-1,0.E0));
#402=VECTOR('',#401,6.885990665268E-2);
#403=CARTESIAN_POINT('',(-9.817228542089E-1,2.545540417060E0,-4.E-1));
#404=LINE('',#403,#402);
#405=DIRECTION('',(5.466232777014E-1,-8.373786433120E-1,0.E0));
#406=VECTOR('',#405,5.990578361162E-2);
#407=CARTESIAN_POINT('',(-9.6535E-1,2.478655318651E0,-4.E-1));
#408=LINE('',#407,#406);
#409=DIRECTION('',(8.265991871191E-1,-5.627910658976E-1,0.E0));
#410=VECTOR('',#409,5.942269332637E-2);
#411=CARTESIAN_POINT('',(-9.326041042089E-1,2.428491494843E0,-4.E-1));
#412=LINE('',#411,#410);
#413=DIRECTION('',(9.689176611437E-1,-2.473834390653E-1,0.E0));
#414=VECTOR('',#413,6.759253839138E-2);
#415=CARTESIAN_POINT('',(-8.834853542089E-1,2.395048933928E0,-4.E-1));
#416=LINE('',#415,#414);
#417=DIRECTION('',(1.E0,0.E0,0.E0));
#418=VECTOR('',#417,2.947125E-1);
#419=CARTESIAN_POINT('',(-8.1799375E-1,2.378327659325E0,-4.E-1));
#420=LINE('',#419,#418);
#421=DIRECTION('',(0.E0,1.E0,0.E0));
#422=VECTOR('',#421,5.852446930602E-1);
#423=CARTESIAN_POINT('',(-5.2328125E-1,2.378327659325E0,-4.E-1));
#424=LINE('',#423,#422);
#425=DIRECTION('',(1.E0,0.E0,0.E0));
#426=VECTOR('',#425,1.309832084179E-1);
#427=CARTESIAN_POINT('',(-1.60389375E0,3.0639E0,-4.E-1));
#428=LINE('',#427,#426);
#429=DIRECTION('',(3.162279017271E-1,-9.486832528138E-1,0.E0));
#430=VECTOR('',#429,8.284113772105E-1);
#431=CARTESIAN_POINT('',(-1.472910541582E0,3.0639E0,-4.E-1));
#432=LINE('',#431,#430);
#433=DIRECTION('',(-1.E0,0.E0,0.E0));
#434=VECTOR('',#433,9.82375E-2);
#435=CARTESIAN_POINT('',(-1.21094375E0,2.278E0,-4.E-1));
#436=LINE('',#435,#434);
#437=DIRECTION('',(-3.102805670740E-1,9.506450282288E-1,0.E0));
#438=VECTOR('',#437,2.110728112937E-1);
#439=CARTESIAN_POINT('',(-1.30918125E0,2.278E0,-4.E-1));
#440=LINE('',#439,#438);
#441=DIRECTION('',(-1.E0,0.E0,0.E0));
#442=VECTOR('',#441,3.274582084179E-1);
#443=CARTESIAN_POINT('',(-1.374673041582E0,2.478655318651E0,-4.E-1));
#444=LINE('',#443,#442);
#445=DIRECTION('',(-3.102805670740E-1,-9.506450282288E-1,0.E0));
#446=VECTOR('',#445,2.110728112937E-1);
#447=CARTESIAN_POINT('',(-1.70213125E0,2.478655318651E0,-4.E-1));
#448=LINE('',#447,#446);
#449=DIRECTION('',(-1.E0,0.E0,0.E0));
#450=VECTOR('',#449,9.82375E-2);
#451=CARTESIAN_POINT('',(-1.767623041582E0,2.278E0,-4.E-1));
#452=LINE('',#451,#450);
#453=DIRECTION('',(3.162279017271E-1,9.486832528138E-1,0.E0));
#454=VECTOR('',#453,8.284113772105E-1);
#455=CARTESIAN_POINT('',(-1.865860541582E0,2.278E0,-4.E-1));
#456=LINE('',#455,#454);
#457=DIRECTION('',(-3.102800213276E-1,-9.506452063546E-1,0.E0));
#458=VECTOR('',#457,4.749137549027E-1);
#459=CARTESIAN_POINT('',(-1.538401958418E0,2.997014901590E0,-4.E-1));
#460=LINE('',#459,#458);
#461=DIRECTION('',(1.E0,0.E0,0.E0));
#462=VECTOR('',#461,2.947125E-1);
#463=CARTESIAN_POINT('',(-1.685758208418E0,2.545540417060E0,-4.E-1));
#464=LINE('',#463,#462);
#465=DIRECTION('',(-3.102800213276E-1,9.506452063546E-1,0.E0));
#466=VECTOR('',#465,4.749137549027E-1);
#467=CARTESIAN_POINT('',(-1.391045708418E0,2.545540417060E0,-4.E-1));
#468=LINE('',#467,#466);
#469=DIRECTION('',(0.E0,0.E0,-1.E0));
#470=VECTOR('',#469,1.E-1);
#471=CARTESIAN_POINT('',(-2.E0,0.E0,-4.E-1));
#472=LINE('',#471,#470);
#473=DIRECTION('',(0.E0,0.E0,-1.E0));
#474=VECTOR('',#473,1.E-1);
#475=CARTESIAN_POINT('',(2.E0,0.E0,-4.E-1));
#476=LINE('',#475,#474);
#477=CARTESIAN_POINT('',(0.E0,0.E0,-5.E-1));
#478=DIRECTION('',(0.E0,0.E0,-1.E0));
#479=DIRECTION('',(-1.E0,0.E0,0.E0));
#480=AXIS2_PLACEMENT_3D('',#477,#478,#479);
#482=CARTESIAN_POINT('',(0.E0,0.E0,-5.E-1));
#483=DIRECTION('',(0.E0,0.E0,-1.E0));
#484=DIRECTION('',(1.E0,0.E0,0.E0));
#485=AXIS2_PLACEMENT_3D('',#482,#483,#484);
#487=CARTESIAN_POINT('',(0.E0,0.E0,-5.E-1));
#488=DIRECTION('',(0.E0,0.E0,-1.E0));
#489=DIRECTION('',(-1.E0,0.E0,0.E0));
#490=AXIS2_PLACEMENT_3D('',#487,#488,#489);
#492=CARTESIAN_POINT('',(0.E0,0.E0,-5.E-1));
#493=DIRECTION('',(0.E0,0.E0,-1.E0));
#494=DIRECTION('',(1.E0,0.E0,0.E0));
#495=AXIS2_PLACEMENT_3D('',#492,#493,#494);
#497=CARTESIAN_POINT('',(0.E0,0.E0,-5.E-1));
#498=DIRECTION('',(0.E0,0.E0,-1.E0));
#499=DIRECTION('',(1.E0,0.E0,0.E0));
#500=AXIS2_PLACEMENT_3D('',#497,#498,#499);
#502=CARTESIAN_POINT('',(0.E0,0.E0,-5.E-1));
#503=DIRECTION('',(0.E0,0.E0,-1.E0));
#504=DIRECTION('',(-1.E0,0.E0,0.E0));
#505=AXIS2_PLACEMENT_3D('',#502,#503,#504);
#507=CARTESIAN_POINT('',(0.E0,0.E0,-1.795E0));
#508=DIRECTION('',(0.E0,0.E0,-1.E0));
#509=DIRECTION('',(-1.E0,0.E0,0.E0));
#510=AXIS2_PLACEMENT_3D('',#507,#508,#509);
#512=DIRECTION('',(1.931040483728E-10,-3.044185807051E-10,-1.E0));
#513=VECTOR('',#512,1.295000000250E0);
#514=CARTESIAN_POINT('',(-1.E0,0.E0,-5.E-1));
#515=LINE('',#514,#513);
#516=DIRECTION('',(-7.071067811865E-1,8.158744921944E-11,7.071067811865E-1));
#517=VECTOR('',#516,2.899137803077E-1);
#518=CARTESIAN_POINT('',(-7.949999997349E-1,-4.178755512043E-10,
-2.000000000265E0));
#519=LINE('',#518,#517);
#520=CARTESIAN_POINT('',(0.E0,0.E0,-2.E0));
#521=DIRECTION('',(0.E0,0.E0,1.E0));
#522=DIRECTION('',(-1.E0,0.E0,0.E0));
#523=AXIS2_PLACEMENT_3D('',#520,#521,#522);
#525=CARTESIAN_POINT('',(0.E0,0.E0,-2.E0));
#526=DIRECTION('',(0.E0,0.E0,1.E0));
#527=DIRECTION('',(1.E0,0.E0,0.E0));
#528=AXIS2_PLACEMENT_3D('',#525,#526,#527);
#530=CARTESIAN_POINT('',(0.E0,4.5E0,-2.E0));
#531=DIRECTION('',(0.E0,0.E0,1.E0));
#532=DIRECTION('',(-1.E0,0.E0,0.E0));
#533=AXIS2_PLACEMENT_3D('',#530,#531,#532);
#535=CARTESIAN_POINT('',(0.E0,4.5E0,-2.E0));
#536=DIRECTION('',(0.E0,0.E0,1.E0));
#537=DIRECTION('',(1.E0,0.E0,0.E0));
#538=AXIS2_PLACEMENT_3D('',#535,#536,#537);
#540=CARTESIAN_POINT('',(0.E0,0.E0,-2.E0));
#541=DIRECTION('',(0.E0,0.E0,-1.E0));
#542=DIRECTION('',(1.E0,0.E0,0.E0));
#543=AXIS2_PLACEMENT_3D('',#540,#541,#542);
#545=CARTESIAN_POINT('',(0.E0,0.E0,-2.E0));
#546=DIRECTION('',(0.E0,0.E0,-1.E0));
#547=DIRECTION('',(-1.E0,0.E0,0.E0));
#548=AXIS2_PLACEMENT_3D('',#545,#546,#547);
#550=CARTESIAN_POINT('',(0.E0,4.5E0,-2.E0));
#551=DIRECTION('',(0.E0,0.E0,-1.E0));
#552=DIRECTION('',(1.E0,0.E0,0.E0));
#553=AXIS2_PLACEMENT_3D('',#550,#551,#552);
#555=CARTESIAN_POINT('',(0.E0,4.5E0,-2.E0));
#556=DIRECTION('',(0.E0,0.E0,-1.E0));
#557=DIRECTION('',(-1.E0,0.E0,0.E0));
#558=AXIS2_PLACEMENT_3D('',#555,#556,#557);
#560=DIRECTION('',(0.E0,0.E0,-1.E0));
#561=VECTOR('',#560,1.5E0);
#562=CARTESIAN_POINT('',(-6.E-1,0.E0,-5.E-1));
#563=LINE('',#562,#561);
#564=DIRECTION('',(0.E0,0.E0,-1.E0));
#565=VECTOR('',#564,1.5E0);
#566=CARTESIAN_POINT('',(6.E-1,0.E0,-5.E-1));
#567=LINE('',#566,#565);
#568=DIRECTION('',(0.E0,0.E0,-1.E0));
#569=VECTOR('',#568,2.E0);
#570=CARTESIAN_POINT('',(-4.E-1,4.5E0,0.E0));
#571=LINE('',#570,#569);
#572=CARTESIAN_POINT('',(0.E0,4.5E0,0.E0));
#573=DIRECTION('',(0.E0,0.E0,-1.E0));
#574=DIRECTION('',(-1.E0,0.E0,0.E0));
#575=AXIS2_PLACEMENT_3D('',#572,#573,#574);
#577=CARTESIAN_POINT('',(0.E0,4.5E0,0.E0));
#578=DIRECTION('',(0.E0,0.E0,-1.E0));
#579=DIRECTION('',(1.E0,0.E0,0.E0));
#580=AXIS2_PLACEMENT_3D('',#577,#578,#579);
#582=CARTESIAN_POINT('',(0.E0,2.E-1,0.E0));
#583=DIRECTION('',(0.E0,0.E0,-1.E0));
#584=DIRECTION('',(1.737540716486E-1,9.847890751758E-1,0.E0));
#585=AXIS2_PLACEMENT_3D('',#582,#583,#584);
#587=DIRECTION('',(0.E0,-1.E0,0.E0));
#588=VECTOR('',#587,4.781780460041E0);
#589=CARTESIAN_POINT('',(3.7E0,2.390890230021E0,0.E0));
#590=LINE('',#589,#588);
#591=CARTESIAN_POINT('',(0.E0,-2.E-1,0.E0));
#592=DIRECTION('',(0.E0,0.E0,-1.E0));
#593=DIRECTION('',(8.604651162791E-1,-5.095093558188E-1,0.E0));
#594=AXIS2_PLACEMENT_3D('',#591,#592,#593);
#596=DIRECTION('',(0.E0,1.E0,0.E0));
#597=VECTOR('',#596,4.781780460041E0);
#598=CARTESIAN_POINT('',(-3.7E0,-2.390890230021E0,0.E0));
#599=LINE('',#598,#597);
#600=CARTESIAN_POINT('',(0.E0,2.E-1,0.E0));
#601=DIRECTION('',(0.E0,0.E0,-1.E0));
#602=DIRECTION('',(-8.604651162791E-1,5.095093558188E-1,0.E0));
#603=AXIS2_PLACEMENT_3D('',#600,#601,#602);
#605=CARTESIAN_POINT('',(0.E0,4.5E0,0.E0));
#606=DIRECTION('',(0.E0,0.E0,-1.E0));
#607=DIRECTION('',(-9.961900107850E-1,-8.720930232558E-2,0.E0));
#608=AXIS2_PLACEMENT_3D('',#605,#606,#607);
#610=CARTESIAN_POINT('',(0.E0,4.5E0,0.E0));
#611=DIRECTION('',(0.E0,0.E0,-1.E0));
#612=DIRECTION('',(1.E0,0.E0,0.E0));
#613=AXIS2_PLACEMENT_3D('',#610,#611,#612);
#615=CARTESIAN_POINT('',(0.E0,4.5E0,0.E0));
#616=DIRECTION('',(0.E0,0.E0,-1.E0));
#617=DIRECTION('',(-1.E0,0.E0,0.E0));
#618=AXIS2_PLACEMENT_3D('',#615,#616,#617);
#620=CARTESIAN_POINT('',(0.E0,4.5E0,0.E0));
#621=DIRECTION('',(0.E0,0.E0,-1.E0));
#622=DIRECTION('',(-9.989177486007E-1,-4.651162790698E-2,0.E0));
#623=AXIS2_PLACEMENT_3D('',#620,#621,#622);
#625=CARTESIAN_POINT('',(0.E0,2.E-1,0.E0));
#626=DIRECTION('',(0.E0,0.E0,-1.E0));
#627=DIRECTION('',(-9.292258126518E-2,9.956733369389E-1,0.E0));
#628=AXIS2_PLACEMENT_3D('',#625,#626,#627);
#630=DIRECTION('',(0.E0,-1.E0,0.E0));
#631=VECTOR('',#630,5.4E0);
#632=CARTESIAN_POINT('',(5.35E0,2.7E0,0.E0));
#633=LINE('',#632,#631);
#634=DIRECTION('',(-1.E0,0.E0,0.E0));
#635=VECTOR('',#634,1.1E0);
#636=CARTESIAN_POINT('',(5.35E0,2.7E0,0.E0));
#637=LINE('',#636,#635);
#638=DIRECTION('',(-7.327934916263E-1,6.804510993673E-1,0.E0));
#639=VECTOR('',#638,1.910497317454E0);
#640=CARTESIAN_POINT('',(4.25E0,2.7E0,0.E0));
#641=LINE('',#640,#639);
#642=DIRECTION('',(0.E0,1.E0,0.E0));
#643=VECTOR('',#642,7.E-1);
#644=CARTESIAN_POINT('',(2.85E0,4.E0,0.E0));
#645=LINE('',#644,#643);
#646=DIRECTION('',(-1.E0,0.E0,0.E0));
#647=VECTOR('',#646,5.E-1);
#648=CARTESIAN_POINT('',(3.35E0,4.7E0,0.E0));
#649=LINE('',#648,#647);
#650=DIRECTION('',(0.E0,-1.E0,0.E0));
#651=VECTOR('',#650,1.3E0);
#652=CARTESIAN_POINT('',(3.35E0,6.E0,0.E0));
#653=LINE('',#652,#651);
#654=DIRECTION('',(-1.E0,0.E0,0.E0));
#655=VECTOR('',#654,6.7E0);
#656=CARTESIAN_POINT('',(3.35E0,6.E0,0.E0));
#657=LINE('',#656,#655);
#658=DIRECTION('',(0.E0,-1.E0,0.E0));
#659=VECTOR('',#658,1.3E0);
#660=CARTESIAN_POINT('',(-3.35E0,6.E0,0.E0));
#661=LINE('',#660,#659);
#662=DIRECTION('',(1.E0,0.E0,0.E0));
#663=VECTOR('',#662,5.E-1);
#664=CARTESIAN_POINT('',(-3.35E0,4.7E0,0.E0));
#665=LINE('',#664,#663);
#666=DIRECTION('',(0.E0,-1.E0,0.E0));
#667=VECTOR('',#666,7.E-1);
#668=CARTESIAN_POINT('',(-2.85E0,4.7E0,0.E0));
#669=LINE('',#668,#667);
#670=DIRECTION('',(-7.327934916263E-1,-6.804510993673E-1,0.E0));
#671=VECTOR('',#670,1.910497317454E0);
#672=CARTESIAN_POINT('',(-2.85E0,4.E0,0.E0));
#673=LINE('',#672,#671);
#674=DIRECTION('',(1.E0,0.E0,0.E0));
#675=VECTOR('',#674,1.1E0);
#676=CARTESIAN_POINT('',(-5.35E0,2.7E0,0.E0));
#677=LINE('',#676,#675);
#678=DIRECTION('',(0.E0,-1.E0,0.E0));
#679=VECTOR('',#678,5.4E0);
#680=CARTESIAN_POINT('',(-5.35E0,2.7E0,0.E0));
#681=LINE('',#680,#679);
#682=DIRECTION('',(1.E0,0.E0,0.E0));
#683=VECTOR('',#682,1.1E0);
#684=CARTESIAN_POINT('',(-5.35E0,-2.7E0,0.E0));
#685=LINE('',#684,#683);
#686=DIRECTION('',(7.327934916263E-1,-6.804510993673E-1,0.E0));
#687=VECTOR('',#686,1.910497317454E0);
#688=CARTESIAN_POINT('',(-4.25E0,-2.7E0,0.E0));
#689=LINE('',#688,#687);
#690=DIRECTION('',(0.E0,-1.E0,0.E0));
#691=VECTOR('',#690,7.E-1);
#692=CARTESIAN_POINT('',(-2.85E0,-4.E0,0.E0));
#693=LINE('',#692,#691);
#694=DIRECTION('',(1.E0,0.E0,0.E0));
#695=VECTOR('',#694,5.E-1);
#696=CARTESIAN_POINT('',(-3.35E0,-4.7E0,0.E0));
#697=LINE('',#696,#695);
#698=DIRECTION('',(0.E0,1.E0,0.E0));
#699=VECTOR('',#698,1.3E0);
#700=CARTESIAN_POINT('',(-3.35E0,-6.E0,0.E0));
#701=LINE('',#700,#699);
#702=DIRECTION('',(1.E0,0.E0,0.E0));
#703=VECTOR('',#702,6.7E0);
#704=CARTESIAN_POINT('',(-3.35E0,-6.E0,0.E0));
#705=LINE('',#704,#703);
#706=DIRECTION('',(0.E0,1.E0,0.E0));
#707=VECTOR('',#706,1.3E0);
#708=CARTESIAN_POINT('',(3.35E0,-6.E0,0.E0));
#709=LINE('',#708,#707);
#710=DIRECTION('',(-1.E0,0.E0,0.E0));
#711=VECTOR('',#710,5.E-1);
#712=CARTESIAN_POINT('',(3.35E0,-4.7E0,0.E0));
#713=LINE('',#712,#711);
#714=DIRECTION('',(0.E0,1.E0,0.E0));
#715=VECTOR('',#714,7.E-1);
#716=CARTESIAN_POINT('',(2.85E0,-4.7E0,0.E0));
#717=LINE('',#716,#715);
#718=DIRECTION('',(7.327934916263E-1,6.804510993673E-1,0.E0));
#719=VECTOR('',#718,1.910497317454E0);
#720=CARTESIAN_POINT('',(2.85E0,-4.E0,0.E0));
#721=LINE('',#720,#719);
#722=DIRECTION('',(-1.E0,0.E0,0.E0));
#723=VECTOR('',#722,1.1E0);
#724=CARTESIAN_POINT('',(5.35E0,-2.7E0,0.E0));
#725=LINE('',#724,#723);
#726=CARTESIAN_POINT('',(0.E0,4.5E0,-1.795E0));
#727=DIRECTION('',(0.E0,0.E0,-1.E0));
#728=DIRECTION('',(-1.E0,0.E0,0.E0));
#729=AXIS2_PLACEMENT_3D('',#726,#727,#728);
#731=DIRECTION('',(1.797910009962E-10,-5.803253883824E-10,-1.E0));
#732=VECTOR('',#731,1.795000000323E0);
#733=CARTESIAN_POINT('',(-7.5E-1,4.5E0,0.E0));
#734=LINE('',#733,#732);
#735=DIRECTION('',(-7.071067811865E-1,-1.117844558737E-10,7.071067811865E-1));
#736=VECTOR('',#735,2.899137802723E-1);
#737=CARTESIAN_POINT('',(-5.449999996873E-1,4.499999998991E0,
-2.000000000313E0));
#738=LINE('',#737,#736);
#739=DIRECTION('',(7.071067811865E-1,1.117844558737E-10,7.071067811865E-1));
#740=VECTOR('',#739,2.899137802723E-1);
#741=CARTESIAN_POINT('',(5.449999996873E-1,4.500000001009E0,-2.000000000313E0));
#742=LINE('',#741,#740);
#743=CARTESIAN_POINT('',(0.E0,4.5E0,-1.795E0));
#744=DIRECTION('',(0.E0,0.E0,-1.E0));
#745=DIRECTION('',(1.E0,0.E0,0.E0));
#746=AXIS2_PLACEMENT_3D('',#743,#744,#745);
#748=DIRECTION('',(-1.797910009962E-10,5.803253883824E-10,-1.E0));
#749=VECTOR('',#748,1.795000000323E0);
#750=CARTESIAN_POINT('',(7.5E-1,4.5E0,0.E0));
#751=LINE('',#750,#749);
#752=DIRECTION('',(0.E0,0.E0,-1.E0));
#753=VECTOR('',#752,4.E-1);
#754=CARTESIAN_POINT('',(-7.471425080888E-1,4.434593023256E0,0.E0));
#755=LINE('',#754,#753);
#756=DIRECTION('',(0.E0,0.E0,-1.E0));
#757=VECTOR('',#756,4.E-1);
#758=CARTESIAN_POINT('',(-3.7E0,2.390890230021E0,0.E0));
#759=LINE('',#758,#757);
#760=DIRECTION('',(0.E0,0.E0,-1.E0));
#761=VECTOR('',#760,4.E-1);
#762=CARTESIAN_POINT('',(7.471425080888E-1,4.434593023256E0,0.E0));
#763=LINE('',#762,#761);
#764=DIRECTION('',(0.E0,0.E0,-1.E0));
#765=VECTOR('',#764,4.E-1);
#766=CARTESIAN_POINT('',(-3.995670994403E-1,4.481395348837E0,0.E0));
#767=LINE('',#766,#765);
#768=DIRECTION('',(0.E0,0.E0,-1.E0));
#769=VECTOR('',#768,4.E-1);
#770=CARTESIAN_POINT('',(3.995670994403E-1,4.481395348837E0,0.E0));
#771=LINE('',#770,#769);
#772=DIRECTION('',(0.E0,0.E0,-1.E0));
#773=VECTOR('',#772,4.E-1);
#774=CARTESIAN_POINT('',(-3.7E0,-2.390890230021E0,0.E0));
#775=LINE('',#774,#773);
#776=DIRECTION('',(0.E0,0.E0,-1.E0));
#777=VECTOR('',#776,4.E-1);
#778=CARTESIAN_POINT('',(3.7E0,-2.390890230021E0,0.E0));
#779=LINE('',#778,#777);
#780=DIRECTION('',(0.E0,0.E0,-1.E0));
#781=VECTOR('',#780,4.E-1);
#782=CARTESIAN_POINT('',(3.7E0,2.390890230021E0,0.E0));
#783=LINE('',#782,#781);
#784=DIRECTION('',(0.E0,0.E0,-1.E0));
#785=VECTOR('',#784,2.E0);
#786=CARTESIAN_POINT('',(4.E-1,4.5E0,0.E0));
#787=LINE('',#786,#785);
#788=DIRECTION('',(0.E0,0.E0,1.E0));
#789=VECTOR('',#788,4.E-1);
#790=CARTESIAN_POINT('',(5.35E0,-4.7E0,3.E-1));
#791=LINE('',#790,#789);
#792=DIRECTION('',(0.E0,0.E0,-1.E0));
#793=VECTOR('',#792,4.E-1);
#794=CARTESIAN_POINT('',(5.35E0,4.7E0,7.E-1));
#795=LINE('',#794,#793);
#796=DIRECTION('',(0.E0,0.E0,1.E0));
#797=VECTOR('',#796,1.2E0);
#798=CARTESIAN_POINT('',(5.85E0,-4.7E0,-5.E-1));
#799=LINE('',#798,#797);
#800=DIRECTION('',(0.E0,0.E0,-1.E0));
#801=VECTOR('',#800,5.E-1);
#802=CARTESIAN_POINT('',(3.35E0,-4.7E0,0.E0));
#803=LINE('',#802,#801);
#804=DIRECTION('',(0.E0,0.E0,-1.E0));
#805=VECTOR('',#804,1.2E0);
#806=CARTESIAN_POINT('',(5.85E0,5.E0,7.E-1));
#807=LINE('',#806,#805);
#808=CARTESIAN_POINT('',(4.85E0,5.E0,-5.E-1));
#809=DIRECTION('',(0.E0,0.E0,-1.E0));
#810=DIRECTION('',(0.E0,1.E0,0.E0));
#811=AXIS2_PLACEMENT_3D('',#808,#809,#810);
#813=DIRECTION('',(1.E0,0.E0,0.E0));
#814=VECTOR('',#813,1.5E0);
#815=CARTESIAN_POINT('',(3.35E0,6.E0,-5.E-1));
#816=LINE('',#815,#814);
#817=DIRECTION('',(0.E0,1.E0,0.E0));
#818=VECTOR('',#817,1.3E0);
#819=CARTESIAN_POINT('',(3.35E0,4.7E0,-5.E-1));
#820=LINE('',#819,#818);
#821=DIRECTION('',(-1.E0,0.E0,0.E0));
#822=VECTOR('',#821,2.5E0);
#823=CARTESIAN_POINT('',(5.85E0,4.7E0,-5.E-1));
#824=LINE('',#823,#822);
#825=DIRECTION('',(0.E0,-1.E0,0.E0));
#826=VECTOR('',#825,3.E-1);
#827=CARTESIAN_POINT('',(5.85E0,5.E0,-5.E-1));
#828=LINE('',#827,#826);
#829=CARTESIAN_POINT('',(-4.85E0,5.E0,-5.E-1));
#830=DIRECTION('',(0.E0,0.E0,-1.E0));
#831=DIRECTION('',(-1.E0,0.E0,0.E0));
#832=AXIS2_PLACEMENT_3D('',#829,#830,#831);
#834=DIRECTION('',(0.E0,1.E0,0.E0));
#835=VECTOR('',#834,3.E-1);
#836=CARTESIAN_POINT('',(-5.85E0,4.7E0,-5.E-1));
#837=LINE('',#836,#835);
#838=DIRECTION('',(-1.E0,0.E0,0.E0));
#839=VECTOR('',#838,2.5E0);
#840=CARTESIAN_POINT('',(-3.35E0,4.7E0,-5.E-1));
#841=LINE('',#840,#839);
#842=DIRECTION('',(0.E0,-1.E0,0.E0));
#843=VECTOR('',#842,1.3E0);
#844=CARTESIAN_POINT('',(-3.35E0,6.E0,-5.E-1));
#845=LINE('',#844,#843);
#846=DIRECTION('',(1.E0,0.E0,0.E0));
#847=VECTOR('',#846,1.5E0);
#848=CARTESIAN_POINT('',(-4.85E0,6.E0,-5.E-1));
#849=LINE('',#848,#847);
#850=CARTESIAN_POINT('',(4.85E0,-5.E0,-5.E-1));
#851=DIRECTION('',(0.E0,0.E0,-1.E0));
#852=DIRECTION('',(1.E0,0.E0,0.E0));
#853=AXIS2_PLACEMENT_3D('',#850,#851,#852);
#855=DIRECTION('',(0.E0,-1.E0,0.E0));
#856=VECTOR('',#855,3.E-1);
#857=CARTESIAN_POINT('',(5.85E0,-4.7E0,-5.E-1));
#858=LINE('',#857,#856);
#859=DIRECTION('',(1.E0,0.E0,0.E0));
#860=VECTOR('',#859,2.5E0);
#861=CARTESIAN_POINT('',(3.35E0,-4.7E0,-5.E-1));
#862=LINE('',#861,#860);
#863=DIRECTION('',(0.E0,1.E0,0.E0));
#864=VECTOR('',#863,1.3E0);
#865=CARTESIAN_POINT('',(3.35E0,-6.E0,-5.E-1));
#866=LINE('',#865,#864);
#867=DIRECTION('',(-1.E0,0.E0,0.E0));
#868=VECTOR('',#867,1.5E0);
#869=CARTESIAN_POINT('',(4.85E0,-6.E0,-5.E-1));
#870=LINE('',#869,#868);
#871=CARTESIAN_POINT('',(-4.85E0,-5.E0,-5.E-1));
#872=DIRECTION('',(0.E0,0.E0,-1.E0));
#873=DIRECTION('',(0.E0,-1.E0,0.E0));
#874=AXIS2_PLACEMENT_3D('',#871,#872,#873);
#876=DIRECTION('',(-1.E0,0.E0,0.E0));
#877=VECTOR('',#876,1.5E0);
#878=CARTESIAN_POINT('',(-3.35E0,-6.E0,-5.E-1));
#879=LINE('',#878,#877);
#880=DIRECTION('',(0.E0,-1.E0,0.E0));
#881=VECTOR('',#880,1.3E0);
#882=CARTESIAN_POINT('',(-3.35E0,-4.7E0,-5.E-1));
#883=LINE('',#882,#881);
#884=DIRECTION('',(1.E0,0.E0,0.E0));
#885=VECTOR('',#884,2.5E0);
#886=CARTESIAN_POINT('',(-5.85E0,-4.7E0,-5.E-1));
#887=LINE('',#886,#885);
#888=DIRECTION('',(0.E0,1.E0,0.E0));
#889=VECTOR('',#888,3.E-1);
#890=CARTESIAN_POINT('',(-5.85E0,-5.E0,-5.E-1));
#891=LINE('',#890,#889);
#892=DIRECTION('',(0.E0,0.E0,-1.E0));
#893=VECTOR('',#892,5.E-1);
#894=CARTESIAN_POINT('',(3.35E0,6.E0,0.E0));
#895=LINE('',#894,#893);
#896=DIRECTION('',(0.E0,0.E0,1.E0));
#897=VECTOR('',#896,1.2E0);
#898=CARTESIAN_POINT('',(4.85E0,6.E0,-5.E-1));
#899=LINE('',#898,#897);
#900=DIRECTION('',(0.E0,0.E0,1.E0));
#901=VECTOR('',#900,1.2E0);
#902=CARTESIAN_POINT('',(-4.85E0,6.E0,-5.E-1));
#903=LINE('',#902,#901);
#904=DIRECTION('',(0.E0,0.E0,1.E0));
#905=VECTOR('',#904,1.2E0);
#906=CARTESIAN_POINT('',(-5.85E0,5.E0,-5.E-1));
#907=LINE('',#906,#905);
#908=DIRECTION('',(0.E0,0.E0,-1.E0));
#909=VECTOR('',#908,1.2E0);
#910=CARTESIAN_POINT('',(-5.85E0,-4.7E0,7.E-1));
#911=LINE('',#910,#909);
#912=DIRECTION('',(0.E0,0.E0,1.E0));
#913=VECTOR('',#912,3.E-1);
#914=CARTESIAN_POINT('',(-2.85E0,-4.7E0,0.E0));
#915=LINE('',#914,#913);
#916=DIRECTION('',(0.E0,1.E0,0.E0));
#917=VECTOR('',#916,2.E0);
#918=CARTESIAN_POINT('',(-5.35E0,-4.7E0,3.E-1));
#919=LINE('',#918,#917);
#920=DIRECTION('',(-1.E0,0.E0,0.E0));
#921=VECTOR('',#920,2.5E0);
#922=CARTESIAN_POINT('',(-2.85E0,-4.7E0,3.E-1));
#923=LINE('',#922,#921);
#924=DIRECTION('',(0.E0,-1.E0,0.E0));
#925=VECTOR('',#924,7.E-1);
#926=CARTESIAN_POINT('',(-2.85E0,-4.E0,3.E-1));
#927=LINE('',#926,#925);
#928=DIRECTION('',(7.327934916263E-1,-6.804510993673E-1,0.E0));
#929=VECTOR('',#928,1.910497317454E0);
#930=CARTESIAN_POINT('',(-4.25E0,-2.7E0,3.E-1));
#931=LINE('',#930,#929);
#932=DIRECTION('',(1.E0,0.E0,0.E0));
#933=VECTOR('',#932,1.1E0);
#934=CARTESIAN_POINT('',(-5.35E0,-2.7E0,3.E-1));
#935=LINE('',#934,#933);
#936=DIRECTION('',(0.E0,1.E0,0.E0));
#937=VECTOR('',#936,2.E0);
#938=CARTESIAN_POINT('',(-5.35E0,2.7E0,3.E-1));
#939=LINE('',#938,#937);
#940=DIRECTION('',(-1.E0,0.E0,0.E0));
#941=VECTOR('',#940,1.1E0);
#942=CARTESIAN_POINT('',(-4.25E0,2.7E0,3.E-1));
#943=LINE('',#942,#941);
#944=DIRECTION('',(-7.327934916263E-1,-6.804510993673E-1,0.E0));
#945=VECTOR('',#944,1.910497317454E0);
#946=CARTESIAN_POINT('',(-2.85E0,4.E0,3.E-1));
#947=LINE('',#946,#945);
#948=DIRECTION('',(0.E0,-1.E0,0.E0));
#949=VECTOR('',#948,7.E-1);
#950=CARTESIAN_POINT('',(-2.85E0,4.7E0,3.E-1));
#951=LINE('',#950,#949);
#952=DIRECTION('',(1.E0,0.E0,0.E0));
#953=VECTOR('',#952,2.5E0);
#954=CARTESIAN_POINT('',(-5.35E0,4.7E0,3.E-1));
#955=LINE('',#954,#953);
#956=DIRECTION('',(0.E0,1.E0,0.E0));
#957=VECTOR('',#956,2.E0);
#958=CARTESIAN_POINT('',(5.35E0,-4.7E0,3.E-1));
#959=LINE('',#958,#957);
#960=DIRECTION('',(1.E0,0.E0,0.E0));
#961=VECTOR('',#960,1.1E0);
#962=CARTESIAN_POINT('',(4.25E0,-2.7E0,3.E-1));
#963=LINE('',#962,#961);
#964=DIRECTION('',(7.327934916263E-1,6.804510993673E-1,0.E0));
#965=VECTOR('',#964,1.910497317454E0);
#966=CARTESIAN_POINT('',(2.85E0,-4.E0,3.E-1));
#967=LINE('',#966,#965);
#968=DIRECTION('',(0.E0,1.E0,0.E0));
#969=VECTOR('',#968,7.E-1);
#970=CARTESIAN_POINT('',(2.85E0,-4.7E0,3.E-1));
#971=LINE('',#970,#969);
#972=DIRECTION('',(-1.E0,0.E0,0.E0));
#973=VECTOR('',#972,2.5E0);
#974=CARTESIAN_POINT('',(5.35E0,-4.7E0,3.E-1));
#975=LINE('',#974,#973);
#976=DIRECTION('',(0.E0,1.E0,0.E0));
#977=VECTOR('',#976,2.E0);
#978=CARTESIAN_POINT('',(5.35E0,2.7E0,3.E-1));
#979=LINE('',#978,#977);
#980=DIRECTION('',(1.E0,0.E0,0.E0));
#981=VECTOR('',#980,2.5E0);
#982=CARTESIAN_POINT('',(2.85E0,4.7E0,3.E-1));
#983=LINE('',#982,#981);
#984=DIRECTION('',(0.E0,1.E0,0.E0));
#985=VECTOR('',#984,7.E-1);
#986=CARTESIAN_POINT('',(2.85E0,4.E0,3.E-1));
#987=LINE('',#986,#985);
#988=DIRECTION('',(-7.327934916263E-1,6.804510993673E-1,0.E0));
#989=VECTOR('',#988,1.910497317454E0);
#990=CARTESIAN_POINT('',(4.25E0,2.7E0,3.E-1));
#991=LINE('',#990,#989);
#992=DIRECTION('',(-1.E0,0.E0,0.E0));
#993=VECTOR('',#992,1.1E0);
#994=CARTESIAN_POINT('',(5.35E0,2.7E0,3.E-1));
#995=LINE('',#994,#993);
#996=DIRECTION('',(0.E0,0.E0,-1.E0));
#997=VECTOR('',#996,4.E-1);
#998=CARTESIAN_POINT('',(-5.35E0,4.7E0,7.E-1));
#999=LINE('',#998,#997);
#1000=DIRECTION('',(0.E0,0.E0,1.E0));
#1001=VECTOR('',#1000,4.E-1);
#1002=CARTESIAN_POINT('',(-5.35E0,-4.7E0,3.E-1));
#1003=LINE('',#1002,#1001);
#1004=DIRECTION('',(0.E0,0.E0,-1.E0));
#1005=VECTOR('',#1004,3.E-1);
#1006=CARTESIAN_POINT('',(-5.35E0,2.7E0,3.E-1));
#1007=LINE('',#1006,#1005);
#1008=DIRECTION('',(0.E0,0.E0,1.E0));
#1009=VECTOR('',#1008,3.E-1);
#1010=CARTESIAN_POINT('',(-4.25E0,2.7E0,0.E0));
#1011=LINE('',#1010,#1009);
#1012=DIRECTION('',(0.E0,0.E0,1.E0));
#1013=VECTOR('',#1012,3.E-1);
#1014=CARTESIAN_POINT('',(-2.85E0,4.E0,0.E0));
#1015=LINE('',#1014,#1013);
#1016=DIRECTION('',(0.E0,0.E0,1.E0));
#1017=VECTOR('',#1016,3.E-1);
#1018=CARTESIAN_POINT('',(-2.85E0,4.7E0,0.E0));
#1019=LINE('',#1018,#1017);
#1020=DIRECTION('',(0.E0,0.E0,1.E0));
#1021=VECTOR('',#1020,1.2E0);
#1022=CARTESIAN_POINT('',(-5.85E0,4.7E0,-5.E-1));
#1023=LINE('',#1022,#1021);
#1024=DIRECTION('',(0.E0,0.E0,-1.E0));
#1025=VECTOR('',#1024,5.E-1);
#1026=CARTESIAN_POINT('',(-3.35E0,4.7E0,0.E0));
#1027=LINE('',#1026,#1025);
#1028=DIRECTION('',(0.E0,-1.E0,0.E0));
#1029=VECTOR('',#1028,9.4E0);
#1030=CARTESIAN_POINT('',(5.35E0,4.7E0,7.E-1));
#1031=LINE('',#1030,#1029);
#1032=DIRECTION('',(-1.E0,0.E0,0.E0));
#1033=VECTOR('',#1032,5.E-1);
#1034=CARTESIAN_POINT('',(5.85E0,-4.7E0,7.E-1));
#1035=LINE('',#1034,#1033);
#1036=DIRECTION('',(0.E0,1.E0,0.E0));
#1037=VECTOR('',#1036,3.E-1);
#1038=CARTESIAN_POINT('',(5.85E0,-5.E0,7.E-1));
#1039=LINE('',#1038,#1037);
#1040=CARTESIAN_POINT('',(4.85E0,-5.E0,7.E-1));
#1041=DIRECTION('',(0.E0,0.E0,1.E0));
#1042=DIRECTION('',(0.E0,-1.E0,0.E0));
#1043=AXIS2_PLACEMENT_3D('',#1040,#1041,#1042);
#1045=DIRECTION('',(1.E0,0.E0,0.E0));
#1046=VECTOR('',#1045,9.7E0);
#1047=CARTESIAN_POINT('',(-4.85E0,-6.E0,7.E-1));
#1048=LINE('',#1047,#1046);
#1049=CARTESIAN_POINT('',(-4.85E0,-5.E0,7.E-1));
#1050=DIRECTION('',(0.E0,0.E0,1.E0));
#1051=DIRECTION('',(-1.E0,0.E0,0.E0));
#1052=AXIS2_PLACEMENT_3D('',#1049,#1050,#1051);
#1054=DIRECTION('',(0.E0,-1.E0,0.E0));
#1055=VECTOR('',#1054,3.E-1);
#1056=CARTESIAN_POINT('',(-5.85E0,-4.7E0,7.E-1));
#1057=LINE('',#1056,#1055);
#1058=DIRECTION('',(1.E0,0.E0,0.E0));
#1059=VECTOR('',#1058,5.E-1);
#1060=CARTESIAN_POINT('',(-5.85E0,-4.7E0,7.E-1));
#1061=LINE('',#1060,#1059);
#1062=DIRECTION('',(0.E0,-1.E0,0.E0));
#1063=VECTOR('',#1062,9.4E0);
#1064=CARTESIAN_POINT('',(-5.35E0,4.7E0,7.E-1));
#1065=LINE('',#1064,#1063);
#1066=DIRECTION('',(1.E0,0.E0,0.E0));
#1067=VECTOR('',#1066,5.E-1);
#1068=CARTESIAN_POINT('',(-5.85E0,4.7E0,7.E-1));
#1069=LINE('',#1068,#1067);
#1070=DIRECTION('',(0.E0,-1.E0,0.E0));
#1071=VECTOR('',#1070,3.E-1);
#1072=CARTESIAN_POINT('',(-5.85E0,5.E0,7.E-1));
#1073=LINE('',#1072,#1071);
#1074=CARTESIAN_POINT('',(-4.85E0,5.E0,7.E-1));
#1075=DIRECTION('',(0.E0,0.E0,1.E0));
#1076=DIRECTION('',(0.E0,1.E0,0.E0));
#1077=AXIS2_PLACEMENT_3D('',#1074,#1075,#1076);
#1079=DIRECTION('',(-1.E0,0.E0,0.E0));
#1080=VECTOR('',#1079,9.7E0);
#1081=CARTESIAN_POINT('',(4.85E0,6.E0,7.E-1));
#1082=LINE('',#1081,#1080);
#1083=CARTESIAN_POINT('',(4.85E0,5.E0,7.E-1));
#1084=DIRECTION('',(0.E0,0.E0,1.E0));
#1085=DIRECTION('',(1.E0,0.E0,0.E0));
#1086=AXIS2_PLACEMENT_3D('',#1083,#1084,#1085);
#1088=DIRECTION('',(0.E0,1.E0,0.E0));
#1089=VECTOR('',#1088,3.E-1);
#1090=CARTESIAN_POINT('',(5.85E0,4.7E0,7.E-1));
#1091=LINE('',#1090,#1089);
#1092=DIRECTION('',(-1.E0,0.E0,0.E0));
#1093=VECTOR('',#1092,5.E-1);
#1094=CARTESIAN_POINT('',(5.85E0,4.7E0,7.E-1));
#1095=LINE('',#1094,#1093);
#1096=DIRECTION('',(0.E0,0.E0,-1.E0));
#1097=VECTOR('',#1096,1.2E0);
#1098=CARTESIAN_POINT('',(5.85E0,-5.E0,7.E-1));
#1099=LINE('',#1098,#1097);
#1100=DIRECTION('',(0.E0,0.E0,-1.E0));
#1101=VECTOR('',#1100,5.E-1);
#1102=CARTESIAN_POINT('',(-3.35E0,-6.E0,0.E0));
#1103=LINE('',#1102,#1101);
#1104=DIRECTION('',(0.E0,0.E0,-1.E0));
#1105=VECTOR('',#1104,1.2E0);
#1106=CARTESIAN_POINT('',(4.85E0,-6.E0,7.E-1));
#1107=LINE('',#1106,#1105);
#1108=DIRECTION('',(0.E0,0.E0,-1.E0));
#1109=VECTOR('',#1108,5.E-1);
#1110=CARTESIAN_POINT('',(-3.35E0,-4.7E0,0.E0));
#1111=LINE('',#1110,#1109);
#1112=DIRECTION('',(0.E0,0.E0,-1.E0));
#1113=VECTOR('',#1112,1.2E0);
#1114=CARTESIAN_POINT('',(-4.85E0,-6.E0,7.E-1));
#1115=LINE('',#1114,#1113);
#1116=DIRECTION('',(0.E0,0.E0,1.E0));
#1117=VECTOR('',#1116,1.2E0);
#1118=CARTESIAN_POINT('',(-5.85E0,-5.E0,-5.E-1));
#1119=LINE('',#1118,#1117);
#1120=DIRECTION('',(0.E0,0.E0,-1.E0));
#1121=VECTOR('',#1120,5.E-1);
#1122=CARTESIAN_POINT('',(3.35E0,-6.E0,0.E0));
#1123=LINE('',#1122,#1121);
#1124=DIRECTION('',(0.E0,0.E0,-1.E0));
#1125=VECTOR('',#1124,1.2E0);
#1126=CARTESIAN_POINT('',(5.85E0,4.7E0,7.E-1));
#1127=LINE('',#1126,#1125);
#1128=DIRECTION('',(0.E0,0.E0,1.E0));
#1129=VECTOR('',#1128,3.E-1);
#1130=CARTESIAN_POINT('',(2.85E0,4.7E0,0.E0));
#1131=LINE('',#1130,#1129);
#1132=DIRECTION('',(0.E0,0.E0,-1.E0));
#1133=VECTOR('',#1132,5.E-1);
#1134=CARTESIAN_POINT('',(3.35E0,4.7E0,0.E0));
#1135=LINE('',#1134,#1133);
#1136=DIRECTION('',(0.E0,0.E0,1.E0));
#1137=VECTOR('',#1136,3.E-1);
#1138=CARTESIAN_POINT('',(2.85E0,4.E0,0.E0));
#1139=LINE('',#1138,#1137);
#1140=DIRECTION('',(0.E0,0.E0,1.E0));
#1141=VECTOR('',#1140,3.E-1);
#1142=CARTESIAN_POINT('',(4.25E0,2.7E0,0.E0));
#1143=LINE('',#1142,#1141);
#1144=DIRECTION('',(0.E0,0.E0,-1.E0));
#1145=VECTOR('',#1144,3.E-1);
#1146=CARTESIAN_POINT('',(5.35E0,2.7E0,3.E-1));
#1147=LINE('',#1146,#1145);
#1148=DIRECTION('',(0.E0,0.E0,-1.E0));
#1149=VECTOR('',#1148,5.E-1);
#1150=CARTESIAN_POINT('',(-3.35E0,6.E0,0.E0));
#1151=LINE('',#1150,#1149);
#1152=DIRECTION('',(0.E0,0.E0,-1.E0));
#1153=VECTOR('',#1152,3.E-1);
#1154=CARTESIAN_POINT('',(-5.35E0,-2.7E0,3.E-1));
#1155=LINE('',#1154,#1153);
#1156=DIRECTION('',(0.E0,0.E0,1.E0));
#1157=VECTOR('',#1156,3.E-1);
#1158=CARTESIAN_POINT('',(-4.25E0,-2.7E0,0.E0));
#1159=LINE('',#1158,#1157);
#1160=DIRECTION('',(0.E0,0.E0,1.E0));
#1161=VECTOR('',#1160,3.E-1);
#1162=CARTESIAN_POINT('',(-2.85E0,-4.E0,0.E0));
#1163=LINE('',#1162,#1161);
#1164=DIRECTION('',(0.E0,0.E0,-1.E0));
#1165=VECTOR('',#1164,3.E-1);
#1166=CARTESIAN_POINT('',(5.35E0,-2.7E0,3.E-1));
#1167=LINE('',#1166,#1165);
#1168=DIRECTION('',(0.E0,0.E0,1.E0));
#1169=VECTOR('',#1168,3.E-1);
#1170=CARTESIAN_POINT('',(4.25E0,-2.7E0,0.E0));
#1171=LINE('',#1170,#1169);
#1172=DIRECTION('',(0.E0,0.E0,1.E0));
#1173=VECTOR('',#1172,3.E-1);
#1174=CARTESIAN_POINT('',(2.85E0,-4.E0,0.E0));
#1175=LINE('',#1174,#1173);
#1176=DIRECTION('',(0.E0,0.E0,1.E0));
#1177=VECTOR('',#1176,3.E-1);
#1178=CARTESIAN_POINT('',(2.85E0,-4.7E0,0.E0));
#1179=LINE('',#1178,#1177);
#1180=DIRECTION('',(7.071067811865E-1,-8.158794751689E-11,7.071067811865E-1));
#1181=VECTOR('',#1180,2.899137803077E-1);
#1182=CARTESIAN_POINT('',(7.949999997349E-1,4.178760507282E-10,
-2.000000000265E0));
#1183=LINE('',#1182,#1181);
#1184=CARTESIAN_POINT('',(0.E0,0.E0,-1.795E0));
#1185=DIRECTION('',(0.E0,0.E0,-1.E0));
#1186=DIRECTION('',(1.E0,0.E0,0.E0));
#1187=AXIS2_PLACEMENT_3D('',#1184,#1185,#1186);
#1189=DIRECTION('',(-1.931039626413E-10,3.044188864056E-10,-1.E0));
#1190=VECTOR('',#1189,1.295000000250E0);
#1191=CARTESIAN_POINT('',(1.E0,0.E0,-5.E-1));
#1192=LINE('',#1191,#1190);
#1193=DIRECTION('',(0.E0,0.E0,-1.E0));
#1194=VECTOR('',#1193,1.E-1);
#1195=CARTESIAN_POINT('',(1.7853E0,3.0639E0,-4.E-1));
#1196=LINE('',#1195,#1194);
#1197=DIRECTION('',(0.E0,0.E0,-1.E0));
#1198=VECTOR('',#1197,1.E-1);
#1199=CARTESIAN_POINT('',(1.6870625E0,3.0639E0,-4.E-1));
#1200=LINE('',#1199,#1198);
#1201=DIRECTION('',(0.E0,0.E0,-1.E0));
#1202=VECTOR('',#1201,1.E-1);
#1203=CARTESIAN_POINT('',(1.6870625E0,2.378327659325E0,-4.E-1));
#1204=LINE('',#1203,#1202);
#1205=DIRECTION('',(0.E0,0.E0,-1.E0));
#1206=VECTOR('',#1205,1.E-1);
#1207=CARTESIAN_POINT('',(1.195875E0,2.378327659325E0,-4.E-1));
#1208=LINE('',#1207,#1206);
#1209=DIRECTION('',(0.E0,0.E0,-1.E0));
#1210=VECTOR('',#1209,1.E-1);
#1211=CARTESIAN_POINT('',(1.195875E0,2.278E0,-4.E-1));
#1212=LINE('',#1211,#1210);
#1213=DIRECTION('',(0.E0,0.E0,-1.E0));
#1214=VECTOR('',#1213,1.E-1);
#1215=CARTESIAN_POINT('',(1.7853E0,2.278E0,-4.E-1));
#1216=LINE('',#1215,#1214);
#1217=DIRECTION('',(0.E0,-1.E0,0.E0));
#1218=VECTOR('',#1217,7.859E-1);
#1219=CARTESIAN_POINT('',(1.7853E0,3.0639E0,-5.E-1));
#1220=LINE('',#1219,#1218);
#1221=DIRECTION('',(1.E0,0.E0,0.E0));
#1222=VECTOR('',#1221,9.82375E-2);
#1223=CARTESIAN_POINT('',(1.6870625E0,3.0639E0,-5.E-1));
#1224=LINE('',#1223,#1222);
#1225=DIRECTION('',(0.E0,1.E0,0.E0));
#1226=VECTOR('',#1225,6.855723406747E-1);
#1227=CARTESIAN_POINT('',(1.6870625E0,2.378327659325E0,-5.E-1));
#1228=LINE('',#1227,#1226);
#1229=DIRECTION('',(1.E0,0.E0,0.E0));
#1230=VECTOR('',#1229,4.911875E-1);
#1231=CARTESIAN_POINT('',(1.195875E0,2.378327659325E0,-5.E-1));
#1232=LINE('',#1231,#1230);
#1233=DIRECTION('',(0.E0,1.E0,0.E0));
#1234=VECTOR('',#1233,1.003276593253E-1);
#1235=CARTESIAN_POINT('',(1.195875E0,2.278E0,-5.E-1));
#1236=LINE('',#1235,#1234);
#1237=DIRECTION('',(-1.E0,0.E0,0.E0));
#1238=VECTOR('',#1237,5.89425E-1);
#1239=CARTESIAN_POINT('',(1.7853E0,2.278E0,-5.E-1));
#1240=LINE('',#1239,#1238);
#1241=DIRECTION('',(1.E0,0.E0,0.E0));
#1242=VECTOR('',#1241,9.82375E-2);
#1243=CARTESIAN_POINT('',(4.263479478955E-1,2.478655318651E0,-5.E-1));
#1244=LINE('',#1243,#1242);
#1245=DIRECTION('',(-1.921821214477E-1,9.813592778365E-1,0.E0));
#1246=VECTOR('',#1245,8.519447119021E-2);
#1247=CARTESIAN_POINT('',(4.427208021045E-1,2.395048933928E0,-5.E-1));
#1248=LINE('',#1247,#1246);
#1249=DIRECTION('',(-6.996249742329E-1,7.145102486526E-1,0.E0));
#1250=VECTOR('',#1249,9.360971993221E-2);
#1251=CARTESIAN_POINT('',(5.082125E-1,2.328163829663E0,-5.E-1));
#1252=LINE('',#1251,#1250);
#1253=DIRECTION('',(-8.906053505096E-1,4.547769889117E-1,0.E0));
#1254=VECTOR('',#1253,7.353616038580E-2);
#1255=CARTESIAN_POINT('',(5.737041978955E-1,2.294721276066E0,-5.E-1));
#1256=LINE('',#1255,#1254);
#1257=DIRECTION('',(-9.797706908745E-1,2.001234451615E-1,0.E0));
#1258=VECTOR('',#1257,8.355480814741E-2);
#1259=CARTESIAN_POINT('',(6.5556875E-1,2.278E0,-5.E-1));
#1260=LINE('',#1259,#1258);
#1261=DIRECTION('',(-1.E0,0.E0,0.E0));
#1262=VECTOR('',#1261,1.4735625E-1);
#1263=CARTESIAN_POINT('',(8.02925E-1,2.278E0,-5.E-1));
#1264=LINE('',#1263,#1262);
#1265=DIRECTION('',(-9.797706908745E-1,-2.001234451615E-1,0.E0));
#1266=VECTOR('',#1265,8.355480814741E-2);
#1267=CARTESIAN_POINT('',(8.847895521045E-1,2.294721276066E0,-5.E-1));
#1268=LINE('',#1267,#1266);
#1269=DIRECTION('',(-8.906053505096E-1,-4.547769889117E-1,0.E0));
#1270=VECTOR('',#1269,7.353616038580E-2);
#1271=CARTESIAN_POINT('',(9.5028125E-1,2.328163829663E0,-5.E-1));
#1272=LINE('',#1271,#1270);
#1273=DIRECTION('',(-6.996247187608E-1,-7.145104988024E-1,0.E0));
#1274=VECTOR('',#1273,9.360968715948E-2);
#1275=CARTESIAN_POINT('',(1.015772901052E0,2.395048933928E0,-5.E-1));
#1276=LINE('',#1275,#1274);
#1277=DIRECTION('',(-4.397136028534E-1,-8.981380447713E-1,0.E0));
#1278=VECTOR('',#1277,7.447085724723E-2);
#1279=CARTESIAN_POINT('',(1.04851875E0,2.461934044048E0,-5.E-1));
#1280=LINE('',#1279,#1278);
#1281=DIRECTION('',(-1.921826769044E-1,-9.813591690599E-1,0.E0));
#1282=VECTOR('',#1281,8.519446870014E-2);
#1283=CARTESIAN_POINT('',(1.064891651052E0,2.545540417060E0,-5.E-1));
#1284=LINE('',#1283,#1282);
#1285=DIRECTION('',(0.E0,-1.E0,0.E0));
#1286=VECTOR('',#1285,2.508191424578E-1);
#1287=CARTESIAN_POINT('',(1.064891651052E0,2.796359559518E0,-5.E-1));
#1288=LINE('',#1287,#1286);
#1289=DIRECTION('',(1.921825732045E-1,-9.813591893677E-1,0.E0));
#1290=VECTOR('',#1289,8.519451467023E-2);
#1291=CARTESIAN_POINT('',(1.04851875E0,2.879965979373E0,-5.E-1));
#1292=LINE('',#1291,#1290);
#1293=DIRECTION('',(4.397136649566E-1,-8.981380143666E-1,0.E0));
#1294=VECTOR('',#1293,7.447084672930E-2);
#1295=CARTESIAN_POINT('',(1.015772901052E0,2.946851077783E0,-5.E-1));
#1296=LINE('',#1295,#1294);
#1297=DIRECTION('',(6.996247500295E-1,-7.145104681851E-1,0.E0));
#1298=VECTOR('',#1297,9.360968297573E-2);
#1299=CARTESIAN_POINT('',(9.5028125E-1,3.013736176193E0,-5.E-1));
#1300=LINE('',#1299,#1298);
#1301=DIRECTION('',(8.906053746977E-1,-4.547769415434E-1,0.E0));
#1302=VECTOR('',#1301,7.353615838862E-2);
#1303=CARTESIAN_POINT('',(8.847895521045E-1,3.047178725398E0,-5.E-1));
#1304=LINE('',#1303,#1302);
#1305=DIRECTION('',(9.797706943097E-1,-2.001234283435E-1,0.E0));
#1306=VECTOR('',#1305,8.355480785446E-2);
#1307=CARTESIAN_POINT('',(8.02925E-1,3.0639E0,-5.E-1));
#1308=LINE('',#1307,#1306);
#1309=DIRECTION('',(1.E0,0.E0,0.E0));
#1310=VECTOR('',#1309,1.4735625E-1);
#1311=CARTESIAN_POINT('',(6.5556875E-1,3.0639E0,-5.E-1));
#1312=LINE('',#1311,#1310);
#1313=DIRECTION('',(9.797706943097E-1,2.001234283435E-1,0.E0));
#1314=VECTOR('',#1313,8.355480785446E-2);
#1315=CARTESIAN_POINT('',(5.737041978955E-1,3.047178725398E0,-5.E-1));
#1316=LINE('',#1315,#1314);
#1317=DIRECTION('',(8.906053746977E-1,4.547769415434E-1,0.E0));
#1318=VECTOR('',#1317,7.353615838862E-2);
#1319=CARTESIAN_POINT('',(5.082125E-1,3.013736176193E0,-5.E-1));
#1320=LINE('',#1319,#1318);
#1321=DIRECTION('',(6.996250055017E-1,7.145102180353E-1,0.E0));
#1322=VECTOR('',#1321,9.360971574846E-2);
#1323=CARTESIAN_POINT('',(4.427208021045E-1,2.946851077783E0,-5.E-1));
#1324=LINE('',#1323,#1322);
#1325=DIRECTION('',(1.921820436730E-1,9.813592930674E-1,0.E0));
#1326=VECTOR('',#1325,8.519450566778E-2);
#1327=CARTESIAN_POINT('',(4.263479478955E-1,2.863244657928E0,-5.E-1));
#1328=LINE('',#1327,#1326);
#1329=DIRECTION('',(-1.E0,0.E0,0.E0));
#1330=VECTOR('',#1329,9.82375E-2);
#1331=CARTESIAN_POINT('',(5.245854478955E-1,2.863244657928E0,-5.E-1));
#1332=LINE('',#1331,#1330);
#1333=DIRECTION('',(-3.102787334496E-1,-9.506456267027E-1,0.E0));
#1334=VECTOR('',#1333,5.276821271931E-2);
#1335=CARTESIAN_POINT('',(5.409583021045E-1,2.913408528578E0,-5.E-1));
#1336=LINE('',#1335,#1334);
#1337=DIRECTION('',(-8.265992787996E-1,-5.627909312417E-1,0.E0));
#1338=VECTOR('',#1337,5.942268673562E-2);
#1339=CARTESIAN_POINT('',(5.900770521045E-1,2.946851077783E0,-5.E-1));
#1340=LINE('',#1339,#1338);
#1341=DIRECTION('',(-9.689177459678E-1,-2.473831068378E-1,0.E0));
#1342=VECTOR('',#1341,6.759262916597E-2);
#1343=CARTESIAN_POINT('',(6.5556875E-1,2.963572352386E0,-5.E-1));
#1344=LINE('',#1343,#1342);
#1345=DIRECTION('',(-1.E0,0.E0,0.E0));
#1346=VECTOR('',#1345,1.4735625E-1);
#1347=CARTESIAN_POINT('',(8.02925E-1,2.963572352386E0,-5.E-1));
#1348=LINE('',#1347,#1346);
#1349=DIRECTION('',(-9.689177459678E-1,2.473831068378E-1,0.E0));
#1350=VECTOR('',#1349,6.759262916597E-2);
#1351=CARTESIAN_POINT('',(8.684166978955E-1,2.946851077783E0,-5.E-1));
#1352=LINE('',#1351,#1350);
#1353=DIRECTION('',(-8.265992787996E-1,5.627909312417E-1,0.E0));
#1354=VECTOR('',#1353,5.942268673562E-2);
#1355=CARTESIAN_POINT('',(9.175354478955E-1,2.913408528578E0,-5.E-1));
#1356=LINE('',#1355,#1354);
#1357=DIRECTION('',(-5.466218231676E-1,8.373795927994E-1,0.E0));
#1358=VECTOR('',#1357,5.990577162602E-2);
#1359=CARTESIAN_POINT('',(9.5028125E-1,2.863244657928E0,-5.E-1));
#1360=LINE('',#1359,#1358);
#1361=DIRECTION('',(-2.377717803411E-1,9.713210491251E-1,0.E0));
#1362=VECTOR('',#1361,6.885992892865E-2);
#1363=CARTESIAN_POINT('',(9.666541978955E-1,2.796359559518E0,-5.E-1));
#1364=LINE('',#1363,#1362);
#1365=DIRECTION('',(0.E0,1.E0,0.E0));
#1366=VECTOR('',#1365,2.508191424578E-1);
#1367=CARTESIAN_POINT('',(9.666541978955E-1,2.545540417060E0,-5.E-1));
#1368=LINE('',#1367,#1366);
#1369=DIRECTION('',(2.377717803411E-1,9.713210491251E-1,0.E0));
#1370=VECTOR('',#1369,6.885992892865E-2);
#1371=CARTESIAN_POINT('',(9.5028125E-1,2.478655318651E0,-5.E-1));
#1372=LINE('',#1371,#1370);
#1373=DIRECTION('',(5.466221810895E-1,8.373793591563E-1,0.E0));
#1374=VECTOR('',#1373,5.990573240041E-2);
#1375=CARTESIAN_POINT('',(9.175354478955E-1,2.428491494843E0,-5.E-1));
#1376=LINE('',#1375,#1374);
#1377=DIRECTION('',(8.265991871191E-1,5.627910658976E-1,0.E0));
#1378=VECTOR('',#1377,5.942269332637E-2);
#1379=CARTESIAN_POINT('',(8.684166978955E-1,2.395048933928E0,-5.E-1));
#1380=LINE('',#1379,#1378);
#1381=DIRECTION('',(9.689177459678E-1,2.473831068378E-1,0.E0));
#1382=VECTOR('',#1381,6.759262916597E-2);
#1383=CARTESIAN_POINT('',(8.02925E-1,2.378327659325E0,-5.E-1));
#1384=LINE('',#1383,#1382);
#1385=DIRECTION('',(1.E0,0.E0,0.E0));
#1386=VECTOR('',#1385,1.4735625E-1);
#1387=CARTESIAN_POINT('',(6.5556875E-1,2.378327659325E0,-5.E-1));
#1388=LINE('',#1387,#1386);
#1389=DIRECTION('',(9.689177459678E-1,-2.473831068378E-1,0.E0));
#1390=VECTOR('',#1389,6.759262916597E-2);
#1391=CARTESIAN_POINT('',(5.900770521045E-1,2.395048933928E0,-5.E-1));
#1392=LINE('',#1391,#1390);
#1393=DIRECTION('',(8.265991871191E-1,-5.627910658976E-1,0.E0));
#1394=VECTOR('',#1393,5.942269332637E-2);
#1395=CARTESIAN_POINT('',(5.409583021045E-1,2.428491494843E0,-5.E-1));
#1396=LINE('',#1395,#1394);
#1397=DIRECTION('',(3.102789952956E-1,-9.506455412394E-1,0.E0));
#1398=VECTOR('',#1397,5.276816818794E-2);
#1399=CARTESIAN_POINT('',(5.245854478955E-1,2.478655318651E0,-5.E-1));
#1400=LINE('',#1399,#1398);
#1401=DIRECTION('',(1.E0,0.E0,0.E0));
#1402=VECTOR('',#1401,4.911875E-1);
#1403=CARTESIAN_POINT('',(-2.940603542089E-1,2.378327659325E0,-5.E-1));
#1404=LINE('',#1403,#1402);
#1405=DIRECTION('',(0.E0,1.E0,0.E0));
#1406=VECTOR('',#1405,1.003276593253E-1);
#1407=CARTESIAN_POINT('',(-2.940603542089E-1,2.278E0,-5.E-1));
#1408=LINE('',#1407,#1406);
#1409=DIRECTION('',(-1.E0,0.E0,0.E0));
#1410=VECTOR('',#1409,5.894249063134E-1);
#1411=CARTESIAN_POINT('',(2.953645521045E-1,2.278E0,-5.E-1));
#1412=LINE('',#1411,#1410);
#1413=DIRECTION('',(0.E0,-1.E0,0.E0));
#1414=VECTOR('',#1413,7.859E-1);
#1415=CARTESIAN_POINT('',(2.953645521045E-1,3.0639E0,-5.E-1));
#1416=LINE('',#1415,#1414);
#1417=DIRECTION('',(1.E0,0.E0,0.E0));
#1418=VECTOR('',#1417,5.894249063134E-1);
#1419=CARTESIAN_POINT('',(-2.940603542089E-1,3.0639E0,-5.E-1));
#1420=LINE('',#1419,#1418);
#1421=DIRECTION('',(0.E0,1.E0,0.E0));
#1422=VECTOR('',#1421,1.003276476145E-1);
#1423=CARTESIAN_POINT('',(-2.940603542089E-1,2.963572352386E0,-5.E-1));
#1424=LINE('',#1423,#1422);
#1425=DIRECTION('',(-1.E0,0.E0,0.E0));
#1426=VECTOR('',#1425,4.911875E-1);
#1427=CARTESIAN_POINT('',(1.971271457911E-1,2.963572352386E0,-5.E-1));
#1428=LINE('',#1427,#1426);
#1429=DIRECTION('',(0.E0,1.E0,0.E0));
#1430=VECTOR('',#1429,2.173766166747E-1);
#1431=CARTESIAN_POINT('',(1.971271457911E-1,2.746195735711E0,-5.E-1));
#1432=LINE('',#1431,#1430);
#1433=DIRECTION('',(1.E0,0.E0,0.E0));
#1434=VECTOR('',#1433,4.256958957911E-1);
#1435=CARTESIAN_POINT('',(-2.2856875E-1,2.746195735711E0,-5.E-1));
#1436=LINE('',#1435,#1434);
#1437=DIRECTION('',(0.E0,1.E0,0.E0));
#1438=VECTOR('',#1437,1.003276476145E-1);
#1439=CARTESIAN_POINT('',(-2.2856875E-1,2.645868088096E0,-5.E-1));
#1440=LINE('',#1439,#1438);
#1441=DIRECTION('',(-1.E0,0.E0,0.E0));
#1442=VECTOR('',#1441,4.256958957911E-1);
#1443=CARTESIAN_POINT('',(1.971271457911E-1,2.645868088096E0,-5.E-1));
#1444=LINE('',#1443,#1442);
#1445=DIRECTION('',(0.E0,1.E0,0.E0));
#1446=VECTOR('',#1445,2.675404287711E-1);
#1447=CARTESIAN_POINT('',(1.971271457911E-1,2.378327659325E0,-5.E-1));
#1448=LINE('',#1447,#1446);
#1449=DIRECTION('',(1.E0,0.E0,0.E0));
#1450=VECTOR('',#1449,3.9295E-1);
#1451=CARTESIAN_POINT('',(-8.1799375E-1,3.0639E0,-5.E-1));
#1452=LINE('',#1451,#1450);
#1453=DIRECTION('',(9.797707392153E-1,2.001232084928E-1,0.E0));
#1454=VECTOR('',#1453,8.355489964583E-2);
#1455=CARTESIAN_POINT('',(-8.998583957911E-1,3.047178725398E0,-5.E-1));
#1456=LINE('',#1455,#1454);
#1457=DIRECTION('',(8.906051112017E-1,4.547774575564E-1,0.E0));
#1458=VECTOR('',#1457,7.353607495086E-2);
#1459=CARTESIAN_POINT('',(-9.6535E-1,3.013736176193E0,-5.E-1));
#1460=LINE('',#1459,#1458);
#1461=DIRECTION('',(6.996244945571E-1,7.145107183351E-1,0.E0));
#1462=VECTOR('',#1461,9.360965020301E-2);
#1463=CARTESIAN_POINT('',(-1.030841604209E0,2.946851077783E0,-5.E-1));
#1464=LINE('',#1463,#1462);
#1465=DIRECTION('',(4.397141723527E-1,8.981377659536E-1,0.E0));
#1466=VECTOR('',#1465,7.447086732695E-2);
#1467=CARTESIAN_POINT('',(-1.0635875E0,2.879965979373E0,-5.E-1));
#1468=LINE('',#1467,#1466);
#1469=DIRECTION('',(1.921820436730E-1,9.813592930674E-1,0.E0));
#1470=VECTOR('',#1469,8.519450566778E-2);
#1471=CARTESIAN_POINT('',(-1.079960354209E0,2.796359559518E0,-5.E-1));
#1472=LINE('',#1471,#1470);
#1473=DIRECTION('',(0.E0,1.E0,0.E0));
#1474=VECTOR('',#1473,2.508191424578E-1);
#1475=CARTESIAN_POINT('',(-1.079960354209E0,2.545540417060E0,-5.E-1));
#1476=LINE('',#1475,#1474);
#1477=DIRECTION('',(-1.921821473726E-1,9.813592727596E-1,0.E0));
#1478=VECTOR('',#1477,8.519445969768E-2);
#1479=CARTESIAN_POINT('',(-1.0635875E0,2.461934044048E0,-5.E-1));
#1480=LINE('',#1479,#1478);
#1481=DIRECTION('',(-4.397141102494E-1,8.981377963584E-1,0.E0));
#1482=VECTOR('',#1481,7.447087784488E-2);
#1483=CARTESIAN_POINT('',(-1.030841604209E0,2.395048933928E0,-5.E-1));
#1484=LINE('',#1483,#1482);
#1485=DIRECTION('',(-6.996244632883E-1,7.145107489524E-1,0.E0));
#1486=VECTOR('',#1485,9.360965438677E-2);
#1487=CARTESIAN_POINT('',(-9.6535E-1,2.328163829663E0,-5.E-1));
#1488=LINE('',#1487,#1486);
#1489=DIRECTION('',(-8.906050870136E-1,4.547775049248E-1,0.E0));
#1490=VECTOR('',#1489,7.353607694804E-2);
#1491=CARTESIAN_POINT('',(-8.998583957911E-1,2.294721276066E0,-5.E-1));
#1492=LINE('',#1491,#1490);
#1493=DIRECTION('',(-9.797707357802E-1,2.001232253108E-1,0.E0));
#1494=VECTOR('',#1493,8.355489993878E-2);
#1495=CARTESIAN_POINT('',(-8.1799375E-1,2.278E0,-5.E-1));
#1496=LINE('',#1495,#1494);
#1497=DIRECTION('',(-1.E0,0.E0,0.E0));
#1498=VECTOR('',#1497,3.9295E-1);
#1499=CARTESIAN_POINT('',(-4.2504375E-1,2.278E0,-5.E-1));
#1500=LINE('',#1499,#1498);
#1501=DIRECTION('',(0.E0,-1.E0,0.E0));
#1502=VECTOR('',#1501,7.859E-1);
#1503=CARTESIAN_POINT('',(-4.2504375E-1,3.0639E0,-5.E-1));
#1504=LINE('',#1503,#1502);
#1505=DIRECTION('',(-1.E0,0.E0,0.E0));
#1506=VECTOR('',#1505,2.947125E-1);
#1507=CARTESIAN_POINT('',(-5.2328125E-1,2.963572352386E0,-5.E-1));
#1508=LINE('',#1507,#1506);
#1509=DIRECTION('',(0.E0,1.E0,0.E0));
#1510=VECTOR('',#1509,5.852446930602E-1);
#1511=CARTESIAN_POINT('',(-5.2328125E-1,2.378327659325E0,-5.E-1));
#1512=LINE('',#1511,#1510);
#1513=DIRECTION('',(1.E0,0.E0,0.E0));
#1514=VECTOR('',#1513,2.947125E-1);
#1515=CARTESIAN_POINT('',(-8.1799375E-1,2.378327659325E0,-5.E-1));
#1516=LINE('',#1515,#1514);
#1517=DIRECTION('',(9.689176611437E-1,-2.473834390653E-1,0.E0));
#1518=VECTOR('',#1517,6.759253839138E-2);
#1519=CARTESIAN_POINT('',(-8.834853542089E-1,2.395048933928E0,-5.E-1));
#1520=LINE('',#1519,#1518);
#1521=DIRECTION('',(8.265991871191E-1,-5.627910658976E-1,0.E0));
#1522=VECTOR('',#1521,5.942269332637E-2);
#1523=CARTESIAN_POINT('',(-9.326041042089E-1,2.428491494843E0,-5.E-1));
#1524=LINE('',#1523,#1522);
#1525=DIRECTION('',(5.466232777014E-1,-8.373786433120E-1,0.E0));
#1526=VECTOR('',#1525,5.990578361162E-2);
#1527=CARTESIAN_POINT('',(-9.6535E-1,2.478655318651E0,-5.E-1));
#1528=LINE('',#1527,#1526);
#1529=DIRECTION('',(2.377704967206E-1,-9.713213633444E-1,0.E0));
#1530=VECTOR('',#1529,6.885990665268E-2);
#1531=CARTESIAN_POINT('',(-9.817228542089E-1,2.545540417060E0,-5.E-1));
#1532=LINE('',#1531,#1530);
#1533=DIRECTION('',(0.E0,-1.E0,0.E0));
#1534=VECTOR('',#1533,2.508191424578E-1);
#1535=CARTESIAN_POINT('',(-9.817228542089E-1,2.796359559518E0,-5.E-1));
#1536=LINE('',#1535,#1534);
#1537=DIRECTION('',(-2.377704967206E-1,-9.713213633444E-1,0.E0));
#1538=VECTOR('',#1537,6.885990665268E-2);
#1539=CARTESIAN_POINT('',(-9.6535E-1,2.863244657928E0,-5.E-1));
#1540=LINE('',#1539,#1538);
#1541=DIRECTION('',(-5.466229197794E-1,-8.373788769559E-1,0.E0));
#1542=VECTOR('',#1541,5.990582283720E-2);
#1543=CARTESIAN_POINT('',(-9.326041042089E-1,2.913408528578E0,-5.E-1));
#1544=LINE('',#1543,#1542);
#1545=DIRECTION('',(-8.265992787996E-1,-5.627909312417E-1,0.E0));
#1546=VECTOR('',#1545,5.942268673562E-2);
#1547=CARTESIAN_POINT('',(-8.834853542089E-1,2.946851077783E0,-5.E-1));
#1548=LINE('',#1547,#1546);
#1549=DIRECTION('',(-9.689176611437E-1,-2.473834390653E-1,0.E0));
#1550=VECTOR('',#1549,6.759253839138E-2);
#1551=CARTESIAN_POINT('',(-8.1799375E-1,2.963572352386E0,-5.E-1));
#1552=LINE('',#1551,#1550);
#1553=DIRECTION('',(1.E0,0.E0,0.E0));
#1554=VECTOR('',#1553,1.309832084179E-1);
#1555=CARTESIAN_POINT('',(-1.60389375E0,3.0639E0,-5.E-1));
#1556=LINE('',#1555,#1554);
#1557=DIRECTION('',(3.162279017271E-1,9.486832528138E-1,0.E0));
#1558=VECTOR('',#1557,8.284113772105E-1);
#1559=CARTESIAN_POINT('',(-1.865860541582E0,2.278E0,-5.E-1));
#1560=LINE('',#1559,#1558);
#1561=DIRECTION('',(-1.E0,0.E0,0.E0));
#1562=VECTOR('',#1561,9.82375E-2);
#1563=CARTESIAN_POINT('',(-1.767623041582E0,2.278E0,-5.E-1));
#1564=LINE('',#1563,#1562);
#1565=DIRECTION('',(-3.102805670740E-1,-9.506450282288E-1,0.E0));
#1566=VECTOR('',#1565,2.110728112937E-1);
#1567=CARTESIAN_POINT('',(-1.70213125E0,2.478655318651E0,-5.E-1));
#1568=LINE('',#1567,#1566);
#1569=DIRECTION('',(-1.E0,0.E0,0.E0));
#1570=VECTOR('',#1569,3.274582084179E-1);
#1571=CARTESIAN_POINT('',(-1.374673041582E0,2.478655318651E0,-5.E-1));
#1572=LINE('',#1571,#1570);
#1573=DIRECTION('',(-3.102805670740E-1,9.506450282288E-1,0.E0));
#1574=VECTOR('',#1573,2.110728112937E-1);
#1575=CARTESIAN_POINT('',(-1.30918125E0,2.278E0,-5.E-1));
#1576=LINE('',#1575,#1574);
#1577=DIRECTION('',(-1.E0,0.E0,0.E0));
#1578=VECTOR('',#1577,9.82375E-2);
#1579=CARTESIAN_POINT('',(-1.21094375E0,2.278E0,-5.E-1));
#1580=LINE('',#1579,#1578);
#1581=DIRECTION('',(3.162279017271E-1,-9.486832528138E-1,0.E0));
#1582=VECTOR('',#1581,8.284113772105E-1);
#1583=CARTESIAN_POINT('',(-1.472910541582E0,3.0639E0,-5.E-1));
#1584=LINE('',#1583,#1582);
#1585=DIRECTION('',(-3.102800213276E-1,-9.506452063546E-1,0.E0));
#1586=VECTOR('',#1585,4.749137549027E-1);
#1587=CARTESIAN_POINT('',(-1.538401958418E0,2.997014901590E0,-5.E-1));
#1588=LINE('',#1587,#1586);
#1589=DIRECTION('',(-3.102800213276E-1,9.506452063546E-1,0.E0));
#1590=VECTOR('',#1589,4.749137549027E-1);
#1591=CARTESIAN_POINT('',(-1.391045708418E0,2.545540417060E0,-5.E-1));
#1592=LINE('',#1591,#1590);
#1593=DIRECTION('',(1.E0,0.E0,0.E0));
#1594=VECTOR('',#1593,2.947125E-1);
#1595=CARTESIAN_POINT('',(-1.685758208418E0,2.545540417060E0,-5.E-1));
#1596=LINE('',#1595,#1594);
#1597=DIRECTION('',(0.E0,0.E0,-1.E0));
#1598=VECTOR('',#1597,1.E-1);
#1599=CARTESIAN_POINT('',(4.263479478955E-1,2.478655318651E0,-4.E-1));
#1600=LINE('',#1599,#1598);
#1601=DIRECTION('',(0.E0,0.E0,-1.E0));
#1602=VECTOR('',#1601,1.E-1);
#1603=CARTESIAN_POINT('',(4.427208021045E-1,2.395048933928E0,-4.E-1));
#1604=LINE('',#1603,#1602);
#1605=DIRECTION('',(0.E0,0.E0,-1.E0));
#1606=VECTOR('',#1605,1.E-1);
#1607=CARTESIAN_POINT('',(5.082125E-1,2.328163829663E0,-4.E-1));
#1608=LINE('',#1607,#1606);
#1609=DIRECTION('',(0.E0,0.E0,-1.E0));
#1610=VECTOR('',#1609,1.E-1);
#1611=CARTESIAN_POINT('',(5.737041978955E-1,2.294721276066E0,-4.E-1));
#1612=LINE('',#1611,#1610);
#1613=DIRECTION('',(0.E0,0.E0,-1.E0));
#1614=VECTOR('',#1613,1.E-1);
#1615=CARTESIAN_POINT('',(6.5556875E-1,2.278E0,-4.E-1));
#1616=LINE('',#1615,#1614);
#1617=DIRECTION('',(0.E0,0.E0,-1.E0));
#1618=VECTOR('',#1617,1.E-1);
#1619=CARTESIAN_POINT('',(8.02925E-1,2.278E0,-4.E-1));
#1620=LINE('',#1619,#1618);
#1621=DIRECTION('',(0.E0,0.E0,-1.E0));
#1622=VECTOR('',#1621,1.E-1);
#1623=CARTESIAN_POINT('',(8.847895521045E-1,2.294721276066E0,-4.E-1));
#1624=LINE('',#1623,#1622);
#1625=DIRECTION('',(0.E0,0.E0,-1.E0));
#1626=VECTOR('',#1625,1.E-1);
#1627=CARTESIAN_POINT('',(5.245854478955E-1,2.478655318651E0,-4.E-1));
#1628=LINE('',#1627,#1626);
#1629=DIRECTION('',(0.E0,0.E0,-1.E0));
#1630=VECTOR('',#1629,1.E-1);
#1631=CARTESIAN_POINT('',(5.409583021045E-1,2.428491494843E0,-4.E-1));
#1632=LINE('',#1631,#1630);
#1633=DIRECTION('',(0.E0,0.E0,-1.E0));
#1634=VECTOR('',#1633,1.E-1);
#1635=CARTESIAN_POINT('',(5.900770521045E-1,2.395048933928E0,-4.E-1));
#1636=LINE('',#1635,#1634);
#1637=DIRECTION('',(0.E0,0.E0,-1.E0));
#1638=VECTOR('',#1637,1.E-1);
#1639=CARTESIAN_POINT('',(6.5556875E-1,2.378327659325E0,-4.E-1));
#1640=LINE('',#1639,#1638);
#1641=DIRECTION('',(0.E0,0.E0,-1.E0));
#1642=VECTOR('',#1641,1.E-1);
#1643=CARTESIAN_POINT('',(8.02925E-1,2.378327659325E0,-4.E-1));
#1644=LINE('',#1643,#1642);
#1645=DIRECTION('',(0.E0,0.E0,-1.E0));
#1646=VECTOR('',#1645,1.E-1);
#1647=CARTESIAN_POINT('',(8.684166978955E-1,2.395048933928E0,-4.E-1));
#1648=LINE('',#1647,#1646);
#1649=DIRECTION('',(0.E0,0.E0,-1.E0));
#1650=VECTOR('',#1649,1.E-1);
#1651=CARTESIAN_POINT('',(9.175354478955E-1,2.428491494843E0,-4.E-1));
#1652=LINE('',#1651,#1650);
#1653=DIRECTION('',(0.E0,0.E0,-1.E0));
#1654=VECTOR('',#1653,1.E-1);
#1655=CARTESIAN_POINT('',(9.5028125E-1,2.478655318651E0,-4.E-1));
#1656=LINE('',#1655,#1654);
#1657=DIRECTION('',(0.E0,0.E0,-1.E0));
#1658=VECTOR('',#1657,1.E-1);
#1659=CARTESIAN_POINT('',(9.666541978955E-1,2.545540417060E0,-4.E-1));
#1660=LINE('',#1659,#1658);
#1661=DIRECTION('',(0.E0,0.E0,-1.E0));
#1662=VECTOR('',#1661,1.E-1);
#1663=CARTESIAN_POINT('',(9.666541978955E-1,2.796359559518E0,-4.E-1));
#1664=LINE('',#1663,#1662);
#1665=DIRECTION('',(0.E0,0.E0,-1.E0));
#1666=VECTOR('',#1665,1.E-1);
#1667=CARTESIAN_POINT('',(9.5028125E-1,2.863244657928E0,-4.E-1));
#1668=LINE('',#1667,#1666);
#1669=DIRECTION('',(0.E0,0.E0,-1.E0));
#1670=VECTOR('',#1669,1.E-1);
#1671=CARTESIAN_POINT('',(9.175354478955E-1,2.913408528578E0,-4.E-1));
#1672=LINE('',#1671,#1670);
#1673=DIRECTION('',(0.E0,0.E0,-1.E0));
#1674=VECTOR('',#1673,1.E-1);
#1675=CARTESIAN_POINT('',(8.684166978955E-1,2.946851077783E0,-4.E-1));
#1676=LINE('',#1675,#1674);
#1677=DIRECTION('',(0.E0,0.E0,-1.E0));
#1678=VECTOR('',#1677,1.E-1);
#1679=CARTESIAN_POINT('',(8.02925E-1,2.963572352386E0,-4.E-1));
#1680=LINE('',#1679,#1678);
#1681=DIRECTION('',(0.E0,0.E0,-1.E0));
#1682=VECTOR('',#1681,1.E-1);
#1683=CARTESIAN_POINT('',(6.5556875E-1,2.963572352386E0,-4.E-1));
#1684=LINE('',#1683,#1682);
#1685=DIRECTION('',(0.E0,0.E0,-1.E0));
#1686=VECTOR('',#1685,1.E-1);
#1687=CARTESIAN_POINT('',(5.900770521045E-1,2.946851077783E0,-4.E-1));
#1688=LINE('',#1687,#1686);
#1689=DIRECTION('',(0.E0,0.E0,-1.E0));
#1690=VECTOR('',#1689,1.E-1);
#1691=CARTESIAN_POINT('',(5.409583021045E-1,2.913408528578E0,-4.E-1));
#1692=LINE('',#1691,#1690);
#1693=DIRECTION('',(0.E0,0.E0,-1.E0));
#1694=VECTOR('',#1693,1.E-1);
#1695=CARTESIAN_POINT('',(5.245854478955E-1,2.863244657928E0,-4.E-1));
#1696=LINE('',#1695,#1694);
#1697=DIRECTION('',(0.E0,0.E0,-1.E0));
#1698=VECTOR('',#1697,1.E-1);
#1699=CARTESIAN_POINT('',(4.263479478955E-1,2.863244657928E0,-4.E-1));
#1700=LINE('',#1699,#1698);
#1701=DIRECTION('',(0.E0,0.E0,-1.E0));
#1702=VECTOR('',#1701,1.E-1);
#1703=CARTESIAN_POINT('',(4.427208021045E-1,2.946851077783E0,-4.E-1));
#1704=LINE('',#1703,#1702);
#1705=DIRECTION('',(0.E0,0.E0,-1.E0));
#1706=VECTOR('',#1705,1.E-1);
#1707=CARTESIAN_POINT('',(5.082125E-1,3.013736176193E0,-4.E-1));
#1708=LINE('',#1707,#1706);
#1709=DIRECTION('',(0.E0,0.E0,-1.E0));
#1710=VECTOR('',#1709,1.E-1);
#1711=CARTESIAN_POINT('',(5.737041978955E-1,3.047178725398E0,-4.E-1));
#1712=LINE('',#1711,#1710);
#1713=DIRECTION('',(0.E0,0.E0,-1.E0));
#1714=VECTOR('',#1713,1.E-1);
#1715=CARTESIAN_POINT('',(6.5556875E-1,3.0639E0,-4.E-1));
#1716=LINE('',#1715,#1714);
#1717=DIRECTION('',(0.E0,0.E0,-1.E0));
#1718=VECTOR('',#1717,1.E-1);
#1719=CARTESIAN_POINT('',(8.02925E-1,3.0639E0,-4.E-1));
#1720=LINE('',#1719,#1718);
#1721=DIRECTION('',(0.E0,0.E0,-1.E0));
#1722=VECTOR('',#1721,1.E-1);
#1723=CARTESIAN_POINT('',(8.847895521045E-1,3.047178725398E0,-4.E-1));
#1724=LINE('',#1723,#1722);
#1725=DIRECTION('',(0.E0,0.E0,-1.E0));
#1726=VECTOR('',#1725,1.E-1);
#1727=CARTESIAN_POINT('',(9.5028125E-1,3.013736176193E0,-4.E-1));
#1728=LINE('',#1727,#1726);
#1729=DIRECTION('',(0.E0,0.E0,-1.E0));
#1730=VECTOR('',#1729,1.E-1);
#1731=CARTESIAN_POINT('',(1.015772901052E0,2.946851077783E0,-4.E-1));
#1732=LINE('',#1731,#1730);
#1733=DIRECTION('',(0.E0,0.E0,-1.E0));
#1734=VECTOR('',#1733,1.E-1);
#1735=CARTESIAN_POINT('',(1.04851875E0,2.879965979373E0,-4.E-1));
#1736=LINE('',#1735,#1734);
#1737=DIRECTION('',(0.E0,0.E0,-1.E0));
#1738=VECTOR('',#1737,1.E-1);
#1739=CARTESIAN_POINT('',(1.064891651052E0,2.796359559518E0,-4.E-1));
#1740=LINE('',#1739,#1738);
#1741=DIRECTION('',(0.E0,0.E0,-1.E0));
#1742=VECTOR('',#1741,1.E-1);
#1743=CARTESIAN_POINT('',(1.064891651052E0,2.545540417060E0,-4.E-1));
#1744=LINE('',#1743,#1742);
#1745=DIRECTION('',(0.E0,0.E0,-1.E0));
#1746=VECTOR('',#1745,1.E-1);
#1747=CARTESIAN_POINT('',(1.04851875E0,2.461934044048E0,-4.E-1));
#1748=LINE('',#1747,#1746);
#1749=DIRECTION('',(0.E0,0.E0,-1.E0));
#1750=VECTOR('',#1749,1.E-1);
#1751=CARTESIAN_POINT('',(1.015772901052E0,2.395048933928E0,-4.E-1));
#1752=LINE('',#1751,#1750);
#1753=DIRECTION('',(0.E0,0.E0,-1.E0));
#1754=VECTOR('',#1753,1.E-1);
#1755=CARTESIAN_POINT('',(-2.940603542089E-1,2.378327659325E0,-4.E-1));
#1756=LINE('',#1755,#1754);
#1757=DIRECTION('',(0.E0,0.E0,-1.E0));
#1758=VECTOR('',#1757,1.E-1);
#1759=CARTESIAN_POINT('',(-2.940603542089E-1,2.278E0,-4.E-1));
#1760=LINE('',#1759,#1758);
#1761=DIRECTION('',(0.E0,0.E0,-1.E0));
#1762=VECTOR('',#1761,1.E-1);
#1763=CARTESIAN_POINT('',(2.953645521045E-1,2.278E0,-4.E-1));
#1764=LINE('',#1763,#1762);
#1765=DIRECTION('',(0.E0,0.E0,-1.E0));
#1766=VECTOR('',#1765,1.E-1);
#1767=CARTESIAN_POINT('',(2.953645521045E-1,3.0639E0,-4.E-1));
#1768=LINE('',#1767,#1766);
#1769=DIRECTION('',(0.E0,0.E0,-1.E0));
#1770=VECTOR('',#1769,1.E-1);
#1771=CARTESIAN_POINT('',(-2.940603542089E-1,3.0639E0,-4.E-1));
#1772=LINE('',#1771,#1770);
#1773=DIRECTION('',(0.E0,0.E0,-1.E0));
#1774=VECTOR('',#1773,1.E-1);
#1775=CARTESIAN_POINT('',(-2.940603542089E-1,2.963572352386E0,-4.E-1));
#1776=LINE('',#1775,#1774);
#1777=DIRECTION('',(0.E0,0.E0,-1.E0));
#1778=VECTOR('',#1777,1.E-1);
#1779=CARTESIAN_POINT('',(1.971271457911E-1,2.963572352386E0,-4.E-1));
#1780=LINE('',#1779,#1778);
#1781=DIRECTION('',(0.E0,0.E0,-1.E0));
#1782=VECTOR('',#1781,1.E-1);
#1783=CARTESIAN_POINT('',(1.971271457911E-1,2.746195735711E0,-4.E-1));
#1784=LINE('',#1783,#1782);
#1785=DIRECTION('',(0.E0,0.E0,-1.E0));
#1786=VECTOR('',#1785,1.E-1);
#1787=CARTESIAN_POINT('',(-2.2856875E-1,2.746195735711E0,-4.E-1));
#1788=LINE('',#1787,#1786);
#1789=DIRECTION('',(0.E0,0.E0,-1.E0));
#1790=VECTOR('',#1789,1.E-1);
#1791=CARTESIAN_POINT('',(-2.2856875E-1,2.645868088096E0,-4.E-1));
#1792=LINE('',#1791,#1790);
#1793=DIRECTION('',(0.E0,0.E0,-1.E0));
#1794=VECTOR('',#1793,1.E-1);
#1795=CARTESIAN_POINT('',(1.971271457911E-1,2.645868088096E0,-4.E-1));
#1796=LINE('',#1795,#1794);
#1797=DIRECTION('',(0.E0,0.E0,-1.E0));
#1798=VECTOR('',#1797,1.E-1);
#1799=CARTESIAN_POINT('',(1.971271457911E-1,2.378327659325E0,-4.E-1));
#1800=LINE('',#1799,#1798);
#1801=DIRECTION('',(0.E0,0.E0,-1.E0));
#1802=VECTOR('',#1801,1.E-1);
#1803=CARTESIAN_POINT('',(-8.1799375E-1,3.0639E0,-4.E-1));
#1804=LINE('',#1803,#1802);
#1805=DIRECTION('',(0.E0,0.E0,-1.E0));
#1806=VECTOR('',#1805,1.E-1);
#1807=CARTESIAN_POINT('',(-8.998583957911E-1,3.047178725398E0,-4.E-1));
#1808=LINE('',#1807,#1806);
#1809=DIRECTION('',(0.E0,0.E0,-1.E0));
#1810=VECTOR('',#1809,1.E-1);
#1811=CARTESIAN_POINT('',(-9.6535E-1,3.013736176193E0,-4.E-1));
#1812=LINE('',#1811,#1810);
#1813=DIRECTION('',(0.E0,0.E0,-1.E0));
#1814=VECTOR('',#1813,1.E-1);
#1815=CARTESIAN_POINT('',(-1.030841604209E0,2.946851077783E0,-4.E-1));
#1816=LINE('',#1815,#1814);
#1817=DIRECTION('',(0.E0,0.E0,-1.E0));
#1818=VECTOR('',#1817,1.E-1);
#1819=CARTESIAN_POINT('',(-1.0635875E0,2.879965979373E0,-4.E-1));
#1820=LINE('',#1819,#1818);
#1821=DIRECTION('',(0.E0,0.E0,-1.E0));
#1822=VECTOR('',#1821,1.E-1);
#1823=CARTESIAN_POINT('',(-1.079960354209E0,2.796359559518E0,-4.E-1));
#1824=LINE('',#1823,#1822);
#1825=DIRECTION('',(0.E0,0.E0,-1.E0));
#1826=VECTOR('',#1825,1.E-1);
#1827=CARTESIAN_POINT('',(-1.079960354209E0,2.545540417060E0,-4.E-1));
#1828=LINE('',#1827,#1826);
#1829=DIRECTION('',(0.E0,0.E0,-1.E0));
#1830=VECTOR('',#1829,1.E-1);
#1831=CARTESIAN_POINT('',(-1.0635875E0,2.461934044048E0,-4.E-1));
#1832=LINE('',#1831,#1830);
#1833=DIRECTION('',(0.E0,0.E0,-1.E0));
#1834=VECTOR('',#1833,1.E-1);
#1835=CARTESIAN_POINT('',(-1.030841604209E0,2.395048933928E0,-4.E-1));
#1836=LINE('',#1835,#1834);
#1837=DIRECTION('',(0.E0,0.E0,-1.E0));
#1838=VECTOR('',#1837,1.E-1);
#1839=CARTESIAN_POINT('',(-9.6535E-1,2.328163829663E0,-4.E-1));
#1840=LINE('',#1839,#1838);
#1841=DIRECTION('',(0.E0,0.E0,-1.E0));
#1842=VECTOR('',#1841,1.E-1);
#1843=CARTESIAN_POINT('',(-8.998583957911E-1,2.294721276066E0,-4.E-1));
#1844=LINE('',#1843,#1842);
#1845=DIRECTION('',(0.E0,0.E0,-1.E0));
#1846=VECTOR('',#1845,1.E-1);
#1847=CARTESIAN_POINT('',(-8.1799375E-1,2.278E0,-4.E-1));
#1848=LINE('',#1847,#1846);
#1849=DIRECTION('',(0.E0,0.E0,-1.E0));
#1850=VECTOR('',#1849,1.E-1);
#1851=CARTESIAN_POINT('',(-4.2504375E-1,2.278E0,-4.E-1));
#1852=LINE('',#1851,#1850);
#1853=DIRECTION('',(0.E0,0.E0,-1.E0));
#1854=VECTOR('',#1853,1.E-1);
#1855=CARTESIAN_POINT('',(-4.2504375E-1,3.0639E0,-4.E-1));
#1856=LINE('',#1855,#1854);
#1857=DIRECTION('',(0.E0,0.E0,-1.E0));
#1858=VECTOR('',#1857,1.E-1);
#1859=CARTESIAN_POINT('',(-5.2328125E-1,2.963572352386E0,-4.E-1));
#1860=LINE('',#1859,#1858);
#1861=DIRECTION('',(0.E0,0.E0,-1.E0));
#1862=VECTOR('',#1861,1.E-1);
#1863=CARTESIAN_POINT('',(-5.2328125E-1,2.378327659325E0,-4.E-1));
#1864=LINE('',#1863,#1862);
#1865=DIRECTION('',(0.E0,0.E0,-1.E0));
#1866=VECTOR('',#1865,1.E-1);
#1867=CARTESIAN_POINT('',(-8.1799375E-1,2.378327659325E0,-4.E-1));
#1868=LINE('',#1867,#1866);
#1869=DIRECTION('',(0.E0,0.E0,-1.E0));
#1870=VECTOR('',#1869,1.E-1);
#1871=CARTESIAN_POINT('',(-8.834853542089E-1,2.395048933928E0,-4.E-1));
#1872=LINE('',#1871,#1870);
#1873=DIRECTION('',(0.E0,0.E0,-1.E0));
#1874=VECTOR('',#1873,1.E-1);
#1875=CARTESIAN_POINT('',(-9.326041042089E-1,2.428491494843E0,-4.E-1));
#1876=LINE('',#1875,#1874);
#1877=DIRECTION('',(0.E0,0.E0,-1.E0));
#1878=VECTOR('',#1877,1.E-1);
#1879=CARTESIAN_POINT('',(-9.6535E-1,2.478655318651E0,-4.E-1));
#1880=LINE('',#1879,#1878);
#1881=DIRECTION('',(0.E0,0.E0,-1.E0));
#1882=VECTOR('',#1881,1.E-1);
#1883=CARTESIAN_POINT('',(-9.817228542089E-1,2.545540417060E0,-4.E-1));
#1884=LINE('',#1883,#1882);
#1885=DIRECTION('',(0.E0,0.E0,-1.E0));
#1886=VECTOR('',#1885,1.E-1);
#1887=CARTESIAN_POINT('',(-9.817228542089E-1,2.796359559518E0,-4.E-1));
#1888=LINE('',#1887,#1886);
#1889=DIRECTION('',(0.E0,0.E0,-1.E0));
#1890=VECTOR('',#1889,1.E-1);
#1891=CARTESIAN_POINT('',(-9.6535E-1,2.863244657928E0,-4.E-1));
#1892=LINE('',#1891,#1890);
#1893=DIRECTION('',(0.E0,0.E0,-1.E0));
#1894=VECTOR('',#1893,1.E-1);
#1895=CARTESIAN_POINT('',(-9.326041042089E-1,2.913408528578E0,-4.E-1));
#1896=LINE('',#1895,#1894);
#1897=DIRECTION('',(0.E0,0.E0,-1.E0));
#1898=VECTOR('',#1897,1.E-1);
#1899=CARTESIAN_POINT('',(-8.834853542089E-1,2.946851077783E0,-4.E-1));
#1900=LINE('',#1899,#1898);
#1901=DIRECTION('',(0.E0,0.E0,-1.E0));
#1902=VECTOR('',#1901,1.E-1);
#1903=CARTESIAN_POINT('',(-8.1799375E-1,2.963572352386E0,-4.E-1));
#1904=LINE('',#1903,#1902);
#1905=DIRECTION('',(0.E0,0.E0,-1.E0));
#1906=VECTOR('',#1905,1.E-1);
#1907=CARTESIAN_POINT('',(-1.60389375E0,3.0639E0,-4.E-1));
#1908=LINE('',#1907,#1906);
#1909=DIRECTION('',(0.E0,0.E0,-1.E0));
#1910=VECTOR('',#1909,1.E-1);
#1911=CARTESIAN_POINT('',(-1.865860541582E0,2.278E0,-4.E-1));
#1912=LINE('',#1911,#1910);
#1913=DIRECTION('',(0.E0,0.E0,-1.E0));
#1914=VECTOR('',#1913,1.E-1);
#1915=CARTESIAN_POINT('',(-1.767623041582E0,2.278E0,-4.E-1));
#1916=LINE('',#1915,#1914);
#1917=DIRECTION('',(0.E0,0.E0,-1.E0));
#1918=VECTOR('',#1917,1.E-1);
#1919=CARTESIAN_POINT('',(-1.70213125E0,2.478655318651E0,-4.E-1));
#1920=LINE('',#1919,#1918);
#1921=DIRECTION('',(0.E0,0.E0,-1.E0));
#1922=VECTOR('',#1921,1.E-1);
#1923=CARTESIAN_POINT('',(-1.374673041582E0,2.478655318651E0,-4.E-1));
#1924=LINE('',#1923,#1922);
#1925=DIRECTION('',(0.E0,0.E0,-1.E0));
#1926=VECTOR('',#1925,1.E-1);
#1927=CARTESIAN_POINT('',(-1.30918125E0,2.278E0,-4.E-1));
#1928=LINE('',#1927,#1926);
#1929=DIRECTION('',(0.E0,0.E0,-1.E0));
#1930=VECTOR('',#1929,1.E-1);
#1931=CARTESIAN_POINT('',(-1.21094375E0,2.278E0,-4.E-1));
#1932=LINE('',#1931,#1930);
#1933=DIRECTION('',(0.E0,0.E0,-1.E0));
#1934=VECTOR('',#1933,1.E-1);
#1935=CARTESIAN_POINT('',(-1.472910541582E0,3.0639E0,-4.E-1));
#1936=LINE('',#1935,#1934);
#1937=DIRECTION('',(0.E0,0.E0,-1.E0));
#1938=VECTOR('',#1937,1.E-1);
#1939=CARTESIAN_POINT('',(-1.538401958418E0,2.997014901590E0,-4.E-1));
#1940=LINE('',#1939,#1938);
#1941=DIRECTION('',(0.E0,0.E0,-1.E0));
#1942=VECTOR('',#1941,1.E-1);
#1943=CARTESIAN_POINT('',(-1.391045708418E0,2.545540417060E0,-4.E-1));
#1944=LINE('',#1943,#1942);
#1945=DIRECTION('',(0.E0,0.E0,-1.E0));
#1946=VECTOR('',#1945,1.E-1);
#1947=CARTESIAN_POINT('',(-1.685758208418E0,2.545540417060E0,-4.E-1));
#1948=LINE('',#1947,#1946);
#1949=CARTESIAN_POINT('',(3.7E0,2.390890230021E0,-4.E-1));
#1950=CARTESIAN_POINT('',(3.7E0,-2.390890230021E0,-4.E-1));
#1951=VERTEX_POINT('',#1949);
#1952=VERTEX_POINT('',#1950);
#1953=CARTESIAN_POINT('',(-3.7E0,-2.390890230021E0,-4.E-1));
#1954=VERTEX_POINT('',#1953);
#1955=CARTESIAN_POINT('',(-3.7E0,2.390890230021E0,-4.E-1));
#1956=VERTEX_POINT('',#1955);
#1957=CARTESIAN_POINT('',(3.7E0,2.390890230021E0,0.E0));
#1958=CARTESIAN_POINT('',(3.7E0,-2.390890230021E0,0.E0));
#1959=VERTEX_POINT('',#1957);
#1960=VERTEX_POINT('',#1958);
#1961=CARTESIAN_POINT('',(-3.7E0,-2.390890230021E0,0.E0));
#1962=VERTEX_POINT('',#1961);
#1963=CARTESIAN_POINT('',(-3.7E0,2.390890230021E0,0.E0));
#1964=VERTEX_POINT('',#1963);
#1965=CARTESIAN_POINT('',(-2.E0,0.E0,-5.E-1));
#1966=CARTESIAN_POINT('',(2.E0,0.E0,-5.E-1));
#1967=VERTEX_POINT('',#1965);
#1968=VERTEX_POINT('',#1966);
#1969=CARTESIAN_POINT('',(-2.E0,0.E0,-4.E-1));
#1970=CARTESIAN_POINT('',(2.E0,0.E0,-4.E-1));
#1971=VERTEX_POINT('',#1969);
#1972=VERTEX_POINT('',#1970);
#1973=CARTESIAN_POINT('',(5.85E0,5.E0,7.E-1));
#1974=CARTESIAN_POINT('',(4.85E0,6.E0,7.E-1));
#1975=VERTEX_POINT('',#1973);
#1976=VERTEX_POINT('',#1974);
#1977=CARTESIAN_POINT('',(4.85E0,-6.E0,7.E-1));
#1978=CARTESIAN_POINT('',(5.85E0,-5.E0,7.E-1));
#1979=VERTEX_POINT('',#1977);
#1980=VERTEX_POINT('',#1978);
#1981=CARTESIAN_POINT('',(-5.85E0,-5.E0,7.E-1));
#1982=CARTESIAN_POINT('',(-4.85E0,-6.E0,7.E-1));
#1983=VERTEX_POINT('',#1981);
#1984=VERTEX_POINT('',#1982);
#1985=CARTESIAN_POINT('',(-4.85E0,6.E0,7.E-1));
#1986=CARTESIAN_POINT('',(-5.85E0,5.E0,7.E-1));
#1987=VERTEX_POINT('',#1985);
#1988=VERTEX_POINT('',#1986);
#1989=CARTESIAN_POINT('',(4.85E0,6.E0,-5.E-1));
#1990=CARTESIAN_POINT('',(5.85E0,5.E0,-5.E-1));
#1991=VERTEX_POINT('',#1989);
#1992=VERTEX_POINT('',#1990);
#1993=CARTESIAN_POINT('',(5.85E0,4.7E0,-5.E-1));
#1994=VERTEX_POINT('',#1993);
#1995=CARTESIAN_POINT('',(3.35E0,4.7E0,-5.E-1));
#1996=VERTEX_POINT('',#1995);
#1997=CARTESIAN_POINT('',(3.35E0,6.E0,-5.E-1));
#1998=VERTEX_POINT('',#1997);
#1999=CARTESIAN_POINT('',(-5.85E0,5.E0,-5.E-1));
#2000=CARTESIAN_POINT('',(-4.85E0,6.E0,-5.E-1));
#2001=VERTEX_POINT('',#1999);
#2002=VERTEX_POINT('',#2000);
#2003=CARTESIAN_POINT('',(-3.35E0,6.E0,-5.E-1));
#2004=VERTEX_POINT('',#2003);
#2005=CARTESIAN_POINT('',(-3.35E0,4.7E0,-5.E-1));
#2006=VERTEX_POINT('',#2005);
#2007=CARTESIAN_POINT('',(-5.85E0,4.7E0,-5.E-1));
#2008=VERTEX_POINT('',#2007);
#2009=CARTESIAN_POINT('',(5.85E0,-5.E0,-5.E-1));
#2010=CARTESIAN_POINT('',(4.85E0,-6.E0,-5.E-1));
#2011=VERTEX_POINT('',#2009);
#2012=VERTEX_POINT('',#2010);
#2013=CARTESIAN_POINT('',(3.35E0,-6.E0,-5.E-1));
#2014=VERTEX_POINT('',#2013);
#2015=CARTESIAN_POINT('',(3.35E0,-4.7E0,-5.E-1));
#2016=VERTEX_POINT('',#2015);
#2017=CARTESIAN_POINT('',(5.85E0,-4.7E0,-5.E-1));
#2018=VERTEX_POINT('',#2017);
#2019=CARTESIAN_POINT('',(-4.85E0,-6.E0,-5.E-1));
#2020=CARTESIAN_POINT('',(-5.85E0,-5.E0,-5.E-1));
#2021=VERTEX_POINT('',#2019);
#2022=VERTEX_POINT('',#2020);
#2023=CARTESIAN_POINT('',(-5.85E0,-4.7E0,-5.E-1));
#2024=VERTEX_POINT('',#2023);
#2025=CARTESIAN_POINT('',(-3.35E0,-4.7E0,-5.E-1));
#2026=VERTEX_POINT('',#2025);
#2027=CARTESIAN_POINT('',(-3.35E0,-6.E0,-5.E-1));
#2028=VERTEX_POINT('',#2027);
#2029=CARTESIAN_POINT('',(-3.35E0,-6.E0,0.E0));
#2030=CARTESIAN_POINT('',(3.35E0,-6.E0,0.E0));
#2031=VERTEX_POINT('',#2029);
#2032=VERTEX_POINT('',#2030);
#2033=CARTESIAN_POINT('',(3.35E0,6.E0,0.E0));
#2034=CARTESIAN_POINT('',(-3.35E0,6.E0,0.E0));
#2035=VERTEX_POINT('',#2033);
#2036=VERTEX_POINT('',#2034);
#2037=CARTESIAN_POINT('',(4.25E0,2.7E0,3.E-1));
#2038=CARTESIAN_POINT('',(2.85E0,4.E0,3.E-1));
#2039=VERTEX_POINT('',#2037);
#2040=VERTEX_POINT('',#2038);
#2041=CARTESIAN_POINT('',(2.85E0,4.7E0,3.E-1));
#2042=VERTEX_POINT('',#2041);
#2043=CARTESIAN_POINT('',(-2.85E0,4.7E0,3.E-1));
#2044=CARTESIAN_POINT('',(-2.85E0,4.E0,3.E-1));
#2045=VERTEX_POINT('',#2043);
#2046=VERTEX_POINT('',#2044);
#2047=CARTESIAN_POINT('',(-4.25E0,2.7E0,3.E-1));
#2048=VERTEX_POINT('',#2047);
#2049=CARTESIAN_POINT('',(2.85E0,-4.7E0,3.E-1));
#2050=CARTESIAN_POINT('',(2.85E0,-4.E0,3.E-1));
#2051=VERTEX_POINT('',#2049);
#2052=VERTEX_POINT('',#2050);
#2053=CARTESIAN_POINT('',(4.25E0,-2.7E0,3.E-1));
#2054=VERTEX_POINT('',#2053);
#2055=CARTESIAN_POINT('',(-4.25E0,-2.7E0,3.E-1));
#2056=CARTESIAN_POINT('',(-2.85E0,-4.E0,3.E-1));
#2057=VERTEX_POINT('',#2055);
#2058=VERTEX_POINT('',#2056);
#2059=CARTESIAN_POINT('',(-2.85E0,-4.7E0,3.E-1));
#2060=VERTEX_POINT('',#2059);
#2061=CARTESIAN_POINT('',(4.25E0,2.7E0,0.E0));
#2062=CARTESIAN_POINT('',(2.85E0,4.E0,0.E0));
#2063=VERTEX_POINT('',#2061);
#2064=VERTEX_POINT('',#2062);
#2065=CARTESIAN_POINT('',(2.85E0,4.7E0,0.E0));
#2066=VERTEX_POINT('',#2065);
#2067=CARTESIAN_POINT('',(3.35E0,4.7E0,0.E0));
#2068=VERTEX_POINT('',#2067);
#2069=CARTESIAN_POINT('',(-3.35E0,4.7E0,0.E0));
#2070=CARTESIAN_POINT('',(-2.85E0,4.7E0,0.E0));
#2071=VERTEX_POINT('',#2069);
#2072=VERTEX_POINT('',#2070);
#2073=CARTESIAN_POINT('',(-2.85E0,4.E0,0.E0));
#2074=VERTEX_POINT('',#2073);
#2075=CARTESIAN_POINT('',(-4.25E0,2.7E0,0.E0));
#2076=VERTEX_POINT('',#2075);
#2077=CARTESIAN_POINT('',(3.35E0,-4.7E0,0.E0));
#2078=CARTESIAN_POINT('',(2.85E0,-4.7E0,0.E0));
#2079=VERTEX_POINT('',#2077);
#2080=VERTEX_POINT('',#2078);
#2081=CARTESIAN_POINT('',(2.85E0,-4.E0,0.E0));
#2082=VERTEX_POINT('',#2081);
#2083=CARTESIAN_POINT('',(4.25E0,-2.7E0,0.E0));
#2084=VERTEX_POINT('',#2083);
#2085=CARTESIAN_POINT('',(-4.25E0,-2.7E0,0.E0));
#2086=CARTESIAN_POINT('',(-2.85E0,-4.E0,0.E0));
#2087=VERTEX_POINT('',#2085);
#2088=VERTEX_POINT('',#2086);
#2089=CARTESIAN_POINT('',(-2.85E0,-4.7E0,0.E0));
#2090=VERTEX_POINT('',#2089);
#2091=CARTESIAN_POINT('',(-3.35E0,-4.7E0,0.E0));
#2092=VERTEX_POINT('',#2091);
#2093=CARTESIAN_POINT('',(-5.35E0,2.7E0,0.E0));
#2094=CARTESIAN_POINT('',(-5.35E0,-2.7E0,0.E0));
#2095=VERTEX_POINT('',#2093);
#2096=VERTEX_POINT('',#2094);
#2097=CARTESIAN_POINT('',(-5.35E0,4.7E0,7.E-1));
#2098=CARTESIAN_POINT('',(-5.35E0,-4.7E0,7.E-1));
#2099=VERTEX_POINT('',#2097);
#2100=VERTEX_POINT('',#2098);
#2101=CARTESIAN_POINT('',(-5.85E0,-4.7E0,7.E-1));
#2102=VERTEX_POINT('',#2101);
#2103=CARTESIAN_POINT('',(-5.85E0,4.7E0,7.E-1));
#2104=VERTEX_POINT('',#2103);
#2105=CARTESIAN_POINT('',(-5.35E0,-4.7E0,3.E-1));
#2106=CARTESIAN_POINT('',(-5.35E0,-2.7E0,3.E-1));
#2107=VERTEX_POINT('',#2105);
#2108=VERTEX_POINT('',#2106);
#2109=CARTESIAN_POINT('',(-5.35E0,2.7E0,3.E-1));
#2110=CARTESIAN_POINT('',(-5.35E0,4.7E0,3.E-1));
#2111=VERTEX_POINT('',#2109);
#2112=VERTEX_POINT('',#2110);
#2113=CARTESIAN_POINT('',(1.7853E0,3.0639E0,-5.E-1));
#2114=CARTESIAN_POINT('',(1.7853E0,2.278E0,-5.E-1));
#2115=VERTEX_POINT('',#2113);
#2116=VERTEX_POINT('',#2114);
#2117=CARTESIAN_POINT('',(1.195875E0,2.278E0,-5.E-1));
#2118=VERTEX_POINT('',#2117);
#2119=CARTESIAN_POINT('',(1.195875E0,2.378327659325E0,-5.E-1));
#2120=VERTEX_POINT('',#2119);
#2121=CARTESIAN_POINT('',(1.6870625E0,2.378327659325E0,-5.E-1));
#2122=VERTEX_POINT('',#2121);
#2123=CARTESIAN_POINT('',(1.6870625E0,3.0639E0,-5.E-1));
#2124=VERTEX_POINT('',#2123);
#2125=CARTESIAN_POINT('',(4.263479478955E-1,2.478655318651E0,-5.E-1));
#2126=CARTESIAN_POINT('',(5.245854478955E-1,2.478655318651E0,-5.E-1));
#2127=VERTEX_POINT('',#2125);
#2128=VERTEX_POINT('',#2126);
#2129=CARTESIAN_POINT('',(5.409583021045E-1,2.428491494843E0,-5.E-1));
#2130=VERTEX_POINT('',#2129);
#2131=CARTESIAN_POINT('',(5.900770521045E-1,2.395048933928E0,-5.E-1));
#2132=VERTEX_POINT('',#2131);
#2133=CARTESIAN_POINT('',(6.5556875E-1,2.378327659325E0,-5.E-1));
#2134=VERTEX_POINT('',#2133);
#2135=CARTESIAN_POINT('',(8.02925E-1,2.378327659325E0,-5.E-1));
#2136=VERTEX_POINT('',#2135);
#2137=CARTESIAN_POINT('',(8.684166978955E-1,2.395048933928E0,-5.E-1));
#2138=VERTEX_POINT('',#2137);
#2139=CARTESIAN_POINT('',(9.175354478955E-1,2.428491494843E0,-5.E-1));
#2140=VERTEX_POINT('',#2139);
#2141=CARTESIAN_POINT('',(9.5028125E-1,2.478655318651E0,-5.E-1));
#2142=VERTEX_POINT('',#2141);
#2143=CARTESIAN_POINT('',(9.666541978955E-1,2.545540417060E0,-5.E-1));
#2144=VERTEX_POINT('',#2143);
#2145=CARTESIAN_POINT('',(9.666541978955E-1,2.796359559518E0,-5.E-1));
#2146=VERTEX_POINT('',#2145);
#2147=CARTESIAN_POINT('',(9.5028125E-1,2.863244657928E0,-5.E-1));
#2148=VERTEX_POINT('',#2147);
#2149=CARTESIAN_POINT('',(9.175354478955E-1,2.913408528578E0,-5.E-1));
#2150=VERTEX_POINT('',#2149);
#2151=CARTESIAN_POINT('',(8.684166978955E-1,2.946851077783E0,-5.E-1));
#2152=VERTEX_POINT('',#2151);
#2153=CARTESIAN_POINT('',(8.02925E-1,2.963572352386E0,-5.E-1));
#2154=VERTEX_POINT('',#2153);
#2155=CARTESIAN_POINT('',(6.5556875E-1,2.963572352386E0,-5.E-1));
#2156=VERTEX_POINT('',#2155);
#2157=CARTESIAN_POINT('',(5.900770521045E-1,2.946851077783E0,-5.E-1));
#2158=VERTEX_POINT('',#2157);
#2159=CARTESIAN_POINT('',(5.409583021045E-1,2.913408528578E0,-5.E-1));
#2160=VERTEX_POINT('',#2159);
#2161=CARTESIAN_POINT('',(5.245854478955E-1,2.863244657928E0,-5.E-1));
#2162=VERTEX_POINT('',#2161);
#2163=CARTESIAN_POINT('',(4.263479478955E-1,2.863244657928E0,-5.E-1));
#2164=VERTEX_POINT('',#2163);
#2165=CARTESIAN_POINT('',(4.427208021045E-1,2.946851077783E0,-5.E-1));
#2166=VERTEX_POINT('',#2165);
#2167=CARTESIAN_POINT('',(5.082125E-1,3.013736176193E0,-5.E-1));
#2168=VERTEX_POINT('',#2167);
#2169=CARTESIAN_POINT('',(5.737041978955E-1,3.047178725398E0,-5.E-1));
#2170=VERTEX_POINT('',#2169);
#2171=CARTESIAN_POINT('',(6.5556875E-1,3.0639E0,-5.E-1));
#2172=VERTEX_POINT('',#2171);
#2173=CARTESIAN_POINT('',(8.02925E-1,3.0639E0,-5.E-1));
#2174=VERTEX_POINT('',#2173);
#2175=CARTESIAN_POINT('',(8.847895521045E-1,3.047178725398E0,-5.E-1));
#2176=VERTEX_POINT('',#2175);
#2177=CARTESIAN_POINT('',(9.5028125E-1,3.013736176193E0,-5.E-1));
#2178=VERTEX_POINT('',#2177);
#2179=CARTESIAN_POINT('',(1.015772901052E0,2.946851077783E0,-5.E-1));
#2180=VERTEX_POINT('',#2179);
#2181=CARTESIAN_POINT('',(1.04851875E0,2.879965979373E0,-5.E-1));
#2182=VERTEX_POINT('',#2181);
#2183=CARTESIAN_POINT('',(1.064891651052E0,2.796359559518E0,-5.E-1));
#2184=VERTEX_POINT('',#2183);
#2185=CARTESIAN_POINT('',(1.064891651052E0,2.545540417060E0,-5.E-1));
#2186=VERTEX_POINT('',#2185);
#2187=CARTESIAN_POINT('',(1.04851875E0,2.461934044048E0,-5.E-1));
#2188=VERTEX_POINT('',#2187);
#2189=CARTESIAN_POINT('',(1.015772901052E0,2.395048933928E0,-5.E-1));
#2190=VERTEX_POINT('',#2189);
#2191=CARTESIAN_POINT('',(9.5028125E-1,2.328163829663E0,-5.E-1));
#2192=VERTEX_POINT('',#2191);
#2193=CARTESIAN_POINT('',(8.847895521045E-1,2.294721276066E0,-5.E-1));
#2194=VERTEX_POINT('',#2193);
#2195=CARTESIAN_POINT('',(8.02925E-1,2.278E0,-5.E-1));
#2196=VERTEX_POINT('',#2195);
#2197=CARTESIAN_POINT('',(6.5556875E-1,2.278E0,-5.E-1));
#2198=VERTEX_POINT('',#2197);
#2199=CARTESIAN_POINT('',(5.737041978955E-1,2.294721276066E0,-5.E-1));
#2200=VERTEX_POINT('',#2199);
#2201=CARTESIAN_POINT('',(5.082125E-1,2.328163829663E0,-5.E-1));
#2202=VERTEX_POINT('',#2201);
#2203=CARTESIAN_POINT('',(4.427208021045E-1,2.395048933928E0,-5.E-1));
#2204=VERTEX_POINT('',#2203);
#2205=CARTESIAN_POINT('',(-2.940603542089E-1,2.378327659325E0,-5.E-1));
#2206=CARTESIAN_POINT('',(1.971271457911E-1,2.378327659325E0,-5.E-1));
#2207=VERTEX_POINT('',#2205);
#2208=VERTEX_POINT('',#2206);
#2209=CARTESIAN_POINT('',(1.971271457911E-1,2.645868088096E0,-5.E-1));
#2210=VERTEX_POINT('',#2209);
#2211=CARTESIAN_POINT('',(-2.2856875E-1,2.645868088096E0,-5.E-1));
#2212=VERTEX_POINT('',#2211);
#2213=CARTESIAN_POINT('',(-2.2856875E-1,2.746195735711E0,-5.E-1));
#2214=VERTEX_POINT('',#2213);
#2215=CARTESIAN_POINT('',(1.971271457911E-1,2.746195735711E0,-5.E-1));
#2216=VERTEX_POINT('',#2215);
#2217=CARTESIAN_POINT('',(1.971271457911E-1,2.963572352386E0,-5.E-1));
#2218=VERTEX_POINT('',#2217);
#2219=CARTESIAN_POINT('',(-2.940603542089E-1,2.963572352386E0,-5.E-1));
#2220=VERTEX_POINT('',#2219);
#2221=CARTESIAN_POINT('',(-2.940603542089E-1,3.0639E0,-5.E-1));
#2222=VERTEX_POINT('',#2221);
#2223=CARTESIAN_POINT('',(2.953645521045E-1,3.0639E0,-5.E-1));
#2224=VERTEX_POINT('',#2223);
#2225=CARTESIAN_POINT('',(2.953645521045E-1,2.278E0,-5.E-1));
#2226=VERTEX_POINT('',#2225);
#2227=CARTESIAN_POINT('',(-2.940603542089E-1,2.278E0,-5.E-1));
#2228=VERTEX_POINT('',#2227);
#2229=CARTESIAN_POINT('',(-8.1799375E-1,3.0639E0,-5.E-1));
#2230=CARTESIAN_POINT('',(-4.2504375E-1,3.0639E0,-5.E-1));
#2231=VERTEX_POINT('',#2229);
#2232=VERTEX_POINT('',#2230);
#2233=CARTESIAN_POINT('',(-4.2504375E-1,2.278E0,-5.E-1));
#2234=VERTEX_POINT('',#2233);
#2235=CARTESIAN_POINT('',(-8.1799375E-1,2.278E0,-5.E-1));
#2236=VERTEX_POINT('',#2235);
#2237=CARTESIAN_POINT('',(-8.998583957911E-1,2.294721276066E0,-5.E-1));
#2238=VERTEX_POINT('',#2237);
#2239=CARTESIAN_POINT('',(-9.6535E-1,2.328163829663E0,-5.E-1));
#2240=VERTEX_POINT('',#2239);
#2241=CARTESIAN_POINT('',(-1.030841604209E0,2.395048933928E0,-5.E-1));
#2242=VERTEX_POINT('',#2241);
#2243=CARTESIAN_POINT('',(-1.0635875E0,2.461934044048E0,-5.E-1));
#2244=VERTEX_POINT('',#2243);
#2245=CARTESIAN_POINT('',(-1.079960354209E0,2.545540417060E0,-5.E-1));
#2246=VERTEX_POINT('',#2245);
#2247=CARTESIAN_POINT('',(-1.079960354209E0,2.796359559518E0,-5.E-1));
#2248=VERTEX_POINT('',#2247);
#2249=CARTESIAN_POINT('',(-1.0635875E0,2.879965979373E0,-5.E-1));
#2250=VERTEX_POINT('',#2249);
#2251=CARTESIAN_POINT('',(-1.030841604209E0,2.946851077783E0,-5.E-1));
#2252=VERTEX_POINT('',#2251);
#2253=CARTESIAN_POINT('',(-9.6535E-1,3.013736176193E0,-5.E-1));
#2254=VERTEX_POINT('',#2253);
#2255=CARTESIAN_POINT('',(-8.998583957911E-1,3.047178725398E0,-5.E-1));
#2256=VERTEX_POINT('',#2255);
#2257=CARTESIAN_POINT('',(-5.2328125E-1,2.963572352386E0,-5.E-1));
#2258=CARTESIAN_POINT('',(-8.1799375E-1,2.963572352386E0,-5.E-1));
#2259=VERTEX_POINT('',#2257);
#2260=VERTEX_POINT('',#2258);
#2261=CARTESIAN_POINT('',(-8.834853542089E-1,2.946851077783E0,-5.E-1));
#2262=VERTEX_POINT('',#2261);
#2263=CARTESIAN_POINT('',(-9.326041042089E-1,2.913408528578E0,-5.E-1));
#2264=VERTEX_POINT('',#2263);
#2265=CARTESIAN_POINT('',(-9.6535E-1,2.863244657928E0,-5.E-1));
#2266=VERTEX_POINT('',#2265);
#2267=CARTESIAN_POINT('',(-9.817228542089E-1,2.796359559518E0,-5.E-1));
#2268=VERTEX_POINT('',#2267);
#2269=CARTESIAN_POINT('',(-9.817228542089E-1,2.545540417060E0,-5.E-1));
#2270=VERTEX_POINT('',#2269);
#2271=CARTESIAN_POINT('',(-9.6535E-1,2.478655318651E0,-5.E-1));
#2272=VERTEX_POINT('',#2271);
#2273=CARTESIAN_POINT('',(-9.326041042089E-1,2.428491494843E0,-5.E-1));
#2274=VERTEX_POINT('',#2273);
#2275=CARTESIAN_POINT('',(-8.834853542089E-1,2.395048933928E0,-5.E-1));
#2276=VERTEX_POINT('',#2275);
#2277=CARTESIAN_POINT('',(-8.1799375E-1,2.378327659325E0,-5.E-1));
#2278=VERTEX_POINT('',#2277);
#2279=CARTESIAN_POINT('',(-5.2328125E-1,2.378327659325E0,-5.E-1));
#2280=VERTEX_POINT('',#2279);
#2281=CARTESIAN_POINT('',(-1.60389375E0,3.0639E0,-5.E-1));
#2282=CARTESIAN_POINT('',(-1.472910541582E0,3.0639E0,-5.E-1));
#2283=VERTEX_POINT('',#2281);
#2284=VERTEX_POINT('',#2282);
#2285=CARTESIAN_POINT('',(-1.21094375E0,2.278E0,-5.E-1));
#2286=VERTEX_POINT('',#2285);
#2287=CARTESIAN_POINT('',(-1.30918125E0,2.278E0,-5.E-1));
#2288=VERTEX_POINT('',#2287);
#2289=CARTESIAN_POINT('',(-1.374673041582E0,2.478655318651E0,-5.E-1));
#2290=VERTEX_POINT('',#2289);
#2291=CARTESIAN_POINT('',(-1.70213125E0,2.478655318651E0,-5.E-1));
#2292=VERTEX_POINT('',#2291);
#2293=CARTESIAN_POINT('',(-1.767623041582E0,2.278E0,-5.E-1));
#2294=VERTEX_POINT('',#2293);
#2295=CARTESIAN_POINT('',(-1.865860541582E0,2.278E0,-5.E-1));
#2296=VERTEX_POINT('',#2295);
#2297=CARTESIAN_POINT('',(-1.538401958418E0,2.997014901590E0,-5.E-1));
#2298=CARTESIAN_POINT('',(-1.685758208418E0,2.545540417060E0,-5.E-1));
#2299=VERTEX_POINT('',#2297);
#2300=VERTEX_POINT('',#2298);
#2301=CARTESIAN_POINT('',(-1.391045708418E0,2.545540417060E0,-5.E-1));
#2302=VERTEX_POINT('',#2301);
#2303=CARTESIAN_POINT('',(1.7853E0,3.0639E0,-4.E-1));
#2304=CARTESIAN_POINT('',(1.7853E0,2.278E0,-4.E-1));
#2305=VERTEX_POINT('',#2303);
#2306=VERTEX_POINT('',#2304);
#2307=CARTESIAN_POINT('',(1.195875E0,2.278E0,-4.E-1));
#2308=VERTEX_POINT('',#2307);
#2309=CARTESIAN_POINT('',(1.195875E0,2.378327659325E0,-4.E-1));
#2310=VERTEX_POINT('',#2309);
#2311=CARTESIAN_POINT('',(1.6870625E0,2.378327659325E0,-4.E-1));
#2312=VERTEX_POINT('',#2311);
#2313=CARTESIAN_POINT('',(1.6870625E0,3.0639E0,-4.E-1));
#2314=VERTEX_POINT('',#2313);
#2315=CARTESIAN_POINT('',(4.263479478955E-1,2.478655318651E0,-4.E-1));
#2316=CARTESIAN_POINT('',(5.245854478955E-1,2.478655318651E0,-4.E-1));
#2317=VERTEX_POINT('',#2315);
#2318=VERTEX_POINT('',#2316);
#2319=CARTESIAN_POINT('',(5.409583021045E-1,2.428491494843E0,-4.E-1));
#2320=VERTEX_POINT('',#2319);
#2321=CARTESIAN_POINT('',(5.900770521045E-1,2.395048933928E0,-4.E-1));
#2322=VERTEX_POINT('',#2321);
#2323=CARTESIAN_POINT('',(6.5556875E-1,2.378327659325E0,-4.E-1));
#2324=VERTEX_POINT('',#2323);
#2325=CARTESIAN_POINT('',(8.02925E-1,2.378327659325E0,-4.E-1));
#2326=VERTEX_POINT('',#2325);
#2327=CARTESIAN_POINT('',(8.684166978955E-1,2.395048933928E0,-4.E-1));
#2328=VERTEX_POINT('',#2327);
#2329=CARTESIAN_POINT('',(9.175354478955E-1,2.428491494843E0,-4.E-1));
#2330=VERTEX_POINT('',#2329);
#2331=CARTESIAN_POINT('',(9.5028125E-1,2.478655318651E0,-4.E-1));
#2332=VERTEX_POINT('',#2331);
#2333=CARTESIAN_POINT('',(9.666541978955E-1,2.545540417060E0,-4.E-1));
#2334=VERTEX_POINT('',#2333);
#2335=CARTESIAN_POINT('',(9.666541978955E-1,2.796359559518E0,-4.E-1));
#2336=VERTEX_POINT('',#2335);
#2337=CARTESIAN_POINT('',(9.5028125E-1,2.863244657928E0,-4.E-1));
#2338=VERTEX_POINT('',#2337);
#2339=CARTESIAN_POINT('',(9.175354478955E-1,2.913408528578E0,-4.E-1));
#2340=VERTEX_POINT('',#2339);
#2341=CARTESIAN_POINT('',(8.684166978955E-1,2.946851077783E0,-4.E-1));
#2342=VERTEX_POINT('',#2341);
#2343=CARTESIAN_POINT('',(8.02925E-1,2.963572352386E0,-4.E-1));
#2344=VERTEX_POINT('',#2343);
#2345=CARTESIAN_POINT('',(6.5556875E-1,2.963572352386E0,-4.E-1));
#2346=VERTEX_POINT('',#2345);
#2347=CARTESIAN_POINT('',(5.900770521045E-1,2.946851077783E0,-4.E-1));
#2348=VERTEX_POINT('',#2347);
#2349=CARTESIAN_POINT('',(5.409583021045E-1,2.913408528578E0,-4.E-1));
#2350=VERTEX_POINT('',#2349);
#2351=CARTESIAN_POINT('',(5.245854478955E-1,2.863244657928E0,-4.E-1));
#2352=VERTEX_POINT('',#2351);
#2353=CARTESIAN_POINT('',(4.263479478955E-1,2.863244657928E0,-4.E-1));
#2354=VERTEX_POINT('',#2353);
#2355=CARTESIAN_POINT('',(4.427208021045E-1,2.946851077783E0,-4.E-1));
#2356=VERTEX_POINT('',#2355);
#2357=CARTESIAN_POINT('',(5.082125E-1,3.013736176193E0,-4.E-1));
#2358=VERTEX_POINT('',#2357);
#2359=CARTESIAN_POINT('',(5.737041978955E-1,3.047178725398E0,-4.E-1));
#2360=VERTEX_POINT('',#2359);
#2361=CARTESIAN_POINT('',(6.5556875E-1,3.0639E0,-4.E-1));
#2362=VERTEX_POINT('',#2361);
#2363=CARTESIAN_POINT('',(8.02925E-1,3.0639E0,-4.E-1));
#2364=VERTEX_POINT('',#2363);
#2365=CARTESIAN_POINT('',(8.847895521045E-1,3.047178725398E0,-4.E-1));
#2366=VERTEX_POINT('',#2365);
#2367=CARTESIAN_POINT('',(9.5028125E-1,3.013736176193E0,-4.E-1));
#2368=VERTEX_POINT('',#2367);
#2369=CARTESIAN_POINT('',(1.015772901052E0,2.946851077783E0,-4.E-1));
#2370=VERTEX_POINT('',#2369);
#2371=CARTESIAN_POINT('',(1.04851875E0,2.879965979373E0,-4.E-1));
#2372=VERTEX_POINT('',#2371);
#2373=CARTESIAN_POINT('',(1.064891651052E0,2.796359559518E0,-4.E-1));
#2374=VERTEX_POINT('',#2373);
#2375=CARTESIAN_POINT('',(1.064891651052E0,2.545540417060E0,-4.E-1));
#2376=VERTEX_POINT('',#2375);
#2377=CARTESIAN_POINT('',(1.04851875E0,2.461934044048E0,-4.E-1));
#2378=VERTEX_POINT('',#2377);
#2379=CARTESIAN_POINT('',(1.015772901052E0,2.395048933928E0,-4.E-1));
#2380=VERTEX_POINT('',#2379);
#2381=CARTESIAN_POINT('',(9.5028125E-1,2.328163829663E0,-4.E-1));
#2382=VERTEX_POINT('',#2381);
#2383=CARTESIAN_POINT('',(8.847895521045E-1,2.294721276066E0,-4.E-1));
#2384=VERTEX_POINT('',#2383);
#2385=CARTESIAN_POINT('',(8.02925E-1,2.278E0,-4.E-1));
#2386=VERTEX_POINT('',#2385);
#2387=CARTESIAN_POINT('',(6.5556875E-1,2.278E0,-4.E-1));
#2388=VERTEX_POINT('',#2387);
#2389=CARTESIAN_POINT('',(5.737041978955E-1,2.294721276066E0,-4.E-1));
#2390=VERTEX_POINT('',#2389);
#2391=CARTESIAN_POINT('',(5.082125E-1,2.328163829663E0,-4.E-1));
#2392=VERTEX_POINT('',#2391);
#2393=CARTESIAN_POINT('',(4.427208021045E-1,2.395048933928E0,-4.E-1));
#2394=VERTEX_POINT('',#2393);
#2395=CARTESIAN_POINT('',(-2.940603542089E-1,2.378327659325E0,-4.E-1));
#2396=CARTESIAN_POINT('',(1.971271457911E-1,2.378327659325E0,-4.E-1));
#2397=VERTEX_POINT('',#2395);
#2398=VERTEX_POINT('',#2396);
#2399=CARTESIAN_POINT('',(1.971271457911E-1,2.645868088096E0,-4.E-1));
#2400=VERTEX_POINT('',#2399);
#2401=CARTESIAN_POINT('',(-2.2856875E-1,2.645868088096E0,-4.E-1));
#2402=VERTEX_POINT('',#2401);
#2403=CARTESIAN_POINT('',(-2.2856875E-1,2.746195735711E0,-4.E-1));
#2404=VERTEX_POINT('',#2403);
#2405=CARTESIAN_POINT('',(1.971271457911E-1,2.746195735711E0,-4.E-1));
#2406=VERTEX_POINT('',#2405);
#2407=CARTESIAN_POINT('',(1.971271457911E-1,2.963572352386E0,-4.E-1));
#2408=VERTEX_POINT('',#2407);
#2409=CARTESIAN_POINT('',(-2.940603542089E-1,2.963572352386E0,-4.E-1));
#2410=VERTEX_POINT('',#2409);
#2411=CARTESIAN_POINT('',(-2.940603542089E-1,3.0639E0,-4.E-1));
#2412=VERTEX_POINT('',#2411);
#2413=CARTESIAN_POINT('',(2.953645521045E-1,3.0639E0,-4.E-1));
#2414=VERTEX_POINT('',#2413);
#2415=CARTESIAN_POINT('',(2.953645521045E-1,2.278E0,-4.E-1));
#2416=VERTEX_POINT('',#2415);
#2417=CARTESIAN_POINT('',(-2.940603542089E-1,2.278E0,-4.E-1));
#2418=VERTEX_POINT('',#2417);
#2419=CARTESIAN_POINT('',(-8.1799375E-1,3.0639E0,-4.E-1));
#2420=CARTESIAN_POINT('',(-4.2504375E-1,3.0639E0,-4.E-1));
#2421=VERTEX_POINT('',#2419);
#2422=VERTEX_POINT('',#2420);
#2423=CARTESIAN_POINT('',(-4.2504375E-1,2.278E0,-4.E-1));
#2424=VERTEX_POINT('',#2423);
#2425=CARTESIAN_POINT('',(-8.1799375E-1,2.278E0,-4.E-1));
#2426=VERTEX_POINT('',#2425);
#2427=CARTESIAN_POINT('',(-8.998583957911E-1,2.294721276066E0,-4.E-1));
#2428=VERTEX_POINT('',#2427);
#2429=CARTESIAN_POINT('',(-9.6535E-1,2.328163829663E0,-4.E-1));
#2430=VERTEX_POINT('',#2429);
#2431=CARTESIAN_POINT('',(-1.030841604209E0,2.395048933928E0,-4.E-1));
#2432=VERTEX_POINT('',#2431);
#2433=CARTESIAN_POINT('',(-1.0635875E0,2.461934044048E0,-4.E-1));
#2434=VERTEX_POINT('',#2433);
#2435=CARTESIAN_POINT('',(-1.079960354209E0,2.545540417060E0,-4.E-1));
#2436=VERTEX_POINT('',#2435);
#2437=CARTESIAN_POINT('',(-1.079960354209E0,2.796359559518E0,-4.E-1));
#2438=VERTEX_POINT('',#2437);
#2439=CARTESIAN_POINT('',(-1.0635875E0,2.879965979373E0,-4.E-1));
#2440=VERTEX_POINT('',#2439);
#2441=CARTESIAN_POINT('',(-1.030841604209E0,2.946851077783E0,-4.E-1));
#2442=VERTEX_POINT('',#2441);
#2443=CARTESIAN_POINT('',(-9.6535E-1,3.013736176193E0,-4.E-1));
#2444=VERTEX_POINT('',#2443);
#2445=CARTESIAN_POINT('',(-8.998583957911E-1,3.047178725398E0,-4.E-1));
#2446=VERTEX_POINT('',#2445);
#2447=CARTESIAN_POINT('',(-5.2328125E-1,2.963572352386E0,-4.E-1));
#2448=CARTESIAN_POINT('',(-8.1799375E-1,2.963572352386E0,-4.E-1));
#2449=VERTEX_POINT('',#2447);
#2450=VERTEX_POINT('',#2448);
#2451=CARTESIAN_POINT('',(-8.834853542089E-1,2.946851077783E0,-4.E-1));
#2452=VERTEX_POINT('',#2451);
#2453=CARTESIAN_POINT('',(-9.326041042089E-1,2.913408528578E0,-4.E-1));
#2454=VERTEX_POINT('',#2453);
#2455=CARTESIAN_POINT('',(-9.6535E-1,2.863244657928E0,-4.E-1));
#2456=VERTEX_POINT('',#2455);
#2457=CARTESIAN_POINT('',(-9.817228542089E-1,2.796359559518E0,-4.E-1));
#2458=VERTEX_POINT('',#2457);
#2459=CARTESIAN_POINT('',(-9.817228542089E-1,2.545540417060E0,-4.E-1));
#2460=VERTEX_POINT('',#2459);
#2461=CARTESIAN_POINT('',(-9.6535E-1,2.478655318651E0,-4.E-1));
#2462=VERTEX_POINT('',#2461);
#2463=CARTESIAN_POINT('',(-9.326041042089E-1,2.428491494843E0,-4.E-1));
#2464=VERTEX_POINT('',#2463);
#2465=CARTESIAN_POINT('',(-8.834853542089E-1,2.395048933928E0,-4.E-1));
#2466=VERTEX_POINT('',#2465);
#2467=CARTESIAN_POINT('',(-8.1799375E-1,2.378327659325E0,-4.E-1));
#2468=VERTEX_POINT('',#2467);
#2469=CARTESIAN_POINT('',(-5.2328125E-1,2.378327659325E0,-4.E-1));
#2470=VERTEX_POINT('',#2469);
#2471=CARTESIAN_POINT('',(-1.60389375E0,3.0639E0,-4.E-1));
#2472=CARTESIAN_POINT('',(-1.472910541582E0,3.0639E0,-4.E-1));
#2473=VERTEX_POINT('',#2471);
#2474=VERTEX_POINT('',#2472);
#2475=CARTESIAN_POINT('',(-1.21094375E0,2.278E0,-4.E-1));
#2476=VERTEX_POINT('',#2475);
#2477=CARTESIAN_POINT('',(-1.30918125E0,2.278E0,-4.E-1));
#2478=VERTEX_POINT('',#2477);
#2479=CARTESIAN_POINT('',(-1.374673041582E0,2.478655318651E0,-4.E-1));
#2480=VERTEX_POINT('',#2479);
#2481=CARTESIAN_POINT('',(-1.70213125E0,2.478655318651E0,-4.E-1));
#2482=VERTEX_POINT('',#2481);
#2483=CARTESIAN_POINT('',(-1.767623041582E0,2.278E0,-4.E-1));
#2484=VERTEX_POINT('',#2483);
#2485=CARTESIAN_POINT('',(-1.865860541582E0,2.278E0,-4.E-1));
#2486=VERTEX_POINT('',#2485);
#2487=CARTESIAN_POINT('',(-1.538401958418E0,2.997014901590E0,-4.E-1));
#2488=CARTESIAN_POINT('',(-1.685758208418E0,2.545540417060E0,-4.E-1));
#2489=VERTEX_POINT('',#2487);
#2490=VERTEX_POINT('',#2488);
#2491=CARTESIAN_POINT('',(-1.391045708418E0,2.545540417060E0,-4.E-1));
#2492=VERTEX_POINT('',#2491);
#2493=CARTESIAN_POINT('',(-6.E-1,0.E0,-2.E0));
#2494=CARTESIAN_POINT('',(6.E-1,0.E0,-2.E0));
#2495=VERTEX_POINT('',#2493);
#2496=VERTEX_POINT('',#2494);
#2497=CARTESIAN_POINT('',(-4.E-1,4.5E0,-2.E0));
#2498=CARTESIAN_POINT('',(4.E-1,4.5E0,-2.E0));
#2499=VERTEX_POINT('',#2497);
#2500=VERTEX_POINT('',#2498);
#2501=CARTESIAN_POINT('',(-7.5E-1,4.5E0,0.E0));
#2502=CARTESIAN_POINT('',(7.5E-1,4.5E0,0.E0));
#2503=VERTEX_POINT('',#2501);
#2504=VERTEX_POINT('',#2502);
#2505=CARTESIAN_POINT('',(7.471425080888E-1,4.434593023256E0,0.E0));
#2506=VERTEX_POINT('',#2505);
#2507=CARTESIAN_POINT('',(4.E-1,4.5E0,0.E0));
#2508=CARTESIAN_POINT('',(3.995670994403E-1,4.481395348837E0,0.E0));
#2509=VERTEX_POINT('',#2507);
#2510=VERTEX_POINT('',#2508);
#2511=CARTESIAN_POINT('',(-4.E-1,4.5E0,0.E0));
#2512=VERTEX_POINT('',#2511);
#2513=CARTESIAN_POINT('',(-1.E0,0.E0,-5.E-1));
#2514=CARTESIAN_POINT('',(1.E0,0.E0,-5.E-1));
#2515=VERTEX_POINT('',#2513);
#2516=VERTEX_POINT('',#2514);
#2517=CARTESIAN_POINT('',(6.E-1,0.E0,-5.E-1));
#2518=CARTESIAN_POINT('',(-6.E-1,0.E0,-5.E-1));
#2519=VERTEX_POINT('',#2517);
#2520=VERTEX_POINT('',#2518);
#2521=CARTESIAN_POINT('',(7.95E-1,0.E0,-2.E0));
#2522=CARTESIAN_POINT('',(-7.95E-1,0.E0,-2.E0));
#2523=VERTEX_POINT('',#2521);
#2524=VERTEX_POINT('',#2522);
#2525=CARTESIAN_POINT('',(1.E0,0.E0,-1.795E0));
#2526=CARTESIAN_POINT('',(-1.E0,0.E0,-1.795E0));
#2527=VERTEX_POINT('',#2525);
#2528=VERTEX_POINT('',#2526);
#2529=CARTESIAN_POINT('',(5.45E-1,4.5E0,-2.E0));
#2530=CARTESIAN_POINT('',(-5.45E-1,4.5E0,-2.E0));
#2531=VERTEX_POINT('',#2529);
#2532=VERTEX_POINT('',#2530);
#2533=CARTESIAN_POINT('',(7.5E-1,4.5E0,-1.795E0));
#2534=CARTESIAN_POINT('',(-7.5E-1,4.5E0,-1.795E0));
#2535=VERTEX_POINT('',#2533);
#2536=VERTEX_POINT('',#2534);
#2537=CARTESIAN_POINT('',(5.35E0,-4.7E0,3.E-1));
#2538=CARTESIAN_POINT('',(5.35E0,-4.7E0,7.E-1));
#2539=VERTEX_POINT('',#2537);
#2540=VERTEX_POINT('',#2538);
#2541=CARTESIAN_POINT('',(5.35E0,4.7E0,7.E-1));
#2542=CARTESIAN_POINT('',(5.35E0,4.7E0,3.E-1));
#2543=VERTEX_POINT('',#2541);
#2544=VERTEX_POINT('',#2542);
#2545=CARTESIAN_POINT('',(5.35E0,2.7E0,0.E0));
#2546=CARTESIAN_POINT('',(5.35E0,-2.7E0,0.E0));
#2547=VERTEX_POINT('',#2545);
#2548=VERTEX_POINT('',#2546);
#2549=CARTESIAN_POINT('',(5.85E0,-4.7E0,7.E-1));
#2550=VERTEX_POINT('',#2549);
#2551=CARTESIAN_POINT('',(5.85E0,4.7E0,7.E-1));
#2552=VERTEX_POINT('',#2551);
#2553=CARTESIAN_POINT('',(5.35E0,-2.7E0,3.E-1));
#2554=VERTEX_POINT('',#2553);
#2555=CARTESIAN_POINT('',(5.35E0,2.7E0,3.E-1));
#2556=VERTEX_POINT('',#2555);
#2557=CARTESIAN_POINT('',(-7.471425080888E-1,4.434593023256E0,0.E0));
#2558=VERTEX_POINT('',#2557);
#2559=CARTESIAN_POINT('',(-3.995670994403E-1,4.481395348837E0,0.E0));
#2560=VERTEX_POINT('',#2559);
#2561=CARTESIAN_POINT('',(7.471425080888E-1,4.434593023256E0,-4.E-1));
#2562=CARTESIAN_POINT('',(-7.471425080888E-1,4.434593023256E0,-4.E-1));
#2563=VERTEX_POINT('',#2561);
#2564=VERTEX_POINT('',#2562);
#2565=CARTESIAN_POINT('',(3.995670994403E-1,4.481395348837E0,-4.E-1));
#2566=CARTESIAN_POINT('',(-3.995670994403E-1,4.481395348837E0,-4.E-1));
#2567=VERTEX_POINT('',#2565);
#2568=VERTEX_POINT('',#2566);
#2569=CARTESIAN_POINT('',(9.5028125E-1,2.328163829663E0,-4.E-1));
#2570=DIRECTION('',(4.547769889117E-1,-8.906053505096E-1,0.E0));
#2571=DIRECTION('',(-8.906053505096E-1,-4.547769889117E-1,0.E0));
#2572=AXIS2_PLACEMENT_3D('',#2569,#2570,#2571);
#2573=PLANE('',#2572);
#2575=ORIENTED_EDGE('',*,*,#2574,.F.);
#2577=ORIENTED_EDGE('',*,*,#2576,.T.);
#2579=ORIENTED_EDGE('',*,*,#2578,.T.);
#2581=ORIENTED_EDGE('',*,*,#2580,.F.);
#2582=EDGE_LOOP('',(#2575,#2577,#2579,#2581));
#2583=FACE_OUTER_BOUND('',#2582,.F.);
#2584=ADVANCED_FACE('',(#2583),#2573,.T.);
#2585=FILL_AREA_STYLE_COLOUR('',#28);
#2586=FILL_AREA_STYLE('',(#2585));
#2587=SURFACE_STYLE_FILL_AREA(#2586);
#2588=SURFACE_SIDE_STYLE('',(#2587));
#2589=SURFACE_STYLE_USAGE(.POSITIVE.,#2588);
#2590=PRESENTATION_STYLE_ASSIGNMENT((#2589));
#2591=STYLED_ITEM('',(#2590),#2584);
#2592=CARTESIAN_POINT('',(0.E0,0.E0,-4.E-1));
#2593=DIRECTION('',(0.E0,0.E0,-1.E0));
#2594=DIRECTION('',(-1.E0,0.E0,0.E0));
#2595=AXIS2_PLACEMENT_3D('',#2592,#2593,#2594);
#2596=PLANE('',#2595);
#2598=ORIENTED_EDGE('',*,*,#2597,.T.);
#2600=ORIENTED_EDGE('',*,*,#2599,.F.);
#2602=ORIENTED_EDGE('',*,*,#2601,.F.);
#2604=ORIENTED_EDGE('',*,*,#2603,.F.);
#2606=ORIENTED_EDGE('',*,*,#2605,.F.);
#2608=ORIENTED_EDGE('',*,*,#2607,.F.);
#2609=EDGE_LOOP('',(#2598,#2600,#2602,#2604,#2606,#2608));
#2610=FACE_OUTER_BOUND('',#2609,.F.);
#2612=ORIENTED_EDGE('',*,*,#2611,.T.);
#2614=ORIENTED_EDGE('',*,*,#2613,.T.);
#2615=EDGE_LOOP('',(#2612,#2614));
#2616=FACE_BOUND('',#2615,.F.);
#2618=ORIENTED_EDGE('',*,*,#2617,.T.);
#2620=ORIENTED_EDGE('',*,*,#2619,.T.);
#2622=ORIENTED_EDGE('',*,*,#2621,.T.);
#2624=ORIENTED_EDGE('',*,*,#2623,.T.);
#2626=ORIENTED_EDGE('',*,*,#2625,.T.);
#2628=ORIENTED_EDGE('',*,*,#2627,.T.);
#2629=EDGE_LOOP('',(#2618,#2620,#2622,#2624,#2626,#2628));
#2630=FACE_BOUND('',#2629,.F.);
#2632=ORIENTED_EDGE('',*,*,#2631,.T.);
#2634=ORIENTED_EDGE('',*,*,#2633,.T.);
#2636=ORIENTED_EDGE('',*,*,#2635,.T.);
#2638=ORIENTED_EDGE('',*,*,#2637,.T.);
#2640=ORIENTED_EDGE('',*,*,#2639,.T.);
#2642=ORIENTED_EDGE('',*,*,#2641,.T.);
#2644=ORIENTED_EDGE('',*,*,#2643,.T.);
#2646=ORIENTED_EDGE('',*,*,#2645,.T.);
#2648=ORIENTED_EDGE('',*,*,#2647,.T.);
#2650=ORIENTED_EDGE('',*,*,#2649,.T.);
#2652=ORIENTED_EDGE('',*,*,#2651,.T.);
#2654=ORIENTED_EDGE('',*,*,#2653,.T.);
#2656=ORIENTED_EDGE('',*,*,#2655,.T.);
#2658=ORIENTED_EDGE('',*,*,#2657,.T.);
#2660=ORIENTED_EDGE('',*,*,#2659,.T.);
#2662=ORIENTED_EDGE('',*,*,#2661,.T.);
#2664=ORIENTED_EDGE('',*,*,#2663,.T.);
#2666=ORIENTED_EDGE('',*,*,#2665,.T.);
#2668=ORIENTED_EDGE('',*,*,#2667,.T.);
#2670=ORIENTED_EDGE('',*,*,#2669,.T.);
#2672=ORIENTED_EDGE('',*,*,#2671,.T.);
#2674=ORIENTED_EDGE('',*,*,#2673,.T.);
#2676=ORIENTED_EDGE('',*,*,#2675,.T.);
#2678=ORIENTED_EDGE('',*,*,#2677,.T.);
#2680=ORIENTED_EDGE('',*,*,#2679,.T.);
#2682=ORIENTED_EDGE('',*,*,#2681,.T.);
#2684=ORIENTED_EDGE('',*,*,#2683,.T.);
#2686=ORIENTED_EDGE('',*,*,#2685,.T.);
#2688=ORIENTED_EDGE('',*,*,#2687,.T.);
#2690=ORIENTED_EDGE('',*,*,#2689,.T.);
#2692=ORIENTED_EDGE('',*,*,#2691,.T.);
#2694=ORIENTED_EDGE('',*,*,#2693,.T.);
#2696=ORIENTED_EDGE('',*,*,#2695,.T.);
#2697=ORIENTED_EDGE('',*,*,#2574,.T.);
#2699=ORIENTED_EDGE('',*,*,#2698,.T.);
#2701=ORIENTED_EDGE('',*,*,#2700,.T.);
#2703=ORIENTED_EDGE('',*,*,#2702,.T.);
#2705=ORIENTED_EDGE('',*,*,#2704,.T.);
#2707=ORIENTED_EDGE('',*,*,#2706,.T.);
#2709=ORIENTED_EDGE('',*,*,#2708,.T.);
#2710=EDGE_LOOP('',(#2632,#2634,#2636,#2638,#2640,#2642,#2644,#2646,#2648,#2650,
#2652,#2654,#2656,#2658,#2660,#2662,#2664,#2666,#2668,#2670,#2672,#2674,#2676,
#2678,#2680,#2682,#2684,#2686,#2688,#2690,#2692,#2694,#2696,#2697,#2699,#2701,
#2703,#2705,#2707,#2709));
#2711=FACE_BOUND('',#2710,.F.);
#2713=ORIENTED_EDGE('',*,*,#2712,.T.);
#2715=ORIENTED_EDGE('',*,*,#2714,.T.);
#2717=ORIENTED_EDGE('',*,*,#2716,.T.);
#2719=ORIENTED_EDGE('',*,*,#2718,.T.);
#2721=ORIENTED_EDGE('',*,*,#2720,.T.);
#2723=ORIENTED_EDGE('',*,*,#2722,.T.);
#2725=ORIENTED_EDGE('',*,*,#2724,.T.);
#2727=ORIENTED_EDGE('',*,*,#2726,.T.);
#2729=ORIENTED_EDGE('',*,*,#2728,.T.);
#2731=ORIENTED_EDGE('',*,*,#2730,.T.);
#2733=ORIENTED_EDGE('',*,*,#2732,.T.);
#2735=ORIENTED_EDGE('',*,*,#2734,.T.);
#2736=EDGE_LOOP('',(#2713,#2715,#2717,#2719,#2721,#2723,#2725,#2727,#2729,#2731,
#2733,#2735));
#2737=FACE_BOUND('',#2736,.F.);
#2739=ORIENTED_EDGE('',*,*,#2738,.T.);
#2741=ORIENTED_EDGE('',*,*,#2740,.T.);
#2743=ORIENTED_EDGE('',*,*,#2742,.T.);
#2745=ORIENTED_EDGE('',*,*,#2744,.T.);
#2747=ORIENTED_EDGE('',*,*,#2746,.T.);
#2749=ORIENTED_EDGE('',*,*,#2748,.T.);
#2751=ORIENTED_EDGE('',*,*,#2750,.T.);
#2753=ORIENTED_EDGE('',*,*,#2752,.T.);
#2755=ORIENTED_EDGE('',*,*,#2754,.T.);
#2757=ORIENTED_EDGE('',*,*,#2756,.T.);
#2759=ORIENTED_EDGE('',*,*,#2758,.T.);
#2761=ORIENTED_EDGE('',*,*,#2760,.T.);
#2763=ORIENTED_EDGE('',*,*,#2762,.T.);
#2765=ORIENTED_EDGE('',*,*,#2764,.T.);
#2766=EDGE_LOOP('',(#2739,#2741,#2743,#2745,#2747,#2749,#2751,#2753,#2755,#2757,
#2759,#2761,#2763,#2765));
#2767=FACE_BOUND('',#2766,.F.);
#2769=ORIENTED_EDGE('',*,*,#2768,.T.);
#2771=ORIENTED_EDGE('',*,*,#2770,.T.);
#2773=ORIENTED_EDGE('',*,*,#2772,.T.);
#2775=ORIENTED_EDGE('',*,*,#2774,.T.);
#2777=ORIENTED_EDGE('',*,*,#2776,.T.);
#2779=ORIENTED_EDGE('',*,*,#2778,.T.);
#2781=ORIENTED_EDGE('',*,*,#2780,.T.);
#2783=ORIENTED_EDGE('',*,*,#2782,.T.);
#2784=EDGE_LOOP('',(#2769,#2771,#2773,#2775,#2777,#2779,#2781,#2783));
#2785=FACE_BOUND('',#2784,.F.);
#2786=ADVANCED_FACE('',(#2610,#2616,#2630,#2711,#2737,#2767,#2785),#2596,.T.);
#2787=FILL_AREA_STYLE_COLOUR('',#23);
#2788=FILL_AREA_STYLE('',(#2787));
#2789=SURFACE_STYLE_FILL_AREA(#2788);
#2790=SURFACE_SIDE_STYLE('',(#2789));
#2791=SURFACE_STYLE_USAGE(.POSITIVE.,#2790);
#2792=PRESENTATION_STYLE_ASSIGNMENT((#2791));
#2793=STYLED_ITEM('',(#2792),#2786);
#2794=CARTESIAN_POINT('',(0.E0,0.E0,-4.E-1));
#2795=DIRECTION('',(0.E0,0.E0,-1.E0));
#2796=DIRECTION('',(-1.E0,0.E0,0.E0));
#2797=AXIS2_PLACEMENT_3D('',#2794,#2795,#2796);
#2798=PLANE('',#2797);
#2800=ORIENTED_EDGE('',*,*,#2799,.F.);
#2802=ORIENTED_EDGE('',*,*,#2801,.F.);
#2803=EDGE_LOOP('',(#2800,#2802));
#2804=FACE_OUTER_BOUND('',#2803,.F.);
#2805=ADVANCED_FACE('',(#2804),#2798,.T.);
#2806=FILL_AREA_STYLE_COLOUR('',#23);
#2807=FILL_AREA_STYLE('',(#2806));
#2808=SURFACE_STYLE_FILL_AREA(#2807);
#2809=SURFACE_SIDE_STYLE('',(#2808));
#2810=SURFACE_STYLE_USAGE(.POSITIVE.,#2809);
#2811=PRESENTATION_STYLE_ASSIGNMENT((#2810));
#2812=STYLED_ITEM('',(#2811),#2805);
#2813=CARTESIAN_POINT('',(0.E0,0.E0,-4.E-1));
#2814=DIRECTION('',(0.E0,0.E0,-1.E0));
#2815=DIRECTION('',(-1.E0,0.E0,0.E0));
#2816=AXIS2_PLACEMENT_3D('',#2813,#2814,#2815);
#2817=PLANE('',#2816);
#2819=ORIENTED_EDGE('',*,*,#2818,.T.);
#2821=ORIENTED_EDGE('',*,*,#2820,.T.);
#2823=ORIENTED_EDGE('',*,*,#2822,.T.);
#2825=ORIENTED_EDGE('',*,*,#2824,.T.);
#2827=ORIENTED_EDGE('',*,*,#2826,.T.);
#2829=ORIENTED_EDGE('',*,*,#2828,.T.);
#2831=ORIENTED_EDGE('',*,*,#2830,.T.);
#2833=ORIENTED_EDGE('',*,*,#2832,.T.);
#2835=ORIENTED_EDGE('',*,*,#2834,.T.);
#2837=ORIENTED_EDGE('',*,*,#2836,.T.);
#2839=ORIENTED_EDGE('',*,*,#2838,.T.);
#2841=ORIENTED_EDGE('',*,*,#2840,.T.);
#2842=EDGE_LOOP('',(#2819,#2821,#2823,#2825,#2827,#2829,#2831,#2833,#2835,#2837,
#2839,#2841));
#2843=FACE_OUTER_BOUND('',#2842,.F.);
#2844=ADVANCED_FACE('',(#2843),#2817,.T.);
#2845=FILL_AREA_STYLE_COLOUR('',#23);
#2846=FILL_AREA_STYLE('',(#2845));
#2847=SURFACE_STYLE_FILL_AREA(#2846);
#2848=SURFACE_SIDE_STYLE('',(#2847));
#2849=SURFACE_STYLE_USAGE(.POSITIVE.,#2848);
#2850=PRESENTATION_STYLE_ASSIGNMENT((#2849));
#2851=STYLED_ITEM('',(#2850),#2844);
#2852=CARTESIAN_POINT('',(0.E0,0.E0,-4.E-1));
#2853=DIRECTION('',(0.E0,0.E0,-1.E0));
#2854=DIRECTION('',(-1.E0,0.E0,0.E0));
#2855=AXIS2_PLACEMENT_3D('',#2852,#2853,#2854);
#2856=PLANE('',#2855);
#2858=ORIENTED_EDGE('',*,*,#2857,.T.);
#2860=ORIENTED_EDGE('',*,*,#2859,.T.);
#2862=ORIENTED_EDGE('',*,*,#2861,.T.);
#2863=EDGE_LOOP('',(#2858,#2860,#2862));
#2864=FACE_OUTER_BOUND('',#2863,.F.);
#2865=ADVANCED_FACE('',(#2864),#2856,.T.);
#2866=FILL_AREA_STYLE_COLOUR('',#23);
#2867=FILL_AREA_STYLE('',(#2866));
#2868=SURFACE_STYLE_FILL_AREA(#2867);
#2869=SURFACE_SIDE_STYLE('',(#2868));
#2870=SURFACE_STYLE_USAGE(.POSITIVE.,#2869);
#2871=PRESENTATION_STYLE_ASSIGNMENT((#2870));
#2872=STYLED_ITEM('',(#2871),#2865);
#2873=CARTESIAN_POINT('',(0.E0,0.E0,-4.E-1));
#2874=DIRECTION('',(0.E0,0.E0,-1.E0));
#2875=DIRECTION('',(-1.E0,0.E0,0.E0));
#2876=AXIS2_PLACEMENT_3D('',#2873,#2874,#2875);
#2877=CYLINDRICAL_SURFACE('',#2876,2.E0);
#2878=ORIENTED_EDGE('',*,*,#2611,.F.);
#2880=ORIENTED_EDGE('',*,*,#2879,.T.);
#2882=ORIENTED_EDGE('',*,*,#2881,.T.);
#2884=ORIENTED_EDGE('',*,*,#2883,.F.);
#2885=EDGE_LOOP('',(#2878,#2880,#2882,#2884));
#2886=FACE_OUTER_BOUND('',#2885,.F.);
#2887=ADVANCED_FACE('',(#2886),#2877,.T.);
#2888=FILL_AREA_STYLE_COLOUR('',#23);
#2889=FILL_AREA_STYLE('',(#2888));
#2890=SURFACE_STYLE_FILL_AREA(#2889);
#2891=SURFACE_SIDE_STYLE('',(#2890));
#2892=SURFACE_STYLE_USAGE(.POSITIVE.,#2891);
#2893=PRESENTATION_STYLE_ASSIGNMENT((#2892));
#2894=STYLED_ITEM('',(#2893),#2887);
#2895=CARTESIAN_POINT('',(0.E0,0.E0,-4.E-1));
#2896=DIRECTION('',(0.E0,0.E0,-1.E0));
#2897=DIRECTION('',(-1.E0,0.E0,0.E0));
#2898=AXIS2_PLACEMENT_3D('',#2895,#2896,#2897);
#2899=CYLINDRICAL_SURFACE('',#2898,2.E0);
#2900=ORIENTED_EDGE('',*,*,#2613,.F.);
#2901=ORIENTED_EDGE('',*,*,#2883,.T.);
#2903=ORIENTED_EDGE('',*,*,#2902,.T.);
#2904=ORIENTED_EDGE('',*,*,#2879,.F.);
#2905=EDGE_LOOP('',(#2900,#2901,#2903,#2904));
#2906=FACE_OUTER_BOUND('',#2905,.F.);
#2907=ADVANCED_FACE('',(#2906),#2899,.T.);
#2908=FILL_AREA_STYLE_COLOUR('',#23);
#2909=FILL_AREA_STYLE('',(#2908));
#2910=SURFACE_STYLE_FILL_AREA(#2909);
#2911=SURFACE_SIDE_STYLE('',(#2910));
#2912=SURFACE_STYLE_USAGE(.POSITIVE.,#2911);
#2913=PRESENTATION_STYLE_ASSIGNMENT((#2912));
#2914=STYLED_ITEM('',(#2913),#2907);
#2915=CARTESIAN_POINT('',(0.E0,0.E0,-5.E-1));
#2916=DIRECTION('',(0.E0,0.E0,-1.E0));
#2917=DIRECTION('',(-1.E0,0.E0,0.E0));
#2918=AXIS2_PLACEMENT_3D('',#2915,#2916,#2917);
#2919=PLANE('',#2918);
#2920=ORIENTED_EDGE('',*,*,#2881,.F.);
#2921=ORIENTED_EDGE('',*,*,#2902,.F.);
#2922=EDGE_LOOP('',(#2920,#2921));
#2923=FACE_OUTER_BOUND('',#2922,.F.);
#2925=ORIENTED_EDGE('',*,*,#2924,.T.);
#2927=ORIENTED_EDGE('',*,*,#2926,.T.);
#2928=EDGE_LOOP('',(#2925,#2927));
#2929=FACE_BOUND('',#2928,.F.);
#2930=ADVANCED_FACE('',(#2923,#2929),#2919,.T.);
#2931=FILL_AREA_STYLE_COLOUR('',#23);
#2932=FILL_AREA_STYLE('',(#2931));
#2933=SURFACE_STYLE_FILL_AREA(#2932);
#2934=SURFACE_SIDE_STYLE('',(#2933));
#2935=SURFACE_STYLE_USAGE(.POSITIVE.,#2934);
#2936=PRESENTATION_STYLE_ASSIGNMENT((#2935));
#2937=STYLED_ITEM('',(#2936),#2930);
#2938=CARTESIAN_POINT('',(0.E0,0.E0,-5.E-1));
#2939=DIRECTION('',(0.E0,0.E0,-1.E0));
#2940=DIRECTION('',(-1.E0,0.E0,0.E0));
#2941=AXIS2_PLACEMENT_3D('',#2938,#2939,#2940);
#2942=PLANE('',#2941);
#2944=ORIENTED_EDGE('',*,*,#2943,.F.);
#2946=ORIENTED_EDGE('',*,*,#2945,.F.);
#2947=EDGE_LOOP('',(#2944,#2946));
#2948=FACE_OUTER_BOUND('',#2947,.F.);
#2949=ADVANCED_FACE('',(#2948),#2942,.T.);
#2950=FILL_AREA_STYLE_COLOUR('',#23);
#2951=FILL_AREA_STYLE('',(#2950));
#2952=SURFACE_STYLE_FILL_AREA(#2951);
#2953=SURFACE_SIDE_STYLE('',(#2952));
#2954=SURFACE_STYLE_USAGE(.POSITIVE.,#2953);
#2955=PRESENTATION_STYLE_ASSIGNMENT((#2954));
#2956=STYLED_ITEM('',(#2955),#2949);
#2957=CARTESIAN_POINT('',(0.E0,0.E0,0.E0));
#2958=DIRECTION('',(0.E0,0.E0,-1.E0));
#2959=DIRECTION('',(-1.E0,0.E0,0.E0));
#2960=AXIS2_PLACEMENT_3D('',#2957,#2958,#2959);
#2961=CYLINDRICAL_SURFACE('',#2960,1.E0);
#2963=ORIENTED_EDGE('',*,*,#2962,.T.);
#2965=ORIENTED_EDGE('',*,*,#2964,.F.);
#2966=ORIENTED_EDGE('',*,*,#2924,.F.);
#2968=ORIENTED_EDGE('',*,*,#2967,.T.);
#2969=EDGE_LOOP('',(#2963,#2965,#2966,#2968));
#2970=FACE_OUTER_BOUND('',#2969,.F.);
#2971=ADVANCED_FACE('',(#2970),#2961,.T.);
#2972=FILL_AREA_STYLE_COLOUR('',#23);
#2973=FILL_AREA_STYLE('',(#2972));
#2974=SURFACE_STYLE_FILL_AREA(#2973);
#2975=SURFACE_SIDE_STYLE('',(#2974));
#2976=SURFACE_STYLE_USAGE(.POSITIVE.,#2975);
#2977=PRESENTATION_STYLE_ASSIGNMENT((#2976));
#2978=STYLED_ITEM('',(#2977),#2971);
#2979=CARTESIAN_POINT('',(0.E0,0.E0,-1.897500000245E0));
#2980=DIRECTION('',(0.E0,0.E0,1.E0));
#2981=DIRECTION('',(0.E0,-1.E0,0.E0));
#2982=AXIS2_PLACEMENT_3D('',#2979,#2980,#2981);
#2983=CONICAL_SURFACE('',#2982,8.974999997552E-1,4.5E1);
#2985=ORIENTED_EDGE('',*,*,#2984,.T.);
#2987=ORIENTED_EDGE('',*,*,#2986,.T.);
#2988=ORIENTED_EDGE('',*,*,#2962,.F.);
#2990=ORIENTED_EDGE('',*,*,#2989,.F.);
#2991=EDGE_LOOP('',(#2985,#2987,#2988,#2990));
#2992=FACE_OUTER_BOUND('',#2991,.F.);
#2993=ADVANCED_FACE('',(#2992),#2983,.T.);
#2994=FILL_AREA_STYLE_COLOUR('',#23);
#2995=FILL_AREA_STYLE('',(#2994));
#2996=SURFACE_STYLE_FILL_AREA(#2995);
#2997=SURFACE_SIDE_STYLE('',(#2996));
#2998=SURFACE_STYLE_USAGE(.POSITIVE.,#2997);
#2999=PRESENTATION_STYLE_ASSIGNMENT((#2998));
#3000=STYLED_ITEM('',(#2999),#2993);
#3001=CARTESIAN_POINT('',(0.E0,0.E0,-2.E0));
#3002=DIRECTION('',(0.E0,0.E0,-1.E0));
#3003=DIRECTION('',(-1.E0,0.E0,0.E0));
#3004=AXIS2_PLACEMENT_3D('',#3001,#3002,#3003);
#3005=PLANE('',#3004);
#3007=ORIENTED_EDGE('',*,*,#3006,.F.);
#3008=ORIENTED_EDGE('',*,*,#2984,.F.);
#3009=EDGE_LOOP('',(#3007,#3008));
#3010=FACE_OUTER_BOUND('',#3009,.F.);
#3012=ORIENTED_EDGE('',*,*,#3011,.F.);
#3014=ORIENTED_EDGE('',*,*,#3013,.F.);
#3015=EDGE_LOOP('',(#3012,#3014));
#3016=FACE_BOUND('',#3015,.F.);
#3017=ADVANCED_FACE('',(#3010,#3016),#3005,.T.);
#3018=FILL_AREA_STYLE_COLOUR('',#23);
#3019=FILL_AREA_STYLE('',(#3018));
#3020=SURFACE_STYLE_FILL_AREA(#3019);
#3021=SURFACE_SIDE_STYLE('',(#3020));
#3022=SURFACE_STYLE_USAGE(.POSITIVE.,#3021);
#3023=PRESENTATION_STYLE_ASSIGNMENT((#3022));
#3024=STYLED_ITEM('',(#3023),#3017);
#3025=CARTESIAN_POINT('',(0.E0,0.E0,-2.E0));
#3026=DIRECTION('',(0.E0,0.E0,-1.E0));
#3027=DIRECTION('',(-1.E0,0.E0,0.E0));
#3028=AXIS2_PLACEMENT_3D('',#3025,#3026,#3027);
#3029=PLANE('',#3028);
#3031=ORIENTED_EDGE('',*,*,#3030,.F.);
#3033=ORIENTED_EDGE('',*,*,#3032,.F.);
#3034=EDGE_LOOP('',(#3031,#3033));
#3035=FACE_OUTER_BOUND('',#3034,.F.);
#3037=ORIENTED_EDGE('',*,*,#3036,.F.);
#3039=ORIENTED_EDGE('',*,*,#3038,.F.);
#3040=EDGE_LOOP('',(#3037,#3039));
#3041=FACE_BOUND('',#3040,.F.);
#3042=ADVANCED_FACE('',(#3035,#3041),#3029,.T.);
#3043=FILL_AREA_STYLE_COLOUR('',#23);
#3044=FILL_AREA_STYLE('',(#3043));
#3045=SURFACE_STYLE_FILL_AREA(#3044);
#3046=SURFACE_SIDE_STYLE('',(#3045));
#3047=SURFACE_STYLE_USAGE(.POSITIVE.,#3046);
#3048=PRESENTATION_STYLE_ASSIGNMENT((#3047));
#3049=STYLED_ITEM('',(#3048),#3042);
#3050=CARTESIAN_POINT('',(0.E0,0.E0,0.E0));
#3051=DIRECTION('',(0.E0,0.E0,-1.E0));
#3052=DIRECTION('',(-1.E0,0.E0,0.E0));
#3053=AXIS2_PLACEMENT_3D('',#3050,#3051,#3052);
#3054=CYLINDRICAL_SURFACE('',#3053,6.E-1);
#3055=ORIENTED_EDGE('',*,*,#2943,.T.);
#3057=ORIENTED_EDGE('',*,*,#3056,.T.);
#3058=ORIENTED_EDGE('',*,*,#3011,.T.);
#3060=ORIENTED_EDGE('',*,*,#3059,.F.);
#3061=EDGE_LOOP('',(#3055,#3057,#3058,#3060));
#3062=FACE_OUTER_BOUND('',#3061,.F.);
#3063=ADVANCED_FACE('',(#3062),#3054,.F.);
#3064=FILL_AREA_STYLE_COLOUR('',#23);
#3065=FILL_AREA_STYLE('',(#3064));
#3066=SURFACE_STYLE_FILL_AREA(#3065);
#3067=SURFACE_SIDE_STYLE('',(#3066));
#3068=SURFACE_STYLE_USAGE(.POSITIVE.,#3067);
#3069=PRESENTATION_STYLE_ASSIGNMENT((#3068));
#3070=STYLED_ITEM('',(#3069),#3063);
#3071=CARTESIAN_POINT('',(0.E0,0.E0,0.E0));
#3072=DIRECTION('',(0.E0,0.E0,-1.E0));
#3073=DIRECTION('',(-1.E0,0.E0,0.E0));
#3074=AXIS2_PLACEMENT_3D('',#3071,#3072,#3073);
#3075=CYLINDRICAL_SURFACE('',#3074,6.E-1);
#3076=ORIENTED_EDGE('',*,*,#2945,.T.);
#3077=ORIENTED_EDGE('',*,*,#3059,.T.);
#3078=ORIENTED_EDGE('',*,*,#3013,.T.);
#3079=ORIENTED_EDGE('',*,*,#3056,.F.);
#3080=EDGE_LOOP('',(#3076,#3077,#3078,#3079));
#3081=FACE_OUTER_BOUND('',#3080,.F.);
#3082=ADVANCED_FACE('',(#3081),#3075,.F.);
#3083=FILL_AREA_STYLE_COLOUR('',#23);
#3084=FILL_AREA_STYLE('',(#3083));
#3085=SURFACE_STYLE_FILL_AREA(#3084);
#3086=SURFACE_SIDE_STYLE('',(#3085));
#3087=SURFACE_STYLE_USAGE(.POSITIVE.,#3086);
#3088=PRESENTATION_STYLE_ASSIGNMENT((#3087));
#3089=STYLED_ITEM('',(#3088),#3082);
#3090=CARTESIAN_POINT('',(0.E0,4.5E0,0.E0));
#3091=DIRECTION('',(0.E0,0.E0,-1.E0));
#3092=DIRECTION('',(-1.E0,0.E0,0.E0));
#3093=AXIS2_PLACEMENT_3D('',#3090,#3091,#3092);
#3094=CYLINDRICAL_SURFACE('',#3093,4.E-1);
#3096=ORIENTED_EDGE('',*,*,#3095,.T.);
#3098=ORIENTED_EDGE('',*,*,#3097,.T.);
#3099=ORIENTED_EDGE('',*,*,#2799,.T.);
#3101=ORIENTED_EDGE('',*,*,#3100,.F.);
#3103=ORIENTED_EDGE('',*,*,#3102,.T.);
#3105=ORIENTED_EDGE('',*,*,#3104,.T.);
#3106=ORIENTED_EDGE('',*,*,#3036,.T.);
#3108=ORIENTED_EDGE('',*,*,#3107,.F.);
#3109=EDGE_LOOP('',(#3096,#3098,#3099,#3101,#3103,#3105,#3106,#3108));
#3110=FACE_OUTER_BOUND('',#3109,.F.);
#3111=ADVANCED_FACE('',(#3110),#3094,.F.);
#3112=FILL_AREA_STYLE_COLOUR('',#23);
#3113=FILL_AREA_STYLE('',(#3112));
#3114=SURFACE_STYLE_FILL_AREA(#3113);
#3115=SURFACE_SIDE_STYLE('',(#3114));
#3116=SURFACE_STYLE_USAGE(.POSITIVE.,#3115);
#3117=PRESENTATION_STYLE_ASSIGNMENT((#3116));
#3118=STYLED_ITEM('',(#3117),#3111);
#3119=CARTESIAN_POINT('',(0.E0,0.E0,0.E0));
#3120=DIRECTION('',(0.E0,0.E0,1.E0));
#3121=DIRECTION('',(1.E0,0.E0,0.E0));
#3122=AXIS2_PLACEMENT_3D('',#3119,#3120,#3121);
#3123=PLANE('',#3122);
#3124=ORIENTED_EDGE('',*,*,#3095,.F.);
#3126=ORIENTED_EDGE('',*,*,#3125,.F.);
#3127=ORIENTED_EDGE('',*,*,#3102,.F.);
#3129=ORIENTED_EDGE('',*,*,#3128,.T.);
#3130=EDGE_LOOP('',(#3124,#3126,#3127,#3129));
#3131=FACE_OUTER_BOUND('',#3130,.F.);
#3132=ADVANCED_FACE('',(#3131),#3123,.F.);
#3133=FILL_AREA_STYLE_COLOUR('',#23);
#3134=FILL_AREA_STYLE('',(#3133));
#3135=SURFACE_STYLE_FILL_AREA(#3134);
#3136=SURFACE_SIDE_STYLE('',(#3135));
#3137=SURFACE_STYLE_USAGE(.POSITIVE.,#3136);
#3138=PRESENTATION_STYLE_ASSIGNMENT((#3137));
#3139=STYLED_ITEM('',(#3138),#3132);
#3140=CARTESIAN_POINT('',(0.E0,0.E0,0.E0));
#3141=DIRECTION('',(0.E0,0.E0,1.E0));
#3142=DIRECTION('',(1.E0,0.E0,0.E0));
#3143=AXIS2_PLACEMENT_3D('',#3140,#3141,#3142);
#3144=PLANE('',#3143);
#3146=ORIENTED_EDGE('',*,*,#3145,.F.);
#3148=ORIENTED_EDGE('',*,*,#3147,.T.);
#3150=ORIENTED_EDGE('',*,*,#3149,.T.);
#3152=ORIENTED_EDGE('',*,*,#3151,.T.);
#3154=ORIENTED_EDGE('',*,*,#3153,.F.);
#3156=ORIENTED_EDGE('',*,*,#3155,.F.);
#3158=ORIENTED_EDGE('',*,*,#3157,.T.);
#3160=ORIENTED_EDGE('',*,*,#3159,.T.);
#3162=ORIENTED_EDGE('',*,*,#3161,.T.);
#3164=ORIENTED_EDGE('',*,*,#3163,.T.);
#3166=ORIENTED_EDGE('',*,*,#3165,.T.);
#3168=ORIENTED_EDGE('',*,*,#3167,.F.);
#3170=ORIENTED_EDGE('',*,*,#3169,.T.);
#3172=ORIENTED_EDGE('',*,*,#3171,.T.);
#3174=ORIENTED_EDGE('',*,*,#3173,.T.);
#3176=ORIENTED_EDGE('',*,*,#3175,.T.);
#3178=ORIENTED_EDGE('',*,*,#3177,.F.);
#3180=ORIENTED_EDGE('',*,*,#3179,.F.);
#3182=ORIENTED_EDGE('',*,*,#3181,.T.);
#3184=ORIENTED_EDGE('',*,*,#3183,.T.);
#3186=ORIENTED_EDGE('',*,*,#3185,.T.);
#3188=ORIENTED_EDGE('',*,*,#3187,.T.);
#3190=ORIENTED_EDGE('',*,*,#3189,.T.);
#3192=ORIENTED_EDGE('',*,*,#3191,.F.);
#3193=EDGE_LOOP('',(#3146,#3148,#3150,#3152,#3154,#3156,#3158,#3160,#3162,#3164,
#3166,#3168,#3170,#3172,#3174,#3176,#3178,#3180,#3182,#3184,#3186,#3188,#3190,
#3192));
#3194=FACE_OUTER_BOUND('',#3193,.F.);
#3196=ORIENTED_EDGE('',*,*,#3195,.T.);
#3198=ORIENTED_EDGE('',*,*,#3197,.T.);
#3200=ORIENTED_EDGE('',*,*,#3199,.T.);
#3202=ORIENTED_EDGE('',*,*,#3201,.T.);
#3204=ORIENTED_EDGE('',*,*,#3203,.T.);
#3206=ORIENTED_EDGE('',*,*,#3205,.T.);
#3208=ORIENTED_EDGE('',*,*,#3207,.T.);
#3210=ORIENTED_EDGE('',*,*,#3209,.T.);
#3211=EDGE_LOOP('',(#3196,#3198,#3200,#3202,#3204,#3206,#3208,#3210));
#3212=FACE_BOUND('',#3211,.F.);
#3213=ADVANCED_FACE('',(#3194,#3212),#3144,.F.);
#3214=FILL_AREA_STYLE_COLOUR('',#23);
#3215=FILL_AREA_STYLE('',(#3214));
#3216=SURFACE_STYLE_FILL_AREA(#3215);
#3217=SURFACE_SIDE_STYLE('',(#3216));
#3218=SURFACE_STYLE_USAGE(.POSITIVE.,#3217);
#3219=PRESENTATION_STYLE_ASSIGNMENT((#3218));
#3220=STYLED_ITEM('',(#3219),#3213);
#3221=CARTESIAN_POINT('',(0.E0,4.5E0,0.E0));
#3222=DIRECTION('',(0.E0,0.E0,-1.E0));
#3223=DIRECTION('',(-1.E0,0.E0,0.E0));
#3224=AXIS2_PLACEMENT_3D('',#3221,#3222,#3223);
#3225=CYLINDRICAL_SURFACE('',#3224,7.5E-1);
#3227=ORIENTED_EDGE('',*,*,#3226,.T.);
#3229=ORIENTED_EDGE('',*,*,#3228,.F.);
#3230=ORIENTED_EDGE('',*,*,#3195,.F.);
#3232=ORIENTED_EDGE('',*,*,#3231,.T.);
#3233=EDGE_LOOP('',(#3227,#3229,#3230,#3232));
#3234=FACE_OUTER_BOUND('',#3233,.F.);
#3235=ADVANCED_FACE('',(#3234),#3225,.T.);
#3236=FILL_AREA_STYLE_COLOUR('',#23);
#3237=FILL_AREA_STYLE('',(#3236));
#3238=SURFACE_STYLE_FILL_AREA(#3237);
#3239=SURFACE_SIDE_STYLE('',(#3238));
#3240=SURFACE_STYLE_USAGE(.POSITIVE.,#3239);
#3241=PRESENTATION_STYLE_ASSIGNMENT((#3240));
#3242=STYLED_ITEM('',(#3241),#3235);
#3243=CARTESIAN_POINT('',(0.E0,4.5E0,-1.897500000282E0));
#3244=DIRECTION('',(0.E0,0.E0,1.E0));
#3245=DIRECTION('',(0.E0,-1.E0,0.E0));
#3246=AXIS2_PLACEMENT_3D('',#3243,#3244,#3245);
#3247=CONICAL_SURFACE('',#3246,6.474999997180E-1,4.5E1);
#3248=ORIENTED_EDGE('',*,*,#3032,.T.);
#3250=ORIENTED_EDGE('',*,*,#3249,.T.);
#3251=ORIENTED_EDGE('',*,*,#3226,.F.);
#3253=ORIENTED_EDGE('',*,*,#3252,.F.);
#3254=EDGE_LOOP('',(#3248,#3250,#3251,#3253));
#3255=FACE_OUTER_BOUND('',#3254,.F.);
#3256=ADVANCED_FACE('',(#3255),#3247,.T.);
#3257=FILL_AREA_STYLE_COLOUR('',#23);
#3258=FILL_AREA_STYLE('',(#3257));
#3259=SURFACE_STYLE_FILL_AREA(#3258);
#3260=SURFACE_SIDE_STYLE('',(#3259));
#3261=SURFACE_STYLE_USAGE(.POSITIVE.,#3260);
#3262=PRESENTATION_STYLE_ASSIGNMENT((#3261));
#3263=STYLED_ITEM('',(#3262),#3256);
#3264=CARTESIAN_POINT('',(0.E0,4.5E0,-1.897500000282E0));
#3265=DIRECTION('',(0.E0,0.E0,1.E0));
#3266=DIRECTION('',(0.E0,-1.E0,0.E0));
#3267=AXIS2_PLACEMENT_3D('',#3264,#3265,#3266);
#3268=CONICAL_SURFACE('',#3267,6.474999997180E-1,4.5E1);
#3269=ORIENTED_EDGE('',*,*,#3030,.T.);
#3270=ORIENTED_EDGE('',*,*,#3252,.T.);
#3272=ORIENTED_EDGE('',*,*,#3271,.F.);
#3273=ORIENTED_EDGE('',*,*,#3249,.F.);
#3274=EDGE_LOOP('',(#3269,#3270,#3272,#3273));
#3275=FACE_OUTER_BOUND('',#3274,.F.);
#3276=ADVANCED_FACE('',(#3275),#3268,.T.);
#3277=FILL_AREA_STYLE_COLOUR('',#23);
#3278=FILL_AREA_STYLE('',(#3277));
#3279=SURFACE_STYLE_FILL_AREA(#3278);
#3280=SURFACE_SIDE_STYLE('',(#3279));
#3281=SURFACE_STYLE_USAGE(.POSITIVE.,#3280);
#3282=PRESENTATION_STYLE_ASSIGNMENT((#3281));
#3283=STYLED_ITEM('',(#3282),#3276);
#3284=CARTESIAN_POINT('',(0.E0,4.5E0,0.E0));
#3285=DIRECTION('',(0.E0,0.E0,-1.E0));
#3286=DIRECTION('',(-1.E0,0.E0,0.E0));
#3287=AXIS2_PLACEMENT_3D('',#3284,#3285,#3286);
#3288=CYLINDRICAL_SURFACE('',#3287,7.5E-1);
#3289=ORIENTED_EDGE('',*,*,#3271,.T.);
#3290=ORIENTED_EDGE('',*,*,#3231,.F.);
#3291=ORIENTED_EDGE('',*,*,#3209,.F.);
#3293=ORIENTED_EDGE('',*,*,#3292,.T.);
#3294=ORIENTED_EDGE('',*,*,#2597,.F.);
#3296=ORIENTED_EDGE('',*,*,#3295,.F.);
#3297=ORIENTED_EDGE('',*,*,#3197,.F.);
#3298=ORIENTED_EDGE('',*,*,#3228,.T.);
#3299=EDGE_LOOP('',(#3289,#3290,#3291,#3293,#3294,#3296,#3297,#3298));
#3300=FACE_OUTER_BOUND('',#3299,.F.);
#3301=ADVANCED_FACE('',(#3300),#3288,.T.);
#3302=FILL_AREA_STYLE_COLOUR('',#23);
#3303=FILL_AREA_STYLE('',(#3302));
#3304=SURFACE_STYLE_FILL_AREA(#3303);
#3305=SURFACE_SIDE_STYLE('',(#3304));
#3306=SURFACE_STYLE_USAGE(.POSITIVE.,#3305);
#3307=PRESENTATION_STYLE_ASSIGNMENT((#3306));
#3308=STYLED_ITEM('',(#3307),#3301);
#3309=CARTESIAN_POINT('',(0.E0,2.E-1,0.E0));
#3310=DIRECTION('',(0.E0,0.E0,-1.E0));
#3311=DIRECTION('',(-1.E0,0.E0,0.E0));
#3312=AXIS2_PLACEMENT_3D('',#3309,#3310,#3311);
#3313=CYLINDRICAL_SURFACE('',#3312,4.3E0);
#3314=ORIENTED_EDGE('',*,*,#3292,.F.);
#3315=ORIENTED_EDGE('',*,*,#3207,.F.);
#3317=ORIENTED_EDGE('',*,*,#3316,.T.);
#3318=ORIENTED_EDGE('',*,*,#2599,.T.);
#3319=EDGE_LOOP('',(#3314,#3315,#3317,#3318));
#3320=FACE_OUTER_BOUND('',#3319,.F.);
#3321=ADVANCED_FACE('',(#3320),#3313,.T.);
#3322=FILL_AREA_STYLE_COLOUR('',#23);
#3323=FILL_AREA_STYLE('',(#3322));
#3324=SURFACE_STYLE_FILL_AREA(#3323);
#3325=SURFACE_SIDE_STYLE('',(#3324));
#3326=SURFACE_STYLE_USAGE(.POSITIVE.,#3325);
#3327=PRESENTATION_STYLE_ASSIGNMENT((#3326));
#3328=STYLED_ITEM('',(#3327),#3321);
#3329=CARTESIAN_POINT('',(0.E0,2.E-1,0.E0));
#3330=DIRECTION('',(0.E0,0.E0,-1.E0));
#3331=DIRECTION('',(-1.E0,0.E0,0.E0));
#3332=AXIS2_PLACEMENT_3D('',#3329,#3330,#3331);
#3333=CYLINDRICAL_SURFACE('',#3332,4.3E0);
#3334=ORIENTED_EDGE('',*,*,#3295,.T.);
#3335=ORIENTED_EDGE('',*,*,#2607,.T.);
#3337=ORIENTED_EDGE('',*,*,#3336,.F.);
#3338=ORIENTED_EDGE('',*,*,#3199,.F.);
#3339=EDGE_LOOP('',(#3334,#3335,#3337,#3338));
#3340=FACE_OUTER_BOUND('',#3339,.F.);
#3341=ADVANCED_FACE('',(#3340),#3333,.T.);
#3342=FILL_AREA_STYLE_COLOUR('',#23);
#3343=FILL_AREA_STYLE('',(#3342));
#3344=SURFACE_STYLE_FILL_AREA(#3343);
#3345=SURFACE_SIDE_STYLE('',(#3344));
#3346=SURFACE_STYLE_USAGE(.POSITIVE.,#3345);
#3347=PRESENTATION_STYLE_ASSIGNMENT((#3346));
#3348=STYLED_ITEM('',(#3347),#3341);
#3349=CARTESIAN_POINT('',(0.E0,2.E-1,0.E0));
#3350=DIRECTION('',(0.E0,0.E0,-1.E0));
#3351=DIRECTION('',(-1.E0,0.E0,0.E0));
#3352=AXIS2_PLACEMENT_3D('',#3349,#3350,#3351);
#3353=CYLINDRICAL_SURFACE('',#3352,4.3E0);
#3354=ORIENTED_EDGE('',*,*,#3100,.T.);
#3355=ORIENTED_EDGE('',*,*,#2801,.T.);
#3356=ORIENTED_EDGE('',*,*,#3097,.F.);
#3357=ORIENTED_EDGE('',*,*,#3128,.F.);
#3358=EDGE_LOOP('',(#3354,#3355,#3356,#3357));
#3359=FACE_OUTER_BOUND('',#3358,.F.);
#3360=ADVANCED_FACE('',(#3359),#3353,.T.);
#3361=FILL_AREA_STYLE_COLOUR('',#23);
#3362=FILL_AREA_STYLE('',(#3361));
#3363=SURFACE_STYLE_FILL_AREA(#3362);
#3364=SURFACE_SIDE_STYLE('',(#3363));
#3365=SURFACE_STYLE_USAGE(.POSITIVE.,#3364);
#3366=PRESENTATION_STYLE_ASSIGNMENT((#3365));
#3367=STYLED_ITEM('',(#3366),#3360);
#3368=CARTESIAN_POINT('',(-3.7E0,-2.390890230021E0,0.E0));
#3369=DIRECTION('',(-1.E0,0.E0,0.E0));
#3370=DIRECTION('',(0.E0,1.E0,0.E0));
#3371=AXIS2_PLACEMENT_3D('',#3368,#3369,#3370);
#3372=PLANE('',#3371);
#3373=ORIENTED_EDGE('',*,*,#3205,.F.);
#3375=ORIENTED_EDGE('',*,*,#3374,.T.);
#3376=ORIENTED_EDGE('',*,*,#2601,.T.);
#3377=ORIENTED_EDGE('',*,*,#3316,.F.);
#3378=EDGE_LOOP('',(#3373,#3375,#3376,#3377));
#3379=FACE_OUTER_BOUND('',#3378,.F.);
#3380=ADVANCED_FACE('',(#3379),#3372,.T.);
#3381=FILL_AREA_STYLE_COLOUR('',#23);
#3382=FILL_AREA_STYLE('',(#3381));
#3383=SURFACE_STYLE_FILL_AREA(#3382);
#3384=SURFACE_SIDE_STYLE('',(#3383));
#3385=SURFACE_STYLE_USAGE(.POSITIVE.,#3384);
#3386=PRESENTATION_STYLE_ASSIGNMENT((#3385));
#3387=STYLED_ITEM('',(#3386),#3380);
#3388=CARTESIAN_POINT('',(0.E0,-2.E-1,0.E0));
#3389=DIRECTION('',(0.E0,0.E0,-1.E0));
#3390=DIRECTION('',(-1.E0,0.E0,0.E0));
#3391=AXIS2_PLACEMENT_3D('',#3388,#3389,#3390);
#3392=CYLINDRICAL_SURFACE('',#3391,4.3E0);
#3393=ORIENTED_EDGE('',*,*,#3203,.F.);
#3395=ORIENTED_EDGE('',*,*,#3394,.T.);
#3396=ORIENTED_EDGE('',*,*,#2603,.T.);
#3397=ORIENTED_EDGE('',*,*,#3374,.F.);
#3398=EDGE_LOOP('',(#3393,#3395,#3396,#3397));
#3399=FACE_OUTER_BOUND('',#3398,.F.);
#3400=ADVANCED_FACE('',(#3399),#3392,.T.);
#3401=FILL_AREA_STYLE_COLOUR('',#23);
#3402=FILL_AREA_STYLE('',(#3401));
#3403=SURFACE_STYLE_FILL_AREA(#3402);
#3404=SURFACE_SIDE_STYLE('',(#3403));
#3405=SURFACE_STYLE_USAGE(.POSITIVE.,#3404);
#3406=PRESENTATION_STYLE_ASSIGNMENT((#3405));
#3407=STYLED_ITEM('',(#3406),#3400);
#3408=CARTESIAN_POINT('',(3.7E0,2.390890230021E0,0.E0));
#3409=DIRECTION('',(1.E0,0.E0,0.E0));
#3410=DIRECTION('',(0.E0,-1.E0,0.E0));
#3411=AXIS2_PLACEMENT_3D('',#3408,#3409,#3410);
#3412=PLANE('',#3411);
#3413=ORIENTED_EDGE('',*,*,#3201,.F.);
#3414=ORIENTED_EDGE('',*,*,#3336,.T.);
#3415=ORIENTED_EDGE('',*,*,#2605,.T.);
#3416=ORIENTED_EDGE('',*,*,#3394,.F.);
#3417=EDGE_LOOP('',(#3413,#3414,#3415,#3416));
#3418=FACE_OUTER_BOUND('',#3417,.F.);
#3419=ADVANCED_FACE('',(#3418),#3412,.T.);
#3420=FILL_AREA_STYLE_COLOUR('',#23);
#3421=FILL_AREA_STYLE('',(#3420));
#3422=SURFACE_STYLE_FILL_AREA(#3421);
#3423=SURFACE_SIDE_STYLE('',(#3422));
#3424=SURFACE_STYLE_USAGE(.POSITIVE.,#3423);
#3425=PRESENTATION_STYLE_ASSIGNMENT((#3424));
#3426=STYLED_ITEM('',(#3425),#3419);
#3427=CARTESIAN_POINT('',(0.E0,4.5E0,0.E0));
#3428=DIRECTION('',(0.E0,0.E0,-1.E0));
#3429=DIRECTION('',(-1.E0,0.E0,0.E0));
#3430=AXIS2_PLACEMENT_3D('',#3427,#3428,#3429);
#3431=CYLINDRICAL_SURFACE('',#3430,4.E-1);
#3432=ORIENTED_EDGE('',*,*,#3125,.T.);
#3433=ORIENTED_EDGE('',*,*,#3107,.T.);
#3434=ORIENTED_EDGE('',*,*,#3038,.T.);
#3435=ORIENTED_EDGE('',*,*,#3104,.F.);
#3436=EDGE_LOOP('',(#3432,#3433,#3434,#3435));
#3437=FACE_OUTER_BOUND('',#3436,.F.);
#3438=ADVANCED_FACE('',(#3437),#3431,.F.);
#3439=FILL_AREA_STYLE_COLOUR('',#23);
#3440=FILL_AREA_STYLE('',(#3439));
#3441=SURFACE_STYLE_FILL_AREA(#3440);
#3442=SURFACE_SIDE_STYLE('',(#3441));
#3443=SURFACE_STYLE_USAGE(.POSITIVE.,#3442);
#3444=PRESENTATION_STYLE_ASSIGNMENT((#3443));
#3445=STYLED_ITEM('',(#3444),#3438);
#3446=CARTESIAN_POINT('',(5.35E0,0.E0,0.E0));
#3447=DIRECTION('',(-1.E0,0.E0,0.E0));
#3448=DIRECTION('',(0.E0,-1.E0,0.E0));
#3449=AXIS2_PLACEMENT_3D('',#3446,#3447,#3448);
#3450=PLANE('',#3449);
#3452=ORIENTED_EDGE('',*,*,#3451,.T.);
#3454=ORIENTED_EDGE('',*,*,#3453,.F.);
#3456=ORIENTED_EDGE('',*,*,#3455,.T.);
#3458=ORIENTED_EDGE('',*,*,#3457,.F.);
#3460=ORIENTED_EDGE('',*,*,#3459,.T.);
#3461=ORIENTED_EDGE('',*,*,#3145,.T.);
#3463=ORIENTED_EDGE('',*,*,#3462,.F.);
#3465=ORIENTED_EDGE('',*,*,#3464,.F.);
#3466=EDGE_LOOP('',(#3452,#3454,#3456,#3458,#3460,#3461,#3463,#3465));
#3467=FACE_OUTER_BOUND('',#3466,.F.);
#3468=ADVANCED_FACE('',(#3467),#3450,.F.);
#3469=FILL_AREA_STYLE_COLOUR('',#12);
#3470=FILL_AREA_STYLE('',(#3469));
#3471=SURFACE_STYLE_FILL_AREA(#3470);
#3472=SURFACE_SIDE_STYLE('',(#3471));
#3473=SURFACE_STYLE_USAGE(.POSITIVE.,#3472);
#3474=PRESENTATION_STYLE_ASSIGNMENT((#3473));
#3475=STYLED_ITEM('',(#3474),#3468);
#3476=CARTESIAN_POINT('',(3.35E0,-4.7E0,0.E0));
#3477=DIRECTION('',(0.E0,1.E0,0.E0));
#3478=DIRECTION('',(1.E0,0.E0,0.E0));
#3479=AXIS2_PLACEMENT_3D('',#3476,#3477,#3478);
#3480=PLANE('',#3479);
#3482=ORIENTED_EDGE('',*,*,#3481,.T.);
#3484=ORIENTED_EDGE('',*,*,#3483,.T.);
#3485=ORIENTED_EDGE('',*,*,#3451,.F.);
#3487=ORIENTED_EDGE('',*,*,#3486,.T.);
#3489=ORIENTED_EDGE('',*,*,#3488,.F.);
#3490=ORIENTED_EDGE('',*,*,#3185,.F.);
#3492=ORIENTED_EDGE('',*,*,#3491,.T.);
#3494=ORIENTED_EDGE('',*,*,#3493,.T.);
#3495=EDGE_LOOP('',(#3482,#3484,#3485,#3487,#3489,#3490,#3492,#3494));
#3496=FACE_OUTER_BOUND('',#3495,.F.);
#3497=ADVANCED_FACE('',(#3496),#3480,.T.);
#3498=FILL_AREA_STYLE_COLOUR('',#23);
#3499=FILL_AREA_STYLE('',(#3498));
#3500=SURFACE_STYLE_FILL_AREA(#3499);
#3501=SURFACE_SIDE_STYLE('',(#3500));
#3502=SURFACE_STYLE_USAGE(.POSITIVE.,#3501);
#3503=PRESENTATION_STYLE_ASSIGNMENT((#3502));
#3504=STYLED_ITEM('',(#3503),#3497);
#3505=CARTESIAN_POINT('',(5.85E0,-6.E0,0.E0));
#3506=DIRECTION('',(1.E0,0.E0,0.E0));
#3507=DIRECTION('',(0.E0,1.E0,0.E0));
#3508=AXIS2_PLACEMENT_3D('',#3505,#3506,#3507);
#3509=PLANE('',#3508);
#3510=ORIENTED_EDGE('',*,*,#3481,.F.);
#3512=ORIENTED_EDGE('',*,*,#3511,.T.);
#3514=ORIENTED_EDGE('',*,*,#3513,.F.);
#3516=ORIENTED_EDGE('',*,*,#3515,.T.);
#3517=EDGE_LOOP('',(#3510,#3512,#3514,#3516));
#3518=FACE_OUTER_BOUND('',#3517,.F.);
#3519=ADVANCED_FACE('',(#3518),#3509,.T.);
#3520=FILL_AREA_STYLE_COLOUR('',#23);
#3521=FILL_AREA_STYLE('',(#3520));
#3522=SURFACE_STYLE_FILL_AREA(#3521);
#3523=SURFACE_SIDE_STYLE('',(#3522));
#3524=SURFACE_STYLE_USAGE(.POSITIVE.,#3523);
#3525=PRESENTATION_STYLE_ASSIGNMENT((#3524));
#3526=STYLED_ITEM('',(#3525),#3519);
#3527=CARTESIAN_POINT('',(5.85E0,-6.E0,0.E0));
#3528=DIRECTION('',(1.E0,0.E0,0.E0));
#3529=DIRECTION('',(0.E0,1.E0,0.E0));
#3530=AXIS2_PLACEMENT_3D('',#3527,#3528,#3529);
#3531=PLANE('',#3530);
#3533=ORIENTED_EDGE('',*,*,#3532,.F.);
#3535=ORIENTED_EDGE('',*,*,#3534,.T.);
#3537=ORIENTED_EDGE('',*,*,#3536,.T.);
#3539=ORIENTED_EDGE('',*,*,#3538,.T.);
#3540=EDGE_LOOP('',(#3533,#3535,#3537,#3539));
#3541=FACE_OUTER_BOUND('',#3540,.F.);
#3542=ADVANCED_FACE('',(#3541),#3531,.T.);
#3543=FILL_AREA_STYLE_COLOUR('',#23);
#3544=FILL_AREA_STYLE('',(#3543));
#3545=SURFACE_STYLE_FILL_AREA(#3544);
#3546=SURFACE_SIDE_STYLE('',(#3545));
#3547=SURFACE_STYLE_USAGE(.POSITIVE.,#3546);
#3548=PRESENTATION_STYLE_ASSIGNMENT((#3547));
#3549=STYLED_ITEM('',(#3548),#3542);
#3550=CARTESIAN_POINT('',(0.E0,0.E0,-5.E-1));
#3551=DIRECTION('',(0.E0,0.E0,-1.E0));
#3552=DIRECTION('',(-1.E0,0.E0,0.E0));
#3553=AXIS2_PLACEMENT_3D('',#3550,#3551,#3552);
#3554=PLANE('',#3553);
#3556=ORIENTED_EDGE('',*,*,#3555,.F.);
#3558=ORIENTED_EDGE('',*,*,#3557,.F.);
#3560=ORIENTED_EDGE('',*,*,#3559,.F.);
#3562=ORIENTED_EDGE('',*,*,#3561,.F.);
#3563=ORIENTED_EDGE('',*,*,#3538,.F.);
#3564=EDGE_LOOP('',(#3556,#3558,#3560,#3562,#3563));
#3565=FACE_OUTER_BOUND('',#3564,.F.);
#3566=ADVANCED_FACE('',(#3565),#3554,.T.);
#3567=FILL_AREA_STYLE_COLOUR('',#23);
#3568=FILL_AREA_STYLE('',(#3567));
#3569=SURFACE_STYLE_FILL_AREA(#3568);
#3570=SURFACE_SIDE_STYLE('',(#3569));
#3571=SURFACE_STYLE_USAGE(.POSITIVE.,#3570);
#3572=PRESENTATION_STYLE_ASSIGNMENT((#3571));
#3573=STYLED_ITEM('',(#3572),#3566);
#3574=CARTESIAN_POINT('',(0.E0,0.E0,-5.E-1));
#3575=DIRECTION('',(0.E0,0.E0,-1.E0));
#3576=DIRECTION('',(-1.E0,0.E0,0.E0));
#3577=AXIS2_PLACEMENT_3D('',#3574,#3575,#3576);
#3578=PLANE('',#3577);
#3580=ORIENTED_EDGE('',*,*,#3579,.F.);
#3582=ORIENTED_EDGE('',*,*,#3581,.F.);
#3584=ORIENTED_EDGE('',*,*,#3583,.F.);
#3586=ORIENTED_EDGE('',*,*,#3585,.F.);
#3588=ORIENTED_EDGE('',*,*,#3587,.F.);
#3589=EDGE_LOOP('',(#3580,#3582,#3584,#3586,#3588));
#3590=FACE_OUTER_BOUND('',#3589,.F.);
#3591=ADVANCED_FACE('',(#3590),#3578,.T.);
#3592=FILL_AREA_STYLE_COLOUR('',#23);
#3593=FILL_AREA_STYLE('',(#3592));
#3594=SURFACE_STYLE_FILL_AREA(#3593);
#3595=SURFACE_SIDE_STYLE('',(#3594));
#3596=SURFACE_STYLE_USAGE(.POSITIVE.,#3595);
#3597=PRESENTATION_STYLE_ASSIGNMENT((#3596));
#3598=STYLED_ITEM('',(#3597),#3591);
#3599=CARTESIAN_POINT('',(0.E0,0.E0,-5.E-1));
#3600=DIRECTION('',(0.E0,0.E0,-1.E0));
#3601=DIRECTION('',(-1.E0,0.E0,0.E0));
#3602=AXIS2_PLACEMENT_3D('',#3599,#3600,#3601);
#3603=PLANE('',#3602);
#3605=ORIENTED_EDGE('',*,*,#3604,.F.);
#3606=ORIENTED_EDGE('',*,*,#3511,.F.);
#3607=ORIENTED_EDGE('',*,*,#3493,.F.);
#3609=ORIENTED_EDGE('',*,*,#3608,.F.);
#3611=ORIENTED_EDGE('',*,*,#3610,.F.);
#3612=EDGE_LOOP('',(#3605,#3606,#3607,#3609,#3611));
#3613=FACE_OUTER_BOUND('',#3612,.F.);
#3614=ADVANCED_FACE('',(#3613),#3603,.T.);
#3615=FILL_AREA_STYLE_COLOUR('',#23);
#3616=FILL_AREA_STYLE('',(#3615));
#3617=SURFACE_STYLE_FILL_AREA(#3616);
#3618=SURFACE_SIDE_STYLE('',(#3617));
#3619=SURFACE_STYLE_USAGE(.POSITIVE.,#3618);
#3620=PRESENTATION_STYLE_ASSIGNMENT((#3619));
#3621=STYLED_ITEM('',(#3620),#3614);
#3622=CARTESIAN_POINT('',(0.E0,0.E0,-5.E-1));
#3623=DIRECTION('',(0.E0,0.E0,-1.E0));
#3624=DIRECTION('',(-1.E0,0.E0,0.E0));
#3625=AXIS2_PLACEMENT_3D('',#3622,#3623,#3624);
#3626=PLANE('',#3625);
#3628=ORIENTED_EDGE('',*,*,#3627,.F.);
#3630=ORIENTED_EDGE('',*,*,#3629,.F.);
#3632=ORIENTED_EDGE('',*,*,#3631,.F.);
#3634=ORIENTED_EDGE('',*,*,#3633,.F.);
#3636=ORIENTED_EDGE('',*,*,#3635,.F.);
#3637=EDGE_LOOP('',(#3628,#3630,#3632,#3634,#3636));
#3638=FACE_OUTER_BOUND('',#3637,.F.);
#3639=ADVANCED_FACE('',(#3638),#3626,.T.);
#3640=FILL_AREA_STYLE_COLOUR('',#23);
#3641=FILL_AREA_STYLE('',(#3640));
#3642=SURFACE_STYLE_FILL_AREA(#3641);
#3643=SURFACE_SIDE_STYLE('',(#3642));
#3644=SURFACE_STYLE_USAGE(.POSITIVE.,#3643);
#3645=PRESENTATION_STYLE_ASSIGNMENT((#3644));
#3646=STYLED_ITEM('',(#3645),#3639);
#3647=CARTESIAN_POINT('',(4.85E0,5.E0,2.26432E0));
#3648=DIRECTION('',(0.E0,0.E0,-1.E0));
#3649=DIRECTION('',(0.E0,1.E0,0.E0));
#3650=AXIS2_PLACEMENT_3D('',#3647,#3648,#3649);
#3651=CYLINDRICAL_SURFACE('',#3650,1.E0);
#3653=ORIENTED_EDGE('',*,*,#3652,.F.);
#3654=ORIENTED_EDGE('',*,*,#3555,.T.);
#3655=ORIENTED_EDGE('',*,*,#3536,.F.);
#3657=ORIENTED_EDGE('',*,*,#3656,.T.);
#3658=EDGE_LOOP('',(#3653,#3654,#3655,#3657));
#3659=FACE_OUTER_BOUND('',#3658,.F.);
#3660=ADVANCED_FACE('',(#3659),#3651,.T.);
#3661=FILL_AREA_STYLE_COLOUR('',#23);
#3662=FILL_AREA_STYLE('',(#3661));
#3663=SURFACE_STYLE_FILL_AREA(#3662);
#3664=SURFACE_SIDE_STYLE('',(#3663));
#3665=SURFACE_STYLE_USAGE(.POSITIVE.,#3664);
#3666=PRESENTATION_STYLE_ASSIGNMENT((#3665));
#3667=STYLED_ITEM('',(#3666),#3660);
#3668=CARTESIAN_POINT('',(5.85E0,6.E0,0.E0));
#3669=DIRECTION('',(0.E0,1.E0,0.E0));
#3670=DIRECTION('',(-1.E0,0.E0,0.E0));
#3671=AXIS2_PLACEMENT_3D('',#3668,#3669,#3670);
#3672=PLANE('',#3671);
#3674=ORIENTED_EDGE('',*,*,#3673,.F.);
#3675=ORIENTED_EDGE('',*,*,#3587,.T.);
#3677=ORIENTED_EDGE('',*,*,#3676,.F.);
#3678=ORIENTED_EDGE('',*,*,#3157,.F.);
#3680=ORIENTED_EDGE('',*,*,#3679,.T.);
#3681=ORIENTED_EDGE('',*,*,#3557,.T.);
#3682=ORIENTED_EDGE('',*,*,#3652,.T.);
#3684=ORIENTED_EDGE('',*,*,#3683,.T.);
#3685=EDGE_LOOP('',(#3674,#3675,#3677,#3678,#3680,#3681,#3682,#3684));
#3686=FACE_OUTER_BOUND('',#3685,.F.);
#3687=ADVANCED_FACE('',(#3686),#3672,.T.);
#3688=FILL_AREA_STYLE_COLOUR('',#23);
#3689=FILL_AREA_STYLE('',(#3688));
#3690=SURFACE_STYLE_FILL_AREA(#3689);
#3691=SURFACE_SIDE_STYLE('',(#3690));
#3692=SURFACE_STYLE_USAGE(.POSITIVE.,#3691);
#3693=PRESENTATION_STYLE_ASSIGNMENT((#3692));
#3694=STYLED_ITEM('',(#3693),#3687);
#3695=CARTESIAN_POINT('',(-4.85E0,5.E0,2.26432E0));
#3696=DIRECTION('',(0.E0,0.E0,-1.E0));
#3697=DIRECTION('',(-1.E0,0.E0,0.E0));
#3698=AXIS2_PLACEMENT_3D('',#3695,#3696,#3697);
#3699=CYLINDRICAL_SURFACE('',#3698,1.E0);
#3701=ORIENTED_EDGE('',*,*,#3700,.F.);
#3702=ORIENTED_EDGE('',*,*,#3579,.T.);
#3703=ORIENTED_EDGE('',*,*,#3673,.T.);
#3705=ORIENTED_EDGE('',*,*,#3704,.T.);
#3706=EDGE_LOOP('',(#3701,#3702,#3703,#3705));
#3707=FACE_OUTER_BOUND('',#3706,.F.);
#3708=ADVANCED_FACE('',(#3707),#3699,.T.);
#3709=FILL_AREA_STYLE_COLOUR('',#23);
#3710=FILL_AREA_STYLE('',(#3709));
#3711=SURFACE_STYLE_FILL_AREA(#3710);
#3712=SURFACE_SIDE_STYLE('',(#3711));
#3713=SURFACE_STYLE_USAGE(.POSITIVE.,#3712);
#3714=PRESENTATION_STYLE_ASSIGNMENT((#3713));
#3715=STYLED_ITEM('',(#3714),#3708);
#3716=CARTESIAN_POINT('',(-5.85E0,6.E0,0.E0));
#3717=DIRECTION('',(-1.E0,0.E0,0.E0));
#3718=DIRECTION('',(0.E0,-1.E0,0.E0));
#3719=AXIS2_PLACEMENT_3D('',#3716,#3717,#3718);
#3720=PLANE('',#3719);
#3722=ORIENTED_EDGE('',*,*,#3721,.F.);
#3724=ORIENTED_EDGE('',*,*,#3723,.T.);
#3726=ORIENTED_EDGE('',*,*,#3725,.F.);
#3727=ORIENTED_EDGE('',*,*,#3635,.T.);
#3728=EDGE_LOOP('',(#3722,#3724,#3726,#3727));
#3729=FACE_OUTER_BOUND('',#3728,.F.);
#3730=ADVANCED_FACE('',(#3729),#3720,.T.);
#3731=FILL_AREA_STYLE_COLOUR('',#23);
#3732=FILL_AREA_STYLE('',(#3731));
#3733=SURFACE_STYLE_FILL_AREA(#3732);
#3734=SURFACE_SIDE_STYLE('',(#3733));
#3735=SURFACE_STYLE_USAGE(.POSITIVE.,#3734);
#3736=PRESENTATION_STYLE_ASSIGNMENT((#3735));
#3737=STYLED_ITEM('',(#3736),#3730);
#3738=CARTESIAN_POINT('',(-5.85E0,6.E0,0.E0));
#3739=DIRECTION('',(-1.E0,0.E0,0.E0));
#3740=DIRECTION('',(0.E0,-1.E0,0.E0));
#3741=AXIS2_PLACEMENT_3D('',#3738,#3739,#3740);
#3742=PLANE('',#3741);
#3744=ORIENTED_EDGE('',*,*,#3743,.F.);
#3745=ORIENTED_EDGE('',*,*,#3581,.T.);
#3746=ORIENTED_EDGE('',*,*,#3700,.T.);
#3748=ORIENTED_EDGE('',*,*,#3747,.T.);
#3749=EDGE_LOOP('',(#3744,#3745,#3746,#3748));
#3750=FACE_OUTER_BOUND('',#3749,.F.);
#3751=ADVANCED_FACE('',(#3750),#3742,.T.);
#3752=FILL_AREA_STYLE_COLOUR('',#23);
#3753=FILL_AREA_STYLE('',(#3752));
#3754=SURFACE_STYLE_FILL_AREA(#3753);
#3755=SURFACE_SIDE_STYLE('',(#3754));
#3756=SURFACE_STYLE_USAGE(.POSITIVE.,#3755);
#3757=PRESENTATION_STYLE_ASSIGNMENT((#3756));
#3758=STYLED_ITEM('',(#3757),#3751);
#3759=CARTESIAN_POINT('',(-5.85E0,-4.7E0,0.E0));
#3760=DIRECTION('',(0.E0,1.E0,0.E0));
#3761=DIRECTION('',(1.E0,0.E0,0.E0));
#3762=AXIS2_PLACEMENT_3D('',#3759,#3760,#3761);
#3763=PLANE('',#3762);
#3765=ORIENTED_EDGE('',*,*,#3764,.T.);
#3767=ORIENTED_EDGE('',*,*,#3766,.T.);
#3769=ORIENTED_EDGE('',*,*,#3768,.F.);
#3770=ORIENTED_EDGE('',*,*,#3721,.T.);
#3771=ORIENTED_EDGE('',*,*,#3633,.T.);
#3773=ORIENTED_EDGE('',*,*,#3772,.F.);
#3774=ORIENTED_EDGE('',*,*,#3177,.T.);
#3776=ORIENTED_EDGE('',*,*,#3775,.T.);
#3777=EDGE_LOOP('',(#3765,#3767,#3769,#3770,#3771,#3773,#3774,#3776));
#3778=FACE_OUTER_BOUND('',#3777,.F.);
#3779=ADVANCED_FACE('',(#3778),#3763,.T.);
#3780=FILL_AREA_STYLE_COLOUR('',#23);
#3781=FILL_AREA_STYLE('',(#3780));
#3782=SURFACE_STYLE_FILL_AREA(#3781);
#3783=SURFACE_SIDE_STYLE('',(#3782));
#3784=SURFACE_STYLE_USAGE(.POSITIVE.,#3783);
#3785=PRESENTATION_STYLE_ASSIGNMENT((#3784));
#3786=STYLED_ITEM('',(#3785),#3779);
#3787=CARTESIAN_POINT('',(0.E0,0.E0,3.E-1));
#3788=DIRECTION('',(0.E0,0.E0,-1.E0));
#3789=DIRECTION('',(-1.E0,0.E0,0.E0));
#3790=AXIS2_PLACEMENT_3D('',#3787,#3788,#3789);
#3791=PLANE('',#3790);
#3793=ORIENTED_EDGE('',*,*,#3792,.F.);
#3794=ORIENTED_EDGE('',*,*,#3764,.F.);
#3796=ORIENTED_EDGE('',*,*,#3795,.F.);
#3798=ORIENTED_EDGE('',*,*,#3797,.F.);
#3800=ORIENTED_EDGE('',*,*,#3799,.F.);
#3801=EDGE_LOOP('',(#3793,#3794,#3796,#3798,#3800));
#3802=FACE_OUTER_BOUND('',#3801,.F.);
#3803=ADVANCED_FACE('',(#3802),#3791,.T.);
#3804=FILL_AREA_STYLE_COLOUR('',#23);
#3805=FILL_AREA_STYLE('',(#3804));
#3806=SURFACE_STYLE_FILL_AREA(#3805);
#3807=SURFACE_SIDE_STYLE('',(#3806));
#3808=SURFACE_STYLE_USAGE(.POSITIVE.,#3807);
#3809=PRESENTATION_STYLE_ASSIGNMENT((#3808));
#3810=STYLED_ITEM('',(#3809),#3803);
#3811=CARTESIAN_POINT('',(0.E0,0.E0,3.E-1));
#3812=DIRECTION('',(0.E0,0.E0,-1.E0));
#3813=DIRECTION('',(-1.E0,0.E0,0.E0));
#3814=AXIS2_PLACEMENT_3D('',#3811,#3812,#3813);
#3815=PLANE('',#3814);
#3817=ORIENTED_EDGE('',*,*,#3816,.F.);
#3819=ORIENTED_EDGE('',*,*,#3818,.F.);
#3821=ORIENTED_EDGE('',*,*,#3820,.F.);
#3823=ORIENTED_EDGE('',*,*,#3822,.F.);
#3825=ORIENTED_EDGE('',*,*,#3824,.F.);
#3826=EDGE_LOOP('',(#3817,#3819,#3821,#3823,#3825));
#3827=FACE_OUTER_BOUND('',#3826,.F.);
#3828=ADVANCED_FACE('',(#3827),#3815,.T.);
#3829=FILL_AREA_STYLE_COLOUR('',#23);
#3830=FILL_AREA_STYLE('',(#3829));
#3831=SURFACE_STYLE_FILL_AREA(#3830);
#3832=SURFACE_SIDE_STYLE('',(#3831));
#3833=SURFACE_STYLE_USAGE(.POSITIVE.,#3832);
#3834=PRESENTATION_STYLE_ASSIGNMENT((#3833));
#3835=STYLED_ITEM('',(#3834),#3828);
#3836=CARTESIAN_POINT('',(0.E0,0.E0,3.E-1));
#3837=DIRECTION('',(0.E0,0.E0,-1.E0));
#3838=DIRECTION('',(-1.E0,0.E0,0.E0));
#3839=AXIS2_PLACEMENT_3D('',#3836,#3837,#3838);
#3840=PLANE('',#3839);
#3841=ORIENTED_EDGE('',*,*,#3464,.T.);
#3843=ORIENTED_EDGE('',*,*,#3842,.F.);
#3845=ORIENTED_EDGE('',*,*,#3844,.F.);
#3847=ORIENTED_EDGE('',*,*,#3846,.F.);
#3848=ORIENTED_EDGE('',*,*,#3486,.F.);
#3849=EDGE_LOOP('',(#3841,#3843,#3845,#3847,#3848));
#3850=FACE_OUTER_BOUND('',#3849,.F.);
#3851=ADVANCED_FACE('',(#3850),#3840,.T.);
#3852=FILL_AREA_STYLE_COLOUR('',#23);
#3853=FILL_AREA_STYLE('',(#3852));
#3854=SURFACE_STYLE_FILL_AREA(#3853);
#3855=SURFACE_SIDE_STYLE('',(#3854));
#3856=SURFACE_STYLE_USAGE(.POSITIVE.,#3855);
#3857=PRESENTATION_STYLE_ASSIGNMENT((#3856));
#3858=STYLED_ITEM('',(#3857),#3851);
#3859=CARTESIAN_POINT('',(0.E0,0.E0,3.E-1));
#3860=DIRECTION('',(0.E0,0.E0,-1.E0));
#3861=DIRECTION('',(-1.E0,0.E0,0.E0));
#3862=AXIS2_PLACEMENT_3D('',#3859,#3860,#3861);
#3863=PLANE('',#3862);
#3864=ORIENTED_EDGE('',*,*,#3457,.T.);
#3866=ORIENTED_EDGE('',*,*,#3865,.F.);
#3868=ORIENTED_EDGE('',*,*,#3867,.F.);
#3870=ORIENTED_EDGE('',*,*,#3869,.F.);
#3872=ORIENTED_EDGE('',*,*,#3871,.F.);
#3873=EDGE_LOOP('',(#3864,#3866,#3868,#3870,#3872));
#3874=FACE_OUTER_BOUND('',#3873,.F.);
#3875=ADVANCED_FACE('',(#3874),#3863,.T.);
#3876=FILL_AREA_STYLE_COLOUR('',#23);
#3877=FILL_AREA_STYLE('',(#3876));
#3878=SURFACE_STYLE_FILL_AREA(#3877);
#3879=SURFACE_SIDE_STYLE('',(#3878));
#3880=SURFACE_STYLE_USAGE(.POSITIVE.,#3879);
#3881=PRESENTATION_STYLE_ASSIGNMENT((#3880));
#3882=STYLED_ITEM('',(#3881),#3875);
#3883=CARTESIAN_POINT('',(-5.35E0,0.E0,0.E0));
#3884=DIRECTION('',(-1.E0,0.E0,0.E0));
#3885=DIRECTION('',(0.E0,-1.E0,0.E0));
#3886=AXIS2_PLACEMENT_3D('',#3883,#3884,#3885);
#3887=PLANE('',#3886);
#3888=ORIENTED_EDGE('',*,*,#3169,.F.);
#3890=ORIENTED_EDGE('',*,*,#3889,.F.);
#3891=ORIENTED_EDGE('',*,*,#3816,.T.);
#3893=ORIENTED_EDGE('',*,*,#3892,.F.);
#3895=ORIENTED_EDGE('',*,*,#3894,.T.);
#3896=ORIENTED_EDGE('',*,*,#3766,.F.);
#3897=ORIENTED_EDGE('',*,*,#3792,.T.);
#3899=ORIENTED_EDGE('',*,*,#3898,.T.);
#3900=EDGE_LOOP('',(#3888,#3890,#3891,#3893,#3895,#3896,#3897,#3899));
#3901=FACE_OUTER_BOUND('',#3900,.F.);
#3902=ADVANCED_FACE('',(#3901),#3887,.T.);
#3903=FILL_AREA_STYLE_COLOUR('',#11);
#3904=FILL_AREA_STYLE('',(#3903));
#3905=SURFACE_STYLE_FILL_AREA(#3904);
#3906=SURFACE_SIDE_STYLE('',(#3905));
#3907=SURFACE_STYLE_USAGE(.POSITIVE.,#3906);
#3908=PRESENTATION_STYLE_ASSIGNMENT((#3907));
#3909=STYLED_ITEM('',(#3908),#3902);
#3910=CARTESIAN_POINT('',(-4.25E0,2.7E0,0.E0));
#3911=DIRECTION('',(0.E0,-1.E0,0.E0));
#3912=DIRECTION('',(-1.E0,0.E0,0.E0));
#3913=AXIS2_PLACEMENT_3D('',#3910,#3911,#3912);
#3914=PLANE('',#3913);
#3915=ORIENTED_EDGE('',*,*,#3889,.T.);
#3916=ORIENTED_EDGE('',*,*,#3167,.T.);
#3918=ORIENTED_EDGE('',*,*,#3917,.T.);
#3919=ORIENTED_EDGE('',*,*,#3818,.T.);
#3920=EDGE_LOOP('',(#3915,#3916,#3918,#3919));
#3921=FACE_OUTER_BOUND('',#3920,.F.);
#3922=ADVANCED_FACE('',(#3921),#3914,.F.);
#3923=FILL_AREA_STYLE_COLOUR('',#23);
#3924=FILL_AREA_STYLE('',(#3923));
#3925=SURFACE_STYLE_FILL_AREA(#3924);
#3926=SURFACE_SIDE_STYLE('',(#3925));
#3927=SURFACE_STYLE_USAGE(.POSITIVE.,#3926);
#3928=PRESENTATION_STYLE_ASSIGNMENT((#3927));
#3929=STYLED_ITEM('',(#3928),#3922);
#3930=CARTESIAN_POINT('',(-2.85E0,4.E0,0.E0));
#3931=DIRECTION('',(6.804510993673E-1,-7.327934916263E-1,0.E0));
#3932=DIRECTION('',(-7.327934916263E-1,-6.804510993673E-1,0.E0));
#3933=AXIS2_PLACEMENT_3D('',#3930,#3931,#3932);
#3934=PLANE('',#3933);
#3935=ORIENTED_EDGE('',*,*,#3165,.F.);
#3937=ORIENTED_EDGE('',*,*,#3936,.T.);
#3938=ORIENTED_EDGE('',*,*,#3820,.T.);
#3939=ORIENTED_EDGE('',*,*,#3917,.F.);
#3940=EDGE_LOOP('',(#3935,#3937,#3938,#3939));
#3941=FACE_OUTER_BOUND('',#3940,.F.);
#3942=ADVANCED_FACE('',(#3941),#3934,.F.);
#3943=FILL_AREA_STYLE_COLOUR('',#23);
#3944=FILL_AREA_STYLE('',(#3943));
#3945=SURFACE_STYLE_FILL_AREA(#3944);
#3946=SURFACE_SIDE_STYLE('',(#3945));
#3947=SURFACE_STYLE_USAGE(.POSITIVE.,#3946);
#3948=PRESENTATION_STYLE_ASSIGNMENT((#3947));
#3949=STYLED_ITEM('',(#3948),#3942);
#3950=CARTESIAN_POINT('',(-2.85E0,4.7E0,0.E0));
#3951=DIRECTION('',(1.E0,0.E0,0.E0));
#3952=DIRECTION('',(0.E0,-1.E0,0.E0));
#3953=AXIS2_PLACEMENT_3D('',#3950,#3951,#3952);
#3954=PLANE('',#3953);
#3955=ORIENTED_EDGE('',*,*,#3163,.F.);
#3957=ORIENTED_EDGE('',*,*,#3956,.T.);
#3958=ORIENTED_EDGE('',*,*,#3822,.T.);
#3959=ORIENTED_EDGE('',*,*,#3936,.F.);
#3960=EDGE_LOOP('',(#3955,#3957,#3958,#3959));
#3961=FACE_OUTER_BOUND('',#3960,.F.);
#3962=ADVANCED_FACE('',(#3961),#3954,.F.);
#3963=FILL_AREA_STYLE_COLOUR('',#23);
#3964=FILL_AREA_STYLE('',(#3963));
#3965=SURFACE_STYLE_FILL_AREA(#3964);
#3966=SURFACE_SIDE_STYLE('',(#3965));
#3967=SURFACE_STYLE_USAGE(.POSITIVE.,#3966);
#3968=PRESENTATION_STYLE_ASSIGNMENT((#3967));
#3969=STYLED_ITEM('',(#3968),#3962);
#3970=CARTESIAN_POINT('',(-3.35E0,4.7E0,0.E0));
#3971=DIRECTION('',(0.E0,-1.E0,0.E0));
#3972=DIRECTION('',(-1.E0,0.E0,0.E0));
#3973=AXIS2_PLACEMENT_3D('',#3970,#3971,#3972);
#3974=PLANE('',#3973);
#3975=ORIENTED_EDGE('',*,*,#3743,.T.);
#3977=ORIENTED_EDGE('',*,*,#3976,.T.);
#3978=ORIENTED_EDGE('',*,*,#3892,.T.);
#3979=ORIENTED_EDGE('',*,*,#3824,.T.);
#3980=ORIENTED_EDGE('',*,*,#3956,.F.);
#3981=ORIENTED_EDGE('',*,*,#3161,.F.);
#3983=ORIENTED_EDGE('',*,*,#3982,.T.);
#3984=ORIENTED_EDGE('',*,*,#3583,.T.);
#3985=EDGE_LOOP('',(#3975,#3977,#3978,#3979,#3980,#3981,#3983,#3984));
#3986=FACE_OUTER_BOUND('',#3985,.F.);
#3987=ADVANCED_FACE('',(#3986),#3974,.T.);
#3988=FILL_AREA_STYLE_COLOUR('',#23);
#3989=FILL_AREA_STYLE('',(#3988));
#3990=SURFACE_STYLE_FILL_AREA(#3989);
#3991=SURFACE_SIDE_STYLE('',(#3990));
#3992=SURFACE_STYLE_USAGE(.POSITIVE.,#3991);
#3993=PRESENTATION_STYLE_ASSIGNMENT((#3992));
#3994=STYLED_ITEM('',(#3993),#3987);
#3995=CARTESIAN_POINT('',(0.E0,0.E0,7.E-1));
#3996=DIRECTION('',(0.E0,0.E0,1.E0));
#3997=DIRECTION('',(1.E0,0.E0,0.E0));
#3998=AXIS2_PLACEMENT_3D('',#3995,#3996,#3997);
#3999=PLANE('',#3998);
#4000=ORIENTED_EDGE('',*,*,#3453,.T.);
#4001=ORIENTED_EDGE('',*,*,#3483,.F.);
#4002=ORIENTED_EDGE('',*,*,#3515,.F.);
#4004=ORIENTED_EDGE('',*,*,#4003,.F.);
#4006=ORIENTED_EDGE('',*,*,#4005,.F.);
#4008=ORIENTED_EDGE('',*,*,#4007,.F.);
#4009=ORIENTED_EDGE('',*,*,#3723,.F.);
#4010=ORIENTED_EDGE('',*,*,#3768,.T.);
#4011=ORIENTED_EDGE('',*,*,#3894,.F.);
#4012=ORIENTED_EDGE('',*,*,#3976,.F.);
#4013=ORIENTED_EDGE('',*,*,#3747,.F.);
#4014=ORIENTED_EDGE('',*,*,#3704,.F.);
#4015=ORIENTED_EDGE('',*,*,#3683,.F.);
#4016=ORIENTED_EDGE('',*,*,#3656,.F.);
#4017=ORIENTED_EDGE('',*,*,#3534,.F.);
#4019=ORIENTED_EDGE('',*,*,#4018,.T.);
#4020=EDGE_LOOP('',(#4000,#4001,#4002,#4004,#4006,#4008,#4009,#4010,#4011,#4012,
#4013,#4014,#4015,#4016,#4017,#4019));
#4021=FACE_OUTER_BOUND('',#4020,.F.);
#4022=ADVANCED_FACE('',(#4021),#3999,.T.);
#4023=FILL_AREA_STYLE_COLOUR('',#23);
#4024=FILL_AREA_STYLE('',(#4023));
#4025=SURFACE_STYLE_FILL_AREA(#4024);
#4026=SURFACE_SIDE_STYLE('',(#4025));
#4027=SURFACE_STYLE_USAGE(.POSITIVE.,#4026);
#4028=PRESENTATION_STYLE_ASSIGNMENT((#4027));
#4029=STYLED_ITEM('',(#4028),#4022);
#4030=CARTESIAN_POINT('',(4.85E0,-5.E0,2.26432E0));
#4031=DIRECTION('',(0.E0,0.E0,-1.E0));
#4032=DIRECTION('',(1.E0,0.E0,0.E0));
#4033=AXIS2_PLACEMENT_3D('',#4030,#4031,#4032);
#4034=CYLINDRICAL_SURFACE('',#4033,1.E0);
#4035=ORIENTED_EDGE('',*,*,#3513,.T.);
#4036=ORIENTED_EDGE('',*,*,#3604,.T.);
#4038=ORIENTED_EDGE('',*,*,#4037,.F.);
#4039=ORIENTED_EDGE('',*,*,#4003,.T.);
#4040=EDGE_LOOP('',(#4035,#4036,#4038,#4039));
#4041=FACE_OUTER_BOUND('',#4040,.F.);
#4042=ADVANCED_FACE('',(#4041),#4034,.T.);
#4043=FILL_AREA_STYLE_COLOUR('',#23);
#4044=FILL_AREA_STYLE('',(#4043));
#4045=SURFACE_STYLE_FILL_AREA(#4044);
#4046=SURFACE_SIDE_STYLE('',(#4045));
#4047=SURFACE_STYLE_USAGE(.POSITIVE.,#4046);
#4048=PRESENTATION_STYLE_ASSIGNMENT((#4047));
#4049=STYLED_ITEM('',(#4048),#4042);
#4050=CARTESIAN_POINT('',(-5.85E0,-6.E0,0.E0));
#4051=DIRECTION('',(0.E0,-1.E0,0.E0));
#4052=DIRECTION('',(1.E0,0.E0,0.E0));
#4053=AXIS2_PLACEMENT_3D('',#4050,#4051,#4052);
#4054=PLANE('',#4053);
#4055=ORIENTED_EDGE('',*,*,#3181,.F.);
#4057=ORIENTED_EDGE('',*,*,#4056,.T.);
#4058=ORIENTED_EDGE('',*,*,#3629,.T.);
#4060=ORIENTED_EDGE('',*,*,#4059,.F.);
#4061=ORIENTED_EDGE('',*,*,#4005,.T.);
#4062=ORIENTED_EDGE('',*,*,#4037,.T.);
#4063=ORIENTED_EDGE('',*,*,#3610,.T.);
#4065=ORIENTED_EDGE('',*,*,#4064,.F.);
#4066=EDGE_LOOP('',(#4055,#4057,#4058,#4060,#4061,#4062,#4063,#4065));
#4067=FACE_OUTER_BOUND('',#4066,.F.);
#4068=ADVANCED_FACE('',(#4067),#4054,.T.);
#4069=FILL_AREA_STYLE_COLOUR('',#23);
#4070=FILL_AREA_STYLE('',(#4069));
#4071=SURFACE_STYLE_FILL_AREA(#4070);
#4072=SURFACE_SIDE_STYLE('',(#4071));
#4073=SURFACE_STYLE_USAGE(.POSITIVE.,#4072);
#4074=PRESENTATION_STYLE_ASSIGNMENT((#4073));
#4075=STYLED_ITEM('',(#4074),#4068);
#4076=CARTESIAN_POINT('',(-3.35E0,-4.7E0,0.E0));
#4077=DIRECTION('',(1.E0,0.E0,0.E0));
#4078=DIRECTION('',(0.E0,-1.E0,0.E0));
#4079=AXIS2_PLACEMENT_3D('',#4076,#4077,#4078);
#4080=PLANE('',#4079);
#4081=ORIENTED_EDGE('',*,*,#3179,.T.);
#4082=ORIENTED_EDGE('',*,*,#3772,.T.);
#4083=ORIENTED_EDGE('',*,*,#3631,.T.);
#4084=ORIENTED_EDGE('',*,*,#4056,.F.);
#4085=EDGE_LOOP('',(#4081,#4082,#4083,#4084));
#4086=FACE_OUTER_BOUND('',#4085,.F.);
#4087=ADVANCED_FACE('',(#4086),#4080,.T.);
#4088=FILL_AREA_STYLE_COLOUR('',#23);
#4089=FILL_AREA_STYLE('',(#4088));
#4090=SURFACE_STYLE_FILL_AREA(#4089);
#4091=SURFACE_SIDE_STYLE('',(#4090));
#4092=SURFACE_STYLE_USAGE(.POSITIVE.,#4091);
#4093=PRESENTATION_STYLE_ASSIGNMENT((#4092));
#4094=STYLED_ITEM('',(#4093),#4087);
#4095=CARTESIAN_POINT('',(-4.85E0,-5.E0,2.26432E0));
#4096=DIRECTION('',(0.E0,0.E0,-1.E0));
#4097=DIRECTION('',(0.E0,-1.E0,0.E0));
#4098=AXIS2_PLACEMENT_3D('',#4095,#4096,#4097);
#4099=CYLINDRICAL_SURFACE('',#4098,1.E0);
#4100=ORIENTED_EDGE('',*,*,#4059,.T.);
#4101=ORIENTED_EDGE('',*,*,#3627,.T.);
#4102=ORIENTED_EDGE('',*,*,#3725,.T.);
#4103=ORIENTED_EDGE('',*,*,#4007,.T.);
#4104=EDGE_LOOP('',(#4100,#4101,#4102,#4103));
#4105=FACE_OUTER_BOUND('',#4104,.F.);
#4106=ADVANCED_FACE('',(#4105),#4099,.T.);
#4107=FILL_AREA_STYLE_COLOUR('',#23);
#4108=FILL_AREA_STYLE('',(#4107));
#4109=SURFACE_STYLE_FILL_AREA(#4108);
#4110=SURFACE_SIDE_STYLE('',(#4109));
#4111=SURFACE_STYLE_USAGE(.POSITIVE.,#4110);
#4112=PRESENTATION_STYLE_ASSIGNMENT((#4111));
#4113=STYLED_ITEM('',(#4112),#4106);
#4114=CARTESIAN_POINT('',(3.35E0,-6.E0,0.E0));
#4115=DIRECTION('',(-1.E0,0.E0,0.E0));
#4116=DIRECTION('',(0.E0,1.E0,0.E0));
#4117=AXIS2_PLACEMENT_3D('',#4114,#4115,#4116);
#4118=PLANE('',#4117);
#4119=ORIENTED_EDGE('',*,*,#3183,.F.);
#4120=ORIENTED_EDGE('',*,*,#4064,.T.);
#4121=ORIENTED_EDGE('',*,*,#3608,.T.);
#4122=ORIENTED_EDGE('',*,*,#3491,.F.);
#4123=EDGE_LOOP('',(#4119,#4120,#4121,#4122));
#4124=FACE_OUTER_BOUND('',#4123,.F.);
#4125=ADVANCED_FACE('',(#4124),#4118,.T.);
#4126=FILL_AREA_STYLE_COLOUR('',#23);
#4127=FILL_AREA_STYLE('',(#4126));
#4128=SURFACE_STYLE_FILL_AREA(#4127);
#4129=SURFACE_SIDE_STYLE('',(#4128));
#4130=SURFACE_STYLE_USAGE(.POSITIVE.,#4129);
#4131=PRESENTATION_STYLE_ASSIGNMENT((#4130));
#4132=STYLED_ITEM('',(#4131),#4125);
#4133=CARTESIAN_POINT('',(5.85E0,4.7E0,0.E0));
#4134=DIRECTION('',(0.E0,-1.E0,0.E0));
#4135=DIRECTION('',(-1.E0,0.E0,0.E0));
#4136=AXIS2_PLACEMENT_3D('',#4133,#4134,#4135);
#4137=PLANE('',#4136);
#4138=ORIENTED_EDGE('',*,*,#3865,.T.);
#4139=ORIENTED_EDGE('',*,*,#3455,.F.);
#4140=ORIENTED_EDGE('',*,*,#4018,.F.);
#4141=ORIENTED_EDGE('',*,*,#3532,.T.);
#4142=ORIENTED_EDGE('',*,*,#3561,.T.);
#4144=ORIENTED_EDGE('',*,*,#4143,.F.);
#4145=ORIENTED_EDGE('',*,*,#3153,.T.);
#4147=ORIENTED_EDGE('',*,*,#4146,.T.);
#4148=EDGE_LOOP('',(#4138,#4139,#4140,#4141,#4142,#4144,#4145,#4147));
#4149=FACE_OUTER_BOUND('',#4148,.F.);
#4150=ADVANCED_FACE('',(#4149),#4137,.T.);
#4151=FILL_AREA_STYLE_COLOUR('',#23);
#4152=FILL_AREA_STYLE('',(#4151));
#4153=SURFACE_STYLE_FILL_AREA(#4152);
#4154=SURFACE_SIDE_STYLE('',(#4153));
#4155=SURFACE_STYLE_USAGE(.POSITIVE.,#4154);
#4156=PRESENTATION_STYLE_ASSIGNMENT((#4155));
#4157=STYLED_ITEM('',(#4156),#4150);
#4158=CARTESIAN_POINT('',(3.35E0,4.7E0,0.E0));
#4159=DIRECTION('',(-1.E0,0.E0,0.E0));
#4160=DIRECTION('',(0.E0,1.E0,0.E0));
#4161=AXIS2_PLACEMENT_3D('',#4158,#4159,#4160);
#4162=PLANE('',#4161);
#4163=ORIENTED_EDGE('',*,*,#3155,.T.);
#4164=ORIENTED_EDGE('',*,*,#4143,.T.);
#4165=ORIENTED_EDGE('',*,*,#3559,.T.);
#4166=ORIENTED_EDGE('',*,*,#3679,.F.);
#4167=EDGE_LOOP('',(#4163,#4164,#4165,#4166));
#4168=FACE_OUTER_BOUND('',#4167,.F.);
#4169=ADVANCED_FACE('',(#4168),#4162,.T.);
#4170=FILL_AREA_STYLE_COLOUR('',#23);
#4171=FILL_AREA_STYLE('',(#4170));
#4172=SURFACE_STYLE_FILL_AREA(#4171);
#4173=SURFACE_SIDE_STYLE('',(#4172));
#4174=SURFACE_STYLE_USAGE(.POSITIVE.,#4173);
#4175=PRESENTATION_STYLE_ASSIGNMENT((#4174));
#4176=STYLED_ITEM('',(#4175),#4169);
#4177=CARTESIAN_POINT('',(2.85E0,4.E0,0.E0));
#4178=DIRECTION('',(-1.E0,0.E0,0.E0));
#4179=DIRECTION('',(0.E0,1.E0,0.E0));
#4180=AXIS2_PLACEMENT_3D('',#4177,#4178,#4179);
#4181=PLANE('',#4180);
#4182=ORIENTED_EDGE('',*,*,#3151,.F.);
#4184=ORIENTED_EDGE('',*,*,#4183,.T.);
#4185=ORIENTED_EDGE('',*,*,#3867,.T.);
#4186=ORIENTED_EDGE('',*,*,#4146,.F.);
#4187=EDGE_LOOP('',(#4182,#4184,#4185,#4186));
#4188=FACE_OUTER_BOUND('',#4187,.F.);
#4189=ADVANCED_FACE('',(#4188),#4181,.F.);
#4190=FILL_AREA_STYLE_COLOUR('',#23);
#4191=FILL_AREA_STYLE('',(#4190));
#4192=SURFACE_STYLE_FILL_AREA(#4191);
#4193=SURFACE_SIDE_STYLE('',(#4192));
#4194=SURFACE_STYLE_USAGE(.POSITIVE.,#4193);
#4195=PRESENTATION_STYLE_ASSIGNMENT((#4194));
#4196=STYLED_ITEM('',(#4195),#4189);
#4197=CARTESIAN_POINT('',(4.25E0,2.7E0,0.E0));
#4198=DIRECTION('',(-6.804510993673E-1,-7.327934916263E-1,0.E0));
#4199=DIRECTION('',(-7.327934916263E-1,6.804510993673E-1,0.E0));
#4200=AXIS2_PLACEMENT_3D('',#4197,#4198,#4199);
#4201=PLANE('',#4200);
#4202=ORIENTED_EDGE('',*,*,#3149,.F.);
#4204=ORIENTED_EDGE('',*,*,#4203,.T.);
#4205=ORIENTED_EDGE('',*,*,#3869,.T.);
#4206=ORIENTED_EDGE('',*,*,#4183,.F.);
#4207=EDGE_LOOP('',(#4202,#4204,#4205,#4206));
#4208=FACE_OUTER_BOUND('',#4207,.F.);
#4209=ADVANCED_FACE('',(#4208),#4201,.F.);
#4210=FILL_AREA_STYLE_COLOUR('',#23);
#4211=FILL_AREA_STYLE('',(#4210));
#4212=SURFACE_STYLE_FILL_AREA(#4211);
#4213=SURFACE_SIDE_STYLE('',(#4212));
#4214=SURFACE_STYLE_USAGE(.POSITIVE.,#4213);
#4215=PRESENTATION_STYLE_ASSIGNMENT((#4214));
#4216=STYLED_ITEM('',(#4215),#4209);
#4217=CARTESIAN_POINT('',(5.85E0,2.7E0,0.E0));
#4218=DIRECTION('',(0.E0,-1.E0,0.E0));
#4219=DIRECTION('',(-1.E0,0.E0,0.E0));
#4220=AXIS2_PLACEMENT_3D('',#4217,#4218,#4219);
#4221=PLANE('',#4220);
#4222=ORIENTED_EDGE('',*,*,#3459,.F.);
#4223=ORIENTED_EDGE('',*,*,#3871,.T.);
#4224=ORIENTED_EDGE('',*,*,#4203,.F.);
#4225=ORIENTED_EDGE('',*,*,#3147,.F.);
#4226=EDGE_LOOP('',(#4222,#4223,#4224,#4225));
#4227=FACE_OUTER_BOUND('',#4226,.F.);
#4228=ADVANCED_FACE('',(#4227),#4221,.F.);
#4229=FILL_AREA_STYLE_COLOUR('',#23);
#4230=FILL_AREA_STYLE('',(#4229));
#4231=SURFACE_STYLE_FILL_AREA(#4230);
#4232=SURFACE_SIDE_STYLE('',(#4231));
#4233=SURFACE_STYLE_USAGE(.POSITIVE.,#4232);
#4234=PRESENTATION_STYLE_ASSIGNMENT((#4233));
#4235=STYLED_ITEM('',(#4234),#4228);
#4236=CARTESIAN_POINT('',(-3.35E0,6.E0,0.E0));
#4237=DIRECTION('',(1.E0,0.E0,0.E0));
#4238=DIRECTION('',(0.E0,-1.E0,0.E0));
#4239=AXIS2_PLACEMENT_3D('',#4236,#4237,#4238);
#4240=PLANE('',#4239);
#4241=ORIENTED_EDGE('',*,*,#3159,.F.);
#4242=ORIENTED_EDGE('',*,*,#3676,.T.);
#4243=ORIENTED_EDGE('',*,*,#3585,.T.);
#4244=ORIENTED_EDGE('',*,*,#3982,.F.);
#4245=EDGE_LOOP('',(#4241,#4242,#4243,#4244));
#4246=FACE_OUTER_BOUND('',#4245,.F.);
#4247=ADVANCED_FACE('',(#4246),#4240,.T.);
#4248=FILL_AREA_STYLE_COLOUR('',#23);
#4249=FILL_AREA_STYLE('',(#4248));
#4250=SURFACE_STYLE_FILL_AREA(#4249);
#4251=SURFACE_SIDE_STYLE('',(#4250));
#4252=SURFACE_STYLE_USAGE(.POSITIVE.,#4251);
#4253=PRESENTATION_STYLE_ASSIGNMENT((#4252));
#4254=STYLED_ITEM('',(#4253),#4247);
#4255=CARTESIAN_POINT('',(-5.85E0,-2.7E0,0.E0));
#4256=DIRECTION('',(0.E0,1.E0,0.E0));
#4257=DIRECTION('',(1.E0,0.E0,0.E0));
#4258=AXIS2_PLACEMENT_3D('',#4255,#4256,#4257);
#4259=PLANE('',#4258);
#4260=ORIENTED_EDGE('',*,*,#3898,.F.);
#4261=ORIENTED_EDGE('',*,*,#3799,.T.);
#4263=ORIENTED_EDGE('',*,*,#4262,.F.);
#4264=ORIENTED_EDGE('',*,*,#3171,.F.);
#4265=EDGE_LOOP('',(#4260,#4261,#4263,#4264));
#4266=FACE_OUTER_BOUND('',#4265,.F.);
#4267=ADVANCED_FACE('',(#4266),#4259,.F.);
#4268=FILL_AREA_STYLE_COLOUR('',#23);
#4269=FILL_AREA_STYLE('',(#4268));
#4270=SURFACE_STYLE_FILL_AREA(#4269);
#4271=SURFACE_SIDE_STYLE('',(#4270));
#4272=SURFACE_STYLE_USAGE(.POSITIVE.,#4271);
#4273=PRESENTATION_STYLE_ASSIGNMENT((#4272));
#4274=STYLED_ITEM('',(#4273),#4267);
#4275=CARTESIAN_POINT('',(-4.25E0,-2.7E0,0.E0));
#4276=DIRECTION('',(6.804510993673E-1,7.327934916263E-1,0.E0));
#4277=DIRECTION('',(7.327934916263E-1,-6.804510993673E-1,0.E0));
#4278=AXIS2_PLACEMENT_3D('',#4275,#4276,#4277);
#4279=PLANE('',#4278);
#4280=ORIENTED_EDGE('',*,*,#3173,.F.);
#4281=ORIENTED_EDGE('',*,*,#4262,.T.);
#4282=ORIENTED_EDGE('',*,*,#3797,.T.);
#4284=ORIENTED_EDGE('',*,*,#4283,.F.);
#4285=EDGE_LOOP('',(#4280,#4281,#4282,#4284));
#4286=FACE_OUTER_BOUND('',#4285,.F.);
#4287=ADVANCED_FACE('',(#4286),#4279,.F.);
#4288=FILL_AREA_STYLE_COLOUR('',#23);
#4289=FILL_AREA_STYLE('',(#4288));
#4290=SURFACE_STYLE_FILL_AREA(#4289);
#4291=SURFACE_SIDE_STYLE('',(#4290));
#4292=SURFACE_STYLE_USAGE(.POSITIVE.,#4291);
#4293=PRESENTATION_STYLE_ASSIGNMENT((#4292));
#4294=STYLED_ITEM('',(#4293),#4287);
#4295=CARTESIAN_POINT('',(-2.85E0,-4.E0,0.E0));
#4296=DIRECTION('',(1.E0,0.E0,0.E0));
#4297=DIRECTION('',(0.E0,-1.E0,0.E0));
#4298=AXIS2_PLACEMENT_3D('',#4295,#4296,#4297);
#4299=PLANE('',#4298);
#4300=ORIENTED_EDGE('',*,*,#3175,.F.);
#4301=ORIENTED_EDGE('',*,*,#4283,.T.);
#4302=ORIENTED_EDGE('',*,*,#3795,.T.);
#4303=ORIENTED_EDGE('',*,*,#3775,.F.);
#4304=EDGE_LOOP('',(#4300,#4301,#4302,#4303));
#4305=FACE_OUTER_BOUND('',#4304,.F.);
#4306=ADVANCED_FACE('',(#4305),#4299,.F.);
#4307=FILL_AREA_STYLE_COLOUR('',#23);
#4308=FILL_AREA_STYLE('',(#4307));
#4309=SURFACE_STYLE_FILL_AREA(#4308);
#4310=SURFACE_SIDE_STYLE('',(#4309));
#4311=SURFACE_STYLE_USAGE(.POSITIVE.,#4310);
#4312=PRESENTATION_STYLE_ASSIGNMENT((#4311));
#4313=STYLED_ITEM('',(#4312),#4306);
#4314=CARTESIAN_POINT('',(4.25E0,-2.7E0,0.E0));
#4315=DIRECTION('',(0.E0,1.E0,0.E0));
#4316=DIRECTION('',(1.E0,0.E0,0.E0));
#4317=AXIS2_PLACEMENT_3D('',#4314,#4315,#4316);
#4318=PLANE('',#4317);
#4319=ORIENTED_EDGE('',*,*,#3462,.T.);
#4320=ORIENTED_EDGE('',*,*,#3191,.T.);
#4322=ORIENTED_EDGE('',*,*,#4321,.T.);
#4323=ORIENTED_EDGE('',*,*,#3842,.T.);
#4324=EDGE_LOOP('',(#4319,#4320,#4322,#4323));
#4325=FACE_OUTER_BOUND('',#4324,.F.);
#4326=ADVANCED_FACE('',(#4325),#4318,.F.);
#4327=FILL_AREA_STYLE_COLOUR('',#23);
#4328=FILL_AREA_STYLE('',(#4327));
#4329=SURFACE_STYLE_FILL_AREA(#4328);
#4330=SURFACE_SIDE_STYLE('',(#4329));
#4331=SURFACE_STYLE_USAGE(.POSITIVE.,#4330);
#4332=PRESENTATION_STYLE_ASSIGNMENT((#4331));
#4333=STYLED_ITEM('',(#4332),#4326);
#4334=CARTESIAN_POINT('',(2.85E0,-4.E0,0.E0));
#4335=DIRECTION('',(-6.804510993673E-1,7.327934916263E-1,0.E0));
#4336=DIRECTION('',(7.327934916263E-1,6.804510993673E-1,0.E0));
#4337=AXIS2_PLACEMENT_3D('',#4334,#4335,#4336);
#4338=PLANE('',#4337);
#4339=ORIENTED_EDGE('',*,*,#3189,.F.);
#4341=ORIENTED_EDGE('',*,*,#4340,.T.);
#4342=ORIENTED_EDGE('',*,*,#3844,.T.);
#4343=ORIENTED_EDGE('',*,*,#4321,.F.);
#4344=EDGE_LOOP('',(#4339,#4341,#4342,#4343));
#4345=FACE_OUTER_BOUND('',#4344,.F.);
#4346=ADVANCED_FACE('',(#4345),#4338,.F.);
#4347=FILL_AREA_STYLE_COLOUR('',#23);
#4348=FILL_AREA_STYLE('',(#4347));
#4349=SURFACE_STYLE_FILL_AREA(#4348);
#4350=SURFACE_SIDE_STYLE('',(#4349));
#4351=SURFACE_STYLE_USAGE(.POSITIVE.,#4350);
#4352=PRESENTATION_STYLE_ASSIGNMENT((#4351));
#4353=STYLED_ITEM('',(#4352),#4346);
#4354=CARTESIAN_POINT('',(2.85E0,-4.7E0,0.E0));
#4355=DIRECTION('',(-1.E0,0.E0,0.E0));
#4356=DIRECTION('',(0.E0,1.E0,0.E0));
#4357=AXIS2_PLACEMENT_3D('',#4354,#4355,#4356);
#4358=PLANE('',#4357);
#4359=ORIENTED_EDGE('',*,*,#3187,.F.);
#4360=ORIENTED_EDGE('',*,*,#3488,.T.);
#4361=ORIENTED_EDGE('',*,*,#3846,.T.);
#4362=ORIENTED_EDGE('',*,*,#4340,.F.);
#4363=EDGE_LOOP('',(#4359,#4360,#4361,#4362));
#4364=FACE_OUTER_BOUND('',#4363,.F.);
#4365=ADVANCED_FACE('',(#4364),#4358,.F.);
#4366=FILL_AREA_STYLE_COLOUR('',#23);
#4367=FILL_AREA_STYLE('',(#4366));
#4368=SURFACE_STYLE_FILL_AREA(#4367);
#4369=SURFACE_SIDE_STYLE('',(#4368));
#4370=SURFACE_STYLE_USAGE(.POSITIVE.,#4369);
#4371=PRESENTATION_STYLE_ASSIGNMENT((#4370));
#4372=STYLED_ITEM('',(#4371),#4365);
#4373=CARTESIAN_POINT('',(0.E0,0.E0,-1.897500000245E0));
#4374=DIRECTION('',(0.E0,0.E0,1.E0));
#4375=DIRECTION('',(0.E0,-1.E0,0.E0));
#4376=AXIS2_PLACEMENT_3D('',#4373,#4374,#4375);
#4377=CONICAL_SURFACE('',#4376,8.974999997552E-1,4.5E1);
#4378=ORIENTED_EDGE('',*,*,#3006,.T.);
#4379=ORIENTED_EDGE('',*,*,#2989,.T.);
#4381=ORIENTED_EDGE('',*,*,#4380,.F.);
#4382=ORIENTED_EDGE('',*,*,#2986,.F.);
#4383=EDGE_LOOP('',(#4378,#4379,#4381,#4382));
#4384=FACE_OUTER_BOUND('',#4383,.F.);
#4385=ADVANCED_FACE('',(#4384),#4377,.T.);
#4386=FILL_AREA_STYLE_COLOUR('',#23);
#4387=FILL_AREA_STYLE('',(#4386));
#4388=SURFACE_STYLE_FILL_AREA(#4387);
#4389=SURFACE_SIDE_STYLE('',(#4388));
#4390=SURFACE_STYLE_USAGE(.POSITIVE.,#4389);
#4391=PRESENTATION_STYLE_ASSIGNMENT((#4390));
#4392=STYLED_ITEM('',(#4391),#4385);
#4393=CARTESIAN_POINT('',(0.E0,0.E0,0.E0));
#4394=DIRECTION('',(0.E0,0.E0,-1.E0));
#4395=DIRECTION('',(-1.E0,0.E0,0.E0));
#4396=AXIS2_PLACEMENT_3D('',#4393,#4394,#4395);
#4397=CYLINDRICAL_SURFACE('',#4396,1.E0);
#4398=ORIENTED_EDGE('',*,*,#4380,.T.);
#4399=ORIENTED_EDGE('',*,*,#2967,.F.);
#4400=ORIENTED_EDGE('',*,*,#2926,.F.);
#4401=ORIENTED_EDGE('',*,*,#2964,.T.);
#4402=EDGE_LOOP('',(#4398,#4399,#4400,#4401));
#4403=FACE_OUTER_BOUND('',#4402,.F.);
#4404=ADVANCED_FACE('',(#4403),#4397,.T.);
#4405=FILL_AREA_STYLE_COLOUR('',#23);
#4406=FILL_AREA_STYLE('',(#4405));
#4407=SURFACE_STYLE_FILL_AREA(#4406);
#4408=SURFACE_SIDE_STYLE('',(#4407));
#4409=SURFACE_STYLE_USAGE(.POSITIVE.,#4408);
#4410=PRESENTATION_STYLE_ASSIGNMENT((#4409));
#4411=STYLED_ITEM('',(#4410),#4404);
#4412=CARTESIAN_POINT('',(1.7853E0,3.0639E0,-4.E-1));
#4413=DIRECTION('',(1.E0,0.E0,0.E0));
#4414=DIRECTION('',(0.E0,-1.E0,0.E0));
#4415=AXIS2_PLACEMENT_3D('',#4412,#4413,#4414);
#4416=PLANE('',#4415);
#4417=ORIENTED_EDGE('',*,*,#2617,.F.);
#4419=ORIENTED_EDGE('',*,*,#4418,.T.);
#4421=ORIENTED_EDGE('',*,*,#4420,.T.);
#4423=ORIENTED_EDGE('',*,*,#4422,.F.);
#4424=EDGE_LOOP('',(#4417,#4419,#4421,#4423));
#4425=FACE_OUTER_BOUND('',#4424,.F.);
#4426=ADVANCED_FACE('',(#4425),#4416,.T.);
#4427=FILL_AREA_STYLE_COLOUR('',#28);
#4428=FILL_AREA_STYLE('',(#4427));
#4429=SURFACE_STYLE_FILL_AREA(#4428);
#4430=SURFACE_SIDE_STYLE('',(#4429));
#4431=SURFACE_STYLE_USAGE(.POSITIVE.,#4430);
#4432=PRESENTATION_STYLE_ASSIGNMENT((#4431));
#4433=STYLED_ITEM('',(#4432),#4426);
#4434=CARTESIAN_POINT('',(1.6870625E0,3.0639E0,-4.E-1));
#4435=DIRECTION('',(0.E0,1.E0,0.E0));
#4436=DIRECTION('',(1.E0,0.E0,0.E0));
#4437=AXIS2_PLACEMENT_3D('',#4434,#4435,#4436);
#4438=PLANE('',#4437);
#4439=ORIENTED_EDGE('',*,*,#2627,.F.);
#4441=ORIENTED_EDGE('',*,*,#4440,.T.);
#4443=ORIENTED_EDGE('',*,*,#4442,.T.);
#4444=ORIENTED_EDGE('',*,*,#4418,.F.);
#4445=EDGE_LOOP('',(#4439,#4441,#4443,#4444));
#4446=FACE_OUTER_BOUND('',#4445,.F.);
#4447=ADVANCED_FACE('',(#4446),#4438,.T.);
#4448=FILL_AREA_STYLE_COLOUR('',#28);
#4449=FILL_AREA_STYLE('',(#4448));
#4450=SURFACE_STYLE_FILL_AREA(#4449);
#4451=SURFACE_SIDE_STYLE('',(#4450));
#4452=SURFACE_STYLE_USAGE(.POSITIVE.,#4451);
#4453=PRESENTATION_STYLE_ASSIGNMENT((#4452));
#4454=STYLED_ITEM('',(#4453),#4447);
#4455=CARTESIAN_POINT('',(1.6870625E0,2.378327659325E0,-4.E-1));
#4456=DIRECTION('',(-1.E0,0.E0,0.E0));
#4457=DIRECTION('',(0.E0,1.E0,0.E0));
#4458=AXIS2_PLACEMENT_3D('',#4455,#4456,#4457);
#4459=PLANE('',#4458);
#4460=ORIENTED_EDGE('',*,*,#2625,.F.);
#4462=ORIENTED_EDGE('',*,*,#4461,.T.);
#4464=ORIENTED_EDGE('',*,*,#4463,.T.);
#4465=ORIENTED_EDGE('',*,*,#4440,.F.);
#4466=EDGE_LOOP('',(#4460,#4462,#4464,#4465));
#4467=FACE_OUTER_BOUND('',#4466,.F.);
#4468=ADVANCED_FACE('',(#4467),#4459,.T.);
#4469=FILL_AREA_STYLE_COLOUR('',#28);
#4470=FILL_AREA_STYLE('',(#4469));
#4471=SURFACE_STYLE_FILL_AREA(#4470);
#4472=SURFACE_SIDE_STYLE('',(#4471));
#4473=SURFACE_STYLE_USAGE(.POSITIVE.,#4472);
#4474=PRESENTATION_STYLE_ASSIGNMENT((#4473));
#4475=STYLED_ITEM('',(#4474),#4468);
#4476=CARTESIAN_POINT('',(1.195875E0,2.378327659325E0,-4.E-1));
#4477=DIRECTION('',(0.E0,1.E0,0.E0));
#4478=DIRECTION('',(1.E0,0.E0,0.E0));
#4479=AXIS2_PLACEMENT_3D('',#4476,#4477,#4478);
#4480=PLANE('',#4479);
#4481=ORIENTED_EDGE('',*,*,#2623,.F.);
#4483=ORIENTED_EDGE('',*,*,#4482,.T.);
#4485=ORIENTED_EDGE('',*,*,#4484,.T.);
#4486=ORIENTED_EDGE('',*,*,#4461,.F.);
#4487=EDGE_LOOP('',(#4481,#4483,#4485,#4486));
#4488=FACE_OUTER_BOUND('',#4487,.F.);
#4489=ADVANCED_FACE('',(#4488),#4480,.T.);
#4490=FILL_AREA_STYLE_COLOUR('',#28);
#4491=FILL_AREA_STYLE('',(#4490));
#4492=SURFACE_STYLE_FILL_AREA(#4491);
#4493=SURFACE_SIDE_STYLE('',(#4492));
#4494=SURFACE_STYLE_USAGE(.POSITIVE.,#4493);
#4495=PRESENTATION_STYLE_ASSIGNMENT((#4494));
#4496=STYLED_ITEM('',(#4495),#4489);
#4497=CARTESIAN_POINT('',(1.195875E0,2.278E0,-4.E-1));
#4498=DIRECTION('',(-1.E0,0.E0,0.E0));
#4499=DIRECTION('',(0.E0,1.E0,0.E0));
#4500=AXIS2_PLACEMENT_3D('',#4497,#4498,#4499);
#4501=PLANE('',#4500);
#4502=ORIENTED_EDGE('',*,*,#2621,.F.);
#4504=ORIENTED_EDGE('',*,*,#4503,.T.);
#4506=ORIENTED_EDGE('',*,*,#4505,.T.);
#4507=ORIENTED_EDGE('',*,*,#4482,.F.);
#4508=EDGE_LOOP('',(#4502,#4504,#4506,#4507));
#4509=FACE_OUTER_BOUND('',#4508,.F.);
#4510=ADVANCED_FACE('',(#4509),#4501,.T.);
#4511=FILL_AREA_STYLE_COLOUR('',#28);
#4512=FILL_AREA_STYLE('',(#4511));
#4513=SURFACE_STYLE_FILL_AREA(#4512);
#4514=SURFACE_SIDE_STYLE('',(#4513));
#4515=SURFACE_STYLE_USAGE(.POSITIVE.,#4514);
#4516=PRESENTATION_STYLE_ASSIGNMENT((#4515));
#4517=STYLED_ITEM('',(#4516),#4510);
#4518=CARTESIAN_POINT('',(1.7853E0,2.278E0,-4.E-1));
#4519=DIRECTION('',(0.E0,-1.E0,0.E0));
#4520=DIRECTION('',(-1.E0,0.E0,0.E0));
#4521=AXIS2_PLACEMENT_3D('',#4518,#4519,#4520);
#4522=PLANE('',#4521);
#4523=ORIENTED_EDGE('',*,*,#2619,.F.);
#4524=ORIENTED_EDGE('',*,*,#4422,.T.);
#4526=ORIENTED_EDGE('',*,*,#4525,.T.);
#4527=ORIENTED_EDGE('',*,*,#4503,.F.);
#4528=EDGE_LOOP('',(#4523,#4524,#4526,#4527));
#4529=FACE_OUTER_BOUND('',#4528,.F.);
#4530=ADVANCED_FACE('',(#4529),#4522,.T.);
#4531=FILL_AREA_STYLE_COLOUR('',#28);
#4532=FILL_AREA_STYLE('',(#4531));
#4533=SURFACE_STYLE_FILL_AREA(#4532);
#4534=SURFACE_SIDE_STYLE('',(#4533));
#4535=SURFACE_STYLE_USAGE(.POSITIVE.,#4534);
#4536=PRESENTATION_STYLE_ASSIGNMENT((#4535));
#4537=STYLED_ITEM('',(#4536),#4530);
#4538=CARTESIAN_POINT('',(0.E0,0.E0,-5.E-1));
#4539=DIRECTION('',(0.E0,0.E0,-1.E0));
#4540=DIRECTION('',(-1.E0,0.E0,0.E0));
#4541=AXIS2_PLACEMENT_3D('',#4538,#4539,#4540);
#4542=PLANE('',#4541);
#4543=ORIENTED_EDGE('',*,*,#4420,.F.);
#4544=ORIENTED_EDGE('',*,*,#4442,.F.);
#4545=ORIENTED_EDGE('',*,*,#4463,.F.);
#4546=ORIENTED_EDGE('',*,*,#4484,.F.);
#4547=ORIENTED_EDGE('',*,*,#4505,.F.);
#4548=ORIENTED_EDGE('',*,*,#4525,.F.);
#4549=EDGE_LOOP('',(#4543,#4544,#4545,#4546,#4547,#4548));
#4550=FACE_OUTER_BOUND('',#4549,.F.);
#4551=ADVANCED_FACE('',(#4550),#4542,.T.);
#4552=FILL_AREA_STYLE_COLOUR('',#28);
#4553=FILL_AREA_STYLE('',(#4552));
#4554=SURFACE_STYLE_FILL_AREA(#4553);
#4555=SURFACE_SIDE_STYLE('',(#4554));
#4556=SURFACE_STYLE_USAGE(.POSITIVE.,#4555);
#4557=PRESENTATION_STYLE_ASSIGNMENT((#4556));
#4558=STYLED_ITEM('',(#4557),#4551);
#4559=CARTESIAN_POINT('',(0.E0,0.E0,-5.E-1));
#4560=DIRECTION('',(0.E0,0.E0,-1.E0));
#4561=DIRECTION('',(-1.E0,0.E0,0.E0));
#4562=AXIS2_PLACEMENT_3D('',#4559,#4560,#4561);
#4563=PLANE('',#4562);
#4565=ORIENTED_EDGE('',*,*,#4564,.F.);
#4567=ORIENTED_EDGE('',*,*,#4566,.F.);
#4569=ORIENTED_EDGE('',*,*,#4568,.F.);
#4571=ORIENTED_EDGE('',*,*,#4570,.F.);
#4573=ORIENTED_EDGE('',*,*,#4572,.F.);
#4575=ORIENTED_EDGE('',*,*,#4574,.F.);
#4577=ORIENTED_EDGE('',*,*,#4576,.F.);
#4578=ORIENTED_EDGE('',*,*,#2578,.F.);
#4580=ORIENTED_EDGE('',*,*,#4579,.F.);
#4582=ORIENTED_EDGE('',*,*,#4581,.F.);
#4584=ORIENTED_EDGE('',*,*,#4583,.F.);
#4586=ORIENTED_EDGE('',*,*,#4585,.F.);
#4588=ORIENTED_EDGE('',*,*,#4587,.F.);
#4590=ORIENTED_EDGE('',*,*,#4589,.F.);
#4592=ORIENTED_EDGE('',*,*,#4591,.F.);
#4594=ORIENTED_EDGE('',*,*,#4593,.F.);
#4596=ORIENTED_EDGE('',*,*,#4595,.F.);
#4598=ORIENTED_EDGE('',*,*,#4597,.F.);
#4600=ORIENTED_EDGE('',*,*,#4599,.F.);
#4602=ORIENTED_EDGE('',*,*,#4601,.F.);
#4604=ORIENTED_EDGE('',*,*,#4603,.F.);
#4606=ORIENTED_EDGE('',*,*,#4605,.F.);
#4608=ORIENTED_EDGE('',*,*,#4607,.F.);
#4610=ORIENTED_EDGE('',*,*,#4609,.F.);
#4612=ORIENTED_EDGE('',*,*,#4611,.F.);
#4614=ORIENTED_EDGE('',*,*,#4613,.F.);
#4616=ORIENTED_EDGE('',*,*,#4615,.F.);
#4618=ORIENTED_EDGE('',*,*,#4617,.F.);
#4620=ORIENTED_EDGE('',*,*,#4619,.F.);
#4622=ORIENTED_EDGE('',*,*,#4621,.F.);
#4624=ORIENTED_EDGE('',*,*,#4623,.F.);
#4626=ORIENTED_EDGE('',*,*,#4625,.F.);
#4628=ORIENTED_EDGE('',*,*,#4627,.F.);
#4630=ORIENTED_EDGE('',*,*,#4629,.F.);
#4632=ORIENTED_EDGE('',*,*,#4631,.F.);
#4634=ORIENTED_EDGE('',*,*,#4633,.F.);
#4636=ORIENTED_EDGE('',*,*,#4635,.F.);
#4638=ORIENTED_EDGE('',*,*,#4637,.F.);
#4640=ORIENTED_EDGE('',*,*,#4639,.F.);
#4642=ORIENTED_EDGE('',*,*,#4641,.F.);
#4643=EDGE_LOOP('',(#4565,#4567,#4569,#4571,#4573,#4575,#4577,#4578,#4580,#4582,
#4584,#4586,#4588,#4590,#4592,#4594,#4596,#4598,#4600,#4602,#4604,#4606,#4608,
#4610,#4612,#4614,#4616,#4618,#4620,#4622,#4624,#4626,#4628,#4630,#4632,#4634,
#4636,#4638,#4640,#4642));
#4644=FACE_OUTER_BOUND('',#4643,.F.);
#4645=ADVANCED_FACE('',(#4644),#4563,.T.);
#4646=FILL_AREA_STYLE_COLOUR('',#28);
#4647=FILL_AREA_STYLE('',(#4646));
#4648=SURFACE_STYLE_FILL_AREA(#4647);
#4649=SURFACE_SIDE_STYLE('',(#4648));
#4650=SURFACE_STYLE_USAGE(.POSITIVE.,#4649);
#4651=PRESENTATION_STYLE_ASSIGNMENT((#4650));
#4652=STYLED_ITEM('',(#4651),#4645);
#4653=CARTESIAN_POINT('',(0.E0,0.E0,-5.E-1));
#4654=DIRECTION('',(0.E0,0.E0,-1.E0));
#4655=DIRECTION('',(-1.E0,0.E0,0.E0));
#4656=AXIS2_PLACEMENT_3D('',#4653,#4654,#4655);
#4657=PLANE('',#4656);
#4659=ORIENTED_EDGE('',*,*,#4658,.F.);
#4661=ORIENTED_EDGE('',*,*,#4660,.F.);
#4663=ORIENTED_EDGE('',*,*,#4662,.F.);
#4665=ORIENTED_EDGE('',*,*,#4664,.F.);
#4667=ORIENTED_EDGE('',*,*,#4666,.F.);
#4669=ORIENTED_EDGE('',*,*,#4668,.F.);
#4671=ORIENTED_EDGE('',*,*,#4670,.F.);
#4673=ORIENTED_EDGE('',*,*,#4672,.F.);
#4675=ORIENTED_EDGE('',*,*,#4674,.F.);
#4677=ORIENTED_EDGE('',*,*,#4676,.F.);
#4679=ORIENTED_EDGE('',*,*,#4678,.F.);
#4681=ORIENTED_EDGE('',*,*,#4680,.F.);
#4682=EDGE_LOOP('',(#4659,#4661,#4663,#4665,#4667,#4669,#4671,#4673,#4675,#4677,
#4679,#4681));
#4683=FACE_OUTER_BOUND('',#4682,.F.);
#4684=ADVANCED_FACE('',(#4683),#4657,.T.);
#4685=FILL_AREA_STYLE_COLOUR('',#28);
#4686=FILL_AREA_STYLE('',(#4685));
#4687=SURFACE_STYLE_FILL_AREA(#4686);
#4688=SURFACE_SIDE_STYLE('',(#4687));
#4689=SURFACE_STYLE_USAGE(.POSITIVE.,#4688);
#4690=PRESENTATION_STYLE_ASSIGNMENT((#4689));
#4691=STYLED_ITEM('',(#4690),#4684);
#4692=CARTESIAN_POINT('',(0.E0,0.E0,-5.E-1));
#4693=DIRECTION('',(0.E0,0.E0,-1.E0));
#4694=DIRECTION('',(-1.E0,0.E0,0.E0));
#4695=AXIS2_PLACEMENT_3D('',#4692,#4693,#4694);
#4696=PLANE('',#4695);
#4698=ORIENTED_EDGE('',*,*,#4697,.F.);
#4700=ORIENTED_EDGE('',*,*,#4699,.F.);
#4702=ORIENTED_EDGE('',*,*,#4701,.F.);
#4704=ORIENTED_EDGE('',*,*,#4703,.F.);
#4706=ORIENTED_EDGE('',*,*,#4705,.F.);
#4708=ORIENTED_EDGE('',*,*,#4707,.F.);
#4710=ORIENTED_EDGE('',*,*,#4709,.F.);
#4712=ORIENTED_EDGE('',*,*,#4711,.F.);
#4714=ORIENTED_EDGE('',*,*,#4713,.F.);
#4716=ORIENTED_EDGE('',*,*,#4715,.F.);
#4718=ORIENTED_EDGE('',*,*,#4717,.F.);
#4720=ORIENTED_EDGE('',*,*,#4719,.F.);
#4722=ORIENTED_EDGE('',*,*,#4721,.F.);
#4724=ORIENTED_EDGE('',*,*,#4723,.F.);
#4725=EDGE_LOOP('',(#4698,#4700,#4702,#4704,#4706,#4708,#4710,#4712,#4714,#4716,
#4718,#4720,#4722,#4724));
#4726=FACE_OUTER_BOUND('',#4725,.F.);
#4728=ORIENTED_EDGE('',*,*,#4727,.F.);
#4730=ORIENTED_EDGE('',*,*,#4729,.F.);
#4732=ORIENTED_EDGE('',*,*,#4731,.F.);
#4734=ORIENTED_EDGE('',*,*,#4733,.F.);
#4736=ORIENTED_EDGE('',*,*,#4735,.F.);
#4738=ORIENTED_EDGE('',*,*,#4737,.F.);
#4740=ORIENTED_EDGE('',*,*,#4739,.F.);
#4742=ORIENTED_EDGE('',*,*,#4741,.F.);
#4744=ORIENTED_EDGE('',*,*,#4743,.F.);
#4746=ORIENTED_EDGE('',*,*,#4745,.F.);
#4748=ORIENTED_EDGE('',*,*,#4747,.F.);
#4750=ORIENTED_EDGE('',*,*,#4749,.F.);
#4751=EDGE_LOOP('',(#4728,#4730,#4732,#4734,#4736,#4738,#4740,#4742,#4744,#4746,
#4748,#4750));
#4752=FACE_BOUND('',#4751,.F.);
#4753=ADVANCED_FACE('',(#4726,#4752),#4696,.T.);
#4754=FILL_AREA_STYLE_COLOUR('',#28);
#4755=FILL_AREA_STYLE('',(#4754));
#4756=SURFACE_STYLE_FILL_AREA(#4755);
#4757=SURFACE_SIDE_STYLE('',(#4756));
#4758=SURFACE_STYLE_USAGE(.POSITIVE.,#4757);
#4759=PRESENTATION_STYLE_ASSIGNMENT((#4758));
#4760=STYLED_ITEM('',(#4759),#4753);
#4761=CARTESIAN_POINT('',(0.E0,0.E0,-5.E-1));
#4762=DIRECTION('',(0.E0,0.E0,-1.E0));
#4763=DIRECTION('',(-1.E0,0.E0,0.E0));
#4764=AXIS2_PLACEMENT_3D('',#4761,#4762,#4763);
#4765=PLANE('',#4764);
#4767=ORIENTED_EDGE('',*,*,#4766,.F.);
#4769=ORIENTED_EDGE('',*,*,#4768,.F.);
#4771=ORIENTED_EDGE('',*,*,#4770,.F.);
#4773=ORIENTED_EDGE('',*,*,#4772,.F.);
#4775=ORIENTED_EDGE('',*,*,#4774,.F.);
#4777=ORIENTED_EDGE('',*,*,#4776,.F.);
#4779=ORIENTED_EDGE('',*,*,#4778,.F.);
#4781=ORIENTED_EDGE('',*,*,#4780,.F.);
#4782=EDGE_LOOP('',(#4767,#4769,#4771,#4773,#4775,#4777,#4779,#4781));
#4783=FACE_OUTER_BOUND('',#4782,.F.);
#4785=ORIENTED_EDGE('',*,*,#4784,.F.);
#4787=ORIENTED_EDGE('',*,*,#4786,.F.);
#4789=ORIENTED_EDGE('',*,*,#4788,.F.);
#4790=EDGE_LOOP('',(#4785,#4787,#4789));
#4791=FACE_BOUND('',#4790,.F.);
#4792=ADVANCED_FACE('',(#4783,#4791),#4765,.T.);
#4793=FILL_AREA_STYLE_COLOUR('',#28);
#4794=FILL_AREA_STYLE('',(#4793));
#4795=SURFACE_STYLE_FILL_AREA(#4794);
#4796=SURFACE_SIDE_STYLE('',(#4795));
#4797=SURFACE_STYLE_USAGE(.POSITIVE.,#4796);
#4798=PRESENTATION_STYLE_ASSIGNMENT((#4797));
#4799=STYLED_ITEM('',(#4798),#4792);
#4800=CARTESIAN_POINT('',(4.263479478955E-1,2.478655318651E0,-4.E-1));
#4801=DIRECTION('',(0.E0,1.E0,0.E0));
#4802=DIRECTION('',(1.E0,0.E0,0.E0));
#4803=AXIS2_PLACEMENT_3D('',#4800,#4801,#4802);
#4804=PLANE('',#4803);
#4805=ORIENTED_EDGE('',*,*,#2631,.F.);
#4807=ORIENTED_EDGE('',*,*,#4806,.T.);
#4808=ORIENTED_EDGE('',*,*,#4564,.T.);
#4810=ORIENTED_EDGE('',*,*,#4809,.F.);
#4811=EDGE_LOOP('',(#4805,#4807,#4808,#4810));
#4812=FACE_OUTER_BOUND('',#4811,.F.);
#4813=ADVANCED_FACE('',(#4812),#4804,.T.);
#4814=FILL_AREA_STYLE_COLOUR('',#28);
#4815=FILL_AREA_STYLE('',(#4814));
#4816=SURFACE_STYLE_FILL_AREA(#4815);
#4817=SURFACE_SIDE_STYLE('',(#4816));
#4818=SURFACE_STYLE_USAGE(.POSITIVE.,#4817);
#4819=PRESENTATION_STYLE_ASSIGNMENT((#4818));
#4820=STYLED_ITEM('',(#4819),#4813);
#4821=CARTESIAN_POINT('',(4.427208021045E-1,2.395048933928E0,-4.E-1));
#4822=DIRECTION('',(-9.813592778365E-1,-1.921821214477E-1,0.E0));
#4823=DIRECTION('',(-1.921821214477E-1,9.813592778365E-1,0.E0));
#4824=AXIS2_PLACEMENT_3D('',#4821,#4822,#4823);
#4825=PLANE('',#4824);
#4826=ORIENTED_EDGE('',*,*,#2708,.F.);
#4828=ORIENTED_EDGE('',*,*,#4827,.T.);
#4829=ORIENTED_EDGE('',*,*,#4566,.T.);
#4830=ORIENTED_EDGE('',*,*,#4806,.F.);
#4831=EDGE_LOOP('',(#4826,#4828,#4829,#4830));
#4832=FACE_OUTER_BOUND('',#4831,.F.);
#4833=ADVANCED_FACE('',(#4832),#4825,.T.);
#4834=FILL_AREA_STYLE_COLOUR('',#28);
#4835=FILL_AREA_STYLE('',(#4834));
#4836=SURFACE_STYLE_FILL_AREA(#4835);
#4837=SURFACE_SIDE_STYLE('',(#4836));
#4838=SURFACE_STYLE_USAGE(.POSITIVE.,#4837);
#4839=PRESENTATION_STYLE_ASSIGNMENT((#4838));
#4840=STYLED_ITEM('',(#4839),#4833);
#4841=CARTESIAN_POINT('',(5.082125E-1,2.328163829663E0,-4.E-1));
#4842=DIRECTION('',(-7.145102486526E-1,-6.996249742329E-1,0.E0));
#4843=DIRECTION('',(-6.996249742329E-1,7.145102486526E-1,0.E0));
#4844=AXIS2_PLACEMENT_3D('',#4841,#4842,#4843);
#4845=PLANE('',#4844);
#4846=ORIENTED_EDGE('',*,*,#2706,.F.);
#4848=ORIENTED_EDGE('',*,*,#4847,.T.);
#4849=ORIENTED_EDGE('',*,*,#4568,.T.);
#4850=ORIENTED_EDGE('',*,*,#4827,.F.);
#4851=EDGE_LOOP('',(#4846,#4848,#4849,#4850));
#4852=FACE_OUTER_BOUND('',#4851,.F.);
#4853=ADVANCED_FACE('',(#4852),#4845,.T.);
#4854=FILL_AREA_STYLE_COLOUR('',#28);
#4855=FILL_AREA_STYLE('',(#4854));
#4856=SURFACE_STYLE_FILL_AREA(#4855);
#4857=SURFACE_SIDE_STYLE('',(#4856));
#4858=SURFACE_STYLE_USAGE(.POSITIVE.,#4857);
#4859=PRESENTATION_STYLE_ASSIGNMENT((#4858));
#4860=STYLED_ITEM('',(#4859),#4853);
#4861=CARTESIAN_POINT('',(5.737041978955E-1,2.294721276066E0,-4.E-1));
#4862=DIRECTION('',(-4.547769889117E-1,-8.906053505096E-1,0.E0));
#4863=DIRECTION('',(-8.906053505096E-1,4.547769889117E-1,0.E0));
#4864=AXIS2_PLACEMENT_3D('',#4861,#4862,#4863);
#4865=PLANE('',#4864);
#4866=ORIENTED_EDGE('',*,*,#2704,.F.);
#4868=ORIENTED_EDGE('',*,*,#4867,.T.);
#4869=ORIENTED_EDGE('',*,*,#4570,.T.);
#4870=ORIENTED_EDGE('',*,*,#4847,.F.);
#4871=EDGE_LOOP('',(#4866,#4868,#4869,#4870));
#4872=FACE_OUTER_BOUND('',#4871,.F.);
#4873=ADVANCED_FACE('',(#4872),#4865,.T.);
#4874=FILL_AREA_STYLE_COLOUR('',#28);
#4875=FILL_AREA_STYLE('',(#4874));
#4876=SURFACE_STYLE_FILL_AREA(#4875);
#4877=SURFACE_SIDE_STYLE('',(#4876));
#4878=SURFACE_STYLE_USAGE(.POSITIVE.,#4877);
#4879=PRESENTATION_STYLE_ASSIGNMENT((#4878));
#4880=STYLED_ITEM('',(#4879),#4873);
#4881=CARTESIAN_POINT('',(6.5556875E-1,2.278E0,-4.E-1));
#4882=DIRECTION('',(-2.001234451615E-1,-9.797706908745E-1,0.E0));
#4883=DIRECTION('',(-9.797706908745E-1,2.001234451615E-1,0.E0));
#4884=AXIS2_PLACEMENT_3D('',#4881,#4882,#4883);
#4885=PLANE('',#4884);
#4886=ORIENTED_EDGE('',*,*,#2702,.F.);
#4888=ORIENTED_EDGE('',*,*,#4887,.T.);
#4889=ORIENTED_EDGE('',*,*,#4572,.T.);
#4890=ORIENTED_EDGE('',*,*,#4867,.F.);
#4891=EDGE_LOOP('',(#4886,#4888,#4889,#4890));
#4892=FACE_OUTER_BOUND('',#4891,.F.);
#4893=ADVANCED_FACE('',(#4892),#4885,.T.);
#4894=FILL_AREA_STYLE_COLOUR('',#28);
#4895=FILL_AREA_STYLE('',(#4894));
#4896=SURFACE_STYLE_FILL_AREA(#4895);
#4897=SURFACE_SIDE_STYLE('',(#4896));
#4898=SURFACE_STYLE_USAGE(.POSITIVE.,#4897);
#4899=PRESENTATION_STYLE_ASSIGNMENT((#4898));
#4900=STYLED_ITEM('',(#4899),#4893);
#4901=CARTESIAN_POINT('',(8.02925E-1,2.278E0,-4.E-1));
#4902=DIRECTION('',(0.E0,-1.E0,0.E0));
#4903=DIRECTION('',(-1.E0,0.E0,0.E0));
#4904=AXIS2_PLACEMENT_3D('',#4901,#4902,#4903);
#4905=PLANE('',#4904);
#4906=ORIENTED_EDGE('',*,*,#2700,.F.);
#4908=ORIENTED_EDGE('',*,*,#4907,.T.);
#4909=ORIENTED_EDGE('',*,*,#4574,.T.);
#4910=ORIENTED_EDGE('',*,*,#4887,.F.);
#4911=EDGE_LOOP('',(#4906,#4908,#4909,#4910));
#4912=FACE_OUTER_BOUND('',#4911,.F.);
#4913=ADVANCED_FACE('',(#4912),#4905,.T.);
#4914=FILL_AREA_STYLE_COLOUR('',#28);
#4915=FILL_AREA_STYLE('',(#4914));
#4916=SURFACE_STYLE_FILL_AREA(#4915);
#4917=SURFACE_SIDE_STYLE('',(#4916));
#4918=SURFACE_STYLE_USAGE(.POSITIVE.,#4917);
#4919=PRESENTATION_STYLE_ASSIGNMENT((#4918));
#4920=STYLED_ITEM('',(#4919),#4913);
#4921=CARTESIAN_POINT('',(8.847895521045E-1,2.294721276066E0,-4.E-1));
#4922=DIRECTION('',(2.001234451615E-1,-9.797706908745E-1,0.E0));
#4923=DIRECTION('',(-9.797706908745E-1,-2.001234451615E-1,0.E0));
#4924=AXIS2_PLACEMENT_3D('',#4921,#4922,#4923);
#4925=PLANE('',#4924);
#4926=ORIENTED_EDGE('',*,*,#2698,.F.);
#4927=ORIENTED_EDGE('',*,*,#2580,.T.);
#4928=ORIENTED_EDGE('',*,*,#4576,.T.);
#4929=ORIENTED_EDGE('',*,*,#4907,.F.);
#4930=EDGE_LOOP('',(#4926,#4927,#4928,#4929));
#4931=FACE_OUTER_BOUND('',#4930,.F.);
#4932=ADVANCED_FACE('',(#4931),#4925,.T.);
#4933=FILL_AREA_STYLE_COLOUR('',#28);
#4934=FILL_AREA_STYLE('',(#4933));
#4935=SURFACE_STYLE_FILL_AREA(#4934);
#4936=SURFACE_SIDE_STYLE('',(#4935));
#4937=SURFACE_STYLE_USAGE(.POSITIVE.,#4936);
#4938=PRESENTATION_STYLE_ASSIGNMENT((#4937));
#4939=STYLED_ITEM('',(#4938),#4932);
#4940=CARTESIAN_POINT('',(5.245854478955E-1,2.478655318651E0,-4.E-1));
#4941=DIRECTION('',(9.506455412394E-1,3.102789952956E-1,0.E0));
#4942=DIRECTION('',(3.102789952956E-1,-9.506455412394E-1,0.E0));
#4943=AXIS2_PLACEMENT_3D('',#4940,#4941,#4942);
#4944=PLANE('',#4943);
#4945=ORIENTED_EDGE('',*,*,#2633,.F.);
#4946=ORIENTED_EDGE('',*,*,#4809,.T.);
#4947=ORIENTED_EDGE('',*,*,#4641,.T.);
#4949=ORIENTED_EDGE('',*,*,#4948,.F.);
#4950=EDGE_LOOP('',(#4945,#4946,#4947,#4949));
#4951=FACE_OUTER_BOUND('',#4950,.F.);
#4952=ADVANCED_FACE('',(#4951),#4944,.T.);
#4953=FILL_AREA_STYLE_COLOUR('',#28);
#4954=FILL_AREA_STYLE('',(#4953));
#4955=SURFACE_STYLE_FILL_AREA(#4954);
#4956=SURFACE_SIDE_STYLE('',(#4955));
#4957=SURFACE_STYLE_USAGE(.POSITIVE.,#4956);
#4958=PRESENTATION_STYLE_ASSIGNMENT((#4957));
#4959=STYLED_ITEM('',(#4958),#4952);
#4960=CARTESIAN_POINT('',(5.409583021045E-1,2.428491494843E0,-4.E-1));
#4961=DIRECTION('',(5.627910658975E-1,8.265991871191E-1,0.E0));
#4962=DIRECTION('',(8.265991871191E-1,-5.627910658975E-1,0.E0));
#4963=AXIS2_PLACEMENT_3D('',#4960,#4961,#4962);
#4964=PLANE('',#4963);
#4965=ORIENTED_EDGE('',*,*,#2635,.F.);
#4966=ORIENTED_EDGE('',*,*,#4948,.T.);
#4967=ORIENTED_EDGE('',*,*,#4639,.T.);
#4969=ORIENTED_EDGE('',*,*,#4968,.F.);
#4970=EDGE_LOOP('',(#4965,#4966,#4967,#4969));
#4971=FACE_OUTER_BOUND('',#4970,.F.);
#4972=ADVANCED_FACE('',(#4971),#4964,.T.);
#4973=FILL_AREA_STYLE_COLOUR('',#28);
#4974=FILL_AREA_STYLE('',(#4973));
#4975=SURFACE_STYLE_FILL_AREA(#4974);
#4976=SURFACE_SIDE_STYLE('',(#4975));
#4977=SURFACE_STYLE_USAGE(.POSITIVE.,#4976);
#4978=PRESENTATION_STYLE_ASSIGNMENT((#4977));
#4979=STYLED_ITEM('',(#4978),#4972);
#4980=CARTESIAN_POINT('',(5.900770521045E-1,2.395048933928E0,-4.E-1));
#4981=DIRECTION('',(2.473831068378E-1,9.689177459678E-1,0.E0));
#4982=DIRECTION('',(9.689177459678E-1,-2.473831068378E-1,0.E0));
#4983=AXIS2_PLACEMENT_3D('',#4980,#4981,#4982);
#4984=PLANE('',#4983);
#4985=ORIENTED_EDGE('',*,*,#2637,.F.);
#4986=ORIENTED_EDGE('',*,*,#4968,.T.);
#4987=ORIENTED_EDGE('',*,*,#4637,.T.);
#4989=ORIENTED_EDGE('',*,*,#4988,.F.);
#4990=EDGE_LOOP('',(#4985,#4986,#4987,#4989));
#4991=FACE_OUTER_BOUND('',#4990,.F.);
#4992=ADVANCED_FACE('',(#4991),#4984,.T.);
#4993=FILL_AREA_STYLE_COLOUR('',#28);
#4994=FILL_AREA_STYLE('',(#4993));
#4995=SURFACE_STYLE_FILL_AREA(#4994);
#4996=SURFACE_SIDE_STYLE('',(#4995));
#4997=SURFACE_STYLE_USAGE(.POSITIVE.,#4996);
#4998=PRESENTATION_STYLE_ASSIGNMENT((#4997));
#4999=STYLED_ITEM('',(#4998),#4992);
#5000=CARTESIAN_POINT('',(6.5556875E-1,2.378327659325E0,-4.E-1));
#5001=DIRECTION('',(0.E0,1.E0,0.E0));
#5002=DIRECTION('',(1.E0,0.E0,0.E0));
#5003=AXIS2_PLACEMENT_3D('',#5000,#5001,#5002);
#5004=PLANE('',#5003);
#5005=ORIENTED_EDGE('',*,*,#2639,.F.);
#5006=ORIENTED_EDGE('',*,*,#4988,.T.);
#5007=ORIENTED_EDGE('',*,*,#4635,.T.);
#5009=ORIENTED_EDGE('',*,*,#5008,.F.);
#5010=EDGE_LOOP('',(#5005,#5006,#5007,#5009));
#5011=FACE_OUTER_BOUND('',#5010,.F.);
#5012=ADVANCED_FACE('',(#5011),#5004,.T.);
#5013=FILL_AREA_STYLE_COLOUR('',#28);
#5014=FILL_AREA_STYLE('',(#5013));
#5015=SURFACE_STYLE_FILL_AREA(#5014);
#5016=SURFACE_SIDE_STYLE('',(#5015));
#5017=SURFACE_STYLE_USAGE(.POSITIVE.,#5016);
#5018=PRESENTATION_STYLE_ASSIGNMENT((#5017));
#5019=STYLED_ITEM('',(#5018),#5012);
#5020=CARTESIAN_POINT('',(8.02925E-1,2.378327659325E0,-4.E-1));
#5021=DIRECTION('',(-2.473831068378E-1,9.689177459678E-1,0.E0));
#5022=DIRECTION('',(9.689177459678E-1,2.473831068378E-1,0.E0));
#5023=AXIS2_PLACEMENT_3D('',#5020,#5021,#5022);
#5024=PLANE('',#5023);
#5025=ORIENTED_EDGE('',*,*,#2641,.F.);
#5026=ORIENTED_EDGE('',*,*,#5008,.T.);
#5027=ORIENTED_EDGE('',*,*,#4633,.T.);
#5029=ORIENTED_EDGE('',*,*,#5028,.F.);
#5030=EDGE_LOOP('',(#5025,#5026,#5027,#5029));
#5031=FACE_OUTER_BOUND('',#5030,.F.);
#5032=ADVANCED_FACE('',(#5031),#5024,.T.);
#5033=FILL_AREA_STYLE_COLOUR('',#28);
#5034=FILL_AREA_STYLE('',(#5033));
#5035=SURFACE_STYLE_FILL_AREA(#5034);
#5036=SURFACE_SIDE_STYLE('',(#5035));
#5037=SURFACE_STYLE_USAGE(.POSITIVE.,#5036);
#5038=PRESENTATION_STYLE_ASSIGNMENT((#5037));
#5039=STYLED_ITEM('',(#5038),#5032);
#5040=CARTESIAN_POINT('',(8.684166978955E-1,2.395048933928E0,-4.E-1));
#5041=DIRECTION('',(-5.627910658976E-1,8.265991871191E-1,0.E0));
#5042=DIRECTION('',(8.265991871191E-1,5.627910658976E-1,0.E0));
#5043=AXIS2_PLACEMENT_3D('',#5040,#5041,#5042);
#5044=PLANE('',#5043);
#5045=ORIENTED_EDGE('',*,*,#2643,.F.);
#5046=ORIENTED_EDGE('',*,*,#5028,.T.);
#5047=ORIENTED_EDGE('',*,*,#4631,.T.);
#5049=ORIENTED_EDGE('',*,*,#5048,.F.);
#5050=EDGE_LOOP('',(#5045,#5046,#5047,#5049));
#5051=FACE_OUTER_BOUND('',#5050,.F.);
#5052=ADVANCED_FACE('',(#5051),#5044,.T.);
#5053=FILL_AREA_STYLE_COLOUR('',#28);
#5054=FILL_AREA_STYLE('',(#5053));
#5055=SURFACE_STYLE_FILL_AREA(#5054);
#5056=SURFACE_SIDE_STYLE('',(#5055));
#5057=SURFACE_STYLE_USAGE(.POSITIVE.,#5056);
#5058=PRESENTATION_STYLE_ASSIGNMENT((#5057));
#5059=STYLED_ITEM('',(#5058),#5052);
#5060=CARTESIAN_POINT('',(9.175354478955E-1,2.428491494843E0,-4.E-1));
#5061=DIRECTION('',(-8.373793591563E-1,5.466221810895E-1,0.E0));
#5062=DIRECTION('',(5.466221810895E-1,8.373793591563E-1,0.E0));
#5063=AXIS2_PLACEMENT_3D('',#5060,#5061,#5062);
#5064=PLANE('',#5063);
#5065=ORIENTED_EDGE('',*,*,#2645,.F.);
#5066=ORIENTED_EDGE('',*,*,#5048,.T.);
#5067=ORIENTED_EDGE('',*,*,#4629,.T.);
#5069=ORIENTED_EDGE('',*,*,#5068,.F.);
#5070=EDGE_LOOP('',(#5065,#5066,#5067,#5069));
#5071=FACE_OUTER_BOUND('',#5070,.F.);
#5072=ADVANCED_FACE('',(#5071),#5064,.T.);
#5073=FILL_AREA_STYLE_COLOUR('',#28);
#5074=FILL_AREA_STYLE('',(#5073));
#5075=SURFACE_STYLE_FILL_AREA(#5074);
#5076=SURFACE_SIDE_STYLE('',(#5075));
#5077=SURFACE_STYLE_USAGE(.POSITIVE.,#5076);
#5078=PRESENTATION_STYLE_ASSIGNMENT((#5077));
#5079=STYLED_ITEM('',(#5078),#5072);
#5080=CARTESIAN_POINT('',(9.5028125E-1,2.478655318651E0,-4.E-1));
#5081=DIRECTION('',(-9.713210491251E-1,2.377717803411E-1,0.E0));
#5082=DIRECTION('',(2.377717803411E-1,9.713210491251E-1,0.E0));
#5083=AXIS2_PLACEMENT_3D('',#5080,#5081,#5082);
#5084=PLANE('',#5083);
#5085=ORIENTED_EDGE('',*,*,#2647,.F.);
#5086=ORIENTED_EDGE('',*,*,#5068,.T.);
#5087=ORIENTED_EDGE('',*,*,#4627,.T.);
#5089=ORIENTED_EDGE('',*,*,#5088,.F.);
#5090=EDGE_LOOP('',(#5085,#5086,#5087,#5089));
#5091=FACE_OUTER_BOUND('',#5090,.F.);
#5092=ADVANCED_FACE('',(#5091),#5084,.T.);
#5093=FILL_AREA_STYLE_COLOUR('',#28);
#5094=FILL_AREA_STYLE('',(#5093));
#5095=SURFACE_STYLE_FILL_AREA(#5094);
#5096=SURFACE_SIDE_STYLE('',(#5095));
#5097=SURFACE_STYLE_USAGE(.POSITIVE.,#5096);
#5098=PRESENTATION_STYLE_ASSIGNMENT((#5097));
#5099=STYLED_ITEM('',(#5098),#5092);
#5100=CARTESIAN_POINT('',(9.666541978955E-1,2.545540417060E0,-4.E-1));
#5101=DIRECTION('',(-1.E0,0.E0,0.E0));
#5102=DIRECTION('',(0.E0,1.E0,0.E0));
#5103=AXIS2_PLACEMENT_3D('',#5100,#5101,#5102);
#5104=PLANE('',#5103);
#5105=ORIENTED_EDGE('',*,*,#2649,.F.);
#5106=ORIENTED_EDGE('',*,*,#5088,.T.);
#5107=ORIENTED_EDGE('',*,*,#4625,.T.);
#5109=ORIENTED_EDGE('',*,*,#5108,.F.);
#5110=EDGE_LOOP('',(#5105,#5106,#5107,#5109));
#5111=FACE_OUTER_BOUND('',#5110,.F.);
#5112=ADVANCED_FACE('',(#5111),#5104,.T.);
#5113=FILL_AREA_STYLE_COLOUR('',#28);
#5114=FILL_AREA_STYLE('',(#5113));
#5115=SURFACE_STYLE_FILL_AREA(#5114);
#5116=SURFACE_SIDE_STYLE('',(#5115));
#5117=SURFACE_STYLE_USAGE(.POSITIVE.,#5116);
#5118=PRESENTATION_STYLE_ASSIGNMENT((#5117));
#5119=STYLED_ITEM('',(#5118),#5112);
#5120=CARTESIAN_POINT('',(9.666541978955E-1,2.796359559518E0,-4.E-1));
#5121=DIRECTION('',(-9.713210491251E-1,-2.377717803411E-1,0.E0));
#5122=DIRECTION('',(-2.377717803411E-1,9.713210491251E-1,0.E0));
#5123=AXIS2_PLACEMENT_3D('',#5120,#5121,#5122);
#5124=PLANE('',#5123);
#5125=ORIENTED_EDGE('',*,*,#2651,.F.);
#5126=ORIENTED_EDGE('',*,*,#5108,.T.);
#5127=ORIENTED_EDGE('',*,*,#4623,.T.);
#5129=ORIENTED_EDGE('',*,*,#5128,.F.);
#5130=EDGE_LOOP('',(#5125,#5126,#5127,#5129));
#5131=FACE_OUTER_BOUND('',#5130,.F.);
#5132=ADVANCED_FACE('',(#5131),#5124,.T.);
#5133=FILL_AREA_STYLE_COLOUR('',#28);
#5134=FILL_AREA_STYLE('',(#5133));
#5135=SURFACE_STYLE_FILL_AREA(#5134);
#5136=SURFACE_SIDE_STYLE('',(#5135));
#5137=SURFACE_STYLE_USAGE(.POSITIVE.,#5136);
#5138=PRESENTATION_STYLE_ASSIGNMENT((#5137));
#5139=STYLED_ITEM('',(#5138),#5132);
#5140=CARTESIAN_POINT('',(9.5028125E-1,2.863244657928E0,-4.E-1));
#5141=DIRECTION('',(-8.373795927994E-1,-5.466218231676E-1,0.E0));
#5142=DIRECTION('',(-5.466218231676E-1,8.373795927994E-1,0.E0));
#5143=AXIS2_PLACEMENT_3D('',#5140,#5141,#5142);
#5144=PLANE('',#5143);
#5145=ORIENTED_EDGE('',*,*,#2653,.F.);
#5146=ORIENTED_EDGE('',*,*,#5128,.T.);
#5147=ORIENTED_EDGE('',*,*,#4621,.T.);
#5149=ORIENTED_EDGE('',*,*,#5148,.F.);
#5150=EDGE_LOOP('',(#5145,#5146,#5147,#5149));
#5151=FACE_OUTER_BOUND('',#5150,.F.);
#5152=ADVANCED_FACE('',(#5151),#5144,.T.);
#5153=FILL_AREA_STYLE_COLOUR('',#28);
#5154=FILL_AREA_STYLE('',(#5153));
#5155=SURFACE_STYLE_FILL_AREA(#5154);
#5156=SURFACE_SIDE_STYLE('',(#5155));
#5157=SURFACE_STYLE_USAGE(.POSITIVE.,#5156);
#5158=PRESENTATION_STYLE_ASSIGNMENT((#5157));
#5159=STYLED_ITEM('',(#5158),#5152);
#5160=CARTESIAN_POINT('',(9.175354478955E-1,2.913408528578E0,-4.E-1));
#5161=DIRECTION('',(-5.627909312417E-1,-8.265992787996E-1,0.E0));
#5162=DIRECTION('',(-8.265992787996E-1,5.627909312417E-1,0.E0));
#5163=AXIS2_PLACEMENT_3D('',#5160,#5161,#5162);
#5164=PLANE('',#5163);
#5165=ORIENTED_EDGE('',*,*,#2655,.F.);
#5166=ORIENTED_EDGE('',*,*,#5148,.T.);
#5167=ORIENTED_EDGE('',*,*,#4619,.T.);
#5169=ORIENTED_EDGE('',*,*,#5168,.F.);
#5170=EDGE_LOOP('',(#5165,#5166,#5167,#5169));
#5171=FACE_OUTER_BOUND('',#5170,.F.);
#5172=ADVANCED_FACE('',(#5171),#5164,.T.);
#5173=FILL_AREA_STYLE_COLOUR('',#28);
#5174=FILL_AREA_STYLE('',(#5173));
#5175=SURFACE_STYLE_FILL_AREA(#5174);
#5176=SURFACE_SIDE_STYLE('',(#5175));
#5177=SURFACE_STYLE_USAGE(.POSITIVE.,#5176);
#5178=PRESENTATION_STYLE_ASSIGNMENT((#5177));
#5179=STYLED_ITEM('',(#5178),#5172);
#5180=CARTESIAN_POINT('',(8.684166978955E-1,2.946851077783E0,-4.E-1));
#5181=DIRECTION('',(-2.473831068378E-1,-9.689177459678E-1,0.E0));
#5182=DIRECTION('',(-9.689177459678E-1,2.473831068378E-1,0.E0));
#5183=AXIS2_PLACEMENT_3D('',#5180,#5181,#5182);
#5184=PLANE('',#5183);
#5185=ORIENTED_EDGE('',*,*,#2657,.F.);
#5186=ORIENTED_EDGE('',*,*,#5168,.T.);
#5187=ORIENTED_EDGE('',*,*,#4617,.T.);
#5189=ORIENTED_EDGE('',*,*,#5188,.F.);
#5190=EDGE_LOOP('',(#5185,#5186,#5187,#5189));
#5191=FACE_OUTER_BOUND('',#5190,.F.);
#5192=ADVANCED_FACE('',(#5191),#5184,.T.);
#5193=FILL_AREA_STYLE_COLOUR('',#28);
#5194=FILL_AREA_STYLE('',(#5193));
#5195=SURFACE_STYLE_FILL_AREA(#5194);
#5196=SURFACE_SIDE_STYLE('',(#5195));
#5197=SURFACE_STYLE_USAGE(.POSITIVE.,#5196);
#5198=PRESENTATION_STYLE_ASSIGNMENT((#5197));
#5199=STYLED_ITEM('',(#5198),#5192);
#5200=CARTESIAN_POINT('',(8.02925E-1,2.963572352386E0,-4.E-1));
#5201=DIRECTION('',(0.E0,-1.E0,0.E0));
#5202=DIRECTION('',(-1.E0,0.E0,0.E0));
#5203=AXIS2_PLACEMENT_3D('',#5200,#5201,#5202);
#5204=PLANE('',#5203);
#5205=ORIENTED_EDGE('',*,*,#2659,.F.);
#5206=ORIENTED_EDGE('',*,*,#5188,.T.);
#5207=ORIENTED_EDGE('',*,*,#4615,.T.);
#5209=ORIENTED_EDGE('',*,*,#5208,.F.);
#5210=EDGE_LOOP('',(#5205,#5206,#5207,#5209));
#5211=FACE_OUTER_BOUND('',#5210,.F.);
#5212=ADVANCED_FACE('',(#5211),#5204,.T.);
#5213=FILL_AREA_STYLE_COLOUR('',#28);
#5214=FILL_AREA_STYLE('',(#5213));
#5215=SURFACE_STYLE_FILL_AREA(#5214);
#5216=SURFACE_SIDE_STYLE('',(#5215));
#5217=SURFACE_STYLE_USAGE(.POSITIVE.,#5216);
#5218=PRESENTATION_STYLE_ASSIGNMENT((#5217));
#5219=STYLED_ITEM('',(#5218),#5212);
#5220=CARTESIAN_POINT('',(6.5556875E-1,2.963572352386E0,-4.E-1));
#5221=DIRECTION('',(2.473831068378E-1,-9.689177459678E-1,0.E0));
#5222=DIRECTION('',(-9.689177459678E-1,-2.473831068378E-1,0.E0));
#5223=AXIS2_PLACEMENT_3D('',#5220,#5221,#5222);
#5224=PLANE('',#5223);
#5225=ORIENTED_EDGE('',*,*,#2661,.F.);
#5226=ORIENTED_EDGE('',*,*,#5208,.T.);
#5227=ORIENTED_EDGE('',*,*,#4613,.T.);
#5229=ORIENTED_EDGE('',*,*,#5228,.F.);
#5230=EDGE_LOOP('',(#5225,#5226,#5227,#5229));
#5231=FACE_OUTER_BOUND('',#5230,.F.);
#5232=ADVANCED_FACE('',(#5231),#5224,.T.);
#5233=FILL_AREA_STYLE_COLOUR('',#28);
#5234=FILL_AREA_STYLE('',(#5233));
#5235=SURFACE_STYLE_FILL_AREA(#5234);
#5236=SURFACE_SIDE_STYLE('',(#5235));
#5237=SURFACE_STYLE_USAGE(.POSITIVE.,#5236);
#5238=PRESENTATION_STYLE_ASSIGNMENT((#5237));
#5239=STYLED_ITEM('',(#5238),#5232);
#5240=CARTESIAN_POINT('',(5.900770521045E-1,2.946851077783E0,-4.E-1));
#5241=DIRECTION('',(5.627909312417E-1,-8.265992787996E-1,0.E0));
#5242=DIRECTION('',(-8.265992787996E-1,-5.627909312417E-1,0.E0));
#5243=AXIS2_PLACEMENT_3D('',#5240,#5241,#5242);
#5244=PLANE('',#5243);
#5245=ORIENTED_EDGE('',*,*,#2663,.F.);
#5246=ORIENTED_EDGE('',*,*,#5228,.T.);
#5247=ORIENTED_EDGE('',*,*,#4611,.T.);
#5249=ORIENTED_EDGE('',*,*,#5248,.F.);
#5250=EDGE_LOOP('',(#5245,#5246,#5247,#5249));
#5251=FACE_OUTER_BOUND('',#5250,.F.);
#5252=ADVANCED_FACE('',(#5251),#5244,.T.);
#5253=FILL_AREA_STYLE_COLOUR('',#28);
#5254=FILL_AREA_STYLE('',(#5253));
#5255=SURFACE_STYLE_FILL_AREA(#5254);
#5256=SURFACE_SIDE_STYLE('',(#5255));
#5257=SURFACE_STYLE_USAGE(.POSITIVE.,#5256);
#5258=PRESENTATION_STYLE_ASSIGNMENT((#5257));
#5259=STYLED_ITEM('',(#5258),#5252);
#5260=CARTESIAN_POINT('',(5.409583021045E-1,2.913408528578E0,-4.E-1));
#5261=DIRECTION('',(9.506456267027E-1,-3.102787334496E-1,0.E0));
#5262=DIRECTION('',(-3.102787334496E-1,-9.506456267027E-1,0.E0));
#5263=AXIS2_PLACEMENT_3D('',#5260,#5261,#5262);
#5264=PLANE('',#5263);
#5265=ORIENTED_EDGE('',*,*,#2665,.F.);
#5266=ORIENTED_EDGE('',*,*,#5248,.T.);
#5267=ORIENTED_EDGE('',*,*,#4609,.T.);
#5269=ORIENTED_EDGE('',*,*,#5268,.F.);
#5270=EDGE_LOOP('',(#5265,#5266,#5267,#5269));
#5271=FACE_OUTER_BOUND('',#5270,.F.);
#5272=ADVANCED_FACE('',(#5271),#5264,.T.);
#5273=FILL_AREA_STYLE_COLOUR('',#28);
#5274=FILL_AREA_STYLE('',(#5273));
#5275=SURFACE_STYLE_FILL_AREA(#5274);
#5276=SURFACE_SIDE_STYLE('',(#5275));
#5277=SURFACE_STYLE_USAGE(.POSITIVE.,#5276);
#5278=PRESENTATION_STYLE_ASSIGNMENT((#5277));
#5279=STYLED_ITEM('',(#5278),#5272);
#5280=CARTESIAN_POINT('',(5.245854478955E-1,2.863244657928E0,-4.E-1));
#5281=DIRECTION('',(0.E0,-1.E0,0.E0));
#5282=DIRECTION('',(-1.E0,0.E0,0.E0));
#5283=AXIS2_PLACEMENT_3D('',#5280,#5281,#5282);
#5284=PLANE('',#5283);
#5285=ORIENTED_EDGE('',*,*,#2667,.F.);
#5286=ORIENTED_EDGE('',*,*,#5268,.T.);
#5287=ORIENTED_EDGE('',*,*,#4607,.T.);
#5289=ORIENTED_EDGE('',*,*,#5288,.F.);
#5290=EDGE_LOOP('',(#5285,#5286,#5287,#5289));
#5291=FACE_OUTER_BOUND('',#5290,.F.);
#5292=ADVANCED_FACE('',(#5291),#5284,.T.);
#5293=FILL_AREA_STYLE_COLOUR('',#28);
#5294=FILL_AREA_STYLE('',(#5293));
#5295=SURFACE_STYLE_FILL_AREA(#5294);
#5296=SURFACE_SIDE_STYLE('',(#5295));
#5297=SURFACE_STYLE_USAGE(.POSITIVE.,#5296);
#5298=PRESENTATION_STYLE_ASSIGNMENT((#5297));
#5299=STYLED_ITEM('',(#5298),#5292);
#5300=CARTESIAN_POINT('',(4.263479478955E-1,2.863244657928E0,-4.E-1));
#5301=DIRECTION('',(-9.813592930674E-1,1.921820436730E-1,0.E0));
#5302=DIRECTION('',(1.921820436730E-1,9.813592930674E-1,0.E0));
#5303=AXIS2_PLACEMENT_3D('',#5300,#5301,#5302);
#5304=PLANE('',#5303);
#5305=ORIENTED_EDGE('',*,*,#2669,.F.);
#5306=ORIENTED_EDGE('',*,*,#5288,.T.);
#5307=ORIENTED_EDGE('',*,*,#4605,.T.);
#5309=ORIENTED_EDGE('',*,*,#5308,.F.);
#5310=EDGE_LOOP('',(#5305,#5306,#5307,#5309));
#5311=FACE_OUTER_BOUND('',#5310,.F.);
#5312=ADVANCED_FACE('',(#5311),#5304,.T.);
#5313=FILL_AREA_STYLE_COLOUR('',#28);
#5314=FILL_AREA_STYLE('',(#5313));
#5315=SURFACE_STYLE_FILL_AREA(#5314);
#5316=SURFACE_SIDE_STYLE('',(#5315));
#5317=SURFACE_STYLE_USAGE(.POSITIVE.,#5316);
#5318=PRESENTATION_STYLE_ASSIGNMENT((#5317));
#5319=STYLED_ITEM('',(#5318),#5312);
#5320=CARTESIAN_POINT('',(4.427208021045E-1,2.946851077783E0,-4.E-1));
#5321=DIRECTION('',(-7.145102180353E-1,6.996250055017E-1,0.E0));
#5322=DIRECTION('',(6.996250055017E-1,7.145102180353E-1,0.E0));
#5323=AXIS2_PLACEMENT_3D('',#5320,#5321,#5322);
#5324=PLANE('',#5323);
#5325=ORIENTED_EDGE('',*,*,#2671,.F.);
#5326=ORIENTED_EDGE('',*,*,#5308,.T.);
#5327=ORIENTED_EDGE('',*,*,#4603,.T.);
#5329=ORIENTED_EDGE('',*,*,#5328,.F.);
#5330=EDGE_LOOP('',(#5325,#5326,#5327,#5329));
#5331=FACE_OUTER_BOUND('',#5330,.F.);
#5332=ADVANCED_FACE('',(#5331),#5324,.T.);
#5333=FILL_AREA_STYLE_COLOUR('',#28);
#5334=FILL_AREA_STYLE('',(#5333));
#5335=SURFACE_STYLE_FILL_AREA(#5334);
#5336=SURFACE_SIDE_STYLE('',(#5335));
#5337=SURFACE_STYLE_USAGE(.POSITIVE.,#5336);
#5338=PRESENTATION_STYLE_ASSIGNMENT((#5337));
#5339=STYLED_ITEM('',(#5338),#5332);
#5340=CARTESIAN_POINT('',(5.082125E-1,3.013736176193E0,-4.E-1));
#5341=DIRECTION('',(-4.547769415434E-1,8.906053746977E-1,0.E0));
#5342=DIRECTION('',(8.906053746977E-1,4.547769415434E-1,0.E0));
#5343=AXIS2_PLACEMENT_3D('',#5340,#5341,#5342);
#5344=PLANE('',#5343);
#5345=ORIENTED_EDGE('',*,*,#2673,.F.);
#5346=ORIENTED_EDGE('',*,*,#5328,.T.);
#5347=ORIENTED_EDGE('',*,*,#4601,.T.);
#5349=ORIENTED_EDGE('',*,*,#5348,.F.);
#5350=EDGE_LOOP('',(#5345,#5346,#5347,#5349));
#5351=FACE_OUTER_BOUND('',#5350,.F.);
#5352=ADVANCED_FACE('',(#5351),#5344,.T.);
#5353=FILL_AREA_STYLE_COLOUR('',#28);
#5354=FILL_AREA_STYLE('',(#5353));
#5355=SURFACE_STYLE_FILL_AREA(#5354);
#5356=SURFACE_SIDE_STYLE('',(#5355));
#5357=SURFACE_STYLE_USAGE(.POSITIVE.,#5356);
#5358=PRESENTATION_STYLE_ASSIGNMENT((#5357));
#5359=STYLED_ITEM('',(#5358),#5352);
#5360=CARTESIAN_POINT('',(5.737041978955E-1,3.047178725398E0,-4.E-1));
#5361=DIRECTION('',(-2.001234283435E-1,9.797706943097E-1,0.E0));
#5362=DIRECTION('',(9.797706943097E-1,2.001234283435E-1,0.E0));
#5363=AXIS2_PLACEMENT_3D('',#5360,#5361,#5362);
#5364=PLANE('',#5363);
#5365=ORIENTED_EDGE('',*,*,#2675,.F.);
#5366=ORIENTED_EDGE('',*,*,#5348,.T.);
#5367=ORIENTED_EDGE('',*,*,#4599,.T.);
#5369=ORIENTED_EDGE('',*,*,#5368,.F.);
#5370=EDGE_LOOP('',(#5365,#5366,#5367,#5369));
#5371=FACE_OUTER_BOUND('',#5370,.F.);
#5372=ADVANCED_FACE('',(#5371),#5364,.T.);
#5373=FILL_AREA_STYLE_COLOUR('',#28);
#5374=FILL_AREA_STYLE('',(#5373));
#5375=SURFACE_STYLE_FILL_AREA(#5374);
#5376=SURFACE_SIDE_STYLE('',(#5375));
#5377=SURFACE_STYLE_USAGE(.POSITIVE.,#5376);
#5378=PRESENTATION_STYLE_ASSIGNMENT((#5377));
#5379=STYLED_ITEM('',(#5378),#5372);
#5380=CARTESIAN_POINT('',(6.5556875E-1,3.0639E0,-4.E-1));
#5381=DIRECTION('',(0.E0,1.E0,0.E0));
#5382=DIRECTION('',(1.E0,0.E0,0.E0));
#5383=AXIS2_PLACEMENT_3D('',#5380,#5381,#5382);
#5384=PLANE('',#5383);
#5385=ORIENTED_EDGE('',*,*,#2677,.F.);
#5386=ORIENTED_EDGE('',*,*,#5368,.T.);
#5387=ORIENTED_EDGE('',*,*,#4597,.T.);
#5389=ORIENTED_EDGE('',*,*,#5388,.F.);
#5390=EDGE_LOOP('',(#5385,#5386,#5387,#5389));
#5391=FACE_OUTER_BOUND('',#5390,.F.);
#5392=ADVANCED_FACE('',(#5391),#5384,.T.);
#5393=FILL_AREA_STYLE_COLOUR('',#28);
#5394=FILL_AREA_STYLE('',(#5393));
#5395=SURFACE_STYLE_FILL_AREA(#5394);
#5396=SURFACE_SIDE_STYLE('',(#5395));
#5397=SURFACE_STYLE_USAGE(.POSITIVE.,#5396);
#5398=PRESENTATION_STYLE_ASSIGNMENT((#5397));
#5399=STYLED_ITEM('',(#5398),#5392);
#5400=CARTESIAN_POINT('',(8.02925E-1,3.0639E0,-4.E-1));
#5401=DIRECTION('',(2.001234283435E-1,9.797706943097E-1,0.E0));
#5402=DIRECTION('',(9.797706943097E-1,-2.001234283435E-1,0.E0));
#5403=AXIS2_PLACEMENT_3D('',#5400,#5401,#5402);
#5404=PLANE('',#5403);
#5405=ORIENTED_EDGE('',*,*,#2679,.F.);
#5406=ORIENTED_EDGE('',*,*,#5388,.T.);
#5407=ORIENTED_EDGE('',*,*,#4595,.T.);
#5409=ORIENTED_EDGE('',*,*,#5408,.F.);
#5410=EDGE_LOOP('',(#5405,#5406,#5407,#5409));
#5411=FACE_OUTER_BOUND('',#5410,.F.);
#5412=ADVANCED_FACE('',(#5411),#5404,.T.);
#5413=FILL_AREA_STYLE_COLOUR('',#28);
#5414=FILL_AREA_STYLE('',(#5413));
#5415=SURFACE_STYLE_FILL_AREA(#5414);
#5416=SURFACE_SIDE_STYLE('',(#5415));
#5417=SURFACE_STYLE_USAGE(.POSITIVE.,#5416);
#5418=PRESENTATION_STYLE_ASSIGNMENT((#5417));
#5419=STYLED_ITEM('',(#5418),#5412);
#5420=CARTESIAN_POINT('',(8.847895521045E-1,3.047178725398E0,-4.E-1));
#5421=DIRECTION('',(4.547769415434E-1,8.906053746977E-1,0.E0));
#5422=DIRECTION('',(8.906053746977E-1,-4.547769415434E-1,0.E0));
#5423=AXIS2_PLACEMENT_3D('',#5420,#5421,#5422);
#5424=PLANE('',#5423);
#5425=ORIENTED_EDGE('',*,*,#2681,.F.);
#5426=ORIENTED_EDGE('',*,*,#5408,.T.);
#5427=ORIENTED_EDGE('',*,*,#4593,.T.);
#5429=ORIENTED_EDGE('',*,*,#5428,.F.);
#5430=EDGE_LOOP('',(#5425,#5426,#5427,#5429));
#5431=FACE_OUTER_BOUND('',#5430,.F.);
#5432=ADVANCED_FACE('',(#5431),#5424,.T.);
#5433=FILL_AREA_STYLE_COLOUR('',#28);
#5434=FILL_AREA_STYLE('',(#5433));
#5435=SURFACE_STYLE_FILL_AREA(#5434);
#5436=SURFACE_SIDE_STYLE('',(#5435));
#5437=SURFACE_STYLE_USAGE(.POSITIVE.,#5436);
#5438=PRESENTATION_STYLE_ASSIGNMENT((#5437));
#5439=STYLED_ITEM('',(#5438),#5432);
#5440=CARTESIAN_POINT('',(9.5028125E-1,3.013736176193E0,-4.E-1));
#5441=DIRECTION('',(7.145104681851E-1,6.996247500295E-1,0.E0));
#5442=DIRECTION('',(6.996247500295E-1,-7.145104681851E-1,0.E0));
#5443=AXIS2_PLACEMENT_3D('',#5440,#5441,#5442);
#5444=PLANE('',#5443);
#5445=ORIENTED_EDGE('',*,*,#2683,.F.);
#5446=ORIENTED_EDGE('',*,*,#5428,.T.);
#5447=ORIENTED_EDGE('',*,*,#4591,.T.);
#5449=ORIENTED_EDGE('',*,*,#5448,.F.);
#5450=EDGE_LOOP('',(#5445,#5446,#5447,#5449));
#5451=FACE_OUTER_BOUND('',#5450,.F.);
#5452=ADVANCED_FACE('',(#5451),#5444,.T.);
#5453=FILL_AREA_STYLE_COLOUR('',#28);
#5454=FILL_AREA_STYLE('',(#5453));
#5455=SURFACE_STYLE_FILL_AREA(#5454);
#5456=SURFACE_SIDE_STYLE('',(#5455));
#5457=SURFACE_STYLE_USAGE(.POSITIVE.,#5456);
#5458=PRESENTATION_STYLE_ASSIGNMENT((#5457));
#5459=STYLED_ITEM('',(#5458),#5452);
#5460=CARTESIAN_POINT('',(1.015772901052E0,2.946851077783E0,-4.E-1));
#5461=DIRECTION('',(8.981380143666E-1,4.397136649566E-1,0.E0));
#5462=DIRECTION('',(4.397136649566E-1,-8.981380143666E-1,0.E0));
#5463=AXIS2_PLACEMENT_3D('',#5460,#5461,#5462);
#5464=PLANE('',#5463);
#5465=ORIENTED_EDGE('',*,*,#2685,.F.);
#5466=ORIENTED_EDGE('',*,*,#5448,.T.);
#5467=ORIENTED_EDGE('',*,*,#4589,.T.);
#5469=ORIENTED_EDGE('',*,*,#5468,.F.);
#5470=EDGE_LOOP('',(#5465,#5466,#5467,#5469));
#5471=FACE_OUTER_BOUND('',#5470,.F.);
#5472=ADVANCED_FACE('',(#5471),#5464,.T.);
#5473=FILL_AREA_STYLE_COLOUR('',#28);
#5474=FILL_AREA_STYLE('',(#5473));
#5475=SURFACE_STYLE_FILL_AREA(#5474);
#5476=SURFACE_SIDE_STYLE('',(#5475));
#5477=SURFACE_STYLE_USAGE(.POSITIVE.,#5476);
#5478=PRESENTATION_STYLE_ASSIGNMENT((#5477));
#5479=STYLED_ITEM('',(#5478),#5472);
#5480=CARTESIAN_POINT('',(1.04851875E0,2.879965979373E0,-4.E-1));
#5481=DIRECTION('',(9.813591893677E-1,1.921825732045E-1,0.E0));
#5482=DIRECTION('',(1.921825732045E-1,-9.813591893677E-1,0.E0));
#5483=AXIS2_PLACEMENT_3D('',#5480,#5481,#5482);
#5484=PLANE('',#5483);
#5485=ORIENTED_EDGE('',*,*,#2687,.F.);
#5486=ORIENTED_EDGE('',*,*,#5468,.T.);
#5487=ORIENTED_EDGE('',*,*,#4587,.T.);
#5489=ORIENTED_EDGE('',*,*,#5488,.F.);
#5490=EDGE_LOOP('',(#5485,#5486,#5487,#5489));
#5491=FACE_OUTER_BOUND('',#5490,.F.);
#5492=ADVANCED_FACE('',(#5491),#5484,.T.);
#5493=FILL_AREA_STYLE_COLOUR('',#28);
#5494=FILL_AREA_STYLE('',(#5493));
#5495=SURFACE_STYLE_FILL_AREA(#5494);
#5496=SURFACE_SIDE_STYLE('',(#5495));
#5497=SURFACE_STYLE_USAGE(.POSITIVE.,#5496);
#5498=PRESENTATION_STYLE_ASSIGNMENT((#5497));
#5499=STYLED_ITEM('',(#5498),#5492);
#5500=CARTESIAN_POINT('',(1.064891651052E0,2.796359559518E0,-4.E-1));
#5501=DIRECTION('',(1.E0,0.E0,0.E0));
#5502=DIRECTION('',(0.E0,-1.E0,0.E0));
#5503=AXIS2_PLACEMENT_3D('',#5500,#5501,#5502);
#5504=PLANE('',#5503);
#5505=ORIENTED_EDGE('',*,*,#2689,.F.);
#5506=ORIENTED_EDGE('',*,*,#5488,.T.);
#5507=ORIENTED_EDGE('',*,*,#4585,.T.);
#5509=ORIENTED_EDGE('',*,*,#5508,.F.);
#5510=EDGE_LOOP('',(#5505,#5506,#5507,#5509));
#5511=FACE_OUTER_BOUND('',#5510,.F.);
#5512=ADVANCED_FACE('',(#5511),#5504,.T.);
#5513=FILL_AREA_STYLE_COLOUR('',#28);
#5514=FILL_AREA_STYLE('',(#5513));
#5515=SURFACE_STYLE_FILL_AREA(#5514);
#5516=SURFACE_SIDE_STYLE('',(#5515));
#5517=SURFACE_STYLE_USAGE(.POSITIVE.,#5516);
#5518=PRESENTATION_STYLE_ASSIGNMENT((#5517));
#5519=STYLED_ITEM('',(#5518),#5512);
#5520=CARTESIAN_POINT('',(1.064891651052E0,2.545540417060E0,-4.E-1));
#5521=DIRECTION('',(9.813591690599E-1,-1.921826769043E-1,0.E0));
#5522=DIRECTION('',(-1.921826769043E-1,-9.813591690599E-1,0.E0));
#5523=AXIS2_PLACEMENT_3D('',#5520,#5521,#5522);
#5524=PLANE('',#5523);
#5525=ORIENTED_EDGE('',*,*,#2691,.F.);
#5526=ORIENTED_EDGE('',*,*,#5508,.T.);
#5527=ORIENTED_EDGE('',*,*,#4583,.T.);
#5529=ORIENTED_EDGE('',*,*,#5528,.F.);
#5530=EDGE_LOOP('',(#5525,#5526,#5527,#5529));
#5531=FACE_OUTER_BOUND('',#5530,.F.);
#5532=ADVANCED_FACE('',(#5531),#5524,.T.);
#5533=FILL_AREA_STYLE_COLOUR('',#28);
#5534=FILL_AREA_STYLE('',(#5533));
#5535=SURFACE_STYLE_FILL_AREA(#5534);
#5536=SURFACE_SIDE_STYLE('',(#5535));
#5537=SURFACE_STYLE_USAGE(.POSITIVE.,#5536);
#5538=PRESENTATION_STYLE_ASSIGNMENT((#5537));
#5539=STYLED_ITEM('',(#5538),#5532);
#5540=CARTESIAN_POINT('',(1.04851875E0,2.461934044048E0,-4.E-1));
#5541=DIRECTION('',(8.981380447713E-1,-4.397136028534E-1,0.E0));
#5542=DIRECTION('',(-4.397136028534E-1,-8.981380447713E-1,0.E0));
#5543=AXIS2_PLACEMENT_3D('',#5540,#5541,#5542);
#5544=PLANE('',#5543);
#5545=ORIENTED_EDGE('',*,*,#2693,.F.);
#5546=ORIENTED_EDGE('',*,*,#5528,.T.);
#5547=ORIENTED_EDGE('',*,*,#4581,.T.);
#5549=ORIENTED_EDGE('',*,*,#5548,.F.);
#5550=EDGE_LOOP('',(#5545,#5546,#5547,#5549));
#5551=FACE_OUTER_BOUND('',#5550,.F.);
#5552=ADVANCED_FACE('',(#5551),#5544,.T.);
#5553=FILL_AREA_STYLE_COLOUR('',#28);
#5554=FILL_AREA_STYLE('',(#5553));
#5555=SURFACE_STYLE_FILL_AREA(#5554);
#5556=SURFACE_SIDE_STYLE('',(#5555));
#5557=SURFACE_STYLE_USAGE(.POSITIVE.,#5556);
#5558=PRESENTATION_STYLE_ASSIGNMENT((#5557));
#5559=STYLED_ITEM('',(#5558),#5552);
#5560=CARTESIAN_POINT('',(1.015772901052E0,2.395048933928E0,-4.E-1));
#5561=DIRECTION('',(7.145104988024E-1,-6.996247187608E-1,0.E0));
#5562=DIRECTION('',(-6.996247187608E-1,-7.145104988024E-1,0.E0));
#5563=AXIS2_PLACEMENT_3D('',#5560,#5561,#5562);
#5564=PLANE('',#5563);
#5565=ORIENTED_EDGE('',*,*,#2695,.F.);
#5566=ORIENTED_EDGE('',*,*,#5548,.T.);
#5567=ORIENTED_EDGE('',*,*,#4579,.T.);
#5568=ORIENTED_EDGE('',*,*,#2576,.F.);
#5569=EDGE_LOOP('',(#5565,#5566,#5567,#5568));
#5570=FACE_OUTER_BOUND('',#5569,.F.);
#5571=ADVANCED_FACE('',(#5570),#5564,.T.);
#5572=FILL_AREA_STYLE_COLOUR('',#28);
#5573=FILL_AREA_STYLE('',(#5572));
#5574=SURFACE_STYLE_FILL_AREA(#5573);
#5575=SURFACE_SIDE_STYLE('',(#5574));
#5576=SURFACE_STYLE_USAGE(.POSITIVE.,#5575);
#5577=PRESENTATION_STYLE_ASSIGNMENT((#5576));
#5578=STYLED_ITEM('',(#5577),#5571);
#5579=CARTESIAN_POINT('',(-2.940603542089E-1,2.378327659325E0,-4.E-1));
#5580=DIRECTION('',(0.E0,1.E0,0.E0));
#5581=DIRECTION('',(1.E0,0.E0,0.E0));
#5582=AXIS2_PLACEMENT_3D('',#5579,#5580,#5581);
#5583=PLANE('',#5582);
#5584=ORIENTED_EDGE('',*,*,#2712,.F.);
#5586=ORIENTED_EDGE('',*,*,#5585,.T.);
#5587=ORIENTED_EDGE('',*,*,#4658,.T.);
#5589=ORIENTED_EDGE('',*,*,#5588,.F.);
#5590=EDGE_LOOP('',(#5584,#5586,#5587,#5589));
#5591=FACE_OUTER_BOUND('',#5590,.F.);
#5592=ADVANCED_FACE('',(#5591),#5583,.T.);
#5593=FILL_AREA_STYLE_COLOUR('',#28);
#5594=FILL_AREA_STYLE('',(#5593));
#5595=SURFACE_STYLE_FILL_AREA(#5594);
#5596=SURFACE_SIDE_STYLE('',(#5595));
#5597=SURFACE_STYLE_USAGE(.POSITIVE.,#5596);
#5598=PRESENTATION_STYLE_ASSIGNMENT((#5597));
#5599=STYLED_ITEM('',(#5598),#5592);
#5600=CARTESIAN_POINT('',(-2.940603542089E-1,2.278E0,-4.E-1));
#5601=DIRECTION('',(-1.E0,0.E0,0.E0));
#5602=DIRECTION('',(0.E0,1.E0,0.E0));
#5603=AXIS2_PLACEMENT_3D('',#5600,#5601,#5602);
#5604=PLANE('',#5603);
#5605=ORIENTED_EDGE('',*,*,#2734,.F.);
#5607=ORIENTED_EDGE('',*,*,#5606,.T.);
#5608=ORIENTED_EDGE('',*,*,#4660,.T.);
#5609=ORIENTED_EDGE('',*,*,#5585,.F.);
#5610=EDGE_LOOP('',(#5605,#5607,#5608,#5609));
#5611=FACE_OUTER_BOUND('',#5610,.F.);
#5612=ADVANCED_FACE('',(#5611),#5604,.T.);
#5613=FILL_AREA_STYLE_COLOUR('',#28);
#5614=FILL_AREA_STYLE('',(#5613));
#5615=SURFACE_STYLE_FILL_AREA(#5614);
#5616=SURFACE_SIDE_STYLE('',(#5615));
#5617=SURFACE_STYLE_USAGE(.POSITIVE.,#5616);
#5618=PRESENTATION_STYLE_ASSIGNMENT((#5617));
#5619=STYLED_ITEM('',(#5618),#5612);
#5620=CARTESIAN_POINT('',(2.953645521045E-1,2.278E0,-4.E-1));
#5621=DIRECTION('',(0.E0,-1.E0,0.E0));
#5622=DIRECTION('',(-1.E0,0.E0,0.E0));
#5623=AXIS2_PLACEMENT_3D('',#5620,#5621,#5622);
#5624=PLANE('',#5623);
#5625=ORIENTED_EDGE('',*,*,#2732,.F.);
#5627=ORIENTED_EDGE('',*,*,#5626,.T.);
#5628=ORIENTED_EDGE('',*,*,#4662,.T.);
#5629=ORIENTED_EDGE('',*,*,#5606,.F.);
#5630=EDGE_LOOP('',(#5625,#5627,#5628,#5629));
#5631=FACE_OUTER_BOUND('',#5630,.F.);
#5632=ADVANCED_FACE('',(#5631),#5624,.T.);
#5633=FILL_AREA_STYLE_COLOUR('',#28);
#5634=FILL_AREA_STYLE('',(#5633));
#5635=SURFACE_STYLE_FILL_AREA(#5634);
#5636=SURFACE_SIDE_STYLE('',(#5635));
#5637=SURFACE_STYLE_USAGE(.POSITIVE.,#5636);
#5638=PRESENTATION_STYLE_ASSIGNMENT((#5637));
#5639=STYLED_ITEM('',(#5638),#5632);
#5640=CARTESIAN_POINT('',(2.953645521045E-1,3.0639E0,-4.E-1));
#5641=DIRECTION('',(1.E0,0.E0,0.E0));
#5642=DIRECTION('',(0.E0,-1.E0,0.E0));
#5643=AXIS2_PLACEMENT_3D('',#5640,#5641,#5642);
#5644=PLANE('',#5643);
#5645=ORIENTED_EDGE('',*,*,#2730,.F.);
#5647=ORIENTED_EDGE('',*,*,#5646,.T.);
#5648=ORIENTED_EDGE('',*,*,#4664,.T.);
#5649=ORIENTED_EDGE('',*,*,#5626,.F.);
#5650=EDGE_LOOP('',(#5645,#5647,#5648,#5649));
#5651=FACE_OUTER_BOUND('',#5650,.F.);
#5652=ADVANCED_FACE('',(#5651),#5644,.T.);
#5653=FILL_AREA_STYLE_COLOUR('',#28);
#5654=FILL_AREA_STYLE('',(#5653));
#5655=SURFACE_STYLE_FILL_AREA(#5654);
#5656=SURFACE_SIDE_STYLE('',(#5655));
#5657=SURFACE_STYLE_USAGE(.POSITIVE.,#5656);
#5658=PRESENTATION_STYLE_ASSIGNMENT((#5657));
#5659=STYLED_ITEM('',(#5658),#5652);
#5660=CARTESIAN_POINT('',(-2.940603542089E-1,3.0639E0,-4.E-1));
#5661=DIRECTION('',(0.E0,1.E0,0.E0));
#5662=DIRECTION('',(1.E0,0.E0,0.E0));
#5663=AXIS2_PLACEMENT_3D('',#5660,#5661,#5662);
#5664=PLANE('',#5663);
#5665=ORIENTED_EDGE('',*,*,#2728,.F.);
#5667=ORIENTED_EDGE('',*,*,#5666,.T.);
#5668=ORIENTED_EDGE('',*,*,#4666,.T.);
#5669=ORIENTED_EDGE('',*,*,#5646,.F.);
#5670=EDGE_LOOP('',(#5665,#5667,#5668,#5669));
#5671=FACE_OUTER_BOUND('',#5670,.F.);
#5672=ADVANCED_FACE('',(#5671),#5664,.T.);
#5673=FILL_AREA_STYLE_COLOUR('',#28);
#5674=FILL_AREA_STYLE('',(#5673));
#5675=SURFACE_STYLE_FILL_AREA(#5674);
#5676=SURFACE_SIDE_STYLE('',(#5675));
#5677=SURFACE_STYLE_USAGE(.POSITIVE.,#5676);
#5678=PRESENTATION_STYLE_ASSIGNMENT((#5677));
#5679=STYLED_ITEM('',(#5678),#5672);
#5680=CARTESIAN_POINT('',(-2.940603542089E-1,2.963572352386E0,-4.E-1));
#5681=DIRECTION('',(-1.E0,0.E0,0.E0));
#5682=DIRECTION('',(0.E0,1.E0,0.E0));
#5683=AXIS2_PLACEMENT_3D('',#5680,#5681,#5682);
#5684=PLANE('',#5683);
#5685=ORIENTED_EDGE('',*,*,#2726,.F.);
#5687=ORIENTED_EDGE('',*,*,#5686,.T.);
#5688=ORIENTED_EDGE('',*,*,#4668,.T.);
#5689=ORIENTED_EDGE('',*,*,#5666,.F.);
#5690=EDGE_LOOP('',(#5685,#5687,#5688,#5689));
#5691=FACE_OUTER_BOUND('',#5690,.F.);
#5692=ADVANCED_FACE('',(#5691),#5684,.T.);
#5693=FILL_AREA_STYLE_COLOUR('',#28);
#5694=FILL_AREA_STYLE('',(#5693));
#5695=SURFACE_STYLE_FILL_AREA(#5694);
#5696=SURFACE_SIDE_STYLE('',(#5695));
#5697=SURFACE_STYLE_USAGE(.POSITIVE.,#5696);
#5698=PRESENTATION_STYLE_ASSIGNMENT((#5697));
#5699=STYLED_ITEM('',(#5698),#5692);
#5700=CARTESIAN_POINT('',(1.971271457911E-1,2.963572352386E0,-4.E-1));
#5701=DIRECTION('',(0.E0,-1.E0,0.E0));
#5702=DIRECTION('',(-1.E0,0.E0,0.E0));
#5703=AXIS2_PLACEMENT_3D('',#5700,#5701,#5702);
#5704=PLANE('',#5703);
#5705=ORIENTED_EDGE('',*,*,#2724,.F.);
#5707=ORIENTED_EDGE('',*,*,#5706,.T.);
#5708=ORIENTED_EDGE('',*,*,#4670,.T.);
#5709=ORIENTED_EDGE('',*,*,#5686,.F.);
#5710=EDGE_LOOP('',(#5705,#5707,#5708,#5709));
#5711=FACE_OUTER_BOUND('',#5710,.F.);
#5712=ADVANCED_FACE('',(#5711),#5704,.T.);
#5713=FILL_AREA_STYLE_COLOUR('',#28);
#5714=FILL_AREA_STYLE('',(#5713));
#5715=SURFACE_STYLE_FILL_AREA(#5714);
#5716=SURFACE_SIDE_STYLE('',(#5715));
#5717=SURFACE_STYLE_USAGE(.POSITIVE.,#5716);
#5718=PRESENTATION_STYLE_ASSIGNMENT((#5717));
#5719=STYLED_ITEM('',(#5718),#5712);
#5720=CARTESIAN_POINT('',(1.971271457911E-1,2.746195735711E0,-4.E-1));
#5721=DIRECTION('',(-1.E0,0.E0,0.E0));
#5722=DIRECTION('',(0.E0,1.E0,0.E0));
#5723=AXIS2_PLACEMENT_3D('',#5720,#5721,#5722);
#5724=PLANE('',#5723);
#5725=ORIENTED_EDGE('',*,*,#2722,.F.);
#5727=ORIENTED_EDGE('',*,*,#5726,.T.);
#5728=ORIENTED_EDGE('',*,*,#4672,.T.);
#5729=ORIENTED_EDGE('',*,*,#5706,.F.);
#5730=EDGE_LOOP('',(#5725,#5727,#5728,#5729));
#5731=FACE_OUTER_BOUND('',#5730,.F.);
#5732=ADVANCED_FACE('',(#5731),#5724,.T.);
#5733=FILL_AREA_STYLE_COLOUR('',#28);
#5734=FILL_AREA_STYLE('',(#5733));
#5735=SURFACE_STYLE_FILL_AREA(#5734);
#5736=SURFACE_SIDE_STYLE('',(#5735));
#5737=SURFACE_STYLE_USAGE(.POSITIVE.,#5736);
#5738=PRESENTATION_STYLE_ASSIGNMENT((#5737));
#5739=STYLED_ITEM('',(#5738),#5732);
#5740=CARTESIAN_POINT('',(-2.2856875E-1,2.746195735711E0,-4.E-1));
#5741=DIRECTION('',(0.E0,1.E0,0.E0));
#5742=DIRECTION('',(1.E0,0.E0,0.E0));
#5743=AXIS2_PLACEMENT_3D('',#5740,#5741,#5742);
#5744=PLANE('',#5743);
#5745=ORIENTED_EDGE('',*,*,#2720,.F.);
#5747=ORIENTED_EDGE('',*,*,#5746,.T.);
#5748=ORIENTED_EDGE('',*,*,#4674,.T.);
#5749=ORIENTED_EDGE('',*,*,#5726,.F.);
#5750=EDGE_LOOP('',(#5745,#5747,#5748,#5749));
#5751=FACE_OUTER_BOUND('',#5750,.F.);
#5752=ADVANCED_FACE('',(#5751),#5744,.T.);
#5753=FILL_AREA_STYLE_COLOUR('',#28);
#5754=FILL_AREA_STYLE('',(#5753));
#5755=SURFACE_STYLE_FILL_AREA(#5754);
#5756=SURFACE_SIDE_STYLE('',(#5755));
#5757=SURFACE_STYLE_USAGE(.POSITIVE.,#5756);
#5758=PRESENTATION_STYLE_ASSIGNMENT((#5757));
#5759=STYLED_ITEM('',(#5758),#5752);
#5760=CARTESIAN_POINT('',(-2.2856875E-1,2.645868088096E0,-4.E-1));
#5761=DIRECTION('',(-1.E0,0.E0,0.E0));
#5762=DIRECTION('',(0.E0,1.E0,0.E0));
#5763=AXIS2_PLACEMENT_3D('',#5760,#5761,#5762);
#5764=PLANE('',#5763);
#5765=ORIENTED_EDGE('',*,*,#2718,.F.);
#5767=ORIENTED_EDGE('',*,*,#5766,.T.);
#5768=ORIENTED_EDGE('',*,*,#4676,.T.);
#5769=ORIENTED_EDGE('',*,*,#5746,.F.);
#5770=EDGE_LOOP('',(#5765,#5767,#5768,#5769));
#5771=FACE_OUTER_BOUND('',#5770,.F.);
#5772=ADVANCED_FACE('',(#5771),#5764,.T.);
#5773=FILL_AREA_STYLE_COLOUR('',#28);
#5774=FILL_AREA_STYLE('',(#5773));
#5775=SURFACE_STYLE_FILL_AREA(#5774);
#5776=SURFACE_SIDE_STYLE('',(#5775));
#5777=SURFACE_STYLE_USAGE(.POSITIVE.,#5776);
#5778=PRESENTATION_STYLE_ASSIGNMENT((#5777));
#5779=STYLED_ITEM('',(#5778),#5772);
#5780=CARTESIAN_POINT('',(1.971271457911E-1,2.645868088096E0,-4.E-1));
#5781=DIRECTION('',(0.E0,-1.E0,0.E0));
#5782=DIRECTION('',(-1.E0,0.E0,0.E0));
#5783=AXIS2_PLACEMENT_3D('',#5780,#5781,#5782);
#5784=PLANE('',#5783);
#5785=ORIENTED_EDGE('',*,*,#2716,.F.);
#5787=ORIENTED_EDGE('',*,*,#5786,.T.);
#5788=ORIENTED_EDGE('',*,*,#4678,.T.);
#5789=ORIENTED_EDGE('',*,*,#5766,.F.);
#5790=EDGE_LOOP('',(#5785,#5787,#5788,#5789));
#5791=FACE_OUTER_BOUND('',#5790,.F.);
#5792=ADVANCED_FACE('',(#5791),#5784,.T.);
#5793=FILL_AREA_STYLE_COLOUR('',#28);
#5794=FILL_AREA_STYLE('',(#5793));
#5795=SURFACE_STYLE_FILL_AREA(#5794);
#5796=SURFACE_SIDE_STYLE('',(#5795));
#5797=SURFACE_STYLE_USAGE(.POSITIVE.,#5796);
#5798=PRESENTATION_STYLE_ASSIGNMENT((#5797));
#5799=STYLED_ITEM('',(#5798),#5792);
#5800=CARTESIAN_POINT('',(1.971271457911E-1,2.378327659325E0,-4.E-1));
#5801=DIRECTION('',(-1.E0,0.E0,0.E0));
#5802=DIRECTION('',(0.E0,1.E0,0.E0));
#5803=AXIS2_PLACEMENT_3D('',#5800,#5801,#5802);
#5804=PLANE('',#5803);
#5805=ORIENTED_EDGE('',*,*,#2714,.F.);
#5806=ORIENTED_EDGE('',*,*,#5588,.T.);
#5807=ORIENTED_EDGE('',*,*,#4680,.T.);
#5808=ORIENTED_EDGE('',*,*,#5786,.F.);
#5809=EDGE_LOOP('',(#5805,#5806,#5807,#5808));
#5810=FACE_OUTER_BOUND('',#5809,.F.);
#5811=ADVANCED_FACE('',(#5810),#5804,.T.);
#5812=FILL_AREA_STYLE_COLOUR('',#28);
#5813=FILL_AREA_STYLE('',(#5812));
#5814=SURFACE_STYLE_FILL_AREA(#5813);
#5815=SURFACE_SIDE_STYLE('',(#5814));
#5816=SURFACE_STYLE_USAGE(.POSITIVE.,#5815);
#5817=PRESENTATION_STYLE_ASSIGNMENT((#5816));
#5818=STYLED_ITEM('',(#5817),#5811);
#5819=CARTESIAN_POINT('',(-8.1799375E-1,3.0639E0,-4.E-1));
#5820=DIRECTION('',(0.E0,1.E0,0.E0));
#5821=DIRECTION('',(1.E0,0.E0,0.E0));
#5822=AXIS2_PLACEMENT_3D('',#5819,#5820,#5821);
#5823=PLANE('',#5822);
#5824=ORIENTED_EDGE('',*,*,#2738,.F.);
#5826=ORIENTED_EDGE('',*,*,#5825,.T.);
#5827=ORIENTED_EDGE('',*,*,#4697,.T.);
#5829=ORIENTED_EDGE('',*,*,#5828,.F.);
#5830=EDGE_LOOP('',(#5824,#5826,#5827,#5829));
#5831=FACE_OUTER_BOUND('',#5830,.F.);
#5832=ADVANCED_FACE('',(#5831),#5823,.T.);
#5833=FILL_AREA_STYLE_COLOUR('',#28);
#5834=FILL_AREA_STYLE('',(#5833));
#5835=SURFACE_STYLE_FILL_AREA(#5834);
#5836=SURFACE_SIDE_STYLE('',(#5835));
#5837=SURFACE_STYLE_USAGE(.POSITIVE.,#5836);
#5838=PRESENTATION_STYLE_ASSIGNMENT((#5837));
#5839=STYLED_ITEM('',(#5838),#5832);
#5840=CARTESIAN_POINT('',(-8.998583957911E-1,3.047178725398E0,-4.E-1));
#5841=DIRECTION('',(-2.001232084928E-1,9.797707392153E-1,0.E0));
#5842=DIRECTION('',(9.797707392153E-1,2.001232084928E-1,0.E0));
#5843=AXIS2_PLACEMENT_3D('',#5840,#5841,#5842);
#5844=PLANE('',#5843);
#5845=ORIENTED_EDGE('',*,*,#2764,.F.);
#5847=ORIENTED_EDGE('',*,*,#5846,.T.);
#5848=ORIENTED_EDGE('',*,*,#4699,.T.);
#5849=ORIENTED_EDGE('',*,*,#5825,.F.);
#5850=EDGE_LOOP('',(#5845,#5847,#5848,#5849));
#5851=FACE_OUTER_BOUND('',#5850,.F.);
#5852=ADVANCED_FACE('',(#5851),#5844,.T.);
#5853=FILL_AREA_STYLE_COLOUR('',#28);
#5854=FILL_AREA_STYLE('',(#5853));
#5855=SURFACE_STYLE_FILL_AREA(#5854);
#5856=SURFACE_SIDE_STYLE('',(#5855));
#5857=SURFACE_STYLE_USAGE(.POSITIVE.,#5856);
#5858=PRESENTATION_STYLE_ASSIGNMENT((#5857));
#5859=STYLED_ITEM('',(#5858),#5852);
#5860=CARTESIAN_POINT('',(-9.6535E-1,3.013736176193E0,-4.E-1));
#5861=DIRECTION('',(-4.547774575564E-1,8.906051112017E-1,0.E0));
#5862=DIRECTION('',(8.906051112017E-1,4.547774575564E-1,0.E0));
#5863=AXIS2_PLACEMENT_3D('',#5860,#5861,#5862);
#5864=PLANE('',#5863);
#5865=ORIENTED_EDGE('',*,*,#2762,.F.);
#5867=ORIENTED_EDGE('',*,*,#5866,.T.);
#5868=ORIENTED_EDGE('',*,*,#4701,.T.);
#5869=ORIENTED_EDGE('',*,*,#5846,.F.);
#5870=EDGE_LOOP('',(#5865,#5867,#5868,#5869));
#5871=FACE_OUTER_BOUND('',#5870,.F.);
#5872=ADVANCED_FACE('',(#5871),#5864,.T.);
#5873=FILL_AREA_STYLE_COLOUR('',#28);
#5874=FILL_AREA_STYLE('',(#5873));
#5875=SURFACE_STYLE_FILL_AREA(#5874);
#5876=SURFACE_SIDE_STYLE('',(#5875));
#5877=SURFACE_STYLE_USAGE(.POSITIVE.,#5876);
#5878=PRESENTATION_STYLE_ASSIGNMENT((#5877));
#5879=STYLED_ITEM('',(#5878),#5872);
#5880=CARTESIAN_POINT('',(-1.030841604209E0,2.946851077783E0,-4.E-1));
#5881=DIRECTION('',(-7.145107183351E-1,6.996244945571E-1,0.E0));
#5882=DIRECTION('',(6.996244945571E-1,7.145107183351E-1,0.E0));
#5883=AXIS2_PLACEMENT_3D('',#5880,#5881,#5882);
#5884=PLANE('',#5883);
#5885=ORIENTED_EDGE('',*,*,#2760,.F.);
#5887=ORIENTED_EDGE('',*,*,#5886,.T.);
#5888=ORIENTED_EDGE('',*,*,#4703,.T.);
#5889=ORIENTED_EDGE('',*,*,#5866,.F.);
#5890=EDGE_LOOP('',(#5885,#5887,#5888,#5889));
#5891=FACE_OUTER_BOUND('',#5890,.F.);
#5892=ADVANCED_FACE('',(#5891),#5884,.T.);
#5893=FILL_AREA_STYLE_COLOUR('',#28);
#5894=FILL_AREA_STYLE('',(#5893));
#5895=SURFACE_STYLE_FILL_AREA(#5894);
#5896=SURFACE_SIDE_STYLE('',(#5895));
#5897=SURFACE_STYLE_USAGE(.POSITIVE.,#5896);
#5898=PRESENTATION_STYLE_ASSIGNMENT((#5897));
#5899=STYLED_ITEM('',(#5898),#5892);
#5900=CARTESIAN_POINT('',(-1.0635875E0,2.879965979373E0,-4.E-1));
#5901=DIRECTION('',(-8.981377659536E-1,4.397141723527E-1,0.E0));
#5902=DIRECTION('',(4.397141723527E-1,8.981377659536E-1,0.E0));
#5903=AXIS2_PLACEMENT_3D('',#5900,#5901,#5902);
#5904=PLANE('',#5903);
#5905=ORIENTED_EDGE('',*,*,#2758,.F.);
#5907=ORIENTED_EDGE('',*,*,#5906,.T.);
#5908=ORIENTED_EDGE('',*,*,#4705,.T.);
#5909=ORIENTED_EDGE('',*,*,#5886,.F.);
#5910=EDGE_LOOP('',(#5905,#5907,#5908,#5909));
#5911=FACE_OUTER_BOUND('',#5910,.F.);
#5912=ADVANCED_FACE('',(#5911),#5904,.T.);
#5913=FILL_AREA_STYLE_COLOUR('',#28);
#5914=FILL_AREA_STYLE('',(#5913));
#5915=SURFACE_STYLE_FILL_AREA(#5914);
#5916=SURFACE_SIDE_STYLE('',(#5915));
#5917=SURFACE_STYLE_USAGE(.POSITIVE.,#5916);
#5918=PRESENTATION_STYLE_ASSIGNMENT((#5917));
#5919=STYLED_ITEM('',(#5918),#5912);
#5920=CARTESIAN_POINT('',(-1.079960354209E0,2.796359559518E0,-4.E-1));
#5921=DIRECTION('',(-9.813592930674E-1,1.921820436730E-1,0.E0));
#5922=DIRECTION('',(1.921820436730E-1,9.813592930674E-1,0.E0));
#5923=AXIS2_PLACEMENT_3D('',#5920,#5921,#5922);
#5924=PLANE('',#5923);
#5925=ORIENTED_EDGE('',*,*,#2756,.F.);
#5927=ORIENTED_EDGE('',*,*,#5926,.T.);
#5928=ORIENTED_EDGE('',*,*,#4707,.T.);
#5929=ORIENTED_EDGE('',*,*,#5906,.F.);
#5930=EDGE_LOOP('',(#5925,#5927,#5928,#5929));
#5931=FACE_OUTER_BOUND('',#5930,.F.);
#5932=ADVANCED_FACE('',(#5931),#5924,.T.);
#5933=FILL_AREA_STYLE_COLOUR('',#28);
#5934=FILL_AREA_STYLE('',(#5933));
#5935=SURFACE_STYLE_FILL_AREA(#5934);
#5936=SURFACE_SIDE_STYLE('',(#5935));
#5937=SURFACE_STYLE_USAGE(.POSITIVE.,#5936);
#5938=PRESENTATION_STYLE_ASSIGNMENT((#5937));
#5939=STYLED_ITEM('',(#5938),#5932);
#5940=CARTESIAN_POINT('',(-1.079960354209E0,2.545540417060E0,-4.E-1));
#5941=DIRECTION('',(-1.E0,0.E0,0.E0));
#5942=DIRECTION('',(0.E0,1.E0,0.E0));
#5943=AXIS2_PLACEMENT_3D('',#5940,#5941,#5942);
#5944=PLANE('',#5943);
#5945=ORIENTED_EDGE('',*,*,#2754,.F.);
#5947=ORIENTED_EDGE('',*,*,#5946,.T.);
#5948=ORIENTED_EDGE('',*,*,#4709,.T.);
#5949=ORIENTED_EDGE('',*,*,#5926,.F.);
#5950=EDGE_LOOP('',(#5945,#5947,#5948,#5949));
#5951=FACE_OUTER_BOUND('',#5950,.F.);
#5952=ADVANCED_FACE('',(#5951),#5944,.T.);
#5953=FILL_AREA_STYLE_COLOUR('',#28);
#5954=FILL_AREA_STYLE('',(#5953));
#5955=SURFACE_STYLE_FILL_AREA(#5954);
#5956=SURFACE_SIDE_STYLE('',(#5955));
#5957=SURFACE_STYLE_USAGE(.POSITIVE.,#5956);
#5958=PRESENTATION_STYLE_ASSIGNMENT((#5957));
#5959=STYLED_ITEM('',(#5958),#5952);
#5960=CARTESIAN_POINT('',(-1.0635875E0,2.461934044048E0,-4.E-1));
#5961=DIRECTION('',(-9.813592727596E-1,-1.921821473726E-1,0.E0));
#5962=DIRECTION('',(-1.921821473726E-1,9.813592727596E-1,0.E0));
#5963=AXIS2_PLACEMENT_3D('',#5960,#5961,#5962);
#5964=PLANE('',#5963);
#5965=ORIENTED_EDGE('',*,*,#2752,.F.);
#5967=ORIENTED_EDGE('',*,*,#5966,.T.);
#5968=ORIENTED_EDGE('',*,*,#4711,.T.);
#5969=ORIENTED_EDGE('',*,*,#5946,.F.);
#5970=EDGE_LOOP('',(#5965,#5967,#5968,#5969));
#5971=FACE_OUTER_BOUND('',#5970,.F.);
#5972=ADVANCED_FACE('',(#5971),#5964,.T.);
#5973=FILL_AREA_STYLE_COLOUR('',#28);
#5974=FILL_AREA_STYLE('',(#5973));
#5975=SURFACE_STYLE_FILL_AREA(#5974);
#5976=SURFACE_SIDE_STYLE('',(#5975));
#5977=SURFACE_STYLE_USAGE(.POSITIVE.,#5976);
#5978=PRESENTATION_STYLE_ASSIGNMENT((#5977));
#5979=STYLED_ITEM('',(#5978),#5972);
#5980=CARTESIAN_POINT('',(-1.030841604209E0,2.395048933928E0,-4.E-1));
#5981=DIRECTION('',(-8.981377963584E-1,-4.397141102494E-1,0.E0));
#5982=DIRECTION('',(-4.397141102494E-1,8.981377963584E-1,0.E0));
#5983=AXIS2_PLACEMENT_3D('',#5980,#5981,#5982);
#5984=PLANE('',#5983);
#5985=ORIENTED_EDGE('',*,*,#2750,.F.);
#5987=ORIENTED_EDGE('',*,*,#5986,.T.);
#5988=ORIENTED_EDGE('',*,*,#4713,.T.);
#5989=ORIENTED_EDGE('',*,*,#5966,.F.);
#5990=EDGE_LOOP('',(#5985,#5987,#5988,#5989));
#5991=FACE_OUTER_BOUND('',#5990,.F.);
#5992=ADVANCED_FACE('',(#5991),#5984,.T.);
#5993=FILL_AREA_STYLE_COLOUR('',#28);
#5994=FILL_AREA_STYLE('',(#5993));
#5995=SURFACE_STYLE_FILL_AREA(#5994);
#5996=SURFACE_SIDE_STYLE('',(#5995));
#5997=SURFACE_STYLE_USAGE(.POSITIVE.,#5996);
#5998=PRESENTATION_STYLE_ASSIGNMENT((#5997));
#5999=STYLED_ITEM('',(#5998),#5992);
#6000=CARTESIAN_POINT('',(-9.6535E-1,2.328163829663E0,-4.E-1));
#6001=DIRECTION('',(-7.145107489524E-1,-6.996244632883E-1,0.E0));
#6002=DIRECTION('',(-6.996244632883E-1,7.145107489524E-1,0.E0));
#6003=AXIS2_PLACEMENT_3D('',#6000,#6001,#6002);
#6004=PLANE('',#6003);
#6005=ORIENTED_EDGE('',*,*,#2748,.F.);
#6007=ORIENTED_EDGE('',*,*,#6006,.T.);
#6008=ORIENTED_EDGE('',*,*,#4715,.T.);
#6009=ORIENTED_EDGE('',*,*,#5986,.F.);
#6010=EDGE_LOOP('',(#6005,#6007,#6008,#6009));
#6011=FACE_OUTER_BOUND('',#6010,.F.);
#6012=ADVANCED_FACE('',(#6011),#6004,.T.);
#6013=FILL_AREA_STYLE_COLOUR('',#28);
#6014=FILL_AREA_STYLE('',(#6013));
#6015=SURFACE_STYLE_FILL_AREA(#6014);
#6016=SURFACE_SIDE_STYLE('',(#6015));
#6017=SURFACE_STYLE_USAGE(.POSITIVE.,#6016);
#6018=PRESENTATION_STYLE_ASSIGNMENT((#6017));
#6019=STYLED_ITEM('',(#6018),#6012);
#6020=CARTESIAN_POINT('',(-8.998583957911E-1,2.294721276066E0,-4.E-1));
#6021=DIRECTION('',(-4.547775049248E-1,-8.906050870136E-1,0.E0));
#6022=DIRECTION('',(-8.906050870136E-1,4.547775049248E-1,0.E0));
#6023=AXIS2_PLACEMENT_3D('',#6020,#6021,#6022);
#6024=PLANE('',#6023);
#6025=ORIENTED_EDGE('',*,*,#2746,.F.);
#6027=ORIENTED_EDGE('',*,*,#6026,.T.);
#6028=ORIENTED_EDGE('',*,*,#4717,.T.);
#6029=ORIENTED_EDGE('',*,*,#6006,.F.);
#6030=EDGE_LOOP('',(#6025,#6027,#6028,#6029));
#6031=FACE_OUTER_BOUND('',#6030,.F.);
#6032=ADVANCED_FACE('',(#6031),#6024,.T.);
#6033=FILL_AREA_STYLE_COLOUR('',#28);
#6034=FILL_AREA_STYLE('',(#6033));
#6035=SURFACE_STYLE_FILL_AREA(#6034);
#6036=SURFACE_SIDE_STYLE('',(#6035));
#6037=SURFACE_STYLE_USAGE(.POSITIVE.,#6036);
#6038=PRESENTATION_STYLE_ASSIGNMENT((#6037));
#6039=STYLED_ITEM('',(#6038),#6032);
#6040=CARTESIAN_POINT('',(-8.1799375E-1,2.278E0,-4.E-1));
#6041=DIRECTION('',(-2.001232253108E-1,-9.797707357802E-1,0.E0));
#6042=DIRECTION('',(-9.797707357802E-1,2.001232253108E-1,0.E0));
#6043=AXIS2_PLACEMENT_3D('',#6040,#6041,#6042);
#6044=PLANE('',#6043);
#6045=ORIENTED_EDGE('',*,*,#2744,.F.);
#6047=ORIENTED_EDGE('',*,*,#6046,.T.);
#6048=ORIENTED_EDGE('',*,*,#4719,.T.);
#6049=ORIENTED_EDGE('',*,*,#6026,.F.);
#6050=EDGE_LOOP('',(#6045,#6047,#6048,#6049));
#6051=FACE_OUTER_BOUND('',#6050,.F.);
#6052=ADVANCED_FACE('',(#6051),#6044,.T.);
#6053=FILL_AREA_STYLE_COLOUR('',#28);
#6054=FILL_AREA_STYLE('',(#6053));
#6055=SURFACE_STYLE_FILL_AREA(#6054);
#6056=SURFACE_SIDE_STYLE('',(#6055));
#6057=SURFACE_STYLE_USAGE(.POSITIVE.,#6056);
#6058=PRESENTATION_STYLE_ASSIGNMENT((#6057));
#6059=STYLED_ITEM('',(#6058),#6052);
#6060=CARTESIAN_POINT('',(-4.2504375E-1,2.278E0,-4.E-1));
#6061=DIRECTION('',(0.E0,-1.E0,0.E0));
#6062=DIRECTION('',(-1.E0,0.E0,0.E0));
#6063=AXIS2_PLACEMENT_3D('',#6060,#6061,#6062);
#6064=PLANE('',#6063);
#6065=ORIENTED_EDGE('',*,*,#2742,.F.);
#6067=ORIENTED_EDGE('',*,*,#6066,.T.);
#6068=ORIENTED_EDGE('',*,*,#4721,.T.);
#6069=ORIENTED_EDGE('',*,*,#6046,.F.);
#6070=EDGE_LOOP('',(#6065,#6067,#6068,#6069));
#6071=FACE_OUTER_BOUND('',#6070,.F.);
#6072=ADVANCED_FACE('',(#6071),#6064,.T.);
#6073=FILL_AREA_STYLE_COLOUR('',#28);
#6074=FILL_AREA_STYLE('',(#6073));
#6075=SURFACE_STYLE_FILL_AREA(#6074);
#6076=SURFACE_SIDE_STYLE('',(#6075));
#6077=SURFACE_STYLE_USAGE(.POSITIVE.,#6076);
#6078=PRESENTATION_STYLE_ASSIGNMENT((#6077));
#6079=STYLED_ITEM('',(#6078),#6072);
#6080=CARTESIAN_POINT('',(-4.2504375E-1,3.0639E0,-4.E-1));
#6081=DIRECTION('',(1.E0,0.E0,0.E0));
#6082=DIRECTION('',(0.E0,-1.E0,0.E0));
#6083=AXIS2_PLACEMENT_3D('',#6080,#6081,#6082);
#6084=PLANE('',#6083);
#6085=ORIENTED_EDGE('',*,*,#2740,.F.);
#6086=ORIENTED_EDGE('',*,*,#5828,.T.);
#6087=ORIENTED_EDGE('',*,*,#4723,.T.);
#6088=ORIENTED_EDGE('',*,*,#6066,.F.);
#6089=EDGE_LOOP('',(#6085,#6086,#6087,#6088));
#6090=FACE_OUTER_BOUND('',#6089,.F.);
#6091=ADVANCED_FACE('',(#6090),#6084,.T.);
#6092=FILL_AREA_STYLE_COLOUR('',#28);
#6093=FILL_AREA_STYLE('',(#6092));
#6094=SURFACE_STYLE_FILL_AREA(#6093);
#6095=SURFACE_SIDE_STYLE('',(#6094));
#6096=SURFACE_STYLE_USAGE(.POSITIVE.,#6095);
#6097=PRESENTATION_STYLE_ASSIGNMENT((#6096));
#6098=STYLED_ITEM('',(#6097),#6091);
#6099=CARTESIAN_POINT('',(-5.2328125E-1,2.963572352386E0,-4.E-1));
#6100=DIRECTION('',(0.E0,-1.E0,0.E0));
#6101=DIRECTION('',(-1.E0,0.E0,0.E0));
#6102=AXIS2_PLACEMENT_3D('',#6099,#6100,#6101);
#6103=PLANE('',#6102);
#6104=ORIENTED_EDGE('',*,*,#2818,.F.);
#6106=ORIENTED_EDGE('',*,*,#6105,.T.);
#6107=ORIENTED_EDGE('',*,*,#4727,.T.);
#6109=ORIENTED_EDGE('',*,*,#6108,.F.);
#6110=EDGE_LOOP('',(#6104,#6106,#6107,#6109));
#6111=FACE_OUTER_BOUND('',#6110,.F.);
#6112=ADVANCED_FACE('',(#6111),#6103,.T.);
#6113=FILL_AREA_STYLE_COLOUR('',#28);
#6114=FILL_AREA_STYLE('',(#6113));
#6115=SURFACE_STYLE_FILL_AREA(#6114);
#6116=SURFACE_SIDE_STYLE('',(#6115));
#6117=SURFACE_STYLE_USAGE(.POSITIVE.,#6116);
#6118=PRESENTATION_STYLE_ASSIGNMENT((#6117));
#6119=STYLED_ITEM('',(#6118),#6112);
#6120=CARTESIAN_POINT('',(-5.2328125E-1,2.378327659325E0,-4.E-1));
#6121=DIRECTION('',(-1.E0,0.E0,0.E0));
#6122=DIRECTION('',(0.E0,1.E0,0.E0));
#6123=AXIS2_PLACEMENT_3D('',#6120,#6121,#6122);
#6124=PLANE('',#6123);
#6125=ORIENTED_EDGE('',*,*,#2840,.F.);
#6127=ORIENTED_EDGE('',*,*,#6126,.T.);
#6128=ORIENTED_EDGE('',*,*,#4729,.T.);
#6129=ORIENTED_EDGE('',*,*,#6105,.F.);
#6130=EDGE_LOOP('',(#6125,#6127,#6128,#6129));
#6131=FACE_OUTER_BOUND('',#6130,.F.);
#6132=ADVANCED_FACE('',(#6131),#6124,.T.);
#6133=FILL_AREA_STYLE_COLOUR('',#28);
#6134=FILL_AREA_STYLE('',(#6133));
#6135=SURFACE_STYLE_FILL_AREA(#6134);
#6136=SURFACE_SIDE_STYLE('',(#6135));
#6137=SURFACE_STYLE_USAGE(.POSITIVE.,#6136);
#6138=PRESENTATION_STYLE_ASSIGNMENT((#6137));
#6139=STYLED_ITEM('',(#6138),#6132);
#6140=CARTESIAN_POINT('',(-8.1799375E-1,2.378327659325E0,-4.E-1));
#6141=DIRECTION('',(0.E0,1.E0,0.E0));
#6142=DIRECTION('',(1.E0,0.E0,0.E0));
#6143=AXIS2_PLACEMENT_3D('',#6140,#6141,#6142);
#6144=PLANE('',#6143);
#6145=ORIENTED_EDGE('',*,*,#2838,.F.);
#6147=ORIENTED_EDGE('',*,*,#6146,.T.);
#6148=ORIENTED_EDGE('',*,*,#4731,.T.);
#6149=ORIENTED_EDGE('',*,*,#6126,.F.);
#6150=EDGE_LOOP('',(#6145,#6147,#6148,#6149));
#6151=FACE_OUTER_BOUND('',#6150,.F.);
#6152=ADVANCED_FACE('',(#6151),#6144,.T.);
#6153=FILL_AREA_STYLE_COLOUR('',#28);
#6154=FILL_AREA_STYLE('',(#6153));
#6155=SURFACE_STYLE_FILL_AREA(#6154);
#6156=SURFACE_SIDE_STYLE('',(#6155));
#6157=SURFACE_STYLE_USAGE(.POSITIVE.,#6156);
#6158=PRESENTATION_STYLE_ASSIGNMENT((#6157));
#6159=STYLED_ITEM('',(#6158),#6152);
#6160=CARTESIAN_POINT('',(-8.834853542089E-1,2.395048933928E0,-4.E-1));
#6161=DIRECTION('',(2.473834390653E-1,9.689176611437E-1,0.E0));
#6162=DIRECTION('',(9.689176611437E-1,-2.473834390653E-1,0.E0));
#6163=AXIS2_PLACEMENT_3D('',#6160,#6161,#6162);
#6164=PLANE('',#6163);
#6165=ORIENTED_EDGE('',*,*,#2836,.F.);
#6167=ORIENTED_EDGE('',*,*,#6166,.T.);
#6168=ORIENTED_EDGE('',*,*,#4733,.T.);
#6169=ORIENTED_EDGE('',*,*,#6146,.F.);
#6170=EDGE_LOOP('',(#6165,#6167,#6168,#6169));
#6171=FACE_OUTER_BOUND('',#6170,.F.);
#6172=ADVANCED_FACE('',(#6171),#6164,.T.);
#6173=FILL_AREA_STYLE_COLOUR('',#28);
#6174=FILL_AREA_STYLE('',(#6173));
#6175=SURFACE_STYLE_FILL_AREA(#6174);
#6176=SURFACE_SIDE_STYLE('',(#6175));
#6177=SURFACE_STYLE_USAGE(.POSITIVE.,#6176);
#6178=PRESENTATION_STYLE_ASSIGNMENT((#6177));
#6179=STYLED_ITEM('',(#6178),#6172);
#6180=CARTESIAN_POINT('',(-9.326041042089E-1,2.428491494843E0,-4.E-1));
#6181=DIRECTION('',(5.627910658976E-1,8.265991871191E-1,0.E0));
#6182=DIRECTION('',(8.265991871191E-1,-5.627910658976E-1,0.E0));
#6183=AXIS2_PLACEMENT_3D('',#6180,#6181,#6182);
#6184=PLANE('',#6183);
#6185=ORIENTED_EDGE('',*,*,#2834,.F.);
#6187=ORIENTED_EDGE('',*,*,#6186,.T.);
#6188=ORIENTED_EDGE('',*,*,#4735,.T.);
#6189=ORIENTED_EDGE('',*,*,#6166,.F.);
#6190=EDGE_LOOP('',(#6185,#6187,#6188,#6189));
#6191=FACE_OUTER_BOUND('',#6190,.F.);
#6192=ADVANCED_FACE('',(#6191),#6184,.T.);
#6193=FILL_AREA_STYLE_COLOUR('',#28);
#6194=FILL_AREA_STYLE('',(#6193));
#6195=SURFACE_STYLE_FILL_AREA(#6194);
#6196=SURFACE_SIDE_STYLE('',(#6195));
#6197=SURFACE_STYLE_USAGE(.POSITIVE.,#6196);
#6198=PRESENTATION_STYLE_ASSIGNMENT((#6197));
#6199=STYLED_ITEM('',(#6198),#6192);
#6200=CARTESIAN_POINT('',(-9.6535E-1,2.478655318651E0,-4.E-1));
#6201=DIRECTION('',(8.373786433120E-1,5.466232777014E-1,0.E0));
#6202=DIRECTION('',(5.466232777014E-1,-8.373786433120E-1,0.E0));
#6203=AXIS2_PLACEMENT_3D('',#6200,#6201,#6202);
#6204=PLANE('',#6203);
#6205=ORIENTED_EDGE('',*,*,#2832,.F.);
#6207=ORIENTED_EDGE('',*,*,#6206,.T.);
#6208=ORIENTED_EDGE('',*,*,#4737,.T.);
#6209=ORIENTED_EDGE('',*,*,#6186,.F.);
#6210=EDGE_LOOP('',(#6205,#6207,#6208,#6209));
#6211=FACE_OUTER_BOUND('',#6210,.F.);
#6212=ADVANCED_FACE('',(#6211),#6204,.T.);
#6213=FILL_AREA_STYLE_COLOUR('',#28);
#6214=FILL_AREA_STYLE('',(#6213));
#6215=SURFACE_STYLE_FILL_AREA(#6214);
#6216=SURFACE_SIDE_STYLE('',(#6215));
#6217=SURFACE_STYLE_USAGE(.POSITIVE.,#6216);
#6218=PRESENTATION_STYLE_ASSIGNMENT((#6217));
#6219=STYLED_ITEM('',(#6218),#6212);
#6220=CARTESIAN_POINT('',(-9.817228542089E-1,2.545540417060E0,-4.E-1));
#6221=DIRECTION('',(9.713213633444E-1,2.377704967206E-1,0.E0));
#6222=DIRECTION('',(2.377704967206E-1,-9.713213633444E-1,0.E0));
#6223=AXIS2_PLACEMENT_3D('',#6220,#6221,#6222);
#6224=PLANE('',#6223);
#6225=ORIENTED_EDGE('',*,*,#2830,.F.);
#6227=ORIENTED_EDGE('',*,*,#6226,.T.);
#6228=ORIENTED_EDGE('',*,*,#4739,.T.);
#6229=ORIENTED_EDGE('',*,*,#6206,.F.);
#6230=EDGE_LOOP('',(#6225,#6227,#6228,#6229));
#6231=FACE_OUTER_BOUND('',#6230,.F.);
#6232=ADVANCED_FACE('',(#6231),#6224,.T.);
#6233=FILL_AREA_STYLE_COLOUR('',#28);
#6234=FILL_AREA_STYLE('',(#6233));
#6235=SURFACE_STYLE_FILL_AREA(#6234);
#6236=SURFACE_SIDE_STYLE('',(#6235));
#6237=SURFACE_STYLE_USAGE(.POSITIVE.,#6236);
#6238=PRESENTATION_STYLE_ASSIGNMENT((#6237));
#6239=STYLED_ITEM('',(#6238),#6232);
#6240=CARTESIAN_POINT('',(-9.817228542089E-1,2.796359559518E0,-4.E-1));
#6241=DIRECTION('',(1.E0,0.E0,0.E0));
#6242=DIRECTION('',(0.E0,-1.E0,0.E0));
#6243=AXIS2_PLACEMENT_3D('',#6240,#6241,#6242);
#6244=PLANE('',#6243);
#6245=ORIENTED_EDGE('',*,*,#2828,.F.);
#6247=ORIENTED_EDGE('',*,*,#6246,.T.);
#6248=ORIENTED_EDGE('',*,*,#4741,.T.);
#6249=ORIENTED_EDGE('',*,*,#6226,.F.);
#6250=EDGE_LOOP('',(#6245,#6247,#6248,#6249));
#6251=FACE_OUTER_BOUND('',#6250,.F.);
#6252=ADVANCED_FACE('',(#6251),#6244,.T.);
#6253=FILL_AREA_STYLE_COLOUR('',#28);
#6254=FILL_AREA_STYLE('',(#6253));
#6255=SURFACE_STYLE_FILL_AREA(#6254);
#6256=SURFACE_SIDE_STYLE('',(#6255));
#6257=SURFACE_STYLE_USAGE(.POSITIVE.,#6256);
#6258=PRESENTATION_STYLE_ASSIGNMENT((#6257));
#6259=STYLED_ITEM('',(#6258),#6252);
#6260=CARTESIAN_POINT('',(-9.6535E-1,2.863244657928E0,-4.E-1));
#6261=DIRECTION('',(9.713213633444E-1,-2.377704967206E-1,0.E0));
#6262=DIRECTION('',(-2.377704967206E-1,-9.713213633444E-1,0.E0));
#6263=AXIS2_PLACEMENT_3D('',#6260,#6261,#6262);
#6264=PLANE('',#6263);
#6265=ORIENTED_EDGE('',*,*,#2826,.F.);
#6267=ORIENTED_EDGE('',*,*,#6266,.T.);
#6268=ORIENTED_EDGE('',*,*,#4743,.T.);
#6269=ORIENTED_EDGE('',*,*,#6246,.F.);
#6270=EDGE_LOOP('',(#6265,#6267,#6268,#6269));
#6271=FACE_OUTER_BOUND('',#6270,.F.);
#6272=ADVANCED_FACE('',(#6271),#6264,.T.);
#6273=FILL_AREA_STYLE_COLOUR('',#28);
#6274=FILL_AREA_STYLE('',(#6273));
#6275=SURFACE_STYLE_FILL_AREA(#6274);
#6276=SURFACE_SIDE_STYLE('',(#6275));
#6277=SURFACE_STYLE_USAGE(.POSITIVE.,#6276);
#6278=PRESENTATION_STYLE_ASSIGNMENT((#6277));
#6279=STYLED_ITEM('',(#6278),#6272);
#6280=CARTESIAN_POINT('',(-9.326041042089E-1,2.913408528578E0,-4.E-1));
#6281=DIRECTION('',(8.373788769559E-1,-5.466229197794E-1,0.E0));
#6282=DIRECTION('',(-5.466229197794E-1,-8.373788769559E-1,0.E0));
#6283=AXIS2_PLACEMENT_3D('',#6280,#6281,#6282);
#6284=PLANE('',#6283);
#6285=ORIENTED_EDGE('',*,*,#2824,.F.);
#6287=ORIENTED_EDGE('',*,*,#6286,.T.);
#6288=ORIENTED_EDGE('',*,*,#4745,.T.);
#6289=ORIENTED_EDGE('',*,*,#6266,.F.);
#6290=EDGE_LOOP('',(#6285,#6287,#6288,#6289));
#6291=FACE_OUTER_BOUND('',#6290,.F.);
#6292=ADVANCED_FACE('',(#6291),#6284,.T.);
#6293=FILL_AREA_STYLE_COLOUR('',#28);
#6294=FILL_AREA_STYLE('',(#6293));
#6295=SURFACE_STYLE_FILL_AREA(#6294);
#6296=SURFACE_SIDE_STYLE('',(#6295));
#6297=SURFACE_STYLE_USAGE(.POSITIVE.,#6296);
#6298=PRESENTATION_STYLE_ASSIGNMENT((#6297));
#6299=STYLED_ITEM('',(#6298),#6292);
#6300=CARTESIAN_POINT('',(-8.834853542089E-1,2.946851077783E0,-4.E-1));
#6301=DIRECTION('',(5.627909312417E-1,-8.265992787996E-1,0.E0));
#6302=DIRECTION('',(-8.265992787996E-1,-5.627909312417E-1,0.E0));
#6303=AXIS2_PLACEMENT_3D('',#6300,#6301,#6302);
#6304=PLANE('',#6303);
#6305=ORIENTED_EDGE('',*,*,#2822,.F.);
#6307=ORIENTED_EDGE('',*,*,#6306,.T.);
#6308=ORIENTED_EDGE('',*,*,#4747,.T.);
#6309=ORIENTED_EDGE('',*,*,#6286,.F.);
#6310=EDGE_LOOP('',(#6305,#6307,#6308,#6309));
#6311=FACE_OUTER_BOUND('',#6310,.F.);
#6312=ADVANCED_FACE('',(#6311),#6304,.T.);
#6313=FILL_AREA_STYLE_COLOUR('',#28);
#6314=FILL_AREA_STYLE('',(#6313));
#6315=SURFACE_STYLE_FILL_AREA(#6314);
#6316=SURFACE_SIDE_STYLE('',(#6315));
#6317=SURFACE_STYLE_USAGE(.POSITIVE.,#6316);
#6318=PRESENTATION_STYLE_ASSIGNMENT((#6317));
#6319=STYLED_ITEM('',(#6318),#6312);
#6320=CARTESIAN_POINT('',(-8.1799375E-1,2.963572352386E0,-4.E-1));
#6321=DIRECTION('',(2.473834390653E-1,-9.689176611437E-1,0.E0));
#6322=DIRECTION('',(-9.689176611437E-1,-2.473834390653E-1,0.E0));
#6323=AXIS2_PLACEMENT_3D('',#6320,#6321,#6322);
#6324=PLANE('',#6323);
#6325=ORIENTED_EDGE('',*,*,#2820,.F.);
#6326=ORIENTED_EDGE('',*,*,#6108,.T.);
#6327=ORIENTED_EDGE('',*,*,#4749,.T.);
#6328=ORIENTED_EDGE('',*,*,#6306,.F.);
#6329=EDGE_LOOP('',(#6325,#6326,#6327,#6328));
#6330=FACE_OUTER_BOUND('',#6329,.F.);
#6331=ADVANCED_FACE('',(#6330),#6324,.T.);
#6332=FILL_AREA_STYLE_COLOUR('',#28);
#6333=FILL_AREA_STYLE('',(#6332));
#6334=SURFACE_STYLE_FILL_AREA(#6333);
#6335=SURFACE_SIDE_STYLE('',(#6334));
#6336=SURFACE_STYLE_USAGE(.POSITIVE.,#6335);
#6337=PRESENTATION_STYLE_ASSIGNMENT((#6336));
#6338=STYLED_ITEM('',(#6337),#6331);
#6339=CARTESIAN_POINT('',(-1.60389375E0,3.0639E0,-4.E-1));
#6340=DIRECTION('',(0.E0,1.E0,0.E0));
#6341=DIRECTION('',(1.E0,0.E0,0.E0));
#6342=AXIS2_PLACEMENT_3D('',#6339,#6340,#6341);
#6343=PLANE('',#6342);
#6344=ORIENTED_EDGE('',*,*,#2768,.F.);
#6346=ORIENTED_EDGE('',*,*,#6345,.T.);
#6347=ORIENTED_EDGE('',*,*,#4766,.T.);
#6349=ORIENTED_EDGE('',*,*,#6348,.F.);
#6350=EDGE_LOOP('',(#6344,#6346,#6347,#6349));
#6351=FACE_OUTER_BOUND('',#6350,.F.);
#6352=ADVANCED_FACE('',(#6351),#6343,.T.);
#6353=FILL_AREA_STYLE_COLOUR('',#28);
#6354=FILL_AREA_STYLE('',(#6353));
#6355=SURFACE_STYLE_FILL_AREA(#6354);
#6356=SURFACE_SIDE_STYLE('',(#6355));
#6357=SURFACE_STYLE_USAGE(.POSITIVE.,#6356);
#6358=PRESENTATION_STYLE_ASSIGNMENT((#6357));
#6359=STYLED_ITEM('',(#6358),#6352);
#6360=CARTESIAN_POINT('',(-1.865860541582E0,2.278E0,-4.E-1));
#6361=DIRECTION('',(-9.486832528138E-1,3.162279017271E-1,0.E0));
#6362=DIRECTION('',(3.162279017271E-1,9.486832528138E-1,0.E0));
#6363=AXIS2_PLACEMENT_3D('',#6360,#6361,#6362);
#6364=PLANE('',#6363);
#6365=ORIENTED_EDGE('',*,*,#2782,.F.);
#6367=ORIENTED_EDGE('',*,*,#6366,.T.);
#6368=ORIENTED_EDGE('',*,*,#4768,.T.);
#6369=ORIENTED_EDGE('',*,*,#6345,.F.);
#6370=EDGE_LOOP('',(#6365,#6367,#6368,#6369));
#6371=FACE_OUTER_BOUND('',#6370,.F.);
#6372=ADVANCED_FACE('',(#6371),#6364,.T.);
#6373=FILL_AREA_STYLE_COLOUR('',#28);
#6374=FILL_AREA_STYLE('',(#6373));
#6375=SURFACE_STYLE_FILL_AREA(#6374);
#6376=SURFACE_SIDE_STYLE('',(#6375));
#6377=SURFACE_STYLE_USAGE(.POSITIVE.,#6376);
#6378=PRESENTATION_STYLE_ASSIGNMENT((#6377));
#6379=STYLED_ITEM('',(#6378),#6372);
#6380=CARTESIAN_POINT('',(-1.767623041582E0,2.278E0,-4.E-1));
#6381=DIRECTION('',(0.E0,-1.E0,0.E0));
#6382=DIRECTION('',(-1.E0,0.E0,0.E0));
#6383=AXIS2_PLACEMENT_3D('',#6380,#6381,#6382);
#6384=PLANE('',#6383);
#6385=ORIENTED_EDGE('',*,*,#2780,.F.);
#6387=ORIENTED_EDGE('',*,*,#6386,.T.);
#6388=ORIENTED_EDGE('',*,*,#4770,.T.);
#6389=ORIENTED_EDGE('',*,*,#6366,.F.);
#6390=EDGE_LOOP('',(#6385,#6387,#6388,#6389));
#6391=FACE_OUTER_BOUND('',#6390,.F.);
#6392=ADVANCED_FACE('',(#6391),#6384,.T.);
#6393=FILL_AREA_STYLE_COLOUR('',#28);
#6394=FILL_AREA_STYLE('',(#6393));
#6395=SURFACE_STYLE_FILL_AREA(#6394);
#6396=SURFACE_SIDE_STYLE('',(#6395));
#6397=SURFACE_STYLE_USAGE(.POSITIVE.,#6396);
#6398=PRESENTATION_STYLE_ASSIGNMENT((#6397));
#6399=STYLED_ITEM('',(#6398),#6392);
#6400=CARTESIAN_POINT('',(-1.70213125E0,2.478655318651E0,-4.E-1));
#6401=DIRECTION('',(9.506450282288E-1,-3.102805670740E-1,0.E0));
#6402=DIRECTION('',(-3.102805670740E-1,-9.506450282288E-1,0.E0));
#6403=AXIS2_PLACEMENT_3D('',#6400,#6401,#6402);
#6404=PLANE('',#6403);
#6405=ORIENTED_EDGE('',*,*,#2778,.F.);
#6407=ORIENTED_EDGE('',*,*,#6406,.T.);
#6408=ORIENTED_EDGE('',*,*,#4772,.T.);
#6409=ORIENTED_EDGE('',*,*,#6386,.F.);
#6410=EDGE_LOOP('',(#6405,#6407,#6408,#6409));
#6411=FACE_OUTER_BOUND('',#6410,.F.);
#6412=ADVANCED_FACE('',(#6411),#6404,.T.);
#6413=FILL_AREA_STYLE_COLOUR('',#28);
#6414=FILL_AREA_STYLE('',(#6413));
#6415=SURFACE_STYLE_FILL_AREA(#6414);
#6416=SURFACE_SIDE_STYLE('',(#6415));
#6417=SURFACE_STYLE_USAGE(.POSITIVE.,#6416);
#6418=PRESENTATION_STYLE_ASSIGNMENT((#6417));
#6419=STYLED_ITEM('',(#6418),#6412);
#6420=CARTESIAN_POINT('',(-1.374673041582E0,2.478655318651E0,-4.E-1));
#6421=DIRECTION('',(0.E0,-1.E0,0.E0));
#6422=DIRECTION('',(-1.E0,0.E0,0.E0));
#6423=AXIS2_PLACEMENT_3D('',#6420,#6421,#6422);
#6424=PLANE('',#6423);
#6425=ORIENTED_EDGE('',*,*,#2776,.F.);
#6427=ORIENTED_EDGE('',*,*,#6426,.T.);
#6428=ORIENTED_EDGE('',*,*,#4774,.T.);
#6429=ORIENTED_EDGE('',*,*,#6406,.F.);
#6430=EDGE_LOOP('',(#6425,#6427,#6428,#6429));
#6431=FACE_OUTER_BOUND('',#6430,.F.);
#6432=ADVANCED_FACE('',(#6431),#6424,.T.);
#6433=FILL_AREA_STYLE_COLOUR('',#28);
#6434=FILL_AREA_STYLE('',(#6433));
#6435=SURFACE_STYLE_FILL_AREA(#6434);
#6436=SURFACE_SIDE_STYLE('',(#6435));
#6437=SURFACE_STYLE_USAGE(.POSITIVE.,#6436);
#6438=PRESENTATION_STYLE_ASSIGNMENT((#6437));
#6439=STYLED_ITEM('',(#6438),#6432);
#6440=CARTESIAN_POINT('',(-1.30918125E0,2.278E0,-4.E-1));
#6441=DIRECTION('',(-9.506450282288E-1,-3.102805670740E-1,0.E0));
#6442=DIRECTION('',(-3.102805670740E-1,9.506450282288E-1,0.E0));
#6443=AXIS2_PLACEMENT_3D('',#6440,#6441,#6442);
#6444=PLANE('',#6443);
#6445=ORIENTED_EDGE('',*,*,#2774,.F.);
#6447=ORIENTED_EDGE('',*,*,#6446,.T.);
#6448=ORIENTED_EDGE('',*,*,#4776,.T.);
#6449=ORIENTED_EDGE('',*,*,#6426,.F.);
#6450=EDGE_LOOP('',(#6445,#6447,#6448,#6449));
#6451=FACE_OUTER_BOUND('',#6450,.F.);
#6452=ADVANCED_FACE('',(#6451),#6444,.T.);
#6453=FILL_AREA_STYLE_COLOUR('',#28);
#6454=FILL_AREA_STYLE('',(#6453));
#6455=SURFACE_STYLE_FILL_AREA(#6454);
#6456=SURFACE_SIDE_STYLE('',(#6455));
#6457=SURFACE_STYLE_USAGE(.POSITIVE.,#6456);
#6458=PRESENTATION_STYLE_ASSIGNMENT((#6457));
#6459=STYLED_ITEM('',(#6458),#6452);
#6460=CARTESIAN_POINT('',(-1.21094375E0,2.278E0,-4.E-1));
#6461=DIRECTION('',(0.E0,-1.E0,0.E0));
#6462=DIRECTION('',(-1.E0,0.E0,0.E0));
#6463=AXIS2_PLACEMENT_3D('',#6460,#6461,#6462);
#6464=PLANE('',#6463);
#6465=ORIENTED_EDGE('',*,*,#2772,.F.);
#6467=ORIENTED_EDGE('',*,*,#6466,.T.);
#6468=ORIENTED_EDGE('',*,*,#4778,.T.);
#6469=ORIENTED_EDGE('',*,*,#6446,.F.);
#6470=EDGE_LOOP('',(#6465,#6467,#6468,#6469));
#6471=FACE_OUTER_BOUND('',#6470,.F.);
#6472=ADVANCED_FACE('',(#6471),#6464,.T.);
#6473=FILL_AREA_STYLE_COLOUR('',#28);
#6474=FILL_AREA_STYLE('',(#6473));
#6475=SURFACE_STYLE_FILL_AREA(#6474);
#6476=SURFACE_SIDE_STYLE('',(#6475));
#6477=SURFACE_STYLE_USAGE(.POSITIVE.,#6476);
#6478=PRESENTATION_STYLE_ASSIGNMENT((#6477));
#6479=STYLED_ITEM('',(#6478),#6472);
#6480=CARTESIAN_POINT('',(-1.472910541582E0,3.0639E0,-4.E-1));
#6481=DIRECTION('',(9.486832528138E-1,3.162279017271E-1,0.E0));
#6482=DIRECTION('',(3.162279017271E-1,-9.486832528138E-1,0.E0));
#6483=AXIS2_PLACEMENT_3D('',#6480,#6481,#6482);
#6484=PLANE('',#6483);
#6485=ORIENTED_EDGE('',*,*,#2770,.F.);
#6486=ORIENTED_EDGE('',*,*,#6348,.T.);
#6487=ORIENTED_EDGE('',*,*,#4780,.T.);
#6488=ORIENTED_EDGE('',*,*,#6466,.F.);
#6489=EDGE_LOOP('',(#6485,#6486,#6487,#6488));
#6490=FACE_OUTER_BOUND('',#6489,.F.);
#6491=ADVANCED_FACE('',(#6490),#6484,.T.);
#6492=FILL_AREA_STYLE_COLOUR('',#28);
#6493=FILL_AREA_STYLE('',(#6492));
#6494=SURFACE_STYLE_FILL_AREA(#6493);
#6495=SURFACE_SIDE_STYLE('',(#6494));
#6496=SURFACE_STYLE_USAGE(.POSITIVE.,#6495);
#6497=PRESENTATION_STYLE_ASSIGNMENT((#6496));
#6498=STYLED_ITEM('',(#6497),#6491);
#6499=CARTESIAN_POINT('',(-1.538401958418E0,2.997014901590E0,-4.E-1));
#6500=DIRECTION('',(9.506452063546E-1,-3.102800213276E-1,0.E0));
#6501=DIRECTION('',(-3.102800213276E-1,-9.506452063546E-1,0.E0));
#6502=AXIS2_PLACEMENT_3D('',#6499,#6500,#6501);
#6503=PLANE('',#6502);
#6504=ORIENTED_EDGE('',*,*,#2857,.F.);
#6506=ORIENTED_EDGE('',*,*,#6505,.T.);
#6507=ORIENTED_EDGE('',*,*,#4784,.T.);
#6509=ORIENTED_EDGE('',*,*,#6508,.F.);
#6510=EDGE_LOOP('',(#6504,#6506,#6507,#6509));
#6511=FACE_OUTER_BOUND('',#6510,.F.);
#6512=ADVANCED_FACE('',(#6511),#6503,.T.);
#6513=FILL_AREA_STYLE_COLOUR('',#28);
#6514=FILL_AREA_STYLE('',(#6513));
#6515=SURFACE_STYLE_FILL_AREA(#6514);
#6516=SURFACE_SIDE_STYLE('',(#6515));
#6517=SURFACE_STYLE_USAGE(.POSITIVE.,#6516);
#6518=PRESENTATION_STYLE_ASSIGNMENT((#6517));
#6519=STYLED_ITEM('',(#6518),#6512);
#6520=CARTESIAN_POINT('',(-1.391045708418E0,2.545540417060E0,-4.E-1));
#6521=DIRECTION('',(-9.506452063546E-1,-3.102800213276E-1,0.E0));
#6522=DIRECTION('',(-3.102800213276E-1,9.506452063546E-1,0.E0));
#6523=AXIS2_PLACEMENT_3D('',#6520,#6521,#6522);
#6524=PLANE('',#6523);
#6525=ORIENTED_EDGE('',*,*,#2861,.F.);
#6527=ORIENTED_EDGE('',*,*,#6526,.T.);
#6528=ORIENTED_EDGE('',*,*,#4786,.T.);
#6529=ORIENTED_EDGE('',*,*,#6505,.F.);
#6530=EDGE_LOOP('',(#6525,#6527,#6528,#6529));
#6531=FACE_OUTER_BOUND('',#6530,.F.);
#6532=ADVANCED_FACE('',(#6531),#6524,.T.);
#6533=FILL_AREA_STYLE_COLOUR('',#28);
#6534=FILL_AREA_STYLE('',(#6533));
#6535=SURFACE_STYLE_FILL_AREA(#6534);
#6536=SURFACE_SIDE_STYLE('',(#6535));
#6537=SURFACE_STYLE_USAGE(.POSITIVE.,#6536);
#6538=PRESENTATION_STYLE_ASSIGNMENT((#6537));
#6539=STYLED_ITEM('',(#6538),#6532);
#6540=CARTESIAN_POINT('',(-1.685758208418E0,2.545540417060E0,-4.E-1));
#6541=DIRECTION('',(0.E0,1.E0,0.E0));
#6542=DIRECTION('',(1.E0,0.E0,0.E0));
#6543=AXIS2_PLACEMENT_3D('',#6540,#6541,#6542);
#6544=PLANE('',#6543);
#6545=ORIENTED_EDGE('',*,*,#2859,.F.);
#6546=ORIENTED_EDGE('',*,*,#6508,.T.);
#6547=ORIENTED_EDGE('',*,*,#4788,.T.);
#6548=ORIENTED_EDGE('',*,*,#6526,.F.);
#6549=EDGE_LOOP('',(#6545,#6546,#6547,#6548));
#6550=FACE_OUTER_BOUND('',#6549,.F.);
#6551=ADVANCED_FACE('',(#6550),#6544,.T.);
#6552=FILL_AREA_STYLE_COLOUR('',#28);
#6553=FILL_AREA_STYLE('',(#6552));
#6554=SURFACE_STYLE_FILL_AREA(#6553);
#6555=SURFACE_SIDE_STYLE('',(#6554));
#6556=SURFACE_STYLE_USAGE(.POSITIVE.,#6555);
#6557=PRESENTATION_STYLE_ASSIGNMENT((#6556));
#6558=STYLED_ITEM('',(#6557),#6551);
#6559=CLOSED_SHELL('',(#2584,#2786,#2805,#2844,#2865,#2887,#2907,#2930,#2949,
#2971,#2993,#3017,#3042,#3063,#3082,#3111,#3132,#3213,#3235,#3256,#3276,#3301,
#3321,#3341,#3360,#3380,#3400,#3419,#3438,#3468,#3497,#3519,#3542,#3566,#3591,
#3614,#3639,#3660,#3687,#3708,#3730,#3751,#3779,#3803,#3828,#3851,#3875,#3902,
#3922,#3942,#3962,#3987,#4022,#4042,#4068,#4087,#4106,#4125,#4150,#4169,#4189,
#4209,#4228,#4247,#4267,#4287,#4306,#4326,#4346,#4365,#4385,#4404,#4426,#4447,
#4468,#4489,#4510,#4530,#4551,#4645,#4684,#4753,#4792,#4813,#4833,#4853,#4873,
#4893,#4913,#4932,#4952,#4972,#4992,#5012,#5032,#5052,#5072,#5092,#5112,#5132,
#5152,#5172,#5192,#5212,#5232,#5252,#5272,#5292,#5312,#5332,#5352,#5372,#5392,
#5412,#5432,#5452,#5472,#5492,#5512,#5532,#5552,#5571,#5592,#5612,#5632,#5652,
#5672,#5692,#5712,#5732,#5752,#5772,#5792,#5811,#5832,#5852,#5872,#5892,#5912,
#5932,#5952,#5972,#5992,#6012,#6032,#6052,#6072,#6091,#6112,#6132,#6152,#6172,
#6192,#6212,#6232,#6252,#6272,#6292,#6312,#6331,#6352,#6372,#6392,#6412,#6432,
#6452,#6472,#6491,#6512,#6532,#6551));
#6560=MANIFOLD_SOLID_BREP('',#6559);
#6561=DIRECTION('',(7.071067811865E-1,-1.193362414003E-10,-7.071067811865E-1));
#6562=VECTOR('',#6561,7.071067811990E-1);
#6563=CARTESIAN_POINT('',(2.999999999929E0,6.750611866599E-10,
9.000000000071E0));
#6564=LINE('',#6563,#6562);
#6565=CARTESIAN_POINT('',(0.E0,0.E0,4.5E0));
#6566=DIRECTION('',(0.E0,0.E0,1.E0));
#6567=DIRECTION('',(1.E0,0.E0,0.E0));
#6568=AXIS2_PLACEMENT_3D('',#6565,#6566,#6567);
#6570=DIRECTION('',(-1.546818229035E-11,1.471134584261E-10,1.E0));
#6571=VECTOR('',#6570,4.000000000062E0);
#6572=CARTESIAN_POINT('',(3.5E0,2.223887409446E-12,4.5E0));
#6573=LINE('',#6572,#6571);
#6574=CARTESIAN_POINT('',(0.E0,0.E0,8.5E0));
#6575=DIRECTION('',(0.E0,0.E0,1.E0));
#6576=DIRECTION('',(1.E0,0.E0,0.E0));
#6577=AXIS2_PLACEMENT_3D('',#6574,#6575,#6576);
#6579=CARTESIAN_POINT('',(4.E0,-4.627270788760E-13,4.5E0));
#6580=DIRECTION('',(1.156817697190E-13,1.E0,0.E0));
#6581=DIRECTION('',(-2.966515921798E-13,0.E0,-1.E0));
#6582=AXIS2_PLACEMENT_3D('',#6579,#6580,#6581);
#6584=DIRECTION('',(0.E0,1.E0,0.E0));
#6585=VECTOR('',#6584,2.3E0);
#6586=CARTESIAN_POINT('',(-5.35E0,-1.15E0,4.E0));
#6587=LINE('',#6586,#6585);
#6588=DIRECTION('',(-1.E0,0.E0,0.E0));
#6589=VECTOR('',#6588,1.518877449102E0);
#6590=CARTESIAN_POINT('',(-3.831122550898E0,1.15E0,4.E0));
#6591=LINE('',#6590,#6589);
#6592=CARTESIAN_POINT('',(0.E0,0.E0,4.E0));
#6593=DIRECTION('',(0.E0,0.E0,1.E0));
#6594=DIRECTION('',(-9.577806377245E-1,2.875E-1,0.E0));
#6595=AXIS2_PLACEMENT_3D('',#6592,#6593,#6594);
#6597=CARTESIAN_POINT('',(0.E0,0.E0,4.E0));
#6598=DIRECTION('',(0.E0,0.E0,1.E0));
#6599=DIRECTION('',(-1.E0,0.E0,0.E0));
#6600=AXIS2_PLACEMENT_3D('',#6597,#6598,#6599);
#6602=DIRECTION('',(1.E0,0.E0,0.E0));
#6603=VECTOR('',#6602,1.518877449102E0);
#6604=CARTESIAN_POINT('',(-5.35E0,-1.15E0,4.E0));
#6605=LINE('',#6604,#6603);
#6606=DIRECTION('',(0.E0,-1.E0,0.E0));
#6607=VECTOR('',#6606,2.3E0);
#6608=CARTESIAN_POINT('',(5.35E0,1.15E0,4.E0));
#6609=LINE('',#6608,#6607);
#6610=DIRECTION('',(1.E0,0.E0,0.E0));
#6611=VECTOR('',#6610,1.518877449102E0);
#6612=CARTESIAN_POINT('',(3.831122550898E0,-1.15E0,4.E0));
#6613=LINE('',#6612,#6611);
#6614=CARTESIAN_POINT('',(0.E0,0.E0,4.E0));
#6615=DIRECTION('',(0.E0,0.E0,1.E0));
#6616=DIRECTION('',(9.577806377245E-1,-2.875E-1,0.E0));
#6617=AXIS2_PLACEMENT_3D('',#6614,#6615,#6616);
#6619=CARTESIAN_POINT('',(0.E0,0.E0,4.E0));
#6620=DIRECTION('',(0.E0,0.E0,1.E0));
#6621=DIRECTION('',(1.E0,0.E0,0.E0));
#6622=AXIS2_PLACEMENT_3D('',#6619,#6620,#6621);
#6624=DIRECTION('',(-1.E0,0.E0,0.E0));
#6625=VECTOR('',#6624,1.518877449102E0);
#6626=CARTESIAN_POINT('',(5.35E0,1.15E0,4.E0));
#6627=LINE('',#6626,#6625);
#6628=DIRECTION('',(0.E0,0.E0,-1.E0));
#6629=VECTOR('',#6628,1.2E0);
#6630=CARTESIAN_POINT('',(-5.35E0,4.7E0,3.5E0));
#6631=LINE('',#6630,#6629);
#6632=DIRECTION('',(0.E0,0.E0,1.E0));
#6633=VECTOR('',#6632,1.2E0);
#6634=CARTESIAN_POINT('',(-5.35E0,-4.7E0,2.3E0));
#6635=LINE('',#6634,#6633);
#6636=DIRECTION('',(0.E0,-1.E0,0.E0));
#6637=VECTOR('',#6636,9.4E0);
#6638=CARTESIAN_POINT('',(5.35E0,4.7E0,2.3E0));
#6639=LINE('',#6638,#6637);
#6640=DIRECTION('',(-1.E0,0.E0,0.E0));
#6641=VECTOR('',#6640,5.E-1);
#6642=CARTESIAN_POINT('',(5.85E0,4.7E0,2.3E0));
#6643=LINE('',#6642,#6641);
#6644=DIRECTION('',(0.E0,1.E0,0.E0));
#6645=VECTOR('',#6644,3.E-1);
#6646=CARTESIAN_POINT('',(5.85E0,4.7E0,2.3E0));
#6647=LINE('',#6646,#6645);
#6648=CARTESIAN_POINT('',(4.85E0,5.E0,2.3E0));
#6649=DIRECTION('',(0.E0,0.E0,-1.E0));
#6650=DIRECTION('',(0.E0,1.E0,0.E0));
#6651=AXIS2_PLACEMENT_3D('',#6648,#6649,#6650);
#6653=DIRECTION('',(-1.E0,0.E0,0.E0));
#6654=VECTOR('',#6653,9.7E0);
#6655=CARTESIAN_POINT('',(4.85E0,6.E0,2.3E0));
#6656=LINE('',#6655,#6654);
#6657=CARTESIAN_POINT('',(-4.85E0,5.E0,2.3E0));
#6658=DIRECTION('',(0.E0,0.E0,-1.E0));
#6659=DIRECTION('',(-1.E0,0.E0,0.E0));
#6660=AXIS2_PLACEMENT_3D('',#6657,#6658,#6659);
#6662=DIRECTION('',(0.E0,-1.E0,0.E0));
#6663=VECTOR('',#6662,3.E-1);
#6664=CARTESIAN_POINT('',(-5.85E0,5.E0,2.3E0));
#6665=LINE('',#6664,#6663);
#6666=DIRECTION('',(1.E0,0.E0,0.E0));
#6667=VECTOR('',#6666,5.E-1);
#6668=CARTESIAN_POINT('',(-5.85E0,4.7E0,2.3E0));
#6669=LINE('',#6668,#6667);
#6670=DIRECTION('',(0.E0,-1.E0,0.E0));
#6671=VECTOR('',#6670,9.4E0);
#6672=CARTESIAN_POINT('',(-5.35E0,4.7E0,2.3E0));
#6673=LINE('',#6672,#6671);
#6674=DIRECTION('',(1.E0,0.E0,0.E0));
#6675=VECTOR('',#6674,5.E-1);
#6676=CARTESIAN_POINT('',(-5.85E0,-4.7E0,2.3E0));
#6677=LINE('',#6676,#6675);
#6678=DIRECTION('',(0.E0,-1.E0,0.E0));
#6679=VECTOR('',#6678,3.E-1);
#6680=CARTESIAN_POINT('',(-5.85E0,-4.7E0,2.3E0));
#6681=LINE('',#6680,#6679);
#6682=CARTESIAN_POINT('',(-4.85E0,-5.E0,2.3E0));
#6683=DIRECTION('',(0.E0,0.E0,-1.E0));
#6684=DIRECTION('',(0.E0,-1.E0,0.E0));
#6685=AXIS2_PLACEMENT_3D('',#6682,#6683,#6684);
#6687=DIRECTION('',(1.E0,0.E0,0.E0));
#6688=VECTOR('',#6687,9.7E0);
#6689=CARTESIAN_POINT('',(-4.85E0,-6.E0,2.3E0));
#6690=LINE('',#6689,#6688);
#6691=CARTESIAN_POINT('',(4.85E0,-5.E0,2.3E0));
#6692=DIRECTION('',(0.E0,0.E0,-1.E0));
#6693=DIRECTION('',(1.E0,0.E0,0.E0));
#6694=AXIS2_PLACEMENT_3D('',#6691,#6692,#6693);
#6696=DIRECTION('',(0.E0,1.E0,0.E0));
#6697=VECTOR('',#6696,3.E-1);
#6698=CARTESIAN_POINT('',(5.85E0,-5.E0,2.3E0));
#6699=LINE('',#6698,#6697);
#6700=DIRECTION('',(-1.E0,0.E0,0.E0));
#6701=VECTOR('',#6700,5.E-1);
#6702=CARTESIAN_POINT('',(5.85E0,-4.7E0,2.3E0));
#6703=LINE('',#6702,#6701);
#6704=DIRECTION('',(0.E0,0.E0,-1.E0));
#6705=VECTOR('',#6704,1.2E0);
#6706=CARTESIAN_POINT('',(5.35E0,4.7E0,3.5E0));
#6707=LINE('',#6706,#6705);
#6708=DIRECTION('',(0.E0,0.E0,1.E0));
#6709=VECTOR('',#6708,1.2E0);
#6710=CARTESIAN_POINT('',(5.35E0,-4.7E0,2.3E0));
#6711=LINE('',#6710,#6709);
#6712=DIRECTION('',(0.E0,-1.E0,0.E0));
#6713=VECTOR('',#6712,3.55E0);
#6714=CARTESIAN_POINT('',(5.35E0,4.7E0,3.5E0));
#6715=LINE('',#6714,#6713);
#6716=DIRECTION('',(-1.E0,0.E0,0.E0));
#6717=VECTOR('',#6716,1.518877449102E0);
#6718=CARTESIAN_POINT('',(5.35E0,1.15E0,3.5E0));
#6719=LINE('',#6718,#6717);
#6720=CARTESIAN_POINT('',(0.E0,0.E0,3.5E0));
#6721=DIRECTION('',(0.E0,0.E0,1.E0));
#6722=DIRECTION('',(9.577806377245E-1,2.875E-1,0.E0));
#6723=AXIS2_PLACEMENT_3D('',#6720,#6721,#6722);
#6725=DIRECTION('',(1.E0,0.E0,0.E0));
#6726=VECTOR('',#6725,1.518877449102E0);
#6727=CARTESIAN_POINT('',(-5.35E0,1.15E0,3.5E0));
#6728=LINE('',#6727,#6726);
#6729=DIRECTION('',(0.E0,-1.E0,0.E0));
#6730=VECTOR('',#6729,3.55E0);
#6731=CARTESIAN_POINT('',(-5.35E0,4.7E0,3.5E0));
#6732=LINE('',#6731,#6730);
#6733=DIRECTION('',(1.E0,0.E0,0.E0));
#6734=VECTOR('',#6733,5.E-1);
#6735=CARTESIAN_POINT('',(-5.85E0,4.7E0,3.5E0));
#6736=LINE('',#6735,#6734);
#6737=DIRECTION('',(0.E0,-1.E0,0.E0));
#6738=VECTOR('',#6737,3.E-1);
#6739=CARTESIAN_POINT('',(-5.85E0,5.E0,3.5E0));
#6740=LINE('',#6739,#6738);
#6741=CARTESIAN_POINT('',(-4.85E0,5.E0,3.5E0));
#6742=DIRECTION('',(0.E0,0.E0,1.E0));
#6743=DIRECTION('',(0.E0,1.E0,0.E0));
#6744=AXIS2_PLACEMENT_3D('',#6741,#6742,#6743);
#6746=DIRECTION('',(-1.E0,0.E0,0.E0));
#6747=VECTOR('',#6746,9.7E0);
#6748=CARTESIAN_POINT('',(4.85E0,6.E0,3.5E0));
#6749=LINE('',#6748,#6747);
#6750=CARTESIAN_POINT('',(4.85E0,5.E0,3.5E0));
#6751=DIRECTION('',(0.E0,0.E0,1.E0));
#6752=DIRECTION('',(1.E0,0.E0,0.E0));
#6753=AXIS2_PLACEMENT_3D('',#6750,#6751,#6752);
#6755=DIRECTION('',(0.E0,1.E0,0.E0));
#6756=VECTOR('',#6755,3.E-1);
#6757=CARTESIAN_POINT('',(5.85E0,4.7E0,3.5E0));
#6758=LINE('',#6757,#6756);
#6759=DIRECTION('',(-1.E0,0.E0,0.E0));
#6760=VECTOR('',#6759,5.E-1);
#6761=CARTESIAN_POINT('',(5.85E0,4.7E0,3.5E0));
#6762=LINE('',#6761,#6760);
#6763=DIRECTION('',(0.E0,-1.E0,0.E0));
#6764=VECTOR('',#6763,3.55E0);
#6765=CARTESIAN_POINT('',(5.35E0,-1.15E0,3.5E0));
#6766=LINE('',#6765,#6764);
#6767=DIRECTION('',(-1.E0,0.E0,0.E0));
#6768=VECTOR('',#6767,5.E-1);
#6769=CARTESIAN_POINT('',(5.85E0,-4.7E0,3.5E0));
#6770=LINE('',#6769,#6768);
#6771=DIRECTION('',(0.E0,1.E0,0.E0));
#6772=VECTOR('',#6771,3.E-1);
#6773=CARTESIAN_POINT('',(5.85E0,-5.E0,3.5E0));
#6774=LINE('',#6773,#6772);
#6775=CARTESIAN_POINT('',(4.85E0,-5.E0,3.5E0));
#6776=DIRECTION('',(0.E0,0.E0,1.E0));
#6777=DIRECTION('',(0.E0,-1.E0,0.E0));
#6778=AXIS2_PLACEMENT_3D('',#6775,#6776,#6777);
#6780=DIRECTION('',(1.E0,0.E0,0.E0));
#6781=VECTOR('',#6780,9.7E0);
#6782=CARTESIAN_POINT('',(-4.85E0,-6.E0,3.5E0));
#6783=LINE('',#6782,#6781);
#6784=CARTESIAN_POINT('',(-4.85E0,-5.E0,3.5E0));
#6785=DIRECTION('',(0.E0,0.E0,1.E0));
#6786=DIRECTION('',(-1.E0,0.E0,0.E0));
#6787=AXIS2_PLACEMENT_3D('',#6784,#6785,#6786);
#6789=DIRECTION('',(0.E0,-1.E0,0.E0));
#6790=VECTOR('',#6789,3.E-1);
#6791=CARTESIAN_POINT('',(-5.85E0,-4.7E0,3.5E0));
#6792=LINE('',#6791,#6790);
#6793=DIRECTION('',(1.E0,0.E0,0.E0));
#6794=VECTOR('',#6793,5.E-1);
#6795=CARTESIAN_POINT('',(-5.85E0,-4.7E0,3.5E0));
#6796=LINE('',#6795,#6794);
#6797=DIRECTION('',(0.E0,-1.E0,0.E0));
#6798=VECTOR('',#6797,3.55E0);
#6799=CARTESIAN_POINT('',(-5.35E0,-1.15E0,3.5E0));
#6800=LINE('',#6799,#6798);
#6801=DIRECTION('',(1.E0,0.E0,0.E0));
#6802=VECTOR('',#6801,1.518877449102E0);
#6803=CARTESIAN_POINT('',(-5.35E0,-1.15E0,3.5E0));
#6804=LINE('',#6803,#6802);
#6805=CARTESIAN_POINT('',(0.E0,0.E0,3.5E0));
#6806=DIRECTION('',(0.E0,0.E0,1.E0));
#6807=DIRECTION('',(-9.577806377245E-1,-2.875E-1,0.E0));
#6808=AXIS2_PLACEMENT_3D('',#6805,#6806,#6807);
#6810=DIRECTION('',(-1.E0,0.E0,0.E0));
#6811=VECTOR('',#6810,1.518877449102E0);
#6812=CARTESIAN_POINT('',(5.35E0,-1.15E0,3.5E0));
#6813=LINE('',#6812,#6811);
#6814=DIRECTION('',(0.E0,0.E0,1.E0));
#6815=VECTOR('',#6814,5.E-1);
#6816=CARTESIAN_POINT('',(5.35E0,1.15E0,3.5E0));
#6817=LINE('',#6816,#6815);
#6818=CARTESIAN_POINT('',(0.E0,0.E0,4.E0));
#6819=DIRECTION('',(0.E0,0.E0,1.E0));
#6820=DIRECTION('',(9.577806377245E-1,2.875E-1,0.E0));
#6821=AXIS2_PLACEMENT_3D('',#6818,#6819,#6820);
#6823=DIRECTION('',(0.E0,0.E0,1.E0));
#6824=VECTOR('',#6823,5.E-1);
#6825=CARTESIAN_POINT('',(3.831122550898E0,1.15E0,3.5E0));
#6826=LINE('',#6825,#6824);
#6827=DIRECTION('',(0.E0,0.E0,1.E0));
#6828=VECTOR('',#6827,5.E-1);
#6829=CARTESIAN_POINT('',(-5.35E0,1.15E0,3.5E0));
#6830=LINE('',#6829,#6828);
#6831=DIRECTION('',(0.E0,0.E0,1.E0));
#6832=VECTOR('',#6831,5.E-1);
#6833=CARTESIAN_POINT('',(-3.831122550898E0,1.15E0,3.5E0));
#6834=LINE('',#6833,#6832);
#6835=DIRECTION('',(0.E0,0.E0,1.E0));
#6836=VECTOR('',#6835,1.2E0);
#6837=CARTESIAN_POINT('',(-5.85E0,4.7E0,2.3E0));
#6838=LINE('',#6837,#6836);
#6839=DIRECTION('',(0.E0,0.E0,-1.E0));
#6840=VECTOR('',#6839,1.2E0);
#6841=CARTESIAN_POINT('',(-5.85E0,5.E0,3.5E0));
#6842=LINE('',#6841,#6840);
#6843=DIRECTION('',(0.E0,0.E0,1.E0));
#6844=VECTOR('',#6843,1.2E0);
#6845=CARTESIAN_POINT('',(-5.85E0,-4.7E0,2.3E0));
#6846=LINE('',#6845,#6844);
#6847=DIRECTION('',(0.E0,0.E0,-1.E0));
#6848=VECTOR('',#6847,1.2E0);
#6849=CARTESIAN_POINT('',(-5.85E0,-5.E0,3.5E0));
#6850=LINE('',#6849,#6848);
#6851=DIRECTION('',(0.E0,0.E0,-1.E0));
#6852=VECTOR('',#6851,1.2E0);
#6853=CARTESIAN_POINT('',(-4.85E0,6.E0,3.5E0));
#6854=LINE('',#6853,#6852);
#6855=DIRECTION('',(0.E0,0.E0,-1.E0));
#6856=VECTOR('',#6855,1.2E0);
#6857=CARTESIAN_POINT('',(4.85E0,6.E0,3.5E0));
#6858=LINE('',#6857,#6856);
#6859=DIRECTION('',(0.E0,0.E0,1.E0));
#6860=VECTOR('',#6859,1.2E0);
#6861=CARTESIAN_POINT('',(5.85E0,4.7E0,2.3E0));
#6862=LINE('',#6861,#6860);
#6863=DIRECTION('',(0.E0,0.E0,-1.E0));
#6864=VECTOR('',#6863,1.2E0);
#6865=CARTESIAN_POINT('',(5.85E0,5.E0,3.5E0));
#6866=LINE('',#6865,#6864);
#6867=DIRECTION('',(0.E0,0.E0,1.E0));
#6868=VECTOR('',#6867,1.2E0);
#6869=CARTESIAN_POINT('',(5.85E0,-4.7E0,2.3E0));
#6870=LINE('',#6869,#6868);
#6871=DIRECTION('',(0.E0,0.E0,-1.E0));
#6872=VECTOR('',#6871,1.2E0);
#6873=CARTESIAN_POINT('',(5.85E0,-5.E0,3.5E0));
#6874=LINE('',#6873,#6872);
#6875=DIRECTION('',(0.E0,0.E0,-1.E0));
#6876=VECTOR('',#6875,1.2E0);
#6877=CARTESIAN_POINT('',(-4.85E0,-6.E0,3.5E0));
#6878=LINE('',#6877,#6876);
#6879=DIRECTION('',(0.E0,0.E0,-1.E0));
#6880=VECTOR('',#6879,1.2E0);
#6881=CARTESIAN_POINT('',(4.85E0,-6.E0,3.5E0));
#6882=LINE('',#6881,#6880);
#6883=DIRECTION('',(0.E0,0.E0,1.E0));
#6884=VECTOR('',#6883,5.E-1);
#6885=CARTESIAN_POINT('',(-5.35E0,-1.15E0,3.5E0));
#6886=LINE('',#6885,#6884);
#6887=CARTESIAN_POINT('',(0.E0,0.E0,4.E0));
#6888=DIRECTION('',(0.E0,0.E0,1.E0));
#6889=DIRECTION('',(-9.577806377245E-1,-2.875E-1,0.E0));
#6890=AXIS2_PLACEMENT_3D('',#6887,#6888,#6889);
#6892=DIRECTION('',(0.E0,0.E0,1.E0));
#6893=VECTOR('',#6892,5.E-1);
#6894=CARTESIAN_POINT('',(-3.831122550898E0,-1.15E0,3.5E0));
#6895=LINE('',#6894,#6893);
#6896=CARTESIAN_POINT('',(-4.E0,4.630948402529E-13,4.5E0));
#6897=DIRECTION('',(-1.157737100632E-13,-1.E0,0.E0));
#6898=DIRECTION('',(2.966515921798E-13,0.E0,-1.E0));
#6899=AXIS2_PLACEMENT_3D('',#6896,#6897,#6898);
#6901=CARTESIAN_POINT('',(0.E0,0.E0,4.5E0));
#6902=DIRECTION('',(0.E0,0.E0,1.E0));
#6903=DIRECTION('',(-1.E0,0.E0,0.E0));
#6904=AXIS2_PLACEMENT_3D('',#6901,#6902,#6903);
#6906=DIRECTION('',(1.546818229035E-11,-1.471135199502E-10,1.E0));
#6907=VECTOR('',#6906,4.000000000062E0);
#6908=CARTESIAN_POINT('',(-3.5E0,-2.223822613656E-12,4.5E0));
#6909=LINE('',#6908,#6907);
#6910=CARTESIAN_POINT('',(0.E0,0.E0,8.5E0));
#6911=DIRECTION('',(0.E0,0.E0,1.E0));
#6912=DIRECTION('',(-1.E0,0.E0,0.E0));
#6913=AXIS2_PLACEMENT_3D('',#6910,#6911,#6912);
#6915=DIRECTION('',(-7.071067811865E-1,1.193355852637E-10,-7.071067811865E-1));
#6916=VECTOR('',#6915,7.071067811990E-1);
#6917=CARTESIAN_POINT('',(-2.999999999929E0,-6.750609040020E-10,
9.000000000071E0));
#6918=LINE('',#6917,#6916);
#6919=CARTESIAN_POINT('',(0.E0,0.E0,9.E0));
#6920=DIRECTION('',(0.E0,0.E0,1.E0));
#6921=DIRECTION('',(1.E0,0.E0,0.E0));
#6922=AXIS2_PLACEMENT_3D('',#6919,#6920,#6921);
#6924=CARTESIAN_POINT('',(0.E0,0.E0,9.E0));
#6925=DIRECTION('',(0.E0,0.E0,1.E0));
#6926=DIRECTION('',(-1.E0,0.E0,0.E0));
#6927=AXIS2_PLACEMENT_3D('',#6924,#6925,#6926);
#6929=CARTESIAN_POINT('',(0.E0,0.E0,9.E0));
#6930=DIRECTION('',(0.E0,0.E0,1.E0));
#6931=DIRECTION('',(-1.E0,0.E0,0.E0));
#6932=AXIS2_PLACEMENT_3D('',#6929,#6930,#6931);
#6934=CARTESIAN_POINT('',(0.E0,0.E0,9.E0));
#6935=DIRECTION('',(0.E0,0.E0,1.E0));
#6936=DIRECTION('',(1.E0,0.E0,0.E0));
#6937=AXIS2_PLACEMENT_3D('',#6934,#6935,#6936);
#6939=DIRECTION('',(0.E0,0.E0,-1.E0));
#6940=VECTOR('',#6939,1.8E0);
#6941=CARTESIAN_POINT('',(1.85E0,0.E0,9.E0));
#6942=LINE('',#6941,#6940);
#6943=DIRECTION('',(0.E0,0.E0,-1.E0));
#6944=VECTOR('',#6943,1.8E0);
#6945=CARTESIAN_POINT('',(-1.85E0,0.E0,9.E0));
#6946=LINE('',#6945,#6944);
#6947=CARTESIAN_POINT('',(0.E0,0.E0,7.2E0));
#6948=DIRECTION('',(0.E0,0.E0,-1.E0));
#6949=DIRECTION('',(1.E0,0.E0,0.E0));
#6950=AXIS2_PLACEMENT_3D('',#6947,#6948,#6949);
#6952=CARTESIAN_POINT('',(0.E0,0.E0,7.2E0));
#6953=DIRECTION('',(0.E0,0.E0,-1.E0));
#6954=DIRECTION('',(-1.E0,0.E0,0.E0));
#6955=AXIS2_PLACEMENT_3D('',#6952,#6953,#6954);
#6957=CARTESIAN_POINT('',(0.E0,0.E0,7.2E0));
#6958=DIRECTION('',(0.E0,0.E0,1.E0));
#6959=DIRECTION('',(1.E0,0.E0,0.E0));
#6960=AXIS2_PLACEMENT_3D('',#6957,#6958,#6959);
#6962=CARTESIAN_POINT('',(0.E0,0.E0,7.2E0));
#6963=DIRECTION('',(0.E0,0.E0,1.E0));
#6964=DIRECTION('',(-1.E0,0.E0,0.E0));
#6965=AXIS2_PLACEMENT_3D('',#6962,#6963,#6964);
#6967=CARTESIAN_POINT('',(0.E0,0.E0,1.085E1));
#6968=DIRECTION('',(0.E0,0.E0,1.E0));
#6969=DIRECTION('',(4.581228472909E-1,8.888888888889E-1,0.E0));
#6970=AXIS2_PLACEMENT_3D('',#6967,#6968,#6969);
#6972=DIRECTION('',(0.E0,0.E0,-1.E0));
#6973=VECTOR('',#6972,3.65E0);
#6974=CARTESIAN_POINT('',(-1.8E0,0.E0,1.085E1));
#6975=LINE('',#6974,#6973);
#6976=DIRECTION('',(0.E0,0.E0,1.E0));
#6977=VECTOR('',#6976,3.65E0);
#6978=CARTESIAN_POINT('',(1.8E0,0.E0,7.2E0));
#6979=LINE('',#6978,#6977);
#6980=DIRECTION('',(1.E0,0.E0,0.E0));
#6981=VECTOR('',#6980,1.649242250247E0);
#6982=CARTESIAN_POINT('',(-8.246211251235E-1,1.6E0,1.085E1));
#6983=LINE('',#6982,#6981);
#6984=DIRECTION('',(1.E0,0.E0,0.E0));
#6985=VECTOR('',#6984,1.857417562101E0);
#6986=CARTESIAN_POINT('',(-9.287087810503E-1,1.6E0,1.65E1));
#6987=LINE('',#6986,#6985);
#6988=CARTESIAN_POINT('',(0.E0,0.E0,1.6E1));
#6989=DIRECTION('',(0.E0,0.E0,-1.E0));
#6990=DIRECTION('',(7.324218926833E-1,6.808510638298E-1,0.E0));
#6991=AXIS2_PLACEMENT_3D('',#6988,#6989,#6990);
#6993=CARTESIAN_POINT('',(-1.721191447806E0,1.6E0,1.6E1));
#6994=CARTESIAN_POINT('',(-1.623850270995E0,1.6E0,1.607129480896E1));
#6995=CARTESIAN_POINT('',(-1.435525368186E0,1.6E0,1.620360272089E1));
#6996=CARTESIAN_POINT('',(-1.172231831137E0,1.6E0,1.637008816322E1));
#6997=CARTESIAN_POINT('',(-1.007938441131E0,1.6E0,1.646022633457E1));
#6998=CARTESIAN_POINT('',(-9.287087810503E-1,1.6E0,1.65E1));
#7000=CARTESIAN_POINT('',(0.E0,0.E0,1.65E1));
#7001=DIRECTION('',(0.E0,0.E0,1.E0));
#7002=DIRECTION('',(-5.020047465137E-1,8.648648648649E-1,0.E0));
#7003=AXIS2_PLACEMENT_3D('',#7000,#7001,#7002);
#7005=CARTESIAN_POINT('',(9.287087810503E-1,1.6E0,1.65E1));
#7006=CARTESIAN_POINT('',(1.007863026452E0,1.6E0,1.646026419310E1));
#7007=CARTESIAN_POINT('',(1.172059181411E0,1.6E0,1.637018656430E1));
#7008=CARTESIAN_POINT('',(1.435240880544E0,1.6E0,1.620379453980E1));
#7009=CARTESIAN_POINT('',(1.623731116213E0,1.6E0,1.607138208053E1));
#7010=CARTESIAN_POINT('',(1.721191447806E0,1.6E0,1.6E1));
#7012=CARTESIAN_POINT('',(0.E0,0.E0,1.085E1));
#7013=DIRECTION('',(0.E0,0.E0,-1.E0));
#7014=DIRECTION('',(7.324218926833E-1,6.808510638298E-1,0.E0));
#7015=AXIS2_PLACEMENT_3D('',#7012,#7013,#7014);
#7017=DIRECTION('',(0.E0,0.E0,1.E0));
#7018=VECTOR('',#7017,5.15E0);
#7019=CARTESIAN_POINT('',(-1.721191447806E0,1.6E0,1.085E1));
#7020=LINE('',#7019,#7018);
#7021=DIRECTION('',(0.E0,0.E0,1.E0));
#7022=VECTOR('',#7021,5.15E0);
#7023=CARTESIAN_POINT('',(1.721191447806E0,1.6E0,1.085E1));
#7024=LINE('',#7023,#7022);
#7025=DIRECTION('',(1.E0,0.E0,0.E0));
#7026=VECTOR('',#7025,8.965703226823E-1);
#7027=CARTESIAN_POINT('',(-1.721191447806E0,1.6E0,1.085E1));
#7028=LINE('',#7027,#7026);
#7029=DIRECTION('',(1.E0,0.E0,0.E0));
#7030=VECTOR('',#7029,8.965703226823E-1);
#7031=CARTESIAN_POINT('',(8.246211251235E-1,1.6E0,1.085E1));
#7032=LINE('',#7031,#7030);
#7033=CARTESIAN_POINT('',(0.E0,0.E0,1.085E1));
#7034=DIRECTION('',(0.E0,0.E0,-1.E0));
#7035=DIRECTION('',(4.581228472909E-1,8.888888888889E-1,0.E0));
#7036=AXIS2_PLACEMENT_3D('',#7033,#7034,#7035);
#7038=CARTESIAN_POINT('',(0.E0,0.E0,1.085E1));
#7039=DIRECTION('',(0.E0,0.E0,-1.E0));
#7040=DIRECTION('',(1.E0,0.E0,0.E0));
#7041=AXIS2_PLACEMENT_3D('',#7038,#7039,#7040);
#7043=CARTESIAN_POINT('',(0.E0,0.E0,1.085E1));
#7044=DIRECTION('',(0.E0,0.E0,-1.E0));
#7045=DIRECTION('',(-1.E0,0.E0,0.E0));
#7046=AXIS2_PLACEMENT_3D('',#7043,#7044,#7045);
#7048=DIRECTION('',(0.E0,0.E0,1.E0));
#7049=VECTOR('',#7048,5.E-1);
#7050=CARTESIAN_POINT('',(5.35E0,-1.15E0,3.5E0));
#7051=LINE('',#7050,#7049);
#7052=DIRECTION('',(0.E0,0.E0,1.E0));
#7053=VECTOR('',#7052,5.E-1);
#7054=CARTESIAN_POINT('',(3.831122550898E0,-1.15E0,3.5E0));
#7055=LINE('',#7054,#7053);
#7056=CARTESIAN_POINT('',(-5.85E0,5.E0,2.3E0));
#7057=CARTESIAN_POINT('',(-4.85E0,6.E0,2.3E0));
#7058=VERTEX_POINT('',#7056);
#7059=VERTEX_POINT('',#7057);
#7060=CARTESIAN_POINT('',(-4.85E0,6.E0,3.5E0));
#7061=VERTEX_POINT('',#7060);
#7062=CARTESIAN_POINT('',(-5.85E0,5.E0,3.5E0));
#7063=VERTEX_POINT('',#7062);
#7064=CARTESIAN_POINT('',(4.85E0,6.E0,2.3E0));
#7065=CARTESIAN_POINT('',(5.85E0,5.E0,2.3E0));
#7066=VERTEX_POINT('',#7064);
#7067=VERTEX_POINT('',#7065);
#7068=CARTESIAN_POINT('',(5.85E0,5.E0,3.5E0));
#7069=VERTEX_POINT('',#7068);
#7070=CARTESIAN_POINT('',(4.85E0,6.E0,3.5E0));
#7071=VERTEX_POINT('',#7070);
#7072=CARTESIAN_POINT('',(-4.85E0,-6.E0,2.3E0));
#7073=CARTESIAN_POINT('',(-5.85E0,-5.E0,2.3E0));
#7074=VERTEX_POINT('',#7072);
#7075=VERTEX_POINT('',#7073);
#7076=CARTESIAN_POINT('',(-5.85E0,-5.E0,3.5E0));
#7077=VERTEX_POINT('',#7076);
#7078=CARTESIAN_POINT('',(-4.85E0,-6.E0,3.5E0));
#7079=VERTEX_POINT('',#7078);
#7080=CARTESIAN_POINT('',(5.85E0,-5.E0,2.3E0));
#7081=CARTESIAN_POINT('',(4.85E0,-6.E0,2.3E0));
#7082=VERTEX_POINT('',#7080);
#7083=VERTEX_POINT('',#7081);
#7084=CARTESIAN_POINT('',(4.85E0,-6.E0,3.5E0));
#7085=VERTEX_POINT('',#7084);
#7086=CARTESIAN_POINT('',(5.85E0,-5.E0,3.5E0));
#7087=VERTEX_POINT('',#7086);
#7088=CARTESIAN_POINT('',(-3.5E0,0.E0,8.5E0));
#7089=CARTESIAN_POINT('',(3.5E0,0.E0,8.5E0));
#7090=VERTEX_POINT('',#7088);
#7091=VERTEX_POINT('',#7089);
#7092=CARTESIAN_POINT('',(2.999999999929E0,6.750611866599E-10,
9.000000000071E0));
#7093=VERTEX_POINT('',#7092);
#7094=CARTESIAN_POINT('',(-2.999999999929E0,-6.750609040020E-10,
9.000000000071E0));
#7095=VERTEX_POINT('',#7094);
#7096=CARTESIAN_POINT('',(3.831122550898E0,-1.15E0,4.E0));
#7097=CARTESIAN_POINT('',(4.E0,0.E0,4.E0));
#7098=VERTEX_POINT('',#7096);
#7099=VERTEX_POINT('',#7097);
#7100=CARTESIAN_POINT('',(-3.5E0,0.E0,4.5E0));
#7101=CARTESIAN_POINT('',(3.5E0,0.E0,4.5E0));
#7102=VERTEX_POINT('',#7100);
#7103=VERTEX_POINT('',#7101);
#7104=CARTESIAN_POINT('',(-3.831122550898E0,1.15E0,4.E0));
#7105=CARTESIAN_POINT('',(-4.E0,0.E0,4.E0));
#7106=VERTEX_POINT('',#7104);
#7107=VERTEX_POINT('',#7105);
#7108=CARTESIAN_POINT('',(-3.831122550898E0,-1.15E0,3.5E0));
#7109=CARTESIAN_POINT('',(3.831122550898E0,-1.15E0,3.5E0));
#7110=VERTEX_POINT('',#7108);
#7111=VERTEX_POINT('',#7109);
#7112=CARTESIAN_POINT('',(3.831122550898E0,1.15E0,3.5E0));
#7113=CARTESIAN_POINT('',(-3.831122550898E0,1.15E0,3.5E0));
#7114=VERTEX_POINT('',#7112);
#7115=VERTEX_POINT('',#7113);
#7116=CARTESIAN_POINT('',(-5.35E0,4.7E0,2.3E0));
#7117=CARTESIAN_POINT('',(-5.35E0,-4.7E0,2.3E0));
#7118=VERTEX_POINT('',#7116);
#7119=VERTEX_POINT('',#7117);
#7120=CARTESIAN_POINT('',(-5.85E0,4.7E0,2.3E0));
#7121=VERTEX_POINT('',#7120);
#7122=CARTESIAN_POINT('',(-5.85E0,-4.7E0,2.3E0));
#7123=VERTEX_POINT('',#7122);
#7124=CARTESIAN_POINT('',(-5.35E0,4.7E0,3.5E0));
#7125=CARTESIAN_POINT('',(-5.35E0,1.15E0,3.5E0));
#7126=VERTEX_POINT('',#7124);
#7127=VERTEX_POINT('',#7125);
#7128=CARTESIAN_POINT('',(-5.35E0,-1.15E0,3.5E0));
#7129=CARTESIAN_POINT('',(-5.35E0,-4.7E0,3.5E0));
#7130=VERTEX_POINT('',#7128);
#7131=VERTEX_POINT('',#7129);
#7132=CARTESIAN_POINT('',(-5.85E0,4.7E0,3.5E0));
#7133=VERTEX_POINT('',#7132);
#7134=CARTESIAN_POINT('',(-5.85E0,-4.7E0,3.5E0));
#7135=VERTEX_POINT('',#7134);
#7136=CARTESIAN_POINT('',(-5.35E0,-1.15E0,4.E0));
#7137=CARTESIAN_POINT('',(-5.35E0,1.15E0,4.E0));
#7138=VERTEX_POINT('',#7136);
#7139=VERTEX_POINT('',#7137);
#7140=CARTESIAN_POINT('',(5.35E0,4.7E0,3.5E0));
#7141=CARTESIAN_POINT('',(5.35E0,4.7E0,2.3E0));
#7142=VERTEX_POINT('',#7140);
#7143=VERTEX_POINT('',#7141);
#7144=CARTESIAN_POINT('',(5.35E0,-4.7E0,2.3E0));
#7145=CARTESIAN_POINT('',(5.35E0,-4.7E0,3.5E0));
#7146=VERTEX_POINT('',#7144);
#7147=VERTEX_POINT('',#7145);
#7148=CARTESIAN_POINT('',(5.85E0,4.7E0,2.3E0));
#7149=VERTEX_POINT('',#7148);
#7150=CARTESIAN_POINT('',(5.85E0,-4.7E0,2.3E0));
#7151=VERTEX_POINT('',#7150);
#7152=CARTESIAN_POINT('',(5.35E0,1.15E0,3.5E0));
#7153=VERTEX_POINT('',#7152);
#7154=CARTESIAN_POINT('',(5.35E0,-1.15E0,3.5E0));
#7155=VERTEX_POINT('',#7154);
#7156=CARTESIAN_POINT('',(5.85E0,4.7E0,3.5E0));
#7157=VERTEX_POINT('',#7156);
#7158=CARTESIAN_POINT('',(5.85E0,-4.7E0,3.5E0));
#7159=VERTEX_POINT('',#7158);
#7160=CARTESIAN_POINT('',(5.35E0,1.15E0,4.E0));
#7161=CARTESIAN_POINT('',(5.35E0,-1.15E0,4.E0));
#7162=VERTEX_POINT('',#7160);
#7163=VERTEX_POINT('',#7161);
#7164=CARTESIAN_POINT('',(1.8E0,0.E0,1.085E1));
#7165=CARTESIAN_POINT('',(-1.8E0,0.E0,1.085E1));
#7166=VERTEX_POINT('',#7164);
#7167=VERTEX_POINT('',#7165);
#7168=CARTESIAN_POINT('',(-3.831122550898E0,-1.15E0,4.E0));
#7169=VERTEX_POINT('',#7168);
#7170=CARTESIAN_POINT('',(3.831122550898E0,1.15E0,4.E0));
#7171=VERTEX_POINT('',#7170);
#7172=CARTESIAN_POINT('',(-9.287087810503E-1,1.6E0,1.65E1));
#7173=CARTESIAN_POINT('',(9.287087810503E-1,1.6E0,1.65E1));
#7174=VERTEX_POINT('',#7172);
#7175=VERTEX_POINT('',#7173);
#7176=CARTESIAN_POINT('',(1.721191447806E0,1.6E0,1.085E1));
#7177=CARTESIAN_POINT('',(1.721191447806E0,1.6E0,1.6E1));
#7178=VERTEX_POINT('',#7176);
#7179=VERTEX_POINT('',#7177);
#7180=CARTESIAN_POINT('',(-1.721191447806E0,1.6E0,1.085E1));
#7181=CARTESIAN_POINT('',(-1.721191447806E0,1.6E0,1.6E1));
#7182=VERTEX_POINT('',#7180);
#7183=VERTEX_POINT('',#7181);
#7184=CARTESIAN_POINT('',(-8.246211251235E-1,1.6E0,1.085E1));
#7185=VERTEX_POINT('',#7184);
#7186=CARTESIAN_POINT('',(8.246211251235E-1,1.6E0,1.085E1));
#7187=VERTEX_POINT('',#7186);
#7188=CARTESIAN_POINT('',(1.8E0,0.E0,7.2E0));
#7189=CARTESIAN_POINT('',(-1.8E0,0.E0,7.2E0));
#7190=VERTEX_POINT('',#7188);
#7191=VERTEX_POINT('',#7189);
#7192=CARTESIAN_POINT('',(1.85E0,0.E0,7.2E0));
#7193=CARTESIAN_POINT('',(-1.85E0,0.E0,7.2E0));
#7194=VERTEX_POINT('',#7192);
#7195=VERTEX_POINT('',#7193);
#7196=CARTESIAN_POINT('',(1.85E0,0.E0,9.E0));
#7197=CARTESIAN_POINT('',(-1.85E0,0.E0,9.E0));
#7198=VERTEX_POINT('',#7196);
#7199=VERTEX_POINT('',#7197);
#7200=CARTESIAN_POINT('',(0.E0,0.E0,8.750000000068E0));
#7201=DIRECTION('',(0.E0,0.E0,-1.E0));
#7202=DIRECTION('',(0.E0,-1.E0,0.E0));
#7203=AXIS2_PLACEMENT_3D('',#7200,#7201,#7202);
#7204=CONICAL_SURFACE('',#7203,3.249999999932E0,4.5E1);
#7206=ORIENTED_EDGE('',*,*,#7205,.F.);
#7208=ORIENTED_EDGE('',*,*,#7207,.F.);
#7210=ORIENTED_EDGE('',*,*,#7209,.T.);
#7212=ORIENTED_EDGE('',*,*,#7211,.T.);
#7213=EDGE_LOOP('',(#7206,#7208,#7210,#7212));
#7214=FACE_OUTER_BOUND('',#7213,.F.);
#7215=ADVANCED_FACE('',(#7214),#7204,.T.);
#7216=FILL_AREA_STYLE_COLOUR('',#18);
#7217=FILL_AREA_STYLE('',(#7216));
#7218=SURFACE_STYLE_FILL_AREA(#7217);
#7219=SURFACE_SIDE_STYLE('',(#7218));
#7220=SURFACE_STYLE_USAGE(.POSITIVE.,#7219);
#7221=PRESENTATION_STYLE_ASSIGNMENT((#7220));
#7222=STYLED_ITEM('',(#7221),#7215);
#7223=CARTESIAN_POINT('',(0.E0,0.E0,4.E0));
#7224=DIRECTION('',(0.E0,0.E0,1.E0));
#7225=DIRECTION('',(1.E0,0.E0,0.E0));
#7226=AXIS2_PLACEMENT_3D('',#7223,#7224,#7225);
#7227=CYLINDRICAL_SURFACE('',#7226,3.5E0);
#7229=ORIENTED_EDGE('',*,*,#7228,.F.);
#7231=ORIENTED_EDGE('',*,*,#7230,.T.);
#7232=ORIENTED_EDGE('',*,*,#7205,.T.);
#7234=ORIENTED_EDGE('',*,*,#7233,.F.);
#7235=EDGE_LOOP('',(#7229,#7231,#7232,#7234));
#7236=FACE_OUTER_BOUND('',#7235,.F.);
#7237=ADVANCED_FACE('',(#7236),#7227,.T.);
#7238=FILL_AREA_STYLE_COLOUR('',#18);
#7239=FILL_AREA_STYLE('',(#7238));
#7240=SURFACE_STYLE_FILL_AREA(#7239);
#7241=SURFACE_SIDE_STYLE('',(#7240));
#7242=SURFACE_STYLE_USAGE(.POSITIVE.,#7241);
#7243=PRESENTATION_STYLE_ASSIGNMENT((#7242));
#7244=STYLED_ITEM('',(#7243),#7237);
#7245=CARTESIAN_POINT('',(0.E0,0.E0,4.5E0));
#7246=DIRECTION('',(0.E0,0.E0,1.E0));
#7247=DIRECTION('',(9.999398670680E-1,-1.096641454995E-2,0.E0));
#7248=AXIS2_PLACEMENT_3D('',#7245,#7246,#7247);
#7249=TOROIDAL_SURFACE('',#7248,4.E0,5.E-1);
#7251=ORIENTED_EDGE('',*,*,#7250,.F.);
#7253=ORIENTED_EDGE('',*,*,#7252,.F.);
#7255=ORIENTED_EDGE('',*,*,#7254,.F.);
#7257=ORIENTED_EDGE('',*,*,#7256,.T.);
#7258=ORIENTED_EDGE('',*,*,#7228,.T.);
#7260=ORIENTED_EDGE('',*,*,#7259,.F.);
#7261=EDGE_LOOP('',(#7251,#7253,#7255,#7257,#7258,#7260));
#7262=FACE_OUTER_BOUND('',#7261,.F.);
#7263=ADVANCED_FACE('',(#7262),#7249,.F.);
#7264=FILL_AREA_STYLE_COLOUR('',#18);
#7265=FILL_AREA_STYLE('',(#7264));
#7266=SURFACE_STYLE_FILL_AREA(#7265);
#7267=SURFACE_SIDE_STYLE('',(#7266));
#7268=SURFACE_STYLE_USAGE(.POSITIVE.,#7267);
#7269=PRESENTATION_STYLE_ASSIGNMENT((#7268));
#7270=STYLED_ITEM('',(#7269),#7263);
#7271=CARTESIAN_POINT('',(0.E0,0.E0,4.E0));
#7272=DIRECTION('',(0.E0,0.E0,1.E0));
#7273=DIRECTION('',(1.E0,0.E0,0.E0));
#7274=AXIS2_PLACEMENT_3D('',#7271,#7272,#7273);
#7275=PLANE('',#7274);
#7277=ORIENTED_EDGE('',*,*,#7276,.T.);
#7279=ORIENTED_EDGE('',*,*,#7278,.F.);
#7280=ORIENTED_EDGE('',*,*,#7250,.T.);
#7282=ORIENTED_EDGE('',*,*,#7281,.T.);
#7284=ORIENTED_EDGE('',*,*,#7283,.F.);
#7285=EDGE_LOOP('',(#7277,#7279,#7280,#7282,#7284));
#7286=FACE_OUTER_BOUND('',#7285,.F.);
#7287=ADVANCED_FACE('',(#7286),#7275,.T.);
#7288=FILL_AREA_STYLE_COLOUR('',#18);
#7289=FILL_AREA_STYLE('',(#7288));
#7290=SURFACE_STYLE_FILL_AREA(#7289);
#7291=SURFACE_SIDE_STYLE('',(#7290));
#7292=SURFACE_STYLE_USAGE(.POSITIVE.,#7291);
#7293=PRESENTATION_STYLE_ASSIGNMENT((#7292));
#7294=STYLED_ITEM('',(#7293),#7287);
#7295=CARTESIAN_POINT('',(0.E0,0.E0,4.E0));
#7296=DIRECTION('',(0.E0,0.E0,1.E0));
#7297=DIRECTION('',(1.E0,0.E0,0.E0));
#7298=AXIS2_PLACEMENT_3D('',#7295,#7296,#7297);
#7299=PLANE('',#7298);
#7301=ORIENTED_EDGE('',*,*,#7300,.T.);
#7303=ORIENTED_EDGE('',*,*,#7302,.F.);
#7305=ORIENTED_EDGE('',*,*,#7304,.T.);
#7306=ORIENTED_EDGE('',*,*,#7254,.T.);
#7308=ORIENTED_EDGE('',*,*,#7307,.F.);
#7309=EDGE_LOOP('',(#7301,#7303,#7305,#7306,#7308));
#7310=FACE_OUTER_BOUND('',#7309,.F.);
#7311=ADVANCED_FACE('',(#7310),#7299,.T.);
#7312=FILL_AREA_STYLE_COLOUR('',#18);
#7313=FILL_AREA_STYLE('',(#7312));
#7314=SURFACE_STYLE_FILL_AREA(#7313);
#7315=SURFACE_SIDE_STYLE('',(#7314));
#7316=SURFACE_STYLE_USAGE(.POSITIVE.,#7315);
#7317=PRESENTATION_STYLE_ASSIGNMENT((#7316));
#7318=STYLED_ITEM('',(#7317),#7311);
#7319=CARTESIAN_POINT('',(-5.35E0,0.E0,2.3E0));
#7320=DIRECTION('',(-1.E0,0.E0,0.E0));
#7321=DIRECTION('',(0.E0,-1.E0,0.E0));
#7322=AXIS2_PLACEMENT_3D('',#7319,#7320,#7321);
#7323=PLANE('',#7322);
#7325=ORIENTED_EDGE('',*,*,#7324,.F.);
#7327=ORIENTED_EDGE('',*,*,#7326,.F.);
#7329=ORIENTED_EDGE('',*,*,#7328,.T.);
#7331=ORIENTED_EDGE('',*,*,#7330,.T.);
#7332=ORIENTED_EDGE('',*,*,#7276,.F.);
#7334=ORIENTED_EDGE('',*,*,#7333,.F.);
#7336=ORIENTED_EDGE('',*,*,#7335,.T.);
#7338=ORIENTED_EDGE('',*,*,#7337,.F.);
#7339=EDGE_LOOP('',(#7325,#7327,#7329,#7331,#7332,#7334,#7336,#7338));
#7340=FACE_OUTER_BOUND('',#7339,.F.);
#7341=ADVANCED_FACE('',(#7340),#7323,.T.);
#7342=FILL_AREA_STYLE_COLOUR('',#18);
#7343=FILL_AREA_STYLE('',(#7342));
#7344=SURFACE_STYLE_FILL_AREA(#7343);
#7345=SURFACE_SIDE_STYLE('',(#7344));
#7346=SURFACE_STYLE_USAGE(.POSITIVE.,#7345);
#7347=PRESENTATION_STYLE_ASSIGNMENT((#7346));
#7348=STYLED_ITEM('',(#7347),#7341);
#7349=CARTESIAN_POINT('',(0.E0,0.E0,2.3E0));
#7350=DIRECTION('',(0.E0,0.E0,1.E0));
#7351=DIRECTION('',(1.E0,0.E0,0.E0));
#7352=AXIS2_PLACEMENT_3D('',#7349,#7350,#7351);
#7353=PLANE('',#7352);
#7355=ORIENTED_EDGE('',*,*,#7354,.F.);
#7357=ORIENTED_EDGE('',*,*,#7356,.F.);
#7359=ORIENTED_EDGE('',*,*,#7358,.T.);
#7361=ORIENTED_EDGE('',*,*,#7360,.F.);
#7363=ORIENTED_EDGE('',*,*,#7362,.T.);
#7365=ORIENTED_EDGE('',*,*,#7364,.F.);
#7367=ORIENTED_EDGE('',*,*,#7366,.T.);
#7369=ORIENTED_EDGE('',*,*,#7368,.T.);
#7370=ORIENTED_EDGE('',*,*,#7324,.T.);
#7372=ORIENTED_EDGE('',*,*,#7371,.F.);
#7374=ORIENTED_EDGE('',*,*,#7373,.T.);
#7376=ORIENTED_EDGE('',*,*,#7375,.F.);
#7378=ORIENTED_EDGE('',*,*,#7377,.T.);
#7380=ORIENTED_EDGE('',*,*,#7379,.F.);
#7382=ORIENTED_EDGE('',*,*,#7381,.T.);
#7384=ORIENTED_EDGE('',*,*,#7383,.T.);
#7385=EDGE_LOOP('',(#7355,#7357,#7359,#7361,#7363,#7365,#7367,#7369,#7370,#7372,
#7374,#7376,#7378,#7380,#7382,#7384));
#7386=FACE_OUTER_BOUND('',#7385,.F.);
#7387=ADVANCED_FACE('',(#7386),#7353,.F.);
#7388=FILL_AREA_STYLE_COLOUR('',#18);
#7389=FILL_AREA_STYLE('',(#7388));
#7390=SURFACE_STYLE_FILL_AREA(#7389);
#7391=SURFACE_SIDE_STYLE('',(#7390));
#7392=SURFACE_STYLE_USAGE(.POSITIVE.,#7391);
#7393=PRESENTATION_STYLE_ASSIGNMENT((#7392));
#7394=STYLED_ITEM('',(#7393),#7387);
#7395=CARTESIAN_POINT('',(5.35E0,0.E0,2.3E0));
#7396=DIRECTION('',(-1.E0,0.E0,0.E0));
#7397=DIRECTION('',(0.E0,-1.E0,0.E0));
#7398=AXIS2_PLACEMENT_3D('',#7395,#7396,#7397);
#7399=PLANE('',#7398);
#7401=ORIENTED_EDGE('',*,*,#7400,.T.);
#7402=ORIENTED_EDGE('',*,*,#7354,.T.);
#7404=ORIENTED_EDGE('',*,*,#7403,.T.);
#7406=ORIENTED_EDGE('',*,*,#7405,.F.);
#7408=ORIENTED_EDGE('',*,*,#7407,.T.);
#7409=ORIENTED_EDGE('',*,*,#7300,.F.);
#7411=ORIENTED_EDGE('',*,*,#7410,.F.);
#7413=ORIENTED_EDGE('',*,*,#7412,.F.);
#7414=EDGE_LOOP('',(#7401,#7402,#7404,#7406,#7408,#7409,#7411,#7413));
#7415=FACE_OUTER_BOUND('',#7414,.F.);
#7416=ADVANCED_FACE('',(#7415),#7399,.F.);
#7417=FILL_AREA_STYLE_COLOUR('',#18);
#7418=FILL_AREA_STYLE('',(#7417));
#7419=SURFACE_STYLE_FILL_AREA(#7418);
#7420=SURFACE_SIDE_STYLE('',(#7419));
#7421=SURFACE_STYLE_USAGE(.POSITIVE.,#7420);
#7422=PRESENTATION_STYLE_ASSIGNMENT((#7421));
#7423=STYLED_ITEM('',(#7422),#7416);
#7424=CARTESIAN_POINT('',(5.85E0,4.7E0,3.5E0));
#7425=DIRECTION('',(0.E0,-1.E0,0.E0));
#7426=DIRECTION('',(0.E0,0.E0,-1.E0));
#7427=AXIS2_PLACEMENT_3D('',#7424,#7425,#7426);
#7428=PLANE('',#7427);
#7429=ORIENTED_EDGE('',*,*,#7400,.F.);
#7431=ORIENTED_EDGE('',*,*,#7430,.F.);
#7433=ORIENTED_EDGE('',*,*,#7432,.F.);
#7434=ORIENTED_EDGE('',*,*,#7356,.T.);
#7435=EDGE_LOOP('',(#7429,#7431,#7433,#7434));
#7436=FACE_OUTER_BOUND('',#7435,.F.);
#7437=ADVANCED_FACE('',(#7436),#7428,.T.);
#7438=FILL_AREA_STYLE_COLOUR('',#26);
#7439=FILL_AREA_STYLE('',(#7438));
#7440=SURFACE_STYLE_FILL_AREA(#7439);
#7441=SURFACE_SIDE_STYLE('',(#7440));
#7442=SURFACE_STYLE_USAGE(.POSITIVE.,#7441);
#7443=PRESENTATION_STYLE_ASSIGNMENT((#7442));
#7444=STYLED_ITEM('',(#7443),#7437);
#7445=CARTESIAN_POINT('',(0.E0,0.E0,3.5E0));
#7446=DIRECTION('',(0.E0,0.E0,1.E0));
#7447=DIRECTION('',(1.E0,0.E0,0.E0));
#7448=AXIS2_PLACEMENT_3D('',#7445,#7446,#7447);
#7449=PLANE('',#7448);
#7450=ORIENTED_EDGE('',*,*,#7412,.T.);
#7452=ORIENTED_EDGE('',*,*,#7451,.T.);
#7454=ORIENTED_EDGE('',*,*,#7453,.T.);
#7456=ORIENTED_EDGE('',*,*,#7455,.F.);
#7457=ORIENTED_EDGE('',*,*,#7328,.F.);
#7459=ORIENTED_EDGE('',*,*,#7458,.F.);
#7461=ORIENTED_EDGE('',*,*,#7460,.F.);
#7463=ORIENTED_EDGE('',*,*,#7462,.F.);
#7465=ORIENTED_EDGE('',*,*,#7464,.F.);
#7467=ORIENTED_EDGE('',*,*,#7466,.F.);
#7469=ORIENTED_EDGE('',*,*,#7468,.F.);
#7470=ORIENTED_EDGE('',*,*,#7430,.T.);
#7471=EDGE_LOOP('',(#7450,#7452,#7454,#7456,#7457,#7459,#7461,#7463,#7465,#7467,
#7469,#7470));
#7472=FACE_OUTER_BOUND('',#7471,.F.);
#7473=ADVANCED_FACE('',(#7472),#7449,.T.);
#7474=FILL_AREA_STYLE_COLOUR('',#18);
#7475=FILL_AREA_STYLE('',(#7474));
#7476=SURFACE_STYLE_FILL_AREA(#7475);
#7477=SURFACE_SIDE_STYLE('',(#7476));
#7478=SURFACE_STYLE_USAGE(.POSITIVE.,#7477);
#7479=PRESENTATION_STYLE_ASSIGNMENT((#7478));
#7480=STYLED_ITEM('',(#7479),#7473);
#7481=CARTESIAN_POINT('',(0.E0,0.E0,3.5E0));
#7482=DIRECTION('',(0.E0,0.E0,1.E0));
#7483=DIRECTION('',(1.E0,0.E0,0.E0));
#7484=AXIS2_PLACEMENT_3D('',#7481,#7482,#7483);
#7485=PLANE('',#7484);
#7486=ORIENTED_EDGE('',*,*,#7405,.T.);
#7488=ORIENTED_EDGE('',*,*,#7487,.F.);
#7490=ORIENTED_EDGE('',*,*,#7489,.F.);
#7492=ORIENTED_EDGE('',*,*,#7491,.F.);
#7494=ORIENTED_EDGE('',*,*,#7493,.F.);
#7496=ORIENTED_EDGE('',*,*,#7495,.F.);
#7498=ORIENTED_EDGE('',*,*,#7497,.F.);
#7500=ORIENTED_EDGE('',*,*,#7499,.T.);
#7501=ORIENTED_EDGE('',*,*,#7335,.F.);
#7503=ORIENTED_EDGE('',*,*,#7502,.T.);
#7505=ORIENTED_EDGE('',*,*,#7504,.T.);
#7507=ORIENTED_EDGE('',*,*,#7506,.F.);
#7508=EDGE_LOOP('',(#7486,#7488,#7490,#7492,#7494,#7496,#7498,#7500,#7501,#7503,
#7505,#7507));
#7509=FACE_OUTER_BOUND('',#7508,.F.);
#7510=ADVANCED_FACE('',(#7509),#7485,.T.);
#7511=FILL_AREA_STYLE_COLOUR('',#18);
#7512=FILL_AREA_STYLE('',(#7511));
#7513=SURFACE_STYLE_FILL_AREA(#7512);
#7514=SURFACE_SIDE_STYLE('',(#7513));
#7515=SURFACE_STYLE_USAGE(.POSITIVE.,#7514);
#7516=PRESENTATION_STYLE_ASSIGNMENT((#7515));
#7517=STYLED_ITEM('',(#7516),#7510);
#7518=CARTESIAN_POINT('',(5.85E0,1.15E0,3.5E0));
#7519=DIRECTION('',(0.E0,1.E0,0.E0));
#7520=DIRECTION('',(-1.E0,0.E0,0.E0));
#7521=AXIS2_PLACEMENT_3D('',#7518,#7519,#7520);
#7522=PLANE('',#7521);
#7523=ORIENTED_EDGE('',*,*,#7410,.T.);
#7524=ORIENTED_EDGE('',*,*,#7307,.T.);
#7526=ORIENTED_EDGE('',*,*,#7525,.F.);
#7527=ORIENTED_EDGE('',*,*,#7451,.F.);
#7528=EDGE_LOOP('',(#7523,#7524,#7526,#7527));
#7529=FACE_OUTER_BOUND('',#7528,.F.);
#7530=ADVANCED_FACE('',(#7529),#7522,.T.);
#7531=FILL_AREA_STYLE_COLOUR('',#18);
#7532=FILL_AREA_STYLE('',(#7531));
#7533=SURFACE_STYLE_FILL_AREA(#7532);
#7534=SURFACE_SIDE_STYLE('',(#7533));
#7535=SURFACE_STYLE_USAGE(.POSITIVE.,#7534);
#7536=PRESENTATION_STYLE_ASSIGNMENT((#7535));
#7537=STYLED_ITEM('',(#7536),#7530);
#7538=CARTESIAN_POINT('',(0.E0,0.E0,3.5E0));
#7539=DIRECTION('',(0.E0,0.E0,1.E0));
#7540=DIRECTION('',(1.E0,0.E0,0.E0));
#7541=AXIS2_PLACEMENT_3D('',#7538,#7539,#7540);
#7542=CYLINDRICAL_SURFACE('',#7541,4.E0);
#7543=ORIENTED_EDGE('',*,*,#7252,.T.);
#7545=ORIENTED_EDGE('',*,*,#7544,.F.);
#7546=ORIENTED_EDGE('',*,*,#7453,.F.);
#7547=ORIENTED_EDGE('',*,*,#7525,.T.);
#7548=EDGE_LOOP('',(#7543,#7545,#7546,#7547));
#7549=FACE_OUTER_BOUND('',#7548,.F.);
#7550=ADVANCED_FACE('',(#7549),#7542,.T.);
#7551=FILL_AREA_STYLE_COLOUR('',#18);
#7552=FILL_AREA_STYLE('',(#7551));
#7553=SURFACE_STYLE_FILL_AREA(#7552);
#7554=SURFACE_SIDE_STYLE('',(#7553));
#7555=SURFACE_STYLE_USAGE(.POSITIVE.,#7554);
#7556=PRESENTATION_STYLE_ASSIGNMENT((#7555));
#7557=STYLED_ITEM('',(#7556),#7550);
#7558=CARTESIAN_POINT('',(-3.831122550898E0,1.15E0,3.5E0));
#7559=DIRECTION('',(0.E0,1.E0,0.E0));
#7560=DIRECTION('',(-1.E0,0.E0,0.E0));
#7561=AXIS2_PLACEMENT_3D('',#7558,#7559,#7560);
#7562=PLANE('',#7561);
#7563=ORIENTED_EDGE('',*,*,#7330,.F.);
#7564=ORIENTED_EDGE('',*,*,#7455,.T.);
#7565=ORIENTED_EDGE('',*,*,#7544,.T.);
#7566=ORIENTED_EDGE('',*,*,#7278,.T.);
#7567=EDGE_LOOP('',(#7563,#7564,#7565,#7566));
#7568=FACE_OUTER_BOUND('',#7567,.F.);
#7569=ADVANCED_FACE('',(#7568),#7562,.T.);
#7570=FILL_AREA_STYLE_COLOUR('',#18);
#7571=FILL_AREA_STYLE('',(#7570));
#7572=SURFACE_STYLE_FILL_AREA(#7571);
#7573=SURFACE_SIDE_STYLE('',(#7572));
#7574=SURFACE_STYLE_USAGE(.POSITIVE.,#7573);
#7575=PRESENTATION_STYLE_ASSIGNMENT((#7574));
#7576=STYLED_ITEM('',(#7575),#7569);
#7577=CARTESIAN_POINT('',(-5.85E0,4.7E0,3.5E0));
#7578=DIRECTION('',(0.E0,1.E0,0.E0));
#7579=DIRECTION('',(0.E0,0.E0,-1.E0));
#7580=AXIS2_PLACEMENT_3D('',#7577,#7578,#7579);
#7581=PLANE('',#7580);
#7582=ORIENTED_EDGE('',*,*,#7368,.F.);
#7584=ORIENTED_EDGE('',*,*,#7583,.T.);
#7585=ORIENTED_EDGE('',*,*,#7458,.T.);
#7586=ORIENTED_EDGE('',*,*,#7326,.T.);
#7587=EDGE_LOOP('',(#7582,#7584,#7585,#7586));
#7588=FACE_OUTER_BOUND('',#7587,.F.);
#7589=ADVANCED_FACE('',(#7588),#7581,.F.);
#7590=FILL_AREA_STYLE_COLOUR('',#26);
#7591=FILL_AREA_STYLE('',(#7590));
#7592=SURFACE_STYLE_FILL_AREA(#7591);
#7593=SURFACE_SIDE_STYLE('',(#7592));
#7594=SURFACE_STYLE_USAGE(.POSITIVE.,#7593);
#7595=PRESENTATION_STYLE_ASSIGNMENT((#7594));
#7596=STYLED_ITEM('',(#7595),#7589);
#7597=CARTESIAN_POINT('',(-5.85E0,6.E0,2.3E0));
#7598=DIRECTION('',(-1.E0,0.E0,0.E0));
#7599=DIRECTION('',(0.E0,-1.E0,0.E0));
#7600=AXIS2_PLACEMENT_3D('',#7597,#7598,#7599);
#7601=PLANE('',#7600);
#7602=ORIENTED_EDGE('',*,*,#7583,.F.);
#7603=ORIENTED_EDGE('',*,*,#7366,.F.);
#7605=ORIENTED_EDGE('',*,*,#7604,.F.);
#7606=ORIENTED_EDGE('',*,*,#7460,.T.);
#7607=EDGE_LOOP('',(#7602,#7603,#7605,#7606));
#7608=FACE_OUTER_BOUND('',#7607,.F.);
#7609=ADVANCED_FACE('',(#7608),#7601,.T.);
#7610=FILL_AREA_STYLE_COLOUR('',#18);
#7611=FILL_AREA_STYLE('',(#7610));
#7612=SURFACE_STYLE_FILL_AREA(#7611);
#7613=SURFACE_SIDE_STYLE('',(#7612));
#7614=SURFACE_STYLE_USAGE(.POSITIVE.,#7613);
#7615=PRESENTATION_STYLE_ASSIGNMENT((#7614));
#7616=STYLED_ITEM('',(#7615),#7609);
#7617=CARTESIAN_POINT('',(-5.85E0,6.E0,2.3E0));
#7618=DIRECTION('',(-1.E0,0.E0,0.E0));
#7619=DIRECTION('',(0.E0,-1.E0,0.E0));
#7620=AXIS2_PLACEMENT_3D('',#7617,#7618,#7619);
#7621=PLANE('',#7620);
#7623=ORIENTED_EDGE('',*,*,#7622,.T.);
#7624=ORIENTED_EDGE('',*,*,#7497,.T.);
#7626=ORIENTED_EDGE('',*,*,#7625,.T.);
#7627=ORIENTED_EDGE('',*,*,#7373,.F.);
#7628=EDGE_LOOP('',(#7623,#7624,#7626,#7627));
#7629=FACE_OUTER_BOUND('',#7628,.F.);
#7630=ADVANCED_FACE('',(#7629),#7621,.T.);
#7631=FILL_AREA_STYLE_COLOUR('',#18);
#7632=FILL_AREA_STYLE('',(#7631));
#7633=SURFACE_STYLE_FILL_AREA(#7632);
#7634=SURFACE_SIDE_STYLE('',(#7633));
#7635=SURFACE_STYLE_USAGE(.POSITIVE.,#7634);
#7636=PRESENTATION_STYLE_ASSIGNMENT((#7635));
#7637=STYLED_ITEM('',(#7636),#7630);
#7638=CARTESIAN_POINT('',(-4.85E0,5.E0,1.066980000074E1));
#7639=DIRECTION('',(0.E0,0.E0,-1.E0));
#7640=DIRECTION('',(-1.E0,0.E0,0.E0));
#7641=AXIS2_PLACEMENT_3D('',#7638,#7639,#7640);
#7642=CYLINDRICAL_SURFACE('',#7641,1.E0);
#7643=ORIENTED_EDGE('',*,*,#7364,.T.);
#7645=ORIENTED_EDGE('',*,*,#7644,.F.);
#7646=ORIENTED_EDGE('',*,*,#7462,.T.);
#7647=ORIENTED_EDGE('',*,*,#7604,.T.);
#7648=EDGE_LOOP('',(#7643,#7645,#7646,#7647));
#7649=FACE_OUTER_BOUND('',#7648,.F.);
#7650=ADVANCED_FACE('',(#7649),#7642,.T.);
#7651=FILL_AREA_STYLE_COLOUR('',#18);
#7652=FILL_AREA_STYLE('',(#7651));
#7653=SURFACE_STYLE_FILL_AREA(#7652);
#7654=SURFACE_SIDE_STYLE('',(#7653));
#7655=SURFACE_STYLE_USAGE(.POSITIVE.,#7654);
#7656=PRESENTATION_STYLE_ASSIGNMENT((#7655));
#7657=STYLED_ITEM('',(#7656),#7650);
#7658=CARTESIAN_POINT('',(5.85E0,6.E0,2.3E0));
#7659=DIRECTION('',(0.E0,1.E0,0.E0));
#7660=DIRECTION('',(-1.E0,0.E0,0.E0));
#7661=AXIS2_PLACEMENT_3D('',#7658,#7659,#7660);
#7662=PLANE('',#7661);
#7663=ORIENTED_EDGE('',*,*,#7644,.T.);
#7664=ORIENTED_EDGE('',*,*,#7362,.F.);
#7666=ORIENTED_EDGE('',*,*,#7665,.F.);
#7667=ORIENTED_EDGE('',*,*,#7464,.T.);
#7668=EDGE_LOOP('',(#7663,#7664,#7666,#7667));
#7669=FACE_OUTER_BOUND('',#7668,.F.);
#7670=ADVANCED_FACE('',(#7669),#7662,.T.);
#7671=FILL_AREA_STYLE_COLOUR('',#18);
#7672=FILL_AREA_STYLE('',(#7671));
#7673=SURFACE_STYLE_FILL_AREA(#7672);
#7674=SURFACE_SIDE_STYLE('',(#7673));
#7675=SURFACE_STYLE_USAGE(.POSITIVE.,#7674);
#7676=PRESENTATION_STYLE_ASSIGNMENT((#7675));
#7677=STYLED_ITEM('',(#7676),#7670);
#7678=CARTESIAN_POINT('',(4.85E0,5.E0,1.066980000074E1));
#7679=DIRECTION('',(0.E0,0.E0,-1.E0));
#7680=DIRECTION('',(0.E0,1.E0,0.E0));
#7681=AXIS2_PLACEMENT_3D('',#7678,#7679,#7680);
#7682=CYLINDRICAL_SURFACE('',#7681,1.E0);
#7683=ORIENTED_EDGE('',*,*,#7360,.T.);
#7685=ORIENTED_EDGE('',*,*,#7684,.F.);
#7686=ORIENTED_EDGE('',*,*,#7466,.T.);
#7687=ORIENTED_EDGE('',*,*,#7665,.T.);
#7688=EDGE_LOOP('',(#7683,#7685,#7686,#7687));
#7689=FACE_OUTER_BOUND('',#7688,.F.);
#7690=ADVANCED_FACE('',(#7689),#7682,.T.);
#7691=FILL_AREA_STYLE_COLOUR('',#18);
#7692=FILL_AREA_STYLE('',(#7691));
#7693=SURFACE_STYLE_FILL_AREA(#7692);
#7694=SURFACE_SIDE_STYLE('',(#7693));
#7695=SURFACE_STYLE_USAGE(.POSITIVE.,#7694);
#7696=PRESENTATION_STYLE_ASSIGNMENT((#7695));
#7697=STYLED_ITEM('',(#7696),#7690);
#7698=CARTESIAN_POINT('',(5.85E0,-6.E0,2.3E0));
#7699=DIRECTION('',(1.E0,0.E0,0.E0));
#7700=DIRECTION('',(0.E0,1.E0,0.E0));
#7701=AXIS2_PLACEMENT_3D('',#7698,#7699,#7700);
#7702=PLANE('',#7701);
#7703=ORIENTED_EDGE('',*,*,#7432,.T.);
#7704=ORIENTED_EDGE('',*,*,#7468,.T.);
#7705=ORIENTED_EDGE('',*,*,#7684,.T.);
#7706=ORIENTED_EDGE('',*,*,#7358,.F.);
#7707=EDGE_LOOP('',(#7703,#7704,#7705,#7706));
#7708=FACE_OUTER_BOUND('',#7707,.F.);
#7709=ADVANCED_FACE('',(#7708),#7702,.T.);
#7710=FILL_AREA_STYLE_COLOUR('',#18);
#7711=FILL_AREA_STYLE('',(#7710));
#7712=SURFACE_STYLE_FILL_AREA(#7711);
#7713=SURFACE_SIDE_STYLE('',(#7712));
#7714=SURFACE_STYLE_USAGE(.POSITIVE.,#7713);
#7715=PRESENTATION_STYLE_ASSIGNMENT((#7714));
#7716=STYLED_ITEM('',(#7715),#7709);
#7717=CARTESIAN_POINT('',(5.85E0,-6.E0,2.3E0));
#7718=DIRECTION('',(1.E0,0.E0,0.E0));
#7719=DIRECTION('',(0.E0,1.E0,0.E0));
#7720=AXIS2_PLACEMENT_3D('',#7717,#7718,#7719);
#7721=PLANE('',#7720);
#7723=ORIENTED_EDGE('',*,*,#7722,.F.);
#7724=ORIENTED_EDGE('',*,*,#7381,.F.);
#7726=ORIENTED_EDGE('',*,*,#7725,.F.);
#7727=ORIENTED_EDGE('',*,*,#7489,.T.);
#7728=EDGE_LOOP('',(#7723,#7724,#7726,#7727));
#7729=FACE_OUTER_BOUND('',#7728,.F.);
#7730=ADVANCED_FACE('',(#7729),#7721,.T.);
#7731=FILL_AREA_STYLE_COLOUR('',#18);
#7732=FILL_AREA_STYLE('',(#7731));
#7733=SURFACE_STYLE_FILL_AREA(#7732);
#7734=SURFACE_SIDE_STYLE('',(#7733));
#7735=SURFACE_STYLE_USAGE(.POSITIVE.,#7734);
#7736=PRESENTATION_STYLE_ASSIGNMENT((#7735));
#7737=STYLED_ITEM('',(#7736),#7730);
#7738=CARTESIAN_POINT('',(5.85E0,-4.7E0,2.3E0));
#7739=DIRECTION('',(0.E0,1.E0,0.E0));
#7740=DIRECTION('',(0.E0,0.E0,1.E0));
#7741=AXIS2_PLACEMENT_3D('',#7738,#7739,#7740);
#7742=PLANE('',#7741);
#7743=ORIENTED_EDGE('',*,*,#7403,.F.);
#7744=ORIENTED_EDGE('',*,*,#7383,.F.);
#7745=ORIENTED_EDGE('',*,*,#7722,.T.);
#7746=ORIENTED_EDGE('',*,*,#7487,.T.);
#7747=EDGE_LOOP('',(#7743,#7744,#7745,#7746));
#7748=FACE_OUTER_BOUND('',#7747,.F.);
#7749=ADVANCED_FACE('',(#7748),#7742,.T.);
#7750=FILL_AREA_STYLE_COLOUR('',#26);
#7751=FILL_AREA_STYLE('',(#7750));
#7752=SURFACE_STYLE_FILL_AREA(#7751);
#7753=SURFACE_SIDE_STYLE('',(#7752));
#7754=SURFACE_STYLE_USAGE(.POSITIVE.,#7753);
#7755=PRESENTATION_STYLE_ASSIGNMENT((#7754));
#7756=STYLED_ITEM('',(#7755),#7749);
#7757=CARTESIAN_POINT('',(4.85E0,-5.E0,1.066980000074E1));
#7758=DIRECTION('',(0.E0,0.E0,-1.E0));
#7759=DIRECTION('',(1.E0,0.E0,0.E0));
#7760=AXIS2_PLACEMENT_3D('',#7757,#7758,#7759);
#7761=CYLINDRICAL_SURFACE('',#7760,1.E0);
#7762=ORIENTED_EDGE('',*,*,#7379,.T.);
#7764=ORIENTED_EDGE('',*,*,#7763,.F.);
#7765=ORIENTED_EDGE('',*,*,#7491,.T.);
#7766=ORIENTED_EDGE('',*,*,#7725,.T.);
#7767=EDGE_LOOP('',(#7762,#7764,#7765,#7766));
#7768=FACE_OUTER_BOUND('',#7767,.F.);
#7769=ADVANCED_FACE('',(#7768),#7761,.T.);
#7770=FILL_AREA_STYLE_COLOUR('',#18);
#7771=FILL_AREA_STYLE('',(#7770));
#7772=SURFACE_STYLE_FILL_AREA(#7771);
#7773=SURFACE_SIDE_STYLE('',(#7772));
#7774=SURFACE_STYLE_USAGE(.POSITIVE.,#7773);
#7775=PRESENTATION_STYLE_ASSIGNMENT((#7774));
#7776=STYLED_ITEM('',(#7775),#7769);
#7777=CARTESIAN_POINT('',(-5.85E0,-6.E0,2.3E0));
#7778=DIRECTION('',(0.E0,-1.E0,0.E0));
#7779=DIRECTION('',(1.E0,0.E0,0.E0));
#7780=AXIS2_PLACEMENT_3D('',#7777,#7778,#7779);
#7781=PLANE('',#7780);
#7783=ORIENTED_EDGE('',*,*,#7782,.F.);
#7784=ORIENTED_EDGE('',*,*,#7493,.T.);
#7785=ORIENTED_EDGE('',*,*,#7763,.T.);
#7786=ORIENTED_EDGE('',*,*,#7377,.F.);
#7787=EDGE_LOOP('',(#7783,#7784,#7785,#7786));
#7788=FACE_OUTER_BOUND('',#7787,.F.);
#7789=ADVANCED_FACE('',(#7788),#7781,.T.);
#7790=FILL_AREA_STYLE_COLOUR('',#18);
#7791=FILL_AREA_STYLE('',(#7790));
#7792=SURFACE_STYLE_FILL_AREA(#7791);
#7793=SURFACE_SIDE_STYLE('',(#7792));
#7794=SURFACE_STYLE_USAGE(.POSITIVE.,#7793);
#7795=PRESENTATION_STYLE_ASSIGNMENT((#7794));
#7796=STYLED_ITEM('',(#7795),#7789);
#7797=CARTESIAN_POINT('',(-4.85E0,-5.E0,1.066980000074E1));
#7798=DIRECTION('',(0.E0,0.E0,-1.E0));
#7799=DIRECTION('',(0.E0,-1.E0,0.E0));
#7800=AXIS2_PLACEMENT_3D('',#7797,#7798,#7799);
#7801=CYLINDRICAL_SURFACE('',#7800,1.E0);
#7802=ORIENTED_EDGE('',*,*,#7375,.T.);
#7803=ORIENTED_EDGE('',*,*,#7625,.F.);
#7804=ORIENTED_EDGE('',*,*,#7495,.T.);
#7805=ORIENTED_EDGE('',*,*,#7782,.T.);
#7806=EDGE_LOOP('',(#7802,#7803,#7804,#7805));
#7807=FACE_OUTER_BOUND('',#7806,.F.);
#7808=ADVANCED_FACE('',(#7807),#7801,.T.);
#7809=FILL_AREA_STYLE_COLOUR('',#18);
#7810=FILL_AREA_STYLE('',(#7809));
#7811=SURFACE_STYLE_FILL_AREA(#7810);
#7812=SURFACE_SIDE_STYLE('',(#7811));
#7813=SURFACE_STYLE_USAGE(.POSITIVE.,#7812);
#7814=PRESENTATION_STYLE_ASSIGNMENT((#7813));
#7815=STYLED_ITEM('',(#7814),#7808);
#7816=CARTESIAN_POINT('',(-5.85E0,-4.7E0,2.3E0));
#7817=DIRECTION('',(0.E0,-1.E0,0.E0));
#7818=DIRECTION('',(0.E0,0.E0,1.E0));
#7819=AXIS2_PLACEMENT_3D('',#7816,#7817,#7818);
#7820=PLANE('',#7819);
#7821=ORIENTED_EDGE('',*,*,#7371,.T.);
#7822=ORIENTED_EDGE('',*,*,#7337,.T.);
#7823=ORIENTED_EDGE('',*,*,#7499,.F.);
#7824=ORIENTED_EDGE('',*,*,#7622,.F.);
#7825=EDGE_LOOP('',(#7821,#7822,#7823,#7824));
#7826=FACE_OUTER_BOUND('',#7825,.F.);
#7827=ADVANCED_FACE('',(#7826),#7820,.F.);
#7828=FILL_AREA_STYLE_COLOUR('',#26);
#7829=FILL_AREA_STYLE('',(#7828));
#7830=SURFACE_STYLE_FILL_AREA(#7829);
#7831=SURFACE_SIDE_STYLE('',(#7830));
#7832=SURFACE_STYLE_USAGE(.POSITIVE.,#7831);
#7833=PRESENTATION_STYLE_ASSIGNMENT((#7832));
#7834=STYLED_ITEM('',(#7833),#7827);
#7835=CARTESIAN_POINT('',(-5.85E0,-1.15E0,3.5E0));
#7836=DIRECTION('',(0.E0,-1.E0,0.E0));
#7837=DIRECTION('',(1.E0,0.E0,0.E0));
#7838=AXIS2_PLACEMENT_3D('',#7835,#7836,#7837);
#7839=PLANE('',#7838);
#7840=ORIENTED_EDGE('',*,*,#7333,.T.);
#7841=ORIENTED_EDGE('',*,*,#7283,.T.);
#7843=ORIENTED_EDGE('',*,*,#7842,.F.);
#7844=ORIENTED_EDGE('',*,*,#7502,.F.);
#7845=EDGE_LOOP('',(#7840,#7841,#7843,#7844));
#7846=FACE_OUTER_BOUND('',#7845,.F.);
#7847=ADVANCED_FACE('',(#7846),#7839,.T.);
#7848=FILL_AREA_STYLE_COLOUR('',#18);
#7849=FILL_AREA_STYLE('',(#7848));
#7850=SURFACE_STYLE_FILL_AREA(#7849);
#7851=SURFACE_SIDE_STYLE('',(#7850));
#7852=SURFACE_STYLE_USAGE(.POSITIVE.,#7851);
#7853=PRESENTATION_STYLE_ASSIGNMENT((#7852));
#7854=STYLED_ITEM('',(#7853),#7847);
#7855=CARTESIAN_POINT('',(0.E0,0.E0,3.5E0));
#7856=DIRECTION('',(0.E0,0.E0,1.E0));
#7857=DIRECTION('',(1.E0,0.E0,0.E0));
#7858=AXIS2_PLACEMENT_3D('',#7855,#7856,#7857);
#7859=CYLINDRICAL_SURFACE('',#7858,4.E0);
#7861=ORIENTED_EDGE('',*,*,#7860,.T.);
#7863=ORIENTED_EDGE('',*,*,#7862,.F.);
#7864=ORIENTED_EDGE('',*,*,#7504,.F.);
#7865=ORIENTED_EDGE('',*,*,#7842,.T.);
#7866=EDGE_LOOP('',(#7861,#7863,#7864,#7865));
#7867=FACE_OUTER_BOUND('',#7866,.F.);
#7868=ADVANCED_FACE('',(#7867),#7859,.T.);
#7869=FILL_AREA_STYLE_COLOUR('',#18);
#7870=FILL_AREA_STYLE('',(#7869));
#7871=SURFACE_STYLE_FILL_AREA(#7870);
#7872=SURFACE_SIDE_STYLE('',(#7871));
#7873=SURFACE_STYLE_USAGE(.POSITIVE.,#7872);
#7874=PRESENTATION_STYLE_ASSIGNMENT((#7873));
#7875=STYLED_ITEM('',(#7874),#7868);
#7876=CARTESIAN_POINT('',(0.E0,0.E0,4.5E0));
#7877=DIRECTION('',(0.E0,0.E0,1.E0));
#7878=DIRECTION('',(-9.999398670680E-1,1.096641454995E-2,0.E0));
#7879=AXIS2_PLACEMENT_3D('',#7876,#7877,#7878);
#7880=TOROIDAL_SURFACE('',#7879,4.E0,5.E-1);
#7881=ORIENTED_EDGE('',*,*,#7304,.F.);
#7882=ORIENTED_EDGE('',*,*,#7860,.F.);
#7883=ORIENTED_EDGE('',*,*,#7281,.F.);
#7884=ORIENTED_EDGE('',*,*,#7259,.T.);
#7886=ORIENTED_EDGE('',*,*,#7885,.T.);
#7887=ORIENTED_EDGE('',*,*,#7256,.F.);
#7888=EDGE_LOOP('',(#7881,#7882,#7883,#7884,#7886,#7887));
#7889=FACE_OUTER_BOUND('',#7888,.F.);
#7890=ADVANCED_FACE('',(#7889),#7880,.F.);
#7891=FILL_AREA_STYLE_COLOUR('',#18);
#7892=FILL_AREA_STYLE('',(#7891));
#7893=SURFACE_STYLE_FILL_AREA(#7892);
#7894=SURFACE_SIDE_STYLE('',(#7893));
#7895=SURFACE_STYLE_USAGE(.POSITIVE.,#7894);
#7896=PRESENTATION_STYLE_ASSIGNMENT((#7895));
#7897=STYLED_ITEM('',(#7896),#7890);
#7898=CARTESIAN_POINT('',(0.E0,0.E0,4.E0));
#7899=DIRECTION('',(0.E0,0.E0,1.E0));
#7900=DIRECTION('',(1.E0,0.E0,0.E0));
#7901=AXIS2_PLACEMENT_3D('',#7898,#7899,#7900);
#7902=CYLINDRICAL_SURFACE('',#7901,3.5E0);
#7903=ORIENTED_EDGE('',*,*,#7885,.F.);
#7904=ORIENTED_EDGE('',*,*,#7233,.T.);
#7906=ORIENTED_EDGE('',*,*,#7905,.T.);
#7907=ORIENTED_EDGE('',*,*,#7230,.F.);
#7908=EDGE_LOOP('',(#7903,#7904,#7906,#7907));
#7909=FACE_OUTER_BOUND('',#7908,.F.);
#7910=ADVANCED_FACE('',(#7909),#7902,.T.);
#7911=FILL_AREA_STYLE_COLOUR('',#18);
#7912=FILL_AREA_STYLE('',(#7911));
#7913=SURFACE_STYLE_FILL_AREA(#7912);
#7914=SURFACE_SIDE_STYLE('',(#7913));
#7915=SURFACE_STYLE_USAGE(.POSITIVE.,#7914);
#7916=PRESENTATION_STYLE_ASSIGNMENT((#7915));
#7917=STYLED_ITEM('',(#7916),#7910);
#7918=CARTESIAN_POINT('',(0.E0,0.E0,8.750000000068E0));
#7919=DIRECTION('',(0.E0,0.E0,-1.E0));
#7920=DIRECTION('',(0.E0,-1.E0,0.E0));
#7921=AXIS2_PLACEMENT_3D('',#7918,#7919,#7920);
#7922=CONICAL_SURFACE('',#7921,3.249999999932E0,4.5E1);
#7923=ORIENTED_EDGE('',*,*,#7905,.F.);
#7924=ORIENTED_EDGE('',*,*,#7211,.F.);
#7926=ORIENTED_EDGE('',*,*,#7925,.T.);
#7927=ORIENTED_EDGE('',*,*,#7207,.T.);
#7928=EDGE_LOOP('',(#7923,#7924,#7926,#7927));
#7929=FACE_OUTER_BOUND('',#7928,.F.);
#7930=ADVANCED_FACE('',(#7929),#7922,.T.);
#7931=FILL_AREA_STYLE_COLOUR('',#18);
#7932=FILL_AREA_STYLE('',(#7931));
#7933=SURFACE_STYLE_FILL_AREA(#7932);
#7934=SURFACE_SIDE_STYLE('',(#7933));
#7935=SURFACE_STYLE_USAGE(.POSITIVE.,#7934);
#7936=PRESENTATION_STYLE_ASSIGNMENT((#7935));
#7937=STYLED_ITEM('',(#7936),#7930);
#7938=CARTESIAN_POINT('',(0.E0,0.E0,9.E0));
#7939=DIRECTION('',(0.E0,0.E0,1.E0));
#7940=DIRECTION('',(1.E0,0.E0,0.E0));
#7941=AXIS2_PLACEMENT_3D('',#7938,#7939,#7940);
#7942=PLANE('',#7941);
#7943=ORIENTED_EDGE('',*,*,#7925,.F.);
#7944=ORIENTED_EDGE('',*,*,#7209,.F.);
#7945=EDGE_LOOP('',(#7943,#7944));
#7946=FACE_OUTER_BOUND('',#7945,.F.);
#7948=ORIENTED_EDGE('',*,*,#7947,.T.);
#7950=ORIENTED_EDGE('',*,*,#7949,.T.);
#7951=EDGE_LOOP('',(#7948,#7950));
#7952=FACE_BOUND('',#7951,.F.);
#7953=ADVANCED_FACE('',(#7946,#7952),#7942,.T.);
#7954=FILL_AREA_STYLE_COLOUR('',#18);
#7955=FILL_AREA_STYLE('',(#7954));
#7956=SURFACE_STYLE_FILL_AREA(#7955);
#7957=SURFACE_SIDE_STYLE('',(#7956));
#7958=SURFACE_STYLE_USAGE(.POSITIVE.,#7957);
#7959=PRESENTATION_STYLE_ASSIGNMENT((#7958));
#7960=STYLED_ITEM('',(#7959),#7953);
#7961=CARTESIAN_POINT('',(0.E0,0.E0,9.E0));
#7962=DIRECTION('',(0.E0,0.E0,1.E0));
#7963=DIRECTION('',(1.E0,0.E0,0.E0));
#7964=AXIS2_PLACEMENT_3D('',#7961,#7962,#7963);
#7965=CYLINDRICAL_SURFACE('',#7964,1.85E0);
#7966=ORIENTED_EDGE('',*,*,#7947,.F.);
#7968=ORIENTED_EDGE('',*,*,#7967,.T.);
#7970=ORIENTED_EDGE('',*,*,#7969,.T.);
#7972=ORIENTED_EDGE('',*,*,#7971,.F.);
#7973=EDGE_LOOP('',(#7966,#7968,#7970,#7972));
#7974=FACE_OUTER_BOUND('',#7973,.F.);
#7975=ADVANCED_FACE('',(#7974),#7965,.F.);
#7976=FILL_AREA_STYLE_COLOUR('',#19);
#7977=FILL_AREA_STYLE('',(#7976));
#7978=SURFACE_STYLE_FILL_AREA(#7977);
#7979=SURFACE_SIDE_STYLE('',(#7978));
#7980=SURFACE_STYLE_USAGE(.POSITIVE.,#7979);
#7981=PRESENTATION_STYLE_ASSIGNMENT((#7980));
#7982=STYLED_ITEM('',(#7981),#7975);
#7983=CARTESIAN_POINT('',(0.E0,0.E0,9.E0));
#7984=DIRECTION('',(0.E0,0.E0,1.E0));
#7985=DIRECTION('',(1.E0,0.E0,0.E0));
#7986=AXIS2_PLACEMENT_3D('',#7983,#7984,#7985);
#7987=CYLINDRICAL_SURFACE('',#7986,1.85E0);
#7988=ORIENTED_EDGE('',*,*,#7949,.F.);
#7989=ORIENTED_EDGE('',*,*,#7971,.T.);
#7991=ORIENTED_EDGE('',*,*,#7990,.T.);
#7992=ORIENTED_EDGE('',*,*,#7967,.F.);
#7993=EDGE_LOOP('',(#7988,#7989,#7991,#7992));
#7994=FACE_OUTER_BOUND('',#7993,.F.);
#7995=ADVANCED_FACE('',(#7994),#7987,.F.);
#7996=FILL_AREA_STYLE_COLOUR('',#19);
#7997=FILL_AREA_STYLE('',(#7996));
#7998=SURFACE_STYLE_FILL_AREA(#7997);
#7999=SURFACE_SIDE_STYLE('',(#7998));
#8000=SURFACE_STYLE_USAGE(.POSITIVE.,#7999);
#8001=PRESENTATION_STYLE_ASSIGNMENT((#8000));
#8002=STYLED_ITEM('',(#8001),#7995);
#8003=CARTESIAN_POINT('',(0.E0,0.E0,7.2E0));
#8004=DIRECTION('',(0.E0,0.E0,1.E0));
#8005=DIRECTION('',(1.E0,0.E0,0.E0));
#8006=AXIS2_PLACEMENT_3D('',#8003,#8004,#8005);
#8007=PLANE('',#8006);
#8008=ORIENTED_EDGE('',*,*,#7969,.F.);
#8009=ORIENTED_EDGE('',*,*,#7990,.F.);
#8010=EDGE_LOOP('',(#8008,#8009));
#8011=FACE_OUTER_BOUND('',#8010,.F.);
#8013=ORIENTED_EDGE('',*,*,#8012,.F.);
#8015=ORIENTED_EDGE('',*,*,#8014,.F.);
#8016=EDGE_LOOP('',(#8013,#8015));
#8017=FACE_BOUND('',#8016,.F.);
#8018=ADVANCED_FACE('',(#8011,#8017),#8007,.T.);
#8019=CARTESIAN_POINT('',(0.E0,0.E0,9.E0));
#8020=DIRECTION('',(0.E0,0.E0,1.E0));
#8021=DIRECTION('',(1.E0,0.E0,0.E0));
#8022=AXIS2_PLACEMENT_3D('',#8019,#8020,#8021);
#8023=CYLINDRICAL_SURFACE('',#8022,1.8E0);
#8025=ORIENTED_EDGE('',*,*,#8024,.F.);
#8026=ORIENTED_EDGE('',*,*,#8012,.T.);
#8028=ORIENTED_EDGE('',*,*,#8027,.F.);
#8030=ORIENTED_EDGE('',*,*,#8029,.F.);
#8031=EDGE_LOOP('',(#8025,#8026,#8028,#8030));
#8032=FACE_OUTER_BOUND('',#8031,.F.);
#8033=ADVANCED_FACE('',(#8032),#8023,.T.);
#8034=FILL_AREA_STYLE_COLOUR('',#26);
#8035=FILL_AREA_STYLE('',(#8034));
#8036=SURFACE_STYLE_FILL_AREA(#8035);
#8037=SURFACE_SIDE_STYLE('',(#8036));
#8038=SURFACE_STYLE_USAGE(.POSITIVE.,#8037);
#8039=PRESENTATION_STYLE_ASSIGNMENT((#8038));
#8040=STYLED_ITEM('',(#8039),#8033);
#8041=CARTESIAN_POINT('',(0.E0,0.E0,9.E0));
#8042=DIRECTION('',(0.E0,0.E0,1.E0));
#8043=DIRECTION('',(1.E0,0.E0,0.E0));
#8044=AXIS2_PLACEMENT_3D('',#8041,#8042,#8043);
#8045=CYLINDRICAL_SURFACE('',#8044,1.8E0);
#8047=ORIENTED_EDGE('',*,*,#8046,.T.);
#8049=ORIENTED_EDGE('',*,*,#8048,.F.);
#8050=ORIENTED_EDGE('',*,*,#8027,.T.);
#8051=ORIENTED_EDGE('',*,*,#8014,.T.);
#8052=ORIENTED_EDGE('',*,*,#8024,.T.);
#8054=ORIENTED_EDGE('',*,*,#8053,.F.);
#8055=EDGE_LOOP('',(#8047,#8049,#8050,#8051,#8052,#8054));
#8056=FACE_OUTER_BOUND('',#8055,.F.);
#8057=ADVANCED_FACE('',(#8056),#8045,.T.);
#8058=FILL_AREA_STYLE_COLOUR('',#26);
#8059=FILL_AREA_STYLE('',(#8058));
#8060=SURFACE_STYLE_FILL_AREA(#8059);
#8061=SURFACE_SIDE_STYLE('',(#8060));
#8062=SURFACE_STYLE_USAGE(.POSITIVE.,#8061);
#8063=PRESENTATION_STYLE_ASSIGNMENT((#8062));
#8064=STYLED_ITEM('',(#8063),#8057);
#8065=CARTESIAN_POINT('',(0.E0,0.E0,1.085E1));
#8066=DIRECTION('',(0.E0,0.E0,1.E0));
#8067=DIRECTION('',(1.E0,0.E0,0.E0));
#8068=AXIS2_PLACEMENT_3D('',#8065,#8066,#8067);
#8069=PLANE('',#8068);
#8070=ORIENTED_EDGE('',*,*,#8046,.F.);
#8072=ORIENTED_EDGE('',*,*,#8071,.F.);
#8073=EDGE_LOOP('',(#8070,#8072));
#8074=FACE_OUTER_BOUND('',#8073,.F.);
#8075=ADVANCED_FACE('',(#8074),#8069,.T.);
#8076=FILL_AREA_STYLE_COLOUR('',#26);
#8077=FILL_AREA_STYLE('',(#8076));
#8078=SURFACE_STYLE_FILL_AREA(#8077);
#8079=SURFACE_SIDE_STYLE('',(#8078));
#8080=SURFACE_STYLE_USAGE(.POSITIVE.,#8079);
#8081=PRESENTATION_STYLE_ASSIGNMENT((#8080));
#8082=STYLED_ITEM('',(#8081),#8075);
#8083=CARTESIAN_POINT('',(-4.033874544238E0,1.6E0,1.65E1));
#8084=DIRECTION('',(0.E0,-1.E0,0.E0));
#8085=DIRECTION('',(1.E0,0.E0,0.E0));
#8086=AXIS2_PLACEMENT_3D('',#8083,#8084,#8085);
#8087=PLANE('',#8086);
#8089=ORIENTED_EDGE('',*,*,#8088,.F.);
#8091=ORIENTED_EDGE('',*,*,#8090,.F.);
#8093=ORIENTED_EDGE('',*,*,#8092,.F.);
#8095=ORIENTED_EDGE('',*,*,#8094,.T.);
#8096=ORIENTED_EDGE('',*,*,#8071,.T.);
#8098=ORIENTED_EDGE('',*,*,#8097,.T.);
#8100=ORIENTED_EDGE('',*,*,#8099,.T.);
#8102=ORIENTED_EDGE('',*,*,#8101,.F.);
#8103=EDGE_LOOP('',(#8089,#8091,#8093,#8095,#8096,#8098,#8100,#8102));
#8104=FACE_OUTER_BOUND('',#8103,.F.);
#8105=ADVANCED_FACE('',(#8104),#8087,.F.);
#8106=FILL_AREA_STYLE_COLOUR('',#26);
#8107=FILL_AREA_STYLE('',(#8106));
#8108=SURFACE_STYLE_FILL_AREA(#8107);
#8109=SURFACE_SIDE_STYLE('',(#8108));
#8110=SURFACE_STYLE_USAGE(.POSITIVE.,#8109);
#8111=PRESENTATION_STYLE_ASSIGNMENT((#8110));
#8112=STYLED_ITEM('',(#8111),#8105);
#8113=CARTESIAN_POINT('',(0.E0,0.E0,1.65E1));
#8114=DIRECTION('',(0.E0,0.E0,1.E0));
#8115=DIRECTION('',(1.E0,0.E0,0.E0));
#8116=AXIS2_PLACEMENT_3D('',#8113,#8114,#8115);
#8117=PLANE('',#8116);
#8119=ORIENTED_EDGE('',*,*,#8118,.F.);
#8120=ORIENTED_EDGE('',*,*,#8088,.T.);
#8121=EDGE_LOOP('',(#8119,#8120));
#8122=FACE_OUTER_BOUND('',#8121,.F.);
#8123=ADVANCED_FACE('',(#8122),#8117,.T.);
#8124=FILL_AREA_STYLE_COLOUR('',#26);
#8125=FILL_AREA_STYLE('',(#8124));
#8126=SURFACE_STYLE_FILL_AREA(#8125);
#8127=SURFACE_SIDE_STYLE('',(#8126));
#8128=SURFACE_STYLE_USAGE(.POSITIVE.,#8127);
#8129=PRESENTATION_STYLE_ASSIGNMENT((#8128));
#8130=STYLED_ITEM('',(#8129),#8123);
#8131=CARTESIAN_POINT('',(0.E0,0.E0,1.625E1));
#8132=DIRECTION('',(0.E0,0.E0,-1.E0));
#8133=DIRECTION('',(0.E0,-1.E0,0.E0));
#8134=AXIS2_PLACEMENT_3D('',#8131,#8132,#8133);
#8135=CONICAL_SURFACE('',#8134,2.1E0,4.5E1);
#8137=ORIENTED_EDGE('',*,*,#8136,.T.);
#8138=ORIENTED_EDGE('',*,*,#8090,.T.);
#8139=ORIENTED_EDGE('',*,*,#8118,.T.);
#8140=ORIENTED_EDGE('',*,*,#8101,.T.);
#8141=EDGE_LOOP('',(#8137,#8138,#8139,#8140));
#8142=FACE_OUTER_BOUND('',#8141,.F.);
#8143=ADVANCED_FACE('',(#8142),#8135,.T.);
#8144=FILL_AREA_STYLE_COLOUR('',#26);
#8145=FILL_AREA_STYLE('',(#8144));
#8146=SURFACE_STYLE_FILL_AREA(#8145);
#8147=SURFACE_SIDE_STYLE('',(#8146));
#8148=SURFACE_STYLE_USAGE(.POSITIVE.,#8147);
#8149=PRESENTATION_STYLE_ASSIGNMENT((#8148));
#8150=STYLED_ITEM('',(#8149),#8143);
#8151=CARTESIAN_POINT('',(0.E0,0.E0,9.E0));
#8152=DIRECTION('',(0.E0,0.E0,1.E0));
#8153=DIRECTION('',(1.E0,0.E0,0.E0));
#8154=AXIS2_PLACEMENT_3D('',#8151,#8152,#8153);
#8155=CYLINDRICAL_SURFACE('',#8154,2.35E0);
#8157=ORIENTED_EDGE('',*,*,#8156,.T.);
#8158=ORIENTED_EDGE('',*,*,#8092,.T.);
#8159=ORIENTED_EDGE('',*,*,#8136,.F.);
#8160=ORIENTED_EDGE('',*,*,#8099,.F.);
#8161=EDGE_LOOP('',(#8157,#8158,#8159,#8160));
#8162=FACE_OUTER_BOUND('',#8161,.F.);
#8163=ADVANCED_FACE('',(#8162),#8155,.T.);
#8164=FILL_AREA_STYLE_COLOUR('',#26);
#8165=FILL_AREA_STYLE('',(#8164));
#8166=SURFACE_STYLE_FILL_AREA(#8165);
#8167=SURFACE_SIDE_STYLE('',(#8166));
#8168=SURFACE_STYLE_USAGE(.POSITIVE.,#8167);
#8169=PRESENTATION_STYLE_ASSIGNMENT((#8168));
#8170=STYLED_ITEM('',(#8169),#8163);
#8171=CARTESIAN_POINT('',(0.E0,0.E0,1.085E1));
#8172=DIRECTION('',(0.E0,0.E0,1.E0));
#8173=DIRECTION('',(1.E0,0.E0,0.E0));
#8174=AXIS2_PLACEMENT_3D('',#8171,#8172,#8173);
#8175=PLANE('',#8174);
#8176=ORIENTED_EDGE('',*,*,#8094,.F.);
#8177=ORIENTED_EDGE('',*,*,#8156,.F.);
#8178=ORIENTED_EDGE('',*,*,#8097,.F.);
#8179=ORIENTED_EDGE('',*,*,#8053,.T.);
#8180=ORIENTED_EDGE('',*,*,#8029,.T.);
#8181=ORIENTED_EDGE('',*,*,#8048,.T.);
#8182=EDGE_LOOP('',(#8176,#8177,#8178,#8179,#8180,#8181));
#8183=FACE_OUTER_BOUND('',#8182,.F.);
#8184=ADVANCED_FACE('',(#8183),#8175,.F.);
#8185=FILL_AREA_STYLE_COLOUR('',#26);
#8186=FILL_AREA_STYLE('',(#8185));
#8187=SURFACE_STYLE_FILL_AREA(#8186);
#8188=SURFACE_SIDE_STYLE('',(#8187));
#8189=SURFACE_STYLE_USAGE(.POSITIVE.,#8188);
#8190=PRESENTATION_STYLE_ASSIGNMENT((#8189));
#8191=STYLED_ITEM('',(#8190),#8184);
#8192=CARTESIAN_POINT('',(3.831122550898E0,-1.15E0,3.5E0));
#8193=DIRECTION('',(0.E0,-1.E0,0.E0));
#8194=DIRECTION('',(1.E0,0.E0,0.E0));
#8195=AXIS2_PLACEMENT_3D('',#8192,#8193,#8194);
#8196=PLANE('',#8195);
#8197=ORIENTED_EDGE('',*,*,#7407,.F.);
#8198=ORIENTED_EDGE('',*,*,#7506,.T.);
#8199=ORIENTED_EDGE('',*,*,#7862,.T.);
#8200=ORIENTED_EDGE('',*,*,#7302,.T.);
#8201=EDGE_LOOP('',(#8197,#8198,#8199,#8200));
#8202=FACE_OUTER_BOUND('',#8201,.F.);
#8203=ADVANCED_FACE('',(#8202),#8196,.T.);
#8204=FILL_AREA_STYLE_COLOUR('',#18);
#8205=FILL_AREA_STYLE('',(#8204));
#8206=SURFACE_STYLE_FILL_AREA(#8205);
#8207=SURFACE_SIDE_STYLE('',(#8206));
#8208=SURFACE_STYLE_USAGE(.POSITIVE.,#8207);
#8209=PRESENTATION_STYLE_ASSIGNMENT((#8208));
#8210=STYLED_ITEM('',(#8209),#8203);
#8211=CLOSED_SHELL('',(#7215,#7237,#7263,#7287,#7311,#7341,#7387,#7416,#7437,
#7473,#7510,#7530,#7550,#7569,#7589,#7609,#7630,#7650,#7670,#7690,#7709,#7730,
#7749,#7769,#7789,#7808,#7827,#7847,#7868,#7890,#7910,#7930,#7953,#7975,#7995,
#8018,#8033,#8057,#8075,#8105,#8123,#8143,#8163,#8184,#8203));
#8212=MANIFOLD_SOLID_BREP('',#8211);
#8213=DIRECTION('',(0.E0,0.E0,-1.E0));
#8214=VECTOR('',#8213,9.999999999999E-3);
#8215=CARTESIAN_POINT('',(8.309667352676E-1,5.314912753916E0,4.E0));
#8216=LINE('',#8215,#8214);
#8217=CARTESIAN_POINT('',(4.4459E0,5.287433231810E0,4.E0));
#8218=DIRECTION('',(0.E0,0.E0,-1.E0));
#8219=DIRECTION('',(1.E0,0.E0,0.E0));
#8220=AXIS2_PLACEMENT_3D('',#8217,#8218,#8219);
#8222=CARTESIAN_POINT('',(4.4459E0,5.287433231810E0,4.E0));
#8223=DIRECTION('',(0.E0,0.E0,-1.E0));
#8224=DIRECTION('',(-1.E0,0.E0,0.E0));
#8225=AXIS2_PLACEMENT_3D('',#8222,#8223,#8224);
#8227=CARTESIAN_POINT('',(-4.4459E0,-5.287433231810E0,4.E0));
#8228=DIRECTION('',(0.E0,0.E0,-1.E0));
#8229=DIRECTION('',(1.E0,0.E0,0.E0));
#8230=AXIS2_PLACEMENT_3D('',#8227,#8228,#8229);
#8232=CARTESIAN_POINT('',(-4.4459E0,-5.287433231810E0,4.E0));
#8233=DIRECTION('',(0.E0,0.E0,-1.E0));
#8234=DIRECTION('',(-1.E0,0.E0,0.E0));
#8235=AXIS2_PLACEMENT_3D('',#8232,#8233,#8234);
#8237=DIRECTION('',(0.E0,-1.E0,0.E0));
#8238=VECTOR('',#8237,3.149866768190E0);
#8239=CARTESIAN_POINT('',(-5.45E0,-1.450133231810E0,4.E0));
#8240=LINE('',#8239,#8238);
#8241=CARTESIAN_POINT('',(0.E0,0.E0,4.E0));
#8242=DIRECTION('',(0.E0,0.E0,-1.E0));
#8243=DIRECTION('',(9.414186046512E-1,-3.372402864675E-1,0.E0));
#8244=AXIS2_PLACEMENT_3D('',#8241,#8242,#8243);
#8246=DIRECTION('',(0.E0,1.E0,0.E0));
#8247=VECTOR('',#8246,3.149866768190E0);
#8248=CARTESIAN_POINT('',(5.45E0,-4.6E0,4.E0));
#8249=LINE('',#8248,#8247);
#8250=DIRECTION('',(-1.E0,0.E0,0.E0));
#8251=VECTOR('',#8250,2.E-1);
#8252=CARTESIAN_POINT('',(5.45E0,-4.6E0,4.E0));
#8253=LINE('',#8252,#8251);
#8254=DIRECTION('',(0.E0,1.E0,0.E0));
#8255=VECTOR('',#8254,9.001332318101E-1);
#8256=CARTESIAN_POINT('',(5.25E0,-5.500133231810E0,4.E0));
#8257=LINE('',#8256,#8255);
#8258=CARTESIAN_POINT('',(4.75E0,-5.500133231810E0,4.E0));
#8259=DIRECTION('',(0.E0,0.E0,1.E0));
#8260=DIRECTION('',(0.E0,-1.E0,0.E0));
#8261=AXIS2_PLACEMENT_3D('',#8258,#8259,#8260);
#8263=DIRECTION('',(1.E0,0.E0,0.E0));
#8264=VECTOR('',#8263,9.5E0);
#8265=CARTESIAN_POINT('',(-4.75E0,-6.000133231810E0,4.E0));
#8266=LINE('',#8265,#8264);
#8267=CARTESIAN_POINT('',(-4.75E0,-5.500133231810E0,4.E0));
#8268=DIRECTION('',(0.E0,0.E0,1.E0));
#8269=DIRECTION('',(-1.E0,0.E0,0.E0));
#8270=AXIS2_PLACEMENT_3D('',#8267,#8268,#8269);
#8272=DIRECTION('',(0.E0,1.E0,0.E0));
#8273=VECTOR('',#8272,9.001332318101E-1);
#8274=CARTESIAN_POINT('',(-5.25E0,-5.500133231810E0,4.E0));
#8275=LINE('',#8274,#8273);
#8276=DIRECTION('',(1.E0,0.E0,0.E0));
#8277=VECTOR('',#8276,2.E-1);
#8278=CARTESIAN_POINT('',(-5.45E0,-4.6E0,4.E0));
#8279=LINE('',#8278,#8277);
#8280=DIRECTION('',(0.E0,-1.E0,0.E0));
#8281=VECTOR('',#8280,3.149866768190E0);
#8282=CARTESIAN_POINT('',(-5.45E0,4.6E0,4.E0));
#8283=LINE('',#8282,#8281);
#8284=DIRECTION('',(1.E0,0.E0,0.E0));
#8285=VECTOR('',#8284,2.E-1);
#8286=CARTESIAN_POINT('',(-5.45E0,4.6E0,4.E0));
#8287=LINE('',#8286,#8285);
#8288=DIRECTION('',(0.E0,-1.E0,0.E0));
#8289=VECTOR('',#8288,9.001332318101E-1);
#8290=CARTESIAN_POINT('',(-5.25E0,5.500133231810E0,4.E0));
#8291=LINE('',#8290,#8289);
#8292=CARTESIAN_POINT('',(-4.75E0,5.500133231810E0,4.E0));
#8293=DIRECTION('',(0.E0,0.E0,1.E0));
#8294=DIRECTION('',(0.E0,1.E0,0.E0));
#8295=AXIS2_PLACEMENT_3D('',#8292,#8293,#8294);
#8297=DIRECTION('',(-1.E0,0.E0,0.E0));
#8298=VECTOR('',#8297,9.5E0);
#8299=CARTESIAN_POINT('',(4.75E0,6.000133231810E0,4.E0));
#8300=LINE('',#8299,#8298);
#8301=CARTESIAN_POINT('',(4.75E0,5.500133231810E0,4.E0));
#8302=DIRECTION('',(0.E0,0.E0,1.E0));
#8303=DIRECTION('',(1.E0,0.E0,0.E0));
#8304=AXIS2_PLACEMENT_3D('',#8301,#8302,#8303);
#8306=DIRECTION('',(0.E0,-1.E0,0.E0));
#8307=VECTOR('',#8306,9.001332318101E-1);
#8308=CARTESIAN_POINT('',(5.25E0,5.500133231810E0,4.E0));
#8309=LINE('',#8308,#8307);
#8310=DIRECTION('',(-1.E0,0.E0,0.E0));
#8311=VECTOR('',#8310,2.E-1);
#8312=CARTESIAN_POINT('',(5.45E0,4.6E0,4.E0));
#8313=LINE('',#8312,#8311);
#8314=DIRECTION('',(0.E0,1.E0,0.E0));
#8315=VECTOR('',#8314,3.149866768190E0);
#8316=CARTESIAN_POINT('',(5.45E0,1.450133231810E0,4.E0));
#8317=LINE('',#8316,#8315);
#8318=CARTESIAN_POINT('',(0.E0,0.E0,4.E0));
#8319=DIRECTION('',(0.E0,0.E0,-1.E0));
#8320=DIRECTION('',(-9.414186046512E-1,3.372402864675E-1,0.E0));
#8321=AXIS2_PLACEMENT_3D('',#8318,#8319,#8320);
#8323=DIRECTION('',(-3.162277490531E-1,9.486833037051E-1,0.E0));
#8324=VECTOR('',#8323,9.098926866624E-1);
#8325=CARTESIAN_POINT('',(-7.515666838169E-1,4.7823E0,4.E0));
#8326=LINE('',#8325,#8324);
#8327=DIRECTION('',(-1.E0,0.E0,0.E0));
#8328=VECTOR('',#8327,1.438666580915E-1);
#8329=CARTESIAN_POINT('',(-1.0393E0,5.6455E0,4.E0));
#8330=LINE('',#8329,#8328);
#8331=DIRECTION('',(-3.162277744987E-1,-9.486832952232E-1,0.E0));
#8332=VECTOR('',#8331,9.098926947975E-1);
#8333=CARTESIAN_POINT('',(-1.183166658092E0,5.6455E0,4.E0));
#8334=LINE('',#8333,#8332);
#8335=DIRECTION('',(1.E0,0.E0,0.E0));
#8336=VECTOR('',#8335,1.079E-1);
#8337=CARTESIAN_POINT('',(-1.4709E0,4.7823E0,4.E0));
#8338=LINE('',#8337,#8336);
#8339=DIRECTION('',(3.102800155243E-1,9.506452082487E-1,0.E0));
#8340=VECTOR('',#8339,2.318335872332E-1);
#8341=CARTESIAN_POINT('',(-1.363E0,4.7823E0,4.E0));
#8342=LINE('',#8341,#8340);
#8343=DIRECTION('',(1.E0,0.E0,0.E0));
#8344=VECTOR('',#8343,3.596666709542E-1);
#8345=CARTESIAN_POINT('',(-1.291066670954E0,5.002691488814E0,4.E0));
#8346=LINE('',#8345,#8344);
#8347=DIRECTION('',(3.102799653834E-1,-9.506452246141E-1,0.E0));
#8348=VECTOR('',#8347,2.318335832422E-1);
#8349=CARTESIAN_POINT('',(-9.314E-1,5.002691488814E0,4.E0));
#8350=LINE('',#8349,#8348);
#8351=DIRECTION('',(1.E0,0.E0,0.E0));
#8352=VECTOR('',#8351,1.079E-1);
#8353=CARTESIAN_POINT('',(-8.594666838169E-1,4.7823E0,4.E0));
#8354=LINE('',#8353,#8352);
#8355=DIRECTION('',(0.E0,-1.E0,0.E0));
#8356=VECTOR('',#8355,8.632E-1);
#8357=CARTESIAN_POINT('',(-6.077E-1,5.6455E0,4.E0));
#8358=LINE('',#8357,#8356);
#8359=DIRECTION('',(1.E0,0.E0,0.E0));
#8360=VECTOR('',#8359,6.474E-1);
#8361=CARTESIAN_POINT('',(-6.077E-1,4.7823E0,4.E0));
#8362=LINE('',#8361,#8360);
#8363=DIRECTION('',(0.E0,1.E0,0.E0));
#8364=VECTOR('',#8363,1.101957444072E-1);
#8365=CARTESIAN_POINT('',(3.97E-2,4.7823E0,4.E0));
#8366=LINE('',#8365,#8364);
#8367=DIRECTION('',(-1.E0,0.E0,0.E0));
#8368=VECTOR('',#8367,5.395E-1);
#8369=CARTESIAN_POINT('',(3.97E-2,4.892495744407E0,4.E0));
#8370=LINE('',#8369,#8368);
#8371=DIRECTION('',(0.E0,1.E0,0.E0));
#8372=VECTOR('',#8371,7.530042555928E-1);
#8373=CARTESIAN_POINT('',(-4.998E-1,4.892495744407E0,4.E0));
#8374=LINE('',#8373,#8372);
#8375=DIRECTION('',(-1.E0,0.E0,0.E0));
#8376=VECTOR('',#8375,1.079E-1);
#8377=CARTESIAN_POINT('',(-4.998E-1,5.6455E0,4.E0));
#8378=LINE('',#8377,#8376);
#8379=DIRECTION('',(-3.102789952956E-1,9.506455412394E-1,0.E0));
#8380=VECTOR('',#8379,5.795836974148E-2);
#8381=CARTESIAN_POINT('',(8.4895E-1,5.443474492168E0,4.E0));
#8382=LINE('',#8381,#8380);
#8383=DIRECTION('',(-5.919095487496E-1,8.060043958311E-1,0.E0));
#8384=VECTOR('',#8383,9.114568283950E-2);
#8385=CARTESIAN_POINT('',(8.309667352676E-1,5.498572357941E0,4.E0));
#8386=LINE('',#8385,#8384);
#8387=DIRECTION('',(-7.938787408812E-1,6.080761011394E-1,0.E0));
#8388=VECTOR('',#8387,9.061014841565E-2);
#8389=CARTESIAN_POINT('',(7.770167352676E-1,5.572036178970E0,4.E0));
#8390=LINE('',#8389,#8388);
#8391=DIRECTION('',(-9.797706494039E-1,2.001236481946E-1,0.E0));
#8392=VECTOR('',#8391,9.177303843449E-2);
#8393=CARTESIAN_POINT('',(7.050832647324E-1,5.627134044743E0,4.E0));
#8394=LINE('',#8393,#8392);
#8395=DIRECTION('',(-1.E0,0.E0,0.E0));
#8396=VECTOR('',#8395,4.316001029015E-1);
#8397=CARTESIAN_POINT('',(6.151667352676E-1,5.6455E0,4.E0));
#8398=LINE('',#8397,#8396);
#8399=DIRECTION('',(0.E0,-1.E0,0.E0));
#8400=VECTOR('',#8399,8.632E-1);
#8401=CARTESIAN_POINT('',(1.835666323662E-1,5.6455E0,4.E0));
#8402=LINE('',#8401,#8400);
#8403=DIRECTION('',(1.E0,0.E0,0.E0));
#8404=VECTOR('',#8403,1.079001029015E-1);
#8405=CARTESIAN_POINT('',(1.835666323662E-1,4.7823E0,4.E0));
#8406=LINE('',#8405,#8404);
#8407=DIRECTION('',(0.E0,1.E0,0.E0));
#8408=VECTOR('',#8407,3.856851118565E-1);
#8409=CARTESIAN_POINT('',(2.914667352676E-1,4.7823E0,4.E0));
#8410=LINE('',#8409,#8408);
#8411=DIRECTION('',(1.E0,0.E0,0.E0));
#8412=VECTOR('',#8411,3.237E-1);
#8413=CARTESIAN_POINT('',(2.914667352676E-1,5.167985111856E0,4.E0));
#8414=LINE('',#8413,#8412);
#8415=DIRECTION('',(9.797706494039E-1,2.001236481946E-1,0.E0));
#8416=VECTOR('',#8415,9.177303843449E-2);
#8417=CARTESIAN_POINT('',(6.151667352676E-1,5.167985111856E0,4.E0));
#8418=LINE('',#8417,#8416);
#8419=DIRECTION('',(7.938787408812E-1,6.080761011394E-1,0.E0));
#8420=VECTOR('',#8419,9.061014841565E-2);
#8421=CARTESIAN_POINT('',(7.050832647324E-1,5.186351067114E0,4.E0));
#8422=LINE('',#8421,#8420);
#8423=DIRECTION('',(5.919095487496E-1,8.060043958311E-1,0.E0));
#8424=VECTOR('',#8423,9.114568283950E-2);
#8425=CARTESIAN_POINT('',(7.770167352676E-1,5.241448932886E0,4.E0));
#8426=LINE('',#8425,#8424);
#8427=DIRECTION('',(3.102789952956E-1,9.506455412394E-1,0.E0));
#8428=VECTOR('',#8427,5.795836974148E-2);
#8429=CARTESIAN_POINT('',(8.309667352676E-1,5.314912753916E0,4.E0));
#8430=LINE('',#8429,#8428);
#8431=DIRECTION('',(0.E0,1.E0,0.E0));
#8432=VECTOR('',#8431,7.346387248039E-2);
#8433=CARTESIAN_POINT('',(8.4895E-1,5.370010619688E0,4.E0));
#8434=LINE('',#8433,#8432);
#8435=DIRECTION('',(3.102800658973E-1,-9.506451918075E-1,0.E0));
#8436=VECTOR('',#8435,5.216256005918E-1);
#8437=CARTESIAN_POINT('',(-1.111233341908E0,5.572036178970E0,4.E0));
#8438=LINE('',#8437,#8436);
#8439=DIRECTION('',(-1.E0,0.E0,0.E0));
#8440=VECTOR('',#8439,3.237000128627E-1);
#8441=CARTESIAN_POINT('',(-9.493833161831E-1,5.076155309844E0,4.E0));
#8442=LINE('',#8441,#8440);
#8443=DIRECTION('',(3.102799990428E-1,9.506452136281E-1,0.E0));
#8444=VECTOR('',#8443,5.216255886187E-1);
#8445=CARTESIAN_POINT('',(-1.273083329046E0,5.076155309844E0,4.E0));
#8446=LINE('',#8445,#8444);
#8447=DIRECTION('',(-1.E0,0.E0,0.E0));
#8448=VECTOR('',#8447,3.416832647324E-1);
#8449=CARTESIAN_POINT('',(6.3315E-1,5.278180843401E0,4.E0));
#8450=LINE('',#8449,#8448);
#8451=DIRECTION('',(0.E0,1.E0,0.E0));
#8452=VECTOR('',#8451,2.754893803120E-1);
#8453=CARTESIAN_POINT('',(2.914667352676E-1,5.278180843401E0,4.E0));
#8454=LINE('',#8453,#8452);
#8455=DIRECTION('',(1.E0,0.E0,0.E0));
#8456=VECTOR('',#8455,3.416832647324E-1);
#8457=CARTESIAN_POINT('',(2.914667352676E-1,5.553670223713E0,4.E0));
#8458=LINE('',#8457,#8456);
#8459=DIRECTION('',(9.466499177700E-1,-3.222637633772E-1,0.E0));
#8460=VECTOR('',#8459,5.699044492296E-2);
#8461=CARTESIAN_POINT('',(6.3315E-1,5.553670223713E0,4.E0));
#8462=LINE('',#8461,#8460);
#8463=DIRECTION('',(6.996255164452E-1,-7.145097177358E-1,0.E0));
#8464=VECTOR('',#8463,5.140855275032E-2);
#8465=CARTESIAN_POINT('',(6.871E-1,5.535304268456E0,4.E0));
#8466=LINE('',#8465,#8464);
#8467=DIRECTION('',(3.102789952956E-1,-9.506455412394E-1,0.E0));
#8468=VECTOR('',#8467,5.795836974149E-2);
#8469=CARTESIAN_POINT('',(7.230667352676E-1,5.498572357941E0,4.E0));
#8470=LINE('',#8469,#8468);
#8471=DIRECTION('',(0.E0,-1.E0,0.E0));
#8472=VECTOR('',#8471,5.509791722298E-2);
#8473=CARTESIAN_POINT('',(7.4105E-1,5.443474492168E0,4.E0));
#8474=LINE('',#8473,#8472);
#8475=DIRECTION('',(-3.102789952956E-1,-9.506455412394E-1,0.E0));
#8476=VECTOR('',#8475,5.795836974149E-2);
#8477=CARTESIAN_POINT('',(7.4105E-1,5.388376574945E0,4.E0));
#8478=LINE('',#8477,#8476);
#8479=DIRECTION('',(-6.996255164452E-1,-7.145097177358E-1,0.E0));
#8480=VECTOR('',#8479,5.140855275032E-2);
#8481=CARTESIAN_POINT('',(7.230667352676E-1,5.333278709173E0,4.E0));
#8482=LINE('',#8481,#8480);
#8483=DIRECTION('',(-9.466499177700E-1,-3.222637633772E-1,0.E0));
#8484=VECTOR('',#8483,5.699044492296E-2);
#8485=CARTESIAN_POINT('',(6.871E-1,5.296546798658E0,4.E0));
#8486=LINE('',#8485,#8484);
#8487=DIRECTION('',(1.E0,0.E0,0.E0));
#8488=VECTOR('',#8487,1.079E-1);
#8489=CARTESIAN_POINT('',(1.49635E0,5.443474492168E0,4.E0));
#8490=LINE('',#8489,#8488);
#8491=DIRECTION('',(-3.102789952956E-1,9.506455412394E-1,0.E0));
#8492=VECTOR('',#8491,5.795836974149E-2);
#8493=CARTESIAN_POINT('',(1.60425E0,5.443474492168E0,4.E0));
#8494=LINE('',#8493,#8492);
#8495=DIRECTION('',(-5.919095487496E-1,8.060043958311E-1,0.E0));
#8496=VECTOR('',#8495,9.114568283950E-2);
#8497=CARTESIAN_POINT('',(1.586266735268E0,5.498572357941E0,4.E0));
#8498=LINE('',#8497,#8496);
#8499=DIRECTION('',(-7.938787408812E-1,6.080761011394E-1,0.E0));
#8500=VECTOR('',#8499,9.061014841565E-2);
#8501=CARTESIAN_POINT('',(1.532316735268E0,5.572036178970E0,4.E0));
#8502=LINE('',#8501,#8500);
#8503=DIRECTION('',(-9.797706494039E-1,2.001236481946E-1,0.E0));
#8504=VECTOR('',#8503,9.177303843449E-2);
#8505=CARTESIAN_POINT('',(1.460383264732E0,5.627134044743E0,4.E0));
#8506=LINE('',#8505,#8504);
#8507=DIRECTION('',(-1.E0,0.E0,0.E0));
#8508=VECTOR('',#8507,8.991673526764E-2);
#8509=CARTESIAN_POINT('',(1.370466735268E0,5.6455E0,4.E0));
#8510=LINE('',#8509,#8508);
#8511=DIRECTION('',(-9.689176611437E-1,-2.473834390653E-1,0.E0));
#8512=VECTOR('',#8511,7.424084379621E-2);
#8513=CARTESIAN_POINT('',(1.28055E0,5.6455E0,4.E0));
#8514=LINE('',#8513,#8512);
#8515=DIRECTION('',(-8.906056381928E-1,-4.547764255314E-1,0.E0));
#8516=VECTOR('',#8515,8.076916140037E-2);
#8517=CARTESIAN_POINT('',(1.208616735268E0,5.627134044743E0,4.E0));
#8518=LINE('',#8517,#8516);
#8519=DIRECTION('',(-6.996244945571E-1,-7.145107183351E-1,0.E0));
#8520=VECTOR('',#8519,1.028169615158E-1);
#8521=CARTESIAN_POINT('',(1.136683264732E0,5.590402134228E0,4.E0));
#8522=LINE('',#8521,#8520);
#8523=DIRECTION('',(-2.377704967207E-1,-9.713213633444E-1,0.E0));
#8524=VECTOR('',#8523,7.563286858709E-2);
#8525=CARTESIAN_POINT('',(1.06475E0,5.516938313198E0,4.E0));
#8526=LINE('',#8525,#8524);
#8527=DIRECTION('',(0.E0,-1.E0,0.E0));
#8528=VECTOR('',#8527,7.346387248039E-2);
#8529=CARTESIAN_POINT('',(1.046766735268E0,5.443474492168E0,4.E0));
#8530=LINE('',#8529,#8528);
#8531=DIRECTION('',(2.377704967207E-1,-9.713213633444E-1,0.E0));
#8532=VECTOR('',#8531,7.563286858709E-2);
#8533=CARTESIAN_POINT('',(1.046766735268E0,5.370010619688E0,4.E0));
#8534=LINE('',#8533,#8532);
#8535=DIRECTION('',(6.996244945571E-1,-7.145107183351E-1,0.E0));
#8536=VECTOR('',#8535,1.028169615158E-1);
#8537=CARTESIAN_POINT('',(1.06475E0,5.296546798658E0,4.E0));
#8538=LINE('',#8537,#8536);
#8539=DIRECTION('',(8.906056381928E-1,-4.547764255314E-1,0.E0));
#8540=VECTOR('',#8539,8.076916140037E-2);
#8541=CARTESIAN_POINT('',(1.136683264732E0,5.223082977629E0,4.E0));
#8542=LINE('',#8541,#8540);
#8543=DIRECTION('',(9.689176611437E-1,-2.473834390653E-1,0.E0));
#8544=VECTOR('',#8543,7.424084379621E-2);
#8545=CARTESIAN_POINT('',(1.208616735268E0,5.186351067114E0,4.E0));
#8546=LINE('',#8545,#8544);
#8547=DIRECTION('',(1.E0,0.E0,0.E0));
#8548=VECTOR('',#8547,1.079E-1);
#8549=CARTESIAN_POINT('',(1.28055E0,5.167985111856E0,4.E0));
#8550=LINE('',#8549,#8548);
#8551=DIRECTION('',(9.689176611437E-1,-2.473834390653E-1,0.E0));
#8552=VECTOR('',#8551,7.424084379621E-2);
#8553=CARTESIAN_POINT('',(1.38845E0,5.167985111856E0,4.E0));
#8554=LINE('',#8553,#8552);
#8555=DIRECTION('',(8.265992787996E-1,-5.627909312417E-1,0.E0));
#8556=VECTOR('',#8555,6.526741721617E-2);
#8557=CARTESIAN_POINT('',(1.460383264732E0,5.149619156599E0,4.E0));
#8558=LINE('',#8557,#8556);
#8559=DIRECTION('',(5.466230987403E-1,-8.373787601340E-1,0.E0));
#8560=VECTOR('',#8559,6.579805235184E-2);
#8561=CARTESIAN_POINT('',(1.514333264732E0,5.112887246084E0,4.E0));
#8562=LINE('',#8561,#8560);
#8563=DIRECTION('',(-1.209001120894E-14,-1.E0,0.E0));
#8564=VECTOR('',#8563,5.509786577225E-2);
#8565=CARTESIAN_POINT('',(1.5503E0,5.057789354587E0,4.E0));
#8566=LINE('',#8565,#8564);
#8567=DIRECTION('',(-5.466232777014E-1,-8.373786433120E-1,0.E0));
#8568=VECTOR('',#8567,6.579803080996E-2);
#8569=CARTESIAN_POINT('',(1.5503E0,5.002691488814E0,4.E0));
#8570=LINE('',#8569,#8568);
#8571=DIRECTION('',(-8.265991871191E-1,-5.627910658975E-1,0.E0));
#8572=VECTOR('',#8571,6.526742445517E-2);
#8573=CARTESIAN_POINT('',(1.514333264732E0,4.947593623042E0,4.E0));
#8574=LINE('',#8573,#8572);
#8575=DIRECTION('',(-9.689176611437E-1,-2.473834390653E-1,0.E0));
#8576=VECTOR('',#8575,7.424084379621E-2);
#8577=CARTESIAN_POINT('',(1.460383264732E0,4.910861699665E0,4.E0));
#8578=LINE('',#8577,#8576);
#8579=DIRECTION('',(-1.E0,0.E0,0.E0));
#8580=VECTOR('',#8579,1.438667352676E-1);
#8581=CARTESIAN_POINT('',(1.38845E0,4.892495744407E0,4.E0));
#8582=LINE('',#8581,#8580);
#8583=DIRECTION('',(-9.689176611437E-1,2.473834390653E-1,0.E0));
#8584=VECTOR('',#8583,7.424084379621E-2);
#8585=CARTESIAN_POINT('',(1.244583264732E0,4.892495744407E0,4.E0));
#8586=LINE('',#8585,#8584);
#8587=DIRECTION('',(-6.996247518036E-1,7.145104664480E-1,0.E0));
#8588=VECTOR('',#8587,7.711276632354E-2);
#8589=CARTESIAN_POINT('',(1.17265E0,4.910861699665E0,4.E0));
#8590=LINE('',#8589,#8588);
#8591=DIRECTION('',(-3.102789952956E-1,9.506455412394E-1,0.E0));
#8592=VECTOR('',#8591,5.795836974149E-2);
#8593=CARTESIAN_POINT('',(1.1187E0,4.965959578300E0,4.E0));
#8594=LINE('',#8593,#8592);
#8595=DIRECTION('',(-1.E0,0.E0,0.E0));
#8596=VECTOR('',#8595,1.079E-1);
#8597=CARTESIAN_POINT('',(1.100716735268E0,5.021057444072E0,4.E0));
#8598=LINE('',#8597,#8596);
#8599=DIRECTION('',(2.377704967206E-1,-9.713213633444E-1,0.E0));
#8600=VECTOR('',#8599,7.563286858709E-2);
#8601=CARTESIAN_POINT('',(9.928167352676E-1,5.021057444072E0,4.E0));
#8602=LINE('',#8601,#8600);
#8603=DIRECTION('',(5.065490144015E-1,-8.622111667155E-1,0.E0));
#8604=VECTOR('',#8603,1.065049945142E-1);
#8605=CARTESIAN_POINT('',(1.0108E0,4.947593623042E0,4.E0));
#8606=LINE('',#8605,#8604);
#8607=DIRECTION('',(8.526535798146E-1,-5.224766720432E-1,0.E0));
#8608=VECTOR('',#8607,1.054551782767E-1);
#8609=CARTESIAN_POINT('',(1.06475E0,4.855763827461E0,4.E0));
#8610=LINE('',#8609,#8608);
#8611=DIRECTION('',(9.797706459687E-1,-2.001236650127E-1,0.E0));
#8612=VECTOR('',#8611,9.177303875625E-2);
#8613=CARTESIAN_POINT('',(1.154666735268E0,4.800665956865E0,4.E0));
#8614=LINE('',#8613,#8612);
#8615=DIRECTION('',(1.E0,0.E0,0.E0));
#8616=VECTOR('',#8615,1.438667352676E-1);
#8617=CARTESIAN_POINT('',(1.244583264732E0,4.7823E0,4.E0));
#8618=LINE('',#8617,#8616);
#8619=DIRECTION('',(9.797707357802E-1,2.001232253108E-1,0.E0));
#8620=VECTOR('',#8619,9.177324039592E-2);
#8621=CARTESIAN_POINT('',(1.38845E0,4.7823E0,4.E0));
#8622=LINE('',#8621,#8620);
#8623=DIRECTION('',(8.906050870136E-1,4.547775049247E-1,0.E0));
#8624=VECTOR('',#8623,8.076898030481E-2);
#8625=CARTESIAN_POINT('',(1.478366735268E0,4.800665956865E0,4.E0));
#8626=LINE('',#8625,#8624);
#8627=DIRECTION('',(6.996244632883E-1,7.145107489524E-1,0.E0));
#8628=VECTOR('',#8627,1.028169661110E-1);
#8629=CARTESIAN_POINT('',(1.5503E0,4.837397872204E0,4.E0));
#8630=LINE('',#8629,#8628);
#8631=DIRECTION('',(4.397141102494E-1,8.981377963584E-1,0.E0));
#8632=VECTOR('',#8631,8.179572688090E-2);
#8633=CARTESIAN_POINT('',(1.622233264732E0,4.910861699665E0,4.E0));
#8634=LINE('',#8633,#8632);
#8635=DIRECTION('',(0.E0,1.E0,0.E0));
#8636=VECTOR('',#8635,9.182977628708E-2);
#8637=CARTESIAN_POINT('',(1.6582E0,4.984325533557E0,4.E0));
#8638=LINE('',#8637,#8636);
#8639=DIRECTION('',(-4.397140481462E-1,8.981378267632E-1,0.E0));
#8640=VECTOR('',#8639,8.179573843336E-2);
#8641=CARTESIAN_POINT('',(1.6582E0,5.076155309844E0,4.E0));
#8642=LINE('',#8641,#8640);
#8643=DIRECTION('',(-6.996244945571E-1,7.145107183351E-1,0.E0));
#8644=VECTOR('',#8643,1.028169615158E-1);
#8645=CARTESIAN_POINT('',(1.622233264732E0,5.149619156599E0,4.E0));
#8646=LINE('',#8645,#8644);
#8647=DIRECTION('',(-8.906051112017E-1,4.547774575564E-1,0.E0));
#8648=VECTOR('',#8647,8.076897811119E-2);
#8649=CARTESIAN_POINT('',(1.5503E0,5.223082977629E0,4.E0));
#8650=LINE('',#8649,#8648);
#8651=DIRECTION('',(-9.797707392153E-1,2.001232084928E-1,0.E0));
#8652=VECTOR('',#8651,9.177324007415E-2);
#8653=CARTESIAN_POINT('',(1.478366735268E0,5.259814888144E0,4.E0));
#8654=LINE('',#8653,#8652);
#8655=DIRECTION('',(-1.E0,0.E0,0.E0));
#8656=VECTOR('',#8655,1.079E-1);
#8657=CARTESIAN_POINT('',(1.38845E0,5.278180843401E0,4.E0));
#8658=LINE('',#8657,#8656);
#8659=DIRECTION('',(-9.466499177700E-1,3.222637633772E-1,0.E0));
#8660=VECTOR('',#8659,5.699044492296E-2);
#8661=CARTESIAN_POINT('',(1.28055E0,5.278180843401E0,4.E0));
#8662=LINE('',#8661,#8660);
#8663=DIRECTION('',(-8.265992787996E-1,5.627909312418E-1,0.E0));
#8664=VECTOR('',#8663,6.526741721617E-2);
#8665=CARTESIAN_POINT('',(1.2266E0,5.296546798658E0,4.E0));
#8666=LINE('',#8665,#8664);
#8667=DIRECTION('',(-3.102789952956E-1,9.506455412394E-1,0.E0));
#8668=VECTOR('',#8667,5.795836974149E-2);
#8669=CARTESIAN_POINT('',(1.17265E0,5.333278709173E0,4.E0));
#8670=LINE('',#8669,#8668);
#8671=DIRECTION('',(0.E0,1.E0,0.E0));
#8672=VECTOR('',#8671,3.673191051483E-2);
#8673=CARTESIAN_POINT('',(1.154666735268E0,5.388376574945E0,4.E0));
#8674=LINE('',#8673,#8672);
#8675=DIRECTION('',(3.102787334496E-1,9.506456267027E-1,0.E0));
#8676=VECTOR('',#8675,5.795841865290E-2);
#8677=CARTESIAN_POINT('',(1.154666735268E0,5.425108485460E0,4.E0));
#8678=LINE('',#8677,#8676);
#8679=DIRECTION('',(8.265992787996E-1,5.627909312417E-1,0.E0));
#8680=VECTOR('',#8679,6.526741721617E-2);
#8681=CARTESIAN_POINT('',(1.17265E0,5.480206402683E0,4.E0));
#8682=LINE('',#8681,#8680);
#8683=DIRECTION('',(9.466499177700E-1,3.222637633772E-1,0.E0));
#8684=VECTOR('',#8683,5.699044492296E-2);
#8685=CARTESIAN_POINT('',(1.2266E0,5.516938313198E0,4.E0));
#8686=LINE('',#8685,#8684);
#8687=DIRECTION('',(1.E0,0.E0,0.E0));
#8688=VECTOR('',#8687,1.079E-1);
#8689=CARTESIAN_POINT('',(1.28055E0,5.535304268456E0,4.E0));
#8690=LINE('',#8689,#8688);
#8691=DIRECTION('',(9.466499177700E-1,-3.222637633772E-1,0.E0));
#8692=VECTOR('',#8691,5.699044492296E-2);
#8693=CARTESIAN_POINT('',(1.38845E0,5.535304268456E0,4.E0));
#8694=LINE('',#8693,#8692);
#8695=DIRECTION('',(6.996255164452E-1,-7.145097177357E-1,0.E0));
#8696=VECTOR('',#8695,5.140855275032E-2);
#8697=CARTESIAN_POINT('',(1.4424E0,5.516938313198E0,4.E0));
#8698=LINE('',#8697,#8696);
#8699=DIRECTION('',(4.397121427660E-1,-8.981387596046E-1,0.E0));
#8700=VECTOR('',#8699,4.089781241709E-2);
#8701=CARTESIAN_POINT('',(1.478366735268E0,5.480206402683E0,4.E0));
#8702=LINE('',#8701,#8700);
#8703=DIRECTION('',(0.E0,0.E0,1.E0));
#8704=VECTOR('',#8703,4.E-1);
#8705=CARTESIAN_POINT('',(4.84105E0,5.287433231810E0,3.6E0));
#8706=LINE('',#8705,#8704);
#8707=CARTESIAN_POINT('',(4.4459E0,5.287433231810E0,3.6E0));
#8708=DIRECTION('',(0.E0,0.E0,-1.E0));
#8709=DIRECTION('',(1.E0,0.E0,0.E0));
#8710=AXIS2_PLACEMENT_3D('',#8707,#8708,#8709);
#8712=CARTESIAN_POINT('',(4.4459E0,5.287433231810E0,3.6E0));
#8713=DIRECTION('',(0.E0,0.E0,-1.E0));
#8714=DIRECTION('',(-1.E0,0.E0,0.E0));
#8715=AXIS2_PLACEMENT_3D('',#8712,#8713,#8714);
#8717=CARTESIAN_POINT('',(-4.4459E0,-5.287433231810E0,3.6E0));
#8718=DIRECTION('',(0.E0,0.E0,-1.E0));
#8719=DIRECTION('',(1.E0,0.E0,0.E0));
#8720=AXIS2_PLACEMENT_3D('',#8717,#8718,#8719);
#8722=CARTESIAN_POINT('',(-4.4459E0,-5.287433231810E0,3.6E0));
#8723=DIRECTION('',(0.E0,0.E0,-1.E0));
#8724=DIRECTION('',(-1.E0,0.E0,0.E0));
#8725=AXIS2_PLACEMENT_3D('',#8722,#8723,#8724);
#8727=DIRECTION('',(0.E0,-1.E0,0.E0));
#8728=VECTOR('',#8727,3.149866768190E0);
#8729=CARTESIAN_POINT('',(-5.35E0,-1.450133231810E0,3.6E0));
#8730=LINE('',#8729,#8728);
#8731=DIRECTION('',(1.E0,0.E0,0.E0));
#8732=VECTOR('',#8731,1.E-1);
#8733=CARTESIAN_POINT('',(-5.35E0,-4.6E0,3.6E0));
#8734=LINE('',#8733,#8732);
#8735=DIRECTION('',(0.E0,1.E0,0.E0));
#8736=VECTOR('',#8735,9.001332318101E-1);
#8737=CARTESIAN_POINT('',(-5.25E0,-5.500133231810E0,3.6E0));
#8738=LINE('',#8737,#8736);
#8739=CARTESIAN_POINT('',(-4.75E0,-5.500133231810E0,3.6E0));
#8740=DIRECTION('',(0.E0,0.E0,-1.E0));
#8741=DIRECTION('',(0.E0,-1.E0,0.E0));
#8742=AXIS2_PLACEMENT_3D('',#8739,#8740,#8741);
#8744=DIRECTION('',(1.E0,0.E0,0.E0));
#8745=VECTOR('',#8744,9.5E0);
#8746=CARTESIAN_POINT('',(-4.75E0,-6.000133231810E0,3.6E0));
#8747=LINE('',#8746,#8745);
#8748=CARTESIAN_POINT('',(4.75E0,-5.500133231810E0,3.6E0));
#8749=DIRECTION('',(0.E0,0.E0,-1.E0));
#8750=DIRECTION('',(1.E0,0.E0,0.E0));
#8751=AXIS2_PLACEMENT_3D('',#8748,#8749,#8750);
#8753=DIRECTION('',(0.E0,1.E0,0.E0));
#8754=VECTOR('',#8753,9.001332318101E-1);
#8755=CARTESIAN_POINT('',(5.25E0,-5.500133231810E0,3.6E0));
#8756=LINE('',#8755,#8754);
#8757=DIRECTION('',(-1.E0,0.E0,0.E0));
#8758=VECTOR('',#8757,1.E-1);
#8759=CARTESIAN_POINT('',(5.35E0,-4.6E0,3.6E0));
#8760=LINE('',#8759,#8758);
#8761=DIRECTION('',(0.E0,1.E0,0.E0));
#8762=VECTOR('',#8761,3.149866768190E0);
#8763=CARTESIAN_POINT('',(5.35E0,-4.6E0,3.6E0));
#8764=LINE('',#8763,#8762);
#8765=DIRECTION('',(-1.E0,0.E0,0.E0));
#8766=VECTOR('',#8765,1.3019E0);
#8767=CARTESIAN_POINT('',(5.35E0,-1.450133231810E0,3.6E0));
#8768=LINE('',#8767,#8766);
#8769=CARTESIAN_POINT('',(0.E0,0.E0,3.6E0));
#8770=DIRECTION('',(0.E0,0.E0,-1.E0));
#8771=DIRECTION('',(9.414186046512E-1,-3.372402864675E-1,0.E0));
#8772=AXIS2_PLACEMENT_3D('',#8769,#8770,#8771);
#8774=DIRECTION('',(-1.E0,0.E0,0.E0));
#8775=VECTOR('',#8774,1.3019E0);
#8776=CARTESIAN_POINT('',(-4.0481E0,-1.450133231810E0,3.6E0));
#8777=LINE('',#8776,#8775);
#8778=DIRECTION('',(0.E0,-1.E0,0.E0));
#8779=VECTOR('',#8778,3.149866768190E0);
#8780=CARTESIAN_POINT('',(-5.35E0,4.6E0,3.6E0));
#8781=LINE('',#8780,#8779);
#8782=DIRECTION('',(1.E0,0.E0,0.E0));
#8783=VECTOR('',#8782,1.3019E0);
#8784=CARTESIAN_POINT('',(-5.35E0,1.450133231810E0,3.6E0));
#8785=LINE('',#8784,#8783);
#8786=CARTESIAN_POINT('',(0.E0,0.E0,3.6E0));
#8787=DIRECTION('',(0.E0,0.E0,-1.E0));
#8788=DIRECTION('',(-9.414186046512E-1,3.372402864675E-1,0.E0));
#8789=AXIS2_PLACEMENT_3D('',#8786,#8787,#8788);
#8791=DIRECTION('',(1.E0,0.E0,0.E0));
#8792=VECTOR('',#8791,1.3019E0);
#8793=CARTESIAN_POINT('',(4.0481E0,1.450133231810E0,3.6E0));
#8794=LINE('',#8793,#8792);
#8795=DIRECTION('',(0.E0,1.E0,0.E0));
#8796=VECTOR('',#8795,3.149866768190E0);
#8797=CARTESIAN_POINT('',(5.35E0,1.450133231810E0,3.6E0));
#8798=LINE('',#8797,#8796);
#8799=DIRECTION('',(-1.E0,0.E0,0.E0));
#8800=VECTOR('',#8799,1.E-1);
#8801=CARTESIAN_POINT('',(5.35E0,4.6E0,3.6E0));
#8802=LINE('',#8801,#8800);
#8803=DIRECTION('',(0.E0,-1.E0,0.E0));
#8804=VECTOR('',#8803,9.001332318101E-1);
#8805=CARTESIAN_POINT('',(5.25E0,5.500133231810E0,3.6E0));
#8806=LINE('',#8805,#8804);
#8807=CARTESIAN_POINT('',(4.75E0,5.500133231810E0,3.6E0));
#8808=DIRECTION('',(0.E0,0.E0,-1.E0));
#8809=DIRECTION('',(0.E0,1.E0,0.E0));
#8810=AXIS2_PLACEMENT_3D('',#8807,#8808,#8809);
#8812=DIRECTION('',(-1.E0,0.E0,0.E0));
#8813=VECTOR('',#8812,9.5E0);
#8814=CARTESIAN_POINT('',(4.75E0,6.000133231810E0,3.6E0));
#8815=LINE('',#8814,#8813);
#8816=CARTESIAN_POINT('',(-4.75E0,5.500133231810E0,3.6E0));
#8817=DIRECTION('',(0.E0,0.E0,-1.E0));
#8818=DIRECTION('',(-1.E0,0.E0,0.E0));
#8819=AXIS2_PLACEMENT_3D('',#8816,#8817,#8818);
#8821=DIRECTION('',(0.E0,-1.E0,0.E0));
#8822=VECTOR('',#8821,9.001332318101E-1);
#8823=CARTESIAN_POINT('',(-5.25E0,5.500133231810E0,3.6E0));
#8824=LINE('',#8823,#8822);
#8825=DIRECTION('',(1.E0,0.E0,0.E0));
#8826=VECTOR('',#8825,1.E-1);
#8827=CARTESIAN_POINT('',(-5.35E0,4.6E0,3.6E0));
#8828=LINE('',#8827,#8826);
#8829=DIRECTION('',(0.E0,0.E0,1.E0));
#8830=VECTOR('',#8829,4.E-1);
#8831=CARTESIAN_POINT('',(4.05075E0,5.287433231810E0,3.6E0));
#8832=LINE('',#8831,#8830);
#8833=DIRECTION('',(0.E0,0.E0,1.E0));
#8834=VECTOR('',#8833,4.E-1);
#8835=CARTESIAN_POINT('',(-4.05075E0,-5.287433231810E0,3.6E0));
#8836=LINE('',#8835,#8834);
#8837=DIRECTION('',(0.E0,0.E0,1.E0));
#8838=VECTOR('',#8837,4.E-1);
#8839=CARTESIAN_POINT('',(-4.84105E0,-5.287433231810E0,3.6E0));
#8840=LINE('',#8839,#8838);
#8841=DIRECTION('',(0.E0,-1.E0,0.E0));
#8842=VECTOR('',#8841,3.249866768190E0);
#8843=CARTESIAN_POINT('',(-5.45E0,-1.350133231810E0,3.5E0));
#8844=LINE('',#8843,#8842);
#8845=CARTESIAN_POINT('',(-5.35E0,-4.6E0,3.5E0));
#8846=DIRECTION('',(0.E0,1.E0,0.E0));
#8847=DIRECTION('',(-1.E0,0.E0,0.E0));
#8848=AXIS2_PLACEMENT_3D('',#8845,#8846,#8847);
#8850=CARTESIAN_POINT('',(-5.45E0,-1.350133231810E0,3.5E0));
#8851=CARTESIAN_POINT('',(-5.45E0,-1.362899467099E0,3.5E0));
#8852=CARTESIAN_POINT('',(-5.450150276947E0,-1.387665795086E0,
3.504910114905E0));
#8853=CARTESIAN_POINT('',(-5.448055473006E0,-1.418207988119E0,
3.524048769448E0));
#8854=CARTESIAN_POINT('',(-5.438243841675E0,-1.438608824891E0,
3.550172856548E0));
#8855=CARTESIAN_POINT('',(-5.418187681786E0,-1.448166858347E0,
3.575945898055E0));
#8856=CARTESIAN_POINT('',(-5.386557650614E0,-1.450313039831E0,
3.595434508886E0));
#8857=CARTESIAN_POINT('',(-5.362902492476E0,-1.450133231810E0,3.6E0));
#8858=CARTESIAN_POINT('',(-5.35E0,-1.450133231810E0,3.6E0));
#8860=CARTESIAN_POINT('',(-5.85E0,-1.350133231810E0,3.6E0));
#8861=DIRECTION('',(1.E0,0.E0,0.E0));
#8862=DIRECTION('',(0.E0,-1.E0,0.E0));
#8863=AXIS2_PLACEMENT_3D('',#8860,#8861,#8862);
#8865=DIRECTION('',(-1.E0,0.E0,0.E0));
#8866=VECTOR('',#8865,4.E-1);
#8867=CARTESIAN_POINT('',(-5.45E0,-1.350133231810E0,3.5E0));
#8868=LINE('',#8867,#8866);
#8869=DIRECTION('',(1.E0,0.E0,0.E0));
#8870=VECTOR('',#8869,4.E-1);
#8871=CARTESIAN_POINT('',(-5.85E0,1.350133231810E0,3.5E0));
#8872=LINE('',#8871,#8870);
#8873=DIRECTION('',(0.E0,1.E0,0.E0));
#8874=VECTOR('',#8873,1.25E0);
#8875=CARTESIAN_POINT('',(-5.85E0,-2.7E0,9.734E-1));
#8876=LINE('',#8875,#8874);
#8877=DIRECTION('',(0.E0,0.E0,-1.E0));
#8878=VECTOR('',#8877,2.048290629039E0);
#8879=CARTESIAN_POINT('',(-5.85E0,-1.25E0,7.734E-1));
#8880=LINE('',#8879,#8878);
#8881=DIRECTION('',(0.E0,1.E0,0.E0));
#8882=VECTOR('',#8881,2.5E0);
#8883=CARTESIAN_POINT('',(-5.85E0,-1.25E0,-1.274890629039E0));
#8884=LINE('',#8883,#8882);
#8885=DIRECTION('',(0.E0,0.E0,1.E0));
#8886=VECTOR('',#8885,2.048290629039E0);
#8887=CARTESIAN_POINT('',(-5.85E0,1.25E0,-1.274890629039E0));
#8888=LINE('',#8887,#8886);
#8889=DIRECTION('',(0.E0,1.E0,0.E0));
#8890=VECTOR('',#8889,1.25E0);
#8891=CARTESIAN_POINT('',(-5.85E0,1.45E0,9.734E-1));
#8892=LINE('',#8891,#8890);
#8893=DIRECTION('',(0.E0,0.E0,-1.E0));
#8894=VECTOR('',#8893,4.515E-1);
#8895=CARTESIAN_POINT('',(-5.85E0,3.E0,6.734E-1));
#8896=LINE('',#8895,#8894);
#8897=DIRECTION('',(0.E0,-1.E0,0.E0));
#8898=VECTOR('',#8897,1.6E0);
#8899=CARTESIAN_POINT('',(-5.85E0,4.6E0,2.219E-1));
#8900=LINE('',#8899,#8898);
#8901=DIRECTION('',(0.E0,-1.E0,0.E0));
#8902=VECTOR('',#8901,3.149866768190E0);
#8903=CARTESIAN_POINT('',(-5.85E0,4.6E0,3.6E0));
#8904=LINE('',#8903,#8902);
#8905=DIRECTION('',(0.E0,1.E0,0.E0));
#8906=VECTOR('',#8905,2.700266463620E0);
#8907=CARTESIAN_POINT('',(-5.85E0,-1.350133231810E0,3.5E0));
#8908=LINE('',#8907,#8906);
#8909=DIRECTION('',(0.E0,-1.E0,0.E0));
#8910=VECTOR('',#8909,3.149866768190E0);
#8911=CARTESIAN_POINT('',(-5.85E0,-1.450133231810E0,3.6E0));
#8912=LINE('',#8911,#8910);
#8913=DIRECTION('',(0.E0,-1.E0,0.E0));
#8914=VECTOR('',#8913,1.6E0);
#8915=CARTESIAN_POINT('',(-5.85E0,-3.E0,2.619E-1));
#8916=LINE('',#8915,#8914);
#8917=DIRECTION('',(0.E0,0.E0,1.E0));
#8918=VECTOR('',#8917,4.115E-1);
#8919=CARTESIAN_POINT('',(-5.85E0,-3.E0,2.619E-1));
#8920=LINE('',#8919,#8918);
#8921=DIRECTION('',(1.E0,0.E0,0.E0));
#8922=VECTOR('',#8921,4.E-1);
#8923=CARTESIAN_POINT('',(-5.85E0,1.45E0,9.734E-1));
#8924=LINE('',#8923,#8922);
#8925=DIRECTION('',(1.E0,0.E0,0.E0));
#8926=VECTOR('',#8925,4.E-1);
#8927=CARTESIAN_POINT('',(-5.85E0,2.7E0,9.734E-1));
#8928=LINE('',#8927,#8926);
#8929=DIRECTION('',(-1.E0,0.E0,0.E0));
#8930=VECTOR('',#8929,4.E-1);
#8931=CARTESIAN_POINT('',(-5.45E0,-1.45E0,9.734E-1));
#8932=LINE('',#8931,#8930);
#8933=DIRECTION('',(1.E0,0.E0,0.E0));
#8934=VECTOR('',#8933,4.E-1);
#8935=CARTESIAN_POINT('',(-5.85E0,-2.7E0,9.734E-1));
#8936=LINE('',#8935,#8934);
#8937=CARTESIAN_POINT('',(-5.85E0,1.45E0,7.734E-1));
#8938=DIRECTION('',(1.E0,0.E0,0.E0));
#8939=DIRECTION('',(0.E0,0.E0,1.E0));
#8940=AXIS2_PLACEMENT_3D('',#8937,#8938,#8939);
#8942=CARTESIAN_POINT('',(-5.45E0,1.45E0,7.734E-1));
#8943=DIRECTION('',(-1.E0,0.E0,0.E0));
#8944=DIRECTION('',(0.E0,-1.E0,0.E0));
#8945=AXIS2_PLACEMENT_3D('',#8942,#8943,#8944);
#8947=DIRECTION('',(1.E0,0.E0,0.E0));
#8948=VECTOR('',#8947,4.E-1);
#8949=CARTESIAN_POINT('',(-5.85E0,1.25E0,7.734E-1));
#8950=LINE('',#8949,#8948);
#8951=CARTESIAN_POINT('',(-6.7039E0,1.25E0,-1.274890629039E0));
#8952=DIRECTION('',(0.E0,-1.E0,0.E0));
#8953=DIRECTION('',(8.097988543174E-1,0.E0,-5.867076065181E-1));
#8954=AXIS2_PLACEMENT_3D('',#8951,#8952,#8953);
#8956=DIRECTION('',(5.867076065181E-1,0.E0,8.097988543174E-1));
#8957=VECTOR('',#8956,5.996095603139E-1);
#8958=CARTESIAN_POINT('',(-6.364208248275E0,1.25E0,-2.261443389224E0));
#8959=LINE('',#8958,#8957);
#8960=CARTESIAN_POINT('',(-6.1156E0,1.25E0,-2.441562624425E0));
#8961=DIRECTION('',(0.E0,1.E0,0.E0));
#8962=DIRECTION('',(-8.063713239440E-1,0.E0,-5.914095771298E-1));
#8963=AXIS2_PLACEMENT_3D('',#8960,#8961,#8962);
#8965=DIRECTION('',(-5.914095771297E-1,0.E0,8.063713239440E-1));
#8966=VECTOR('',#8965,1.573402124164E-1);
#8967=CARTESIAN_POINT('',(-6.270103487960E0,1.25E0,-2.75E0));
#8968=LINE('',#8967,#8966);
#8969=DIRECTION('',(1.E0,0.E0,0.E0));
#8970=VECTOR('',#8969,4.960493858383E-1);
#8971=CARTESIAN_POINT('',(-6.270103487960E0,1.25E0,-2.75E0));
#8972=LINE('',#8971,#8970);
#8973=DIRECTION('',(5.914095771297E-1,0.E0,-8.063713239440E-1));
#8974=VECTOR('',#8973,3.211117186043E-1);
#8975=CARTESIAN_POINT('',(-5.963962647833E0,1.25E0,-2.491064718335E0));
#8976=LINE('',#8975,#8974);
#8977=CARTESIAN_POINT('',(-5.895595137663E0,1.25E0,-2.440922557921E0));
#8978=DIRECTION('',(0.E0,-1.E0,0.E0));
#8979=DIRECTION('',(-8.097988543174E-1,0.E0,5.867076065181E-1));
#8980=AXIS2_PLACEMENT_3D('',#8977,#8978,#8979);
#8982=DIRECTION('',(-5.867076065181E-1,0.E0,-8.097988543174E-1));
#8983=VECTOR('',#8982,4.700127089878E-1);
#8984=CARTESIAN_POINT('',(-5.688493216571E0,1.25E0,-2.010563296852E0));
#8985=LINE('',#8984,#8983);
#8986=CARTESIAN_POINT('',(-6.7039E0,1.25E0,-1.274890629039E0));
#8987=DIRECTION('',(0.E0,1.E0,0.E0));
#8988=DIRECTION('',(1.E0,0.E0,0.E0));
#8989=AXIS2_PLACEMENT_3D('',#8986,#8987,#8988);
#8991=DIRECTION('',(1.E0,0.E0,0.E0));
#8992=VECTOR('',#8991,4.E-1);
#8993=CARTESIAN_POINT('',(5.45E0,1.25E0,7.734E-1));
#8994=LINE('',#8993,#8992);
#8995=CARTESIAN_POINT('',(6.7039E0,1.25E0,-1.274890629039E0));
#8996=DIRECTION('',(0.E0,1.E0,0.E0));
#8997=DIRECTION('',(-8.097988543174E-1,0.E0,-5.867076065181E-1));
#8998=AXIS2_PLACEMENT_3D('',#8995,#8996,#8997);
#9000=DIRECTION('',(-5.867076065181E-1,0.E0,8.097988543174E-1));
#9001=VECTOR('',#9000,4.700127089878E-1);
#9002=CARTESIAN_POINT('',(5.964253248095E0,1.25E0,-2.391179050104E0));
#9003=LINE('',#9002,#9001);
#9004=CARTESIAN_POINT('',(5.895595137663E0,1.25E0,-2.440922557921E0));
#9005=DIRECTION('',(0.E0,-1.E0,0.E0));
#9006=DIRECTION('',(8.063713239440E-1,0.E0,-5.914095771298E-1));
#9007=AXIS2_PLACEMENT_3D('',#9004,#9005,#9006);
#9009=DIRECTION('',(5.914095771297E-1,0.E0,8.063713239440E-1));
#9010=VECTOR('',#9009,3.211117186043E-1);
#9011=CARTESIAN_POINT('',(5.774054102122E0,1.25E0,-2.75E0));
#9012=LINE('',#9011,#9010);
#9013=DIRECTION('',(-1.E0,0.E0,0.E0));
#9014=VECTOR('',#9013,4.960493858382E-1);
#9015=CARTESIAN_POINT('',(6.270103487960E0,1.25E0,-2.75E0));
#9016=LINE('',#9015,#9014);
#9017=DIRECTION('',(-5.914095771297E-1,0.E0,-8.063713239440E-1));
#9018=VECTOR('',#9017,1.573402124164E-1);
#9019=CARTESIAN_POINT('',(6.363155996451E0,1.25E0,-2.623125364604E0));
#9020=LINE('',#9019,#9018);
#9021=CARTESIAN_POINT('',(6.1156E0,1.25E0,-2.441562624425E0));
#9022=DIRECTION('',(0.E0,1.E0,0.E0));
#9023=DIRECTION('',(8.097988543174E-1,0.E0,5.867076065181E-1));
#9024=AXIS2_PLACEMENT_3D('',#9021,#9022,#9023);
#9026=DIRECTION('',(5.867076065181E-1,0.E0,-8.097988543174E-1));
#9027=VECTOR('',#9026,5.996095603139E-1);
#9028=CARTESIAN_POINT('',(6.012412758298E0,1.25E0,-1.775880254244E0));
#9029=LINE('',#9028,#9027);
#9030=CARTESIAN_POINT('',(6.7039E0,1.25E0,-1.274890629039E0));
#9031=DIRECTION('',(0.E0,-1.E0,0.E0));
#9032=DIRECTION('',(-1.E0,0.E0,0.E0));
#9033=AXIS2_PLACEMENT_3D('',#9030,#9031,#9032);
#9035=DIRECTION('',(0.E0,1.E0,0.E0));
#9036=VECTOR('',#9035,2.5E0);
#9037=CARTESIAN_POINT('',(-6.012412758298E0,-1.25E0,-1.775880254244E0));
#9038=LINE('',#9037,#9036);
#9039=DIRECTION('',(-1.E0,0.E0,0.E0));
#9040=VECTOR('',#9039,4.E-1);
#9041=CARTESIAN_POINT('',(-5.45E0,-1.25E0,7.734E-1));
#9042=LINE('',#9041,#9040);
#9043=CARTESIAN_POINT('',(-6.7039E0,-1.25E0,-1.274890629039E0));
#9044=DIRECTION('',(0.E0,1.E0,0.E0));
#9045=DIRECTION('',(1.E0,0.E0,0.E0));
#9046=AXIS2_PLACEMENT_3D('',#9043,#9044,#9045);
#9048=DIRECTION('',(-5.867076065181E-1,0.E0,-8.097988543174E-1));
#9049=VECTOR('',#9048,4.700127089878E-1);
#9050=CARTESIAN_POINT('',(-5.688493216571E0,-1.25E0,-2.010563296852E0));
#9051=LINE('',#9050,#9049);
#9052=CARTESIAN_POINT('',(-5.895595137663E0,-1.25E0,-2.440922557921E0));
#9053=DIRECTION('',(0.E0,-1.E0,0.E0));
#9054=DIRECTION('',(-8.097988543174E-1,0.E0,5.867076065181E-1));
#9055=AXIS2_PLACEMENT_3D('',#9052,#9053,#9054);
#9057=DIRECTION('',(5.914095771297E-1,0.E0,-8.063713239440E-1));
#9058=VECTOR('',#9057,3.211117186043E-1);
#9059=CARTESIAN_POINT('',(-5.963962647833E0,-1.25E0,-2.491064718335E0));
#9060=LINE('',#9059,#9058);
#9061=DIRECTION('',(1.E0,0.E0,0.E0));
#9062=VECTOR('',#9061,4.960493858383E-1);
#9063=CARTESIAN_POINT('',(-6.270103487960E0,-1.25E0,-2.75E0));
#9064=LINE('',#9063,#9062);
#9065=DIRECTION('',(-5.914095771297E-1,0.E0,8.063713239440E-1));
#9066=VECTOR('',#9065,1.573402124164E-1);
#9067=CARTESIAN_POINT('',(-6.270103487960E0,-1.25E0,-2.75E0));
#9068=LINE('',#9067,#9066);
#9069=CARTESIAN_POINT('',(-6.1156E0,-1.25E0,-2.441562624425E0));
#9070=DIRECTION('',(0.E0,1.E0,0.E0));
#9071=DIRECTION('',(-8.063713239440E-1,0.E0,-5.914095771298E-1));
#9072=AXIS2_PLACEMENT_3D('',#9069,#9070,#9071);
#9074=DIRECTION('',(5.867076065181E-1,0.E0,8.097988543174E-1));
#9075=VECTOR('',#9074,5.996095603139E-1);
#9076=CARTESIAN_POINT('',(-6.364208248275E0,-1.25E0,-2.261443389224E0));
#9077=LINE('',#9076,#9075);
#9078=CARTESIAN_POINT('',(-6.7039E0,-1.25E0,-1.274890629039E0));
#9079=DIRECTION('',(0.E0,-1.E0,0.E0));
#9080=DIRECTION('',(8.097988543174E-1,0.E0,-5.867076065181E-1));
#9081=AXIS2_PLACEMENT_3D('',#9078,#9079,#9080);
#9083=DIRECTION('',(-1.E0,0.E0,0.E0));
#9084=VECTOR('',#9083,4.E-1);
#9085=CARTESIAN_POINT('',(5.85E0,-1.25E0,7.734E-1));
#9086=LINE('',#9085,#9084);
#9087=CARTESIAN_POINT('',(6.7039E0,-1.25E0,-1.274890629039E0));
#9088=DIRECTION('',(0.E0,-1.E0,0.E0));
#9089=DIRECTION('',(-1.E0,0.E0,0.E0));
#9090=AXIS2_PLACEMENT_3D('',#9087,#9088,#9089);
#9092=DIRECTION('',(5.867076065181E-1,0.E0,-8.097988543174E-1));
#9093=VECTOR('',#9092,5.996095603139E-1);
#9094=CARTESIAN_POINT('',(6.012412758298E0,-1.25E0,-1.775880254244E0));
#9095=LINE('',#9094,#9093);
#9096=CARTESIAN_POINT('',(6.1156E0,-1.25E0,-2.441562624425E0));
#9097=DIRECTION('',(0.E0,1.E0,0.E0));
#9098=DIRECTION('',(8.097988543174E-1,0.E0,5.867076065181E-1));
#9099=AXIS2_PLACEMENT_3D('',#9096,#9097,#9098);
#9101=DIRECTION('',(-5.914095771297E-1,0.E0,-8.063713239440E-1));
#9102=VECTOR('',#9101,1.573402124164E-1);
#9103=CARTESIAN_POINT('',(6.363155996451E0,-1.25E0,-2.623125364604E0));
#9104=LINE('',#9103,#9102);
#9105=DIRECTION('',(-1.E0,0.E0,0.E0));
#9106=VECTOR('',#9105,4.960493858382E-1);
#9107=CARTESIAN_POINT('',(6.270103487960E0,-1.25E0,-2.75E0));
#9108=LINE('',#9107,#9106);
#9109=DIRECTION('',(5.914095771297E-1,0.E0,8.063713239440E-1));
#9110=VECTOR('',#9109,3.211117186043E-1);
#9111=CARTESIAN_POINT('',(5.774054102122E0,-1.25E0,-2.75E0));
#9112=LINE('',#9111,#9110);
#9113=CARTESIAN_POINT('',(5.895595137663E0,-1.25E0,-2.440922557921E0));
#9114=DIRECTION('',(0.E0,-1.E0,0.E0));
#9115=DIRECTION('',(8.063713239440E-1,0.E0,-5.914095771298E-1));
#9116=AXIS2_PLACEMENT_3D('',#9113,#9114,#9115);
#9118=DIRECTION('',(-5.867076065181E-1,0.E0,8.097988543174E-1));
#9119=VECTOR('',#9118,4.700127089878E-1);
#9120=CARTESIAN_POINT('',(5.964253248095E0,-1.25E0,-2.391179050104E0));
#9121=LINE('',#9120,#9119);
#9122=CARTESIAN_POINT('',(6.7039E0,-1.25E0,-1.274890629039E0));
#9123=DIRECTION('',(0.E0,1.E0,0.E0));
#9124=DIRECTION('',(-8.097988543174E-1,0.E0,-5.867076065181E-1));
#9125=AXIS2_PLACEMENT_3D('',#9122,#9123,#9124);
#9127=CARTESIAN_POINT('',(-5.45E0,-1.45E0,7.734E-1));
#9128=DIRECTION('',(-1.E0,0.E0,0.E0));
#9129=DIRECTION('',(0.E0,0.E0,1.E0));
#9130=AXIS2_PLACEMENT_3D('',#9127,#9128,#9129);
#9132=CARTESIAN_POINT('',(-5.85E0,-1.45E0,7.734E-1));
#9133=DIRECTION('',(1.E0,0.E0,0.E0));
#9134=DIRECTION('',(0.E0,1.E0,0.E0));
#9135=AXIS2_PLACEMENT_3D('',#9132,#9133,#9134);
#9137=DIRECTION('',(0.E0,0.E0,1.E0));
#9138=VECTOR('',#9137,2.048290629039E0);
#9139=CARTESIAN_POINT('',(-5.45E0,-1.25E0,-1.274890629039E0));
#9140=LINE('',#9139,#9138);
#9141=DIRECTION('',(0.E0,1.E0,0.E0));
#9142=VECTOR('',#9141,1.25E0);
#9143=CARTESIAN_POINT('',(-5.45E0,-2.7E0,9.734E-1));
#9144=LINE('',#9143,#9142);
#9145=DIRECTION('',(0.E0,0.E0,1.E0));
#9146=VECTOR('',#9145,2.115E-1);
#9147=CARTESIAN_POINT('',(-5.45E0,-3.E0,4.619E-1));
#9148=LINE('',#9147,#9146);
#9149=DIRECTION('',(0.E0,-1.E0,0.E0));
#9150=VECTOR('',#9149,1.6E0);
#9151=CARTESIAN_POINT('',(-5.45E0,-3.E0,4.619E-1));
#9152=LINE('',#9151,#9150);
#9153=DIRECTION('',(0.E0,0.E0,-1.E0));
#9154=VECTOR('',#9153,3.0381E0);
#9155=CARTESIAN_POINT('',(-5.45E0,-4.6E0,3.5E0));
#9156=LINE('',#9155,#9154);
#9157=DIRECTION('',(0.E0,1.E0,0.E0));
#9158=VECTOR('',#9157,2.700266463620E0);
#9159=CARTESIAN_POINT('',(-5.45E0,-1.350133231810E0,3.5E0));
#9160=LINE('',#9159,#9158);
#9161=DIRECTION('',(0.E0,0.E0,1.E0));
#9162=VECTOR('',#9161,3.0381E0);
#9163=CARTESIAN_POINT('',(-5.45E0,4.6E0,4.619E-1));
#9164=LINE('',#9163,#9162);
#9165=DIRECTION('',(0.E0,-1.E0,0.E0));
#9166=VECTOR('',#9165,1.6E0);
#9167=CARTESIAN_POINT('',(-5.45E0,4.6E0,4.619E-1));
#9168=LINE('',#9167,#9166);
#9169=DIRECTION('',(0.E0,0.E0,-1.E0));
#9170=VECTOR('',#9169,2.115E-1);
#9171=CARTESIAN_POINT('',(-5.45E0,3.E0,6.734E-1));
#9172=LINE('',#9171,#9170);
#9173=DIRECTION('',(0.E0,1.E0,0.E0));
#9174=VECTOR('',#9173,1.25E0);
#9175=CARTESIAN_POINT('',(-5.45E0,1.45E0,9.734E-1));
#9176=LINE('',#9175,#9174);
#9177=DIRECTION('',(0.E0,0.E0,-1.E0));
#9178=VECTOR('',#9177,2.048290629039E0);
#9179=CARTESIAN_POINT('',(-5.45E0,1.25E0,7.734E-1));
#9180=LINE('',#9179,#9178);
#9181=CARTESIAN_POINT('',(-5.85E0,-2.7E0,6.734E-1));
#9182=DIRECTION('',(1.E0,0.E0,0.E0));
#9183=DIRECTION('',(0.E0,0.E0,1.E0));
#9184=AXIS2_PLACEMENT_3D('',#9181,#9182,#9183);
#9186=CARTESIAN_POINT('',(-5.45E0,-2.7E0,6.734E-1));
#9187=DIRECTION('',(-1.E0,0.E0,0.E0));
#9188=DIRECTION('',(0.E0,-1.E0,0.E0));
#9189=AXIS2_PLACEMENT_3D('',#9186,#9187,#9188);
#9191=DIRECTION('',(1.E0,0.E0,0.E0));
#9192=VECTOR('',#9191,4.E-1);
#9193=CARTESIAN_POINT('',(-5.85E0,-3.E0,6.734E-1));
#9194=LINE('',#9193,#9192);
#9195=CARTESIAN_POINT('',(-5.45E0,-3.E0,2.619E-1));
#9196=DIRECTION('',(0.E0,1.E0,0.E0));
#9197=DIRECTION('',(0.E0,0.E0,-1.E0));
#9198=AXIS2_PLACEMENT_3D('',#9195,#9196,#9197);
#9200=DIRECTION('',(1.E0,0.E0,0.E0));
#9201=VECTOR('',#9200,1.188133813074E0);
#9202=CARTESIAN_POINT('',(-5.45E0,-3.E0,-1.381E-1));
#9203=LINE('',#9202,#9201);
#9204=DIRECTION('',(0.E0,0.E0,1.E0));
#9205=VECTOR('',#9204,4.E-1);
#9206=CARTESIAN_POINT('',(-4.261866186926E0,-3.E0,-1.381E-1));
#9207=LINE('',#9206,#9205);
#9208=DIRECTION('',(-1.E0,0.E0,0.E0));
#9209=VECTOR('',#9208,2.010105979338E0);
#9210=CARTESIAN_POINT('',(-3.439894020662E0,-4.6E0,-1.381E-1));
#9211=LINE('',#9210,#9209);
#9212=CARTESIAN_POINT('',(-5.45E0,-4.6E0,2.619E-1));
#9213=DIRECTION('',(0.E0,-1.E0,0.E0));
#9214=DIRECTION('',(-1.E0,0.E0,0.E0));
#9215=AXIS2_PLACEMENT_3D('',#9212,#9213,#9214);
#9217=DIRECTION('',(0.E0,0.E0,1.E0));
#9218=VECTOR('',#9217,3.3381E0);
#9219=CARTESIAN_POINT('',(-5.85E0,-4.6E0,2.619E-1));
#9220=LINE('',#9219,#9218);
#9221=CARTESIAN_POINT('',(-5.45E0,-4.6E0,3.6E0));
#9222=DIRECTION('',(0.E0,-1.E0,0.E0));
#9223=DIRECTION('',(0.E0,0.E0,1.E0));
#9224=AXIS2_PLACEMENT_3D('',#9221,#9222,#9223);
#9226=DIRECTION('',(0.E0,0.E0,-1.E0));
#9227=VECTOR('',#9226,4.E-1);
#9228=CARTESIAN_POINT('',(-5.25E0,-4.6E0,4.E0));
#9229=LINE('',#9228,#9227);
#9230=CARTESIAN_POINT('',(-5.25E0,-3.E0,4.619E-1));
#9231=DIRECTION('',(0.E0,-1.E0,0.E0));
#9232=DIRECTION('',(-1.E0,0.E0,0.E0));
#9233=AXIS2_PLACEMENT_3D('',#9230,#9231,#9232);
#9235=CARTESIAN_POINT('',(-5.25E0,-4.6E0,4.619E-1));
#9236=DIRECTION('',(0.E0,1.E0,0.E0));
#9237=DIRECTION('',(0.E0,0.E0,-1.E0));
#9238=AXIS2_PLACEMENT_3D('',#9235,#9236,#9237);
#9240=DIRECTION('',(0.E0,-1.E0,0.E0));
#9241=VECTOR('',#9240,1.6E0);
#9242=CARTESIAN_POINT('',(-5.25E0,-3.E0,2.619E-1));
#9243=LINE('',#9242,#9241);
#9244=DIRECTION('',(-1.E0,0.E0,0.E0));
#9245=VECTOR('',#9244,9.881338130739E-1);
#9246=CARTESIAN_POINT('',(-4.261866186926E0,-3.E0,2.619E-1));
#9247=LINE('',#9246,#9245);
#9248=DIRECTION('',(-7.166199053236E-1,6.974639139727E-1,0.E0));
#9249=VECTOR('',#9248,1.147012747145E0);
#9250=CARTESIAN_POINT('',(-3.439894020662E0,-3.8E0,2.619E-1));
#9251=LINE('',#9250,#9249);
#9252=DIRECTION('',(0.E0,1.E0,0.E0));
#9253=VECTOR('',#9252,8.E-1);
#9254=CARTESIAN_POINT('',(-3.439894020662E0,-4.6E0,2.619E-1));
#9255=LINE('',#9254,#9253);
#9256=DIRECTION('',(1.E0,0.E0,0.E0));
#9257=VECTOR('',#9256,1.810105979338E0);
#9258=CARTESIAN_POINT('',(-5.25E0,-4.6E0,2.619E-1));
#9259=LINE('',#9258,#9257);
#9260=DIRECTION('',(0.E0,0.E0,1.E0));
#9261=VECTOR('',#9260,4.E-1);
#9262=CARTESIAN_POINT('',(-3.439894020662E0,-3.8E0,-1.381E-1));
#9263=LINE('',#9262,#9261);
#9264=DIRECTION('',(0.E0,-1.E0,0.E0));
#9265=VECTOR('',#9264,1.6E0);
#9266=CARTESIAN_POINT('',(-5.45E0,-3.E0,-1.381E-1));
#9267=LINE('',#9266,#9265);
#9268=DIRECTION('',(0.E0,1.E0,0.E0));
#9269=VECTOR('',#9268,8.E-1);
#9270=CARTESIAN_POINT('',(-3.439894020662E0,-4.6E0,-1.381E-1));
#9271=LINE('',#9270,#9269);
#9272=DIRECTION('',(-7.166199053236E-1,6.974639139727E-1,0.E0));
#9273=VECTOR('',#9272,1.147012747145E0);
#9274=CARTESIAN_POINT('',(-3.439894020662E0,-3.8E0,-1.381E-1));
#9275=LINE('',#9274,#9273);
#9276=DIRECTION('',(0.E0,0.E0,1.E0));
#9277=VECTOR('',#9276,4.E-1);
#9278=CARTESIAN_POINT('',(-3.439894020662E0,-4.6E0,-1.381E-1));
#9279=LINE('',#9278,#9277);
#9280=DIRECTION('',(-1.E0,0.E0,0.E0));
#9281=VECTOR('',#9280,5.E-1);
#9282=CARTESIAN_POINT('',(-5.35E0,-1.450133231810E0,3.6E0));
#9283=LINE('',#9282,#9281);
#9284=DIRECTION('',(0.E0,0.E0,1.E0));
#9285=VECTOR('',#9284,4.E-1);
#9286=CARTESIAN_POINT('',(-4.0481E0,-1.450133231810E0,3.6E0));
#9287=LINE('',#9286,#9285);
#9288=DIRECTION('',(-1.E0,0.E0,0.E0));
#9289=VECTOR('',#9288,1.4019E0);
#9290=CARTESIAN_POINT('',(-4.0481E0,-1.450133231810E0,4.E0));
#9291=LINE('',#9290,#9289);
#9292=CARTESIAN_POINT('',(-5.45E0,-1.450133231810E0,3.6E0));
#9293=DIRECTION('',(0.E0,1.E0,0.E0));
#9294=DIRECTION('',(-1.E0,0.E0,0.E0));
#9295=AXIS2_PLACEMENT_3D('',#9292,#9293,#9294);
#9297=DIRECTION('',(0.E0,0.E0,1.E0));
#9298=VECTOR('',#9297,4.E-1);
#9299=CARTESIAN_POINT('',(4.0481E0,-1.450133231810E0,3.6E0));
#9300=LINE('',#9299,#9298);
#9301=DIRECTION('',(-1.E0,0.E0,0.E0));
#9302=VECTOR('',#9301,5.E-1);
#9303=CARTESIAN_POINT('',(5.85E0,-1.450133231810E0,3.6E0));
#9304=LINE('',#9303,#9302);
#9305=CARTESIAN_POINT('',(5.45E0,-1.450133231810E0,3.6E0));
#9306=DIRECTION('',(0.E0,1.E0,0.E0));
#9307=DIRECTION('',(0.E0,0.E0,1.E0));
#9308=AXIS2_PLACEMENT_3D('',#9305,#9306,#9307);
#9310=DIRECTION('',(-1.E0,0.E0,0.E0));
#9311=VECTOR('',#9310,1.4019E0);
#9312=CARTESIAN_POINT('',(5.45E0,-1.450133231810E0,4.E0));
#9313=LINE('',#9312,#9311);
#9314=CARTESIAN_POINT('',(5.85E0,-1.350133231810E0,3.6E0));
#9315=DIRECTION('',(-1.E0,0.E0,0.E0));
#9316=DIRECTION('',(0.E0,0.E0,-1.E0));
#9317=AXIS2_PLACEMENT_3D('',#9314,#9315,#9316);
#9319=CARTESIAN_POINT('',(5.35E0,-1.450133231810E0,3.6E0));
#9320=CARTESIAN_POINT('',(5.362902492476E0,-1.450133231810E0,3.6E0));
#9321=CARTESIAN_POINT('',(5.386557650614E0,-1.450313039831E0,3.595434508886E0));
#9322=CARTESIAN_POINT('',(5.418187681786E0,-1.448166858347E0,3.575945898055E0));
#9323=CARTESIAN_POINT('',(5.438243841674E0,-1.438608824891E0,3.550172856548E0));
#9324=CARTESIAN_POINT('',(5.448055473006E0,-1.418207988119E0,3.524048769448E0));
#9325=CARTESIAN_POINT('',(5.450150276947E0,-1.387665795086E0,3.504910114905E0));
#9326=CARTESIAN_POINT('',(5.45E0,-1.362899467099E0,3.5E0));
#9327=CARTESIAN_POINT('',(5.45E0,-1.350133231810E0,3.5E0));
#9329=DIRECTION('',(-1.E0,0.E0,0.E0));
#9330=VECTOR('',#9329,4.E-1);
#9331=CARTESIAN_POINT('',(5.85E0,-1.350133231810E0,3.5E0));
#9332=LINE('',#9331,#9330);
#9333=DIRECTION('',(1.E0,0.E0,0.E0));
#9334=VECTOR('',#9333,4.E-1);
#9335=CARTESIAN_POINT('',(5.45E0,1.350133231810E0,3.5E0));
#9336=LINE('',#9335,#9334);
#9337=DIRECTION('',(0.E0,0.E0,1.E0));
#9338=VECTOR('',#9337,2.048290629039E0);
#9339=CARTESIAN_POINT('',(5.45E0,1.25E0,-1.274890629039E0));
#9340=LINE('',#9339,#9338);
#9341=DIRECTION('',(0.E0,1.E0,0.E0));
#9342=VECTOR('',#9341,1.25E0);
#9343=CARTESIAN_POINT('',(5.45E0,1.45E0,9.734E-1));
#9344=LINE('',#9343,#9342);
#9345=DIRECTION('',(0.E0,0.E0,-1.E0));
#9346=VECTOR('',#9345,2.115E-1);
#9347=CARTESIAN_POINT('',(5.45E0,3.E0,6.734E-1));
#9348=LINE('',#9347,#9346);
#9349=DIRECTION('',(0.E0,1.E0,0.E0));
#9350=VECTOR('',#9349,1.6E0);
#9351=CARTESIAN_POINT('',(5.45E0,3.E0,4.619E-1));
#9352=LINE('',#9351,#9350);
#9353=DIRECTION('',(0.E0,0.E0,1.E0));
#9354=VECTOR('',#9353,3.0381E0);
#9355=CARTESIAN_POINT('',(5.45E0,4.6E0,4.619E-1));
#9356=LINE('',#9355,#9354);
#9357=DIRECTION('',(0.E0,1.E0,0.E0));
#9358=VECTOR('',#9357,2.700266463620E0);
#9359=CARTESIAN_POINT('',(5.45E0,-1.350133231810E0,3.5E0));
#9360=LINE('',#9359,#9358);
#9361=DIRECTION('',(0.E0,0.E0,-1.E0));
#9362=VECTOR('',#9361,3.0381E0);
#9363=CARTESIAN_POINT('',(5.45E0,-4.6E0,3.5E0));
#9364=LINE('',#9363,#9362);
#9365=DIRECTION('',(0.E0,1.E0,0.E0));
#9366=VECTOR('',#9365,1.6E0);
#9367=CARTESIAN_POINT('',(5.45E0,-4.6E0,4.619E-1));
#9368=LINE('',#9367,#9366);
#9369=DIRECTION('',(0.E0,0.E0,1.E0));
#9370=VECTOR('',#9369,2.115E-1);
#9371=CARTESIAN_POINT('',(5.45E0,-3.E0,4.619E-1));
#9372=LINE('',#9371,#9370);
#9373=DIRECTION('',(0.E0,1.E0,0.E0));
#9374=VECTOR('',#9373,1.25E0);
#9375=CARTESIAN_POINT('',(5.45E0,-2.7E0,9.734E-1));
#9376=LINE('',#9375,#9374);
#9377=DIRECTION('',(0.E0,0.E0,-1.E0));
#9378=VECTOR('',#9377,2.048290629039E0);
#9379=CARTESIAN_POINT('',(5.45E0,-1.25E0,7.734E-1));
#9380=LINE('',#9379,#9378);
#9381=DIRECTION('',(0.E0,1.E0,0.E0));
#9382=VECTOR('',#9381,2.5E0);
#9383=CARTESIAN_POINT('',(5.45E0,-1.25E0,-1.274890629039E0));
#9384=LINE('',#9383,#9382);
#9385=CARTESIAN_POINT('',(5.45E0,1.45E0,7.734E-1));
#9386=DIRECTION('',(1.E0,0.E0,0.E0));
#9387=DIRECTION('',(0.E0,0.E0,1.E0));
#9388=AXIS2_PLACEMENT_3D('',#9385,#9386,#9387);
#9390=CARTESIAN_POINT('',(5.85E0,1.45E0,7.734E-1));
#9391=DIRECTION('',(-1.E0,0.E0,0.E0));
#9392=DIRECTION('',(0.E0,-1.E0,0.E0));
#9393=AXIS2_PLACEMENT_3D('',#9390,#9391,#9392);
#9395=DIRECTION('',(-1.E0,0.E0,0.E0));
#9396=VECTOR('',#9395,4.E-1);
#9397=CARTESIAN_POINT('',(5.85E0,-1.45E0,9.734E-1));
#9398=LINE('',#9397,#9396);
#9399=DIRECTION('',(1.E0,0.E0,0.E0));
#9400=VECTOR('',#9399,4.E-1);
#9401=CARTESIAN_POINT('',(5.45E0,-2.7E0,9.734E-1));
#9402=LINE('',#9401,#9400);
#9403=DIRECTION('',(1.E0,0.E0,0.E0));
#9404=VECTOR('',#9403,4.E-1);
#9405=CARTESIAN_POINT('',(5.45E0,1.45E0,9.734E-1));
#9406=LINE('',#9405,#9404);
#9407=DIRECTION('',(1.E0,0.E0,0.E0));
#9408=VECTOR('',#9407,4.E-1);
#9409=CARTESIAN_POINT('',(5.45E0,2.7E0,9.734E-1));
#9410=LINE('',#9409,#9408);
#9411=CARTESIAN_POINT('',(5.85E0,-1.45E0,7.734E-1));
#9412=DIRECTION('',(-1.E0,0.E0,0.E0));
#9413=DIRECTION('',(0.E0,0.E0,1.E0));
#9414=AXIS2_PLACEMENT_3D('',#9411,#9412,#9413);
#9416=CARTESIAN_POINT('',(5.45E0,-1.45E0,7.734E-1));
#9417=DIRECTION('',(1.E0,0.E0,0.E0));
#9418=DIRECTION('',(0.E0,1.E0,0.E0));
#9419=AXIS2_PLACEMENT_3D('',#9416,#9417,#9418);
#9421=DIRECTION('',(0.E0,1.E0,0.E0));
#9422=VECTOR('',#9421,1.25E0);
#9423=CARTESIAN_POINT('',(5.85E0,1.45E0,9.734E-1));
#9424=LINE('',#9423,#9422);
#9425=DIRECTION('',(0.E0,0.E0,-1.E0));
#9426=VECTOR('',#9425,2.048290629039E0);
#9427=CARTESIAN_POINT('',(5.85E0,1.25E0,7.734E-1));
#9428=LINE('',#9427,#9426);
#9429=DIRECTION('',(0.E0,0.E0,1.E0));
#9430=VECTOR('',#9429,2.048290629039E0);
#9431=CARTESIAN_POINT('',(5.85E0,-1.25E0,-1.274890629039E0));
#9432=LINE('',#9431,#9430);
#9433=DIRECTION('',(0.E0,1.E0,0.E0));
#9434=VECTOR('',#9433,1.25E0);
#9435=CARTESIAN_POINT('',(5.85E0,-2.7E0,9.734E-1));
#9436=LINE('',#9435,#9434);
#9437=DIRECTION('',(0.E0,0.E0,1.E0));
#9438=VECTOR('',#9437,4.115E-1);
#9439=CARTESIAN_POINT('',(5.85E0,-3.E0,2.619E-1));
#9440=LINE('',#9439,#9438);
#9441=DIRECTION('',(0.E0,1.E0,0.E0));
#9442=VECTOR('',#9441,1.6E0);
#9443=CARTESIAN_POINT('',(5.85E0,-4.6E0,2.619E-1));
#9444=LINE('',#9443,#9442);
#9445=DIRECTION('',(0.E0,1.E0,0.E0));
#9446=VECTOR('',#9445,3.149866768190E0);
#9447=CARTESIAN_POINT('',(5.85E0,-4.6E0,3.6E0));
#9448=LINE('',#9447,#9446);
#9449=DIRECTION('',(0.E0,1.E0,0.E0));
#9450=VECTOR('',#9449,2.700266463620E0);
#9451=CARTESIAN_POINT('',(5.85E0,-1.350133231810E0,3.5E0));
#9452=LINE('',#9451,#9450);
#9453=DIRECTION('',(0.E0,1.E0,0.E0));
#9454=VECTOR('',#9453,3.149866768190E0);
#9455=CARTESIAN_POINT('',(5.85E0,1.450133231810E0,3.6E0));
#9456=LINE('',#9455,#9454);
#9457=DIRECTION('',(0.E0,1.E0,0.E0));
#9458=VECTOR('',#9457,1.6E0);
#9459=CARTESIAN_POINT('',(5.85E0,3.E0,2.219E-1));
#9460=LINE('',#9459,#9458);
#9461=DIRECTION('',(0.E0,0.E0,-1.E0));
#9462=VECTOR('',#9461,4.515E-1);
#9463=CARTESIAN_POINT('',(5.85E0,3.E0,6.734E-1));
#9464=LINE('',#9463,#9462);
#9465=DIRECTION('',(0.E0,1.E0,0.E0));
#9466=VECTOR('',#9465,2.5E0);
#9467=CARTESIAN_POINT('',(5.85E0,-1.25E0,-1.274890629039E0));
#9468=LINE('',#9467,#9466);
#9469=DIRECTION('',(0.E0,1.E0,0.E0));
#9470=VECTOR('',#9469,2.5E0);
#9471=CARTESIAN_POINT('',(6.012412758298E0,-1.25E0,-1.775880254244E0));
#9472=LINE('',#9471,#9470);
#9473=DIRECTION('',(0.E0,1.E0,0.E0));
#9474=VECTOR('',#9473,2.5E0);
#9475=CARTESIAN_POINT('',(6.364208248275E0,-1.25E0,-2.261443389224E0));
#9476=LINE('',#9475,#9474);
#9477=CARTESIAN_POINT('',(6.270103487960E0,-1.25E0,-2.75E0));
#9478=CARTESIAN_POINT('',(6.161291301869E0,-1.25E0,-2.898362539181E0));
#9479=CARTESIAN_POINT('',(6.054698284562E0,-1.224430291056E0,
-3.043699300393E0));
#9480=CARTESIAN_POINT('',(5.950473920005E0,-1.171568488831E0,
-3.185806466196E0));
#9482=DIRECTION('',(0.E0,1.E0,0.E0));
#9483=VECTOR('',#9482,2.5E0);
#9484=CARTESIAN_POINT('',(6.363155996451E0,-1.25E0,-2.623125364604E0));
#9485=LINE('',#9484,#9483);
#9486=CARTESIAN_POINT('',(5.950473920005E0,1.171568488831E0,-3.185806466196E0));
#9487=CARTESIAN_POINT('',(6.054698284562E0,1.224430291056E0,-3.043699300393E0));
#9488=CARTESIAN_POINT('',(6.161291301869E0,1.25E0,-2.898362539181E0));
#9489=CARTESIAN_POINT('',(6.270103487960E0,1.25E0,-2.75E0));
#9491=CARTESIAN_POINT('',(5.950473920005E0,-1.171568488831E0,
-3.185806466196E0));
#9492=CARTESIAN_POINT('',(5.929611426232E0,-1.160987191219E0,
-3.214251924936E0));
#9493=CARTESIAN_POINT('',(5.893048763777E0,-1.135551193918E0,
-3.276330131016E0));
#9494=CARTESIAN_POINT('',(5.858022616497E0,-1.081275106848E0,
-3.381368086527E0));
#9495=CARTESIAN_POINT('',(5.85E0,-1.032877603770E0,-3.455546683865E0));
#9496=CARTESIAN_POINT('',(5.85E0,-1.005441795482E0,-3.492688895768E0));
#9498=DIRECTION('',(0.E0,1.E0,0.E0));
#9499=VECTOR('',#9498,2.343136977662E0);
#9500=CARTESIAN_POINT('',(5.950473920005E0,-1.171568488831E0,
-3.185806466196E0));
#9501=LINE('',#9500,#9499);
#9502=CARTESIAN_POINT('',(5.85E0,1.005441795482E0,-3.492688895768E0));
#9503=CARTESIAN_POINT('',(5.85E0,1.032888544578E0,-3.455531872353E0));
#9504=CARTESIAN_POINT('',(5.858009889858E0,1.081308728272E0,-3.381330054676E0));
#9505=CARTESIAN_POINT('',(5.893207190587E0,1.135724058976E0,-3.275962074499E0));
#9506=CARTESIAN_POINT('',(5.929716957906E0,1.161040716079E0,-3.214108035288E0));
#9507=CARTESIAN_POINT('',(5.950473920005E0,1.171568488831E0,-3.185806466196E0));
#9509=CARTESIAN_POINT('',(5.85E0,0.E0,-2.75E0));
#9510=DIRECTION('',(1.E0,0.E0,0.E0));
#9511=DIRECTION('',(0.E0,-8.043534363857E-1,-5.941511166148E-1));
#9512=AXIS2_PLACEMENT_3D('',#9509,#9510,#9511);
#9514=DIRECTION('',(0.E0,1.E0,0.E0));
#9515=VECTOR('',#9514,2.010883590964E0);
#9516=CARTESIAN_POINT('',(5.85E0,-1.005441795482E0,-3.492688895768E0));
#9517=LINE('',#9516,#9515);
#9518=CARTESIAN_POINT('',(5.774054102122E0,1.25E0,-2.75E0));
#9519=CARTESIAN_POINT('',(5.725140304379E0,1.25E0,-2.816692670140E0));
#9520=CARTESIAN_POINT('',(5.676429820309E0,1.244696757667E0,-2.883108127462E0));
#9521=CARTESIAN_POINT('',(5.627925390428E0,1.234018789266E0,-2.949242635344E0));
#9523=CARTESIAN_POINT('',(5.627925390428E0,-1.234018789266E0,
-2.949242635344E0));
#9524=CARTESIAN_POINT('',(5.676429820309E0,-1.244696757667E0,
-2.883108127462E0));
#9525=CARTESIAN_POINT('',(5.725140304379E0,-1.25E0,-2.816692670140E0));
#9526=CARTESIAN_POINT('',(5.774054102122E0,-1.25E0,-2.75E0));
#9528=DIRECTION('',(0.E0,1.E0,0.E0));
#9529=VECTOR('',#9528,2.468037578532E0);
#9530=CARTESIAN_POINT('',(5.627925390428E0,-1.234018789266E0,
-2.949242635344E0));
#9531=LINE('',#9530,#9529);
#9532=DIRECTION('',(0.E0,1.E0,0.E0));
#9533=VECTOR('',#9532,2.5E0);
#9534=CARTESIAN_POINT('',(5.963962647833E0,-1.25E0,-2.491064718335E0));
#9535=LINE('',#9534,#9533);
#9536=DIRECTION('',(0.E0,1.E0,0.E0));
#9537=VECTOR('',#9536,2.5E0);
#9538=CARTESIAN_POINT('',(5.964253248095E0,-1.25E0,-2.391179050104E0));
#9539=LINE('',#9538,#9537);
#9540=DIRECTION('',(0.E0,1.E0,0.E0));
#9541=VECTOR('',#9540,2.5E0);
#9542=CARTESIAN_POINT('',(5.688493216571E0,-1.25E0,-2.010563296852E0));
#9543=LINE('',#9542,#9541);
#9544=CARTESIAN_POINT('',(5.627925390428E0,1.234018789266E0,-2.949242635344E0));
#9545=CARTESIAN_POINT('',(5.597789783632E0,1.227384610534E0,-2.990331738547E0));
#9546=CARTESIAN_POINT('',(5.545104662591E0,1.209219733443E0,-3.076560643101E0));
#9547=CARTESIAN_POINT('',(5.489638897684E0,1.164292621653E0,-3.212904154061E0));
#9548=CARTESIAN_POINT('',(5.457015775925E0,1.099002858956E0,-3.352703761996E0));
#9549=CARTESIAN_POINT('',(5.45E0,1.039497546877E0,-3.446584697868E0));
#9550=CARTESIAN_POINT('',(5.45E0,1.005441795482E0,-3.492688895768E0));
#9552=CARTESIAN_POINT('',(5.45E0,-1.005441795482E0,-3.492688895768E0));
#9553=CARTESIAN_POINT('',(5.45E0,-1.039474926056E0,-3.446615321618E0));
#9554=CARTESIAN_POINT('',(5.457005003190E0,-1.098961762978E0,
-3.352778482066E0));
#9555=CARTESIAN_POINT('',(5.489624506786E0,-1.164284028214E0,
-3.212935166774E0));
#9556=CARTESIAN_POINT('',(5.545121395381E0,-1.209230599335E0,
-3.076523682763E0));
#9557=CARTESIAN_POINT('',(5.597801841986E0,-1.227387265111E0,
-2.990315297300E0));
#9558=CARTESIAN_POINT('',(5.627925390428E0,-1.234018789266E0,
-2.949242635344E0));
#9560=DIRECTION('',(0.E0,1.E0,0.E0));
#9561=VECTOR('',#9560,2.010883590964E0);
#9562=CARTESIAN_POINT('',(5.45E0,-1.005441795482E0,-3.492688895768E0));
#9563=LINE('',#9562,#9561);
#9564=CARTESIAN_POINT('',(5.45E0,0.E0,-2.75E0));
#9565=DIRECTION('',(-1.E0,0.E0,0.E0));
#9566=DIRECTION('',(0.E0,8.043534363857E-1,-5.941511166148E-1));
#9567=AXIS2_PLACEMENT_3D('',#9564,#9565,#9566);
#9569=CARTESIAN_POINT('',(5.45E0,-2.7E0,6.734E-1));
#9570=DIRECTION('',(1.E0,0.E0,0.E0));
#9571=DIRECTION('',(0.E0,0.E0,1.E0));
#9572=AXIS2_PLACEMENT_3D('',#9569,#9570,#9571);
#9574=CARTESIAN_POINT('',(5.85E0,-2.7E0,6.734E-1));
#9575=DIRECTION('',(-1.E0,0.E0,0.E0));
#9576=DIRECTION('',(0.E0,-1.E0,0.E0));
#9577=AXIS2_PLACEMENT_3D('',#9574,#9575,#9576);
#9579=DIRECTION('',(1.E0,0.E0,0.E0));
#9580=VECTOR('',#9579,4.E-1);
#9581=CARTESIAN_POINT('',(5.45E0,-3.E0,6.734E-1));
#9582=LINE('',#9581,#9580);
#9583=DIRECTION('',(0.E0,0.E0,1.E0));
#9584=VECTOR('',#9583,4.E-1);
#9585=CARTESIAN_POINT('',(4.261866186926E0,-3.E0,-1.381E-1));
#9586=LINE('',#9585,#9584);
#9587=DIRECTION('',(1.E0,0.E0,0.E0));
#9588=VECTOR('',#9587,1.188133813074E0);
#9589=CARTESIAN_POINT('',(4.261866186926E0,-3.E0,-1.381E-1));
#9590=LINE('',#9589,#9588);
#9591=CARTESIAN_POINT('',(5.45E0,-3.E0,2.619E-1));
#9592=DIRECTION('',(0.E0,1.E0,0.E0));
#9593=DIRECTION('',(1.E0,0.E0,0.E0));
#9594=AXIS2_PLACEMENT_3D('',#9591,#9592,#9593);
#9596=CARTESIAN_POINT('',(5.25E0,-4.6E0,4.619E-1));
#9597=DIRECTION('',(0.E0,1.E0,0.E0));
#9598=DIRECTION('',(1.E0,0.E0,0.E0));
#9599=AXIS2_PLACEMENT_3D('',#9596,#9597,#9598);
#9601=CARTESIAN_POINT('',(5.25E0,-3.E0,4.619E-1));
#9602=DIRECTION('',(0.E0,-1.E0,0.E0));
#9603=DIRECTION('',(0.E0,0.E0,-1.E0));
#9604=AXIS2_PLACEMENT_3D('',#9601,#9602,#9603);
#9606=CARTESIAN_POINT('',(5.45E0,-4.6E0,3.6E0));
#9607=DIRECTION('',(0.E0,-1.E0,0.E0));
#9608=DIRECTION('',(1.E0,0.E0,0.E0));
#9609=AXIS2_PLACEMENT_3D('',#9606,#9607,#9608);
#9611=DIRECTION('',(0.E0,0.E0,-1.E0));
#9612=VECTOR('',#9611,3.3381E0);
#9613=CARTESIAN_POINT('',(5.85E0,-4.6E0,3.6E0));
#9614=LINE('',#9613,#9612);
#9615=CARTESIAN_POINT('',(5.45E0,-4.6E0,2.619E-1));
#9616=DIRECTION('',(0.E0,-1.E0,0.E0));
#9617=DIRECTION('',(0.E0,0.E0,-1.E0));
#9618=AXIS2_PLACEMENT_3D('',#9615,#9616,#9617);
#9620=DIRECTION('',(-1.E0,0.E0,0.E0));
#9621=VECTOR('',#9620,2.010105979338E0);
#9622=CARTESIAN_POINT('',(5.45E0,-4.6E0,-1.381E-1));
#9623=LINE('',#9622,#9621);
#9624=DIRECTION('',(0.E0,1.E0,0.E0));
#9625=VECTOR('',#9624,3.249866768190E0);
#9626=CARTESIAN_POINT('',(5.45E0,-4.6E0,3.5E0));
#9627=LINE('',#9626,#9625);
#9628=CARTESIAN_POINT('',(5.35E0,-4.6E0,3.5E0));
#9629=DIRECTION('',(0.E0,1.E0,0.E0));
#9630=DIRECTION('',(0.E0,0.E0,1.E0));
#9631=AXIS2_PLACEMENT_3D('',#9628,#9629,#9630);
#9633=DIRECTION('',(0.E0,0.E0,1.E0));
#9634=VECTOR('',#9633,4.E-1);
#9635=CARTESIAN_POINT('',(5.25E0,-5.500133231810E0,3.6E0));
#9636=LINE('',#9635,#9634);
#9637=DIRECTION('',(0.E0,0.E0,-1.E0));
#9638=VECTOR('',#9637,4.E-1);
#9639=CARTESIAN_POINT('',(5.25E0,-4.6E0,4.E0));
#9640=LINE('',#9639,#9638);
#9641=DIRECTION('',(0.E0,0.E0,-1.E0));
#9642=VECTOR('',#9641,4.E-1);
#9643=CARTESIAN_POINT('',(-4.75E0,-6.000133231810E0,4.E0));
#9644=LINE('',#9643,#9642);
#9645=DIRECTION('',(0.E0,0.E0,1.E0));
#9646=VECTOR('',#9645,4.E-1);
#9647=CARTESIAN_POINT('',(4.75E0,-6.000133231810E0,3.6E0));
#9648=LINE('',#9647,#9646);
#9649=DIRECTION('',(0.E0,0.E0,-1.E0));
#9650=VECTOR('',#9649,4.E-1);
#9651=CARTESIAN_POINT('',(-5.25E0,-5.500133231810E0,4.E0));
#9652=LINE('',#9651,#9650);
#9653=DIRECTION('',(0.E0,1.E0,0.E0));
#9654=VECTOR('',#9653,1.6E0);
#9655=CARTESIAN_POINT('',(5.45E0,-4.6E0,-1.381E-1));
#9656=LINE('',#9655,#9654);
#9657=DIRECTION('',(7.166199053236E-1,6.974639139727E-1,0.E0));
#9658=VECTOR('',#9657,1.147012747145E0);
#9659=CARTESIAN_POINT('',(3.439894020662E0,-3.8E0,-1.381E-1));
#9660=LINE('',#9659,#9658);
#9661=DIRECTION('',(0.E0,1.E0,0.E0));
#9662=VECTOR('',#9661,8.E-1);
#9663=CARTESIAN_POINT('',(3.439894020662E0,-4.6E0,-1.381E-1));
#9664=LINE('',#9663,#9662);
#9665=DIRECTION('',(0.E0,0.E0,1.E0));
#9666=VECTOR('',#9665,4.E-1);
#9667=CARTESIAN_POINT('',(3.439894020662E0,-3.8E0,-1.381E-1));
#9668=LINE('',#9667,#9666);
#9669=DIRECTION('',(0.E0,1.E0,0.E0));
#9670=VECTOR('',#9669,1.6E0);
#9671=CARTESIAN_POINT('',(5.25E0,-4.6E0,2.619E-1));
#9672=LINE('',#9671,#9670);
#9673=DIRECTION('',(-1.E0,0.E0,0.E0));
#9674=VECTOR('',#9673,1.810105979338E0);
#9675=CARTESIAN_POINT('',(5.25E0,-4.6E0,2.619E-1));
#9676=LINE('',#9675,#9674);
#9677=DIRECTION('',(0.E0,1.E0,0.E0));
#9678=VECTOR('',#9677,8.E-1);
#9679=CARTESIAN_POINT('',(3.439894020662E0,-4.6E0,2.619E-1));
#9680=LINE('',#9679,#9678);
#9681=DIRECTION('',(7.166199053236E-1,6.974639139727E-1,0.E0));
#9682=VECTOR('',#9681,1.147012747145E0);
#9683=CARTESIAN_POINT('',(3.439894020662E0,-3.8E0,2.619E-1));
#9684=LINE('',#9683,#9682);
#9685=DIRECTION('',(1.E0,0.E0,0.E0));
#9686=VECTOR('',#9685,9.881338130739E-1);
#9687=CARTESIAN_POINT('',(4.261866186926E0,-3.E0,2.619E-1));
#9688=LINE('',#9687,#9686);
#9689=DIRECTION('',(0.E0,0.E0,1.E0));
#9690=VECTOR('',#9689,4.E-1);
#9691=CARTESIAN_POINT('',(3.439894020662E0,-4.6E0,-1.381E-1));
#9692=LINE('',#9691,#9690);
#9693=CARTESIAN_POINT('',(5.45E0,1.350133231810E0,3.5E0));
#9694=CARTESIAN_POINT('',(5.45E0,1.362899467099E0,3.5E0));
#9695=CARTESIAN_POINT('',(5.450150276947E0,1.387665795086E0,3.504910114905E0));
#9696=CARTESIAN_POINT('',(5.448055473006E0,1.418207988119E0,3.524048769448E0));
#9697=CARTESIAN_POINT('',(5.438243841674E0,1.438608824891E0,3.550172856548E0));
#9698=CARTESIAN_POINT('',(5.418187681786E0,1.448166858347E0,3.575945898055E0));
#9699=CARTESIAN_POINT('',(5.386557650614E0,1.450313039831E0,3.595434508886E0));
#9700=CARTESIAN_POINT('',(5.362902492476E0,1.450133231810E0,3.6E0));
#9701=CARTESIAN_POINT('',(5.35E0,1.450133231810E0,3.6E0));
#9703=CARTESIAN_POINT('',(5.85E0,1.350133231810E0,3.6E0));
#9704=DIRECTION('',(-1.E0,0.E0,0.E0));
#9705=DIRECTION('',(0.E0,1.E0,0.E0));
#9706=AXIS2_PLACEMENT_3D('',#9703,#9704,#9705);
#9708=DIRECTION('',(0.E0,1.E0,0.E0));
#9709=VECTOR('',#9708,3.249866768190E0);
#9710=CARTESIAN_POINT('',(5.45E0,1.350133231810E0,3.5E0));
#9711=LINE('',#9710,#9709);
#9712=CARTESIAN_POINT('',(5.35E0,4.6E0,3.5E0));
#9713=DIRECTION('',(0.E0,-1.E0,0.E0));
#9714=DIRECTION('',(1.E0,0.E0,0.E0));
#9715=AXIS2_PLACEMENT_3D('',#9712,#9713,#9714);
#9717=DIRECTION('',(1.E0,0.E0,0.E0));
#9718=VECTOR('',#9717,2.050105979338E0);
#9719=CARTESIAN_POINT('',(3.439894020662E0,4.6E0,-1.381E-1));
#9720=LINE('',#9719,#9718);
#9721=CARTESIAN_POINT('',(5.49E0,4.6E0,2.219E-1));
#9722=DIRECTION('',(0.E0,1.E0,0.E0));
#9723=DIRECTION('',(1.E0,0.E0,0.E0));
#9724=AXIS2_PLACEMENT_3D('',#9721,#9722,#9723);
#9726=DIRECTION('',(0.E0,0.E0,1.E0));
#9727=VECTOR('',#9726,3.3781E0);
#9728=CARTESIAN_POINT('',(5.85E0,4.6E0,2.219E-1));
#9729=LINE('',#9728,#9727);
#9730=CARTESIAN_POINT('',(5.45E0,4.6E0,3.6E0));
#9731=DIRECTION('',(0.E0,1.E0,0.E0));
#9732=DIRECTION('',(0.E0,0.E0,1.E0));
#9733=AXIS2_PLACEMENT_3D('',#9730,#9731,#9732);
#9735=DIRECTION('',(0.E0,0.E0,-1.E0));
#9736=VECTOR('',#9735,4.E-1);
#9737=CARTESIAN_POINT('',(5.25E0,4.6E0,4.E0));
#9738=LINE('',#9737,#9736);
#9739=CARTESIAN_POINT('',(5.25E0,3.E0,4.619E-1));
#9740=DIRECTION('',(0.E0,1.E0,0.E0));
#9741=DIRECTION('',(1.E0,0.E0,0.E0));
#9742=AXIS2_PLACEMENT_3D('',#9739,#9740,#9741);
#9744=CARTESIAN_POINT('',(5.25E0,4.6E0,4.619E-1));
#9745=DIRECTION('',(0.E0,-1.E0,0.E0));
#9746=DIRECTION('',(0.E0,0.E0,-1.E0));
#9747=AXIS2_PLACEMENT_3D('',#9744,#9745,#9746);
#9749=DIRECTION('',(1.E0,0.E0,0.E0));
#9750=VECTOR('',#9749,4.E-1);
#9751=CARTESIAN_POINT('',(5.45E0,3.E0,6.734E-1));
#9752=LINE('',#9751,#9750);
#9753=CARTESIAN_POINT('',(5.49E0,3.E0,2.219E-1));
#9754=DIRECTION('',(0.E0,-1.E0,0.E0));
#9755=DIRECTION('',(0.E0,0.E0,-1.E0));
#9756=AXIS2_PLACEMENT_3D('',#9753,#9754,#9755);
#9758=DIRECTION('',(-1.E0,0.E0,0.E0));
#9759=VECTOR('',#9758,1.228133813074E0);
#9760=CARTESIAN_POINT('',(5.49E0,3.E0,-1.381E-1));
#9761=LINE('',#9760,#9759);
#9762=DIRECTION('',(0.E0,0.E0,1.E0));
#9763=VECTOR('',#9762,4.E-1);
#9764=CARTESIAN_POINT('',(4.261866186926E0,3.E0,-1.381E-1));
#9765=LINE('',#9764,#9763);
#9766=CARTESIAN_POINT('',(5.45E0,2.7E0,6.734E-1));
#9767=DIRECTION('',(1.E0,0.E0,0.E0));
#9768=DIRECTION('',(0.E0,1.E0,0.E0));
#9769=AXIS2_PLACEMENT_3D('',#9766,#9767,#9768);
#9771=CARTESIAN_POINT('',(5.85E0,2.7E0,6.734E-1));
#9772=DIRECTION('',(-1.E0,0.E0,0.E0));
#9773=DIRECTION('',(0.E0,0.E0,1.E0));
#9774=AXIS2_PLACEMENT_3D('',#9771,#9772,#9773);
#9776=DIRECTION('',(0.E0,1.E0,0.E0));
#9777=VECTOR('',#9776,1.6E0);
#9778=CARTESIAN_POINT('',(5.49E0,3.E0,-1.381E-1));
#9779=LINE('',#9778,#9777);
#9780=DIRECTION('',(0.E0,-1.E0,0.E0));
#9781=VECTOR('',#9780,8.E-1);
#9782=CARTESIAN_POINT('',(3.439894020662E0,4.6E0,-1.381E-1));
#9783=LINE('',#9782,#9781);
#9784=DIRECTION('',(7.166199053236E-1,-6.974639139727E-1,0.E0));
#9785=VECTOR('',#9784,1.147012747145E0);
#9786=CARTESIAN_POINT('',(3.439894020662E0,3.8E0,-1.381E-1));
#9787=LINE('',#9786,#9785);
#9788=DIRECTION('',(0.E0,0.E0,1.E0));
#9789=VECTOR('',#9788,4.E-1);
#9790=CARTESIAN_POINT('',(3.439894020662E0,4.6E0,-1.381E-1));
#9791=LINE('',#9790,#9789);
#9792=DIRECTION('',(0.E0,1.E0,0.E0));
#9793=VECTOR('',#9792,1.6E0);
#9794=CARTESIAN_POINT('',(5.25E0,3.E0,2.619E-1));
#9795=LINE('',#9794,#9793);
#9796=DIRECTION('',(1.E0,0.E0,0.E0));
#9797=VECTOR('',#9796,9.881338130739E-1);
#9798=CARTESIAN_POINT('',(4.261866186926E0,3.E0,2.619E-1));
#9799=LINE('',#9798,#9797);
#9800=DIRECTION('',(7.166199053236E-1,-6.974639139727E-1,0.E0));
#9801=VECTOR('',#9800,1.147012747145E0);
#9802=CARTESIAN_POINT('',(3.439894020662E0,3.8E0,2.619E-1));
#9803=LINE('',#9802,#9801);
#9804=DIRECTION('',(0.E0,-1.E0,0.E0));
#9805=VECTOR('',#9804,8.E-1);
#9806=CARTESIAN_POINT('',(3.439894020662E0,4.6E0,2.619E-1));
#9807=LINE('',#9806,#9805);
#9808=DIRECTION('',(-1.E0,0.E0,0.E0));
#9809=VECTOR('',#9808,1.810105979338E0);
#9810=CARTESIAN_POINT('',(5.25E0,4.6E0,2.619E-1));
#9811=LINE('',#9810,#9809);
#9812=DIRECTION('',(0.E0,0.E0,1.E0));
#9813=VECTOR('',#9812,4.E-1);
#9814=CARTESIAN_POINT('',(3.439894020662E0,3.8E0,-1.381E-1));
#9815=LINE('',#9814,#9813);
#9816=DIRECTION('',(1.E0,0.E0,0.E0));
#9817=VECTOR('',#9816,5.E-1);
#9818=CARTESIAN_POINT('',(5.35E0,1.450133231810E0,3.6E0));
#9819=LINE('',#9818,#9817);
#9820=DIRECTION('',(0.E0,0.E0,1.E0));
#9821=VECTOR('',#9820,4.E-1);
#9822=CARTESIAN_POINT('',(4.0481E0,1.450133231810E0,3.6E0));
#9823=LINE('',#9822,#9821);
#9824=DIRECTION('',(1.E0,0.E0,0.E0));
#9825=VECTOR('',#9824,1.4019E0);
#9826=CARTESIAN_POINT('',(4.0481E0,1.450133231810E0,4.E0));
#9827=LINE('',#9826,#9825);
#9828=CARTESIAN_POINT('',(5.45E0,1.450133231810E0,3.6E0));
#9829=DIRECTION('',(0.E0,-1.E0,0.E0));
#9830=DIRECTION('',(1.E0,0.E0,0.E0));
#9831=AXIS2_PLACEMENT_3D('',#9828,#9829,#9830);
#9833=DIRECTION('',(0.E0,0.E0,1.E0));
#9834=VECTOR('',#9833,4.E-1);
#9835=CARTESIAN_POINT('',(-4.0481E0,1.450133231810E0,3.6E0));
#9836=LINE('',#9835,#9834);
#9837=DIRECTION('',(1.E0,0.E0,0.E0));
#9838=VECTOR('',#9837,5.E-1);
#9839=CARTESIAN_POINT('',(-5.85E0,1.450133231810E0,3.6E0));
#9840=LINE('',#9839,#9838);
#9841=CARTESIAN_POINT('',(-5.45E0,1.450133231810E0,3.6E0));
#9842=DIRECTION('',(0.E0,-1.E0,0.E0));
#9843=DIRECTION('',(0.E0,0.E0,1.E0));
#9844=AXIS2_PLACEMENT_3D('',#9841,#9842,#9843);
#9846=DIRECTION('',(1.E0,0.E0,0.E0));
#9847=VECTOR('',#9846,1.4019E0);
#9848=CARTESIAN_POINT('',(-5.45E0,1.450133231810E0,4.E0));
#9849=LINE('',#9848,#9847);
#9850=CARTESIAN_POINT('',(-5.85E0,1.350133231810E0,3.6E0));
#9851=DIRECTION('',(1.E0,0.E0,0.E0));
#9852=DIRECTION('',(0.E0,0.E0,-1.E0));
#9853=AXIS2_PLACEMENT_3D('',#9850,#9851,#9852);
#9855=CARTESIAN_POINT('',(-5.35E0,1.450133231810E0,3.6E0));
#9856=CARTESIAN_POINT('',(-5.362902492476E0,1.450133231810E0,3.6E0));
#9857=CARTESIAN_POINT('',(-5.386557650614E0,1.450313039831E0,3.595434508886E0));
#9858=CARTESIAN_POINT('',(-5.418187681786E0,1.448166858347E0,3.575945898055E0));
#9859=CARTESIAN_POINT('',(-5.438243841675E0,1.438608824891E0,3.550172856548E0));
#9860=CARTESIAN_POINT('',(-5.448055473006E0,1.418207988119E0,3.524048769448E0));
#9861=CARTESIAN_POINT('',(-5.450150276947E0,1.387665795086E0,3.504910114905E0));
#9862=CARTESIAN_POINT('',(-5.45E0,1.362899467099E0,3.5E0));
#9863=CARTESIAN_POINT('',(-5.45E0,1.350133231810E0,3.5E0));
#9865=DIRECTION('',(0.E0,-1.E0,0.E0));
#9866=VECTOR('',#9865,3.249866768190E0);
#9867=CARTESIAN_POINT('',(-5.45E0,4.6E0,3.5E0));
#9868=LINE('',#9867,#9866);
#9869=CARTESIAN_POINT('',(-5.35E0,4.6E0,3.5E0));
#9870=DIRECTION('',(0.E0,-1.E0,0.E0));
#9871=DIRECTION('',(0.E0,0.E0,1.E0));
#9872=AXIS2_PLACEMENT_3D('',#9869,#9870,#9871);
#9874=CARTESIAN_POINT('',(-5.45E0,4.6E0,3.6E0));
#9875=DIRECTION('',(0.E0,1.E0,0.E0));
#9876=DIRECTION('',(-1.E0,0.E0,0.E0));
#9877=AXIS2_PLACEMENT_3D('',#9874,#9875,#9876);
#9879=DIRECTION('',(0.E0,0.E0,-1.E0));
#9880=VECTOR('',#9879,3.3781E0);
#9881=CARTESIAN_POINT('',(-5.85E0,4.6E0,3.6E0));
#9882=LINE('',#9881,#9880);
#9883=CARTESIAN_POINT('',(-5.49E0,4.6E0,2.219E-1));
#9884=DIRECTION('',(0.E0,1.E0,0.E0));
#9885=DIRECTION('',(0.E0,0.E0,-1.E0));
#9886=AXIS2_PLACEMENT_3D('',#9883,#9884,#9885);
#9888=DIRECTION('',(1.E0,0.E0,0.E0));
#9889=VECTOR('',#9888,2.050105979338E0);
#9890=CARTESIAN_POINT('',(-5.49E0,4.6E0,-1.381E-1));
#9891=LINE('',#9890,#9889);
#9892=DIRECTION('',(0.E0,0.E0,1.E0));
#9893=VECTOR('',#9892,4.E-1);
#9894=CARTESIAN_POINT('',(-5.25E0,5.500133231810E0,3.6E0));
#9895=LINE('',#9894,#9893);
#9896=DIRECTION('',(0.E0,0.E0,-1.E0));
#9897=VECTOR('',#9896,4.E-1);
#9898=CARTESIAN_POINT('',(-5.25E0,4.6E0,4.E0));
#9899=LINE('',#9898,#9897);
#9900=DIRECTION('',(0.E0,0.E0,1.E0));
#9901=VECTOR('',#9900,4.E-1);
#9902=CARTESIAN_POINT('',(-4.75E0,6.000133231810E0,3.6E0));
#9903=LINE('',#9902,#9901);
#9904=DIRECTION('',(0.E0,0.E0,-1.E0));
#9905=VECTOR('',#9904,4.E-1);
#9906=CARTESIAN_POINT('',(4.75E0,6.000133231810E0,4.E0));
#9907=LINE('',#9906,#9905);
#9908=DIRECTION('',(0.E0,0.E0,-1.E0));
#9909=VECTOR('',#9908,4.E-1);
#9910=CARTESIAN_POINT('',(5.25E0,5.500133231810E0,4.E0));
#9911=LINE('',#9910,#9909);
#9912=DIRECTION('',(1.E0,0.E0,0.E0));
#9913=VECTOR('',#9912,4.E-1);
#9914=CARTESIAN_POINT('',(-5.85E0,3.E0,6.734E-1));
#9915=LINE('',#9914,#9913);
#9916=DIRECTION('',(0.E0,0.E0,1.E0));
#9917=VECTOR('',#9916,4.E-1);
#9918=CARTESIAN_POINT('',(-4.261866186926E0,3.E0,-1.381E-1));
#9919=LINE('',#9918,#9917);
#9920=DIRECTION('',(-1.E0,0.E0,0.E0));
#9921=VECTOR('',#9920,1.228133813074E0);
#9922=CARTESIAN_POINT('',(-4.261866186926E0,3.E0,-1.381E-1));
#9923=LINE('',#9922,#9921);
#9924=CARTESIAN_POINT('',(-5.49E0,3.E0,2.219E-1));
#9925=DIRECTION('',(0.E0,-1.E0,0.E0));
#9926=DIRECTION('',(-1.E0,0.E0,0.E0));
#9927=AXIS2_PLACEMENT_3D('',#9924,#9925,#9926);
#9929=CARTESIAN_POINT('',(-5.85E0,2.7E0,6.734E-1));
#9930=DIRECTION('',(1.E0,0.E0,0.E0));
#9931=DIRECTION('',(0.E0,1.E0,0.E0));
#9932=AXIS2_PLACEMENT_3D('',#9929,#9930,#9931);
#9934=CARTESIAN_POINT('',(-5.45E0,2.7E0,6.734E-1));
#9935=DIRECTION('',(-1.E0,0.E0,0.E0));
#9936=DIRECTION('',(0.E0,0.E0,1.E0));
#9937=AXIS2_PLACEMENT_3D('',#9934,#9935,#9936);
#9939=CARTESIAN_POINT('',(-5.25E0,4.6E0,4.619E-1));
#9940=DIRECTION('',(0.E0,-1.E0,0.E0));
#9941=DIRECTION('',(-1.E0,0.E0,0.E0));
#9942=AXIS2_PLACEMENT_3D('',#9939,#9940,#9941);
#9944=CARTESIAN_POINT('',(-5.25E0,3.E0,4.619E-1));
#9945=DIRECTION('',(0.E0,1.E0,0.E0));
#9946=DIRECTION('',(0.E0,0.E0,-1.E0));
#9947=AXIS2_PLACEMENT_3D('',#9944,#9945,#9946);
#9949=DIRECTION('',(0.E0,-1.E0,0.E0));
#9950=VECTOR('',#9949,1.6E0);
#9951=CARTESIAN_POINT('',(-5.25E0,4.6E0,2.619E-1));
#9952=LINE('',#9951,#9950);
#9953=DIRECTION('',(1.E0,0.E0,0.E0));
#9954=VECTOR('',#9953,1.810105979338E0);
#9955=CARTESIAN_POINT('',(-5.25E0,4.6E0,2.619E-1));
#9956=LINE('',#9955,#9954);
#9957=DIRECTION('',(0.E0,-1.E0,0.E0));
#9958=VECTOR('',#9957,8.E-1);
#9959=CARTESIAN_POINT('',(-3.439894020662E0,4.6E0,2.619E-1));
#9960=LINE('',#9959,#9958);
#9961=DIRECTION('',(-7.166199053236E-1,-6.974639139727E-1,0.E0));
#9962=VECTOR('',#9961,1.147012747145E0);
#9963=CARTESIAN_POINT('',(-3.439894020662E0,3.8E0,2.619E-1));
#9964=LINE('',#9963,#9962);
#9965=DIRECTION('',(-1.E0,0.E0,0.E0));
#9966=VECTOR('',#9965,9.881338130739E-1);
#9967=CARTESIAN_POINT('',(-4.261866186926E0,3.E0,2.619E-1));
#9968=LINE('',#9967,#9966);
#9969=DIRECTION('',(0.E0,0.E0,1.E0));
#9970=VECTOR('',#9969,4.E-1);
#9971=CARTESIAN_POINT('',(-3.439894020662E0,4.6E0,-1.381E-1));
#9972=LINE('',#9971,#9970);
#9973=DIRECTION('',(0.E0,-1.E0,0.E0));
#9974=VECTOR('',#9973,1.6E0);
#9975=CARTESIAN_POINT('',(-5.49E0,4.6E0,-1.381E-1));
#9976=LINE('',#9975,#9974);
#9977=DIRECTION('',(-7.166199053236E-1,-6.974639139727E-1,0.E0));
#9978=VECTOR('',#9977,1.147012747145E0);
#9979=CARTESIAN_POINT('',(-3.439894020662E0,3.8E0,-1.381E-1));
#9980=LINE('',#9979,#9978);
#9981=DIRECTION('',(0.E0,-1.E0,0.E0));
#9982=VECTOR('',#9981,8.E-1);
#9983=CARTESIAN_POINT('',(-3.439894020662E0,4.6E0,-1.381E-1));
#9984=LINE('',#9983,#9982);
#9985=DIRECTION('',(0.E0,0.E0,1.E0));
#9986=VECTOR('',#9985,4.E-1);
#9987=CARTESIAN_POINT('',(-3.439894020662E0,3.8E0,-1.381E-1));
#9988=LINE('',#9987,#9986);
#9989=DIRECTION('',(0.E0,1.E0,0.E0));
#9990=VECTOR('',#9989,2.5E0);
#9991=CARTESIAN_POINT('',(-5.45E0,-1.25E0,-1.274890629039E0));
#9992=LINE('',#9991,#9990);
#9993=DIRECTION('',(0.E0,1.E0,0.E0));
#9994=VECTOR('',#9993,2.5E0);
#9995=CARTESIAN_POINT('',(-5.688493216571E0,-1.25E0,-2.010563296852E0));
#9996=LINE('',#9995,#9994);
#9997=DIRECTION('',(0.E0,1.E0,0.E0));
#9998=VECTOR('',#9997,2.5E0);
#9999=CARTESIAN_POINT('',(-5.964253248095E0,-1.25E0,-2.391179050104E0));
#10000=LINE('',#9999,#9998);
#10001=CARTESIAN_POINT('',(-5.774054102122E0,-1.25E0,-2.75E0));
#10002=CARTESIAN_POINT('',(-5.725140304379E0,-1.25E0,-2.816692670140E0));
#10003=CARTESIAN_POINT('',(-5.676429820309E0,-1.244696757667E0,
-2.883108127462E0));
#10004=CARTESIAN_POINT('',(-5.627925390428E0,-1.234018789266E0,
-2.949242635344E0));
#10006=DIRECTION('',(0.E0,1.E0,0.E0));
#10007=VECTOR('',#10006,2.5E0);
#10008=CARTESIAN_POINT('',(-5.963962647833E0,-1.25E0,-2.491064718335E0));
#10009=LINE('',#10008,#10007);
#10010=CARTESIAN_POINT('',(-5.627925390428E0,1.234018789266E0,
-2.949242635344E0));
#10011=CARTESIAN_POINT('',(-5.676429820309E0,1.244696757667E0,
-2.883108127462E0));
#10012=CARTESIAN_POINT('',(-5.725140304379E0,1.25E0,-2.816692670140E0));
#10013=CARTESIAN_POINT('',(-5.774054102122E0,1.25E0,-2.75E0));
#10015=CARTESIAN_POINT('',(-6.270103487960E0,1.25E0,-2.75E0));
#10016=CARTESIAN_POINT('',(-6.161291301869E0,1.25E0,-2.898362539181E0));
#10017=CARTESIAN_POINT('',(-6.054698284562E0,1.224430291056E0,
-3.043699300393E0));
#10018=CARTESIAN_POINT('',(-5.950473920005E0,1.171568488831E0,
-3.185806466196E0));
#10020=CARTESIAN_POINT('',(-5.950473920005E0,-1.171568488831E0,
-3.185806466196E0));
#10021=CARTESIAN_POINT('',(-6.054698284562E0,-1.224430291056E0,
-3.043699300393E0));
#10022=CARTESIAN_POINT('',(-6.161291301869E0,-1.25E0,-2.898362539181E0));
#10023=CARTESIAN_POINT('',(-6.270103487960E0,-1.25E0,-2.75E0));
#10025=DIRECTION('',(0.E0,1.E0,0.E0));
#10026=VECTOR('',#10025,2.343136977662E0);
#10027=CARTESIAN_POINT('',(-5.950473920005E0,-1.171568488831E0,
-3.185806466196E0));
#10028=LINE('',#10027,#10026);
#10029=DIRECTION('',(0.E0,1.E0,0.E0));
#10030=VECTOR('',#10029,2.5E0);
#10031=CARTESIAN_POINT('',(-6.363155996451E0,-1.25E0,-2.623125364604E0));
#10032=LINE('',#10031,#10030);
#10033=DIRECTION('',(0.E0,1.E0,0.E0));
#10034=VECTOR('',#10033,2.5E0);
#10035=CARTESIAN_POINT('',(-6.364208248275E0,-1.25E0,-2.261443389224E0));
#10036=LINE('',#10035,#10034);
#10037=CARTESIAN_POINT('',(-5.950473920005E0,1.171568488831E0,
-3.185806466196E0));
#10038=CARTESIAN_POINT('',(-5.929608817222E0,1.160985867949E0,
-3.214255482252E0));
#10039=CARTESIAN_POINT('',(-5.893044676612E0,1.135547004608E0,
-3.276339225070E0));
#10040=CARTESIAN_POINT('',(-5.858022249754E0,1.081272648024E0,
-3.381371890498E0));
#10041=CARTESIAN_POINT('',(-5.85E0,1.032876478204E0,-3.455548207640E0));
#10042=CARTESIAN_POINT('',(-5.85E0,1.005441795482E0,-3.492688895768E0));
#10044=CARTESIAN_POINT('',(-5.85E0,-1.005441795482E0,-3.492688895768E0));
#10045=CARTESIAN_POINT('',(-5.85E0,-1.032890816380E0,-3.455528796818E0));
#10046=CARTESIAN_POINT('',(-5.858011962294E0,-1.081312896151E0,
-3.381322462469E0));
#10047=CARTESIAN_POINT('',(-5.893205742741E0,-1.135721703459E0,
-3.275966590430E0));
#10048=CARTESIAN_POINT('',(-5.929715667853E0,-1.161040061774E0,
-3.214109794242E0));
#10049=CARTESIAN_POINT('',(-5.950473920005E0,-1.171568488831E0,
-3.185806466196E0));
#10051=DIRECTION('',(0.E0,1.E0,0.E0));
#10052=VECTOR('',#10051,2.010883590964E0);
#10053=CARTESIAN_POINT('',(-5.85E0,-1.005441795482E0,-3.492688895768E0));
#10054=LINE('',#10053,#10052);
#10055=CARTESIAN_POINT('',(-5.85E0,0.E0,-2.75E0));
#10056=DIRECTION('',(-1.E0,0.E0,0.E0));
#10057=DIRECTION('',(0.E0,8.043534363857E-1,-5.941511166148E-1));
#10058=AXIS2_PLACEMENT_3D('',#10055,#10056,#10057);
#10060=CARTESIAN_POINT('',(-5.627925390428E0,-1.234018789266E0,
-2.949242635344E0));
#10061=CARTESIAN_POINT('',(-5.597787026237E0,-1.227384003510E0,
-2.990335498182E0));
#10062=CARTESIAN_POINT('',(-5.545099063347E0,-1.209217540637E0,
-3.076570464395E0));
#10063=CARTESIAN_POINT('',(-5.489633476935E0,-1.164285556898E0,
-3.212921742885E0));
#10064=CARTESIAN_POINT('',(-5.457015364768E0,-1.098998642075E0,
-3.352710420045E0));
#10065=CARTESIAN_POINT('',(-5.45E0,-1.039495740246E0,-3.446587143660E0));
#10066=CARTESIAN_POINT('',(-5.45E0,-1.005441795482E0,-3.492688895768E0));
#10068=DIRECTION('',(0.E0,1.E0,0.E0));
#10069=VECTOR('',#10068,2.468037578532E0);
#10070=CARTESIAN_POINT('',(-5.627925390428E0,-1.234018789266E0,
-2.949242635344E0));
#10071=LINE('',#10070,#10069);
#10072=CARTESIAN_POINT('',(-5.45E0,1.005441795482E0,-3.492688895768E0));
#10073=CARTESIAN_POINT('',(-5.45E0,1.039473306708E0,-3.446617513869E0));
#10074=CARTESIAN_POINT('',(-5.457004743142E0,1.098957873256E0,
-3.352784458826E0));
#10075=CARTESIAN_POINT('',(-5.489618878269E0,1.164276673444E0,
-3.212953452001E0));
#10076=CARTESIAN_POINT('',(-5.545115918073E0,1.209228534668E0,
-3.076533158946E0));
#10077=CARTESIAN_POINT('',(-5.597799166490E0,1.227386676116E0,
-2.990318945268E0));
#10078=CARTESIAN_POINT('',(-5.627925390428E0,1.234018789266E0,
-2.949242635344E0));
#10080=CARTESIAN_POINT('',(-5.45E0,0.E0,-2.75E0));
#10081=DIRECTION('',(1.E0,0.E0,0.E0));
#10082=DIRECTION('',(0.E0,-8.043534363857E-1,-5.941511166148E-1));
#10083=AXIS2_PLACEMENT_3D('',#10080,#10081,#10082);
#10085=DIRECTION('',(0.E0,1.E0,0.E0));
#10086=VECTOR('',#10085,2.010883590964E0);
#10087=CARTESIAN_POINT('',(-5.45E0,-1.005441795482E0,-3.492688895768E0));
#10088=LINE('',#10087,#10086);
#10089=DIRECTION('',(-1.110223024625E-14,0.E0,-1.E0));
#10090=VECTOR('',#10089,9.999999999999E-3);
#10091=CARTESIAN_POINT('',(-7.515666838169E-1,4.7823E0,4.E0));
#10092=LINE('',#10091,#10090);
#10093=DIRECTION('',(2.220446049250E-14,0.E0,-1.E0));
#10094=VECTOR('',#10093,9.999999999999E-3);
#10095=CARTESIAN_POINT('',(-8.594666838169E-1,4.7823E0,4.E0));
#10096=LINE('',#10095,#10094);
#10097=DIRECTION('',(-1.110223024625E-14,0.E0,-1.E0));
#10098=VECTOR('',#10097,9.999999999999E-3);
#10099=CARTESIAN_POINT('',(-9.314E-1,5.002691488814E0,4.E0));
#10100=LINE('',#10099,#10098);
#10101=DIRECTION('',(0.E0,0.E0,-1.E0));
#10102=VECTOR('',#10101,9.999999999999E-3);
#10103=CARTESIAN_POINT('',(-1.291066670954E0,5.002691488814E0,4.E0));
#10104=LINE('',#10103,#10102);
#10105=DIRECTION('',(0.E0,0.E0,-1.E0));
#10106=VECTOR('',#10105,9.999999999999E-3);
#10107=CARTESIAN_POINT('',(-1.363E0,4.7823E0,4.E0));
#10108=LINE('',#10107,#10106);
#10109=DIRECTION('',(4.440892098501E-14,0.E0,-1.E0));
#10110=VECTOR('',#10109,9.999999999999E-3);
#10111=CARTESIAN_POINT('',(-1.4709E0,4.7823E0,4.E0));
#10112=LINE('',#10111,#10110);
#10113=DIRECTION('',(0.E0,0.E0,-1.E0));
#10114=VECTOR('',#10113,9.999999999999E-3);
#10115=CARTESIAN_POINT('',(-1.183166658092E0,5.6455E0,4.E0));
#10116=LINE('',#10115,#10114);
#10117=DIRECTION('',(4.440892098501E-14,-8.881784197002E-14,-1.E0));
#10118=VECTOR('',#10117,9.999999999999E-3);
#10119=CARTESIAN_POINT('',(-1.0393E0,5.6455E0,4.E0));
#10120=LINE('',#10119,#10118);
#10121=DIRECTION('',(-1.E0,0.E0,0.E0));
#10122=VECTOR('',#10121,1.438666580915E-1);
#10123=CARTESIAN_POINT('',(-1.0393E0,5.6455E0,3.99E0));
#10124=LINE('',#10123,#10122);
#10125=DIRECTION('',(-3.162277490531E-1,9.486833037051E-1,0.E0));
#10126=VECTOR('',#10125,9.098926866624E-1);
#10127=CARTESIAN_POINT('',(-7.515666838169E-1,4.7823E0,3.99E0));
#10128=LINE('',#10127,#10126);
#10129=DIRECTION('',(1.E0,0.E0,0.E0));
#10130=VECTOR('',#10129,1.079E-1);
#10131=CARTESIAN_POINT('',(-8.594666838169E-1,4.7823E0,3.99E0));
#10132=LINE('',#10131,#10130);
#10133=DIRECTION('',(3.102799653834E-1,-9.506452246141E-1,0.E0));
#10134=VECTOR('',#10133,2.318335832422E-1);
#10135=CARTESIAN_POINT('',(-9.314E-1,5.002691488814E0,3.99E0));
#10136=LINE('',#10135,#10134);
#10137=DIRECTION('',(1.E0,0.E0,0.E0));
#10138=VECTOR('',#10137,3.596666709542E-1);
#10139=CARTESIAN_POINT('',(-1.291066670954E0,5.002691488814E0,3.99E0));
#10140=LINE('',#10139,#10138);
#10141=DIRECTION('',(3.102800155243E-1,9.506452082487E-1,0.E0));
#10142=VECTOR('',#10141,2.318335872332E-1);
#10143=CARTESIAN_POINT('',(-1.363E0,4.7823E0,3.99E0));
#10144=LINE('',#10143,#10142);
#10145=DIRECTION('',(1.E0,0.E0,0.E0));
#10146=VECTOR('',#10145,1.079E-1);
#10147=CARTESIAN_POINT('',(-1.4709E0,4.7823E0,3.99E0));
#10148=LINE('',#10147,#10146);
#10149=DIRECTION('',(-3.162277744987E-1,-9.486832952232E-1,0.E0));
#10150=VECTOR('',#10149,9.098926947975E-1);
#10151=CARTESIAN_POINT('',(-1.183166658092E0,5.6455E0,3.99E0));
#10152=LINE('',#10151,#10150);
#10153=DIRECTION('',(3.102800658973E-1,-9.506451918075E-1,0.E0));
#10154=VECTOR('',#10153,5.216256005918E-1);
#10155=CARTESIAN_POINT('',(-1.111233341908E0,5.572036178970E0,3.99E0));
#10156=LINE('',#10155,#10154);
#10157=DIRECTION('',(3.102799990428E-1,9.506452136281E-1,0.E0));
#10158=VECTOR('',#10157,5.216255886187E-1);
#10159=CARTESIAN_POINT('',(-1.273083329046E0,5.076155309844E0,3.99E0));
#10160=LINE('',#10159,#10158);
#10161=DIRECTION('',(-1.E0,0.E0,0.E0));
#10162=VECTOR('',#10161,3.237000128627E-1);
#10163=CARTESIAN_POINT('',(-9.493833161831E-1,5.076155309844E0,3.99E0));
#10164=LINE('',#10163,#10162);
#10165=DIRECTION('',(0.E0,-1.E0,0.E0));
#10166=VECTOR('',#10165,8.632E-1);
#10167=CARTESIAN_POINT('',(-6.077E-1,5.6455E0,3.99E0));
#10168=LINE('',#10167,#10166);
#10169=DIRECTION('',(-1.E0,0.E0,0.E0));
#10170=VECTOR('',#10169,1.079E-1);
#10171=CARTESIAN_POINT('',(-4.998E-1,5.6455E0,3.99E0));
#10172=LINE('',#10171,#10170);
#10173=DIRECTION('',(0.E0,1.E0,0.E0));
#10174=VECTOR('',#10173,7.530042555928E-1);
#10175=CARTESIAN_POINT('',(-4.998E-1,4.892495744407E0,3.99E0));
#10176=LINE('',#10175,#10174);
#10177=DIRECTION('',(-1.E0,0.E0,0.E0));
#10178=VECTOR('',#10177,5.395E-1);
#10179=CARTESIAN_POINT('',(3.97E-2,4.892495744407E0,3.99E0));
#10180=LINE('',#10179,#10178);
#10181=DIRECTION('',(0.E0,1.E0,0.E0));
#10182=VECTOR('',#10181,1.101957444072E-1);
#10183=CARTESIAN_POINT('',(3.97E-2,4.7823E0,3.99E0));
#10184=LINE('',#10183,#10182);
#10185=DIRECTION('',(1.E0,0.E0,0.E0));
#10186=VECTOR('',#10185,6.474E-1);
#10187=CARTESIAN_POINT('',(-6.077E-1,4.7823E0,3.99E0));
#10188=LINE('',#10187,#10186);
#10189=DIRECTION('',(-3.102789952956E-1,9.506455412394E-1,0.E0));
#10190=VECTOR('',#10189,5.795836974148E-2);
#10191=CARTESIAN_POINT('',(8.4895E-1,5.443474492168E0,3.99E0));
#10192=LINE('',#10191,#10190);
#10193=DIRECTION('',(0.E0,1.E0,0.E0));
#10194=VECTOR('',#10193,7.346387248039E-2);
#10195=CARTESIAN_POINT('',(8.4895E-1,5.370010619688E0,3.99E0));
#10196=LINE('',#10195,#10194);
#10197=DIRECTION('',(3.102789952956E-1,9.506455412394E-1,0.E0));
#10198=VECTOR('',#10197,5.795836974148E-2);
#10199=CARTESIAN_POINT('',(8.309667352676E-1,5.314912753916E0,3.99E0));
#10200=LINE('',#10199,#10198);
#10201=DIRECTION('',(5.919095487496E-1,8.060043958311E-1,0.E0));
#10202=VECTOR('',#10201,9.114568283950E-2);
#10203=CARTESIAN_POINT('',(7.770167352676E-1,5.241448932886E0,3.99E0));
#10204=LINE('',#10203,#10202);
#10205=DIRECTION('',(7.938787408812E-1,6.080761011394E-1,0.E0));
#10206=VECTOR('',#10205,9.061014841565E-2);
#10207=CARTESIAN_POINT('',(7.050832647324E-1,5.186351067114E0,3.99E0));
#10208=LINE('',#10207,#10206);
#10209=DIRECTION('',(9.797706494039E-1,2.001236481946E-1,0.E0));
#10210=VECTOR('',#10209,9.177303843449E-2);
#10211=CARTESIAN_POINT('',(6.151667352676E-1,5.167985111856E0,3.99E0));
#10212=LINE('',#10211,#10210);
#10213=DIRECTION('',(1.E0,0.E0,0.E0));
#10214=VECTOR('',#10213,3.237E-1);
#10215=CARTESIAN_POINT('',(2.914667352676E-1,5.167985111856E0,3.99E0));
#10216=LINE('',#10215,#10214);
#10217=DIRECTION('',(0.E0,1.E0,0.E0));
#10218=VECTOR('',#10217,3.856851118565E-1);
#10219=CARTESIAN_POINT('',(2.914667352676E-1,4.7823E0,3.99E0));
#10220=LINE('',#10219,#10218);
#10221=DIRECTION('',(1.E0,0.E0,0.E0));
#10222=VECTOR('',#10221,1.079001029015E-1);
#10223=CARTESIAN_POINT('',(1.835666323662E-1,4.7823E0,3.99E0));
#10224=LINE('',#10223,#10222);
#10225=DIRECTION('',(0.E0,-1.E0,0.E0));
#10226=VECTOR('',#10225,8.632E-1);
#10227=CARTESIAN_POINT('',(1.835666323662E-1,5.6455E0,3.99E0));
#10228=LINE('',#10227,#10226);
#10229=DIRECTION('',(-1.E0,0.E0,0.E0));
#10230=VECTOR('',#10229,4.316001029015E-1);
#10231=CARTESIAN_POINT('',(6.151667352676E-1,5.6455E0,3.99E0));
#10232=LINE('',#10231,#10230);
#10233=DIRECTION('',(-9.797706494039E-1,2.001236481946E-1,0.E0));
#10234=VECTOR('',#10233,9.177303843449E-2);
#10235=CARTESIAN_POINT('',(7.050832647324E-1,5.627134044743E0,3.99E0));
#10236=LINE('',#10235,#10234);
#10237=DIRECTION('',(-7.938787408812E-1,6.080761011393E-1,0.E0));
#10238=VECTOR('',#10237,9.061014841565E-2);
#10239=CARTESIAN_POINT('',(7.770167352676E-1,5.572036178970E0,3.99E0));
#10240=LINE('',#10239,#10238);
#10241=DIRECTION('',(-5.919095487496E-1,8.060043958311E-1,0.E0));
#10242=VECTOR('',#10241,9.114568283950E-2);
#10243=CARTESIAN_POINT('',(8.309667352676E-1,5.498572357941E0,3.99E0));
#10244=LINE('',#10243,#10242);
#10245=DIRECTION('',(-1.E0,0.E0,0.E0));
#10246=VECTOR('',#10245,3.416832647324E-1);
#10247=CARTESIAN_POINT('',(6.3315E-1,5.278180843401E0,3.99E0));
#10248=LINE('',#10247,#10246);
#10249=DIRECTION('',(-9.466499177700E-1,-3.222637633772E-1,0.E0));
#10250=VECTOR('',#10249,5.699044492296E-2);
#10251=CARTESIAN_POINT('',(6.871E-1,5.296546798658E0,3.99E0));
#10252=LINE('',#10251,#10250);
#10253=DIRECTION('',(-6.996255164452E-1,-7.145097177358E-1,0.E0));
#10254=VECTOR('',#10253,5.140855275032E-2);
#10255=CARTESIAN_POINT('',(7.230667352676E-1,5.333278709173E0,3.99E0));
#10256=LINE('',#10255,#10254);
#10257=DIRECTION('',(-3.102789952956E-1,-9.506455412394E-1,0.E0));
#10258=VECTOR('',#10257,5.795836974149E-2);
#10259=CARTESIAN_POINT('',(7.4105E-1,5.388376574945E0,3.99E0));
#10260=LINE('',#10259,#10258);
#10261=DIRECTION('',(0.E0,-1.E0,0.E0));
#10262=VECTOR('',#10261,5.509791722298E-2);
#10263=CARTESIAN_POINT('',(7.4105E-1,5.443474492168E0,3.99E0));
#10264=LINE('',#10263,#10262);
#10265=DIRECTION('',(3.102789952956E-1,-9.506455412394E-1,0.E0));
#10266=VECTOR('',#10265,5.795836974149E-2);
#10267=CARTESIAN_POINT('',(7.230667352676E-1,5.498572357941E0,3.99E0));
#10268=LINE('',#10267,#10266);
#10269=DIRECTION('',(6.996255164452E-1,-7.145097177358E-1,0.E0));
#10270=VECTOR('',#10269,5.140855275032E-2);
#10271=CARTESIAN_POINT('',(6.871E-1,5.535304268456E0,3.99E0));
#10272=LINE('',#10271,#10270);
#10273=DIRECTION('',(9.466499177700E-1,-3.222637633772E-1,0.E0));
#10274=VECTOR('',#10273,5.699044492296E-2);
#10275=CARTESIAN_POINT('',(6.3315E-1,5.553670223713E0,3.99E0));
#10276=LINE('',#10275,#10274);
#10277=DIRECTION('',(1.E0,0.E0,0.E0));
#10278=VECTOR('',#10277,3.416832647324E-1);
#10279=CARTESIAN_POINT('',(2.914667352676E-1,5.553670223713E0,3.99E0));
#10280=LINE('',#10279,#10278);
#10281=DIRECTION('',(0.E0,1.E0,0.E0));
#10282=VECTOR('',#10281,2.754893803120E-1);
#10283=CARTESIAN_POINT('',(2.914667352676E-1,5.278180843401E0,3.99E0));
#10284=LINE('',#10283,#10282);
#10285=DIRECTION('',(1.E0,0.E0,0.E0));
#10286=VECTOR('',#10285,1.079E-1);
#10287=CARTESIAN_POINT('',(1.49635E0,5.443474492168E0,3.99E0));
#10288=LINE('',#10287,#10286);
#10289=DIRECTION('',(4.397121427660E-1,-8.981387596046E-1,0.E0));
#10290=VECTOR('',#10289,4.089781241709E-2);
#10291=CARTESIAN_POINT('',(1.478366735268E0,5.480206402683E0,3.99E0));
#10292=LINE('',#10291,#10290);
#10293=DIRECTION('',(6.996255164452E-1,-7.145097177357E-1,0.E0));
#10294=VECTOR('',#10293,5.140855275032E-2);
#10295=CARTESIAN_POINT('',(1.4424E0,5.516938313198E0,3.99E0));
#10296=LINE('',#10295,#10294);
#10297=DIRECTION('',(9.466499177700E-1,-3.222637633772E-1,0.E0));
#10298=VECTOR('',#10297,5.699044492296E-2);
#10299=CARTESIAN_POINT('',(1.38845E0,5.535304268456E0,3.99E0));
#10300=LINE('',#10299,#10298);
#10301=DIRECTION('',(1.E0,0.E0,0.E0));
#10302=VECTOR('',#10301,1.079E-1);
#10303=CARTESIAN_POINT('',(1.28055E0,5.535304268456E0,3.99E0));
#10304=LINE('',#10303,#10302);
#10305=DIRECTION('',(9.466499177700E-1,3.222637633772E-1,0.E0));
#10306=VECTOR('',#10305,5.699044492296E-2);
#10307=CARTESIAN_POINT('',(1.2266E0,5.516938313198E0,3.99E0));
#10308=LINE('',#10307,#10306);
#10309=DIRECTION('',(8.265992787996E-1,5.627909312417E-1,0.E0));
#10310=VECTOR('',#10309,6.526741721617E-2);
#10311=CARTESIAN_POINT('',(1.17265E0,5.480206402683E0,3.99E0));
#10312=LINE('',#10311,#10310);
#10313=DIRECTION('',(3.102787334496E-1,9.506456267027E-1,0.E0));
#10314=VECTOR('',#10313,5.795841865289E-2);
#10315=CARTESIAN_POINT('',(1.154666735268E0,5.425108485460E0,3.99E0));
#10316=LINE('',#10315,#10314);
#10317=DIRECTION('',(0.E0,1.E0,0.E0));
#10318=VECTOR('',#10317,3.673191051483E-2);
#10319=CARTESIAN_POINT('',(1.154666735268E0,5.388376574945E0,3.99E0));
#10320=LINE('',#10319,#10318);
#10321=DIRECTION('',(-3.102789952956E-1,9.506455412394E-1,0.E0));
#10322=VECTOR('',#10321,5.795836974149E-2);
#10323=CARTESIAN_POINT('',(1.17265E0,5.333278709173E0,3.99E0));
#10324=LINE('',#10323,#10322);
#10325=DIRECTION('',(-8.265992787996E-1,5.627909312418E-1,0.E0));
#10326=VECTOR('',#10325,6.526741721617E-2);
#10327=CARTESIAN_POINT('',(1.2266E0,5.296546798658E0,3.99E0));
#10328=LINE('',#10327,#10326);
#10329=DIRECTION('',(-9.466499177700E-1,3.222637633772E-1,0.E0));
#10330=VECTOR('',#10329,5.699044492296E-2);
#10331=CARTESIAN_POINT('',(1.28055E0,5.278180843401E0,3.99E0));
#10332=LINE('',#10331,#10330);
#10333=DIRECTION('',(-1.E0,0.E0,0.E0));
#10334=VECTOR('',#10333,1.079E-1);
#10335=CARTESIAN_POINT('',(1.38845E0,5.278180843401E0,3.99E0));
#10336=LINE('',#10335,#10334);
#10337=DIRECTION('',(-9.797707392153E-1,2.001232084928E-1,0.E0));
#10338=VECTOR('',#10337,9.177324007415E-2);
#10339=CARTESIAN_POINT('',(1.478366735268E0,5.259814888144E0,3.99E0));
#10340=LINE('',#10339,#10338);
#10341=DIRECTION('',(-8.906051112017E-1,4.547774575564E-1,0.E0));
#10342=VECTOR('',#10341,8.076897811119E-2);
#10343=CARTESIAN_POINT('',(1.5503E0,5.223082977629E0,3.99E0));
#10344=LINE('',#10343,#10342);
#10345=DIRECTION('',(-6.996244945571E-1,7.145107183351E-1,0.E0));
#10346=VECTOR('',#10345,1.028169615158E-1);
#10347=CARTESIAN_POINT('',(1.622233264732E0,5.149619156599E0,3.99E0));
#10348=LINE('',#10347,#10346);
#10349=DIRECTION('',(-4.397140481462E-1,8.981378267632E-1,0.E0));
#10350=VECTOR('',#10349,8.179573843336E-2);
#10351=CARTESIAN_POINT('',(1.6582E0,5.076155309844E0,3.99E0));
#10352=LINE('',#10351,#10350);
#10353=DIRECTION('',(0.E0,1.E0,0.E0));
#10354=VECTOR('',#10353,9.182977628708E-2);
#10355=CARTESIAN_POINT('',(1.6582E0,4.984325533557E0,3.99E0));
#10356=LINE('',#10355,#10354);
#10357=DIRECTION('',(4.397141102494E-1,8.981377963584E-1,0.E0));
#10358=VECTOR('',#10357,8.179572688090E-2);
#10359=CARTESIAN_POINT('',(1.622233264732E0,4.910861699665E0,3.99E0));
#10360=LINE('',#10359,#10358);
#10361=DIRECTION('',(6.996244632883E-1,7.145107489524E-1,0.E0));
#10362=VECTOR('',#10361,1.028169661110E-1);
#10363=CARTESIAN_POINT('',(1.5503E0,4.837397872204E0,3.99E0));
#10364=LINE('',#10363,#10362);
#10365=DIRECTION('',(8.906050870136E-1,4.547775049247E-1,0.E0));
#10366=VECTOR('',#10365,8.076898030481E-2);
#10367=CARTESIAN_POINT('',(1.478366735268E0,4.800665956865E0,3.99E0));
#10368=LINE('',#10367,#10366);
#10369=DIRECTION('',(9.797707357802E-1,2.001232253108E-1,0.E0));
#10370=VECTOR('',#10369,9.177324039592E-2);
#10371=CARTESIAN_POINT('',(1.38845E0,4.7823E0,3.99E0));
#10372=LINE('',#10371,#10370);
#10373=DIRECTION('',(1.E0,0.E0,0.E0));
#10374=VECTOR('',#10373,1.438667352676E-1);
#10375=CARTESIAN_POINT('',(1.244583264732E0,4.7823E0,3.99E0));
#10376=LINE('',#10375,#10374);
#10377=DIRECTION('',(9.797706459687E-1,-2.001236650127E-1,0.E0));
#10378=VECTOR('',#10377,9.177303875625E-2);
#10379=CARTESIAN_POINT('',(1.154666735268E0,4.800665956865E0,3.99E0));
#10380=LINE('',#10379,#10378);
#10381=DIRECTION('',(8.526535798146E-1,-5.224766720432E-1,0.E0));
#10382=VECTOR('',#10381,1.054551782767E-1);
#10383=CARTESIAN_POINT('',(1.06475E0,4.855763827461E0,3.99E0));
#10384=LINE('',#10383,#10382);
#10385=DIRECTION('',(5.065490144015E-1,-8.622111667155E-1,0.E0));
#10386=VECTOR('',#10385,1.065049945142E-1);
#10387=CARTESIAN_POINT('',(1.0108E0,4.947593623042E0,3.99E0));
#10388=LINE('',#10387,#10386);
#10389=DIRECTION('',(2.377704967206E-1,-9.713213633444E-1,0.E0));
#10390=VECTOR('',#10389,7.563286858709E-2);
#10391=CARTESIAN_POINT('',(9.928167352676E-1,5.021057444072E0,3.99E0));
#10392=LINE('',#10391,#10390);
#10393=DIRECTION('',(-1.E0,0.E0,0.E0));
#10394=VECTOR('',#10393,1.079E-1);
#10395=CARTESIAN_POINT('',(1.100716735268E0,5.021057444072E0,3.99E0));
#10396=LINE('',#10395,#10394);
#10397=DIRECTION('',(-3.102789952956E-1,9.506455412394E-1,0.E0));
#10398=VECTOR('',#10397,5.795836974149E-2);
#10399=CARTESIAN_POINT('',(1.1187E0,4.965959578300E0,3.99E0));
#10400=LINE('',#10399,#10398);
#10401=DIRECTION('',(-6.996247518036E-1,7.145104664480E-1,0.E0));
#10402=VECTOR('',#10401,7.711276632354E-2);
#10403=CARTESIAN_POINT('',(1.17265E0,4.910861699665E0,3.99E0));
#10404=LINE('',#10403,#10402);
#10405=DIRECTION('',(-9.689176611437E-1,2.473834390653E-1,0.E0));
#10406=VECTOR('',#10405,7.424084379621E-2);
#10407=CARTESIAN_POINT('',(1.244583264732E0,4.892495744407E0,3.99E0));
#10408=LINE('',#10407,#10406);
#10409=DIRECTION('',(-1.E0,0.E0,0.E0));
#10410=VECTOR('',#10409,1.438667352676E-1);
#10411=CARTESIAN_POINT('',(1.38845E0,4.892495744407E0,3.99E0));
#10412=LINE('',#10411,#10410);
#10413=DIRECTION('',(-9.689176611437E-1,-2.473834390653E-1,0.E0));
#10414=VECTOR('',#10413,7.424084379621E-2);
#10415=CARTESIAN_POINT('',(1.460383264732E0,4.910861699665E0,3.99E0));
#10416=LINE('',#10415,#10414);
#10417=DIRECTION('',(-8.265991871191E-1,-5.627910658975E-1,0.E0));
#10418=VECTOR('',#10417,6.526742445517E-2);
#10419=CARTESIAN_POINT('',(1.514333264732E0,4.947593623042E0,3.99E0));
#10420=LINE('',#10419,#10418);
#10421=DIRECTION('',(-5.466232777014E-1,-8.373786433120E-1,0.E0));
#10422=VECTOR('',#10421,6.579803080996E-2);
#10423=CARTESIAN_POINT('',(1.5503E0,5.002691488814E0,3.99E0));
#10424=LINE('',#10423,#10422);
#10425=DIRECTION('',(0.E0,-1.E0,0.E0));
#10426=VECTOR('',#10425,5.509786577225E-2);
#10427=CARTESIAN_POINT('',(1.5503E0,5.057789354587E0,3.99E0));
#10428=LINE('',#10427,#10426);
#10429=DIRECTION('',(5.466230987403E-1,-8.373787601340E-1,0.E0));
#10430=VECTOR('',#10429,6.579805235184E-2);
#10431=CARTESIAN_POINT('',(1.514333264732E0,5.112887246084E0,3.99E0));
#10432=LINE('',#10431,#10430);
#10433=DIRECTION('',(8.265992787996E-1,-5.627909312417E-1,0.E0));
#10434=VECTOR('',#10433,6.526741721617E-2);
#10435=CARTESIAN_POINT('',(1.460383264732E0,5.149619156599E0,3.99E0));
#10436=LINE('',#10435,#10434);
#10437=DIRECTION('',(9.689176611437E-1,-2.473834390653E-1,0.E0));
#10438=VECTOR('',#10437,7.424084379621E-2);
#10439=CARTESIAN_POINT('',(1.38845E0,5.167985111856E0,3.99E0));
#10440=LINE('',#10439,#10438);
#10441=DIRECTION('',(1.E0,0.E0,0.E0));
#10442=VECTOR('',#10441,1.079E-1);
#10443=CARTESIAN_POINT('',(1.28055E0,5.167985111856E0,3.99E0));
#10444=LINE('',#10443,#10442);
#10445=DIRECTION('',(9.689176611437E-1,-2.473834390653E-1,0.E0));
#10446=VECTOR('',#10445,7.424084379621E-2);
#10447=CARTESIAN_POINT('',(1.208616735268E0,5.186351067114E0,3.99E0));
#10448=LINE('',#10447,#10446);
#10449=DIRECTION('',(8.906056381928E-1,-4.547764255314E-1,0.E0));
#10450=VECTOR('',#10449,8.076916140037E-2);
#10451=CARTESIAN_POINT('',(1.136683264732E0,5.223082977629E0,3.99E0));
#10452=LINE('',#10451,#10450);
#10453=DIRECTION('',(6.996244945571E-1,-7.145107183351E-1,0.E0));
#10454=VECTOR('',#10453,1.028169615158E-1);
#10455=CARTESIAN_POINT('',(1.06475E0,5.296546798658E0,3.99E0));
#10456=LINE('',#10455,#10454);
#10457=DIRECTION('',(2.377704967207E-1,-9.713213633444E-1,0.E0));
#10458=VECTOR('',#10457,7.563286858709E-2);
#10459=CARTESIAN_POINT('',(1.046766735268E0,5.370010619688E0,3.99E0));
#10460=LINE('',#10459,#10458);
#10461=DIRECTION('',(0.E0,-1.E0,0.E0));
#10462=VECTOR('',#10461,7.346387248039E-2);
#10463=CARTESIAN_POINT('',(1.046766735268E0,5.443474492168E0,3.99E0));
#10464=LINE('',#10463,#10462);
#10465=DIRECTION('',(-2.377704967207E-1,-9.713213633444E-1,0.E0));
#10466=VECTOR('',#10465,7.563286858709E-2);
#10467=CARTESIAN_POINT('',(1.06475E0,5.516938313198E0,3.99E0));
#10468=LINE('',#10467,#10466);
#10469=DIRECTION('',(-6.996244945571E-1,-7.145107183351E-1,0.E0));
#10470=VECTOR('',#10469,1.028169615158E-1);
#10471=CARTESIAN_POINT('',(1.136683264732E0,5.590402134228E0,3.99E0));
#10472=LINE('',#10471,#10470);
#10473=DIRECTION('',(-8.906056381928E-1,-4.547764255314E-1,0.E0));
#10474=VECTOR('',#10473,8.076916140037E-2);
#10475=CARTESIAN_POINT('',(1.208616735268E0,5.627134044743E0,3.99E0));
#10476=LINE('',#10475,#10474);
#10477=DIRECTION('',(-9.689176611437E-1,-2.473834390653E-1,0.E0));
#10478=VECTOR('',#10477,7.424084379621E-2);
#10479=CARTESIAN_POINT('',(1.28055E0,5.6455E0,3.99E0));
#10480=LINE('',#10479,#10478);
#10481=DIRECTION('',(-1.E0,0.E0,0.E0));
#10482=VECTOR('',#10481,8.991673526764E-2);
#10483=CARTESIAN_POINT('',(1.370466735268E0,5.6455E0,3.99E0));
#10484=LINE('',#10483,#10482);
#10485=DIRECTION('',(-9.797706494039E-1,2.001236481946E-1,0.E0));
#10486=VECTOR('',#10485,9.177303843449E-2);
#10487=CARTESIAN_POINT('',(1.460383264732E0,5.627134044743E0,3.99E0));
#10488=LINE('',#10487,#10486);
#10489=DIRECTION('',(-7.938787408812E-1,6.080761011393E-1,0.E0));
#10490=VECTOR('',#10489,9.061014841565E-2);
#10491=CARTESIAN_POINT('',(1.532316735268E0,5.572036178970E0,3.99E0));
#10492=LINE('',#10491,#10490);
#10493=DIRECTION('',(-5.919095487496E-1,8.060043958311E-1,0.E0));
#10494=VECTOR('',#10493,9.114568283950E-2);
#10495=CARTESIAN_POINT('',(1.586266735268E0,5.498572357941E0,3.99E0));
#10496=LINE('',#10495,#10494);
#10497=DIRECTION('',(-3.102789952956E-1,9.506455412394E-1,0.E0));
#10498=VECTOR('',#10497,5.795836974149E-2);
#10499=CARTESIAN_POINT('',(1.60425E0,5.443474492168E0,3.99E0));
#10500=LINE('',#10499,#10498);
#10501=DIRECTION('',(0.E0,0.E0,-1.E0));
#10502=VECTOR('',#10501,9.999999999999E-3);
#10503=CARTESIAN_POINT('',(-1.111233341908E0,5.572036178970E0,4.E0));
#10504=LINE('',#10503,#10502);
#10505=DIRECTION('',(0.E0,0.E0,-1.E0));
#10506=VECTOR('',#10505,9.999999999999E-3);
#10507=CARTESIAN_POINT('',(-1.273083329046E0,5.076155309844E0,4.E0));
#10508=LINE('',#10507,#10506);
#10509=DIRECTION('',(2.220446049250E-14,0.E0,-1.E0));
#10510=VECTOR('',#10509,9.999999999999E-3);
#10511=CARTESIAN_POINT('',(-9.493833161831E-1,5.076155309844E0,4.E0));
#10512=LINE('',#10511,#10510);
#10513=DIRECTION('',(0.E0,0.E0,-1.E0));
#10514=VECTOR('',#10513,9.999999999999E-3);
#10515=CARTESIAN_POINT('',(-6.077E-1,5.6455E0,4.E0));
#10516=LINE('',#10515,#10514);
#10517=DIRECTION('',(0.E0,0.E0,-1.E0));
#10518=VECTOR('',#10517,9.999999999999E-3);
#10519=CARTESIAN_POINT('',(-4.998E-1,5.6455E0,4.E0));
#10520=LINE('',#10519,#10518);
#10521=DIRECTION('',(0.E0,0.E0,-1.E0));
#10522=VECTOR('',#10521,9.999999999999E-3);
#10523=CARTESIAN_POINT('',(-4.998E-1,4.892495744407E0,4.E0));
#10524=LINE('',#10523,#10522);
#10525=DIRECTION('',(0.E0,0.E0,-1.E0));
#10526=VECTOR('',#10525,9.999999999999E-3);
#10527=CARTESIAN_POINT('',(3.97E-2,4.892495744407E0,4.E0));
#10528=LINE('',#10527,#10526);
#10529=DIRECTION('',(0.E0,0.E0,-1.E0));
#10530=VECTOR('',#10529,9.999999999999E-3);
#10531=CARTESIAN_POINT('',(3.97E-2,4.7823E0,4.E0));
#10532=LINE('',#10531,#10530);
#10533=DIRECTION('',(0.E0,0.E0,-1.E0));
#10534=VECTOR('',#10533,9.999999999999E-3);
#10535=CARTESIAN_POINT('',(-6.077E-1,4.7823E0,4.E0));
#10536=LINE('',#10535,#10534);
#10537=DIRECTION('',(0.E0,0.E0,-1.E0));
#10538=VECTOR('',#10537,9.999999999999E-3);
#10539=CARTESIAN_POINT('',(8.4895E-1,5.443474492168E0,4.E0));
#10540=LINE('',#10539,#10538);
#10541=DIRECTION('',(0.E0,0.E0,-1.E0));
#10542=VECTOR('',#10541,9.999999999999E-3);
#10543=CARTESIAN_POINT('',(8.4895E-1,5.370010619688E0,4.E0));
#10544=LINE('',#10543,#10542);
#10545=DIRECTION('',(0.E0,0.E0,-1.E0));
#10546=VECTOR('',#10545,9.999999999999E-3);
#10547=CARTESIAN_POINT('',(8.309667352676E-1,5.498572357941E0,4.E0));
#10548=LINE('',#10547,#10546);
#10549=DIRECTION('',(-2.220446049250E-14,8.881784197002E-14,-1.E0));
#10550=VECTOR('',#10549,9.999999999999E-3);
#10551=CARTESIAN_POINT('',(7.770167352676E-1,5.572036178970E0,4.E0));
#10552=LINE('',#10551,#10550);
#10553=DIRECTION('',(-3.330669073876E-14,0.E0,-1.E0));
#10554=VECTOR('',#10553,9.999999999999E-3);
#10555=CARTESIAN_POINT('',(7.050832647324E-1,5.627134044743E0,4.E0));
#10556=LINE('',#10555,#10554);
#10557=DIRECTION('',(0.E0,0.E0,-1.E0));
#10558=VECTOR('',#10557,9.999999999999E-3);
#10559=CARTESIAN_POINT('',(6.151667352676E-1,5.6455E0,4.E0));
#10560=LINE('',#10559,#10558);
#10561=DIRECTION('',(0.E0,0.E0,-1.E0));
#10562=VECTOR('',#10561,9.999999999999E-3);
#10563=CARTESIAN_POINT('',(1.835666323662E-1,5.6455E0,4.E0));
#10564=LINE('',#10563,#10562);
#10565=DIRECTION('',(0.E0,0.E0,-1.E0));
#10566=VECTOR('',#10565,9.999999999999E-3);
#10567=CARTESIAN_POINT('',(1.835666323662E-1,4.7823E0,4.E0));
#10568=LINE('',#10567,#10566);
#10569=DIRECTION('',(0.E0,0.E0,-1.E0));
#10570=VECTOR('',#10569,9.999999999999E-3);
#10571=CARTESIAN_POINT('',(2.914667352676E-1,4.7823E0,4.E0));
#10572=LINE('',#10571,#10570);
#10573=DIRECTION('',(0.E0,0.E0,-1.E0));
#10574=VECTOR('',#10573,9.999999999999E-3);
#10575=CARTESIAN_POINT('',(2.914667352676E-1,5.167985111856E0,4.E0));
#10576=LINE('',#10575,#10574);
#10577=DIRECTION('',(0.E0,0.E0,-1.E0));
#10578=VECTOR('',#10577,9.999999999999E-3);
#10579=CARTESIAN_POINT('',(6.151667352676E-1,5.167985111856E0,4.E0));
#10580=LINE('',#10579,#10578);
#10581=DIRECTION('',(-3.330669073876E-14,0.E0,-1.E0));
#10582=VECTOR('',#10581,9.999999999999E-3);
#10583=CARTESIAN_POINT('',(7.050832647324E-1,5.186351067114E0,4.E0));
#10584=LINE('',#10583,#10582);
#10585=DIRECTION('',(-2.220446049250E-14,-8.881784197002E-14,-1.E0));
#10586=VECTOR('',#10585,9.999999999999E-3);
#10587=CARTESIAN_POINT('',(7.770167352676E-1,5.241448932886E0,4.E0));
#10588=LINE('',#10587,#10586);
#10589=DIRECTION('',(-1.110223024625E-14,0.E0,-1.E0));
#10590=VECTOR('',#10589,9.999999999999E-3);
#10591=CARTESIAN_POINT('',(6.3315E-1,5.278180843401E0,4.E0));
#10592=LINE('',#10591,#10590);
#10593=DIRECTION('',(0.E0,0.E0,-1.E0));
#10594=VECTOR('',#10593,9.999999999999E-3);
#10595=CARTESIAN_POINT('',(6.871E-1,5.296546798658E0,4.E0));
#10596=LINE('',#10595,#10594);
#10597=DIRECTION('',(0.E0,0.E0,-1.E0));
#10598=VECTOR('',#10597,9.999999999999E-3);
#10599=CARTESIAN_POINT('',(7.230667352676E-1,5.333278709173E0,4.E0));
#10600=LINE('',#10599,#10598);
#10601=DIRECTION('',(0.E0,0.E0,-1.E0));
#10602=VECTOR('',#10601,9.999999999999E-3);
#10603=CARTESIAN_POINT('',(7.4105E-1,5.388376574945E0,4.E0));
#10604=LINE('',#10603,#10602);
#10605=DIRECTION('',(0.E0,0.E0,-1.E0));
#10606=VECTOR('',#10605,9.999999999999E-3);
#10607=CARTESIAN_POINT('',(7.4105E-1,5.443474492168E0,4.E0));
#10608=LINE('',#10607,#10606);
#10609=DIRECTION('',(0.E0,0.E0,-1.E0));
#10610=VECTOR('',#10609,9.999999999999E-3);
#10611=CARTESIAN_POINT('',(7.230667352676E-1,5.498572357941E0,4.E0));
#10612=LINE('',#10611,#10610);
#10613=DIRECTION('',(0.E0,0.E0,-1.E0));
#10614=VECTOR('',#10613,9.999999999999E-3);
#10615=CARTESIAN_POINT('',(6.871E-1,5.535304268456E0,4.E0));
#10616=LINE('',#10615,#10614);
#10617=DIRECTION('',(0.E0,0.E0,-1.E0));
#10618=VECTOR('',#10617,9.999999999999E-3);
#10619=CARTESIAN_POINT('',(6.3315E-1,5.553670223713E0,4.E0));
#10620=LINE('',#10619,#10618);
#10621=DIRECTION('',(0.E0,0.E0,-1.E0));
#10622=VECTOR('',#10621,9.999999999999E-3);
#10623=CARTESIAN_POINT('',(2.914667352676E-1,5.553670223713E0,4.E0));
#10624=LINE('',#10623,#10622);
#10625=DIRECTION('',(0.E0,0.E0,-1.E0));
#10626=VECTOR('',#10625,9.999999999999E-3);
#10627=CARTESIAN_POINT('',(2.914667352676E-1,5.278180843401E0,4.E0));
#10628=LINE('',#10627,#10626);
#10629=DIRECTION('',(0.E0,0.E0,-1.E0));
#10630=VECTOR('',#10629,9.999999999999E-3);
#10631=CARTESIAN_POINT('',(1.49635E0,5.443474492168E0,4.E0));
#10632=LINE('',#10631,#10630);
#10633=DIRECTION('',(0.E0,0.E0,-1.E0));
#10634=VECTOR('',#10633,9.999999999999E-3);
#10635=CARTESIAN_POINT('',(1.478366735268E0,5.480206402683E0,4.E0));
#10636=LINE('',#10635,#10634);
#10637=DIRECTION('',(0.E0,0.E0,-1.E0));
#10638=VECTOR('',#10637,9.999999999999E-3);
#10639=CARTESIAN_POINT('',(1.4424E0,5.516938313198E0,4.E0));
#10640=LINE('',#10639,#10638);
#10641=DIRECTION('',(0.E0,0.E0,-1.E0));
#10642=VECTOR('',#10641,9.999999999999E-3);
#10643=CARTESIAN_POINT('',(1.38845E0,5.535304268456E0,4.E0));
#10644=LINE('',#10643,#10642);
#10645=DIRECTION('',(2.220446049250E-14,0.E0,-1.E0));
#10646=VECTOR('',#10645,9.999999999999E-3);
#10647=CARTESIAN_POINT('',(1.28055E0,5.535304268456E0,4.E0));
#10648=LINE('',#10647,#10646);
#10649=DIRECTION('',(0.E0,0.E0,-1.E0));
#10650=VECTOR('',#10649,9.999999999999E-3);
#10651=CARTESIAN_POINT('',(1.2266E0,5.516938313198E0,4.E0));
#10652=LINE('',#10651,#10650);
#10653=DIRECTION('',(-4.440892098501E-14,-8.881784197002E-14,-1.E0));
#10654=VECTOR('',#10653,9.999999999999E-3);
#10655=CARTESIAN_POINT('',(1.17265E0,5.480206402683E0,4.E0));
#10656=LINE('',#10655,#10654);
#10657=DIRECTION('',(0.E0,0.E0,-1.E0));
#10658=VECTOR('',#10657,9.999999999999E-3);
#10659=CARTESIAN_POINT('',(1.154666735268E0,5.425108485460E0,4.E0));
#10660=LINE('',#10659,#10658);
#10661=DIRECTION('',(0.E0,0.E0,-1.E0));
#10662=VECTOR('',#10661,9.999999999999E-3);
#10663=CARTESIAN_POINT('',(1.154666735268E0,5.388376574945E0,4.E0));
#10664=LINE('',#10663,#10662);
#10665=DIRECTION('',(-2.220446049250E-14,1.776356839400E-13,-1.E0));
#10666=VECTOR('',#10665,9.999999999999E-3);
#10667=CARTESIAN_POINT('',(1.17265E0,5.333278709173E0,4.E0));
#10668=LINE('',#10667,#10666);
#10669=DIRECTION('',(0.E0,0.E0,-1.E0));
#10670=VECTOR('',#10669,9.999999999999E-3);
#10671=CARTESIAN_POINT('',(1.2266E0,5.296546798658E0,4.E0));
#10672=LINE('',#10671,#10670);
#10673=DIRECTION('',(2.220446049250E-14,0.E0,-1.E0));
#10674=VECTOR('',#10673,9.999999999999E-3);
#10675=CARTESIAN_POINT('',(1.28055E0,5.278180843401E0,4.E0));
#10676=LINE('',#10675,#10674);
#10677=DIRECTION('',(0.E0,0.E0,-1.E0));
#10678=VECTOR('',#10677,9.999999999999E-3);
#10679=CARTESIAN_POINT('',(1.38845E0,5.278180843401E0,4.E0));
#10680=LINE('',#10679,#10678);
#10681=DIRECTION('',(-4.440892098501E-14,0.E0,-1.E0));
#10682=VECTOR('',#10681,9.999999999999E-3);
#10683=CARTESIAN_POINT('',(1.478366735268E0,5.259814888144E0,4.E0));
#10684=LINE('',#10683,#10682);
#10685=DIRECTION('',(0.E0,0.E0,-1.E0));
#10686=VECTOR('',#10685,9.999999999999E-3);
#10687=CARTESIAN_POINT('',(1.5503E0,5.223082977629E0,4.E0));
#10688=LINE('',#10687,#10686);
#10689=DIRECTION('',(0.E0,0.E0,-1.E0));
#10690=VECTOR('',#10689,9.999999999999E-3);
#10691=CARTESIAN_POINT('',(1.622233264732E0,5.149619156599E0,4.E0));
#10692=LINE('',#10691,#10690);
#10693=DIRECTION('',(0.E0,0.E0,-1.E0));
#10694=VECTOR('',#10693,9.999999999999E-3);
#10695=CARTESIAN_POINT('',(1.6582E0,5.076155309844E0,4.E0));
#10696=LINE('',#10695,#10694);
#10697=DIRECTION('',(0.E0,0.E0,-1.E0));
#10698=VECTOR('',#10697,9.999999999999E-3);
#10699=CARTESIAN_POINT('',(1.6582E0,4.984325533557E0,4.E0));
#10700=LINE('',#10699,#10698);
#10701=DIRECTION('',(-4.440892098501E-14,0.E0,-1.E0));
#10702=VECTOR('',#10701,9.999999999999E-3);
#10703=CARTESIAN_POINT('',(1.622233264732E0,4.910861699665E0,4.E0));
#10704=LINE('',#10703,#10702);
#10705=DIRECTION('',(-4.440892098501E-14,0.E0,-1.E0));
#10706=VECTOR('',#10705,9.999999999999E-3);
#10707=CARTESIAN_POINT('',(1.5503E0,4.837397872204E0,4.E0));
#10708=LINE('',#10707,#10706);
#10709=DIRECTION('',(0.E0,0.E0,-1.E0));
#10710=VECTOR('',#10709,9.999999999999E-3);
#10711=CARTESIAN_POINT('',(1.478366735268E0,4.800665956865E0,4.E0));
#10712=LINE('',#10711,#10710);
#10713=DIRECTION('',(0.E0,0.E0,-1.E0));
#10714=VECTOR('',#10713,9.999999999999E-3);
#10715=CARTESIAN_POINT('',(1.38845E0,4.7823E0,4.E0));
#10716=LINE('',#10715,#10714);
#10717=DIRECTION('',(0.E0,0.E0,-1.E0));
#10718=VECTOR('',#10717,9.999999999999E-3);
#10719=CARTESIAN_POINT('',(1.244583264732E0,4.7823E0,4.E0));
#10720=LINE('',#10719,#10718);
#10721=DIRECTION('',(0.E0,0.E0,-1.E0));
#10722=VECTOR('',#10721,9.999999999999E-3);
#10723=CARTESIAN_POINT('',(1.154666735268E0,4.800665956865E0,4.E0));
#10724=LINE('',#10723,#10722);
#10725=DIRECTION('',(0.E0,0.E0,-1.E0));
#10726=VECTOR('',#10725,9.999999999999E-3);
#10727=CARTESIAN_POINT('',(1.06475E0,4.855763827461E0,4.E0));
#10728=LINE('',#10727,#10726);
#10729=DIRECTION('',(0.E0,0.E0,-1.E0));
#10730=VECTOR('',#10729,9.999999999999E-3);
#10731=CARTESIAN_POINT('',(1.0108E0,4.947593623042E0,4.E0));
#10732=LINE('',#10731,#10730);
#10733=DIRECTION('',(0.E0,0.E0,-1.E0));
#10734=VECTOR('',#10733,9.999999999999E-3);
#10735=CARTESIAN_POINT('',(9.928167352676E-1,5.021057444072E0,4.E0));
#10736=LINE('',#10735,#10734);
#10737=DIRECTION('',(-2.220446049250E-14,0.E0,-1.E0));
#10738=VECTOR('',#10737,9.999999999999E-3);
#10739=CARTESIAN_POINT('',(1.100716735268E0,5.021057444072E0,4.E0));
#10740=LINE('',#10739,#10738);
#10741=DIRECTION('',(0.E0,0.E0,-1.E0));
#10742=VECTOR('',#10741,9.999999999999E-3);
#10743=CARTESIAN_POINT('',(1.1187E0,4.965959578300E0,4.E0));
#10744=LINE('',#10743,#10742);
#10745=DIRECTION('',(-2.220446049250E-14,0.E0,-1.E0));
#10746=VECTOR('',#10745,9.999999999999E-3);
#10747=CARTESIAN_POINT('',(1.17265E0,4.910861699665E0,4.E0));
#10748=LINE('',#10747,#10746);
#10749=DIRECTION('',(0.E0,0.E0,-1.E0));
#10750=VECTOR('',#10749,9.999999999999E-3);
#10751=CARTESIAN_POINT('',(1.244583264732E0,4.892495744407E0,4.E0));
#10752=LINE('',#10751,#10750);
#10753=DIRECTION('',(0.E0,0.E0,-1.E0));
#10754=VECTOR('',#10753,9.999999999999E-3);
#10755=CARTESIAN_POINT('',(1.38845E0,4.892495744407E0,4.E0));
#10756=LINE('',#10755,#10754);
#10757=DIRECTION('',(-4.440892098501E-14,0.E0,-1.E0));
#10758=VECTOR('',#10757,9.999999999999E-3);
#10759=CARTESIAN_POINT('',(1.460383264732E0,4.910861699665E0,4.E0));
#10760=LINE('',#10759,#10758);
#10761=DIRECTION('',(0.E0,0.E0,-1.E0));
#10762=VECTOR('',#10761,9.999999999999E-3);
#10763=CARTESIAN_POINT('',(1.514333264732E0,4.947593623042E0,4.E0));
#10764=LINE('',#10763,#10762);
#10765=DIRECTION('',(0.E0,0.E0,-1.E0));
#10766=VECTOR('',#10765,9.999999999999E-3);
#10767=CARTESIAN_POINT('',(1.5503E0,5.002691488814E0,4.E0));
#10768=LINE('',#10767,#10766);
#10769=DIRECTION('',(-4.440892098501E-14,0.E0,-1.E0));
#10770=VECTOR('',#10769,9.999999999999E-3);
#10771=CARTESIAN_POINT('',(1.5503E0,5.057789354587E0,4.E0));
#10772=LINE('',#10771,#10770);
#10773=DIRECTION('',(0.E0,0.E0,-1.E0));
#10774=VECTOR('',#10773,9.999999999999E-3);
#10775=CARTESIAN_POINT('',(1.514333264732E0,5.112887246084E0,4.E0));
#10776=LINE('',#10775,#10774);
#10777=DIRECTION('',(-4.440892098501E-14,0.E0,-1.E0));
#10778=VECTOR('',#10777,9.999999999999E-3);
#10779=CARTESIAN_POINT('',(1.460383264732E0,5.149619156599E0,4.E0));
#10780=LINE('',#10779,#10778);
#10781=DIRECTION('',(0.E0,0.E0,-1.E0));
#10782=VECTOR('',#10781,9.999999999999E-3);
#10783=CARTESIAN_POINT('',(1.38845E0,5.167985111856E0,4.E0));
#10784=LINE('',#10783,#10782);
#10785=DIRECTION('',(0.E0,0.E0,-1.E0));
#10786=VECTOR('',#10785,9.999999999999E-3);
#10787=CARTESIAN_POINT('',(1.28055E0,5.167985111856E0,4.E0));
#10788=LINE('',#10787,#10786);
#10789=DIRECTION('',(2.220446049250E-14,0.E0,-1.E0));
#10790=VECTOR('',#10789,9.999999999999E-3);
#10791=CARTESIAN_POINT('',(1.208616735268E0,5.186351067114E0,4.E0));
#10792=LINE('',#10791,#10790);
#10793=DIRECTION('',(0.E0,0.E0,-1.E0));
#10794=VECTOR('',#10793,9.999999999999E-3);
#10795=CARTESIAN_POINT('',(1.136683264732E0,5.223082977629E0,4.E0));
#10796=LINE('',#10795,#10794);
#10797=DIRECTION('',(0.E0,0.E0,-1.E0));
#10798=VECTOR('',#10797,9.999999999999E-3);
#10799=CARTESIAN_POINT('',(1.06475E0,5.296546798658E0,4.E0));
#10800=LINE('',#10799,#10798);
#10801=DIRECTION('',(0.E0,0.E0,-1.E0));
#10802=VECTOR('',#10801,9.999999999999E-3);
#10803=CARTESIAN_POINT('',(1.046766735268E0,5.370010619688E0,4.E0));
#10804=LINE('',#10803,#10802);
#10805=DIRECTION('',(0.E0,0.E0,-1.E0));
#10806=VECTOR('',#10805,9.999999999999E-3);
#10807=CARTESIAN_POINT('',(1.046766735268E0,5.443474492168E0,4.E0));
#10808=LINE('',#10807,#10806);
#10809=DIRECTION('',(2.220446049250E-14,0.E0,-1.E0));
#10810=VECTOR('',#10809,9.999999999999E-3);
#10811=CARTESIAN_POINT('',(1.06475E0,5.516938313198E0,4.E0));
#10812=LINE('',#10811,#10810);
#10813=DIRECTION('',(0.E0,0.E0,-1.E0));
#10814=VECTOR('',#10813,9.999999999999E-3);
#10815=CARTESIAN_POINT('',(1.136683264732E0,5.590402134228E0,4.E0));
#10816=LINE('',#10815,#10814);
#10817=DIRECTION('',(0.E0,0.E0,-1.E0));
#10818=VECTOR('',#10817,9.999999999999E-3);
#10819=CARTESIAN_POINT('',(1.208616735268E0,5.627134044743E0,4.E0));
#10820=LINE('',#10819,#10818);
#10821=DIRECTION('',(0.E0,0.E0,-1.E0));
#10822=VECTOR('',#10821,9.999999999999E-3);
#10823=CARTESIAN_POINT('',(1.28055E0,5.6455E0,4.E0));
#10824=LINE('',#10823,#10822);
#10825=DIRECTION('',(0.E0,0.E0,-1.E0));
#10826=VECTOR('',#10825,9.999999999999E-3);
#10827=CARTESIAN_POINT('',(1.370466735268E0,5.6455E0,4.E0));
#10828=LINE('',#10827,#10826);
#10829=DIRECTION('',(2.220446049250E-14,0.E0,-1.E0));
#10830=VECTOR('',#10829,9.999999999999E-3);
#10831=CARTESIAN_POINT('',(1.460383264732E0,5.627134044743E0,4.E0));
#10832=LINE('',#10831,#10830);
#10833=DIRECTION('',(-2.220446049250E-14,8.881784197002E-14,-1.E0));
#10834=VECTOR('',#10833,9.999999999999E-3);
#10835=CARTESIAN_POINT('',(1.532316735268E0,5.572036178970E0,4.E0));
#10836=LINE('',#10835,#10834);
#10837=DIRECTION('',(0.E0,0.E0,-1.E0));
#10838=VECTOR('',#10837,9.999999999999E-3);
#10839=CARTESIAN_POINT('',(1.586266735268E0,5.498572357941E0,4.E0));
#10840=LINE('',#10839,#10838);
#10841=DIRECTION('',(-2.220446049250E-14,0.E0,-1.E0));
#10842=VECTOR('',#10841,9.999999999999E-3);
#10843=CARTESIAN_POINT('',(1.60425E0,5.443474492168E0,4.E0));
#10844=LINE('',#10843,#10842);
#10845=CARTESIAN_POINT('',(-4.0481E0,1.450133231810E0,3.6E0));
#10846=CARTESIAN_POINT('',(4.0481E0,1.450133231810E0,3.6E0));
#10847=VERTEX_POINT('',#10845);
#10848=VERTEX_POINT('',#10846);
#10849=CARTESIAN_POINT('',(4.0481E0,-1.450133231810E0,3.6E0));
#10850=CARTESIAN_POINT('',(-4.0481E0,-1.450133231810E0,3.6E0));
#10851=VERTEX_POINT('',#10849);
#10852=VERTEX_POINT('',#10850);
#10853=CARTESIAN_POINT('',(-4.0481E0,1.450133231810E0,4.E0));
#10854=CARTESIAN_POINT('',(4.0481E0,1.450133231810E0,4.E0));
#10855=VERTEX_POINT('',#10853);
#10856=VERTEX_POINT('',#10854);
#10857=CARTESIAN_POINT('',(4.0481E0,-1.450133231810E0,4.E0));
#10858=CARTESIAN_POINT('',(-4.0481E0,-1.450133231810E0,4.E0));
#10859=VERTEX_POINT('',#10857);
#10860=VERTEX_POINT('',#10858);
#10861=CARTESIAN_POINT('',(-5.25E0,4.6E0,4.E0));
#10862=CARTESIAN_POINT('',(-5.25E0,4.6E0,3.6E0));
#10863=VERTEX_POINT('',#10861);
#10864=VERTEX_POINT('',#10862);
#10865=CARTESIAN_POINT('',(-5.25E0,-4.6E0,4.E0));
#10866=CARTESIAN_POINT('',(-5.25E0,-4.6E0,3.6E0));
#10867=VERTEX_POINT('',#10865);
#10868=VERTEX_POINT('',#10866);
#10869=CARTESIAN_POINT('',(5.25E0,4.6E0,4.E0));
#10870=CARTESIAN_POINT('',(5.25E0,4.6E0,3.6E0));
#10871=VERTEX_POINT('',#10869);
#10872=VERTEX_POINT('',#10870);
#10873=CARTESIAN_POINT('',(5.25E0,-4.6E0,4.E0));
#10874=CARTESIAN_POINT('',(5.25E0,-4.6E0,3.6E0));
#10875=VERTEX_POINT('',#10873);
#10876=VERTEX_POINT('',#10874);
#10877=CARTESIAN_POINT('',(-4.75E0,6.000133231810E0,4.E0));
#10878=CARTESIAN_POINT('',(-5.25E0,5.500133231810E0,4.E0));
#10879=VERTEX_POINT('',#10877);
#10880=VERTEX_POINT('',#10878);
#10881=CARTESIAN_POINT('',(-5.25E0,5.500133231810E0,3.6E0));
#10882=VERTEX_POINT('',#10881);
#10883=CARTESIAN_POINT('',(-4.75E0,6.000133231810E0,3.6E0));
#10884=VERTEX_POINT('',#10883);
#10885=CARTESIAN_POINT('',(-4.75E0,-6.000133231810E0,3.6E0));
#10886=CARTESIAN_POINT('',(-5.25E0,-5.500133231810E0,3.6E0));
#10887=VERTEX_POINT('',#10885);
#10888=VERTEX_POINT('',#10886);
#10889=CARTESIAN_POINT('',(-5.25E0,-5.500133231810E0,4.E0));
#10890=VERTEX_POINT('',#10889);
#10891=CARTESIAN_POINT('',(-4.75E0,-6.000133231810E0,4.E0));
#10892=VERTEX_POINT('',#10891);
#10893=CARTESIAN_POINT('',(4.75E0,-6.000133231810E0,4.E0));
#10894=CARTESIAN_POINT('',(5.25E0,-5.500133231810E0,4.E0));
#10895=VERTEX_POINT('',#10893);
#10896=VERTEX_POINT('',#10894);
#10897=CARTESIAN_POINT('',(5.25E0,-5.500133231810E0,3.6E0));
#10898=VERTEX_POINT('',#10897);
#10899=CARTESIAN_POINT('',(4.75E0,-6.000133231810E0,3.6E0));
#10900=VERTEX_POINT('',#10899);
#10901=CARTESIAN_POINT('',(4.75E0,6.000133231810E0,3.6E0));
#10902=CARTESIAN_POINT('',(5.25E0,5.500133231810E0,3.6E0));
#10903=VERTEX_POINT('',#10901);
#10904=VERTEX_POINT('',#10902);
#10905=CARTESIAN_POINT('',(5.25E0,5.500133231810E0,4.E0));
#10906=VERTEX_POINT('',#10905);
#10907=CARTESIAN_POINT('',(4.75E0,6.000133231810E0,4.E0));
#10908=VERTEX_POINT('',#10907);
#10909=CARTESIAN_POINT('',(3.439894020662E0,-4.6E0,-1.381E-1));
#10910=CARTESIAN_POINT('',(3.439894020662E0,-3.8E0,-1.381E-1));
#10911=VERTEX_POINT('',#10909);
#10912=VERTEX_POINT('',#10910);
#10913=CARTESIAN_POINT('',(4.261866186926E0,-3.E0,-1.381E-1));
#10914=VERTEX_POINT('',#10913);
#10915=CARTESIAN_POINT('',(3.439894020662E0,-4.6E0,2.619E-1));
#10916=CARTESIAN_POINT('',(3.439894020662E0,-3.8E0,2.619E-1));
#10917=VERTEX_POINT('',#10915);
#10918=VERTEX_POINT('',#10916);
#10919=CARTESIAN_POINT('',(4.261866186926E0,-3.E0,2.619E-1));
#10920=VERTEX_POINT('',#10919);
#10921=CARTESIAN_POINT('',(5.45E0,-4.6E0,4.619E-1));
#10922=CARTESIAN_POINT('',(5.45E0,-3.E0,4.619E-1));
#10923=VERTEX_POINT('',#10921);
#10924=VERTEX_POINT('',#10922);
#10925=CARTESIAN_POINT('',(5.25E0,-4.6E0,2.619E-1));
#10926=CARTESIAN_POINT('',(5.25E0,-3.E0,2.619E-1));
#10927=VERTEX_POINT('',#10925);
#10928=VERTEX_POINT('',#10926);
#10929=CARTESIAN_POINT('',(5.85E0,-3.E0,2.619E-1));
#10930=CARTESIAN_POINT('',(5.45E0,-3.E0,-1.381E-1));
#10931=VERTEX_POINT('',#10929);
#10932=VERTEX_POINT('',#10930);
#10933=CARTESIAN_POINT('',(5.45E0,-4.6E0,-1.381E-1));
#10934=VERTEX_POINT('',#10933);
#10935=CARTESIAN_POINT('',(5.85E0,-4.6E0,2.619E-1));
#10936=VERTEX_POINT('',#10935);
#10937=CARTESIAN_POINT('',(5.45E0,-2.7E0,9.734E-1));
#10938=CARTESIAN_POINT('',(5.85E0,-2.7E0,9.734E-1));
#10939=VERTEX_POINT('',#10937);
#10940=VERTEX_POINT('',#10938);
#10941=CARTESIAN_POINT('',(5.45E0,-3.E0,6.734E-1));
#10942=CARTESIAN_POINT('',(5.85E0,-3.E0,6.734E-1));
#10943=VERTEX_POINT('',#10941);
#10944=VERTEX_POINT('',#10942);
#10945=CARTESIAN_POINT('',(3.439894020662E0,4.6E0,-1.381E-1));
#10946=CARTESIAN_POINT('',(3.439894020662E0,3.8E0,-1.381E-1));
#10947=VERTEX_POINT('',#10945);
#10948=VERTEX_POINT('',#10946);
#10949=CARTESIAN_POINT('',(4.261866186926E0,3.E0,-1.381E-1));
#10950=VERTEX_POINT('',#10949);
#10951=CARTESIAN_POINT('',(3.439894020662E0,4.6E0,2.619E-1));
#10952=CARTESIAN_POINT('',(3.439894020662E0,3.8E0,2.619E-1));
#10953=VERTEX_POINT('',#10951);
#10954=VERTEX_POINT('',#10952);
#10955=CARTESIAN_POINT('',(4.261866186926E0,3.E0,2.619E-1));
#10956=VERTEX_POINT('',#10955);
#10957=CARTESIAN_POINT('',(5.45E0,3.E0,4.619E-1));
#10958=CARTESIAN_POINT('',(5.45E0,4.6E0,4.619E-1));
#10959=VERTEX_POINT('',#10957);
#10960=VERTEX_POINT('',#10958);
#10961=CARTESIAN_POINT('',(5.25E0,3.E0,2.619E-1));
#10962=CARTESIAN_POINT('',(5.25E0,4.6E0,2.619E-1));
#10963=VERTEX_POINT('',#10961);
#10964=VERTEX_POINT('',#10962);
#10965=CARTESIAN_POINT('',(5.85E0,4.6E0,2.219E-1));
#10966=CARTESIAN_POINT('',(5.49E0,4.6E0,-1.381E-1));
#10967=VERTEX_POINT('',#10965);
#10968=VERTEX_POINT('',#10966);
#10969=CARTESIAN_POINT('',(5.49E0,3.E0,-1.381E-1));
#10970=VERTEX_POINT('',#10969);
#10971=CARTESIAN_POINT('',(5.85E0,3.E0,2.219E-1));
#10972=VERTEX_POINT('',#10971);
#10973=CARTESIAN_POINT('',(5.45E0,3.E0,6.734E-1));
#10974=CARTESIAN_POINT('',(5.85E0,3.E0,6.734E-1));
#10975=VERTEX_POINT('',#10973);
#10976=VERTEX_POINT('',#10974);
#10977=CARTESIAN_POINT('',(5.45E0,2.7E0,9.734E-1));
#10978=CARTESIAN_POINT('',(5.85E0,2.7E0,9.734E-1));
#10979=VERTEX_POINT('',#10977);
#10980=VERTEX_POINT('',#10978);
#10981=CARTESIAN_POINT('',(5.85E0,-4.6E0,3.6E0));
#10982=CARTESIAN_POINT('',(5.45E0,-4.6E0,4.E0));
#10983=VERTEX_POINT('',#10981);
#10984=VERTEX_POINT('',#10982);
#10985=CARTESIAN_POINT('',(5.45E0,-1.450133231810E0,4.E0));
#10986=VERTEX_POINT('',#10985);
#10987=CARTESIAN_POINT('',(5.45E0,4.6E0,4.E0));
#10988=CARTESIAN_POINT('',(5.85E0,4.6E0,3.6E0));
#10989=VERTEX_POINT('',#10987);
#10990=VERTEX_POINT('',#10988);
#10991=CARTESIAN_POINT('',(5.45E0,1.450133231810E0,4.E0));
#10992=VERTEX_POINT('',#10991);
#10993=CARTESIAN_POINT('',(5.35E0,4.6E0,3.6E0));
#10994=VERTEX_POINT('',#10993);
#10995=CARTESIAN_POINT('',(5.35E0,-4.6E0,3.6E0));
#10996=VERTEX_POINT('',#10995);
#10997=CARTESIAN_POINT('',(5.45E0,-4.6E0,3.5E0));
#10998=VERTEX_POINT('',#10997);
#10999=CARTESIAN_POINT('',(5.45E0,4.6E0,3.5E0));
#11000=VERTEX_POINT('',#10999);
#11001=CARTESIAN_POINT('',(5.85E0,-1.350133231810E0,3.5E0));
#11002=CARTESIAN_POINT('',(5.45E0,-1.350133231810E0,3.5E0));
#11003=VERTEX_POINT('',#11001);
#11004=VERTEX_POINT('',#11002);
#11005=CARTESIAN_POINT('',(5.85E0,-1.450133231810E0,3.6E0));
#11006=CARTESIAN_POINT('',(5.35E0,-1.450133231810E0,3.6E0));
#11007=VERTEX_POINT('',#11005);
#11008=VERTEX_POINT('',#11006);
#11009=CARTESIAN_POINT('',(5.45E0,1.350133231810E0,3.5E0));
#11010=CARTESIAN_POINT('',(5.85E0,1.350133231810E0,3.5E0));
#11011=VERTEX_POINT('',#11009);
#11012=VERTEX_POINT('',#11010);
#11013=CARTESIAN_POINT('',(5.35E0,1.450133231810E0,3.6E0));
#11014=CARTESIAN_POINT('',(5.85E0,1.450133231810E0,3.6E0));
#11015=VERTEX_POINT('',#11013);
#11016=VERTEX_POINT('',#11014);
#11017=CARTESIAN_POINT('',(-3.439894020662E0,-4.6E0,-1.381E-1));
#11018=CARTESIAN_POINT('',(-3.439894020662E0,-3.8E0,-1.381E-1));
#11019=VERTEX_POINT('',#11017);
#11020=VERTEX_POINT('',#11018);
#11021=CARTESIAN_POINT('',(-4.261866186926E0,-3.E0,-1.381E-1));
#11022=VERTEX_POINT('',#11021);
#11023=CARTESIAN_POINT('',(-3.439894020662E0,-4.6E0,2.619E-1));
#11024=CARTESIAN_POINT('',(-3.439894020662E0,-3.8E0,2.619E-1));
#11025=VERTEX_POINT('',#11023);
#11026=VERTEX_POINT('',#11024);
#11027=CARTESIAN_POINT('',(-4.261866186926E0,-3.E0,2.619E-1));
#11028=VERTEX_POINT('',#11027);
#11029=CARTESIAN_POINT('',(-3.439894020662E0,4.6E0,-1.381E-1));
#11030=CARTESIAN_POINT('',(-3.439894020662E0,3.8E0,-1.381E-1));
#11031=VERTEX_POINT('',#11029);
#11032=VERTEX_POINT('',#11030);
#11033=CARTESIAN_POINT('',(-4.261866186926E0,3.E0,-1.381E-1));
#11034=VERTEX_POINT('',#11033);
#11035=CARTESIAN_POINT('',(-3.439894020662E0,4.6E0,2.619E-1));
#11036=CARTESIAN_POINT('',(-3.439894020662E0,3.8E0,2.619E-1));
#11037=VERTEX_POINT('',#11035);
#11038=VERTEX_POINT('',#11036);
#11039=CARTESIAN_POINT('',(-4.261866186926E0,3.E0,2.619E-1));
#11040=VERTEX_POINT('',#11039);
#11041=CARTESIAN_POINT('',(-5.45E0,-3.E0,4.619E-1));
#11042=CARTESIAN_POINT('',(-5.45E0,-4.6E0,4.619E-1));
#11043=VERTEX_POINT('',#11041);
#11044=VERTEX_POINT('',#11042);
#11045=CARTESIAN_POINT('',(-5.25E0,-3.E0,2.619E-1));
#11046=CARTESIAN_POINT('',(-5.25E0,-4.6E0,2.619E-1));
#11047=VERTEX_POINT('',#11045);
#11048=VERTEX_POINT('',#11046);
#11049=CARTESIAN_POINT('',(-5.85E0,-4.6E0,2.619E-1));
#11050=CARTESIAN_POINT('',(-5.45E0,-4.6E0,-1.381E-1));
#11051=VERTEX_POINT('',#11049);
#11052=VERTEX_POINT('',#11050);
#11053=CARTESIAN_POINT('',(-5.45E0,-3.E0,-1.381E-1));
#11054=VERTEX_POINT('',#11053);
#11055=CARTESIAN_POINT('',(-5.85E0,-3.E0,2.619E-1));
#11056=VERTEX_POINT('',#11055);
#11057=CARTESIAN_POINT('',(-5.85E0,-2.7E0,9.734E-1));
#11058=CARTESIAN_POINT('',(-5.45E0,-2.7E0,9.734E-1));
#11059=VERTEX_POINT('',#11057);
#11060=VERTEX_POINT('',#11058);
#11061=CARTESIAN_POINT('',(-5.85E0,-3.E0,6.734E-1));
#11062=CARTESIAN_POINT('',(-5.45E0,-3.E0,6.734E-1));
#11063=VERTEX_POINT('',#11061);
#11064=VERTEX_POINT('',#11062);
#11065=CARTESIAN_POINT('',(-5.45E0,4.6E0,4.619E-1));
#11066=CARTESIAN_POINT('',(-5.45E0,3.E0,4.619E-1));
#11067=VERTEX_POINT('',#11065);
#11068=VERTEX_POINT('',#11066);
#11069=CARTESIAN_POINT('',(-5.25E0,4.6E0,2.619E-1));
#11070=CARTESIAN_POINT('',(-5.25E0,3.E0,2.619E-1));
#11071=VERTEX_POINT('',#11069);
#11072=VERTEX_POINT('',#11070);
#11073=CARTESIAN_POINT('',(-5.85E0,3.E0,2.219E-1));
#11074=CARTESIAN_POINT('',(-5.49E0,3.E0,-1.381E-1));
#11075=VERTEX_POINT('',#11073);
#11076=VERTEX_POINT('',#11074);
#11077=CARTESIAN_POINT('',(-5.49E0,4.6E0,-1.381E-1));
#11078=VERTEX_POINT('',#11077);
#11079=CARTESIAN_POINT('',(-5.85E0,4.6E0,2.219E-1));
#11080=VERTEX_POINT('',#11079);
#11081=CARTESIAN_POINT('',(-5.85E0,3.E0,6.734E-1));
#11082=CARTESIAN_POINT('',(-5.45E0,3.E0,6.734E-1));
#11083=VERTEX_POINT('',#11081);
#11084=VERTEX_POINT('',#11082);
#11085=CARTESIAN_POINT('',(-5.85E0,2.7E0,9.734E-1));
#11086=CARTESIAN_POINT('',(-5.45E0,2.7E0,9.734E-1));
#11087=VERTEX_POINT('',#11085);
#11088=VERTEX_POINT('',#11086);
#11089=CARTESIAN_POINT('',(-5.45E0,-4.6E0,4.E0));
#11090=CARTESIAN_POINT('',(-5.85E0,-4.6E0,3.6E0));
#11091=VERTEX_POINT('',#11089);
#11092=VERTEX_POINT('',#11090);
#11093=CARTESIAN_POINT('',(-5.45E0,-1.450133231810E0,4.E0));
#11094=VERTEX_POINT('',#11093);
#11095=CARTESIAN_POINT('',(-5.85E0,4.6E0,3.6E0));
#11096=CARTESIAN_POINT('',(-5.45E0,4.6E0,4.E0));
#11097=VERTEX_POINT('',#11095);
#11098=VERTEX_POINT('',#11096);
#11099=CARTESIAN_POINT('',(-5.45E0,1.450133231810E0,4.E0));
#11100=VERTEX_POINT('',#11099);
#11101=CARTESIAN_POINT('',(-5.35E0,4.6E0,3.6E0));
#11102=VERTEX_POINT('',#11101);
#11103=CARTESIAN_POINT('',(-5.35E0,-4.6E0,3.6E0));
#11104=VERTEX_POINT('',#11103);
#11105=CARTESIAN_POINT('',(-5.45E0,-4.6E0,3.5E0));
#11106=VERTEX_POINT('',#11105);
#11107=CARTESIAN_POINT('',(-5.45E0,4.6E0,3.5E0));
#11108=VERTEX_POINT('',#11107);
#11109=CARTESIAN_POINT('',(-5.45E0,-1.350133231810E0,3.5E0));
#11110=CARTESIAN_POINT('',(-5.85E0,-1.350133231810E0,3.5E0));
#11111=VERTEX_POINT('',#11109);
#11112=VERTEX_POINT('',#11110);
#11113=CARTESIAN_POINT('',(-5.35E0,-1.450133231810E0,3.6E0));
#11114=CARTESIAN_POINT('',(-5.85E0,-1.450133231810E0,3.6E0));
#11115=VERTEX_POINT('',#11113);
#11116=VERTEX_POINT('',#11114);
#11117=CARTESIAN_POINT('',(-5.85E0,1.350133231810E0,3.5E0));
#11118=CARTESIAN_POINT('',(-5.45E0,1.350133231810E0,3.5E0));
#11119=VERTEX_POINT('',#11117);
#11120=VERTEX_POINT('',#11118);
#11121=CARTESIAN_POINT('',(-5.85E0,1.450133231810E0,3.6E0));
#11122=CARTESIAN_POINT('',(-5.35E0,1.450133231810E0,3.6E0));
#11123=VERTEX_POINT('',#11121);
#11124=VERTEX_POINT('',#11122);
#11125=CARTESIAN_POINT('',(5.85E0,-1.25E0,-1.274890629039E0));
#11126=CARTESIAN_POINT('',(6.012412758298E0,-1.25E0,-1.775880254244E0));
#11127=VERTEX_POINT('',#11125);
#11128=VERTEX_POINT('',#11126);
#11129=CARTESIAN_POINT('',(6.364208248275E0,-1.25E0,-2.261443389224E0));
#11130=VERTEX_POINT('',#11129);
#11131=CARTESIAN_POINT('',(6.363155996451E0,-1.25E0,-2.623125364604E0));
#11132=VERTEX_POINT('',#11131);
#11133=CARTESIAN_POINT('',(5.85E0,1.25E0,-1.274890629039E0));
#11134=CARTESIAN_POINT('',(6.012412758298E0,1.25E0,-1.775880254244E0));
#11135=VERTEX_POINT('',#11133);
#11136=VERTEX_POINT('',#11134);
#11137=CARTESIAN_POINT('',(6.364208248275E0,1.25E0,-2.261443389224E0));
#11138=VERTEX_POINT('',#11137);
#11139=CARTESIAN_POINT('',(6.363155996451E0,1.25E0,-2.623125364604E0));
#11140=VERTEX_POINT('',#11139);
#11141=CARTESIAN_POINT('',(6.270103487960E0,-1.25E0,-2.75E0));
#11142=CARTESIAN_POINT('',(5.774054102122E0,-1.25E0,-2.75E0));
#11143=VERTEX_POINT('',#11141);
#11144=VERTEX_POINT('',#11142);
#11145=VERTEX_POINT('',#9480);
#11146=VERTEX_POINT('',#9496);
#11147=CARTESIAN_POINT('',(5.85E0,1.005441795482E0,-3.492688895768E0));
#11148=VERTEX_POINT('',#11147);
#11149=VERTEX_POINT('',#9507);
#11150=VERTEX_POINT('',#9489);
#11151=CARTESIAN_POINT('',(5.774054102122E0,1.25E0,-2.75E0));
#11152=VERTEX_POINT('',#11151);
#11153=CARTESIAN_POINT('',(-6.270103487960E0,1.25E0,-2.75E0));
#11154=CARTESIAN_POINT('',(-5.774054102122E0,1.25E0,-2.75E0));
#11155=VERTEX_POINT('',#11153);
#11156=VERTEX_POINT('',#11154);
#11157=CARTESIAN_POINT('',(-6.270103487960E0,-1.25E0,-2.75E0));
#11158=CARTESIAN_POINT('',(-5.774054102122E0,-1.25E0,-2.75E0));
#11159=VERTEX_POINT('',#11157);
#11160=VERTEX_POINT('',#11158);
#11161=CARTESIAN_POINT('',(-5.85E0,1.45E0,9.734E-1));
#11162=CARTESIAN_POINT('',(-5.45E0,1.45E0,9.734E-1));
#11163=VERTEX_POINT('',#11161);
#11164=VERTEX_POINT('',#11162);
#11165=CARTESIAN_POINT('',(-5.85E0,1.25E0,7.734E-1));
#11166=CARTESIAN_POINT('',(-5.45E0,1.25E0,7.734E-1));
#11167=VERTEX_POINT('',#11165);
#11168=VERTEX_POINT('',#11166);
#11169=CARTESIAN_POINT('',(-5.45E0,-1.45E0,9.734E-1));
#11170=CARTESIAN_POINT('',(-5.85E0,-1.45E0,9.734E-1));
#11171=VERTEX_POINT('',#11169);
#11172=VERTEX_POINT('',#11170);
#11173=CARTESIAN_POINT('',(-5.45E0,-1.25E0,7.734E-1));
#11174=CARTESIAN_POINT('',(-5.85E0,-1.25E0,7.734E-1));
#11175=VERTEX_POINT('',#11173);
#11176=VERTEX_POINT('',#11174);
#11177=CARTESIAN_POINT('',(5.85E0,-1.45E0,9.734E-1));
#11178=CARTESIAN_POINT('',(5.45E0,-1.45E0,9.734E-1));
#11179=VERTEX_POINT('',#11177);
#11180=VERTEX_POINT('',#11178);
#11181=CARTESIAN_POINT('',(5.85E0,-1.25E0,7.734E-1));
#11182=CARTESIAN_POINT('',(5.45E0,-1.25E0,7.734E-1));
#11183=VERTEX_POINT('',#11181);
#11184=VERTEX_POINT('',#11182);
#11185=CARTESIAN_POINT('',(5.45E0,1.45E0,9.734E-1));
#11186=CARTESIAN_POINT('',(5.85E0,1.45E0,9.734E-1));
#11187=VERTEX_POINT('',#11185);
#11188=VERTEX_POINT('',#11186);
#11189=CARTESIAN_POINT('',(5.45E0,1.25E0,7.734E-1));
#11190=CARTESIAN_POINT('',(5.85E0,1.25E0,7.734E-1));
#11191=VERTEX_POINT('',#11189);
#11192=VERTEX_POINT('',#11190);
#11193=CARTESIAN_POINT('',(-4.05075E0,-5.287433231810E0,3.6E0));
#11194=CARTESIAN_POINT('',(-4.84105E0,-5.287433231810E0,3.6E0));
#11195=VERTEX_POINT('',#11193);
#11196=VERTEX_POINT('',#11194);
#11197=CARTESIAN_POINT('',(4.84105E0,5.287433231810E0,3.6E0));
#11198=CARTESIAN_POINT('',(4.05075E0,5.287433231810E0,3.6E0));
#11199=VERTEX_POINT('',#11197);
#11200=VERTEX_POINT('',#11198);
#11201=CARTESIAN_POINT('',(-4.05075E0,-5.287433231810E0,4.E0));
#11202=CARTESIAN_POINT('',(-4.84105E0,-5.287433231810E0,4.E0));
#11203=VERTEX_POINT('',#11201);
#11204=VERTEX_POINT('',#11202);
#11205=CARTESIAN_POINT('',(4.84105E0,5.287433231810E0,4.E0));
#11206=CARTESIAN_POINT('',(4.05075E0,5.287433231810E0,4.E0));
#11207=VERTEX_POINT('',#11205);
#11208=VERTEX_POINT('',#11206);
#11209=CARTESIAN_POINT('',(-7.515666838169E-1,4.7823E0,3.99E0));
#11210=CARTESIAN_POINT('',(-1.0393E0,5.6455E0,3.99E0));
#11211=VERTEX_POINT('',#11209);
#11212=VERTEX_POINT('',#11210);
#11213=CARTESIAN_POINT('',(-8.594666838169E-1,4.7823E0,3.99E0));
#11214=VERTEX_POINT('',#11213);
#11215=CARTESIAN_POINT('',(-9.314E-1,5.002691488814E0,3.99E0));
#11216=VERTEX_POINT('',#11215);
#11217=CARTESIAN_POINT('',(-1.291066670954E0,5.002691488814E0,3.99E0));
#11218=VERTEX_POINT('',#11217);
#11219=CARTESIAN_POINT('',(-1.363E0,4.7823E0,3.99E0));
#11220=VERTEX_POINT('',#11219);
#11221=CARTESIAN_POINT('',(-1.4709E0,4.7823E0,3.99E0));
#11222=VERTEX_POINT('',#11221);
#11223=CARTESIAN_POINT('',(-6.077E-1,5.6455E0,3.99E0));
#11224=CARTESIAN_POINT('',(-6.077E-1,4.7823E0,3.99E0));
#11225=VERTEX_POINT('',#11223);
#11226=VERTEX_POINT('',#11224);
#11227=CARTESIAN_POINT('',(3.97E-2,4.7823E0,3.99E0));
#11228=VERTEX_POINT('',#11227);
#11229=CARTESIAN_POINT('',(3.97E-2,4.892495744407E0,3.99E0));
#11230=VERTEX_POINT('',#11229);
#11231=CARTESIAN_POINT('',(-4.998E-1,4.892495744407E0,3.99E0));
#11232=VERTEX_POINT('',#11231);
#11233=CARTESIAN_POINT('',(-4.998E-1,5.6455E0,3.99E0));
#11234=VERTEX_POINT('',#11233);
#11235=CARTESIAN_POINT('',(8.4895E-1,5.443474492168E0,3.99E0));
#11236=CARTESIAN_POINT('',(8.309667352676E-1,5.498572357941E0,3.99E0));
#11237=VERTEX_POINT('',#11235);
#11238=VERTEX_POINT('',#11236);
#11239=CARTESIAN_POINT('',(7.770167352676E-1,5.572036178970E0,3.99E0));
#11240=VERTEX_POINT('',#11239);
#11241=CARTESIAN_POINT('',(7.050832647324E-1,5.627134044743E0,3.99E0));
#11242=VERTEX_POINT('',#11241);
#11243=CARTESIAN_POINT('',(6.151667352676E-1,5.6455E0,3.99E0));
#11244=VERTEX_POINT('',#11243);
#11245=CARTESIAN_POINT('',(1.835666323662E-1,5.6455E0,3.99E0));
#11246=VERTEX_POINT('',#11245);
#11247=CARTESIAN_POINT('',(1.835666323662E-1,4.7823E0,3.99E0));
#11248=VERTEX_POINT('',#11247);
#11249=CARTESIAN_POINT('',(2.914667352676E-1,4.7823E0,3.99E0));
#11250=VERTEX_POINT('',#11249);
#11251=CARTESIAN_POINT('',(2.914667352676E-1,5.167985111856E0,3.99E0));
#11252=VERTEX_POINT('',#11251);
#11253=CARTESIAN_POINT('',(6.151667352676E-1,5.167985111856E0,3.99E0));
#11254=VERTEX_POINT('',#11253);
#11255=CARTESIAN_POINT('',(7.050832647324E-1,5.186351067114E0,3.99E0));
#11256=VERTEX_POINT('',#11255);
#11257=CARTESIAN_POINT('',(7.770167352676E-1,5.241448932886E0,3.99E0));
#11258=VERTEX_POINT('',#11257);
#11259=CARTESIAN_POINT('',(8.309667352676E-1,5.314912753916E0,3.99E0));
#11260=VERTEX_POINT('',#11259);
#11261=CARTESIAN_POINT('',(8.4895E-1,5.370010619688E0,3.99E0));
#11262=VERTEX_POINT('',#11261);
#11263=CARTESIAN_POINT('',(-7.515666838169E-1,4.7823E0,4.E0));
#11264=CARTESIAN_POINT('',(-1.0393E0,5.6455E0,4.E0));
#11265=VERTEX_POINT('',#11263);
#11266=VERTEX_POINT('',#11264);
#11267=CARTESIAN_POINT('',(-8.594666838169E-1,4.7823E0,4.E0));
#11268=VERTEX_POINT('',#11267);
#11269=CARTESIAN_POINT('',(-9.314E-1,5.002691488814E0,4.E0));
#11270=VERTEX_POINT('',#11269);
#11271=CARTESIAN_POINT('',(-1.291066670954E0,5.002691488814E0,4.E0));
#11272=VERTEX_POINT('',#11271);
#11273=CARTESIAN_POINT('',(-1.363E0,4.7823E0,4.E0));
#11274=VERTEX_POINT('',#11273);
#11275=CARTESIAN_POINT('',(-1.4709E0,4.7823E0,4.E0));
#11276=VERTEX_POINT('',#11275);
#11277=CARTESIAN_POINT('',(-6.077E-1,5.6455E0,4.E0));
#11278=CARTESIAN_POINT('',(-6.077E-1,4.7823E0,4.E0));
#11279=VERTEX_POINT('',#11277);
#11280=VERTEX_POINT('',#11278);
#11281=CARTESIAN_POINT('',(3.97E-2,4.7823E0,4.E0));
#11282=VERTEX_POINT('',#11281);
#11283=CARTESIAN_POINT('',(3.97E-2,4.892495744407E0,4.E0));
#11284=VERTEX_POINT('',#11283);
#11285=CARTESIAN_POINT('',(-4.998E-1,4.892495744407E0,4.E0));
#11286=VERTEX_POINT('',#11285);
#11287=CARTESIAN_POINT('',(-4.998E-1,5.6455E0,4.E0));
#11288=VERTEX_POINT('',#11287);
#11289=CARTESIAN_POINT('',(8.4895E-1,5.443474492168E0,4.E0));
#11290=CARTESIAN_POINT('',(8.309667352676E-1,5.498572357941E0,4.E0));
#11291=VERTEX_POINT('',#11289);
#11292=VERTEX_POINT('',#11290);
#11293=CARTESIAN_POINT('',(7.770167352676E-1,5.572036178970E0,4.E0));
#11294=VERTEX_POINT('',#11293);
#11295=CARTESIAN_POINT('',(7.050832647324E-1,5.627134044743E0,4.E0));
#11296=VERTEX_POINT('',#11295);
#11297=CARTESIAN_POINT('',(6.151667352676E-1,5.6455E0,4.E0));
#11298=VERTEX_POINT('',#11297);
#11299=CARTESIAN_POINT('',(1.835666323662E-1,5.6455E0,4.E0));
#11300=VERTEX_POINT('',#11299);
#11301=CARTESIAN_POINT('',(1.835666323662E-1,4.7823E0,4.E0));
#11302=VERTEX_POINT('',#11301);
#11303=CARTESIAN_POINT('',(2.914667352676E-1,4.7823E0,4.E0));
#11304=VERTEX_POINT('',#11303);
#11305=CARTESIAN_POINT('',(2.914667352676E-1,5.167985111856E0,4.E0));
#11306=VERTEX_POINT('',#11305);
#11307=CARTESIAN_POINT('',(6.151667352676E-1,5.167985111856E0,4.E0));
#11308=VERTEX_POINT('',#11307);
#11309=CARTESIAN_POINT('',(7.050832647324E-1,5.186351067114E0,4.E0));
#11310=VERTEX_POINT('',#11309);
#11311=CARTESIAN_POINT('',(7.770167352676E-1,5.241448932886E0,4.E0));
#11312=VERTEX_POINT('',#11311);
#11313=CARTESIAN_POINT('',(8.309667352676E-1,5.314912753916E0,4.E0));
#11314=VERTEX_POINT('',#11313);
#11315=CARTESIAN_POINT('',(8.4895E-1,5.370010619688E0,4.E0));
#11316=VERTEX_POINT('',#11315);
#11317=CARTESIAN_POINT('',(5.963962647833E0,-1.25E0,-2.491064718335E0));
#11318=CARTESIAN_POINT('',(5.964253248095E0,-1.25E0,-2.391179050104E0));
#11319=VERTEX_POINT('',#11317);
#11320=VERTEX_POINT('',#11318);
#11321=CARTESIAN_POINT('',(5.688493216571E0,-1.25E0,-2.010563296852E0));
#11322=VERTEX_POINT('',#11321);
#11323=CARTESIAN_POINT('',(5.45E0,-1.25E0,-1.274890629039E0));
#11324=VERTEX_POINT('',#11323);
#11325=CARTESIAN_POINT('',(-5.45E0,-1.25E0,-1.274890629039E0));
#11326=CARTESIAN_POINT('',(-5.688493216571E0,-1.25E0,-2.010563296852E0));
#11327=VERTEX_POINT('',#11325);
#11328=VERTEX_POINT('',#11326);
#11329=CARTESIAN_POINT('',(-5.964253248095E0,-1.25E0,-2.391179050104E0));
#11330=VERTEX_POINT('',#11329);
#11331=CARTESIAN_POINT('',(-5.963962647833E0,-1.25E0,-2.491064718335E0));
#11332=VERTEX_POINT('',#11331);
#11333=CARTESIAN_POINT('',(-6.363155996451E0,-1.25E0,-2.623125364604E0));
#11334=CARTESIAN_POINT('',(-6.364208248275E0,-1.25E0,-2.261443389224E0));
#11335=VERTEX_POINT('',#11333);
#11336=VERTEX_POINT('',#11334);
#11337=CARTESIAN_POINT('',(-6.012412758298E0,-1.25E0,-1.775880254244E0));
#11338=VERTEX_POINT('',#11337);
#11339=CARTESIAN_POINT('',(-5.85E0,-1.25E0,-1.274890629039E0));
#11340=VERTEX_POINT('',#11339);
#11341=CARTESIAN_POINT('',(5.963962647833E0,1.25E0,-2.491064718335E0));
#11342=CARTESIAN_POINT('',(5.964253248095E0,1.25E0,-2.391179050104E0));
#11343=VERTEX_POINT('',#11341);
#11344=VERTEX_POINT('',#11342);
#11345=CARTESIAN_POINT('',(5.688493216571E0,1.25E0,-2.010563296852E0));
#11346=VERTEX_POINT('',#11345);
#11347=CARTESIAN_POINT('',(5.45E0,1.25E0,-1.274890629039E0));
#11348=VERTEX_POINT('',#11347);
#11349=CARTESIAN_POINT('',(-5.45E0,1.25E0,-1.274890629039E0));
#11350=CARTESIAN_POINT('',(-5.688493216571E0,1.25E0,-2.010563296852E0));
#11351=VERTEX_POINT('',#11349);
#11352=VERTEX_POINT('',#11350);
#11353=CARTESIAN_POINT('',(-5.964253248095E0,1.25E0,-2.391179050104E0));
#11354=VERTEX_POINT('',#11353);
#11355=CARTESIAN_POINT('',(-5.963962647833E0,1.25E0,-2.491064718335E0));
#11356=VERTEX_POINT('',#11355);
#11357=CARTESIAN_POINT('',(-6.363155996451E0,1.25E0,-2.623125364604E0));
#11358=CARTESIAN_POINT('',(-6.364208248275E0,1.25E0,-2.261443389224E0));
#11359=VERTEX_POINT('',#11357);
#11360=VERTEX_POINT('',#11358);
#11361=CARTESIAN_POINT('',(-6.012412758298E0,1.25E0,-1.775880254244E0));
#11362=VERTEX_POINT('',#11361);
#11363=CARTESIAN_POINT('',(-5.85E0,1.25E0,-1.274890629039E0));
#11364=VERTEX_POINT('',#11363);
#11365=VERTEX_POINT('',#10004);
#11366=VERTEX_POINT('',#10066);
#11367=CARTESIAN_POINT('',(-5.45E0,1.005441795482E0,-3.492688895768E0));
#11368=VERTEX_POINT('',#11367);
#11369=VERTEX_POINT('',#10078);
#11370=VERTEX_POINT('',#10018);
#11371=VERTEX_POINT('',#10042);
#11372=CARTESIAN_POINT('',(-5.85E0,-1.005441795482E0,-3.492688895768E0));
#11373=VERTEX_POINT('',#11372);
#11374=VERTEX_POINT('',#10049);
#11375=VERTEX_POINT('',#9521);
#11376=VERTEX_POINT('',#9550);
#11377=CARTESIAN_POINT('',(5.45E0,-1.005441795482E0,-3.492688895768E0));
#11378=VERTEX_POINT('',#11377);
#11379=VERTEX_POINT('',#9558);
#11380=CARTESIAN_POINT('',(-1.183166658092E0,5.6455E0,3.99E0));
#11381=VERTEX_POINT('',#11380);
#11382=CARTESIAN_POINT('',(-1.111233341908E0,5.572036178970E0,3.99E0));
#11383=CARTESIAN_POINT('',(-9.493833161831E-1,5.076155309844E0,3.99E0));
#11384=VERTEX_POINT('',#11382);
#11385=VERTEX_POINT('',#11383);
#11386=CARTESIAN_POINT('',(-1.273083329046E0,5.076155309844E0,3.99E0));
#11387=VERTEX_POINT('',#11386);
#11388=CARTESIAN_POINT('',(6.3315E-1,5.278180843401E0,3.99E0));
#11389=CARTESIAN_POINT('',(2.914667352676E-1,5.278180843401E0,3.99E0));
#11390=VERTEX_POINT('',#11388);
#11391=VERTEX_POINT('',#11389);
#11392=CARTESIAN_POINT('',(2.914667352676E-1,5.553670223713E0,3.99E0));
#11393=VERTEX_POINT('',#11392);
#11394=CARTESIAN_POINT('',(6.3315E-1,5.553670223713E0,3.99E0));
#11395=VERTEX_POINT('',#11394);
#11396=CARTESIAN_POINT('',(6.871E-1,5.535304268456E0,3.99E0));
#11397=VERTEX_POINT('',#11396);
#11398=CARTESIAN_POINT('',(7.230667352676E-1,5.498572357941E0,3.99E0));
#11399=VERTEX_POINT('',#11398);
#11400=CARTESIAN_POINT('',(7.4105E-1,5.443474492168E0,3.99E0));
#11401=VERTEX_POINT('',#11400);
#11402=CARTESIAN_POINT('',(7.4105E-1,5.388376574945E0,3.99E0));
#11403=VERTEX_POINT('',#11402);
#11404=CARTESIAN_POINT('',(7.230667352676E-1,5.333278709173E0,3.99E0));
#11405=VERTEX_POINT('',#11404);
#11406=CARTESIAN_POINT('',(6.871E-1,5.296546798658E0,3.99E0));
#11407=VERTEX_POINT('',#11406);
#11408=CARTESIAN_POINT('',(1.49635E0,5.443474492168E0,3.99E0));
#11409=CARTESIAN_POINT('',(1.60425E0,5.443474492168E0,3.99E0));
#11410=VERTEX_POINT('',#11408);
#11411=VERTEX_POINT('',#11409);
#11412=CARTESIAN_POINT('',(1.586266735268E0,5.498572357941E0,3.99E0));
#11413=VERTEX_POINT('',#11412);
#11414=CARTESIAN_POINT('',(1.532316735268E0,5.572036178970E0,3.99E0));
#11415=VERTEX_POINT('',#11414);
#11416=CARTESIAN_POINT('',(1.460383264732E0,5.627134044743E0,3.99E0));
#11417=VERTEX_POINT('',#11416);
#11418=CARTESIAN_POINT('',(1.370466735268E0,5.6455E0,3.99E0));
#11419=VERTEX_POINT('',#11418);
#11420=CARTESIAN_POINT('',(1.28055E0,5.6455E0,3.99E0));
#11421=VERTEX_POINT('',#11420);
#11422=CARTESIAN_POINT('',(1.208616735268E0,5.627134044743E0,3.99E0));
#11423=VERTEX_POINT('',#11422);
#11424=CARTESIAN_POINT('',(1.136683264732E0,5.590402134228E0,3.99E0));
#11425=VERTEX_POINT('',#11424);
#11426=CARTESIAN_POINT('',(1.06475E0,5.516938313198E0,3.99E0));
#11427=VERTEX_POINT('',#11426);
#11428=CARTESIAN_POINT('',(1.046766735268E0,5.443474492168E0,3.99E0));
#11429=VERTEX_POINT('',#11428);
#11430=CARTESIAN_POINT('',(1.046766735268E0,5.370010619688E0,3.99E0));
#11431=VERTEX_POINT('',#11430);
#11432=CARTESIAN_POINT('',(1.06475E0,5.296546798658E0,3.99E0));
#11433=VERTEX_POINT('',#11432);
#11434=CARTESIAN_POINT('',(1.136683264732E0,5.223082977629E0,3.99E0));
#11435=VERTEX_POINT('',#11434);
#11436=CARTESIAN_POINT('',(1.208616735268E0,5.186351067114E0,3.99E0));
#11437=VERTEX_POINT('',#11436);
#11438=CARTESIAN_POINT('',(1.28055E0,5.167985111856E0,3.99E0));
#11439=VERTEX_POINT('',#11438);
#11440=CARTESIAN_POINT('',(1.38845E0,5.167985111856E0,3.99E0));
#11441=VERTEX_POINT('',#11440);
#11442=CARTESIAN_POINT('',(1.460383264732E0,5.149619156599E0,3.99E0));
#11443=VERTEX_POINT('',#11442);
#11444=CARTESIAN_POINT('',(1.514333264732E0,5.112887246084E0,3.99E0));
#11445=VERTEX_POINT('',#11444);
#11446=CARTESIAN_POINT('',(1.5503E0,5.057789354587E0,3.99E0));
#11447=VERTEX_POINT('',#11446);
#11448=CARTESIAN_POINT('',(1.5503E0,5.002691488814E0,3.99E0));
#11449=VERTEX_POINT('',#11448);
#11450=CARTESIAN_POINT('',(1.514333264732E0,4.947593623042E0,3.99E0));
#11451=VERTEX_POINT('',#11450);
#11452=CARTESIAN_POINT('',(1.460383264732E0,4.910861699665E0,3.99E0));
#11453=VERTEX_POINT('',#11452);
#11454=CARTESIAN_POINT('',(1.38845E0,4.892495744407E0,3.99E0));
#11455=VERTEX_POINT('',#11454);
#11456=CARTESIAN_POINT('',(1.244583264732E0,4.892495744407E0,3.99E0));
#11457=VERTEX_POINT('',#11456);
#11458=CARTESIAN_POINT('',(1.17265E0,4.910861699665E0,3.99E0));
#11459=VERTEX_POINT('',#11458);
#11460=CARTESIAN_POINT('',(1.1187E0,4.965959578300E0,3.99E0));
#11461=VERTEX_POINT('',#11460);
#11462=CARTESIAN_POINT('',(1.100716735268E0,5.021057444072E0,3.99E0));
#11463=VERTEX_POINT('',#11462);
#11464=CARTESIAN_POINT('',(9.928167352676E-1,5.021057444072E0,3.99E0));
#11465=VERTEX_POINT('',#11464);
#11466=CARTESIAN_POINT('',(1.0108E0,4.947593623042E0,3.99E0));
#11467=VERTEX_POINT('',#11466);
#11468=CARTESIAN_POINT('',(1.06475E0,4.855763827461E0,3.99E0));
#11469=VERTEX_POINT('',#11468);
#11470=CARTESIAN_POINT('',(1.154666735268E0,4.800665956865E0,3.99E0));
#11471=VERTEX_POINT('',#11470);
#11472=CARTESIAN_POINT('',(1.244583264732E0,4.7823E0,3.99E0));
#11473=VERTEX_POINT('',#11472);
#11474=CARTESIAN_POINT('',(1.38845E0,4.7823E0,3.99E0));
#11475=VERTEX_POINT('',#11474);
#11476=CARTESIAN_POINT('',(1.478366735268E0,4.800665956865E0,3.99E0));
#11477=VERTEX_POINT('',#11476);
#11478=CARTESIAN_POINT('',(1.5503E0,4.837397872204E0,3.99E0));
#11479=VERTEX_POINT('',#11478);
#11480=CARTESIAN_POINT('',(1.622233264732E0,4.910861699665E0,3.99E0));
#11481=VERTEX_POINT('',#11480);
#11482=CARTESIAN_POINT('',(1.6582E0,4.984325533557E0,3.99E0));
#11483=VERTEX_POINT('',#11482);
#11484=CARTESIAN_POINT('',(1.6582E0,5.076155309844E0,3.99E0));
#11485=VERTEX_POINT('',#11484);
#11486=CARTESIAN_POINT('',(1.622233264732E0,5.149619156599E0,3.99E0));
#11487=VERTEX_POINT('',#11486);
#11488=CARTESIAN_POINT('',(1.5503E0,5.223082977629E0,3.99E0));
#11489=VERTEX_POINT('',#11488);
#11490=CARTESIAN_POINT('',(1.478366735268E0,5.259814888144E0,3.99E0));
#11491=VERTEX_POINT('',#11490);
#11492=CARTESIAN_POINT('',(1.38845E0,5.278180843401E0,3.99E0));
#11493=VERTEX_POINT('',#11492);
#11494=CARTESIAN_POINT('',(1.28055E0,5.278180843401E0,3.99E0));
#11495=VERTEX_POINT('',#11494);
#11496=CARTESIAN_POINT('',(1.2266E0,5.296546798658E0,3.99E0));
#11497=VERTEX_POINT('',#11496);
#11498=CARTESIAN_POINT('',(1.17265E0,5.333278709173E0,3.99E0));
#11499=VERTEX_POINT('',#11498);
#11500=CARTESIAN_POINT('',(1.154666735268E0,5.388376574945E0,3.99E0));
#11501=VERTEX_POINT('',#11500);
#11502=CARTESIAN_POINT('',(1.154666735268E0,5.425108485460E0,3.99E0));
#11503=VERTEX_POINT('',#11502);
#11504=CARTESIAN_POINT('',(1.17265E0,5.480206402683E0,3.99E0));
#11505=VERTEX_POINT('',#11504);
#11506=CARTESIAN_POINT('',(1.2266E0,5.516938313198E0,3.99E0));
#11507=VERTEX_POINT('',#11506);
#11508=CARTESIAN_POINT('',(1.28055E0,5.535304268456E0,3.99E0));
#11509=VERTEX_POINT('',#11508);
#11510=CARTESIAN_POINT('',(1.38845E0,5.535304268456E0,3.99E0));
#11511=VERTEX_POINT('',#11510);
#11512=CARTESIAN_POINT('',(1.4424E0,5.516938313198E0,3.99E0));
#11513=VERTEX_POINT('',#11512);
#11514=CARTESIAN_POINT('',(1.478366735268E0,5.480206402683E0,3.99E0));
#11515=VERTEX_POINT('',#11514);
#11516=CARTESIAN_POINT('',(-1.183166658092E0,5.6455E0,4.E0));
#11517=VERTEX_POINT('',#11516);
#11518=CARTESIAN_POINT('',(-1.111233341908E0,5.572036178970E0,4.E0));
#11519=CARTESIAN_POINT('',(-9.493833161831E-1,5.076155309844E0,4.E0));
#11520=VERTEX_POINT('',#11518);
#11521=VERTEX_POINT('',#11519);
#11522=CARTESIAN_POINT('',(-1.273083329046E0,5.076155309844E0,4.E0));
#11523=VERTEX_POINT('',#11522);
#11524=CARTESIAN_POINT('',(6.3315E-1,5.278180843401E0,4.E0));
#11525=CARTESIAN_POINT('',(2.914667352676E-1,5.278180843401E0,4.E0));
#11526=VERTEX_POINT('',#11524);
#11527=VERTEX_POINT('',#11525);
#11528=CARTESIAN_POINT('',(2.914667352676E-1,5.553670223713E0,4.E0));
#11529=VERTEX_POINT('',#11528);
#11530=CARTESIAN_POINT('',(6.3315E-1,5.553670223713E0,4.E0));
#11531=VERTEX_POINT('',#11530);
#11532=CARTESIAN_POINT('',(6.871E-1,5.535304268456E0,4.E0));
#11533=VERTEX_POINT('',#11532);
#11534=CARTESIAN_POINT('',(7.230667352676E-1,5.498572357941E0,4.E0));
#11535=VERTEX_POINT('',#11534);
#11536=CARTESIAN_POINT('',(7.4105E-1,5.443474492168E0,4.E0));
#11537=VERTEX_POINT('',#11536);
#11538=CARTESIAN_POINT('',(7.4105E-1,5.388376574945E0,4.E0));
#11539=VERTEX_POINT('',#11538);
#11540=CARTESIAN_POINT('',(7.230667352676E-1,5.333278709173E0,4.E0));
#11541=VERTEX_POINT('',#11540);
#11542=CARTESIAN_POINT('',(6.871E-1,5.296546798658E0,4.E0));
#11543=VERTEX_POINT('',#11542);
#11544=CARTESIAN_POINT('',(1.49635E0,5.443474492168E0,4.E0));
#11545=CARTESIAN_POINT('',(1.60425E0,5.443474492168E0,4.E0));
#11546=VERTEX_POINT('',#11544);
#11547=VERTEX_POINT('',#11545);
#11548=CARTESIAN_POINT('',(1.586266735268E0,5.498572357941E0,4.E0));
#11549=VERTEX_POINT('',#11548);
#11550=CARTESIAN_POINT('',(1.532316735268E0,5.572036178970E0,4.E0));
#11551=VERTEX_POINT('',#11550);
#11552=CARTESIAN_POINT('',(1.460383264732E0,5.627134044743E0,4.E0));
#11553=VERTEX_POINT('',#11552);
#11554=CARTESIAN_POINT('',(1.370466735268E0,5.6455E0,4.E0));
#11555=VERTEX_POINT('',#11554);
#11556=CARTESIAN_POINT('',(1.28055E0,5.6455E0,4.E0));
#11557=VERTEX_POINT('',#11556);
#11558=CARTESIAN_POINT('',(1.208616735268E0,5.627134044743E0,4.E0));
#11559=VERTEX_POINT('',#11558);
#11560=CARTESIAN_POINT('',(1.136683264732E0,5.590402134228E0,4.E0));
#11561=VERTEX_POINT('',#11560);
#11562=CARTESIAN_POINT('',(1.06475E0,5.516938313198E0,4.E0));
#11563=VERTEX_POINT('',#11562);
#11564=CARTESIAN_POINT('',(1.046766735268E0,5.443474492168E0,4.E0));
#11565=VERTEX_POINT('',#11564);
#11566=CARTESIAN_POINT('',(1.046766735268E0,5.370010619688E0,4.E0));
#11567=VERTEX_POINT('',#11566);
#11568=CARTESIAN_POINT('',(1.06475E0,5.296546798658E0,4.E0));
#11569=VERTEX_POINT('',#11568);
#11570=CARTESIAN_POINT('',(1.136683264732E0,5.223082977629E0,4.E0));
#11571=VERTEX_POINT('',#11570);
#11572=CARTESIAN_POINT('',(1.208616735268E0,5.186351067114E0,4.E0));
#11573=VERTEX_POINT('',#11572);
#11574=CARTESIAN_POINT('',(1.28055E0,5.167985111856E0,4.E0));
#11575=VERTEX_POINT('',#11574);
#11576=CARTESIAN_POINT('',(1.38845E0,5.167985111856E0,4.E0));
#11577=VERTEX_POINT('',#11576);
#11578=CARTESIAN_POINT('',(1.460383264732E0,5.149619156599E0,4.E0));
#11579=VERTEX_POINT('',#11578);
#11580=CARTESIAN_POINT('',(1.514333264732E0,5.112887246084E0,4.E0));
#11581=VERTEX_POINT('',#11580);
#11582=CARTESIAN_POINT('',(1.5503E0,5.057789354587E0,4.E0));
#11583=VERTEX_POINT('',#11582);
#11584=CARTESIAN_POINT('',(1.5503E0,5.002691488814E0,4.E0));
#11585=VERTEX_POINT('',#11584);
#11586=CARTESIAN_POINT('',(1.514333264732E0,4.947593623042E0,4.E0));
#11587=VERTEX_POINT('',#11586);
#11588=CARTESIAN_POINT('',(1.460383264732E0,4.910861699665E0,4.E0));
#11589=VERTEX_POINT('',#11588);
#11590=CARTESIAN_POINT('',(1.38845E0,4.892495744407E0,4.E0));
#11591=VERTEX_POINT('',#11590);
#11592=CARTESIAN_POINT('',(1.244583264732E0,4.892495744407E0,4.E0));
#11593=VERTEX_POINT('',#11592);
#11594=CARTESIAN_POINT('',(1.17265E0,4.910861699665E0,4.E0));
#11595=VERTEX_POINT('',#11594);
#11596=CARTESIAN_POINT('',(1.1187E0,4.965959578300E0,4.E0));
#11597=VERTEX_POINT('',#11596);
#11598=CARTESIAN_POINT('',(1.100716735268E0,5.021057444072E0,4.E0));
#11599=VERTEX_POINT('',#11598);
#11600=CARTESIAN_POINT('',(9.928167352676E-1,5.021057444072E0,4.E0));
#11601=VERTEX_POINT('',#11600);
#11602=CARTESIAN_POINT('',(1.0108E0,4.947593623042E0,4.E0));
#11603=VERTEX_POINT('',#11602);
#11604=CARTESIAN_POINT('',(1.06475E0,4.855763827461E0,4.E0));
#11605=VERTEX_POINT('',#11604);
#11606=CARTESIAN_POINT('',(1.154666735268E0,4.800665956865E0,4.E0));
#11607=VERTEX_POINT('',#11606);
#11608=CARTESIAN_POINT('',(1.244583264732E0,4.7823E0,4.E0));
#11609=VERTEX_POINT('',#11608);
#11610=CARTESIAN_POINT('',(1.38845E0,4.7823E0,4.E0));
#11611=VERTEX_POINT('',#11610);
#11612=CARTESIAN_POINT('',(1.478366735268E0,4.800665956865E0,4.E0));
#11613=VERTEX_POINT('',#11612);
#11614=CARTESIAN_POINT('',(1.5503E0,4.837397872204E0,4.E0));
#11615=VERTEX_POINT('',#11614);
#11616=CARTESIAN_POINT('',(1.622233264732E0,4.910861699665E0,4.E0));
#11617=VERTEX_POINT('',#11616);
#11618=CARTESIAN_POINT('',(1.6582E0,4.984325533557E0,4.E0));
#11619=VERTEX_POINT('',#11618);
#11620=CARTESIAN_POINT('',(1.6582E0,5.076155309844E0,4.E0));
#11621=VERTEX_POINT('',#11620);
#11622=CARTESIAN_POINT('',(1.622233264732E0,5.149619156599E0,4.E0));
#11623=VERTEX_POINT('',#11622);
#11624=CARTESIAN_POINT('',(1.5503E0,5.223082977629E0,4.E0));
#11625=VERTEX_POINT('',#11624);
#11626=CARTESIAN_POINT('',(1.478366735268E0,5.259814888144E0,4.E0));
#11627=VERTEX_POINT('',#11626);
#11628=CARTESIAN_POINT('',(1.38845E0,5.278180843401E0,4.E0));
#11629=VERTEX_POINT('',#11628);
#11630=CARTESIAN_POINT('',(1.28055E0,5.278180843401E0,4.E0));
#11631=VERTEX_POINT('',#11630);
#11632=CARTESIAN_POINT('',(1.2266E0,5.296546798658E0,4.E0));
#11633=VERTEX_POINT('',#11632);
#11634=CARTESIAN_POINT('',(1.17265E0,5.333278709173E0,4.E0));
#11635=VERTEX_POINT('',#11634);
#11636=CARTESIAN_POINT('',(1.154666735268E0,5.388376574945E0,4.E0));
#11637=VERTEX_POINT('',#11636);
#11638=CARTESIAN_POINT('',(1.154666735268E0,5.425108485460E0,4.E0));
#11639=VERTEX_POINT('',#11638);
#11640=CARTESIAN_POINT('',(1.17265E0,5.480206402683E0,4.E0));
#11641=VERTEX_POINT('',#11640);
#11642=CARTESIAN_POINT('',(1.2266E0,5.516938313198E0,4.E0));
#11643=VERTEX_POINT('',#11642);
#11644=CARTESIAN_POINT('',(1.28055E0,5.535304268456E0,4.E0));
#11645=VERTEX_POINT('',#11644);
#11646=CARTESIAN_POINT('',(1.38845E0,5.535304268456E0,4.E0));
#11647=VERTEX_POINT('',#11646);
#11648=CARTESIAN_POINT('',(1.4424E0,5.516938313198E0,4.E0));
#11649=VERTEX_POINT('',#11648);
#11650=CARTESIAN_POINT('',(1.478366735268E0,5.480206402683E0,4.E0));
#11651=VERTEX_POINT('',#11650);
#11652=CARTESIAN_POINT('',(8.309667352676E-1,5.314912753916E0,4.E0));
#11653=DIRECTION('',(9.506455412394E-1,-3.102789952956E-1,0.E0));
#11654=DIRECTION('',(3.102789952956E-1,9.506455412394E-1,0.E0));
#11655=AXIS2_PLACEMENT_3D('',#11652,#11653,#11654);
#11656=PLANE('',#11655);
#11658=ORIENTED_EDGE('',*,*,#11657,.F.);
#11660=ORIENTED_EDGE('',*,*,#11659,.T.);
#11662=ORIENTED_EDGE('',*,*,#11661,.T.);
#11664=ORIENTED_EDGE('',*,*,#11663,.F.);
#11665=EDGE_LOOP('',(#11658,#11660,#11662,#11664));
#11666=FACE_OUTER_BOUND('',#11665,.F.);
#11667=ADVANCED_FACE('',(#11666),#11656,.F.);
#11668=FILL_AREA_STYLE_COLOUR('',#28);
#11669=FILL_AREA_STYLE('',(#11668));
#11670=SURFACE_STYLE_FILL_AREA(#11669);
#11671=SURFACE_SIDE_STYLE('',(#11670));
#11672=SURFACE_STYLE_USAGE(.POSITIVE.,#11671);
#11673=PRESENTATION_STYLE_ASSIGNMENT((#11672));
#11674=STYLED_ITEM('',(#11673),#11667);
#11675=CARTESIAN_POINT('',(0.E0,0.E0,4.E0));
#11676=DIRECTION('',(0.E0,0.E0,1.E0));
#11677=DIRECTION('',(1.E0,0.E0,0.E0));
#11678=AXIS2_PLACEMENT_3D('',#11675,#11676,#11677);
#11679=PLANE('',#11678);
#11681=ORIENTED_EDGE('',*,*,#11680,.F.);
#11683=ORIENTED_EDGE('',*,*,#11682,.F.);
#11685=ORIENTED_EDGE('',*,*,#11684,.F.);
#11687=ORIENTED_EDGE('',*,*,#11686,.F.);
#11689=ORIENTED_EDGE('',*,*,#11688,.F.);
#11691=ORIENTED_EDGE('',*,*,#11690,.T.);
#11693=ORIENTED_EDGE('',*,*,#11692,.F.);
#11695=ORIENTED_EDGE('',*,*,#11694,.F.);
#11697=ORIENTED_EDGE('',*,*,#11696,.F.);
#11699=ORIENTED_EDGE('',*,*,#11698,.F.);
#11701=ORIENTED_EDGE('',*,*,#11700,.T.);
#11703=ORIENTED_EDGE('',*,*,#11702,.F.);
#11704=EDGE_LOOP('',(#11681,#11683,#11685,#11687,#11689,#11691,#11693,#11695,
#11697,#11699,#11701,#11703));
#11705=FACE_OUTER_BOUND('',#11704,.F.);
#11707=ORIENTED_EDGE('',*,*,#11706,.F.);
#11709=ORIENTED_EDGE('',*,*,#11708,.F.);
#11710=EDGE_LOOP('',(#11707,#11709));
#11711=FACE_BOUND('',#11710,.F.);
#11712=ADVANCED_FACE('',(#11705,#11711),#11679,.T.);
#11713=FILL_AREA_STYLE_COLOUR('',#27);
#11714=FILL_AREA_STYLE('',(#11713));
#11715=SURFACE_STYLE_FILL_AREA(#11714);
#11716=SURFACE_SIDE_STYLE('',(#11715));
#11717=SURFACE_STYLE_USAGE(.POSITIVE.,#11716);
#11718=PRESENTATION_STYLE_ASSIGNMENT((#11717));
#11719=STYLED_ITEM('',(#11718),#11712);
#11720=CARTESIAN_POINT('',(0.E0,0.E0,4.E0));
#11721=DIRECTION('',(0.E0,0.E0,1.E0));
#11722=DIRECTION('',(1.E0,0.E0,0.E0));
#11723=AXIS2_PLACEMENT_3D('',#11720,#11721,#11722);
#11724=PLANE('',#11723);
#11726=ORIENTED_EDGE('',*,*,#11725,.F.);
#11728=ORIENTED_EDGE('',*,*,#11727,.T.);
#11730=ORIENTED_EDGE('',*,*,#11729,.F.);
#11732=ORIENTED_EDGE('',*,*,#11731,.F.);
#11734=ORIENTED_EDGE('',*,*,#11733,.F.);
#11736=ORIENTED_EDGE('',*,*,#11735,.F.);
#11738=ORIENTED_EDGE('',*,*,#11737,.T.);
#11740=ORIENTED_EDGE('',*,*,#11739,.F.);
#11742=ORIENTED_EDGE('',*,*,#11741,.F.);
#11744=ORIENTED_EDGE('',*,*,#11743,.F.);
#11746=ORIENTED_EDGE('',*,*,#11745,.F.);
#11748=ORIENTED_EDGE('',*,*,#11747,.F.);
#11749=EDGE_LOOP('',(#11726,#11728,#11730,#11732,#11734,#11736,#11738,#11740,
#11742,#11744,#11746,#11748));
#11750=FACE_OUTER_BOUND('',#11749,.F.);
#11752=ORIENTED_EDGE('',*,*,#11751,.F.);
#11754=ORIENTED_EDGE('',*,*,#11753,.F.);
#11755=EDGE_LOOP('',(#11752,#11754));
#11756=FACE_BOUND('',#11755,.F.);
#11758=ORIENTED_EDGE('',*,*,#11757,.T.);
#11760=ORIENTED_EDGE('',*,*,#11759,.T.);
#11762=ORIENTED_EDGE('',*,*,#11761,.T.);
#11764=ORIENTED_EDGE('',*,*,#11763,.T.);
#11766=ORIENTED_EDGE('',*,*,#11765,.T.);
#11768=ORIENTED_EDGE('',*,*,#11767,.T.);
#11770=ORIENTED_EDGE('',*,*,#11769,.T.);
#11772=ORIENTED_EDGE('',*,*,#11771,.T.);
#11773=EDGE_LOOP('',(#11758,#11760,#11762,#11764,#11766,#11768,#11770,#11772));
#11774=FACE_BOUND('',#11773,.F.);
#11776=ORIENTED_EDGE('',*,*,#11775,.T.);
#11778=ORIENTED_EDGE('',*,*,#11777,.T.);
#11780=ORIENTED_EDGE('',*,*,#11779,.T.);
#11782=ORIENTED_EDGE('',*,*,#11781,.T.);
#11784=ORIENTED_EDGE('',*,*,#11783,.T.);
#11786=ORIENTED_EDGE('',*,*,#11785,.T.);
#11787=EDGE_LOOP('',(#11776,#11778,#11780,#11782,#11784,#11786));
#11788=FACE_BOUND('',#11787,.F.);
#11790=ORIENTED_EDGE('',*,*,#11789,.T.);
#11792=ORIENTED_EDGE('',*,*,#11791,.T.);
#11794=ORIENTED_EDGE('',*,*,#11793,.T.);
#11796=ORIENTED_EDGE('',*,*,#11795,.T.);
#11798=ORIENTED_EDGE('',*,*,#11797,.T.);
#11800=ORIENTED_EDGE('',*,*,#11799,.T.);
#11802=ORIENTED_EDGE('',*,*,#11801,.T.);
#11804=ORIENTED_EDGE('',*,*,#11803,.T.);
#11806=ORIENTED_EDGE('',*,*,#11805,.T.);
#11808=ORIENTED_EDGE('',*,*,#11807,.T.);
#11810=ORIENTED_EDGE('',*,*,#11809,.T.);
#11812=ORIENTED_EDGE('',*,*,#11811,.T.);
#11813=ORIENTED_EDGE('',*,*,#11657,.T.);
#11815=ORIENTED_EDGE('',*,*,#11814,.T.);
#11816=EDGE_LOOP('',(#11790,#11792,#11794,#11796,#11798,#11800,#11802,#11804,
#11806,#11808,#11810,#11812,#11813,#11815));
#11817=FACE_BOUND('',#11816,.F.);
#11819=ORIENTED_EDGE('',*,*,#11818,.T.);
#11821=ORIENTED_EDGE('',*,*,#11820,.T.);
#11823=ORIENTED_EDGE('',*,*,#11822,.T.);
#11825=ORIENTED_EDGE('',*,*,#11824,.T.);
#11827=ORIENTED_EDGE('',*,*,#11826,.T.);
#11829=ORIENTED_EDGE('',*,*,#11828,.T.);
#11831=ORIENTED_EDGE('',*,*,#11830,.T.);
#11833=ORIENTED_EDGE('',*,*,#11832,.T.);
#11835=ORIENTED_EDGE('',*,*,#11834,.T.);
#11837=ORIENTED_EDGE('',*,*,#11836,.T.);
#11839=ORIENTED_EDGE('',*,*,#11838,.T.);
#11841=ORIENTED_EDGE('',*,*,#11840,.T.);
#11843=ORIENTED_EDGE('',*,*,#11842,.T.);
#11845=ORIENTED_EDGE('',*,*,#11844,.T.);
#11847=ORIENTED_EDGE('',*,*,#11846,.T.);
#11849=ORIENTED_EDGE('',*,*,#11848,.T.);
#11851=ORIENTED_EDGE('',*,*,#11850,.T.);
#11853=ORIENTED_EDGE('',*,*,#11852,.T.);
#11855=ORIENTED_EDGE('',*,*,#11854,.T.);
#11857=ORIENTED_EDGE('',*,*,#11856,.T.);
#11859=ORIENTED_EDGE('',*,*,#11858,.T.);
#11861=ORIENTED_EDGE('',*,*,#11860,.T.);
#11863=ORIENTED_EDGE('',*,*,#11862,.T.);
#11865=ORIENTED_EDGE('',*,*,#11864,.T.);
#11867=ORIENTED_EDGE('',*,*,#11866,.T.);
#11869=ORIENTED_EDGE('',*,*,#11868,.T.);
#11871=ORIENTED_EDGE('',*,*,#11870,.T.);
#11873=ORIENTED_EDGE('',*,*,#11872,.T.);
#11875=ORIENTED_EDGE('',*,*,#11874,.T.);
#11877=ORIENTED_EDGE('',*,*,#11876,.T.);
#11879=ORIENTED_EDGE('',*,*,#11878,.T.);
#11881=ORIENTED_EDGE('',*,*,#11880,.T.);
#11883=ORIENTED_EDGE('',*,*,#11882,.T.);
#11885=ORIENTED_EDGE('',*,*,#11884,.T.);
#11887=ORIENTED_EDGE('',*,*,#11886,.T.);
#11889=ORIENTED_EDGE('',*,*,#11888,.T.);
#11891=ORIENTED_EDGE('',*,*,#11890,.T.);
#11893=ORIENTED_EDGE('',*,*,#11892,.T.);
#11895=ORIENTED_EDGE('',*,*,#11894,.T.);
#11897=ORIENTED_EDGE('',*,*,#11896,.T.);
#11899=ORIENTED_EDGE('',*,*,#11898,.T.);
#11901=ORIENTED_EDGE('',*,*,#11900,.T.);
#11903=ORIENTED_EDGE('',*,*,#11902,.T.);
#11905=ORIENTED_EDGE('',*,*,#11904,.T.);
#11907=ORIENTED_EDGE('',*,*,#11906,.T.);
#11909=ORIENTED_EDGE('',*,*,#11908,.T.);
#11911=ORIENTED_EDGE('',*,*,#11910,.T.);
#11913=ORIENTED_EDGE('',*,*,#11912,.T.);
#11915=ORIENTED_EDGE('',*,*,#11914,.T.);
#11917=ORIENTED_EDGE('',*,*,#11916,.T.);
#11919=ORIENTED_EDGE('',*,*,#11918,.T.);
#11921=ORIENTED_EDGE('',*,*,#11920,.T.);
#11923=ORIENTED_EDGE('',*,*,#11922,.T.);
#11925=ORIENTED_EDGE('',*,*,#11924,.T.);
#11926=EDGE_LOOP('',(#11819,#11821,#11823,#11825,#11827,#11829,#11831,#11833,
#11835,#11837,#11839,#11841,#11843,#11845,#11847,#11849,#11851,#11853,#11855,
#11857,#11859,#11861,#11863,#11865,#11867,#11869,#11871,#11873,#11875,#11877,
#11879,#11881,#11883,#11885,#11887,#11889,#11891,#11893,#11895,#11897,#11899,
#11901,#11903,#11905,#11907,#11909,#11911,#11913,#11915,#11917,#11919,#11921,
#11923,#11925));
#11927=FACE_BOUND('',#11926,.F.);
#11928=ADVANCED_FACE('',(#11750,#11756,#11774,#11788,#11817,#11927),#11724,.T.);
#11929=FILL_AREA_STYLE_COLOUR('',#27);
#11930=FILL_AREA_STYLE('',(#11929));
#11931=SURFACE_STYLE_FILL_AREA(#11930);
#11932=SURFACE_SIDE_STYLE('',(#11931));
#11933=SURFACE_STYLE_USAGE(.POSITIVE.,#11932);
#11934=PRESENTATION_STYLE_ASSIGNMENT((#11933));
#11935=STYLED_ITEM('',(#11934),#11928);
#11936=CARTESIAN_POINT('',(0.E0,0.E0,4.E0));
#11937=DIRECTION('',(0.E0,0.E0,1.E0));
#11938=DIRECTION('',(1.E0,0.E0,0.E0));
#11939=AXIS2_PLACEMENT_3D('',#11936,#11937,#11938);
#11940=PLANE('',#11939);
#11942=ORIENTED_EDGE('',*,*,#11941,.T.);
#11944=ORIENTED_EDGE('',*,*,#11943,.T.);
#11946=ORIENTED_EDGE('',*,*,#11945,.T.);
#11947=EDGE_LOOP('',(#11942,#11944,#11946));
#11948=FACE_OUTER_BOUND('',#11947,.F.);
#11949=ADVANCED_FACE('',(#11948),#11940,.T.);
#11950=FILL_AREA_STYLE_COLOUR('',#27);
#11951=FILL_AREA_STYLE('',(#11950));
#11952=SURFACE_STYLE_FILL_AREA(#11951);
#11953=SURFACE_SIDE_STYLE('',(#11952));
#11954=SURFACE_STYLE_USAGE(.POSITIVE.,#11953);
#11955=PRESENTATION_STYLE_ASSIGNMENT((#11954));
#11956=STYLED_ITEM('',(#11955),#11949);
#11957=CARTESIAN_POINT('',(0.E0,0.E0,4.E0));
#11958=DIRECTION('',(0.E0,0.E0,1.E0));
#11959=DIRECTION('',(1.E0,0.E0,0.E0));
#11960=AXIS2_PLACEMENT_3D('',#11957,#11958,#11959);
#11961=PLANE('',#11960);
#11963=ORIENTED_EDGE('',*,*,#11962,.T.);
#11965=ORIENTED_EDGE('',*,*,#11964,.T.);
#11967=ORIENTED_EDGE('',*,*,#11966,.T.);
#11969=ORIENTED_EDGE('',*,*,#11968,.T.);
#11971=ORIENTED_EDGE('',*,*,#11970,.T.);
#11973=ORIENTED_EDGE('',*,*,#11972,.T.);
#11975=ORIENTED_EDGE('',*,*,#11974,.T.);
#11977=ORIENTED_EDGE('',*,*,#11976,.T.);
#11979=ORIENTED_EDGE('',*,*,#11978,.T.);
#11981=ORIENTED_EDGE('',*,*,#11980,.T.);
#11982=EDGE_LOOP('',(#11963,#11965,#11967,#11969,#11971,#11973,#11975,#11977,
#11979,#11981));
#11983=FACE_OUTER_BOUND('',#11982,.F.);
#11984=ADVANCED_FACE('',(#11983),#11961,.T.);
#11985=FILL_AREA_STYLE_COLOUR('',#27);
#11986=FILL_AREA_STYLE('',(#11985));
#11987=SURFACE_STYLE_FILL_AREA(#11986);
#11988=SURFACE_SIDE_STYLE('',(#11987));
#11989=SURFACE_STYLE_USAGE(.POSITIVE.,#11988);
#11990=PRESENTATION_STYLE_ASSIGNMENT((#11989));
#11991=STYLED_ITEM('',(#11990),#11984);
#11992=CARTESIAN_POINT('',(4.4459E0,5.287433231810E0,3.6E0));
#11993=DIRECTION('',(0.E0,0.E0,1.E0));
#11994=DIRECTION('',(1.E0,0.E0,0.E0));
#11995=AXIS2_PLACEMENT_3D('',#11992,#11993,#11994);
#11996=CYLINDRICAL_SURFACE('',#11995,3.9515E-1);
#11998=ORIENTED_EDGE('',*,*,#11997,.F.);
#12000=ORIENTED_EDGE('',*,*,#11999,.T.);
#12001=ORIENTED_EDGE('',*,*,#11751,.T.);
#12003=ORIENTED_EDGE('',*,*,#12002,.F.);
#12004=EDGE_LOOP('',(#11998,#12000,#12001,#12003));
#12005=FACE_OUTER_BOUND('',#12004,.F.);
#12006=ADVANCED_FACE('',(#12005),#11996,.F.);
#12007=FILL_AREA_STYLE_COLOUR('',#26);
#12008=FILL_AREA_STYLE('',(#12007));
#12009=SURFACE_STYLE_FILL_AREA(#12008);
#12010=SURFACE_SIDE_STYLE('',(#12009));
#12011=SURFACE_STYLE_USAGE(.POSITIVE.,#12010);
#12012=PRESENTATION_STYLE_ASSIGNMENT((#12011));
#12013=STYLED_ITEM('',(#12012),#12006);
#12014=CARTESIAN_POINT('',(0.E0,0.E0,3.6E0));
#12015=DIRECTION('',(0.E0,0.E0,1.E0));
#12016=DIRECTION('',(1.E0,0.E0,0.E0));
#12017=AXIS2_PLACEMENT_3D('',#12014,#12015,#12016);
#12018=PLANE('',#12017);
#12020=ORIENTED_EDGE('',*,*,#12019,.T.);
#12022=ORIENTED_EDGE('',*,*,#12021,.T.);
#12024=ORIENTED_EDGE('',*,*,#12023,.F.);
#12026=ORIENTED_EDGE('',*,*,#12025,.F.);
#12028=ORIENTED_EDGE('',*,*,#12027,.T.);
#12030=ORIENTED_EDGE('',*,*,#12029,.F.);
#12032=ORIENTED_EDGE('',*,*,#12031,.T.);
#12034=ORIENTED_EDGE('',*,*,#12033,.F.);
#12036=ORIENTED_EDGE('',*,*,#12035,.T.);
#12038=ORIENTED_EDGE('',*,*,#12037,.T.);
#12040=ORIENTED_EDGE('',*,*,#12039,.T.);
#12042=ORIENTED_EDGE('',*,*,#12041,.T.);
#12043=EDGE_LOOP('',(#12020,#12022,#12024,#12026,#12028,#12030,#12032,#12034,
#12036,#12038,#12040,#12042));
#12044=FACE_OUTER_BOUND('',#12043,.F.);
#12046=ORIENTED_EDGE('',*,*,#12045,.T.);
#12048=ORIENTED_EDGE('',*,*,#12047,.T.);
#12049=EDGE_LOOP('',(#12046,#12048));
#12050=FACE_BOUND('',#12049,.F.);
#12051=ADVANCED_FACE('',(#12044,#12050),#12018,.F.);
#12052=FILL_AREA_STYLE_COLOUR('',#26);
#12053=FILL_AREA_STYLE('',(#12052));
#12054=SURFACE_STYLE_FILL_AREA(#12053);
#12055=SURFACE_SIDE_STYLE('',(#12054));
#12056=SURFACE_STYLE_USAGE(.POSITIVE.,#12055);
#12057=PRESENTATION_STYLE_ASSIGNMENT((#12056));
#12058=STYLED_ITEM('',(#12057),#12051);
#12059=CARTESIAN_POINT('',(0.E0,0.E0,3.6E0));
#12060=DIRECTION('',(0.E0,0.E0,1.E0));
#12061=DIRECTION('',(1.E0,0.E0,0.E0));
#12062=AXIS2_PLACEMENT_3D('',#12059,#12060,#12061);
#12063=PLANE('',#12062);
#12065=ORIENTED_EDGE('',*,*,#12064,.T.);
#12067=ORIENTED_EDGE('',*,*,#12066,.T.);
#12069=ORIENTED_EDGE('',*,*,#12068,.T.);
#12071=ORIENTED_EDGE('',*,*,#12070,.T.);
#12073=ORIENTED_EDGE('',*,*,#12072,.T.);
#12075=ORIENTED_EDGE('',*,*,#12074,.T.);
#12077=ORIENTED_EDGE('',*,*,#12076,.F.);
#12079=ORIENTED_EDGE('',*,*,#12078,.F.);
#12081=ORIENTED_EDGE('',*,*,#12080,.T.);
#12083=ORIENTED_EDGE('',*,*,#12082,.F.);
#12085=ORIENTED_EDGE('',*,*,#12084,.T.);
#12087=ORIENTED_EDGE('',*,*,#12086,.F.);
#12088=EDGE_LOOP('',(#12065,#12067,#12069,#12071,#12073,#12075,#12077,#12079,
#12081,#12083,#12085,#12087));
#12089=FACE_OUTER_BOUND('',#12088,.F.);
#12090=ORIENTED_EDGE('',*,*,#11997,.T.);
#12092=ORIENTED_EDGE('',*,*,#12091,.T.);
#12093=EDGE_LOOP('',(#12090,#12092));
#12094=FACE_BOUND('',#12093,.F.);
#12095=ADVANCED_FACE('',(#12089,#12094),#12063,.F.);
#12096=FILL_AREA_STYLE_COLOUR('',#26);
#12097=FILL_AREA_STYLE('',(#12096));
#12098=SURFACE_STYLE_FILL_AREA(#12097);
#12099=SURFACE_SIDE_STYLE('',(#12098));
#12100=SURFACE_STYLE_USAGE(.POSITIVE.,#12099);
#12101=PRESENTATION_STYLE_ASSIGNMENT((#12100));
#12102=STYLED_ITEM('',(#12101),#12095);
#12103=CARTESIAN_POINT('',(4.4459E0,5.287433231810E0,3.6E0));
#12104=DIRECTION('',(0.E0,0.E0,1.E0));
#12105=DIRECTION('',(1.E0,0.E0,0.E0));
#12106=AXIS2_PLACEMENT_3D('',#12103,#12104,#12105);
#12107=CYLINDRICAL_SURFACE('',#12106,3.9515E-1);
#12108=ORIENTED_EDGE('',*,*,#12091,.F.);
#12109=ORIENTED_EDGE('',*,*,#12002,.T.);
#12110=ORIENTED_EDGE('',*,*,#11753,.T.);
#12111=ORIENTED_EDGE('',*,*,#11999,.F.);
#12112=EDGE_LOOP('',(#12108,#12109,#12110,#12111));
#12113=FACE_OUTER_BOUND('',#12112,.F.);
#12114=ADVANCED_FACE('',(#12113),#12107,.F.);
#12115=FILL_AREA_STYLE_COLOUR('',#26);
#12116=FILL_AREA_STYLE('',(#12115));
#12117=SURFACE_STYLE_FILL_AREA(#12116);
#12118=SURFACE_SIDE_STYLE('',(#12117));
#12119=SURFACE_STYLE_USAGE(.POSITIVE.,#12118);
#12120=PRESENTATION_STYLE_ASSIGNMENT((#12119));
#12121=STYLED_ITEM('',(#12120),#12114);
#12122=CARTESIAN_POINT('',(-4.4459E0,-5.287433231810E0,3.6E0));
#12123=DIRECTION('',(0.E0,0.E0,1.E0));
#12124=DIRECTION('',(1.E0,0.E0,0.E0));
#12125=AXIS2_PLACEMENT_3D('',#12122,#12123,#12124);
#12126=CYLINDRICAL_SURFACE('',#12125,3.9515E-1);
#12127=ORIENTED_EDGE('',*,*,#12045,.F.);
#12129=ORIENTED_EDGE('',*,*,#12128,.T.);
#12130=ORIENTED_EDGE('',*,*,#11706,.T.);
#12132=ORIENTED_EDGE('',*,*,#12131,.F.);
#12133=EDGE_LOOP('',(#12127,#12129,#12130,#12132));
#12134=FACE_OUTER_BOUND('',#12133,.F.);
#12135=ADVANCED_FACE('',(#12134),#12126,.F.);
#12136=FILL_AREA_STYLE_COLOUR('',#26);
#12137=FILL_AREA_STYLE('',(#12136));
#12138=SURFACE_STYLE_FILL_AREA(#12137);
#12139=SURFACE_SIDE_STYLE('',(#12138));
#12140=SURFACE_STYLE_USAGE(.POSITIVE.,#12139);
#12141=PRESENTATION_STYLE_ASSIGNMENT((#12140));
#12142=STYLED_ITEM('',(#12141),#12135);
#12143=CARTESIAN_POINT('',(-4.4459E0,-5.287433231810E0,3.6E0));
#12144=DIRECTION('',(0.E0,0.E0,1.E0));
#12145=DIRECTION('',(1.E0,0.E0,0.E0));
#12146=AXIS2_PLACEMENT_3D('',#12143,#12144,#12145);
#12147=CYLINDRICAL_SURFACE('',#12146,3.9515E-1);
#12148=ORIENTED_EDGE('',*,*,#12047,.F.);
#12149=ORIENTED_EDGE('',*,*,#12131,.T.);
#12150=ORIENTED_EDGE('',*,*,#11708,.T.);
#12151=ORIENTED_EDGE('',*,*,#12128,.F.);
#12152=EDGE_LOOP('',(#12148,#12149,#12150,#12151));
#12153=FACE_OUTER_BOUND('',#12152,.F.);
#12154=ADVANCED_FACE('',(#12153),#12147,.F.);
#12155=FILL_AREA_STYLE_COLOUR('',#26);
#12156=FILL_AREA_STYLE('',(#12155));
#12157=SURFACE_STYLE_FILL_AREA(#12156);
#12158=SURFACE_SIDE_STYLE('',(#12157));
#12159=SURFACE_STYLE_USAGE(.POSITIVE.,#12158);
#12160=PRESENTATION_STYLE_ASSIGNMENT((#12159));
#12161=STYLED_ITEM('',(#12160),#12154);
#12162=CARTESIAN_POINT('',(-5.35E0,2.164368059379E1,3.5E0));
#12163=DIRECTION('',(0.E0,-1.E0,0.E0));
#12164=DIRECTION('',(0.E0,0.E0,1.E0));
#12165=AXIS2_PLACEMENT_3D('',#12162,#12163,#12164);
#12166=CYLINDRICAL_SURFACE('',#12165,1.E-1);
#12167=ORIENTED_EDGE('',*,*,#12019,.F.);
#12169=ORIENTED_EDGE('',*,*,#12168,.F.);
#12171=ORIENTED_EDGE('',*,*,#12170,.T.);
#12173=ORIENTED_EDGE('',*,*,#12172,.T.);
#12174=EDGE_LOOP('',(#12167,#12169,#12171,#12173));
#12175=FACE_OUTER_BOUND('',#12174,.F.);
#12176=ADVANCED_FACE('',(#12175),#12166,.F.);
#12177=FILL_AREA_STYLE_COLOUR('',#26);
#12178=FILL_AREA_STYLE('',(#12177));
#12179=SURFACE_STYLE_FILL_AREA(#12178);
#12180=SURFACE_SIDE_STYLE('',(#12179));
#12181=SURFACE_STYLE_USAGE(.POSITIVE.,#12180);
#12182=PRESENTATION_STYLE_ASSIGNMENT((#12181));
#12183=STYLED_ITEM('',(#12182),#12176);
#12184=CARTESIAN_POINT('',(2.110212E1,-1.350133231810E0,3.6E0));
#12185=DIRECTION('',(-1.E0,0.E0,0.E0));
#12186=DIRECTION('',(0.E0,0.E0,-1.E0));
#12187=AXIS2_PLACEMENT_3D('',#12184,#12185,#12186);
#12188=CYLINDRICAL_SURFACE('',#12187,1.E-1);
#12190=ORIENTED_EDGE('',*,*,#12189,.F.);
#12191=ORIENTED_EDGE('',*,*,#12168,.T.);
#12193=ORIENTED_EDGE('',*,*,#12192,.T.);
#12195=ORIENTED_EDGE('',*,*,#12194,.T.);
#12196=EDGE_LOOP('',(#12190,#12191,#12193,#12195));
#12197=FACE_OUTER_BOUND('',#12196,.F.);
#12198=ADVANCED_FACE('',(#12197),#12188,.F.);
#12199=FILL_AREA_STYLE_COLOUR('',#26);
#12200=FILL_AREA_STYLE('',(#12199));
#12201=SURFACE_STYLE_FILL_AREA(#12200);
#12202=SURFACE_SIDE_STYLE('',(#12201));
#12203=SURFACE_STYLE_USAGE(.POSITIVE.,#12202);
#12204=PRESENTATION_STYLE_ASSIGNMENT((#12203));
#12205=STYLED_ITEM('',(#12204),#12198);
#12206=CARTESIAN_POINT('',(0.E0,0.E0,3.5E0));
#12207=DIRECTION('',(0.E0,0.E0,-1.E0));
#12208=DIRECTION('',(0.E0,1.E0,0.E0));
#12209=AXIS2_PLACEMENT_3D('',#12206,#12207,#12208);
#12210=PLANE('',#12209);
#12211=ORIENTED_EDGE('',*,*,#12189,.T.);
#12213=ORIENTED_EDGE('',*,*,#12212,.T.);
#12215=ORIENTED_EDGE('',*,*,#12214,.T.);
#12217=ORIENTED_EDGE('',*,*,#12216,.F.);
#12218=EDGE_LOOP('',(#12211,#12213,#12215,#12217));
#12219=FACE_OUTER_BOUND('',#12218,.F.);
#12220=ADVANCED_FACE('',(#12219),#12210,.F.);
#12221=FILL_AREA_STYLE_COLOUR('',#26);
#12222=FILL_AREA_STYLE('',(#12221));
#12223=SURFACE_STYLE_FILL_AREA(#12222);
#12224=SURFACE_SIDE_STYLE('',(#12223));
#12225=SURFACE_STYLE_USAGE(.POSITIVE.,#12224);
#12226=PRESENTATION_STYLE_ASSIGNMENT((#12225));
#12227=STYLED_ITEM('',(#12226),#12220);
#12228=CARTESIAN_POINT('',(-5.85E0,6.000133231810E0,3.6E0));
#12229=DIRECTION('',(-1.E0,0.E0,0.E0));
#12230=DIRECTION('',(0.E0,-1.E0,0.E0));
#12231=AXIS2_PLACEMENT_3D('',#12228,#12229,#12230);
#12232=PLANE('',#12231);
#12234=ORIENTED_EDGE('',*,*,#12233,.T.);
#12236=ORIENTED_EDGE('',*,*,#12235,.F.);
#12238=ORIENTED_EDGE('',*,*,#12237,.T.);
#12240=ORIENTED_EDGE('',*,*,#12239,.T.);
#12242=ORIENTED_EDGE('',*,*,#12241,.T.);
#12244=ORIENTED_EDGE('',*,*,#12243,.F.);
#12246=ORIENTED_EDGE('',*,*,#12245,.T.);
#12248=ORIENTED_EDGE('',*,*,#12247,.F.);
#12250=ORIENTED_EDGE('',*,*,#12249,.T.);
#12252=ORIENTED_EDGE('',*,*,#12251,.F.);
#12254=ORIENTED_EDGE('',*,*,#12253,.F.);
#12256=ORIENTED_EDGE('',*,*,#12255,.T.);
#12258=ORIENTED_EDGE('',*,*,#12257,.F.);
#12259=ORIENTED_EDGE('',*,*,#12212,.F.);
#12260=ORIENTED_EDGE('',*,*,#12194,.F.);
#12262=ORIENTED_EDGE('',*,*,#12261,.T.);
#12264=ORIENTED_EDGE('',*,*,#12263,.F.);
#12266=ORIENTED_EDGE('',*,*,#12265,.F.);
#12268=ORIENTED_EDGE('',*,*,#12267,.T.);
#12270=ORIENTED_EDGE('',*,*,#12269,.F.);
#12271=EDGE_LOOP('',(#12234,#12236,#12238,#12240,#12242,#12244,#12246,#12248,
#12250,#12252,#12254,#12256,#12258,#12259,#12260,#12262,#12264,#12266,#12268,
#12270));
#12272=FACE_OUTER_BOUND('',#12271,.F.);
#12273=ADVANCED_FACE('',(#12272),#12232,.T.);
#12274=FILL_AREA_STYLE_COLOUR('',#26);
#12275=FILL_AREA_STYLE('',(#12274));
#12276=SURFACE_STYLE_FILL_AREA(#12275);
#12277=SURFACE_SIDE_STYLE('',(#12276));
#12278=SURFACE_STYLE_USAGE(.POSITIVE.,#12277);
#12279=PRESENTATION_STYLE_ASSIGNMENT((#12278));
#12280=STYLED_ITEM('',(#12279),#12273);
#12281=CARTESIAN_POINT('',(-5.85E0,-3.E0,9.734E-1));
#12282=DIRECTION('',(0.E0,0.E0,1.E0));
#12283=DIRECTION('',(0.E0,1.E0,0.E0));
#12284=AXIS2_PLACEMENT_3D('',#12281,#12282,#12283);
#12285=PLANE('',#12284);
#12287=ORIENTED_EDGE('',*,*,#12286,.T.);
#12289=ORIENTED_EDGE('',*,*,#12288,.T.);
#12291=ORIENTED_EDGE('',*,*,#12290,.F.);
#12292=ORIENTED_EDGE('',*,*,#12245,.F.);
#12293=EDGE_LOOP('',(#12287,#12289,#12291,#12292));
#12294=FACE_OUTER_BOUND('',#12293,.F.);
#12295=ADVANCED_FACE('',(#12294),#12285,.F.);
#12296=FILL_AREA_STYLE_COLOUR('',#26);
#12297=FILL_AREA_STYLE('',(#12296));
#12298=SURFACE_STYLE_FILL_AREA(#12297);
#12299=SURFACE_SIDE_STYLE('',(#12298));
#12300=SURFACE_STYLE_USAGE(.POSITIVE.,#12299);
#12301=PRESENTATION_STYLE_ASSIGNMENT((#12300));
#12302=STYLED_ITEM('',(#12301),#12295);
#12303=CARTESIAN_POINT('',(-5.85E0,-3.E0,9.734E-1));
#12304=DIRECTION('',(0.E0,0.E0,1.E0));
#12305=DIRECTION('',(0.E0,1.E0,0.E0));
#12306=AXIS2_PLACEMENT_3D('',#12303,#12304,#12305);
#12307=PLANE('',#12306);
#12309=ORIENTED_EDGE('',*,*,#12308,.T.);
#12310=ORIENTED_EDGE('',*,*,#12233,.F.);
#12312=ORIENTED_EDGE('',*,*,#12311,.T.);
#12314=ORIENTED_EDGE('',*,*,#12313,.T.);
#12315=EDGE_LOOP('',(#12309,#12310,#12312,#12314));
#12316=FACE_OUTER_BOUND('',#12315,.F.);
#12317=ADVANCED_FACE('',(#12316),#12307,.F.);
#12318=FILL_AREA_STYLE_COLOUR('',#26);
#12319=FILL_AREA_STYLE('',(#12318));
#12320=SURFACE_STYLE_FILL_AREA(#12319);
#12321=SURFACE_SIDE_STYLE('',(#12320));
#12322=SURFACE_STYLE_USAGE(.POSITIVE.,#12321);
#12323=PRESENTATION_STYLE_ASSIGNMENT((#12322));
#12324=STYLED_ITEM('',(#12323),#12317);
#12325=CARTESIAN_POINT('',(-2.317366537373E1,1.45E0,7.734E-1));
#12326=DIRECTION('',(1.E0,0.E0,0.E0));
#12327=DIRECTION('',(0.E0,0.E0,1.E0));
#12328=AXIS2_PLACEMENT_3D('',#12325,#12326,#12327);
#12329=CYLINDRICAL_SURFACE('',#12328,2.E-1);
#12330=ORIENTED_EDGE('',*,*,#12286,.F.);
#12331=ORIENTED_EDGE('',*,*,#12243,.T.);
#12333=ORIENTED_EDGE('',*,*,#12332,.T.);
#12335=ORIENTED_EDGE('',*,*,#12334,.T.);
#12336=EDGE_LOOP('',(#12330,#12331,#12333,#12335));
#12337=FACE_OUTER_BOUND('',#12336,.F.);
#12338=ADVANCED_FACE('',(#12337),#12329,.F.);
#12339=FILL_AREA_STYLE_COLOUR('',#26);
#12340=FILL_AREA_STYLE('',(#12339));
#12341=SURFACE_STYLE_FILL_AREA(#12340);
#12342=SURFACE_SIDE_STYLE('',(#12341));
#12343=SURFACE_STYLE_USAGE(.POSITIVE.,#12342);
#12344=PRESENTATION_STYLE_ASSIGNMENT((#12343));
#12345=STYLED_ITEM('',(#12344),#12338);
#12346=CARTESIAN_POINT('',(0.E0,1.25E0,0.E0));
#12347=DIRECTION('',(0.E0,1.E0,0.E0));
#12348=DIRECTION('',(-1.E0,0.E0,0.E0));
#12349=AXIS2_PLACEMENT_3D('',#12346,#12347,#12348);
#12350=PLANE('',#12349);
#12351=ORIENTED_EDGE('',*,*,#12332,.F.);
#12352=ORIENTED_EDGE('',*,*,#12241,.F.);
#12354=ORIENTED_EDGE('',*,*,#12353,.F.);
#12356=ORIENTED_EDGE('',*,*,#12355,.F.);
#12358=ORIENTED_EDGE('',*,*,#12357,.F.);
#12360=ORIENTED_EDGE('',*,*,#12359,.F.);
#12362=ORIENTED_EDGE('',*,*,#12361,.T.);
#12364=ORIENTED_EDGE('',*,*,#12363,.F.);
#12366=ORIENTED_EDGE('',*,*,#12365,.F.);
#12368=ORIENTED_EDGE('',*,*,#12367,.F.);
#12370=ORIENTED_EDGE('',*,*,#12369,.F.);
#12372=ORIENTED_EDGE('',*,*,#12371,.F.);
#12373=EDGE_LOOP('',(#12351,#12352,#12354,#12356,#12358,#12360,#12362,#12364,
#12366,#12368,#12370,#12372));
#12374=FACE_OUTER_BOUND('',#12373,.F.);
#12375=ADVANCED_FACE('',(#12374),#12350,.T.);
#12376=FILL_AREA_STYLE_COLOUR('',#26);
#12377=FILL_AREA_STYLE('',(#12376));
#12378=SURFACE_STYLE_FILL_AREA(#12377);
#12379=SURFACE_SIDE_STYLE('',(#12378));
#12380=SURFACE_STYLE_USAGE(.POSITIVE.,#12379);
#12381=PRESENTATION_STYLE_ASSIGNMENT((#12380));
#12382=STYLED_ITEM('',(#12381),#12375);
#12383=CARTESIAN_POINT('',(0.E0,1.25E0,0.E0));
#12384=DIRECTION('',(0.E0,1.E0,0.E0));
#12385=DIRECTION('',(-1.E0,0.E0,0.E0));
#12386=AXIS2_PLACEMENT_3D('',#12383,#12384,#12385);
#12387=PLANE('',#12386);
#12389=ORIENTED_EDGE('',*,*,#12388,.F.);
#12391=ORIENTED_EDGE('',*,*,#12390,.F.);
#12393=ORIENTED_EDGE('',*,*,#12392,.F.);
#12395=ORIENTED_EDGE('',*,*,#12394,.F.);
#12397=ORIENTED_EDGE('',*,*,#12396,.F.);
#12399=ORIENTED_EDGE('',*,*,#12398,.F.);
#12401=ORIENTED_EDGE('',*,*,#12400,.F.);
#12403=ORIENTED_EDGE('',*,*,#12402,.F.);
#12405=ORIENTED_EDGE('',*,*,#12404,.F.);
#12407=ORIENTED_EDGE('',*,*,#12406,.F.);
#12409=ORIENTED_EDGE('',*,*,#12408,.F.);
#12411=ORIENTED_EDGE('',*,*,#12410,.F.);
#12412=EDGE_LOOP('',(#12389,#12391,#12393,#12395,#12397,#12399,#12401,#12403,
#12405,#12407,#12409,#12411));
#12413=FACE_OUTER_BOUND('',#12412,.F.);
#12414=ADVANCED_FACE('',(#12413),#12387,.T.);
#12415=FILL_AREA_STYLE_COLOUR('',#26);
#12416=FILL_AREA_STYLE('',(#12415));
#12417=SURFACE_STYLE_FILL_AREA(#12416);
#12418=SURFACE_SIDE_STYLE('',(#12417));
#12419=SURFACE_STYLE_USAGE(.POSITIVE.,#12418);
#12420=PRESENTATION_STYLE_ASSIGNMENT((#12419));
#12421=STYLED_ITEM('',(#12420),#12414);
#12422=CARTESIAN_POINT('',(-6.7039E0,-1.25E0,-1.274890629039E0));
#12423=DIRECTION('',(0.E0,1.E0,0.E0));
#12424=DIRECTION('',(-1.E0,0.E0,0.E0));
#12425=AXIS2_PLACEMENT_3D('',#12422,#12423,#12424);
#12426=CYLINDRICAL_SURFACE('',#12425,8.539E-1);
#12428=ORIENTED_EDGE('',*,*,#12427,.F.);
#12430=ORIENTED_EDGE('',*,*,#12429,.T.);
#12431=ORIENTED_EDGE('',*,*,#12353,.T.);
#12432=ORIENTED_EDGE('',*,*,#12239,.F.);
#12433=EDGE_LOOP('',(#12428,#12430,#12431,#12432));
#12434=FACE_OUTER_BOUND('',#12433,.F.);
#12435=ADVANCED_FACE('',(#12434),#12426,.F.);
#12436=FILL_AREA_STYLE_COLOUR('',#26);
#12437=FILL_AREA_STYLE('',(#12436));
#12438=SURFACE_STYLE_FILL_AREA(#12437);
#12439=SURFACE_SIDE_STYLE('',(#12438));
#12440=SURFACE_STYLE_USAGE(.POSITIVE.,#12439);
#12441=PRESENTATION_STYLE_ASSIGNMENT((#12440));
#12442=STYLED_ITEM('',(#12441),#12435);
#12443=CARTESIAN_POINT('',(0.E0,-1.25E0,0.E0));
#12444=DIRECTION('',(0.E0,1.E0,0.E0));
#12445=DIRECTION('',(-1.E0,0.E0,0.E0));
#12446=AXIS2_PLACEMENT_3D('',#12443,#12444,#12445);
#12447=PLANE('',#12446);
#12449=ORIENTED_EDGE('',*,*,#12448,.F.);
#12451=ORIENTED_EDGE('',*,*,#12450,.F.);
#12453=ORIENTED_EDGE('',*,*,#12452,.T.);
#12455=ORIENTED_EDGE('',*,*,#12454,.T.);
#12457=ORIENTED_EDGE('',*,*,#12456,.T.);
#12459=ORIENTED_EDGE('',*,*,#12458,.T.);
#12461=ORIENTED_EDGE('',*,*,#12460,.F.);
#12463=ORIENTED_EDGE('',*,*,#12462,.T.);
#12465=ORIENTED_EDGE('',*,*,#12464,.T.);
#12467=ORIENTED_EDGE('',*,*,#12466,.T.);
#12468=ORIENTED_EDGE('',*,*,#12427,.T.);
#12469=ORIENTED_EDGE('',*,*,#12237,.F.);
#12470=EDGE_LOOP('',(#12449,#12451,#12453,#12455,#12457,#12459,#12461,#12463,
#12465,#12467,#12468,#12469));
#12471=FACE_OUTER_BOUND('',#12470,.F.);
#12472=ADVANCED_FACE('',(#12471),#12447,.F.);
#12473=FILL_AREA_STYLE_COLOUR('',#26);
#12474=FILL_AREA_STYLE('',(#12473));
#12475=SURFACE_STYLE_FILL_AREA(#12474);
#12476=SURFACE_SIDE_STYLE('',(#12475));
#12477=SURFACE_STYLE_USAGE(.POSITIVE.,#12476);
#12478=PRESENTATION_STYLE_ASSIGNMENT((#12477));
#12479=STYLED_ITEM('',(#12478),#12472);
#12480=CARTESIAN_POINT('',(0.E0,-1.25E0,0.E0));
#12481=DIRECTION('',(0.E0,1.E0,0.E0));
#12482=DIRECTION('',(-1.E0,0.E0,0.E0));
#12483=AXIS2_PLACEMENT_3D('',#12480,#12481,#12482);
#12484=PLANE('',#12483);
#12486=ORIENTED_EDGE('',*,*,#12485,.F.);
#12488=ORIENTED_EDGE('',*,*,#12487,.F.);
#12490=ORIENTED_EDGE('',*,*,#12489,.T.);
#12492=ORIENTED_EDGE('',*,*,#12491,.T.);
#12494=ORIENTED_EDGE('',*,*,#12493,.T.);
#12496=ORIENTED_EDGE('',*,*,#12495,.T.);
#12498=ORIENTED_EDGE('',*,*,#12497,.T.);
#12500=ORIENTED_EDGE('',*,*,#12499,.T.);
#12502=ORIENTED_EDGE('',*,*,#12501,.T.);
#12504=ORIENTED_EDGE('',*,*,#12503,.T.);
#12506=ORIENTED_EDGE('',*,*,#12505,.T.);
#12508=ORIENTED_EDGE('',*,*,#12507,.F.);
#12509=EDGE_LOOP('',(#12486,#12488,#12490,#12492,#12494,#12496,#12498,#12500,
#12502,#12504,#12506,#12508));
#12510=FACE_OUTER_BOUND('',#12509,.F.);
#12511=ADVANCED_FACE('',(#12510),#12484,.F.);
#12512=FILL_AREA_STYLE_COLOUR('',#26);
#12513=FILL_AREA_STYLE('',(#12512));
#12514=SURFACE_STYLE_FILL_AREA(#12513);
#12515=SURFACE_SIDE_STYLE('',(#12514));
#12516=SURFACE_STYLE_USAGE(.POSITIVE.,#12515);
#12517=PRESENTATION_STYLE_ASSIGNMENT((#12516));
#12518=STYLED_ITEM('',(#12517),#12511);
#12519=CARTESIAN_POINT('',(2.317366537373E1,-1.45E0,7.734E-1));
#12520=DIRECTION('',(-1.E0,0.E0,0.E0));
#12521=DIRECTION('',(0.E0,0.E0,1.E0));
#12522=AXIS2_PLACEMENT_3D('',#12519,#12520,#12521);
#12523=CYLINDRICAL_SURFACE('',#12522,2.E-1);
#12524=ORIENTED_EDGE('',*,*,#12308,.F.);
#12526=ORIENTED_EDGE('',*,*,#12525,.T.);
#12527=ORIENTED_EDGE('',*,*,#12448,.T.);
#12528=ORIENTED_EDGE('',*,*,#12235,.T.);
#12529=EDGE_LOOP('',(#12524,#12526,#12527,#12528));
#12530=FACE_OUTER_BOUND('',#12529,.F.);
#12531=ADVANCED_FACE('',(#12530),#12523,.F.);
#12532=FILL_AREA_STYLE_COLOUR('',#26);
#12533=FILL_AREA_STYLE('',(#12532));
#12534=SURFACE_STYLE_FILL_AREA(#12533);
#12535=SURFACE_SIDE_STYLE('',(#12534));
#12536=SURFACE_STYLE_USAGE(.POSITIVE.,#12535);
#12537=PRESENTATION_STYLE_ASSIGNMENT((#12536));
#12538=STYLED_ITEM('',(#12537),#12531);
#12539=CARTESIAN_POINT('',(-5.45E0,0.E0,3.6E0));
#12540=DIRECTION('',(1.E0,0.E0,0.E0));
#12541=DIRECTION('',(0.E0,1.E0,0.E0));
#12542=AXIS2_PLACEMENT_3D('',#12539,#12540,#12541);
#12543=PLANE('',#12542);
#12544=ORIENTED_EDGE('',*,*,#12450,.T.);
#12545=ORIENTED_EDGE('',*,*,#12525,.F.);
#12546=ORIENTED_EDGE('',*,*,#12313,.F.);
#12548=ORIENTED_EDGE('',*,*,#12547,.F.);
#12550=ORIENTED_EDGE('',*,*,#12549,.F.);
#12552=ORIENTED_EDGE('',*,*,#12551,.T.);
#12554=ORIENTED_EDGE('',*,*,#12553,.F.);
#12555=ORIENTED_EDGE('',*,*,#12170,.F.);
#12556=ORIENTED_EDGE('',*,*,#12216,.T.);
#12558=ORIENTED_EDGE('',*,*,#12557,.F.);
#12560=ORIENTED_EDGE('',*,*,#12559,.F.);
#12562=ORIENTED_EDGE('',*,*,#12561,.T.);
#12564=ORIENTED_EDGE('',*,*,#12563,.F.);
#12566=ORIENTED_EDGE('',*,*,#12565,.F.);
#12567=ORIENTED_EDGE('',*,*,#12288,.F.);
#12568=ORIENTED_EDGE('',*,*,#12334,.F.);
#12569=ORIENTED_EDGE('',*,*,#12371,.T.);
#12571=ORIENTED_EDGE('',*,*,#12570,.F.);
#12572=EDGE_LOOP('',(#12544,#12545,#12546,#12548,#12550,#12552,#12554,#12555,
#12556,#12558,#12560,#12562,#12564,#12566,#12567,#12568,#12569,#12571));
#12573=FACE_OUTER_BOUND('',#12572,.F.);
#12574=ADVANCED_FACE('',(#12573),#12543,.T.);
#12575=FILL_AREA_STYLE_COLOUR('',#26);
#12576=FILL_AREA_STYLE('',(#12575));
#12577=SURFACE_STYLE_FILL_AREA(#12576);
#12578=SURFACE_SIDE_STYLE('',(#12577));
#12579=SURFACE_STYLE_USAGE(.POSITIVE.,#12578);
#12580=PRESENTATION_STYLE_ASSIGNMENT((#12579));
#12581=STYLED_ITEM('',(#12580),#12574);
#12582=CARTESIAN_POINT('',(-2.110212E1,-2.7E0,6.734E-1));
#12583=DIRECTION('',(1.E0,0.E0,0.E0));
#12584=DIRECTION('',(0.E0,0.E0,1.E0));
#12585=AXIS2_PLACEMENT_3D('',#12582,#12583,#12584);
#12586=CYLINDRICAL_SURFACE('',#12585,3.E-1);
#12587=ORIENTED_EDGE('',*,*,#12311,.F.);
#12588=ORIENTED_EDGE('',*,*,#12269,.T.);
#12590=ORIENTED_EDGE('',*,*,#12589,.T.);
#12591=ORIENTED_EDGE('',*,*,#12547,.T.);
#12592=EDGE_LOOP('',(#12587,#12588,#12590,#12591));
#12593=FACE_OUTER_BOUND('',#12592,.F.);
#12594=ADVANCED_FACE('',(#12593),#12586,.F.);
#12595=FILL_AREA_STYLE_COLOUR('',#26);
#12596=FILL_AREA_STYLE('',(#12595));
#12597=SURFACE_STYLE_FILL_AREA(#12596);
#12598=SURFACE_SIDE_STYLE('',(#12597));
#12599=SURFACE_STYLE_USAGE(.POSITIVE.,#12598);
#12600=PRESENTATION_STYLE_ASSIGNMENT((#12599));
#12601=STYLED_ITEM('',(#12600),#12594);
#12602=CARTESIAN_POINT('',(-5.85E0,-3.E0,-1.381E-1));
#12603=DIRECTION('',(0.E0,-1.E0,0.E0));
#12604=DIRECTION('',(0.E0,0.E0,1.E0));
#12605=AXIS2_PLACEMENT_3D('',#12602,#12603,#12604);
#12606=PLANE('',#12605);
#12607=ORIENTED_EDGE('',*,*,#12589,.F.);
#12608=ORIENTED_EDGE('',*,*,#12267,.F.);
#12610=ORIENTED_EDGE('',*,*,#12609,.F.);
#12612=ORIENTED_EDGE('',*,*,#12611,.T.);
#12614=ORIENTED_EDGE('',*,*,#12613,.T.);
#12616=ORIENTED_EDGE('',*,*,#12615,.T.);
#12618=ORIENTED_EDGE('',*,*,#12617,.F.);
#12619=ORIENTED_EDGE('',*,*,#12549,.T.);
#12620=EDGE_LOOP('',(#12607,#12608,#12610,#12612,#12614,#12616,#12618,#12619));
#12621=FACE_OUTER_BOUND('',#12620,.F.);
#12622=ADVANCED_FACE('',(#12621),#12606,.F.);
#12623=FILL_AREA_STYLE_COLOUR('',#26);
#12624=FILL_AREA_STYLE('',(#12623));
#12625=SURFACE_STYLE_FILL_AREA(#12624);
#12626=SURFACE_SIDE_STYLE('',(#12625));
#12627=SURFACE_STYLE_USAGE(.POSITIVE.,#12626);
#12628=PRESENTATION_STYLE_ASSIGNMENT((#12627));
#12629=STYLED_ITEM('',(#12628),#12622);
#12630=CARTESIAN_POINT('',(-5.45E0,2.164368059379E1,2.619E-1));
#12631=DIRECTION('',(0.E0,-1.E0,0.E0));
#12632=DIRECTION('',(-1.E0,0.E0,0.E0));
#12633=AXIS2_PLACEMENT_3D('',#12630,#12631,#12632);
#12634=CYLINDRICAL_SURFACE('',#12633,4.E-1);
#12636=ORIENTED_EDGE('',*,*,#12635,.T.);
#12638=ORIENTED_EDGE('',*,*,#12637,.F.);
#12639=ORIENTED_EDGE('',*,*,#12609,.T.);
#12640=ORIENTED_EDGE('',*,*,#12265,.T.);
#12641=EDGE_LOOP('',(#12636,#12638,#12639,#12640));
#12642=FACE_OUTER_BOUND('',#12641,.F.);
#12643=ADVANCED_FACE('',(#12642),#12634,.T.);
#12644=FILL_AREA_STYLE_COLOUR('',#26);
#12645=FILL_AREA_STYLE('',(#12644));
#12646=SURFACE_STYLE_FILL_AREA(#12645);
#12647=SURFACE_SIDE_STYLE('',(#12646));
#12648=SURFACE_STYLE_USAGE(.POSITIVE.,#12647);
#12649=PRESENTATION_STYLE_ASSIGNMENT((#12648));
#12650=STYLED_ITEM('',(#12649),#12643);
#12651=CARTESIAN_POINT('',(-5.25E0,-4.6E0,4.E0));
#12652=DIRECTION('',(0.E0,1.E0,0.E0));
#12653=DIRECTION('',(-1.E0,0.E0,0.E0));
#12654=AXIS2_PLACEMENT_3D('',#12651,#12652,#12653);
#12655=PLANE('',#12654);
#12656=ORIENTED_EDGE('',*,*,#12021,.F.);
#12657=ORIENTED_EDGE('',*,*,#12172,.F.);
#12658=ORIENTED_EDGE('',*,*,#12553,.T.);
#12660=ORIENTED_EDGE('',*,*,#12659,.F.);
#12662=ORIENTED_EDGE('',*,*,#12661,.T.);
#12664=ORIENTED_EDGE('',*,*,#12663,.F.);
#12666=ORIENTED_EDGE('',*,*,#12665,.T.);
#12667=ORIENTED_EDGE('',*,*,#12635,.F.);
#12668=ORIENTED_EDGE('',*,*,#12263,.T.);
#12670=ORIENTED_EDGE('',*,*,#12669,.F.);
#12671=ORIENTED_EDGE('',*,*,#11702,.T.);
#12673=ORIENTED_EDGE('',*,*,#12672,.T.);
#12674=EDGE_LOOP('',(#12656,#12657,#12658,#12660,#12662,#12664,#12666,#12667,
#12668,#12670,#12671,#12673));
#12675=FACE_OUTER_BOUND('',#12674,.F.);
#12676=ADVANCED_FACE('',(#12675),#12655,.F.);
#12677=FILL_AREA_STYLE_COLOUR('',#26);
#12678=FILL_AREA_STYLE('',(#12677));
#12679=SURFACE_STYLE_FILL_AREA(#12678);
#12680=SURFACE_SIDE_STYLE('',(#12679));
#12681=SURFACE_STYLE_USAGE(.POSITIVE.,#12680);
#12682=PRESENTATION_STYLE_ASSIGNMENT((#12681));
#12683=STYLED_ITEM('',(#12682),#12676);
#12684=CARTESIAN_POINT('',(-5.25E0,2.164368059379E1,4.619E-1));
#12685=DIRECTION('',(0.E0,-1.E0,0.E0));
#12686=DIRECTION('',(-1.E0,0.E0,0.E0));
#12687=AXIS2_PLACEMENT_3D('',#12684,#12685,#12686);
#12688=CYLINDRICAL_SURFACE('',#12687,2.E-1);
#12689=ORIENTED_EDGE('',*,*,#12551,.F.);
#12690=ORIENTED_EDGE('',*,*,#12617,.T.);
#12692=ORIENTED_EDGE('',*,*,#12691,.T.);
#12693=ORIENTED_EDGE('',*,*,#12659,.T.);
#12694=EDGE_LOOP('',(#12689,#12690,#12692,#12693));
#12695=FACE_OUTER_BOUND('',#12694,.F.);
#12696=ADVANCED_FACE('',(#12695),#12688,.F.);
#12697=FILL_AREA_STYLE_COLOUR('',#26);
#12698=FILL_AREA_STYLE('',(#12697));
#12699=SURFACE_STYLE_FILL_AREA(#12698);
#12700=SURFACE_SIDE_STYLE('',(#12699));
#12701=SURFACE_STYLE_USAGE(.POSITIVE.,#12700);
#12702=PRESENTATION_STYLE_ASSIGNMENT((#12701));
#12703=STYLED_ITEM('',(#12702),#12696);
#12704=CARTESIAN_POINT('',(-5.45E0,0.E0,2.619E-1));
#12705=DIRECTION('',(0.E0,0.E0,1.E0));
#12706=DIRECTION('',(0.E0,1.E0,0.E0));
#12707=AXIS2_PLACEMENT_3D('',#12704,#12705,#12706);
#12708=PLANE('',#12707);
#12709=ORIENTED_EDGE('',*,*,#12691,.F.);
#12710=ORIENTED_EDGE('',*,*,#12615,.F.);
#12712=ORIENTED_EDGE('',*,*,#12711,.F.);
#12714=ORIENTED_EDGE('',*,*,#12713,.F.);
#12715=ORIENTED_EDGE('',*,*,#12661,.F.);
#12716=EDGE_LOOP('',(#12709,#12710,#12712,#12714,#12715));
#12717=FACE_OUTER_BOUND('',#12716,.F.);
#12718=ADVANCED_FACE('',(#12717),#12708,.T.);
#12719=FILL_AREA_STYLE_COLOUR('',#26);
#12720=FILL_AREA_STYLE('',(#12719));
#12721=SURFACE_STYLE_FILL_AREA(#12720);
#12722=SURFACE_SIDE_STYLE('',(#12721));
#12723=SURFACE_STYLE_USAGE(.POSITIVE.,#12722);
#12724=PRESENTATION_STYLE_ASSIGNMENT((#12723));
#12725=STYLED_ITEM('',(#12724),#12718);
#12726=CARTESIAN_POINT('',(-3.439894020662E0,-3.8E0,-1.381E-1));
#12727=DIRECTION('',(-6.974639139727E-1,-7.166199053236E-1,0.E0));
#12728=DIRECTION('',(-7.166199053236E-1,6.974639139727E-1,0.E0));
#12729=AXIS2_PLACEMENT_3D('',#12726,#12727,#12728);
#12730=PLANE('',#12729);
#12732=ORIENTED_EDGE('',*,*,#12731,.F.);
#12734=ORIENTED_EDGE('',*,*,#12733,.T.);
#12735=ORIENTED_EDGE('',*,*,#12711,.T.);
#12736=ORIENTED_EDGE('',*,*,#12613,.F.);
#12737=EDGE_LOOP('',(#12732,#12734,#12735,#12736));
#12738=FACE_OUTER_BOUND('',#12737,.F.);
#12739=ADVANCED_FACE('',(#12738),#12730,.F.);
#12740=FILL_AREA_STYLE_COLOUR('',#26);
#12741=FILL_AREA_STYLE('',(#12740));
#12742=SURFACE_STYLE_FILL_AREA(#12741);
#12743=SURFACE_SIDE_STYLE('',(#12742));
#12744=SURFACE_STYLE_USAGE(.POSITIVE.,#12743);
#12745=PRESENTATION_STYLE_ASSIGNMENT((#12744));
#12746=STYLED_ITEM('',(#12745),#12739);
#12747=CARTESIAN_POINT('',(-5.85E0,-4.6E0,-1.381E-1));
#12748=DIRECTION('',(0.E0,0.E0,1.E0));
#12749=DIRECTION('',(0.E0,1.E0,0.E0));
#12750=AXIS2_PLACEMENT_3D('',#12747,#12748,#12749);
#12751=PLANE('',#12750);
#12752=ORIENTED_EDGE('',*,*,#12637,.T.);
#12753=ORIENTED_EDGE('',*,*,#12665,.F.);
#12755=ORIENTED_EDGE('',*,*,#12754,.T.);
#12756=ORIENTED_EDGE('',*,*,#12731,.T.);
#12757=ORIENTED_EDGE('',*,*,#12611,.F.);
#12758=EDGE_LOOP('',(#12752,#12753,#12755,#12756,#12757));
#12759=FACE_OUTER_BOUND('',#12758,.F.);
#12760=ADVANCED_FACE('',(#12759),#12751,.F.);
#12761=FILL_AREA_STYLE_COLOUR('',#26);
#12762=FILL_AREA_STYLE('',(#12761));
#12763=SURFACE_STYLE_FILL_AREA(#12762);
#12764=SURFACE_SIDE_STYLE('',(#12763));
#12765=SURFACE_STYLE_USAGE(.POSITIVE.,#12764);
#12766=PRESENTATION_STYLE_ASSIGNMENT((#12765));
#12767=STYLED_ITEM('',(#12766),#12760);
#12768=CARTESIAN_POINT('',(-3.439894020662E0,-4.6E0,-1.381E-1));
#12769=DIRECTION('',(-1.E0,0.E0,0.E0));
#12770=DIRECTION('',(0.E0,1.E0,0.E0));
#12771=AXIS2_PLACEMENT_3D('',#12768,#12769,#12770);
#12772=PLANE('',#12771);
#12773=ORIENTED_EDGE('',*,*,#12754,.F.);
#12774=ORIENTED_EDGE('',*,*,#12663,.T.);
#12775=ORIENTED_EDGE('',*,*,#12713,.T.);
#12776=ORIENTED_EDGE('',*,*,#12733,.F.);
#12777=EDGE_LOOP('',(#12773,#12774,#12775,#12776));
#12778=FACE_OUTER_BOUND('',#12777,.F.);
#12779=ADVANCED_FACE('',(#12778),#12772,.F.);
#12780=FILL_AREA_STYLE_COLOUR('',#26);
#12781=FILL_AREA_STYLE('',(#12780));
#12782=SURFACE_STYLE_FILL_AREA(#12781);
#12783=SURFACE_SIDE_STYLE('',(#12782));
#12784=SURFACE_STYLE_USAGE(.POSITIVE.,#12783);
#12785=PRESENTATION_STYLE_ASSIGNMENT((#12784));
#12786=STYLED_ITEM('',(#12785),#12779);
#12787=CARTESIAN_POINT('',(-5.45E0,2.164368059379E1,3.6E0));
#12788=DIRECTION('',(0.E0,-1.E0,0.E0));
#12789=DIRECTION('',(0.E0,0.E0,1.E0));
#12790=AXIS2_PLACEMENT_3D('',#12787,#12788,#12789);
#12791=CYLINDRICAL_SURFACE('',#12790,4.E-1);
#12792=ORIENTED_EDGE('',*,*,#12261,.F.);
#12794=ORIENTED_EDGE('',*,*,#12793,.T.);
#12795=ORIENTED_EDGE('',*,*,#11680,.T.);
#12796=ORIENTED_EDGE('',*,*,#12669,.T.);
#12797=EDGE_LOOP('',(#12792,#12794,#12795,#12796));
#12798=FACE_OUTER_BOUND('',#12797,.F.);
#12799=ADVANCED_FACE('',(#12798),#12791,.T.);
#12800=FILL_AREA_STYLE_COLOUR('',#26);
#12801=FILL_AREA_STYLE('',(#12800));
#12802=SURFACE_STYLE_FILL_AREA(#12801);
#12803=SURFACE_SIDE_STYLE('',(#12802));
#12804=SURFACE_STYLE_USAGE(.POSITIVE.,#12803);
#12805=PRESENTATION_STYLE_ASSIGNMENT((#12804));
#12806=STYLED_ITEM('',(#12805),#12799);
#12807=CARTESIAN_POINT('',(-4.0481E0,-1.450133231810E0,3.6E0));
#12808=DIRECTION('',(0.E0,1.E0,0.E0));
#12809=DIRECTION('',(-1.E0,0.E0,0.E0));
#12810=AXIS2_PLACEMENT_3D('',#12807,#12808,#12809);
#12811=PLANE('',#12810);
#12812=ORIENTED_EDGE('',*,*,#12192,.F.);
#12813=ORIENTED_EDGE('',*,*,#12041,.F.);
#12815=ORIENTED_EDGE('',*,*,#12814,.T.);
#12816=ORIENTED_EDGE('',*,*,#11682,.T.);
#12817=ORIENTED_EDGE('',*,*,#12793,.F.);
#12818=EDGE_LOOP('',(#12812,#12813,#12815,#12816,#12817));
#12819=FACE_OUTER_BOUND('',#12818,.F.);
#12820=ADVANCED_FACE('',(#12819),#12811,.T.);
#12821=FILL_AREA_STYLE_COLOUR('',#26);
#12822=FILL_AREA_STYLE('',(#12821));
#12823=SURFACE_STYLE_FILL_AREA(#12822);
#12824=SURFACE_SIDE_STYLE('',(#12823));
#12825=SURFACE_STYLE_USAGE(.POSITIVE.,#12824);
#12826=PRESENTATION_STYLE_ASSIGNMENT((#12825));
#12827=STYLED_ITEM('',(#12826),#12820);
#12828=CARTESIAN_POINT('',(0.E0,0.E0,3.6E0));
#12829=DIRECTION('',(0.E0,0.E0,1.E0));
#12830=DIRECTION('',(1.E0,0.E0,0.E0));
#12831=AXIS2_PLACEMENT_3D('',#12828,#12829,#12830);
#12832=CYLINDRICAL_SURFACE('',#12831,4.3E0);
#12833=ORIENTED_EDGE('',*,*,#12039,.F.);
#12835=ORIENTED_EDGE('',*,*,#12834,.T.);
#12836=ORIENTED_EDGE('',*,*,#11684,.T.);
#12837=ORIENTED_EDGE('',*,*,#12814,.F.);
#12838=EDGE_LOOP('',(#12833,#12835,#12836,#12837));
#12839=FACE_OUTER_BOUND('',#12838,.F.);
#12840=ADVANCED_FACE('',(#12839),#12832,.F.);
#12841=FILL_AREA_STYLE_COLOUR('',#26);
#12842=FILL_AREA_STYLE('',(#12841));
#12843=SURFACE_STYLE_FILL_AREA(#12842);
#12844=SURFACE_SIDE_STYLE('',(#12843));
#12845=SURFACE_STYLE_USAGE(.POSITIVE.,#12844);
#12846=PRESENTATION_STYLE_ASSIGNMENT((#12845));
#12847=STYLED_ITEM('',(#12846),#12840);
#12848=CARTESIAN_POINT('',(5.85E0,-1.450133231810E0,3.6E0));
#12849=DIRECTION('',(0.E0,1.E0,0.E0));
#12850=DIRECTION('',(-1.E0,0.E0,0.E0));
#12851=AXIS2_PLACEMENT_3D('',#12848,#12849,#12850);
#12852=PLANE('',#12851);
#12854=ORIENTED_EDGE('',*,*,#12853,.F.);
#12856=ORIENTED_EDGE('',*,*,#12855,.F.);
#12857=ORIENTED_EDGE('',*,*,#11686,.T.);
#12858=ORIENTED_EDGE('',*,*,#12834,.F.);
#12859=ORIENTED_EDGE('',*,*,#12037,.F.);
#12860=EDGE_LOOP('',(#12854,#12856,#12857,#12858,#12859));
#12861=FACE_OUTER_BOUND('',#12860,.F.);
#12862=ADVANCED_FACE('',(#12861),#12852,.T.);
#12863=FILL_AREA_STYLE_COLOUR('',#26);
#12864=FILL_AREA_STYLE('',(#12863));
#12865=SURFACE_STYLE_FILL_AREA(#12864);
#12866=SURFACE_SIDE_STYLE('',(#12865));
#12867=SURFACE_STYLE_USAGE(.POSITIVE.,#12866);
#12868=PRESENTATION_STYLE_ASSIGNMENT((#12867));
#12869=STYLED_ITEM('',(#12868),#12862);
#12870=CARTESIAN_POINT('',(2.110212E1,-1.350133231810E0,3.6E0));
#12871=DIRECTION('',(-1.E0,0.E0,0.E0));
#12872=DIRECTION('',(0.E0,0.E0,-1.E0));
#12873=AXIS2_PLACEMENT_3D('',#12870,#12871,#12872);
#12874=CYLINDRICAL_SURFACE('',#12873,1.E-1);
#12876=ORIENTED_EDGE('',*,*,#12875,.F.);
#12878=ORIENTED_EDGE('',*,*,#12877,.T.);
#12879=ORIENTED_EDGE('',*,*,#12853,.T.);
#12881=ORIENTED_EDGE('',*,*,#12880,.T.);
#12882=EDGE_LOOP('',(#12876,#12878,#12879,#12881));
#12883=FACE_OUTER_BOUND('',#12882,.F.);
#12884=ADVANCED_FACE('',(#12883),#12874,.F.);
#12885=FILL_AREA_STYLE_COLOUR('',#26);
#12886=FILL_AREA_STYLE('',(#12885));
#12887=SURFACE_STYLE_FILL_AREA(#12886);
#12888=SURFACE_SIDE_STYLE('',(#12887));
#12889=SURFACE_STYLE_USAGE(.POSITIVE.,#12888);
#12890=PRESENTATION_STYLE_ASSIGNMENT((#12889));
#12891=STYLED_ITEM('',(#12890),#12884);
#12892=CARTESIAN_POINT('',(0.E0,0.E0,3.5E0));
#12893=DIRECTION('',(0.E0,0.E0,1.E0));
#12894=DIRECTION('',(0.E0,1.E0,0.E0));
#12895=AXIS2_PLACEMENT_3D('',#12892,#12893,#12894);
#12896=PLANE('',#12895);
#12897=ORIENTED_EDGE('',*,*,#12875,.T.);
#12899=ORIENTED_EDGE('',*,*,#12898,.T.);
#12901=ORIENTED_EDGE('',*,*,#12900,.T.);
#12903=ORIENTED_EDGE('',*,*,#12902,.F.);
#12904=EDGE_LOOP('',(#12897,#12899,#12901,#12903));
#12905=FACE_OUTER_BOUND('',#12904,.F.);
#12906=ADVANCED_FACE('',(#12905),#12896,.T.);
#12907=FILL_AREA_STYLE_COLOUR('',#26);
#12908=FILL_AREA_STYLE('',(#12907));
#12909=SURFACE_STYLE_FILL_AREA(#12908);
#12910=SURFACE_SIDE_STYLE('',(#12909));
#12911=SURFACE_STYLE_USAGE(.POSITIVE.,#12910);
#12912=PRESENTATION_STYLE_ASSIGNMENT((#12911));
#12913=STYLED_ITEM('',(#12912),#12906);
#12914=CARTESIAN_POINT('',(5.45E0,0.E0,3.6E0));
#12915=DIRECTION('',(1.E0,0.E0,0.E0));
#12916=DIRECTION('',(0.E0,1.E0,0.E0));
#12917=AXIS2_PLACEMENT_3D('',#12914,#12915,#12916);
#12918=PLANE('',#12917);
#12919=ORIENTED_EDGE('',*,*,#12390,.T.);
#12921=ORIENTED_EDGE('',*,*,#12920,.F.);
#12923=ORIENTED_EDGE('',*,*,#12922,.T.);
#12925=ORIENTED_EDGE('',*,*,#12924,.F.);
#12927=ORIENTED_EDGE('',*,*,#12926,.T.);
#12929=ORIENTED_EDGE('',*,*,#12928,.T.);
#12931=ORIENTED_EDGE('',*,*,#12930,.T.);
#12933=ORIENTED_EDGE('',*,*,#12932,.F.);
#12934=ORIENTED_EDGE('',*,*,#12898,.F.);
#12936=ORIENTED_EDGE('',*,*,#12935,.F.);
#12938=ORIENTED_EDGE('',*,*,#12937,.T.);
#12940=ORIENTED_EDGE('',*,*,#12939,.T.);
#12942=ORIENTED_EDGE('',*,*,#12941,.T.);
#12944=ORIENTED_EDGE('',*,*,#12943,.F.);
#12946=ORIENTED_EDGE('',*,*,#12945,.T.);
#12948=ORIENTED_EDGE('',*,*,#12947,.F.);
#12949=ORIENTED_EDGE('',*,*,#12507,.T.);
#12951=ORIENTED_EDGE('',*,*,#12950,.T.);
#12952=EDGE_LOOP('',(#12919,#12921,#12923,#12925,#12927,#12929,#12931,#12933,
#12934,#12936,#12938,#12940,#12942,#12944,#12946,#12948,#12949,#12951));
#12953=FACE_OUTER_BOUND('',#12952,.F.);
#12954=ADVANCED_FACE('',(#12953),#12918,.F.);
#12955=FILL_AREA_STYLE_COLOUR('',#26);
#12956=FILL_AREA_STYLE('',(#12955));
#12957=SURFACE_STYLE_FILL_AREA(#12956);
#12958=SURFACE_SIDE_STYLE('',(#12957));
#12959=SURFACE_STYLE_USAGE(.POSITIVE.,#12958);
#12960=PRESENTATION_STYLE_ASSIGNMENT((#12959));
#12961=STYLED_ITEM('',(#12960),#12954);
#12962=CARTESIAN_POINT('',(-2.317366537373E1,1.45E0,7.734E-1));
#12963=DIRECTION('',(1.E0,0.E0,0.E0));
#12964=DIRECTION('',(0.E0,0.E0,1.E0));
#12965=AXIS2_PLACEMENT_3D('',#12962,#12963,#12964);
#12966=CYLINDRICAL_SURFACE('',#12965,2.E-1);
#12968=ORIENTED_EDGE('',*,*,#12967,.F.);
#12969=ORIENTED_EDGE('',*,*,#12920,.T.);
#12970=ORIENTED_EDGE('',*,*,#12388,.T.);
#12972=ORIENTED_EDGE('',*,*,#12971,.T.);
#12973=EDGE_LOOP('',(#12968,#12969,#12970,#12972));
#12974=FACE_OUTER_BOUND('',#12973,.F.);
#12975=ADVANCED_FACE('',(#12974),#12966,.F.);
#12976=FILL_AREA_STYLE_COLOUR('',#26);
#12977=FILL_AREA_STYLE('',(#12976));
#12978=SURFACE_STYLE_FILL_AREA(#12977);
#12979=SURFACE_SIDE_STYLE('',(#12978));
#12980=SURFACE_STYLE_USAGE(.POSITIVE.,#12979);
#12981=PRESENTATION_STYLE_ASSIGNMENT((#12980));
#12982=STYLED_ITEM('',(#12981),#12975);
#12983=CARTESIAN_POINT('',(5.85E0,-3.E0,9.734E-1));
#12984=DIRECTION('',(0.E0,0.E0,-1.E0));
#12985=DIRECTION('',(0.E0,1.E0,0.E0));
#12986=AXIS2_PLACEMENT_3D('',#12983,#12984,#12985);
#12987=PLANE('',#12986);
#12989=ORIENTED_EDGE('',*,*,#12988,.T.);
#12990=ORIENTED_EDGE('',*,*,#12945,.F.);
#12992=ORIENTED_EDGE('',*,*,#12991,.T.);
#12994=ORIENTED_EDGE('',*,*,#12993,.T.);
#12995=EDGE_LOOP('',(#12989,#12990,#12992,#12994));
#12996=FACE_OUTER_BOUND('',#12995,.F.);
#12997=ADVANCED_FACE('',(#12996),#12987,.T.);
#12998=FILL_AREA_STYLE_COLOUR('',#26);
#12999=FILL_AREA_STYLE('',(#12998));
#13000=SURFACE_STYLE_FILL_AREA(#12999);
#13001=SURFACE_SIDE_STYLE('',(#13000));
#13002=SURFACE_STYLE_USAGE(.POSITIVE.,#13001);
#13003=PRESENTATION_STYLE_ASSIGNMENT((#13002));
#13004=STYLED_ITEM('',(#13003),#12997);
#13005=CARTESIAN_POINT('',(5.85E0,-3.E0,9.734E-1));
#13006=DIRECTION('',(0.E0,0.E0,-1.E0));
#13007=DIRECTION('',(0.E0,1.E0,0.E0));
#13008=AXIS2_PLACEMENT_3D('',#13005,#13006,#13007);
#13009=PLANE('',#13008);
#13010=ORIENTED_EDGE('',*,*,#12967,.T.);
#13012=ORIENTED_EDGE('',*,*,#13011,.T.);
#13014=ORIENTED_EDGE('',*,*,#13013,.F.);
#13015=ORIENTED_EDGE('',*,*,#12922,.F.);
#13016=EDGE_LOOP('',(#13010,#13012,#13014,#13015));
#13017=FACE_OUTER_BOUND('',#13016,.F.);
#13018=ADVANCED_FACE('',(#13017),#13009,.T.);
#13019=FILL_AREA_STYLE_COLOUR('',#26);
#13020=FILL_AREA_STYLE('',(#13019));
#13021=SURFACE_STYLE_FILL_AREA(#13020);
#13022=SURFACE_SIDE_STYLE('',(#13021));
#13023=SURFACE_STYLE_USAGE(.POSITIVE.,#13022);
#13024=PRESENTATION_STYLE_ASSIGNMENT((#13023));
#13025=STYLED_ITEM('',(#13024),#13018);
#13026=CARTESIAN_POINT('',(2.317366537373E1,-1.45E0,7.734E-1));
#13027=DIRECTION('',(-1.E0,0.E0,0.E0));
#13028=DIRECTION('',(0.E0,0.E0,1.E0));
#13029=AXIS2_PLACEMENT_3D('',#13026,#13027,#13028);
#13030=CYLINDRICAL_SURFACE('',#13029,2.E-1);
#13031=ORIENTED_EDGE('',*,*,#12988,.F.);
#13033=ORIENTED_EDGE('',*,*,#13032,.T.);
#13034=ORIENTED_EDGE('',*,*,#12485,.T.);
#13035=ORIENTED_EDGE('',*,*,#12947,.T.);
#13036=EDGE_LOOP('',(#13031,#13033,#13034,#13035));
#13037=FACE_OUTER_BOUND('',#13036,.F.);
#13038=ADVANCED_FACE('',(#13037),#13030,.F.);
#13039=FILL_AREA_STYLE_COLOUR('',#26);
#13040=FILL_AREA_STYLE('',(#13039));
#13041=SURFACE_STYLE_FILL_AREA(#13040);
#13042=SURFACE_SIDE_STYLE('',(#13041));
#13043=SURFACE_STYLE_USAGE(.POSITIVE.,#13042);
#13044=PRESENTATION_STYLE_ASSIGNMENT((#13043));
#13045=STYLED_ITEM('',(#13044),#13038);
#13046=CARTESIAN_POINT('',(5.85E0,1.450133231810E0,3.6E0));
#13047=DIRECTION('',(1.E0,0.E0,0.E0));
#13048=DIRECTION('',(0.E0,1.E0,0.E0));
#13049=AXIS2_PLACEMENT_3D('',#13046,#13047,#13048);
#13050=PLANE('',#13049);
#13051=ORIENTED_EDGE('',*,*,#13011,.F.);
#13052=ORIENTED_EDGE('',*,*,#12971,.F.);
#13053=ORIENTED_EDGE('',*,*,#12410,.T.);
#13055=ORIENTED_EDGE('',*,*,#13054,.F.);
#13056=ORIENTED_EDGE('',*,*,#12487,.T.);
#13057=ORIENTED_EDGE('',*,*,#13032,.F.);
#13058=ORIENTED_EDGE('',*,*,#12993,.F.);
#13060=ORIENTED_EDGE('',*,*,#13059,.F.);
#13062=ORIENTED_EDGE('',*,*,#13061,.F.);
#13064=ORIENTED_EDGE('',*,*,#13063,.F.);
#13066=ORIENTED_EDGE('',*,*,#13065,.F.);
#13068=ORIENTED_EDGE('',*,*,#13067,.T.);
#13069=ORIENTED_EDGE('',*,*,#12877,.F.);
#13070=ORIENTED_EDGE('',*,*,#12902,.T.);
#13072=ORIENTED_EDGE('',*,*,#13071,.F.);
#13074=ORIENTED_EDGE('',*,*,#13073,.T.);
#13076=ORIENTED_EDGE('',*,*,#13075,.F.);
#13078=ORIENTED_EDGE('',*,*,#13077,.F.);
#13080=ORIENTED_EDGE('',*,*,#13079,.F.);
#13082=ORIENTED_EDGE('',*,*,#13081,.F.);
#13083=EDGE_LOOP('',(#13051,#13052,#13053,#13055,#13056,#13057,#13058,#13060,
#13062,#13064,#13066,#13068,#13069,#13070,#13072,#13074,#13076,#13078,#13080,
#13082));
#13084=FACE_OUTER_BOUND('',#13083,.F.);
#13085=ADVANCED_FACE('',(#13084),#13050,.T.);
#13086=FILL_AREA_STYLE_COLOUR('',#26);
#13087=FILL_AREA_STYLE('',(#13086));
#13088=SURFACE_STYLE_FILL_AREA(#13087);
#13089=SURFACE_SIDE_STYLE('',(#13088));
#13090=SURFACE_STYLE_USAGE(.POSITIVE.,#13089);
#13091=PRESENTATION_STYLE_ASSIGNMENT((#13090));
#13092=STYLED_ITEM('',(#13091),#13085);
#13093=CARTESIAN_POINT('',(6.7039E0,-1.25E0,-1.274890629039E0));
#13094=DIRECTION('',(0.E0,1.E0,0.E0));
#13095=DIRECTION('',(-1.E0,0.E0,0.E0));
#13096=AXIS2_PLACEMENT_3D('',#13093,#13094,#13095);
#13097=CYLINDRICAL_SURFACE('',#13096,8.539E-1);
#13098=ORIENTED_EDGE('',*,*,#12489,.F.);
#13099=ORIENTED_EDGE('',*,*,#13054,.T.);
#13100=ORIENTED_EDGE('',*,*,#12408,.T.);
#13102=ORIENTED_EDGE('',*,*,#13101,.F.);
#13103=EDGE_LOOP('',(#13098,#13099,#13100,#13102));
#13104=FACE_OUTER_BOUND('',#13103,.F.);
#13105=ADVANCED_FACE('',(#13104),#13097,.F.);
#13106=FILL_AREA_STYLE_COLOUR('',#26);
#13107=FILL_AREA_STYLE('',(#13106));
#13108=SURFACE_STYLE_FILL_AREA(#13107);
#13109=SURFACE_SIDE_STYLE('',(#13108));
#13110=SURFACE_STYLE_USAGE(.POSITIVE.,#13109);
#13111=PRESENTATION_STYLE_ASSIGNMENT((#13110));
#13112=STYLED_ITEM('',(#13111),#13105);
#13113=CARTESIAN_POINT('',(6.012412758298E0,-1.25E0,-1.775880254244E0));
#13114=DIRECTION('',(8.097988543174E-1,0.E0,5.867076065181E-1));
#13115=DIRECTION('',(5.867076065181E-1,0.E0,-8.097988543174E-1));
#13116=AXIS2_PLACEMENT_3D('',#13113,#13114,#13115);
#13117=PLANE('',#13116);
#13118=ORIENTED_EDGE('',*,*,#12491,.F.);
#13119=ORIENTED_EDGE('',*,*,#13101,.T.);
#13120=ORIENTED_EDGE('',*,*,#12406,.T.);
#13122=ORIENTED_EDGE('',*,*,#13121,.F.);
#13123=EDGE_LOOP('',(#13118,#13119,#13120,#13122));
#13124=FACE_OUTER_BOUND('',#13123,.F.);
#13125=ADVANCED_FACE('',(#13124),#13117,.T.);
#13126=FILL_AREA_STYLE_COLOUR('',#26);
#13127=FILL_AREA_STYLE('',(#13126));
#13128=SURFACE_STYLE_FILL_AREA(#13127);
#13129=SURFACE_SIDE_STYLE('',(#13128));
#13130=SURFACE_STYLE_USAGE(.POSITIVE.,#13129);
#13131=PRESENTATION_STYLE_ASSIGNMENT((#13130));
#13132=STYLED_ITEM('',(#13131),#13125);
#13133=CARTESIAN_POINT('',(6.1156E0,-1.25E0,-2.441562624425E0));
#13134=DIRECTION('',(0.E0,1.E0,0.E0));
#13135=DIRECTION('',(-1.E0,0.E0,0.E0));
#13136=AXIS2_PLACEMENT_3D('',#13133,#13134,#13135);
#13137=CYLINDRICAL_SURFACE('',#13136,3.07E-1);
#13138=ORIENTED_EDGE('',*,*,#12493,.F.);
#13139=ORIENTED_EDGE('',*,*,#13121,.T.);
#13140=ORIENTED_EDGE('',*,*,#12404,.T.);
#13142=ORIENTED_EDGE('',*,*,#13141,.F.);
#13143=EDGE_LOOP('',(#13138,#13139,#13140,#13142));
#13144=FACE_OUTER_BOUND('',#13143,.F.);
#13145=ADVANCED_FACE('',(#13144),#13137,.T.);
#13146=FILL_AREA_STYLE_COLOUR('',#26);
#13147=FILL_AREA_STYLE('',(#13146));
#13148=SURFACE_STYLE_FILL_AREA(#13147);
#13149=SURFACE_SIDE_STYLE('',(#13148));
#13150=SURFACE_STYLE_USAGE(.POSITIVE.,#13149);
#13151=PRESENTATION_STYLE_ASSIGNMENT((#13150));
#13152=STYLED_ITEM('',(#13151),#13145);
#13153=CARTESIAN_POINT('',(6.363155996451E0,-1.25E0,-2.623125364604E0));
#13154=DIRECTION('',(8.063713239440E-1,0.E0,-5.914095771297E-1));
#13155=DIRECTION('',(-5.914095771297E-1,0.E0,-8.063713239440E-1));
#13156=AXIS2_PLACEMENT_3D('',#13153,#13154,#13155);
#13157=PLANE('',#13156);
#13159=ORIENTED_EDGE('',*,*,#13158,.F.);
#13160=ORIENTED_EDGE('',*,*,#12495,.F.);
#13161=ORIENTED_EDGE('',*,*,#13141,.T.);
#13162=ORIENTED_EDGE('',*,*,#12402,.T.);
#13164=ORIENTED_EDGE('',*,*,#13163,.F.);
#13166=ORIENTED_EDGE('',*,*,#13165,.F.);
#13167=EDGE_LOOP('',(#13159,#13160,#13161,#13162,#13164,#13166));
#13168=FACE_OUTER_BOUND('',#13167,.F.);
#13169=ADVANCED_FACE('',(#13168),#13157,.T.);
#13170=FILL_AREA_STYLE_COLOUR('',#26);
#13171=FILL_AREA_STYLE('',(#13170));
#13172=SURFACE_STYLE_FILL_AREA(#13171);
#13173=SURFACE_SIDE_STYLE('',(#13172));
#13174=SURFACE_STYLE_USAGE(.POSITIVE.,#13173);
#13175=PRESENTATION_STYLE_ASSIGNMENT((#13174));
#13176=STYLED_ITEM('',(#13175),#13169);
#13177=CARTESIAN_POINT('',(2.317366537373E1,0.E0,-2.75E0));
#13178=DIRECTION('',(-1.E0,0.E0,0.E0));
#13179=DIRECTION('',(0.E0,-1.E0,0.E0));
#13180=AXIS2_PLACEMENT_3D('',#13177,#13178,#13179);
#13181=CYLINDRICAL_SURFACE('',#13180,1.25E0);
#13182=ORIENTED_EDGE('',*,*,#12497,.F.);
#13183=ORIENTED_EDGE('',*,*,#13158,.T.);
#13185=ORIENTED_EDGE('',*,*,#13184,.T.);
#13187=ORIENTED_EDGE('',*,*,#13186,.T.);
#13189=ORIENTED_EDGE('',*,*,#13188,.T.);
#13190=ORIENTED_EDGE('',*,*,#13163,.T.);
#13191=ORIENTED_EDGE('',*,*,#12400,.T.);
#13193=ORIENTED_EDGE('',*,*,#13192,.T.);
#13195=ORIENTED_EDGE('',*,*,#13194,.T.);
#13197=ORIENTED_EDGE('',*,*,#13196,.T.);
#13199=ORIENTED_EDGE('',*,*,#13198,.T.);
#13201=ORIENTED_EDGE('',*,*,#13200,.T.);
#13202=EDGE_LOOP('',(#13182,#13183,#13185,#13187,#13189,#13190,#13191,#13193,
#13195,#13197,#13199,#13201));
#13203=FACE_OUTER_BOUND('',#13202,.F.);
#13204=ADVANCED_FACE('',(#13203),#13181,.T.);
#13205=FILL_AREA_STYLE_COLOUR('',#26);
#13206=FILL_AREA_STYLE('',(#13205));
#13207=SURFACE_STYLE_FILL_AREA(#13206);
#13208=SURFACE_SIDE_STYLE('',(#13207));
#13209=SURFACE_STYLE_USAGE(.POSITIVE.,#13208);
#13210=PRESENTATION_STYLE_ASSIGNMENT((#13209));
#13211=STYLED_ITEM('',(#13210),#13204);
#13212=CARTESIAN_POINT('',(6.3689E0,-1.25E0,-3.492688895768E0));
#13213=DIRECTION('',(0.E0,1.E0,0.E0));
#13214=DIRECTION('',(-1.E0,0.E0,0.E0));
#13215=AXIS2_PLACEMENT_3D('',#13212,#13213,#13214);
#13216=CYLINDRICAL_SURFACE('',#13215,5.189E-1);
#13217=ORIENTED_EDGE('',*,*,#13184,.F.);
#13218=ORIENTED_EDGE('',*,*,#13165,.T.);
#13219=ORIENTED_EDGE('',*,*,#13188,.F.);
#13221=ORIENTED_EDGE('',*,*,#13220,.F.);
#13222=EDGE_LOOP('',(#13217,#13218,#13219,#13221));
#13223=FACE_OUTER_BOUND('',#13222,.F.);
#13224=ADVANCED_FACE('',(#13223),#13216,.F.);
#13225=FILL_AREA_STYLE_COLOUR('',#26);
#13226=FILL_AREA_STYLE('',(#13225));
#13227=SURFACE_STYLE_FILL_AREA(#13226);
#13228=SURFACE_SIDE_STYLE('',(#13227));
#13229=SURFACE_STYLE_USAGE(.POSITIVE.,#13228);
#13230=PRESENTATION_STYLE_ASSIGNMENT((#13229));
#13231=STYLED_ITEM('',(#13230),#13224);
#13232=CARTESIAN_POINT('',(5.85E0,-1.25E0,-3.492688895768E0));
#13233=DIRECTION('',(1.E0,0.E0,0.E0));
#13234=DIRECTION('',(0.E0,0.E0,-1.E0));
#13235=AXIS2_PLACEMENT_3D('',#13232,#13233,#13234);
#13236=PLANE('',#13235);
#13237=ORIENTED_EDGE('',*,*,#13186,.F.);
#13238=ORIENTED_EDGE('',*,*,#13220,.T.);
#13239=EDGE_LOOP('',(#13237,#13238));
#13240=FACE_OUTER_BOUND('',#13239,.F.);
#13241=ADVANCED_FACE('',(#13240),#13236,.T.);
#13242=FILL_AREA_STYLE_COLOUR('',#26);
#13243=FILL_AREA_STYLE('',(#13242));
#13244=SURFACE_STYLE_FILL_AREA(#13243);
#13245=SURFACE_SIDE_STYLE('',(#13244));
#13246=SURFACE_STYLE_USAGE(.POSITIVE.,#13245);
#13247=PRESENTATION_STYLE_ASSIGNMENT((#13246));
#13248=STYLED_ITEM('',(#13247),#13241);
#13249=CARTESIAN_POINT('',(5.627925390428E0,-1.25E0,-2.949242635344E0));
#13250=DIRECTION('',(-8.063713239440E-1,0.E0,5.914095771297E-1));
#13251=DIRECTION('',(5.914095771297E-1,0.E0,8.063713239440E-1));
#13252=AXIS2_PLACEMENT_3D('',#13249,#13250,#13251);
#13253=PLANE('',#13252);
#13254=ORIENTED_EDGE('',*,*,#13192,.F.);
#13255=ORIENTED_EDGE('',*,*,#12398,.T.);
#13257=ORIENTED_EDGE('',*,*,#13256,.F.);
#13258=ORIENTED_EDGE('',*,*,#12499,.F.);
#13259=ORIENTED_EDGE('',*,*,#13200,.F.);
#13261=ORIENTED_EDGE('',*,*,#13260,.T.);
#13262=EDGE_LOOP('',(#13254,#13255,#13257,#13258,#13259,#13261));
#13263=FACE_OUTER_BOUND('',#13262,.F.);
#13264=ADVANCED_FACE('',(#13263),#13253,.T.);
#13265=FILL_AREA_STYLE_COLOUR('',#26);
#13266=FILL_AREA_STYLE('',(#13265));
#13267=SURFACE_STYLE_FILL_AREA(#13266);
#13268=SURFACE_SIDE_STYLE('',(#13267));
#13269=SURFACE_STYLE_USAGE(.POSITIVE.,#13268);
#13270=PRESENTATION_STYLE_ASSIGNMENT((#13269));
#13271=STYLED_ITEM('',(#13270),#13264);
#13272=CARTESIAN_POINT('',(5.895595137663E0,-1.25E0,-2.440922557921E0));
#13273=DIRECTION('',(0.E0,1.E0,0.E0));
#13274=DIRECTION('',(-1.E0,0.E0,0.E0));
#13275=AXIS2_PLACEMENT_3D('',#13272,#13273,#13274);
#13276=CYLINDRICAL_SURFACE('',#13275,8.478415357744E-2);
#13277=ORIENTED_EDGE('',*,*,#12501,.F.);
#13278=ORIENTED_EDGE('',*,*,#13256,.T.);
#13279=ORIENTED_EDGE('',*,*,#12396,.T.);
#13281=ORIENTED_EDGE('',*,*,#13280,.F.);
#13282=EDGE_LOOP('',(#13277,#13278,#13279,#13281));
#13283=FACE_OUTER_BOUND('',#13282,.F.);
#13284=ADVANCED_FACE('',(#13283),#13276,.F.);
#13285=FILL_AREA_STYLE_COLOUR('',#26);
#13286=FILL_AREA_STYLE('',(#13285));
#13287=SURFACE_STYLE_FILL_AREA(#13286);
#13288=SURFACE_SIDE_STYLE('',(#13287));
#13289=SURFACE_STYLE_USAGE(.POSITIVE.,#13288);
#13290=PRESENTATION_STYLE_ASSIGNMENT((#13289));
#13291=STYLED_ITEM('',(#13290),#13284);
#13292=CARTESIAN_POINT('',(5.964253248095E0,-1.25E0,-2.391179050104E0));
#13293=DIRECTION('',(-8.097988543174E-1,0.E0,-5.867076065181E-1));
#13294=DIRECTION('',(-5.867076065181E-1,0.E0,8.097988543174E-1));
#13295=AXIS2_PLACEMENT_3D('',#13292,#13293,#13294);
#13296=PLANE('',#13295);
#13297=ORIENTED_EDGE('',*,*,#12503,.F.);
#13298=ORIENTED_EDGE('',*,*,#13280,.T.);
#13299=ORIENTED_EDGE('',*,*,#12394,.T.);
#13301=ORIENTED_EDGE('',*,*,#13300,.F.);
#13302=EDGE_LOOP('',(#13297,#13298,#13299,#13301));
#13303=FACE_OUTER_BOUND('',#13302,.F.);
#13304=ADVANCED_FACE('',(#13303),#13296,.T.);
#13305=FILL_AREA_STYLE_COLOUR('',#26);
#13306=FILL_AREA_STYLE('',(#13305));
#13307=SURFACE_STYLE_FILL_AREA(#13306);
#13308=SURFACE_SIDE_STYLE('',(#13307));
#13309=SURFACE_STYLE_USAGE(.POSITIVE.,#13308);
#13310=PRESENTATION_STYLE_ASSIGNMENT((#13309));
#13311=STYLED_ITEM('',(#13310),#13304);
#13312=CARTESIAN_POINT('',(6.7039E0,-1.25E0,-1.274890629039E0));
#13313=DIRECTION('',(0.E0,1.E0,0.E0));
#13314=DIRECTION('',(-1.E0,0.E0,0.E0));
#13315=AXIS2_PLACEMENT_3D('',#13312,#13313,#13314);
#13316=CYLINDRICAL_SURFACE('',#13315,1.2539E0);
#13317=ORIENTED_EDGE('',*,*,#12505,.F.);
#13318=ORIENTED_EDGE('',*,*,#13300,.T.);
#13319=ORIENTED_EDGE('',*,*,#12392,.T.);
#13320=ORIENTED_EDGE('',*,*,#12950,.F.);
#13321=EDGE_LOOP('',(#13317,#13318,#13319,#13320));
#13322=FACE_OUTER_BOUND('',#13321,.F.);
#13323=ADVANCED_FACE('',(#13322),#13316,.T.);
#13324=FILL_AREA_STYLE_COLOUR('',#26);
#13325=FILL_AREA_STYLE('',(#13324));
#13326=SURFACE_STYLE_FILL_AREA(#13325);
#13327=SURFACE_SIDE_STYLE('',(#13326));
#13328=SURFACE_STYLE_USAGE(.POSITIVE.,#13327);
#13329=PRESENTATION_STYLE_ASSIGNMENT((#13328));
#13330=STYLED_ITEM('',(#13329),#13323);
#13331=CARTESIAN_POINT('',(6.3689E0,-1.25E0,-3.492688895768E0));
#13332=DIRECTION('',(0.E0,1.E0,0.E0));
#13333=DIRECTION('',(-1.E0,0.E0,0.E0));
#13334=AXIS2_PLACEMENT_3D('',#13331,#13332,#13333);
#13335=CYLINDRICAL_SURFACE('',#13334,9.189E-1);
#13336=ORIENTED_EDGE('',*,*,#13194,.F.);
#13337=ORIENTED_EDGE('',*,*,#13260,.F.);
#13338=ORIENTED_EDGE('',*,*,#13198,.F.);
#13340=ORIENTED_EDGE('',*,*,#13339,.T.);
#13341=EDGE_LOOP('',(#13336,#13337,#13338,#13340));
#13342=FACE_OUTER_BOUND('',#13341,.F.);
#13343=ADVANCED_FACE('',(#13342),#13335,.T.);
#13344=FILL_AREA_STYLE_COLOUR('',#26);
#13345=FILL_AREA_STYLE('',(#13344));
#13346=SURFACE_STYLE_FILL_AREA(#13345);
#13347=SURFACE_SIDE_STYLE('',(#13346));
#13348=SURFACE_STYLE_USAGE(.POSITIVE.,#13347);
#13349=PRESENTATION_STYLE_ASSIGNMENT((#13348));
#13350=STYLED_ITEM('',(#13349),#13343);
#13351=CARTESIAN_POINT('',(5.45E0,-1.25E0,-4.E0));
#13352=DIRECTION('',(-1.E0,0.E0,0.E0));
#13353=DIRECTION('',(0.E0,0.E0,1.E0));
#13354=AXIS2_PLACEMENT_3D('',#13351,#13352,#13353);
#13355=PLANE('',#13354);
#13356=ORIENTED_EDGE('',*,*,#13196,.F.);
#13357=ORIENTED_EDGE('',*,*,#13339,.F.);
#13358=EDGE_LOOP('',(#13356,#13357));
#13359=FACE_OUTER_BOUND('',#13358,.F.);
#13360=ADVANCED_FACE('',(#13359),#13355,.T.);
#13361=FILL_AREA_STYLE_COLOUR('',#26);
#13362=FILL_AREA_STYLE('',(#13361));
#13363=SURFACE_STYLE_FILL_AREA(#13362);
#13364=SURFACE_SIDE_STYLE('',(#13363));
#13365=SURFACE_STYLE_USAGE(.POSITIVE.,#13364);
#13366=PRESENTATION_STYLE_ASSIGNMENT((#13365));
#13367=STYLED_ITEM('',(#13366),#13360);
#13368=CARTESIAN_POINT('',(-2.110212E1,-2.7E0,6.734E-1));
#13369=DIRECTION('',(1.E0,0.E0,0.E0));
#13370=DIRECTION('',(0.E0,0.E0,1.E0));
#13371=AXIS2_PLACEMENT_3D('',#13368,#13369,#13370);
#13372=CYLINDRICAL_SURFACE('',#13371,3.E-1);
#13373=ORIENTED_EDGE('',*,*,#12991,.F.);
#13374=ORIENTED_EDGE('',*,*,#12943,.T.);
#13376=ORIENTED_EDGE('',*,*,#13375,.T.);
#13377=ORIENTED_EDGE('',*,*,#13059,.T.);
#13378=EDGE_LOOP('',(#13373,#13374,#13376,#13377));
#13379=FACE_OUTER_BOUND('',#13378,.F.);
#13380=ADVANCED_FACE('',(#13379),#13372,.F.);
#13381=FILL_AREA_STYLE_COLOUR('',#26);
#13382=FILL_AREA_STYLE('',(#13381));
#13383=SURFACE_STYLE_FILL_AREA(#13382);
#13384=SURFACE_SIDE_STYLE('',(#13383));
#13385=SURFACE_STYLE_USAGE(.POSITIVE.,#13384);
#13386=PRESENTATION_STYLE_ASSIGNMENT((#13385));
#13387=STYLED_ITEM('',(#13386),#13380);
#13388=CARTESIAN_POINT('',(5.85E0,-3.E0,-1.381E-1));
#13389=DIRECTION('',(0.E0,1.E0,0.E0));
#13390=DIRECTION('',(0.E0,0.E0,1.E0));
#13391=AXIS2_PLACEMENT_3D('',#13388,#13389,#13390);
#13392=PLANE('',#13391);
#13393=ORIENTED_EDGE('',*,*,#13375,.F.);
#13394=ORIENTED_EDGE('',*,*,#12941,.F.);
#13396=ORIENTED_EDGE('',*,*,#13395,.F.);
#13398=ORIENTED_EDGE('',*,*,#13397,.F.);
#13400=ORIENTED_EDGE('',*,*,#13399,.F.);
#13402=ORIENTED_EDGE('',*,*,#13401,.T.);
#13404=ORIENTED_EDGE('',*,*,#13403,.F.);
#13405=ORIENTED_EDGE('',*,*,#13061,.T.);
#13406=EDGE_LOOP('',(#13393,#13394,#13396,#13398,#13400,#13402,#13404,#13405));
#13407=FACE_OUTER_BOUND('',#13406,.F.);
#13408=ADVANCED_FACE('',(#13407),#13392,.T.);
#13409=FILL_AREA_STYLE_COLOUR('',#26);
#13410=FILL_AREA_STYLE('',(#13409));
#13411=SURFACE_STYLE_FILL_AREA(#13410);
#13412=SURFACE_SIDE_STYLE('',(#13411));
#13413=SURFACE_STYLE_USAGE(.POSITIVE.,#13412);
#13414=PRESENTATION_STYLE_ASSIGNMENT((#13413));
#13415=STYLED_ITEM('',(#13414),#13408);
#13416=CARTESIAN_POINT('',(5.25E0,-2.164368059379E1,4.619E-1));
#13417=DIRECTION('',(0.E0,1.E0,0.E0));
#13418=DIRECTION('',(1.E0,0.E0,0.E0));
#13419=AXIS2_PLACEMENT_3D('',#13416,#13417,#13418);
#13420=CYLINDRICAL_SURFACE('',#13419,2.E-1);
#13421=ORIENTED_EDGE('',*,*,#12939,.F.);
#13423=ORIENTED_EDGE('',*,*,#13422,.T.);
#13425=ORIENTED_EDGE('',*,*,#13424,.T.);
#13426=ORIENTED_EDGE('',*,*,#13395,.T.);
#13427=EDGE_LOOP('',(#13421,#13423,#13425,#13426));
#13428=FACE_OUTER_BOUND('',#13427,.F.);
#13429=ADVANCED_FACE('',(#13428),#13420,.F.);
#13430=FILL_AREA_STYLE_COLOUR('',#26);
#13431=FILL_AREA_STYLE('',(#13430));
#13432=SURFACE_STYLE_FILL_AREA(#13431);
#13433=SURFACE_SIDE_STYLE('',(#13432));
#13434=SURFACE_STYLE_USAGE(.POSITIVE.,#13433);
#13435=PRESENTATION_STYLE_ASSIGNMENT((#13434));
#13436=STYLED_ITEM('',(#13435),#13429);
#13437=CARTESIAN_POINT('',(5.85E0,-4.6E0,4.E0));
#13438=DIRECTION('',(0.E0,1.E0,0.E0));
#13439=DIRECTION('',(-1.E0,0.E0,0.E0));
#13440=AXIS2_PLACEMENT_3D('',#13437,#13438,#13439);
#13441=PLANE('',#13440);
#13442=ORIENTED_EDGE('',*,*,#12937,.F.);
#13444=ORIENTED_EDGE('',*,*,#13443,.F.);
#13445=ORIENTED_EDGE('',*,*,#12033,.T.);
#13447=ORIENTED_EDGE('',*,*,#13446,.F.);
#13448=ORIENTED_EDGE('',*,*,#11690,.F.);
#13450=ORIENTED_EDGE('',*,*,#13449,.F.);
#13451=ORIENTED_EDGE('',*,*,#13065,.T.);
#13453=ORIENTED_EDGE('',*,*,#13452,.F.);
#13455=ORIENTED_EDGE('',*,*,#13454,.T.);
#13457=ORIENTED_EDGE('',*,*,#13456,.T.);
#13459=ORIENTED_EDGE('',*,*,#13458,.F.);
#13460=ORIENTED_EDGE('',*,*,#13422,.F.);
#13461=EDGE_LOOP('',(#13442,#13444,#13445,#13447,#13448,#13450,#13451,#13453,
#13455,#13457,#13459,#13460));
#13462=FACE_OUTER_BOUND('',#13461,.F.);
#13463=ADVANCED_FACE('',(#13462),#13441,.F.);
#13464=FILL_AREA_STYLE_COLOUR('',#26);
#13465=FILL_AREA_STYLE('',(#13464));
#13466=SURFACE_STYLE_FILL_AREA(#13465);
#13467=SURFACE_SIDE_STYLE('',(#13466));
#13468=SURFACE_STYLE_USAGE(.POSITIVE.,#13467);
#13469=PRESENTATION_STYLE_ASSIGNMENT((#13468));
#13470=STYLED_ITEM('',(#13469),#13463);
#13471=CARTESIAN_POINT('',(5.35E0,-2.164368059379E1,3.5E0));
#13472=DIRECTION('',(0.E0,1.E0,0.E0));
#13473=DIRECTION('',(0.E0,0.E0,1.E0));
#13474=AXIS2_PLACEMENT_3D('',#13471,#13472,#13473);
#13475=CYLINDRICAL_SURFACE('',#13474,1.E-1);
#13476=ORIENTED_EDGE('',*,*,#12935,.T.);
#13477=ORIENTED_EDGE('',*,*,#12880,.F.);
#13478=ORIENTED_EDGE('',*,*,#12035,.F.);
#13479=ORIENTED_EDGE('',*,*,#13443,.T.);
#13480=EDGE_LOOP('',(#13476,#13477,#13478,#13479));
#13481=FACE_OUTER_BOUND('',#13480,.F.);
#13482=ADVANCED_FACE('',(#13481),#13475,.F.);
#13483=FILL_AREA_STYLE_COLOUR('',#26);
#13484=FILL_AREA_STYLE('',(#13483));
#13485=SURFACE_STYLE_FILL_AREA(#13484);
#13486=SURFACE_SIDE_STYLE('',(#13485));
#13487=SURFACE_STYLE_USAGE(.POSITIVE.,#13486);
#13488=PRESENTATION_STYLE_ASSIGNMENT((#13487));
#13489=STYLED_ITEM('',(#13488),#13482);
#13490=CARTESIAN_POINT('',(5.25E0,-4.6E0,4.E0));
#13491=DIRECTION('',(-1.E0,0.E0,0.E0));
#13492=DIRECTION('',(0.E0,-1.E0,0.E0));
#13493=AXIS2_PLACEMENT_3D('',#13490,#13491,#13492);
#13494=PLANE('',#13493);
#13496=ORIENTED_EDGE('',*,*,#13495,.T.);
#13497=ORIENTED_EDGE('',*,*,#11692,.T.);
#13498=ORIENTED_EDGE('',*,*,#13446,.T.);
#13499=ORIENTED_EDGE('',*,*,#12031,.F.);
#13500=EDGE_LOOP('',(#13496,#13497,#13498,#13499));
#13501=FACE_OUTER_BOUND('',#13500,.F.);
#13502=ADVANCED_FACE('',(#13501),#13494,.F.);
#13503=FILL_AREA_STYLE_COLOUR('',#26);
#13504=FILL_AREA_STYLE('',(#13503));
#13505=SURFACE_STYLE_FILL_AREA(#13504);
#13506=SURFACE_SIDE_STYLE('',(#13505));
#13507=SURFACE_STYLE_USAGE(.POSITIVE.,#13506);
#13508=PRESENTATION_STYLE_ASSIGNMENT((#13507));
#13509=STYLED_ITEM('',(#13508),#13502);
#13510=CARTESIAN_POINT('',(4.75E0,-5.500133231810E0,-2.611660000130E1));
#13511=DIRECTION('',(0.E0,0.E0,1.E0));
#13512=DIRECTION('',(0.E0,-1.E0,0.E0));
#13513=AXIS2_PLACEMENT_3D('',#13510,#13511,#13512);
#13514=CYLINDRICAL_SURFACE('',#13513,5.E-1);
#13515=ORIENTED_EDGE('',*,*,#11694,.T.);
#13516=ORIENTED_EDGE('',*,*,#13495,.F.);
#13517=ORIENTED_EDGE('',*,*,#12029,.T.);
#13519=ORIENTED_EDGE('',*,*,#13518,.T.);
#13520=EDGE_LOOP('',(#13515,#13516,#13517,#13519));
#13521=FACE_OUTER_BOUND('',#13520,.F.);
#13522=ADVANCED_FACE('',(#13521),#13514,.T.);
#13523=FILL_AREA_STYLE_COLOUR('',#26);
#13524=FILL_AREA_STYLE('',(#13523));
#13525=SURFACE_STYLE_FILL_AREA(#13524);
#13526=SURFACE_SIDE_STYLE('',(#13525));
#13527=SURFACE_STYLE_USAGE(.POSITIVE.,#13526);
#13528=PRESENTATION_STYLE_ASSIGNMENT((#13527));
#13529=STYLED_ITEM('',(#13528),#13522);
#13530=CARTESIAN_POINT('',(-5.85E0,-6.000133231810E0,3.6E0));
#13531=DIRECTION('',(0.E0,-1.E0,0.E0));
#13532=DIRECTION('',(1.E0,0.E0,0.E0));
#13533=AXIS2_PLACEMENT_3D('',#13530,#13531,#13532);
#13534=PLANE('',#13533);
#13536=ORIENTED_EDGE('',*,*,#13535,.F.);
#13537=ORIENTED_EDGE('',*,*,#11696,.T.);
#13538=ORIENTED_EDGE('',*,*,#13518,.F.);
#13539=ORIENTED_EDGE('',*,*,#12027,.F.);
#13540=EDGE_LOOP('',(#13536,#13537,#13538,#13539));
#13541=FACE_OUTER_BOUND('',#13540,.F.);
#13542=ADVANCED_FACE('',(#13541),#13534,.T.);
#13543=FILL_AREA_STYLE_COLOUR('',#26);
#13544=FILL_AREA_STYLE('',(#13543));
#13545=SURFACE_STYLE_FILL_AREA(#13544);
#13546=SURFACE_SIDE_STYLE('',(#13545));
#13547=SURFACE_STYLE_USAGE(.POSITIVE.,#13546);
#13548=PRESENTATION_STYLE_ASSIGNMENT((#13547));
#13549=STYLED_ITEM('',(#13548),#13542);
#13550=CARTESIAN_POINT('',(-4.75E0,-5.500133231810E0,4.061660000074E1));
#13551=DIRECTION('',(0.E0,0.E0,-1.E0));
#13552=DIRECTION('',(0.E0,-1.E0,0.E0));
#13553=AXIS2_PLACEMENT_3D('',#13550,#13551,#13552);
#13554=CYLINDRICAL_SURFACE('',#13553,5.E-1);
#13555=ORIENTED_EDGE('',*,*,#12025,.T.);
#13557=ORIENTED_EDGE('',*,*,#13556,.F.);
#13558=ORIENTED_EDGE('',*,*,#11698,.T.);
#13559=ORIENTED_EDGE('',*,*,#13535,.T.);
#13560=EDGE_LOOP('',(#13555,#13557,#13558,#13559));
#13561=FACE_OUTER_BOUND('',#13560,.F.);
#13562=ADVANCED_FACE('',(#13561),#13554,.T.);
#13563=FILL_AREA_STYLE_COLOUR('',#26);
#13564=FILL_AREA_STYLE('',(#13563));
#13565=SURFACE_STYLE_FILL_AREA(#13564);
#13566=SURFACE_SIDE_STYLE('',(#13565));
#13567=SURFACE_STYLE_USAGE(.POSITIVE.,#13566);
#13568=PRESENTATION_STYLE_ASSIGNMENT((#13567));
#13569=STYLED_ITEM('',(#13568),#13562);
#13570=CARTESIAN_POINT('',(-5.25E0,-6.E0,4.E0));
#13571=DIRECTION('',(1.E0,0.E0,0.E0));
#13572=DIRECTION('',(0.E0,1.E0,0.E0));
#13573=AXIS2_PLACEMENT_3D('',#13570,#13571,#13572);
#13574=PLANE('',#13573);
#13575=ORIENTED_EDGE('',*,*,#13556,.T.);
#13576=ORIENTED_EDGE('',*,*,#12023,.T.);
#13577=ORIENTED_EDGE('',*,*,#12672,.F.);
#13578=ORIENTED_EDGE('',*,*,#11700,.F.);
#13579=EDGE_LOOP('',(#13575,#13576,#13577,#13578));
#13580=FACE_OUTER_BOUND('',#13579,.F.);
#13581=ADVANCED_FACE('',(#13580),#13574,.F.);
#13582=FILL_AREA_STYLE_COLOUR('',#26);
#13583=FILL_AREA_STYLE('',(#13582));
#13584=SURFACE_STYLE_FILL_AREA(#13583);
#13585=SURFACE_SIDE_STYLE('',(#13584));
#13586=SURFACE_STYLE_USAGE(.POSITIVE.,#13585);
#13587=PRESENTATION_STYLE_ASSIGNMENT((#13586));
#13588=STYLED_ITEM('',(#13587),#13581);
#13589=CARTESIAN_POINT('',(5.45E0,-2.164368059379E1,3.6E0));
#13590=DIRECTION('',(0.E0,1.E0,0.E0));
#13591=DIRECTION('',(0.E0,0.E0,1.E0));
#13592=AXIS2_PLACEMENT_3D('',#13589,#13590,#13591);
#13593=CYLINDRICAL_SURFACE('',#13592,4.E-1);
#13594=ORIENTED_EDGE('',*,*,#12855,.T.);
#13595=ORIENTED_EDGE('',*,*,#13067,.F.);
#13596=ORIENTED_EDGE('',*,*,#13449,.T.);
#13597=ORIENTED_EDGE('',*,*,#11688,.T.);
#13598=EDGE_LOOP('',(#13594,#13595,#13596,#13597));
#13599=FACE_OUTER_BOUND('',#13598,.F.);
#13600=ADVANCED_FACE('',(#13599),#13593,.T.);
#13601=FILL_AREA_STYLE_COLOUR('',#26);
#13602=FILL_AREA_STYLE('',(#13601));
#13603=SURFACE_STYLE_FILL_AREA(#13602);
#13604=SURFACE_SIDE_STYLE('',(#13603));
#13605=SURFACE_STYLE_USAGE(.POSITIVE.,#13604);
#13606=PRESENTATION_STYLE_ASSIGNMENT((#13605));
#13607=STYLED_ITEM('',(#13606),#13600);
#13608=CARTESIAN_POINT('',(5.45E0,-2.164368059379E1,2.619E-1));
#13609=DIRECTION('',(0.E0,1.E0,0.E0));
#13610=DIRECTION('',(1.E0,0.E0,0.E0));
#13611=AXIS2_PLACEMENT_3D('',#13608,#13609,#13610);
#13612=CYLINDRICAL_SURFACE('',#13611,4.E-1);
#13613=ORIENTED_EDGE('',*,*,#13403,.T.);
#13615=ORIENTED_EDGE('',*,*,#13614,.F.);
#13616=ORIENTED_EDGE('',*,*,#13452,.T.);
#13617=ORIENTED_EDGE('',*,*,#13063,.T.);
#13618=EDGE_LOOP('',(#13613,#13615,#13616,#13617));
#13619=FACE_OUTER_BOUND('',#13618,.F.);
#13620=ADVANCED_FACE('',(#13619),#13612,.T.);
#13621=FILL_AREA_STYLE_COLOUR('',#26);
#13622=FILL_AREA_STYLE('',(#13621));
#13623=SURFACE_STYLE_FILL_AREA(#13622);
#13624=SURFACE_SIDE_STYLE('',(#13623));
#13625=SURFACE_STYLE_USAGE(.POSITIVE.,#13624);
#13626=PRESENTATION_STYLE_ASSIGNMENT((#13625));
#13627=STYLED_ITEM('',(#13626),#13620);
#13628=CARTESIAN_POINT('',(5.85E0,-4.6E0,-1.381E-1));
#13629=DIRECTION('',(0.E0,0.E0,-1.E0));
#13630=DIRECTION('',(0.E0,1.E0,0.E0));
#13631=AXIS2_PLACEMENT_3D('',#13628,#13629,#13630);
#13632=PLANE('',#13631);
#13633=ORIENTED_EDGE('',*,*,#13614,.T.);
#13634=ORIENTED_EDGE('',*,*,#13401,.F.);
#13636=ORIENTED_EDGE('',*,*,#13635,.F.);
#13638=ORIENTED_EDGE('',*,*,#13637,.F.);
#13639=ORIENTED_EDGE('',*,*,#13454,.F.);
#13640=EDGE_LOOP('',(#13633,#13634,#13636,#13638,#13639));
#13641=FACE_OUTER_BOUND('',#13640,.F.);
#13642=ADVANCED_FACE('',(#13641),#13632,.T.);
#13643=FILL_AREA_STYLE_COLOUR('',#26);
#13644=FILL_AREA_STYLE('',(#13643));
#13645=SURFACE_STYLE_FILL_AREA(#13644);
#13646=SURFACE_SIDE_STYLE('',(#13645));
#13647=SURFACE_STYLE_USAGE(.POSITIVE.,#13646);
#13648=PRESENTATION_STYLE_ASSIGNMENT((#13647));
#13649=STYLED_ITEM('',(#13648),#13642);
#13650=CARTESIAN_POINT('',(3.439894020662E0,-3.8E0,-1.381E-1));
#13651=DIRECTION('',(-6.974639139727E-1,7.166199053236E-1,0.E0));
#13652=DIRECTION('',(7.166199053236E-1,6.974639139727E-1,0.E0));
#13653=AXIS2_PLACEMENT_3D('',#13650,#13651,#13652);
#13654=PLANE('',#13653);
#13655=ORIENTED_EDGE('',*,*,#13635,.T.);
#13656=ORIENTED_EDGE('',*,*,#13399,.T.);
#13658=ORIENTED_EDGE('',*,*,#13657,.F.);
#13660=ORIENTED_EDGE('',*,*,#13659,.F.);
#13661=EDGE_LOOP('',(#13655,#13656,#13658,#13660));
#13662=FACE_OUTER_BOUND('',#13661,.F.);
#13663=ADVANCED_FACE('',(#13662),#13654,.T.);
#13664=FILL_AREA_STYLE_COLOUR('',#26);
#13665=FILL_AREA_STYLE('',(#13664));
#13666=SURFACE_STYLE_FILL_AREA(#13665);
#13667=SURFACE_SIDE_STYLE('',(#13666));
#13668=SURFACE_STYLE_USAGE(.POSITIVE.,#13667);
#13669=PRESENTATION_STYLE_ASSIGNMENT((#13668));
#13670=STYLED_ITEM('',(#13669),#13663);
#13671=CARTESIAN_POINT('',(5.45E0,0.E0,2.619E-1));
#13672=DIRECTION('',(0.E0,0.E0,-1.E0));
#13673=DIRECTION('',(0.E0,1.E0,0.E0));
#13674=AXIS2_PLACEMENT_3D('',#13671,#13672,#13673);
#13675=PLANE('',#13674);
#13676=ORIENTED_EDGE('',*,*,#13424,.F.);
#13677=ORIENTED_EDGE('',*,*,#13458,.T.);
#13679=ORIENTED_EDGE('',*,*,#13678,.T.);
#13680=ORIENTED_EDGE('',*,*,#13657,.T.);
#13681=ORIENTED_EDGE('',*,*,#13397,.T.);
#13682=EDGE_LOOP('',(#13676,#13677,#13679,#13680,#13681));
#13683=FACE_OUTER_BOUND('',#13682,.F.);
#13684=ADVANCED_FACE('',(#13683),#13675,.F.);
#13685=FILL_AREA_STYLE_COLOUR('',#26);
#13686=FILL_AREA_STYLE('',(#13685));
#13687=SURFACE_STYLE_FILL_AREA(#13686);
#13688=SURFACE_SIDE_STYLE('',(#13687));
#13689=SURFACE_STYLE_USAGE(.POSITIVE.,#13688);
#13690=PRESENTATION_STYLE_ASSIGNMENT((#13689));
#13691=STYLED_ITEM('',(#13690),#13684);
#13692=CARTESIAN_POINT('',(3.439894020662E0,-4.6E0,-1.381E-1));
#13693=DIRECTION('',(-1.E0,0.E0,0.E0));
#13694=DIRECTION('',(0.E0,1.E0,0.E0));
#13695=AXIS2_PLACEMENT_3D('',#13692,#13693,#13694);
#13696=PLANE('',#13695);
#13697=ORIENTED_EDGE('',*,*,#13637,.T.);
#13698=ORIENTED_EDGE('',*,*,#13659,.T.);
#13699=ORIENTED_EDGE('',*,*,#13678,.F.);
#13700=ORIENTED_EDGE('',*,*,#13456,.F.);
#13701=EDGE_LOOP('',(#13697,#13698,#13699,#13700));
#13702=FACE_OUTER_BOUND('',#13701,.F.);
#13703=ADVANCED_FACE('',(#13702),#13696,.T.);
#13704=FILL_AREA_STYLE_COLOUR('',#26);
#13705=FILL_AREA_STYLE('',(#13704));
#13706=SURFACE_STYLE_FILL_AREA(#13705);
#13707=SURFACE_SIDE_STYLE('',(#13706));
#13708=SURFACE_STYLE_USAGE(.POSITIVE.,#13707);
#13709=PRESENTATION_STYLE_ASSIGNMENT((#13708));
#13710=STYLED_ITEM('',(#13709),#13703);
#13711=CARTESIAN_POINT('',(-2.110212E1,1.350133231810E0,3.6E0));
#13712=DIRECTION('',(1.E0,0.E0,0.E0));
#13713=DIRECTION('',(0.E0,0.E0,-1.E0));
#13714=AXIS2_PLACEMENT_3D('',#13711,#13712,#13713);
#13715=CYLINDRICAL_SURFACE('',#13714,1.E-1);
#13716=ORIENTED_EDGE('',*,*,#12900,.F.);
#13718=ORIENTED_EDGE('',*,*,#13717,.T.);
#13720=ORIENTED_EDGE('',*,*,#13719,.T.);
#13721=ORIENTED_EDGE('',*,*,#13071,.T.);
#13722=EDGE_LOOP('',(#13716,#13718,#13720,#13721));
#13723=FACE_OUTER_BOUND('',#13722,.F.);
#13724=ADVANCED_FACE('',(#13723),#13715,.F.);
#13725=FILL_AREA_STYLE_COLOUR('',#26);
#13726=FILL_AREA_STYLE('',(#13725));
#13727=SURFACE_STYLE_FILL_AREA(#13726);
#13728=SURFACE_SIDE_STYLE('',(#13727));
#13729=SURFACE_STYLE_USAGE(.POSITIVE.,#13728);
#13730=PRESENTATION_STYLE_ASSIGNMENT((#13729));
#13731=STYLED_ITEM('',(#13730),#13724);
#13732=CARTESIAN_POINT('',(5.35E0,-2.164368059379E1,3.5E0));
#13733=DIRECTION('',(0.E0,1.E0,0.E0));
#13734=DIRECTION('',(0.E0,0.E0,1.E0));
#13735=AXIS2_PLACEMENT_3D('',#13732,#13733,#13734);
#13736=CYLINDRICAL_SURFACE('',#13735,1.E-1);
#13737=ORIENTED_EDGE('',*,*,#12072,.F.);
#13738=ORIENTED_EDGE('',*,*,#13717,.F.);
#13739=ORIENTED_EDGE('',*,*,#12932,.T.);
#13741=ORIENTED_EDGE('',*,*,#13740,.T.);
#13742=EDGE_LOOP('',(#13737,#13738,#13739,#13741));
#13743=FACE_OUTER_BOUND('',#13742,.F.);
#13744=ADVANCED_FACE('',(#13743),#13736,.F.);
#13745=FILL_AREA_STYLE_COLOUR('',#26);
#13746=FILL_AREA_STYLE('',(#13745));
#13747=SURFACE_STYLE_FILL_AREA(#13746);
#13748=SURFACE_SIDE_STYLE('',(#13747));
#13749=SURFACE_STYLE_USAGE(.POSITIVE.,#13748);
#13750=PRESENTATION_STYLE_ASSIGNMENT((#13749));
#13751=STYLED_ITEM('',(#13750),#13744);
#13752=CARTESIAN_POINT('',(5.25E0,4.6E0,4.E0));
#13753=DIRECTION('',(0.E0,-1.E0,0.E0));
#13754=DIRECTION('',(1.E0,0.E0,0.E0));
#13755=AXIS2_PLACEMENT_3D('',#13752,#13753,#13754);
#13756=PLANE('',#13755);
#13757=ORIENTED_EDGE('',*,*,#12074,.F.);
#13758=ORIENTED_EDGE('',*,*,#13740,.F.);
#13759=ORIENTED_EDGE('',*,*,#12930,.F.);
#13761=ORIENTED_EDGE('',*,*,#13760,.F.);
#13763=ORIENTED_EDGE('',*,*,#13762,.T.);
#13765=ORIENTED_EDGE('',*,*,#13764,.F.);
#13767=ORIENTED_EDGE('',*,*,#13766,.T.);
#13769=ORIENTED_EDGE('',*,*,#13768,.F.);
#13770=ORIENTED_EDGE('',*,*,#13075,.T.);
#13772=ORIENTED_EDGE('',*,*,#13771,.F.);
#13773=ORIENTED_EDGE('',*,*,#11739,.T.);
#13775=ORIENTED_EDGE('',*,*,#13774,.T.);
#13776=EDGE_LOOP('',(#13757,#13758,#13759,#13761,#13763,#13765,#13767,#13769,
#13770,#13772,#13773,#13775));
#13777=FACE_OUTER_BOUND('',#13776,.F.);
#13778=ADVANCED_FACE('',(#13777),#13756,.F.);
#13779=FILL_AREA_STYLE_COLOUR('',#26);
#13780=FILL_AREA_STYLE('',(#13779));
#13781=SURFACE_STYLE_FILL_AREA(#13780);
#13782=SURFACE_SIDE_STYLE('',(#13781));
#13783=SURFACE_STYLE_USAGE(.POSITIVE.,#13782);
#13784=PRESENTATION_STYLE_ASSIGNMENT((#13783));
#13785=STYLED_ITEM('',(#13784),#13778);
#13786=CARTESIAN_POINT('',(5.25E0,-2.164368059379E1,4.619E-1));
#13787=DIRECTION('',(0.E0,1.E0,0.E0));
#13788=DIRECTION('',(1.E0,0.E0,0.E0));
#13789=AXIS2_PLACEMENT_3D('',#13786,#13787,#13788);
#13790=CYLINDRICAL_SURFACE('',#13789,2.E-1);
#13791=ORIENTED_EDGE('',*,*,#12928,.F.);
#13793=ORIENTED_EDGE('',*,*,#13792,.T.);
#13795=ORIENTED_EDGE('',*,*,#13794,.T.);
#13796=ORIENTED_EDGE('',*,*,#13760,.T.);
#13797=EDGE_LOOP('',(#13791,#13793,#13795,#13796));
#13798=FACE_OUTER_BOUND('',#13797,.F.);
#13799=ADVANCED_FACE('',(#13798),#13790,.F.);
#13800=FILL_AREA_STYLE_COLOUR('',#26);
#13801=FILL_AREA_STYLE('',(#13800));
#13802=SURFACE_STYLE_FILL_AREA(#13801);
#13803=SURFACE_SIDE_STYLE('',(#13802));
#13804=SURFACE_STYLE_USAGE(.POSITIVE.,#13803);
#13805=PRESENTATION_STYLE_ASSIGNMENT((#13804));
#13806=STYLED_ITEM('',(#13805),#13799);
#13807=CARTESIAN_POINT('',(5.85E0,3.E0,9.734E-1));
#13808=DIRECTION('',(0.E0,-1.E0,0.E0));
#13809=DIRECTION('',(0.E0,0.E0,-1.E0));
#13810=AXIS2_PLACEMENT_3D('',#13807,#13808,#13809);
#13811=PLANE('',#13810);
#13813=ORIENTED_EDGE('',*,*,#13812,.T.);
#13814=ORIENTED_EDGE('',*,*,#13079,.T.);
#13816=ORIENTED_EDGE('',*,*,#13815,.F.);
#13818=ORIENTED_EDGE('',*,*,#13817,.T.);
#13820=ORIENTED_EDGE('',*,*,#13819,.T.);
#13822=ORIENTED_EDGE('',*,*,#13821,.T.);
#13823=ORIENTED_EDGE('',*,*,#13792,.F.);
#13824=ORIENTED_EDGE('',*,*,#12926,.F.);
#13825=EDGE_LOOP('',(#13813,#13814,#13816,#13818,#13820,#13822,#13823,#13824));
#13826=FACE_OUTER_BOUND('',#13825,.F.);
#13827=ADVANCED_FACE('',(#13826),#13811,.T.);
#13828=FILL_AREA_STYLE_COLOUR('',#26);
#13829=FILL_AREA_STYLE('',(#13828));
#13830=SURFACE_STYLE_FILL_AREA(#13829);
#13831=SURFACE_SIDE_STYLE('',(#13830));
#13832=SURFACE_STYLE_USAGE(.POSITIVE.,#13831);
#13833=PRESENTATION_STYLE_ASSIGNMENT((#13832));
#13834=STYLED_ITEM('',(#13833),#13827);
#13835=CARTESIAN_POINT('',(-2.110212E1,2.7E0,6.734E-1));
#13836=DIRECTION('',(1.E0,0.E0,0.E0));
#13837=DIRECTION('',(0.E0,1.E0,0.E0));
#13838=AXIS2_PLACEMENT_3D('',#13835,#13836,#13837);
#13839=CYLINDRICAL_SURFACE('',#13838,3.E-1);
#13840=ORIENTED_EDGE('',*,*,#13812,.F.);
#13841=ORIENTED_EDGE('',*,*,#12924,.T.);
#13842=ORIENTED_EDGE('',*,*,#13013,.T.);
#13843=ORIENTED_EDGE('',*,*,#13081,.T.);
#13844=EDGE_LOOP('',(#13840,#13841,#13842,#13843));
#13845=FACE_OUTER_BOUND('',#13844,.F.);
#13846=ADVANCED_FACE('',(#13845),#13839,.F.);
#13847=FILL_AREA_STYLE_COLOUR('',#26);
#13848=FILL_AREA_STYLE('',(#13847));
#13849=SURFACE_STYLE_FILL_AREA(#13848);
#13850=SURFACE_SIDE_STYLE('',(#13849));
#13851=SURFACE_STYLE_USAGE(.POSITIVE.,#13850);
#13852=PRESENTATION_STYLE_ASSIGNMENT((#13851));
#13853=STYLED_ITEM('',(#13852),#13846);
#13854=CARTESIAN_POINT('',(5.49E0,-2.164368059379E1,2.219E-1));
#13855=DIRECTION('',(0.E0,1.E0,0.E0));
#13856=DIRECTION('',(1.E0,0.E0,0.E0));
#13857=AXIS2_PLACEMENT_3D('',#13854,#13855,#13856);
#13858=CYLINDRICAL_SURFACE('',#13857,3.6E-1);
#13859=ORIENTED_EDGE('',*,*,#13768,.T.);
#13861=ORIENTED_EDGE('',*,*,#13860,.F.);
#13862=ORIENTED_EDGE('',*,*,#13815,.T.);
#13863=ORIENTED_EDGE('',*,*,#13077,.T.);
#13864=EDGE_LOOP('',(#13859,#13861,#13862,#13863));
#13865=FACE_OUTER_BOUND('',#13864,.F.);
#13866=ADVANCED_FACE('',(#13865),#13858,.T.);
#13867=FILL_AREA_STYLE_COLOUR('',#26);
#13868=FILL_AREA_STYLE('',(#13867));
#13869=SURFACE_STYLE_FILL_AREA(#13868);
#13870=SURFACE_SIDE_STYLE('',(#13869));
#13871=SURFACE_STYLE_USAGE(.POSITIVE.,#13870);
#13872=PRESENTATION_STYLE_ASSIGNMENT((#13871));
#13873=STYLED_ITEM('',(#13872),#13866);
#13874=CARTESIAN_POINT('',(5.85E0,3.E0,-1.381E-1));
#13875=DIRECTION('',(0.E0,0.E0,-1.E0));
#13876=DIRECTION('',(0.E0,1.E0,0.E0));
#13877=AXIS2_PLACEMENT_3D('',#13874,#13875,#13876);
#13878=PLANE('',#13877);
#13879=ORIENTED_EDGE('',*,*,#13860,.T.);
#13880=ORIENTED_EDGE('',*,*,#13766,.F.);
#13882=ORIENTED_EDGE('',*,*,#13881,.T.);
#13884=ORIENTED_EDGE('',*,*,#13883,.T.);
#13885=ORIENTED_EDGE('',*,*,#13817,.F.);
#13886=EDGE_LOOP('',(#13879,#13880,#13882,#13884,#13885));
#13887=FACE_OUTER_BOUND('',#13886,.F.);
#13888=ADVANCED_FACE('',(#13887),#13878,.T.);
#13889=FILL_AREA_STYLE_COLOUR('',#26);
#13890=FILL_AREA_STYLE('',(#13889));
#13891=SURFACE_STYLE_FILL_AREA(#13890);
#13892=SURFACE_SIDE_STYLE('',(#13891));
#13893=SURFACE_STYLE_USAGE(.POSITIVE.,#13892);
#13894=PRESENTATION_STYLE_ASSIGNMENT((#13893));
#13895=STYLED_ITEM('',(#13894),#13888);
#13896=CARTESIAN_POINT('',(3.439894020662E0,4.6E0,-1.381E-1));
#13897=DIRECTION('',(1.E0,0.E0,0.E0));
#13898=DIRECTION('',(0.E0,-1.E0,0.E0));
#13899=AXIS2_PLACEMENT_3D('',#13896,#13897,#13898);
#13900=PLANE('',#13899);
#13901=ORIENTED_EDGE('',*,*,#13881,.F.);
#13902=ORIENTED_EDGE('',*,*,#13764,.T.);
#13904=ORIENTED_EDGE('',*,*,#13903,.T.);
#13906=ORIENTED_EDGE('',*,*,#13905,.F.);
#13907=EDGE_LOOP('',(#13901,#13902,#13904,#13906));
#13908=FACE_OUTER_BOUND('',#13907,.F.);
#13909=ADVANCED_FACE('',(#13908),#13900,.F.);
#13910=FILL_AREA_STYLE_COLOUR('',#26);
#13911=FILL_AREA_STYLE('',(#13910));
#13912=SURFACE_STYLE_FILL_AREA(#13911);
#13913=SURFACE_SIDE_STYLE('',(#13912));
#13914=SURFACE_STYLE_USAGE(.POSITIVE.,#13913);
#13915=PRESENTATION_STYLE_ASSIGNMENT((#13914));
#13916=STYLED_ITEM('',(#13915),#13909);
#13917=CARTESIAN_POINT('',(5.45E0,0.E0,2.619E-1));
#13918=DIRECTION('',(0.E0,0.E0,1.E0));
#13919=DIRECTION('',(0.E0,-1.E0,0.E0));
#13920=AXIS2_PLACEMENT_3D('',#13917,#13918,#13919);
#13921=PLANE('',#13920);
#13922=ORIENTED_EDGE('',*,*,#13794,.F.);
#13923=ORIENTED_EDGE('',*,*,#13821,.F.);
#13925=ORIENTED_EDGE('',*,*,#13924,.F.);
#13926=ORIENTED_EDGE('',*,*,#13903,.F.);
#13927=ORIENTED_EDGE('',*,*,#13762,.F.);
#13928=EDGE_LOOP('',(#13922,#13923,#13925,#13926,#13927));
#13929=FACE_OUTER_BOUND('',#13928,.F.);
#13930=ADVANCED_FACE('',(#13929),#13921,.T.);
#13931=FILL_AREA_STYLE_COLOUR('',#26);
#13932=FILL_AREA_STYLE('',(#13931));
#13933=SURFACE_STYLE_FILL_AREA(#13932);
#13934=SURFACE_SIDE_STYLE('',(#13933));
#13935=SURFACE_STYLE_USAGE(.POSITIVE.,#13934);
#13936=PRESENTATION_STYLE_ASSIGNMENT((#13935));
#13937=STYLED_ITEM('',(#13936),#13930);
#13938=CARTESIAN_POINT('',(3.439894020662E0,3.8E0,-1.381E-1));
#13939=DIRECTION('',(6.974639139727E-1,7.166199053236E-1,0.E0));
#13940=DIRECTION('',(7.166199053236E-1,-6.974639139727E-1,0.E0));
#13941=AXIS2_PLACEMENT_3D('',#13938,#13939,#13940);
#13942=PLANE('',#13941);
#13943=ORIENTED_EDGE('',*,*,#13883,.F.);
#13944=ORIENTED_EDGE('',*,*,#13905,.T.);
#13945=ORIENTED_EDGE('',*,*,#13924,.T.);
#13946=ORIENTED_EDGE('',*,*,#13819,.F.);
#13947=EDGE_LOOP('',(#13943,#13944,#13945,#13946));
#13948=FACE_OUTER_BOUND('',#13947,.F.);
#13949=ADVANCED_FACE('',(#13948),#13942,.F.);
#13950=FILL_AREA_STYLE_COLOUR('',#26);
#13951=FILL_AREA_STYLE('',(#13950));
#13952=SURFACE_STYLE_FILL_AREA(#13951);
#13953=SURFACE_SIDE_STYLE('',(#13952));
#13954=SURFACE_STYLE_USAGE(.POSITIVE.,#13953);
#13955=PRESENTATION_STYLE_ASSIGNMENT((#13954));
#13956=STYLED_ITEM('',(#13955),#13949);
#13957=CARTESIAN_POINT('',(5.45E0,-2.164368059379E1,3.6E0));
#13958=DIRECTION('',(0.E0,1.E0,0.E0));
#13959=DIRECTION('',(0.E0,0.E0,1.E0));
#13960=AXIS2_PLACEMENT_3D('',#13957,#13958,#13959);
#13961=CYLINDRICAL_SURFACE('',#13960,4.E-1);
#13962=ORIENTED_EDGE('',*,*,#13073,.F.);
#13964=ORIENTED_EDGE('',*,*,#13963,.T.);
#13965=ORIENTED_EDGE('',*,*,#11741,.T.);
#13966=ORIENTED_EDGE('',*,*,#13771,.T.);
#13967=EDGE_LOOP('',(#13962,#13964,#13965,#13966));
#13968=FACE_OUTER_BOUND('',#13967,.F.);
#13969=ADVANCED_FACE('',(#13968),#13961,.T.);
#13970=FILL_AREA_STYLE_COLOUR('',#26);
#13971=FILL_AREA_STYLE('',(#13970));
#13972=SURFACE_STYLE_FILL_AREA(#13971);
#13973=SURFACE_SIDE_STYLE('',(#13972));
#13974=SURFACE_STYLE_USAGE(.POSITIVE.,#13973);
#13975=PRESENTATION_STYLE_ASSIGNMENT((#13974));
#13976=STYLED_ITEM('',(#13975),#13969);
#13977=CARTESIAN_POINT('',(4.0481E0,1.450133231810E0,3.6E0));
#13978=DIRECTION('',(0.E0,-1.E0,0.E0));
#13979=DIRECTION('',(1.E0,0.E0,0.E0));
#13980=AXIS2_PLACEMENT_3D('',#13977,#13978,#13979);
#13981=PLANE('',#13980);
#13982=ORIENTED_EDGE('',*,*,#13719,.F.);
#13983=ORIENTED_EDGE('',*,*,#12070,.F.);
#13985=ORIENTED_EDGE('',*,*,#13984,.T.);
#13986=ORIENTED_EDGE('',*,*,#11743,.T.);
#13987=ORIENTED_EDGE('',*,*,#13963,.F.);
#13988=EDGE_LOOP('',(#13982,#13983,#13985,#13986,#13987));
#13989=FACE_OUTER_BOUND('',#13988,.F.);
#13990=ADVANCED_FACE('',(#13989),#13981,.T.);
#13991=FILL_AREA_STYLE_COLOUR('',#26);
#13992=FILL_AREA_STYLE('',(#13991));
#13993=SURFACE_STYLE_FILL_AREA(#13992);
#13994=SURFACE_SIDE_STYLE('',(#13993));
#13995=SURFACE_STYLE_USAGE(.POSITIVE.,#13994);
#13996=PRESENTATION_STYLE_ASSIGNMENT((#13995));
#13997=STYLED_ITEM('',(#13996),#13990);
#13998=CARTESIAN_POINT('',(0.E0,0.E0,3.6E0));
#13999=DIRECTION('',(0.E0,0.E0,1.E0));
#14000=DIRECTION('',(1.E0,0.E0,0.E0));
#14001=AXIS2_PLACEMENT_3D('',#13998,#13999,#14000);
#14002=CYLINDRICAL_SURFACE('',#14001,4.3E0);
#14003=ORIENTED_EDGE('',*,*,#12068,.F.);
#14005=ORIENTED_EDGE('',*,*,#14004,.T.);
#14006=ORIENTED_EDGE('',*,*,#11745,.T.);
#14007=ORIENTED_EDGE('',*,*,#13984,.F.);
#14008=EDGE_LOOP('',(#14003,#14005,#14006,#14007));
#14009=FACE_OUTER_BOUND('',#14008,.F.);
#14010=ADVANCED_FACE('',(#14009),#14002,.F.);
#14011=FILL_AREA_STYLE_COLOUR('',#26);
#14012=FILL_AREA_STYLE('',(#14011));
#14013=SURFACE_STYLE_FILL_AREA(#14012);
#14014=SURFACE_SIDE_STYLE('',(#14013));
#14015=SURFACE_STYLE_USAGE(.POSITIVE.,#14014);
#14016=PRESENTATION_STYLE_ASSIGNMENT((#14015));
#14017=STYLED_ITEM('',(#14016),#14010);
#14018=CARTESIAN_POINT('',(-5.85E0,1.450133231810E0,3.6E0));
#14019=DIRECTION('',(0.E0,-1.E0,0.E0));
#14020=DIRECTION('',(1.E0,0.E0,0.E0));
#14021=AXIS2_PLACEMENT_3D('',#14018,#14019,#14020);
#14022=PLANE('',#14021);
#14024=ORIENTED_EDGE('',*,*,#14023,.F.);
#14026=ORIENTED_EDGE('',*,*,#14025,.F.);
#14027=ORIENTED_EDGE('',*,*,#11747,.T.);
#14028=ORIENTED_EDGE('',*,*,#14004,.F.);
#14029=ORIENTED_EDGE('',*,*,#12066,.F.);
#14030=EDGE_LOOP('',(#14024,#14026,#14027,#14028,#14029));
#14031=FACE_OUTER_BOUND('',#14030,.F.);
#14032=ADVANCED_FACE('',(#14031),#14022,.T.);
#14033=FILL_AREA_STYLE_COLOUR('',#26);
#14034=FILL_AREA_STYLE('',(#14033));
#14035=SURFACE_STYLE_FILL_AREA(#14034);
#14036=SURFACE_SIDE_STYLE('',(#14035));
#14037=SURFACE_STYLE_USAGE(.POSITIVE.,#14036);
#14038=PRESENTATION_STYLE_ASSIGNMENT((#14037));
#14039=STYLED_ITEM('',(#14038),#14032);
#14040=CARTESIAN_POINT('',(-2.110212E1,1.350133231810E0,3.6E0));
#14041=DIRECTION('',(1.E0,0.E0,0.E0));
#14042=DIRECTION('',(0.E0,0.E0,-1.E0));
#14043=AXIS2_PLACEMENT_3D('',#14040,#14041,#14042);
#14044=CYLINDRICAL_SURFACE('',#14043,1.E-1);
#14045=ORIENTED_EDGE('',*,*,#12214,.F.);
#14046=ORIENTED_EDGE('',*,*,#12257,.T.);
#14047=ORIENTED_EDGE('',*,*,#14023,.T.);
#14049=ORIENTED_EDGE('',*,*,#14048,.T.);
#14050=EDGE_LOOP('',(#14045,#14046,#14047,#14049));
#14051=FACE_OUTER_BOUND('',#14050,.F.);
#14052=ADVANCED_FACE('',(#14051),#14044,.F.);
#14053=FILL_AREA_STYLE_COLOUR('',#26);
#14054=FILL_AREA_STYLE('',(#14053));
#14055=SURFACE_STYLE_FILL_AREA(#14054);
#14056=SURFACE_SIDE_STYLE('',(#14055));
#14057=SURFACE_STYLE_USAGE(.POSITIVE.,#14056);
#14058=PRESENTATION_STYLE_ASSIGNMENT((#14057));
#14059=STYLED_ITEM('',(#14058),#14052);
#14060=CARTESIAN_POINT('',(-5.35E0,2.164368059379E1,3.5E0));
#14061=DIRECTION('',(0.E0,-1.E0,0.E0));
#14062=DIRECTION('',(0.E0,0.E0,1.E0));
#14063=AXIS2_PLACEMENT_3D('',#14060,#14061,#14062);
#14064=CYLINDRICAL_SURFACE('',#14063,1.E-1);
#14065=ORIENTED_EDGE('',*,*,#12557,.T.);
#14066=ORIENTED_EDGE('',*,*,#14048,.F.);
#14067=ORIENTED_EDGE('',*,*,#12064,.F.);
#14069=ORIENTED_EDGE('',*,*,#14068,.T.);
#14070=EDGE_LOOP('',(#14065,#14066,#14067,#14069));
#14071=FACE_OUTER_BOUND('',#14070,.F.);
#14072=ADVANCED_FACE('',(#14071),#14064,.F.);
#14073=FILL_AREA_STYLE_COLOUR('',#26);
#14074=FILL_AREA_STYLE('',(#14073));
#14075=SURFACE_STYLE_FILL_AREA(#14074);
#14076=SURFACE_SIDE_STYLE('',(#14075));
#14077=SURFACE_STYLE_USAGE(.POSITIVE.,#14076);
#14078=PRESENTATION_STYLE_ASSIGNMENT((#14077));
#14079=STYLED_ITEM('',(#14078),#14072);
#14080=CARTESIAN_POINT('',(-5.85E0,4.6E0,4.E0));
#14081=DIRECTION('',(0.E0,-1.E0,0.E0));
#14082=DIRECTION('',(1.E0,0.E0,0.E0));
#14083=AXIS2_PLACEMENT_3D('',#14080,#14081,#14082);
#14084=PLANE('',#14083);
#14085=ORIENTED_EDGE('',*,*,#12559,.T.);
#14086=ORIENTED_EDGE('',*,*,#14068,.F.);
#14087=ORIENTED_EDGE('',*,*,#12086,.T.);
#14089=ORIENTED_EDGE('',*,*,#14088,.F.);
#14090=ORIENTED_EDGE('',*,*,#11727,.F.);
#14092=ORIENTED_EDGE('',*,*,#14091,.F.);
#14093=ORIENTED_EDGE('',*,*,#12253,.T.);
#14095=ORIENTED_EDGE('',*,*,#14094,.F.);
#14097=ORIENTED_EDGE('',*,*,#14096,.T.);
#14099=ORIENTED_EDGE('',*,*,#14098,.T.);
#14101=ORIENTED_EDGE('',*,*,#14100,.F.);
#14103=ORIENTED_EDGE('',*,*,#14102,.F.);
#14104=EDGE_LOOP('',(#14085,#14086,#14087,#14089,#14090,#14092,#14093,#14095,
#14097,#14099,#14101,#14103));
#14105=FACE_OUTER_BOUND('',#14104,.F.);
#14106=ADVANCED_FACE('',(#14105),#14084,.F.);
#14107=FILL_AREA_STYLE_COLOUR('',#26);
#14108=FILL_AREA_STYLE('',(#14107));
#14109=SURFACE_STYLE_FILL_AREA(#14108);
#14110=SURFACE_SIDE_STYLE('',(#14109));
#14111=SURFACE_STYLE_USAGE(.POSITIVE.,#14110);
#14112=PRESENTATION_STYLE_ASSIGNMENT((#14111));
#14113=STYLED_ITEM('',(#14112),#14106);
#14114=CARTESIAN_POINT('',(-5.25E0,4.6E0,4.E0));
#14115=DIRECTION('',(1.E0,0.E0,0.E0));
#14116=DIRECTION('',(0.E0,1.E0,0.E0));
#14117=AXIS2_PLACEMENT_3D('',#14114,#14115,#14116);
#14118=PLANE('',#14117);
#14120=ORIENTED_EDGE('',*,*,#14119,.T.);
#14121=ORIENTED_EDGE('',*,*,#11729,.T.);
#14122=ORIENTED_EDGE('',*,*,#14088,.T.);
#14123=ORIENTED_EDGE('',*,*,#12084,.F.);
#14124=EDGE_LOOP('',(#14120,#14121,#14122,#14123));
#14125=FACE_OUTER_BOUND('',#14124,.F.);
#14126=ADVANCED_FACE('',(#14125),#14118,.F.);
#14127=FILL_AREA_STYLE_COLOUR('',#27);
#14128=FILL_AREA_STYLE('',(#14127));
#14129=SURFACE_STYLE_FILL_AREA(#14128);
#14130=SURFACE_SIDE_STYLE('',(#14129));
#14131=SURFACE_STYLE_USAGE(.POSITIVE.,#14130);
#14132=PRESENTATION_STYLE_ASSIGNMENT((#14131));
#14133=STYLED_ITEM('',(#14132),#14126);
#14134=CARTESIAN_POINT('',(-4.75E0,5.500133231810E0,-2.611660000130E1));
#14135=DIRECTION('',(0.E0,0.E0,1.E0));
#14136=DIRECTION('',(0.E0,1.E0,0.E0));
#14137=AXIS2_PLACEMENT_3D('',#14134,#14135,#14136);
#14138=CYLINDRICAL_SURFACE('',#14137,5.E-1);
#14139=ORIENTED_EDGE('',*,*,#11731,.T.);
#14140=ORIENTED_EDGE('',*,*,#14119,.F.);
#14141=ORIENTED_EDGE('',*,*,#12082,.T.);
#14143=ORIENTED_EDGE('',*,*,#14142,.T.);
#14144=EDGE_LOOP('',(#14139,#14140,#14141,#14143));
#14145=FACE_OUTER_BOUND('',#14144,.F.);
#14146=ADVANCED_FACE('',(#14145),#14138,.T.);
#14147=FILL_AREA_STYLE_COLOUR('',#27);
#14148=FILL_AREA_STYLE('',(#14147));
#14149=SURFACE_STYLE_FILL_AREA(#14148);
#14150=SURFACE_SIDE_STYLE('',(#14149));
#14151=SURFACE_STYLE_USAGE(.POSITIVE.,#14150);
#14152=PRESENTATION_STYLE_ASSIGNMENT((#14151));
#14153=STYLED_ITEM('',(#14152),#14146);
#14154=CARTESIAN_POINT('',(5.85E0,6.000133231810E0,3.6E0));
#14155=DIRECTION('',(0.E0,1.E0,0.E0));
#14156=DIRECTION('',(-1.E0,0.E0,0.E0));
#14157=AXIS2_PLACEMENT_3D('',#14154,#14155,#14156);
#14158=PLANE('',#14157);
#14159=ORIENTED_EDGE('',*,*,#14142,.F.);
#14160=ORIENTED_EDGE('',*,*,#12080,.F.);
#14162=ORIENTED_EDGE('',*,*,#14161,.F.);
#14163=ORIENTED_EDGE('',*,*,#11733,.T.);
#14164=EDGE_LOOP('',(#14159,#14160,#14162,#14163));
#14165=FACE_OUTER_BOUND('',#14164,.F.);
#14166=ADVANCED_FACE('',(#14165),#14158,.T.);
#14167=FILL_AREA_STYLE_COLOUR('',#27);
#14168=FILL_AREA_STYLE('',(#14167));
#14169=SURFACE_STYLE_FILL_AREA(#14168);
#14170=SURFACE_SIDE_STYLE('',(#14169));
#14171=SURFACE_STYLE_USAGE(.POSITIVE.,#14170);
#14172=PRESENTATION_STYLE_ASSIGNMENT((#14171));
#14173=STYLED_ITEM('',(#14172),#14166);
#14174=CARTESIAN_POINT('',(4.75E0,5.500133231810E0,3.895271464528E1));
#14175=DIRECTION('',(0.E0,0.E0,-1.E0));
#14176=DIRECTION('',(0.E0,1.E0,0.E0));
#14177=AXIS2_PLACEMENT_3D('',#14174,#14175,#14176);
#14178=CYLINDRICAL_SURFACE('',#14177,5.E-1);
#14179=ORIENTED_EDGE('',*,*,#12078,.T.);
#14181=ORIENTED_EDGE('',*,*,#14180,.F.);
#14182=ORIENTED_EDGE('',*,*,#11735,.T.);
#14183=ORIENTED_EDGE('',*,*,#14161,.T.);
#14184=EDGE_LOOP('',(#14179,#14181,#14182,#14183));
#14185=FACE_OUTER_BOUND('',#14184,.F.);
#14186=ADVANCED_FACE('',(#14185),#14178,.T.);
#14187=FILL_AREA_STYLE_COLOUR('',#26);
#14188=FILL_AREA_STYLE('',(#14187));
#14189=SURFACE_STYLE_FILL_AREA(#14188);
#14190=SURFACE_SIDE_STYLE('',(#14189));
#14191=SURFACE_STYLE_USAGE(.POSITIVE.,#14190);
#14192=PRESENTATION_STYLE_ASSIGNMENT((#14191));
#14193=STYLED_ITEM('',(#14192),#14186);
#14194=CARTESIAN_POINT('',(5.25E0,6.E0,4.E0));
#14195=DIRECTION('',(-1.E0,0.E0,0.E0));
#14196=DIRECTION('',(0.E0,-1.E0,0.E0));
#14197=AXIS2_PLACEMENT_3D('',#14194,#14195,#14196);
#14198=PLANE('',#14197);
#14199=ORIENTED_EDGE('',*,*,#14180,.T.);
#14200=ORIENTED_EDGE('',*,*,#12076,.T.);
#14201=ORIENTED_EDGE('',*,*,#13774,.F.);
#14202=ORIENTED_EDGE('',*,*,#11737,.F.);
#14203=EDGE_LOOP('',(#14199,#14200,#14201,#14202));
#14204=FACE_OUTER_BOUND('',#14203,.F.);
#14205=ADVANCED_FACE('',(#14204),#14198,.F.);
#14206=FILL_AREA_STYLE_COLOUR('',#26);
#14207=FILL_AREA_STYLE('',(#14206));
#14208=SURFACE_STYLE_FILL_AREA(#14207);
#14209=SURFACE_SIDE_STYLE('',(#14208));
#14210=SURFACE_STYLE_USAGE(.POSITIVE.,#14209);
#14211=PRESENTATION_STYLE_ASSIGNMENT((#14210));
#14212=STYLED_ITEM('',(#14211),#14205);
#14213=CARTESIAN_POINT('',(-5.45E0,2.164368059379E1,3.6E0));
#14214=DIRECTION('',(0.E0,-1.E0,0.E0));
#14215=DIRECTION('',(0.E0,0.E0,1.E0));
#14216=AXIS2_PLACEMENT_3D('',#14213,#14214,#14215);
#14217=CYLINDRICAL_SURFACE('',#14216,4.E-1);
#14218=ORIENTED_EDGE('',*,*,#14025,.T.);
#14219=ORIENTED_EDGE('',*,*,#12255,.F.);
#14220=ORIENTED_EDGE('',*,*,#14091,.T.);
#14221=ORIENTED_EDGE('',*,*,#11725,.T.);
#14222=EDGE_LOOP('',(#14218,#14219,#14220,#14221));
#14223=FACE_OUTER_BOUND('',#14222,.F.);
#14224=ADVANCED_FACE('',(#14223),#14217,.T.);
#14225=FILL_AREA_STYLE_COLOUR('',#26);
#14226=FILL_AREA_STYLE('',(#14225));
#14227=SURFACE_STYLE_FILL_AREA(#14226);
#14228=SURFACE_SIDE_STYLE('',(#14227));
#14229=SURFACE_STYLE_USAGE(.POSITIVE.,#14228);
#14230=PRESENTATION_STYLE_ASSIGNMENT((#14229));
#14231=STYLED_ITEM('',(#14230),#14224);
#14232=CARTESIAN_POINT('',(-5.49E0,2.164368059379E1,2.219E-1));
#14233=DIRECTION('',(0.E0,-1.E0,0.E0));
#14234=DIRECTION('',(-1.E0,0.E0,0.E0));
#14235=AXIS2_PLACEMENT_3D('',#14232,#14233,#14234);
#14236=CYLINDRICAL_SURFACE('',#14235,3.6E-1);
#14238=ORIENTED_EDGE('',*,*,#14237,.T.);
#14240=ORIENTED_EDGE('',*,*,#14239,.F.);
#14241=ORIENTED_EDGE('',*,*,#14094,.T.);
#14242=ORIENTED_EDGE('',*,*,#12251,.T.);
#14243=EDGE_LOOP('',(#14238,#14240,#14241,#14242));
#14244=FACE_OUTER_BOUND('',#14243,.F.);
#14245=ADVANCED_FACE('',(#14244),#14236,.T.);
#14246=FILL_AREA_STYLE_COLOUR('',#26);
#14247=FILL_AREA_STYLE('',(#14246));
#14248=SURFACE_STYLE_FILL_AREA(#14247);
#14249=SURFACE_SIDE_STYLE('',(#14248));
#14250=SURFACE_STYLE_USAGE(.POSITIVE.,#14249);
#14251=PRESENTATION_STYLE_ASSIGNMENT((#14250));
#14252=STYLED_ITEM('',(#14251),#14245);
#14253=CARTESIAN_POINT('',(-5.85E0,3.E0,9.734E-1));
#14254=DIRECTION('',(0.E0,1.E0,0.E0));
#14255=DIRECTION('',(0.E0,0.E0,-1.E0));
#14256=AXIS2_PLACEMENT_3D('',#14253,#14254,#14255);
#14257=PLANE('',#14256);
#14259=ORIENTED_EDGE('',*,*,#14258,.T.);
#14260=ORIENTED_EDGE('',*,*,#12563,.T.);
#14262=ORIENTED_EDGE('',*,*,#14261,.F.);
#14264=ORIENTED_EDGE('',*,*,#14263,.F.);
#14266=ORIENTED_EDGE('',*,*,#14265,.F.);
#14268=ORIENTED_EDGE('',*,*,#14267,.T.);
#14269=ORIENTED_EDGE('',*,*,#14237,.F.);
#14270=ORIENTED_EDGE('',*,*,#12249,.F.);
#14271=EDGE_LOOP('',(#14259,#14260,#14262,#14264,#14266,#14268,#14269,#14270));
#14272=FACE_OUTER_BOUND('',#14271,.F.);
#14273=ADVANCED_FACE('',(#14272),#14257,.F.);
#14274=FILL_AREA_STYLE_COLOUR('',#26);
#14275=FILL_AREA_STYLE('',(#14274));
#14276=SURFACE_STYLE_FILL_AREA(#14275);
#14277=SURFACE_SIDE_STYLE('',(#14276));
#14278=SURFACE_STYLE_USAGE(.POSITIVE.,#14277);
#14279=PRESENTATION_STYLE_ASSIGNMENT((#14278));
#14280=STYLED_ITEM('',(#14279),#14273);
#14281=CARTESIAN_POINT('',(-2.110212E1,2.7E0,6.734E-1));
#14282=DIRECTION('',(1.E0,0.E0,0.E0));
#14283=DIRECTION('',(0.E0,1.E0,0.E0));
#14284=AXIS2_PLACEMENT_3D('',#14281,#14282,#14283);
#14285=CYLINDRICAL_SURFACE('',#14284,3.E-1);
#14286=ORIENTED_EDGE('',*,*,#14258,.F.);
#14287=ORIENTED_EDGE('',*,*,#12247,.T.);
#14288=ORIENTED_EDGE('',*,*,#12290,.T.);
#14289=ORIENTED_EDGE('',*,*,#12565,.T.);
#14290=EDGE_LOOP('',(#14286,#14287,#14288,#14289));
#14291=FACE_OUTER_BOUND('',#14290,.F.);
#14292=ADVANCED_FACE('',(#14291),#14285,.F.);
#14293=FILL_AREA_STYLE_COLOUR('',#26);
#14294=FILL_AREA_STYLE('',(#14293));
#14295=SURFACE_STYLE_FILL_AREA(#14294);
#14296=SURFACE_SIDE_STYLE('',(#14295));
#14297=SURFACE_STYLE_USAGE(.POSITIVE.,#14296);
#14298=PRESENTATION_STYLE_ASSIGNMENT((#14297));
#14299=STYLED_ITEM('',(#14298),#14292);
#14300=CARTESIAN_POINT('',(-5.25E0,2.164368059379E1,4.619E-1));
#14301=DIRECTION('',(0.E0,-1.E0,0.E0));
#14302=DIRECTION('',(-1.E0,0.E0,0.E0));
#14303=AXIS2_PLACEMENT_3D('',#14300,#14301,#14302);
#14304=CYLINDRICAL_SURFACE('',#14303,2.E-1);
#14305=ORIENTED_EDGE('',*,*,#12561,.F.);
#14306=ORIENTED_EDGE('',*,*,#14102,.T.);
#14308=ORIENTED_EDGE('',*,*,#14307,.T.);
#14309=ORIENTED_EDGE('',*,*,#14261,.T.);
#14310=EDGE_LOOP('',(#14305,#14306,#14308,#14309));
#14311=FACE_OUTER_BOUND('',#14310,.F.);
#14312=ADVANCED_FACE('',(#14311),#14304,.F.);
#14313=FILL_AREA_STYLE_COLOUR('',#26);
#14314=FILL_AREA_STYLE('',(#14313));
#14315=SURFACE_STYLE_FILL_AREA(#14314);
#14316=SURFACE_SIDE_STYLE('',(#14315));
#14317=SURFACE_STYLE_USAGE(.POSITIVE.,#14316);
#14318=PRESENTATION_STYLE_ASSIGNMENT((#14317));
#14319=STYLED_ITEM('',(#14318),#14312);
#14320=CARTESIAN_POINT('',(-5.45E0,0.E0,2.619E-1));
#14321=DIRECTION('',(0.E0,0.E0,-1.E0));
#14322=DIRECTION('',(0.E0,-1.E0,0.E0));
#14323=AXIS2_PLACEMENT_3D('',#14320,#14321,#14322);
#14324=PLANE('',#14323);
#14325=ORIENTED_EDGE('',*,*,#14307,.F.);
#14326=ORIENTED_EDGE('',*,*,#14100,.T.);
#14328=ORIENTED_EDGE('',*,*,#14327,.T.);
#14330=ORIENTED_EDGE('',*,*,#14329,.T.);
#14331=ORIENTED_EDGE('',*,*,#14263,.T.);
#14332=EDGE_LOOP('',(#14325,#14326,#14328,#14330,#14331));
#14333=FACE_OUTER_BOUND('',#14332,.F.);
#14334=ADVANCED_FACE('',(#14333),#14324,.F.);
#14335=FILL_AREA_STYLE_COLOUR('',#26);
#14336=FILL_AREA_STYLE('',(#14335));
#14337=SURFACE_STYLE_FILL_AREA(#14336);
#14338=SURFACE_SIDE_STYLE('',(#14337));
#14339=SURFACE_STYLE_USAGE(.POSITIVE.,#14338);
#14340=PRESENTATION_STYLE_ASSIGNMENT((#14339));
#14341=STYLED_ITEM('',(#14340),#14334);
#14342=CARTESIAN_POINT('',(-3.439894020662E0,4.6E0,-1.381E-1));
#14343=DIRECTION('',(1.E0,0.E0,0.E0));
#14344=DIRECTION('',(0.E0,-1.E0,0.E0));
#14345=AXIS2_PLACEMENT_3D('',#14342,#14343,#14344);
#14346=PLANE('',#14345);
#14348=ORIENTED_EDGE('',*,*,#14347,.T.);
#14350=ORIENTED_EDGE('',*,*,#14349,.T.);
#14351=ORIENTED_EDGE('',*,*,#14327,.F.);
#14352=ORIENTED_EDGE('',*,*,#14098,.F.);
#14353=EDGE_LOOP('',(#14348,#14350,#14351,#14352));
#14354=FACE_OUTER_BOUND('',#14353,.F.);
#14355=ADVANCED_FACE('',(#14354),#14346,.T.);
#14356=FILL_AREA_STYLE_COLOUR('',#26);
#14357=FILL_AREA_STYLE('',(#14356));
#14358=SURFACE_STYLE_FILL_AREA(#14357);
#14359=SURFACE_SIDE_STYLE('',(#14358));
#14360=SURFACE_STYLE_USAGE(.POSITIVE.,#14359);
#14361=PRESENTATION_STYLE_ASSIGNMENT((#14360));
#14362=STYLED_ITEM('',(#14361),#14355);
#14363=CARTESIAN_POINT('',(-5.85E0,3.E0,-1.381E-1));
#14364=DIRECTION('',(0.E0,0.E0,1.E0));
#14365=DIRECTION('',(0.E0,1.E0,0.E0));
#14366=AXIS2_PLACEMENT_3D('',#14363,#14364,#14365);
#14367=PLANE('',#14366);
#14368=ORIENTED_EDGE('',*,*,#14239,.T.);
#14369=ORIENTED_EDGE('',*,*,#14267,.F.);
#14371=ORIENTED_EDGE('',*,*,#14370,.F.);
#14372=ORIENTED_EDGE('',*,*,#14347,.F.);
#14373=ORIENTED_EDGE('',*,*,#14096,.F.);
#14374=EDGE_LOOP('',(#14368,#14369,#14371,#14372,#14373));
#14375=FACE_OUTER_BOUND('',#14374,.F.);
#14376=ADVANCED_FACE('',(#14375),#14367,.F.);
#14377=FILL_AREA_STYLE_COLOUR('',#26);
#14378=FILL_AREA_STYLE('',(#14377));
#14379=SURFACE_STYLE_FILL_AREA(#14378);
#14380=SURFACE_SIDE_STYLE('',(#14379));
#14381=SURFACE_STYLE_USAGE(.POSITIVE.,#14380);
#14382=PRESENTATION_STYLE_ASSIGNMENT((#14381));
#14383=STYLED_ITEM('',(#14382),#14376);
#14384=CARTESIAN_POINT('',(-3.439894020662E0,3.8E0,-1.381E-1));
#14385=DIRECTION('',(6.974639139727E-1,-7.166199053236E-1,0.E0));
#14386=DIRECTION('',(-7.166199053236E-1,-6.974639139727E-1,0.E0));
#14387=AXIS2_PLACEMENT_3D('',#14384,#14385,#14386);
#14388=PLANE('',#14387);
#14389=ORIENTED_EDGE('',*,*,#14370,.T.);
#14390=ORIENTED_EDGE('',*,*,#14265,.T.);
#14391=ORIENTED_EDGE('',*,*,#14329,.F.);
#14392=ORIENTED_EDGE('',*,*,#14349,.F.);
#14393=EDGE_LOOP('',(#14389,#14390,#14391,#14392));
#14394=FACE_OUTER_BOUND('',#14393,.F.);
#14395=ADVANCED_FACE('',(#14394),#14388,.T.);
#14396=FILL_AREA_STYLE_COLOUR('',#26);
#14397=FILL_AREA_STYLE('',(#14396));
#14398=SURFACE_STYLE_FILL_AREA(#14397);
#14399=SURFACE_SIDE_STYLE('',(#14398));
#14400=SURFACE_STYLE_USAGE(.POSITIVE.,#14399);
#14401=PRESENTATION_STYLE_ASSIGNMENT((#14400));
#14402=STYLED_ITEM('',(#14401),#14395);
#14403=CARTESIAN_POINT('',(-6.7039E0,-1.25E0,-1.274890629039E0));
#14404=DIRECTION('',(0.E0,1.E0,0.E0));
#14405=DIRECTION('',(-1.E0,0.E0,0.E0));
#14406=AXIS2_PLACEMENT_3D('',#14403,#14404,#14405);
#14407=CYLINDRICAL_SURFACE('',#14406,1.2539E0);
#14408=ORIENTED_EDGE('',*,*,#12452,.F.);
#14409=ORIENTED_EDGE('',*,*,#12570,.T.);
#14410=ORIENTED_EDGE('',*,*,#12369,.T.);
#14412=ORIENTED_EDGE('',*,*,#14411,.F.);
#14413=EDGE_LOOP('',(#14408,#14409,#14410,#14412));
#14414=FACE_OUTER_BOUND('',#14413,.F.);
#14415=ADVANCED_FACE('',(#14414),#14407,.T.);
#14416=FILL_AREA_STYLE_COLOUR('',#26);
#14417=FILL_AREA_STYLE('',(#14416));
#14418=SURFACE_STYLE_FILL_AREA(#14417);
#14419=SURFACE_SIDE_STYLE('',(#14418));
#14420=SURFACE_STYLE_USAGE(.POSITIVE.,#14419);
#14421=PRESENTATION_STYLE_ASSIGNMENT((#14420));
#14422=STYLED_ITEM('',(#14421),#14415);
#14423=CARTESIAN_POINT('',(-5.688493216571E0,-1.25E0,-2.010563296852E0));
#14424=DIRECTION('',(8.097988543174E-1,0.E0,-5.867076065181E-1));
#14425=DIRECTION('',(-5.867076065181E-1,0.E0,-8.097988543174E-1));
#14426=AXIS2_PLACEMENT_3D('',#14423,#14424,#14425);
#14427=PLANE('',#14426);
#14428=ORIENTED_EDGE('',*,*,#12454,.F.);
#14429=ORIENTED_EDGE('',*,*,#14411,.T.);
#14430=ORIENTED_EDGE('',*,*,#12367,.T.);
#14432=ORIENTED_EDGE('',*,*,#14431,.F.);
#14433=EDGE_LOOP('',(#14428,#14429,#14430,#14432));
#14434=FACE_OUTER_BOUND('',#14433,.F.);
#14435=ADVANCED_FACE('',(#14434),#14427,.T.);
#14436=FILL_AREA_STYLE_COLOUR('',#26);
#14437=FILL_AREA_STYLE('',(#14436));
#14438=SURFACE_STYLE_FILL_AREA(#14437);
#14439=SURFACE_SIDE_STYLE('',(#14438));
#14440=SURFACE_STYLE_USAGE(.POSITIVE.,#14439);
#14441=PRESENTATION_STYLE_ASSIGNMENT((#14440));
#14442=STYLED_ITEM('',(#14441),#14435);
#14443=CARTESIAN_POINT('',(-5.895595137663E0,-1.25E0,-2.440922557921E0));
#14444=DIRECTION('',(0.E0,1.E0,0.E0));
#14445=DIRECTION('',(-1.E0,0.E0,0.E0));
#14446=AXIS2_PLACEMENT_3D('',#14443,#14444,#14445);
#14447=CYLINDRICAL_SURFACE('',#14446,8.478415357744E-2);
#14448=ORIENTED_EDGE('',*,*,#12456,.F.);
#14449=ORIENTED_EDGE('',*,*,#14431,.T.);
#14450=ORIENTED_EDGE('',*,*,#12365,.T.);
#14452=ORIENTED_EDGE('',*,*,#14451,.F.);
#14453=EDGE_LOOP('',(#14448,#14449,#14450,#14452));
#14454=FACE_OUTER_BOUND('',#14453,.F.);
#14455=ADVANCED_FACE('',(#14454),#14447,.F.);
#14456=FILL_AREA_STYLE_COLOUR('',#26);
#14457=FILL_AREA_STYLE('',(#14456));
#14458=SURFACE_STYLE_FILL_AREA(#14457);
#14459=SURFACE_SIDE_STYLE('',(#14458));
#14460=SURFACE_STYLE_USAGE(.POSITIVE.,#14459);
#14461=PRESENTATION_STYLE_ASSIGNMENT((#14460));
#14462=STYLED_ITEM('',(#14461),#14455);
#14463=CARTESIAN_POINT('',(-5.963962647833E0,-1.25E0,-2.491064718335E0));
#14464=DIRECTION('',(8.063713239440E-1,0.E0,5.914095771297E-1));
#14465=DIRECTION('',(5.914095771297E-1,0.E0,-8.063713239440E-1));
#14466=AXIS2_PLACEMENT_3D('',#14463,#14464,#14465);
#14467=PLANE('',#14466);
#14469=ORIENTED_EDGE('',*,*,#14468,.F.);
#14470=ORIENTED_EDGE('',*,*,#12458,.F.);
#14471=ORIENTED_EDGE('',*,*,#14451,.T.);
#14472=ORIENTED_EDGE('',*,*,#12363,.T.);
#14474=ORIENTED_EDGE('',*,*,#14473,.F.);
#14476=ORIENTED_EDGE('',*,*,#14475,.F.);
#14477=EDGE_LOOP('',(#14469,#14470,#14471,#14472,#14474,#14476));
#14478=FACE_OUTER_BOUND('',#14477,.F.);
#14479=ADVANCED_FACE('',(#14478),#14467,.T.);
#14480=FILL_AREA_STYLE_COLOUR('',#26);
#14481=FILL_AREA_STYLE('',(#14480));
#14482=SURFACE_STYLE_FILL_AREA(#14481);
#14483=SURFACE_SIDE_STYLE('',(#14482));
#14484=SURFACE_STYLE_USAGE(.POSITIVE.,#14483);
#14485=PRESENTATION_STYLE_ASSIGNMENT((#14484));
#14486=STYLED_ITEM('',(#14485),#14479);
#14487=CARTESIAN_POINT('',(-2.317366537373E1,0.E0,-2.75E0));
#14488=DIRECTION('',(1.E0,0.E0,0.E0));
#14489=DIRECTION('',(0.E0,1.E0,0.E0));
#14490=AXIS2_PLACEMENT_3D('',#14487,#14488,#14489);
#14491=CYLINDRICAL_SURFACE('',#14490,1.25E0);
#14492=ORIENTED_EDGE('',*,*,#12361,.F.);
#14494=ORIENTED_EDGE('',*,*,#14493,.T.);
#14496=ORIENTED_EDGE('',*,*,#14495,.T.);
#14498=ORIENTED_EDGE('',*,*,#14497,.T.);
#14500=ORIENTED_EDGE('',*,*,#14499,.T.);
#14502=ORIENTED_EDGE('',*,*,#14501,.T.);
#14503=ORIENTED_EDGE('',*,*,#12460,.T.);
#14504=ORIENTED_EDGE('',*,*,#14468,.T.);
#14506=ORIENTED_EDGE('',*,*,#14505,.T.);
#14508=ORIENTED_EDGE('',*,*,#14507,.T.);
#14510=ORIENTED_EDGE('',*,*,#14509,.T.);
#14511=ORIENTED_EDGE('',*,*,#14473,.T.);
#14512=EDGE_LOOP('',(#14492,#14494,#14496,#14498,#14500,#14502,#14503,#14504,
#14506,#14508,#14510,#14511));
#14513=FACE_OUTER_BOUND('',#14512,.F.);
#14514=ADVANCED_FACE('',(#14513),#14491,.T.);
#14515=FILL_AREA_STYLE_COLOUR('',#26);
#14516=FILL_AREA_STYLE('',(#14515));
#14517=SURFACE_STYLE_FILL_AREA(#14516);
#14518=SURFACE_SIDE_STYLE('',(#14517));
#14519=SURFACE_STYLE_USAGE(.POSITIVE.,#14518);
#14520=PRESENTATION_STYLE_ASSIGNMENT((#14519));
#14521=STYLED_ITEM('',(#14520),#14514);
#14522=CARTESIAN_POINT('',(-5.950473920005E0,-1.25E0,-3.185806466196E0));
#14523=DIRECTION('',(-8.063713239440E-1,0.E0,-5.914095771297E-1));
#14524=DIRECTION('',(-5.914095771297E-1,0.E0,8.063713239440E-1));
#14525=AXIS2_PLACEMENT_3D('',#14522,#14523,#14524);
#14526=PLANE('',#14525);
#14527=ORIENTED_EDGE('',*,*,#14493,.F.);
#14528=ORIENTED_EDGE('',*,*,#12359,.T.);
#14530=ORIENTED_EDGE('',*,*,#14529,.F.);
#14531=ORIENTED_EDGE('',*,*,#12462,.F.);
#14532=ORIENTED_EDGE('',*,*,#14501,.F.);
#14534=ORIENTED_EDGE('',*,*,#14533,.T.);
#14535=EDGE_LOOP('',(#14527,#14528,#14530,#14531,#14532,#14534));
#14536=FACE_OUTER_BOUND('',#14535,.F.);
#14537=ADVANCED_FACE('',(#14536),#14526,.T.);
#14538=FILL_AREA_STYLE_COLOUR('',#26);
#14539=FILL_AREA_STYLE('',(#14538));
#14540=SURFACE_STYLE_FILL_AREA(#14539);
#14541=SURFACE_SIDE_STYLE('',(#14540));
#14542=SURFACE_STYLE_USAGE(.POSITIVE.,#14541);
#14543=PRESENTATION_STYLE_ASSIGNMENT((#14542));
#14544=STYLED_ITEM('',(#14543),#14537);
#14545=CARTESIAN_POINT('',(-6.1156E0,-1.25E0,-2.441562624425E0));
#14546=DIRECTION('',(0.E0,1.E0,0.E0));
#14547=DIRECTION('',(-1.E0,0.E0,0.E0));
#14548=AXIS2_PLACEMENT_3D('',#14545,#14546,#14547);
#14549=CYLINDRICAL_SURFACE('',#14548,3.07E-1);
#14550=ORIENTED_EDGE('',*,*,#12464,.F.);
#14551=ORIENTED_EDGE('',*,*,#14529,.T.);
#14552=ORIENTED_EDGE('',*,*,#12357,.T.);
#14554=ORIENTED_EDGE('',*,*,#14553,.F.);
#14555=EDGE_LOOP('',(#14550,#14551,#14552,#14554));
#14556=FACE_OUTER_BOUND('',#14555,.F.);
#14557=ADVANCED_FACE('',(#14556),#14549,.T.);
#14558=FILL_AREA_STYLE_COLOUR('',#26);
#14559=FILL_AREA_STYLE('',(#14558));
#14560=SURFACE_STYLE_FILL_AREA(#14559);
#14561=SURFACE_SIDE_STYLE('',(#14560));
#14562=SURFACE_STYLE_USAGE(.POSITIVE.,#14561);
#14563=PRESENTATION_STYLE_ASSIGNMENT((#14562));
#14564=STYLED_ITEM('',(#14563),#14557);
#14565=CARTESIAN_POINT('',(-6.364208248275E0,-1.25E0,-2.261443389224E0));
#14566=DIRECTION('',(-8.097988543174E-1,0.E0,5.867076065181E-1));
#14567=DIRECTION('',(5.867076065181E-1,0.E0,8.097988543174E-1));
#14568=AXIS2_PLACEMENT_3D('',#14565,#14566,#14567);
#14569=PLANE('',#14568);
#14570=ORIENTED_EDGE('',*,*,#12466,.F.);
#14571=ORIENTED_EDGE('',*,*,#14553,.T.);
#14572=ORIENTED_EDGE('',*,*,#12355,.T.);
#14573=ORIENTED_EDGE('',*,*,#12429,.F.);
#14574=EDGE_LOOP('',(#14570,#14571,#14572,#14573));
#14575=FACE_OUTER_BOUND('',#14574,.F.);
#14576=ADVANCED_FACE('',(#14575),#14569,.T.);
#14577=FILL_AREA_STYLE_COLOUR('',#26);
#14578=FILL_AREA_STYLE('',(#14577));
#14579=SURFACE_STYLE_FILL_AREA(#14578);
#14580=SURFACE_SIDE_STYLE('',(#14579));
#14581=SURFACE_STYLE_USAGE(.POSITIVE.,#14580);
#14582=PRESENTATION_STYLE_ASSIGNMENT((#14581));
#14583=STYLED_ITEM('',(#14582),#14576);
#14584=CARTESIAN_POINT('',(-6.3689E0,-1.25E0,-3.492688895768E0));
#14585=DIRECTION('',(0.E0,1.E0,0.E0));
#14586=DIRECTION('',(-1.E0,0.E0,0.E0));
#14587=AXIS2_PLACEMENT_3D('',#14584,#14585,#14586);
#14588=CYLINDRICAL_SURFACE('',#14587,5.189E-1);
#14589=ORIENTED_EDGE('',*,*,#14495,.F.);
#14590=ORIENTED_EDGE('',*,*,#14533,.F.);
#14591=ORIENTED_EDGE('',*,*,#14499,.F.);
#14593=ORIENTED_EDGE('',*,*,#14592,.T.);
#14594=EDGE_LOOP('',(#14589,#14590,#14591,#14593));
#14595=FACE_OUTER_BOUND('',#14594,.F.);
#14596=ADVANCED_FACE('',(#14595),#14588,.F.);
#14597=FILL_AREA_STYLE_COLOUR('',#26);
#14598=FILL_AREA_STYLE('',(#14597));
#14599=SURFACE_STYLE_FILL_AREA(#14598);
#14600=SURFACE_SIDE_STYLE('',(#14599));
#14601=SURFACE_STYLE_USAGE(.POSITIVE.,#14600);
#14602=PRESENTATION_STYLE_ASSIGNMENT((#14601));
#14603=STYLED_ITEM('',(#14602),#14596);
#14604=CARTESIAN_POINT('',(-5.85E0,-1.25E0,-4.E0));
#14605=DIRECTION('',(-1.E0,0.E0,0.E0));
#14606=DIRECTION('',(0.E0,0.E0,1.E0));
#14607=AXIS2_PLACEMENT_3D('',#14604,#14605,#14606);
#14608=PLANE('',#14607);
#14609=ORIENTED_EDGE('',*,*,#14497,.F.);
#14610=ORIENTED_EDGE('',*,*,#14592,.F.);
#14611=EDGE_LOOP('',(#14609,#14610));
#14612=FACE_OUTER_BOUND('',#14611,.F.);
#14613=ADVANCED_FACE('',(#14612),#14608,.T.);
#14614=FILL_AREA_STYLE_COLOUR('',#26);
#14615=FILL_AREA_STYLE('',(#14614));
#14616=SURFACE_STYLE_FILL_AREA(#14615);
#14617=SURFACE_SIDE_STYLE('',(#14616));
#14618=SURFACE_STYLE_USAGE(.POSITIVE.,#14617);
#14619=PRESENTATION_STYLE_ASSIGNMENT((#14618));
#14620=STYLED_ITEM('',(#14619),#14613);
#14621=CARTESIAN_POINT('',(-6.3689E0,-1.25E0,-3.492688895768E0));
#14622=DIRECTION('',(0.E0,1.E0,0.E0));
#14623=DIRECTION('',(-1.E0,0.E0,0.E0));
#14624=AXIS2_PLACEMENT_3D('',#14621,#14622,#14623);
#14625=CYLINDRICAL_SURFACE('',#14624,9.189E-1);
#14626=ORIENTED_EDGE('',*,*,#14505,.F.);
#14627=ORIENTED_EDGE('',*,*,#14475,.T.);
#14628=ORIENTED_EDGE('',*,*,#14509,.F.);
#14630=ORIENTED_EDGE('',*,*,#14629,.F.);
#14631=EDGE_LOOP('',(#14626,#14627,#14628,#14630));
#14632=FACE_OUTER_BOUND('',#14631,.F.);
#14633=ADVANCED_FACE('',(#14632),#14625,.T.);
#14634=FILL_AREA_STYLE_COLOUR('',#26);
#14635=FILL_AREA_STYLE('',(#14634));
#14636=SURFACE_STYLE_FILL_AREA(#14635);
#14637=SURFACE_SIDE_STYLE('',(#14636));
#14638=SURFACE_STYLE_USAGE(.POSITIVE.,#14637);
#14639=PRESENTATION_STYLE_ASSIGNMENT((#14638));
#14640=STYLED_ITEM('',(#14639),#14633);
#14641=CARTESIAN_POINT('',(-5.45E0,-1.25E0,-3.492688895768E0));
#14642=DIRECTION('',(1.E0,0.E0,0.E0));
#14643=DIRECTION('',(0.E0,0.E0,-1.E0));
#14644=AXIS2_PLACEMENT_3D('',#14641,#14642,#14643);
#14645=PLANE('',#14644);
#14646=ORIENTED_EDGE('',*,*,#14507,.F.);
#14647=ORIENTED_EDGE('',*,*,#14629,.T.);
#14648=EDGE_LOOP('',(#14646,#14647));
#14649=FACE_OUTER_BOUND('',#14648,.F.);
#14650=ADVANCED_FACE('',(#14649),#14645,.T.);
#14651=FILL_AREA_STYLE_COLOUR('',#26);
#14652=FILL_AREA_STYLE('',(#14651));
#14653=SURFACE_STYLE_FILL_AREA(#14652);
#14654=SURFACE_SIDE_STYLE('',(#14653));
#14655=SURFACE_STYLE_USAGE(.POSITIVE.,#14654);
#14656=PRESENTATION_STYLE_ASSIGNMENT((#14655));
#14657=STYLED_ITEM('',(#14656),#14650);
#14658=CARTESIAN_POINT('',(-7.515666838169E-1,4.7823E0,4.E0));
#14659=DIRECTION('',(9.486833037051E-1,3.162277490531E-1,0.E0));
#14660=DIRECTION('',(-3.162277490531E-1,9.486833037051E-1,0.E0));
#14661=AXIS2_PLACEMENT_3D('',#14658,#14659,#14660);
#14662=PLANE('',#14661);
#14663=ORIENTED_EDGE('',*,*,#11757,.F.);
#14665=ORIENTED_EDGE('',*,*,#14664,.T.);
#14667=ORIENTED_EDGE('',*,*,#14666,.T.);
#14669=ORIENTED_EDGE('',*,*,#14668,.F.);
#14670=EDGE_LOOP('',(#14663,#14665,#14667,#14669));
#14671=FACE_OUTER_BOUND('',#14670,.F.);
#14672=ADVANCED_FACE('',(#14671),#14662,.F.);
#14673=FILL_AREA_STYLE_COLOUR('',#28);
#14674=FILL_AREA_STYLE('',(#14673));
#14675=SURFACE_STYLE_FILL_AREA(#14674);
#14676=SURFACE_SIDE_STYLE('',(#14675));
#14677=SURFACE_STYLE_USAGE(.POSITIVE.,#14676);
#14678=PRESENTATION_STYLE_ASSIGNMENT((#14677));
#14679=STYLED_ITEM('',(#14678),#14672);
#14680=CARTESIAN_POINT('',(-8.594666838169E-1,4.7823E0,4.E0));
#14681=DIRECTION('',(0.E0,-1.E0,0.E0));
#14682=DIRECTION('',(1.E0,0.E0,0.E0));
#14683=AXIS2_PLACEMENT_3D('',#14680,#14681,#14682);
#14684=PLANE('',#14683);
#14685=ORIENTED_EDGE('',*,*,#11771,.F.);
#14687=ORIENTED_EDGE('',*,*,#14686,.T.);
#14689=ORIENTED_EDGE('',*,*,#14688,.T.);
#14690=ORIENTED_EDGE('',*,*,#14664,.F.);
#14691=EDGE_LOOP('',(#14685,#14687,#14689,#14690));
#14692=FACE_OUTER_BOUND('',#14691,.F.);
#14693=ADVANCED_FACE('',(#14692),#14684,.F.);
#14694=FILL_AREA_STYLE_COLOUR('',#28);
#14695=FILL_AREA_STYLE('',(#14694));
#14696=SURFACE_STYLE_FILL_AREA(#14695);
#14697=SURFACE_SIDE_STYLE('',(#14696));
#14698=SURFACE_STYLE_USAGE(.POSITIVE.,#14697);
#14699=PRESENTATION_STYLE_ASSIGNMENT((#14698));
#14700=STYLED_ITEM('',(#14699),#14693);
#14701=CARTESIAN_POINT('',(-9.314E-1,5.002691488814E0,4.E0));
#14702=DIRECTION('',(-9.506452246141E-1,-3.102799653834E-1,0.E0));
#14703=DIRECTION('',(3.102799653834E-1,-9.506452246141E-1,0.E0));
#14704=AXIS2_PLACEMENT_3D('',#14701,#14702,#14703);
#14705=PLANE('',#14704);
#14706=ORIENTED_EDGE('',*,*,#11769,.F.);
#14708=ORIENTED_EDGE('',*,*,#14707,.T.);
#14710=ORIENTED_EDGE('',*,*,#14709,.T.);
#14711=ORIENTED_EDGE('',*,*,#14686,.F.);
#14712=EDGE_LOOP('',(#14706,#14708,#14710,#14711));
#14713=FACE_OUTER_BOUND('',#14712,.F.);
#14714=ADVANCED_FACE('',(#14713),#14705,.F.);
#14715=FILL_AREA_STYLE_COLOUR('',#28);
#14716=FILL_AREA_STYLE('',(#14715));
#14717=SURFACE_STYLE_FILL_AREA(#14716);
#14718=SURFACE_SIDE_STYLE('',(#14717));
#14719=SURFACE_STYLE_USAGE(.POSITIVE.,#14718);
#14720=PRESENTATION_STYLE_ASSIGNMENT((#14719));
#14721=STYLED_ITEM('',(#14720),#14714);
#14722=CARTESIAN_POINT('',(-1.291066670954E0,5.002691488814E0,4.E0));
#14723=DIRECTION('',(0.E0,-1.E0,0.E0));
#14724=DIRECTION('',(1.E0,0.E0,0.E0));
#14725=AXIS2_PLACEMENT_3D('',#14722,#14723,#14724);
#14726=PLANE('',#14725);
#14727=ORIENTED_EDGE('',*,*,#11767,.F.);
#14729=ORIENTED_EDGE('',*,*,#14728,.T.);
#14731=ORIENTED_EDGE('',*,*,#14730,.T.);
#14732=ORIENTED_EDGE('',*,*,#14707,.F.);
#14733=EDGE_LOOP('',(#14727,#14729,#14731,#14732));
#14734=FACE_OUTER_BOUND('',#14733,.F.);
#14735=ADVANCED_FACE('',(#14734),#14726,.F.);
#14736=FILL_AREA_STYLE_COLOUR('',#28);
#14737=FILL_AREA_STYLE('',(#14736));
#14738=SURFACE_STYLE_FILL_AREA(#14737);
#14739=SURFACE_SIDE_STYLE('',(#14738));
#14740=SURFACE_STYLE_USAGE(.POSITIVE.,#14739);
#14741=PRESENTATION_STYLE_ASSIGNMENT((#14740));
#14742=STYLED_ITEM('',(#14741),#14735);
#14743=CARTESIAN_POINT('',(-1.363E0,4.7823E0,4.E0));
#14744=DIRECTION('',(9.506452082487E-1,-3.102800155243E-1,0.E0));
#14745=DIRECTION('',(3.102800155243E-1,9.506452082487E-1,0.E0));
#14746=AXIS2_PLACEMENT_3D('',#14743,#14744,#14745);
#14747=PLANE('',#14746);
#14748=ORIENTED_EDGE('',*,*,#11765,.F.);
#14750=ORIENTED_EDGE('',*,*,#14749,.T.);
#14752=ORIENTED_EDGE('',*,*,#14751,.T.);
#14753=ORIENTED_EDGE('',*,*,#14728,.F.);
#14754=EDGE_LOOP('',(#14748,#14750,#14752,#14753));
#14755=FACE_OUTER_BOUND('',#14754,.F.);
#14756=ADVANCED_FACE('',(#14755),#14747,.F.);
#14757=FILL_AREA_STYLE_COLOUR('',#28);
#14758=FILL_AREA_STYLE('',(#14757));
#14759=SURFACE_STYLE_FILL_AREA(#14758);
#14760=SURFACE_SIDE_STYLE('',(#14759));
#14761=SURFACE_STYLE_USAGE(.POSITIVE.,#14760);
#14762=PRESENTATION_STYLE_ASSIGNMENT((#14761));
#14763=STYLED_ITEM('',(#14762),#14756);
#14764=CARTESIAN_POINT('',(-1.4709E0,4.7823E0,4.E0));
#14765=DIRECTION('',(0.E0,-1.E0,0.E0));
#14766=DIRECTION('',(1.E0,0.E0,0.E0));
#14767=AXIS2_PLACEMENT_3D('',#14764,#14765,#14766);
#14768=PLANE('',#14767);
#14769=ORIENTED_EDGE('',*,*,#11763,.F.);
#14771=ORIENTED_EDGE('',*,*,#14770,.T.);
#14773=ORIENTED_EDGE('',*,*,#14772,.T.);
#14774=ORIENTED_EDGE('',*,*,#14749,.F.);
#14775=EDGE_LOOP('',(#14769,#14771,#14773,#14774));
#14776=FACE_OUTER_BOUND('',#14775,.F.);
#14777=ADVANCED_FACE('',(#14776),#14768,.F.);
#14778=FILL_AREA_STYLE_COLOUR('',#28);
#14779=FILL_AREA_STYLE('',(#14778));
#14780=SURFACE_STYLE_FILL_AREA(#14779);
#14781=SURFACE_SIDE_STYLE('',(#14780));
#14782=SURFACE_STYLE_USAGE(.POSITIVE.,#14781);
#14783=PRESENTATION_STYLE_ASSIGNMENT((#14782));
#14784=STYLED_ITEM('',(#14783),#14777);
#14785=CARTESIAN_POINT('',(-1.183166658092E0,5.6455E0,4.E0));
#14786=DIRECTION('',(-9.486832952232E-1,3.162277744987E-1,0.E0));
#14787=DIRECTION('',(-3.162277744987E-1,-9.486832952232E-1,0.E0));
#14788=AXIS2_PLACEMENT_3D('',#14785,#14786,#14787);
#14789=PLANE('',#14788);
#14790=ORIENTED_EDGE('',*,*,#11761,.F.);
#14792=ORIENTED_EDGE('',*,*,#14791,.T.);
#14794=ORIENTED_EDGE('',*,*,#14793,.T.);
#14795=ORIENTED_EDGE('',*,*,#14770,.F.);
#14796=EDGE_LOOP('',(#14790,#14792,#14794,#14795));
#14797=FACE_OUTER_BOUND('',#14796,.F.);
#14798=ADVANCED_FACE('',(#14797),#14789,.F.);
#14799=CARTESIAN_POINT('',(-1.0393E0,5.6455E0,4.E0));
#14800=DIRECTION('',(0.E0,1.E0,0.E0));
#14801=DIRECTION('',(-1.E0,0.E0,0.E0));
#14802=AXIS2_PLACEMENT_3D('',#14799,#14800,#14801);
#14803=PLANE('',#14802);
#14804=ORIENTED_EDGE('',*,*,#11759,.F.);
#14805=ORIENTED_EDGE('',*,*,#14668,.T.);
#14807=ORIENTED_EDGE('',*,*,#14806,.T.);
#14808=ORIENTED_EDGE('',*,*,#14791,.F.);
#14809=EDGE_LOOP('',(#14804,#14805,#14807,#14808));
#14810=FACE_OUTER_BOUND('',#14809,.F.);
#14811=ADVANCED_FACE('',(#14810),#14803,.F.);
#14812=CARTESIAN_POINT('',(0.E0,0.E0,3.99E0));
#14813=DIRECTION('',(0.E0,0.E0,1.E0));
#14814=DIRECTION('',(1.E0,0.E0,0.E0));
#14815=AXIS2_PLACEMENT_3D('',#14812,#14813,#14814);
#14816=PLANE('',#14815);
#14817=ORIENTED_EDGE('',*,*,#14806,.F.);
#14818=ORIENTED_EDGE('',*,*,#14666,.F.);
#14819=ORIENTED_EDGE('',*,*,#14688,.F.);
#14820=ORIENTED_EDGE('',*,*,#14709,.F.);
#14821=ORIENTED_EDGE('',*,*,#14730,.F.);
#14822=ORIENTED_EDGE('',*,*,#14751,.F.);
#14823=ORIENTED_EDGE('',*,*,#14772,.F.);
#14824=ORIENTED_EDGE('',*,*,#14793,.F.);
#14825=EDGE_LOOP('',(#14817,#14818,#14819,#14820,#14821,#14822,#14823,#14824));
#14826=FACE_OUTER_BOUND('',#14825,.F.);
#14828=ORIENTED_EDGE('',*,*,#14827,.F.);
#14830=ORIENTED_EDGE('',*,*,#14829,.F.);
#14832=ORIENTED_EDGE('',*,*,#14831,.F.);
#14833=EDGE_LOOP('',(#14828,#14830,#14832));
#14834=FACE_BOUND('',#14833,.F.);
#14835=ADVANCED_FACE('',(#14826,#14834),#14816,.T.);
#14836=FILL_AREA_STYLE_COLOUR('',#28);
#14837=FILL_AREA_STYLE('',(#14836));
#14838=SURFACE_STYLE_FILL_AREA(#14837);
#14839=SURFACE_SIDE_STYLE('',(#14838));
#14840=SURFACE_STYLE_USAGE(.POSITIVE.,#14839);
#14841=PRESENTATION_STYLE_ASSIGNMENT((#14840));
#14842=STYLED_ITEM('',(#14841),#14835);
#14843=CARTESIAN_POINT('',(0.E0,0.E0,3.99E0));
#14844=DIRECTION('',(0.E0,0.E0,1.E0));
#14845=DIRECTION('',(1.E0,0.E0,0.E0));
#14846=AXIS2_PLACEMENT_3D('',#14843,#14844,#14845);
#14847=PLANE('',#14846);
#14849=ORIENTED_EDGE('',*,*,#14848,.F.);
#14851=ORIENTED_EDGE('',*,*,#14850,.F.);
#14853=ORIENTED_EDGE('',*,*,#14852,.F.);
#14855=ORIENTED_EDGE('',*,*,#14854,.F.);
#14857=ORIENTED_EDGE('',*,*,#14856,.F.);
#14859=ORIENTED_EDGE('',*,*,#14858,.F.);
#14860=EDGE_LOOP('',(#14849,#14851,#14853,#14855,#14857,#14859));
#14861=FACE_OUTER_BOUND('',#14860,.F.);
#14862=ADVANCED_FACE('',(#14861),#14847,.T.);
#14863=FILL_AREA_STYLE_COLOUR('',#28);
#14864=FILL_AREA_STYLE('',(#14863));
#14865=SURFACE_STYLE_FILL_AREA(#14864);
#14866=SURFACE_SIDE_STYLE('',(#14865));
#14867=SURFACE_STYLE_USAGE(.POSITIVE.,#14866);
#14868=PRESENTATION_STYLE_ASSIGNMENT((#14867));
#14869=STYLED_ITEM('',(#14868),#14862);
#14870=CARTESIAN_POINT('',(0.E0,0.E0,3.99E0));
#14871=DIRECTION('',(0.E0,0.E0,1.E0));
#14872=DIRECTION('',(1.E0,0.E0,0.E0));
#14873=AXIS2_PLACEMENT_3D('',#14870,#14871,#14872);
#14874=PLANE('',#14873);
#14876=ORIENTED_EDGE('',*,*,#14875,.F.);
#14878=ORIENTED_EDGE('',*,*,#14877,.F.);
#14879=ORIENTED_EDGE('',*,*,#11661,.F.);
#14881=ORIENTED_EDGE('',*,*,#14880,.F.);
#14883=ORIENTED_EDGE('',*,*,#14882,.F.);
#14885=ORIENTED_EDGE('',*,*,#14884,.F.);
#14887=ORIENTED_EDGE('',*,*,#14886,.F.);
#14889=ORIENTED_EDGE('',*,*,#14888,.F.);
#14891=ORIENTED_EDGE('',*,*,#14890,.F.);
#14893=ORIENTED_EDGE('',*,*,#14892,.F.);
#14895=ORIENTED_EDGE('',*,*,#14894,.F.);
#14897=ORIENTED_EDGE('',*,*,#14896,.F.);
#14899=ORIENTED_EDGE('',*,*,#14898,.F.);
#14901=ORIENTED_EDGE('',*,*,#14900,.F.);
#14902=EDGE_LOOP('',(#14876,#14878,#14879,#14881,#14883,#14885,#14887,#14889,
#14891,#14893,#14895,#14897,#14899,#14901));
#14903=FACE_OUTER_BOUND('',#14902,.F.);
#14905=ORIENTED_EDGE('',*,*,#14904,.F.);
#14907=ORIENTED_EDGE('',*,*,#14906,.F.);
#14909=ORIENTED_EDGE('',*,*,#14908,.F.);
#14911=ORIENTED_EDGE('',*,*,#14910,.F.);
#14913=ORIENTED_EDGE('',*,*,#14912,.F.);
#14915=ORIENTED_EDGE('',*,*,#14914,.F.);
#14917=ORIENTED_EDGE('',*,*,#14916,.F.);
#14919=ORIENTED_EDGE('',*,*,#14918,.F.);
#14921=ORIENTED_EDGE('',*,*,#14920,.F.);
#14923=ORIENTED_EDGE('',*,*,#14922,.F.);
#14924=EDGE_LOOP('',(#14905,#14907,#14909,#14911,#14913,#14915,#14917,#14919,
#14921,#14923));
#14925=FACE_BOUND('',#14924,.F.);
#14926=ADVANCED_FACE('',(#14903,#14925),#14874,.T.);
#14927=FILL_AREA_STYLE_COLOUR('',#28);
#14928=FILL_AREA_STYLE('',(#14927));
#14929=SURFACE_STYLE_FILL_AREA(#14928);
#14930=SURFACE_SIDE_STYLE('',(#14929));
#14931=SURFACE_STYLE_USAGE(.POSITIVE.,#14930);
#14932=PRESENTATION_STYLE_ASSIGNMENT((#14931));
#14933=STYLED_ITEM('',(#14932),#14926);
#14934=CARTESIAN_POINT('',(0.E0,0.E0,3.99E0));
#14935=DIRECTION('',(0.E0,0.E0,1.E0));
#14936=DIRECTION('',(1.E0,0.E0,0.E0));
#14937=AXIS2_PLACEMENT_3D('',#14934,#14935,#14936);
#14938=PLANE('',#14937);
#14940=ORIENTED_EDGE('',*,*,#14939,.F.);
#14942=ORIENTED_EDGE('',*,*,#14941,.F.);
#14944=ORIENTED_EDGE('',*,*,#14943,.F.);
#14946=ORIENTED_EDGE('',*,*,#14945,.F.);
#14948=ORIENTED_EDGE('',*,*,#14947,.F.);
#14950=ORIENTED_EDGE('',*,*,#14949,.F.);
#14952=ORIENTED_EDGE('',*,*,#14951,.F.);
#14954=ORIENTED_EDGE('',*,*,#14953,.F.);
#14956=ORIENTED_EDGE('',*,*,#14955,.F.);
#14958=ORIENTED_EDGE('',*,*,#14957,.F.);
#14960=ORIENTED_EDGE('',*,*,#14959,.F.);
#14962=ORIENTED_EDGE('',*,*,#14961,.F.);
#14964=ORIENTED_EDGE('',*,*,#14963,.F.);
#14966=ORIENTED_EDGE('',*,*,#14965,.F.);
#14968=ORIENTED_EDGE('',*,*,#14967,.F.);
#14970=ORIENTED_EDGE('',*,*,#14969,.F.);
#14972=ORIENTED_EDGE('',*,*,#14971,.F.);
#14974=ORIENTED_EDGE('',*,*,#14973,.F.);
#14976=ORIENTED_EDGE('',*,*,#14975,.F.);
#14978=ORIENTED_EDGE('',*,*,#14977,.F.);
#14980=ORIENTED_EDGE('',*,*,#14979,.F.);
#14982=ORIENTED_EDGE('',*,*,#14981,.F.);
#14984=ORIENTED_EDGE('',*,*,#14983,.F.);
#14986=ORIENTED_EDGE('',*,*,#14985,.F.);
#14988=ORIENTED_EDGE('',*,*,#14987,.F.);
#14990=ORIENTED_EDGE('',*,*,#14989,.F.);
#14992=ORIENTED_EDGE('',*,*,#14991,.F.);
#14994=ORIENTED_EDGE('',*,*,#14993,.F.);
#14996=ORIENTED_EDGE('',*,*,#14995,.F.);
#14998=ORIENTED_EDGE('',*,*,#14997,.F.);
#15000=ORIENTED_EDGE('',*,*,#14999,.F.);
#15002=ORIENTED_EDGE('',*,*,#15001,.F.);
#15004=ORIENTED_EDGE('',*,*,#15003,.F.);
#15006=ORIENTED_EDGE('',*,*,#15005,.F.);
#15008=ORIENTED_EDGE('',*,*,#15007,.F.);
#15010=ORIENTED_EDGE('',*,*,#15009,.F.);
#15012=ORIENTED_EDGE('',*,*,#15011,.F.);
#15014=ORIENTED_EDGE('',*,*,#15013,.F.);
#15016=ORIENTED_EDGE('',*,*,#15015,.F.);
#15018=ORIENTED_EDGE('',*,*,#15017,.F.);
#15020=ORIENTED_EDGE('',*,*,#15019,.F.);
#15022=ORIENTED_EDGE('',*,*,#15021,.F.);
#15024=ORIENTED_EDGE('',*,*,#15023,.F.);
#15026=ORIENTED_EDGE('',*,*,#15025,.F.);
#15028=ORIENTED_EDGE('',*,*,#15027,.F.);
#15030=ORIENTED_EDGE('',*,*,#15029,.F.);
#15032=ORIENTED_EDGE('',*,*,#15031,.F.);
#15034=ORIENTED_EDGE('',*,*,#15033,.F.);
#15036=ORIENTED_EDGE('',*,*,#15035,.F.);
#15038=ORIENTED_EDGE('',*,*,#15037,.F.);
#15040=ORIENTED_EDGE('',*,*,#15039,.F.);
#15042=ORIENTED_EDGE('',*,*,#15041,.F.);
#15044=ORIENTED_EDGE('',*,*,#15043,.F.);
#15046=ORIENTED_EDGE('',*,*,#15045,.F.);
#15047=EDGE_LOOP('',(#14940,#14942,#14944,#14946,#14948,#14950,#14952,#14954,
#14956,#14958,#14960,#14962,#14964,#14966,#14968,#14970,#14972,#14974,#14976,
#14978,#14980,#14982,#14984,#14986,#14988,#14990,#14992,#14994,#14996,#14998,
#15000,#15002,#15004,#15006,#15008,#15010,#15012,#15014,#15016,#15018,#15020,
#15022,#15024,#15026,#15028,#15030,#15032,#15034,#15036,#15038,#15040,#15042,
#15044,#15046));
#15048=FACE_OUTER_BOUND('',#15047,.F.);
#15049=ADVANCED_FACE('',(#15048),#14938,.T.);
#15050=FILL_AREA_STYLE_COLOUR('',#28);
#15051=FILL_AREA_STYLE('',(#15050));
#15052=SURFACE_STYLE_FILL_AREA(#15051);
#15053=SURFACE_SIDE_STYLE('',(#15052));
#15054=SURFACE_STYLE_USAGE(.POSITIVE.,#15053);
#15055=PRESENTATION_STYLE_ASSIGNMENT((#15054));
#15056=STYLED_ITEM('',(#15055),#15049);
#15057=CARTESIAN_POINT('',(-1.111233341908E0,5.572036178970E0,4.E0));
#15058=DIRECTION('',(-9.506451918075E-1,-3.102800658973E-1,0.E0));
#15059=DIRECTION('',(3.102800658973E-1,-9.506451918075E-1,0.E0));
#15060=AXIS2_PLACEMENT_3D('',#15057,#15058,#15059);
#15061=PLANE('',#15060);
#15062=ORIENTED_EDGE('',*,*,#11941,.F.);
#15064=ORIENTED_EDGE('',*,*,#15063,.T.);
#15065=ORIENTED_EDGE('',*,*,#14827,.T.);
#15067=ORIENTED_EDGE('',*,*,#15066,.F.);
#15068=EDGE_LOOP('',(#15062,#15064,#15065,#15067));
#15069=FACE_OUTER_BOUND('',#15068,.F.);
#15070=ADVANCED_FACE('',(#15069),#15061,.F.);
#15071=CARTESIAN_POINT('',(-1.273083329046E0,5.076155309844E0,4.E0));
#15072=DIRECTION('',(9.506452136281E-1,-3.102799990428E-1,0.E0));
#15073=DIRECTION('',(3.102799990428E-1,9.506452136281E-1,0.E0));
#15074=AXIS2_PLACEMENT_3D('',#15071,#15072,#15073);
#15075=PLANE('',#15074);
#15076=ORIENTED_EDGE('',*,*,#11945,.F.);
#15078=ORIENTED_EDGE('',*,*,#15077,.T.);
#15079=ORIENTED_EDGE('',*,*,#14829,.T.);
#15080=ORIENTED_EDGE('',*,*,#15063,.F.);
#15081=EDGE_LOOP('',(#15076,#15078,#15079,#15080));
#15082=FACE_OUTER_BOUND('',#15081,.F.);
#15083=ADVANCED_FACE('',(#15082),#15075,.F.);
#15084=CARTESIAN_POINT('',(-9.493833161831E-1,5.076155309844E0,4.E0));
#15085=DIRECTION('',(0.E0,1.E0,0.E0));
#15086=DIRECTION('',(-1.E0,0.E0,0.E0));
#15087=AXIS2_PLACEMENT_3D('',#15084,#15085,#15086);
#15088=PLANE('',#15087);
#15089=ORIENTED_EDGE('',*,*,#11943,.F.);
#15090=ORIENTED_EDGE('',*,*,#15066,.T.);
#15091=ORIENTED_EDGE('',*,*,#14831,.T.);
#15092=ORIENTED_EDGE('',*,*,#15077,.F.);
#15093=EDGE_LOOP('',(#15089,#15090,#15091,#15092));
#15094=FACE_OUTER_BOUND('',#15093,.F.);
#15095=ADVANCED_FACE('',(#15094),#15088,.F.);
#15096=CARTESIAN_POINT('',(-6.077E-1,5.6455E0,4.E0));
#15097=DIRECTION('',(-1.E0,0.E0,0.E0));
#15098=DIRECTION('',(0.E0,-1.E0,0.E0));
#15099=AXIS2_PLACEMENT_3D('',#15096,#15097,#15098);
#15100=PLANE('',#15099);
#15101=ORIENTED_EDGE('',*,*,#11775,.F.);
#15103=ORIENTED_EDGE('',*,*,#15102,.T.);
#15104=ORIENTED_EDGE('',*,*,#14848,.T.);
#15106=ORIENTED_EDGE('',*,*,#15105,.F.);
#15107=EDGE_LOOP('',(#15101,#15103,#15104,#15106));
#15108=FACE_OUTER_BOUND('',#15107,.F.);
#15109=ADVANCED_FACE('',(#15108),#15100,.F.);
#15110=FILL_AREA_STYLE_COLOUR('',#28);
#15111=FILL_AREA_STYLE('',(#15110));
#15112=SURFACE_STYLE_FILL_AREA(#15111);
#15113=SURFACE_SIDE_STYLE('',(#15112));
#15114=SURFACE_STYLE_USAGE(.POSITIVE.,#15113);
#15115=PRESENTATION_STYLE_ASSIGNMENT((#15114));
#15116=STYLED_ITEM('',(#15115),#15109);
#15117=CARTESIAN_POINT('',(-4.998E-1,5.6455E0,4.E0));
#15118=DIRECTION('',(0.E0,1.E0,0.E0));
#15119=DIRECTION('',(-1.E0,0.E0,0.E0));
#15120=AXIS2_PLACEMENT_3D('',#15117,#15118,#15119);
#15121=PLANE('',#15120);
#15122=ORIENTED_EDGE('',*,*,#11785,.F.);
#15124=ORIENTED_EDGE('',*,*,#15123,.T.);
#15125=ORIENTED_EDGE('',*,*,#14850,.T.);
#15126=ORIENTED_EDGE('',*,*,#15102,.F.);
#15127=EDGE_LOOP('',(#15122,#15124,#15125,#15126));
#15128=FACE_OUTER_BOUND('',#15127,.F.);
#15129=ADVANCED_FACE('',(#15128),#15121,.F.);
#15130=FILL_AREA_STYLE_COLOUR('',#28);
#15131=FILL_AREA_STYLE('',(#15130));
#15132=SURFACE_STYLE_FILL_AREA(#15131);
#15133=SURFACE_SIDE_STYLE('',(#15132));
#15134=SURFACE_STYLE_USAGE(.POSITIVE.,#15133);
#15135=PRESENTATION_STYLE_ASSIGNMENT((#15134));
#15136=STYLED_ITEM('',(#15135),#15129);
#15137=CARTESIAN_POINT('',(-4.998E-1,4.892495744407E0,4.E0));
#15138=DIRECTION('',(1.E0,0.E0,0.E0));
#15139=DIRECTION('',(0.E0,1.E0,0.E0));
#15140=AXIS2_PLACEMENT_3D('',#15137,#15138,#15139);
#15141=PLANE('',#15140);
#15142=ORIENTED_EDGE('',*,*,#11783,.F.);
#15144=ORIENTED_EDGE('',*,*,#15143,.T.);
#15145=ORIENTED_EDGE('',*,*,#14852,.T.);
#15146=ORIENTED_EDGE('',*,*,#15123,.F.);
#15147=EDGE_LOOP('',(#15142,#15144,#15145,#15146));
#15148=FACE_OUTER_BOUND('',#15147,.F.);
#15149=ADVANCED_FACE('',(#15148),#15141,.F.);
#15150=FILL_AREA_STYLE_COLOUR('',#28);
#15151=FILL_AREA_STYLE('',(#15150));
#15152=SURFACE_STYLE_FILL_AREA(#15151);
#15153=SURFACE_SIDE_STYLE('',(#15152));
#15154=SURFACE_STYLE_USAGE(.POSITIVE.,#15153);
#15155=PRESENTATION_STYLE_ASSIGNMENT((#15154));
#15156=STYLED_ITEM('',(#15155),#15149);
#15157=CARTESIAN_POINT('',(3.97E-2,4.892495744407E0,4.E0));
#15158=DIRECTION('',(0.E0,1.E0,0.E0));
#15159=DIRECTION('',(-1.E0,0.E0,0.E0));
#15160=AXIS2_PLACEMENT_3D('',#15157,#15158,#15159);
#15161=PLANE('',#15160);
#15162=ORIENTED_EDGE('',*,*,#11781,.F.);
#15164=ORIENTED_EDGE('',*,*,#15163,.T.);
#15165=ORIENTED_EDGE('',*,*,#14854,.T.);
#15166=ORIENTED_EDGE('',*,*,#15143,.F.);
#15167=EDGE_LOOP('',(#15162,#15164,#15165,#15166));
#15168=FACE_OUTER_BOUND('',#15167,.F.);
#15169=ADVANCED_FACE('',(#15168),#15161,.F.);
#15170=FILL_AREA_STYLE_COLOUR('',#28);
#15171=FILL_AREA_STYLE('',(#15170));
#15172=SURFACE_STYLE_FILL_AREA(#15171);
#15173=SURFACE_SIDE_STYLE('',(#15172));
#15174=SURFACE_STYLE_USAGE(.POSITIVE.,#15173);
#15175=PRESENTATION_STYLE_ASSIGNMENT((#15174));
#15176=STYLED_ITEM('',(#15175),#15169);
#15177=CARTESIAN_POINT('',(3.97E-2,4.7823E0,4.E0));
#15178=DIRECTION('',(1.E0,0.E0,0.E0));
#15179=DIRECTION('',(0.E0,1.E0,0.E0));
#15180=AXIS2_PLACEMENT_3D('',#15177,#15178,#15179);
#15181=PLANE('',#15180);
#15182=ORIENTED_EDGE('',*,*,#11779,.F.);
#15184=ORIENTED_EDGE('',*,*,#15183,.T.);
#15185=ORIENTED_EDGE('',*,*,#14856,.T.);
#15186=ORIENTED_EDGE('',*,*,#15163,.F.);
#15187=EDGE_LOOP('',(#15182,#15184,#15185,#15186));
#15188=FACE_OUTER_BOUND('',#15187,.F.);
#15189=ADVANCED_FACE('',(#15188),#15181,.F.);
#15190=FILL_AREA_STYLE_COLOUR('',#28);
#15191=FILL_AREA_STYLE('',(#15190));
#15192=SURFACE_STYLE_FILL_AREA(#15191);
#15193=SURFACE_SIDE_STYLE('',(#15192));
#15194=SURFACE_STYLE_USAGE(.POSITIVE.,#15193);
#15195=PRESENTATION_STYLE_ASSIGNMENT((#15194));
#15196=STYLED_ITEM('',(#15195),#15189);
#15197=CARTESIAN_POINT('',(-6.077E-1,4.7823E0,4.E0));
#15198=DIRECTION('',(0.E0,-1.E0,0.E0));
#15199=DIRECTION('',(1.E0,0.E0,0.E0));
#15200=AXIS2_PLACEMENT_3D('',#15197,#15198,#15199);
#15201=PLANE('',#15200);
#15202=ORIENTED_EDGE('',*,*,#11777,.F.);
#15203=ORIENTED_EDGE('',*,*,#15105,.T.);
#15204=ORIENTED_EDGE('',*,*,#14858,.T.);
#15205=ORIENTED_EDGE('',*,*,#15183,.F.);
#15206=EDGE_LOOP('',(#15202,#15203,#15204,#15205));
#15207=FACE_OUTER_BOUND('',#15206,.F.);
#15208=ADVANCED_FACE('',(#15207),#15201,.F.);
#15209=FILL_AREA_STYLE_COLOUR('',#28);
#15210=FILL_AREA_STYLE('',(#15209));
#15211=SURFACE_STYLE_FILL_AREA(#15210);
#15212=SURFACE_SIDE_STYLE('',(#15211));
#15213=SURFACE_STYLE_USAGE(.POSITIVE.,#15212);
#15214=PRESENTATION_STYLE_ASSIGNMENT((#15213));
#15215=STYLED_ITEM('',(#15214),#15208);
#15216=CARTESIAN_POINT('',(8.4895E-1,5.443474492168E0,4.E0));
#15217=DIRECTION('',(9.506455412394E-1,3.102789952956E-1,0.E0));
#15218=DIRECTION('',(-3.102789952956E-1,9.506455412394E-1,0.E0));
#15219=AXIS2_PLACEMENT_3D('',#15216,#15217,#15218);
#15220=PLANE('',#15219);
#15221=ORIENTED_EDGE('',*,*,#11789,.F.);
#15223=ORIENTED_EDGE('',*,*,#15222,.T.);
#15224=ORIENTED_EDGE('',*,*,#14875,.T.);
#15226=ORIENTED_EDGE('',*,*,#15225,.F.);
#15227=EDGE_LOOP('',(#15221,#15223,#15224,#15226));
#15228=FACE_OUTER_BOUND('',#15227,.F.);
#15229=ADVANCED_FACE('',(#15228),#15220,.F.);
#15230=FILL_AREA_STYLE_COLOUR('',#28);
#15231=FILL_AREA_STYLE('',(#15230));
#15232=SURFACE_STYLE_FILL_AREA(#15231);
#15233=SURFACE_SIDE_STYLE('',(#15232));
#15234=SURFACE_STYLE_USAGE(.POSITIVE.,#15233);
#15235=PRESENTATION_STYLE_ASSIGNMENT((#15234));
#15236=STYLED_ITEM('',(#15235),#15229);
#15237=CARTESIAN_POINT('',(8.4895E-1,5.370010619688E0,4.E0));
#15238=DIRECTION('',(1.E0,0.E0,0.E0));
#15239=DIRECTION('',(0.E0,1.E0,0.E0));
#15240=AXIS2_PLACEMENT_3D('',#15237,#15238,#15239);
#15241=PLANE('',#15240);
#15242=ORIENTED_EDGE('',*,*,#11814,.F.);
#15243=ORIENTED_EDGE('',*,*,#11663,.T.);
#15244=ORIENTED_EDGE('',*,*,#14877,.T.);
#15245=ORIENTED_EDGE('',*,*,#15222,.F.);
#15246=EDGE_LOOP('',(#15242,#15243,#15244,#15245));
#15247=FACE_OUTER_BOUND('',#15246,.F.);
#15248=ADVANCED_FACE('',(#15247),#15241,.F.);
#15249=FILL_AREA_STYLE_COLOUR('',#28);
#15250=FILL_AREA_STYLE('',(#15249));
#15251=SURFACE_STYLE_FILL_AREA(#15250);
#15252=SURFACE_SIDE_STYLE('',(#15251));
#15253=SURFACE_STYLE_USAGE(.POSITIVE.,#15252);
#15254=PRESENTATION_STYLE_ASSIGNMENT((#15253));
#15255=STYLED_ITEM('',(#15254),#15248);
#15256=CARTESIAN_POINT('',(8.309667352676E-1,5.498572357941E0,4.E0));
#15257=DIRECTION('',(8.060043958311E-1,5.919095487496E-1,0.E0));
#15258=DIRECTION('',(-5.919095487496E-1,8.060043958311E-1,0.E0));
#15259=AXIS2_PLACEMENT_3D('',#15256,#15257,#15258);
#15260=PLANE('',#15259);
#15261=ORIENTED_EDGE('',*,*,#11791,.F.);
#15262=ORIENTED_EDGE('',*,*,#15225,.T.);
#15263=ORIENTED_EDGE('',*,*,#14900,.T.);
#15265=ORIENTED_EDGE('',*,*,#15264,.F.);
#15266=EDGE_LOOP('',(#15261,#15262,#15263,#15265));
#15267=FACE_OUTER_BOUND('',#15266,.F.);
#15268=ADVANCED_FACE('',(#15267),#15260,.F.);
#15269=FILL_AREA_STYLE_COLOUR('',#28);
#15270=FILL_AREA_STYLE('',(#15269));
#15271=SURFACE_STYLE_FILL_AREA(#15270);
#15272=SURFACE_SIDE_STYLE('',(#15271));
#15273=SURFACE_STYLE_USAGE(.POSITIVE.,#15272);
#15274=PRESENTATION_STYLE_ASSIGNMENT((#15273));
#15275=STYLED_ITEM('',(#15274),#15268);
#15276=CARTESIAN_POINT('',(7.770167352676E-1,5.572036178970E0,4.E0));
#15277=DIRECTION('',(6.080761011394E-1,7.938787408812E-1,0.E0));
#15278=DIRECTION('',(-7.938787408812E-1,6.080761011394E-1,0.E0));
#15279=AXIS2_PLACEMENT_3D('',#15276,#15277,#15278);
#15280=PLANE('',#15279);
#15281=ORIENTED_EDGE('',*,*,#11793,.F.);
#15282=ORIENTED_EDGE('',*,*,#15264,.T.);
#15283=ORIENTED_EDGE('',*,*,#14898,.T.);
#15285=ORIENTED_EDGE('',*,*,#15284,.F.);
#15286=EDGE_LOOP('',(#15281,#15282,#15283,#15285));
#15287=FACE_OUTER_BOUND('',#15286,.F.);
#15288=ADVANCED_FACE('',(#15287),#15280,.F.);
#15289=FILL_AREA_STYLE_COLOUR('',#28);
#15290=FILL_AREA_STYLE('',(#15289));
#15291=SURFACE_STYLE_FILL_AREA(#15290);
#15292=SURFACE_SIDE_STYLE('',(#15291));
#15293=SURFACE_STYLE_USAGE(.POSITIVE.,#15292);
#15294=PRESENTATION_STYLE_ASSIGNMENT((#15293));
#15295=STYLED_ITEM('',(#15294),#15288);
#15296=CARTESIAN_POINT('',(7.050832647324E-1,5.627134044743E0,4.E0));
#15297=DIRECTION('',(2.001236481946E-1,9.797706494039E-1,0.E0));
#15298=DIRECTION('',(-9.797706494039E-1,2.001236481946E-1,0.E0));
#15299=AXIS2_PLACEMENT_3D('',#15296,#15297,#15298);
#15300=PLANE('',#15299);
#15301=ORIENTED_EDGE('',*,*,#11795,.F.);
#15302=ORIENTED_EDGE('',*,*,#15284,.T.);
#15303=ORIENTED_EDGE('',*,*,#14896,.T.);
#15305=ORIENTED_EDGE('',*,*,#15304,.F.);
#15306=EDGE_LOOP('',(#15301,#15302,#15303,#15305));
#15307=FACE_OUTER_BOUND('',#15306,.F.);
#15308=ADVANCED_FACE('',(#15307),#15300,.F.);
#15309=FILL_AREA_STYLE_COLOUR('',#28);
#15310=FILL_AREA_STYLE('',(#15309));
#15311=SURFACE_STYLE_FILL_AREA(#15310);
#15312=SURFACE_SIDE_STYLE('',(#15311));
#15313=SURFACE_STYLE_USAGE(.POSITIVE.,#15312);
#15314=PRESENTATION_STYLE_ASSIGNMENT((#15313));
#15315=STYLED_ITEM('',(#15314),#15308);
#15316=CARTESIAN_POINT('',(6.151667352676E-1,5.6455E0,4.E0));
#15317=DIRECTION('',(0.E0,1.E0,0.E0));
#15318=DIRECTION('',(-1.E0,0.E0,0.E0));
#15319=AXIS2_PLACEMENT_3D('',#15316,#15317,#15318);
#15320=PLANE('',#15319);
#15321=ORIENTED_EDGE('',*,*,#11797,.F.);
#15322=ORIENTED_EDGE('',*,*,#15304,.T.);
#15323=ORIENTED_EDGE('',*,*,#14894,.T.);
#15325=ORIENTED_EDGE('',*,*,#15324,.F.);
#15326=EDGE_LOOP('',(#15321,#15322,#15323,#15325));
#15327=FACE_OUTER_BOUND('',#15326,.F.);
#15328=ADVANCED_FACE('',(#15327),#15320,.F.);
#15329=FILL_AREA_STYLE_COLOUR('',#28);
#15330=FILL_AREA_STYLE('',(#15329));
#15331=SURFACE_STYLE_FILL_AREA(#15330);
#15332=SURFACE_SIDE_STYLE('',(#15331));
#15333=SURFACE_STYLE_USAGE(.POSITIVE.,#15332);
#15334=PRESENTATION_STYLE_ASSIGNMENT((#15333));
#15335=STYLED_ITEM('',(#15334),#15328);
#15336=CARTESIAN_POINT('',(1.835666323662E-1,5.6455E0,4.E0));
#15337=DIRECTION('',(-1.E0,0.E0,0.E0));
#15338=DIRECTION('',(0.E0,-1.E0,0.E0));
#15339=AXIS2_PLACEMENT_3D('',#15336,#15337,#15338);
#15340=PLANE('',#15339);
#15341=ORIENTED_EDGE('',*,*,#11799,.F.);
#15342=ORIENTED_EDGE('',*,*,#15324,.T.);
#15343=ORIENTED_EDGE('',*,*,#14892,.T.);
#15345=ORIENTED_EDGE('',*,*,#15344,.F.);
#15346=EDGE_LOOP('',(#15341,#15342,#15343,#15345));
#15347=FACE_OUTER_BOUND('',#15346,.F.);
#15348=ADVANCED_FACE('',(#15347),#15340,.F.);
#15349=FILL_AREA_STYLE_COLOUR('',#28);
#15350=FILL_AREA_STYLE('',(#15349));
#15351=SURFACE_STYLE_FILL_AREA(#15350);
#15352=SURFACE_SIDE_STYLE('',(#15351));
#15353=SURFACE_STYLE_USAGE(.POSITIVE.,#15352);
#15354=PRESENTATION_STYLE_ASSIGNMENT((#15353));
#15355=STYLED_ITEM('',(#15354),#15348);
#15356=CARTESIAN_POINT('',(1.835666323662E-1,4.7823E0,4.E0));
#15357=DIRECTION('',(0.E0,-1.E0,0.E0));
#15358=DIRECTION('',(1.E0,0.E0,0.E0));
#15359=AXIS2_PLACEMENT_3D('',#15356,#15357,#15358);
#15360=PLANE('',#15359);
#15361=ORIENTED_EDGE('',*,*,#11801,.F.);
#15362=ORIENTED_EDGE('',*,*,#15344,.T.);
#15363=ORIENTED_EDGE('',*,*,#14890,.T.);
#15365=ORIENTED_EDGE('',*,*,#15364,.F.);
#15366=EDGE_LOOP('',(#15361,#15362,#15363,#15365));
#15367=FACE_OUTER_BOUND('',#15366,.F.);
#15368=ADVANCED_FACE('',(#15367),#15360,.F.);
#15369=FILL_AREA_STYLE_COLOUR('',#28);
#15370=FILL_AREA_STYLE('',(#15369));
#15371=SURFACE_STYLE_FILL_AREA(#15370);
#15372=SURFACE_SIDE_STYLE('',(#15371));
#15373=SURFACE_STYLE_USAGE(.POSITIVE.,#15372);
#15374=PRESENTATION_STYLE_ASSIGNMENT((#15373));
#15375=STYLED_ITEM('',(#15374),#15368);
#15376=CARTESIAN_POINT('',(2.914667352676E-1,4.7823E0,4.E0));
#15377=DIRECTION('',(1.E0,0.E0,0.E0));
#15378=DIRECTION('',(0.E0,1.E0,0.E0));
#15379=AXIS2_PLACEMENT_3D('',#15376,#15377,#15378);
#15380=PLANE('',#15379);
#15381=ORIENTED_EDGE('',*,*,#11803,.F.);
#15382=ORIENTED_EDGE('',*,*,#15364,.T.);
#15383=ORIENTED_EDGE('',*,*,#14888,.T.);
#15385=ORIENTED_EDGE('',*,*,#15384,.F.);
#15386=EDGE_LOOP('',(#15381,#15382,#15383,#15385));
#15387=FACE_OUTER_BOUND('',#15386,.F.);
#15388=ADVANCED_FACE('',(#15387),#15380,.F.);
#15389=FILL_AREA_STYLE_COLOUR('',#28);
#15390=FILL_AREA_STYLE('',(#15389));
#15391=SURFACE_STYLE_FILL_AREA(#15390);
#15392=SURFACE_SIDE_STYLE('',(#15391));
#15393=SURFACE_STYLE_USAGE(.POSITIVE.,#15392);
#15394=PRESENTATION_STYLE_ASSIGNMENT((#15393));
#15395=STYLED_ITEM('',(#15394),#15388);
#15396=CARTESIAN_POINT('',(2.914667352676E-1,5.167985111856E0,4.E0));
#15397=DIRECTION('',(0.E0,-1.E0,0.E0));
#15398=DIRECTION('',(1.E0,0.E0,0.E0));
#15399=AXIS2_PLACEMENT_3D('',#15396,#15397,#15398);
#15400=PLANE('',#15399);
#15401=ORIENTED_EDGE('',*,*,#11805,.F.);
#15402=ORIENTED_EDGE('',*,*,#15384,.T.);
#15403=ORIENTED_EDGE('',*,*,#14886,.T.);
#15405=ORIENTED_EDGE('',*,*,#15404,.F.);
#15406=EDGE_LOOP('',(#15401,#15402,#15403,#15405));
#15407=FACE_OUTER_BOUND('',#15406,.F.);
#15408=ADVANCED_FACE('',(#15407),#15400,.F.);
#15409=FILL_AREA_STYLE_COLOUR('',#28);
#15410=FILL_AREA_STYLE('',(#15409));
#15411=SURFACE_STYLE_FILL_AREA(#15410);
#15412=SURFACE_SIDE_STYLE('',(#15411));
#15413=SURFACE_STYLE_USAGE(.POSITIVE.,#15412);
#15414=PRESENTATION_STYLE_ASSIGNMENT((#15413));
#15415=STYLED_ITEM('',(#15414),#15408);
#15416=CARTESIAN_POINT('',(6.151667352676E-1,5.167985111856E0,4.E0));
#15417=DIRECTION('',(2.001236481946E-1,-9.797706494039E-1,0.E0));
#15418=DIRECTION('',(9.797706494039E-1,2.001236481946E-1,0.E0));
#15419=AXIS2_PLACEMENT_3D('',#15416,#15417,#15418);
#15420=PLANE('',#15419);
#15421=ORIENTED_EDGE('',*,*,#11807,.F.);
#15422=ORIENTED_EDGE('',*,*,#15404,.T.);
#15423=ORIENTED_EDGE('',*,*,#14884,.T.);
#15425=ORIENTED_EDGE('',*,*,#15424,.F.);
#15426=EDGE_LOOP('',(#15421,#15422,#15423,#15425));
#15427=FACE_OUTER_BOUND('',#15426,.F.);
#15428=ADVANCED_FACE('',(#15427),#15420,.F.);
#15429=FILL_AREA_STYLE_COLOUR('',#28);
#15430=FILL_AREA_STYLE('',(#15429));
#15431=SURFACE_STYLE_FILL_AREA(#15430);
#15432=SURFACE_SIDE_STYLE('',(#15431));
#15433=SURFACE_STYLE_USAGE(.POSITIVE.,#15432);
#15434=PRESENTATION_STYLE_ASSIGNMENT((#15433));
#15435=STYLED_ITEM('',(#15434),#15428);
#15436=CARTESIAN_POINT('',(7.050832647324E-1,5.186351067114E0,4.E0));
#15437=DIRECTION('',(6.080761011394E-1,-7.938787408812E-1,0.E0));
#15438=DIRECTION('',(7.938787408812E-1,6.080761011394E-1,0.E0));
#15439=AXIS2_PLACEMENT_3D('',#15436,#15437,#15438);
#15440=PLANE('',#15439);
#15441=ORIENTED_EDGE('',*,*,#11809,.F.);
#15442=ORIENTED_EDGE('',*,*,#15424,.T.);
#15443=ORIENTED_EDGE('',*,*,#14882,.T.);
#15445=ORIENTED_EDGE('',*,*,#15444,.F.);
#15446=EDGE_LOOP('',(#15441,#15442,#15443,#15445));
#15447=FACE_OUTER_BOUND('',#15446,.F.);
#15448=ADVANCED_FACE('',(#15447),#15440,.F.);
#15449=FILL_AREA_STYLE_COLOUR('',#28);
#15450=FILL_AREA_STYLE('',(#15449));
#15451=SURFACE_STYLE_FILL_AREA(#15450);
#15452=SURFACE_SIDE_STYLE('',(#15451));
#15453=SURFACE_STYLE_USAGE(.POSITIVE.,#15452);
#15454=PRESENTATION_STYLE_ASSIGNMENT((#15453));
#15455=STYLED_ITEM('',(#15454),#15448);
#15456=CARTESIAN_POINT('',(7.770167352676E-1,5.241448932886E0,4.E0));
#15457=DIRECTION('',(8.060043958311E-1,-5.919095487496E-1,0.E0));
#15458=DIRECTION('',(5.919095487496E-1,8.060043958311E-1,0.E0));
#15459=AXIS2_PLACEMENT_3D('',#15456,#15457,#15458);
#15460=PLANE('',#15459);
#15461=ORIENTED_EDGE('',*,*,#11811,.F.);
#15462=ORIENTED_EDGE('',*,*,#15444,.T.);
#15463=ORIENTED_EDGE('',*,*,#14880,.T.);
#15464=ORIENTED_EDGE('',*,*,#11659,.F.);
#15465=EDGE_LOOP('',(#15461,#15462,#15463,#15464));
#15466=FACE_OUTER_BOUND('',#15465,.F.);
#15467=ADVANCED_FACE('',(#15466),#15460,.F.);
#15468=FILL_AREA_STYLE_COLOUR('',#28);
#15469=FILL_AREA_STYLE('',(#15468));
#15470=SURFACE_STYLE_FILL_AREA(#15469);
#15471=SURFACE_SIDE_STYLE('',(#15470));
#15472=SURFACE_STYLE_USAGE(.POSITIVE.,#15471);
#15473=PRESENTATION_STYLE_ASSIGNMENT((#15472));
#15474=STYLED_ITEM('',(#15473),#15467);
#15475=CARTESIAN_POINT('',(6.3315E-1,5.278180843401E0,4.E0));
#15476=DIRECTION('',(0.E0,1.E0,0.E0));
#15477=DIRECTION('',(-1.E0,0.E0,0.E0));
#15478=AXIS2_PLACEMENT_3D('',#15475,#15476,#15477);
#15479=PLANE('',#15478);
#15480=ORIENTED_EDGE('',*,*,#11962,.F.);
#15482=ORIENTED_EDGE('',*,*,#15481,.T.);
#15483=ORIENTED_EDGE('',*,*,#14904,.T.);
#15485=ORIENTED_EDGE('',*,*,#15484,.F.);
#15486=EDGE_LOOP('',(#15480,#15482,#15483,#15485));
#15487=FACE_OUTER_BOUND('',#15486,.F.);
#15488=ADVANCED_FACE('',(#15487),#15479,.F.);
#15489=CARTESIAN_POINT('',(6.871E-1,5.296546798658E0,4.E0));
#15490=DIRECTION('',(-3.222637633772E-1,9.466499177700E-1,0.E0));
#15491=DIRECTION('',(-9.466499177700E-1,-3.222637633772E-1,0.E0));
#15492=AXIS2_PLACEMENT_3D('',#15489,#15490,#15491);
#15493=PLANE('',#15492);
#15494=ORIENTED_EDGE('',*,*,#11980,.F.);
#15496=ORIENTED_EDGE('',*,*,#15495,.T.);
#15497=ORIENTED_EDGE('',*,*,#14906,.T.);
#15498=ORIENTED_EDGE('',*,*,#15481,.F.);
#15499=EDGE_LOOP('',(#15494,#15496,#15497,#15498));
#15500=FACE_OUTER_BOUND('',#15499,.F.);
#15501=ADVANCED_FACE('',(#15500),#15493,.F.);
#15502=CARTESIAN_POINT('',(7.230667352676E-1,5.333278709173E0,4.E0));
#15503=DIRECTION('',(-7.145097177358E-1,6.996255164452E-1,0.E0));
#15504=DIRECTION('',(-6.996255164452E-1,-7.145097177358E-1,0.E0));
#15505=AXIS2_PLACEMENT_3D('',#15502,#15503,#15504);
#15506=PLANE('',#15505);
#15507=ORIENTED_EDGE('',*,*,#11978,.F.);
#15509=ORIENTED_EDGE('',*,*,#15508,.T.);
#15510=ORIENTED_EDGE('',*,*,#14908,.T.);
#15511=ORIENTED_EDGE('',*,*,#15495,.F.);
#15512=EDGE_LOOP('',(#15507,#15509,#15510,#15511));
#15513=FACE_OUTER_BOUND('',#15512,.F.);
#15514=ADVANCED_FACE('',(#15513),#15506,.F.);
#15515=CARTESIAN_POINT('',(7.4105E-1,5.388376574945E0,4.E0));
#15516=DIRECTION('',(-9.506455412394E-1,3.102789952956E-1,0.E0));
#15517=DIRECTION('',(-3.102789952956E-1,-9.506455412394E-1,0.E0));
#15518=AXIS2_PLACEMENT_3D('',#15515,#15516,#15517);
#15519=PLANE('',#15518);
#15520=ORIENTED_EDGE('',*,*,#11976,.F.);
#15522=ORIENTED_EDGE('',*,*,#15521,.T.);
#15523=ORIENTED_EDGE('',*,*,#14910,.T.);
#15524=ORIENTED_EDGE('',*,*,#15508,.F.);
#15525=EDGE_LOOP('',(#15520,#15522,#15523,#15524));
#15526=FACE_OUTER_BOUND('',#15525,.F.);
#15527=ADVANCED_FACE('',(#15526),#15519,.F.);
#15528=CARTESIAN_POINT('',(7.4105E-1,5.443474492168E0,4.E0));
#15529=DIRECTION('',(-1.E0,0.E0,0.E0));
#15530=DIRECTION('',(0.E0,-1.E0,0.E0));
#15531=AXIS2_PLACEMENT_3D('',#15528,#15529,#15530);
#15532=PLANE('',#15531);
#15533=ORIENTED_EDGE('',*,*,#11974,.F.);
#15535=ORIENTED_EDGE('',*,*,#15534,.T.);
#15536=ORIENTED_EDGE('',*,*,#14912,.T.);
#15537=ORIENTED_EDGE('',*,*,#15521,.F.);
#15538=EDGE_LOOP('',(#15533,#15535,#15536,#15537));
#15539=FACE_OUTER_BOUND('',#15538,.F.);
#15540=ADVANCED_FACE('',(#15539),#15532,.F.);
#15541=CARTESIAN_POINT('',(7.230667352676E-1,5.498572357941E0,4.E0));
#15542=DIRECTION('',(-9.506455412394E-1,-3.102789952956E-1,0.E0));
#15543=DIRECTION('',(3.102789952956E-1,-9.506455412394E-1,0.E0));
#15544=AXIS2_PLACEMENT_3D('',#15541,#15542,#15543);
#15545=PLANE('',#15544);
#15546=ORIENTED_EDGE('',*,*,#11972,.F.);
#15548=ORIENTED_EDGE('',*,*,#15547,.T.);
#15549=ORIENTED_EDGE('',*,*,#14914,.T.);
#15550=ORIENTED_EDGE('',*,*,#15534,.F.);
#15551=EDGE_LOOP('',(#15546,#15548,#15549,#15550));
#15552=FACE_OUTER_BOUND('',#15551,.F.);
#15553=ADVANCED_FACE('',(#15552),#15545,.F.);
#15554=CARTESIAN_POINT('',(6.871E-1,5.535304268456E0,4.E0));
#15555=DIRECTION('',(-7.145097177358E-1,-6.996255164452E-1,0.E0));
#15556=DIRECTION('',(6.996255164452E-1,-7.145097177358E-1,0.E0));
#15557=AXIS2_PLACEMENT_3D('',#15554,#15555,#15556);
#15558=PLANE('',#15557);
#15559=ORIENTED_EDGE('',*,*,#11970,.F.);
#15561=ORIENTED_EDGE('',*,*,#15560,.T.);
#15562=ORIENTED_EDGE('',*,*,#14916,.T.);
#15563=ORIENTED_EDGE('',*,*,#15547,.F.);
#15564=EDGE_LOOP('',(#15559,#15561,#15562,#15563));
#15565=FACE_OUTER_BOUND('',#15564,.F.);
#15566=ADVANCED_FACE('',(#15565),#15558,.F.);
#15567=CARTESIAN_POINT('',(6.3315E-1,5.553670223713E0,4.E0));
#15568=DIRECTION('',(-3.222637633772E-1,-9.466499177700E-1,0.E0));
#15569=DIRECTION('',(9.466499177700E-1,-3.222637633772E-1,0.E0));
#15570=AXIS2_PLACEMENT_3D('',#15567,#15568,#15569);
#15571=PLANE('',#15570);
#15572=ORIENTED_EDGE('',*,*,#11968,.F.);
#15574=ORIENTED_EDGE('',*,*,#15573,.T.);
#15575=ORIENTED_EDGE('',*,*,#14918,.T.);
#15576=ORIENTED_EDGE('',*,*,#15560,.F.);
#15577=EDGE_LOOP('',(#15572,#15574,#15575,#15576));
#15578=FACE_OUTER_BOUND('',#15577,.F.);
#15579=ADVANCED_FACE('',(#15578),#15571,.F.);
#15580=CARTESIAN_POINT('',(2.914667352676E-1,5.553670223713E0,4.E0));
#15581=DIRECTION('',(0.E0,-1.E0,0.E0));
#15582=DIRECTION('',(1.E0,0.E0,0.E0));
#15583=AXIS2_PLACEMENT_3D('',#15580,#15581,#15582);
#15584=PLANE('',#15583);
#15585=ORIENTED_EDGE('',*,*,#11966,.F.);
#15587=ORIENTED_EDGE('',*,*,#15586,.T.);
#15588=ORIENTED_EDGE('',*,*,#14920,.T.);
#15589=ORIENTED_EDGE('',*,*,#15573,.F.);
#15590=EDGE_LOOP('',(#15585,#15587,#15588,#15589));
#15591=FACE_OUTER_BOUND('',#15590,.F.);
#15592=ADVANCED_FACE('',(#15591),#15584,.F.);
#15593=CARTESIAN_POINT('',(2.914667352676E-1,5.278180843401E0,4.E0));
#15594=DIRECTION('',(1.E0,0.E0,0.E0));
#15595=DIRECTION('',(0.E0,1.E0,0.E0));
#15596=AXIS2_PLACEMENT_3D('',#15593,#15594,#15595);
#15597=PLANE('',#15596);
#15598=ORIENTED_EDGE('',*,*,#11964,.F.);
#15599=ORIENTED_EDGE('',*,*,#15484,.T.);
#15600=ORIENTED_EDGE('',*,*,#14922,.T.);
#15601=ORIENTED_EDGE('',*,*,#15586,.F.);
#15602=EDGE_LOOP('',(#15598,#15599,#15600,#15601));
#15603=FACE_OUTER_BOUND('',#15602,.F.);
#15604=ADVANCED_FACE('',(#15603),#15597,.F.);
#15605=CARTESIAN_POINT('',(1.49635E0,5.443474492168E0,4.E0));
#15606=DIRECTION('',(0.E0,-1.E0,0.E0));
#15607=DIRECTION('',(1.E0,0.E0,0.E0));
#15608=AXIS2_PLACEMENT_3D('',#15605,#15606,#15607);
#15609=PLANE('',#15608);
#15610=ORIENTED_EDGE('',*,*,#11818,.F.);
#15612=ORIENTED_EDGE('',*,*,#15611,.T.);
#15613=ORIENTED_EDGE('',*,*,#14939,.T.);
#15615=ORIENTED_EDGE('',*,*,#15614,.F.);
#15616=EDGE_LOOP('',(#15610,#15612,#15613,#15615));
#15617=FACE_OUTER_BOUND('',#15616,.F.);
#15618=ADVANCED_FACE('',(#15617),#15609,.F.);
#15619=CARTESIAN_POINT('',(1.478366735268E0,5.480206402683E0,4.E0));
#15620=DIRECTION('',(-8.981387596046E-1,-4.397121427660E-1,0.E0));
#15621=DIRECTION('',(4.397121427660E-1,-8.981387596046E-1,0.E0));
#15622=AXIS2_PLACEMENT_3D('',#15619,#15620,#15621);
#15623=PLANE('',#15622);
#15624=ORIENTED_EDGE('',*,*,#11924,.F.);
#15626=ORIENTED_EDGE('',*,*,#15625,.T.);
#15627=ORIENTED_EDGE('',*,*,#14941,.T.);
#15628=ORIENTED_EDGE('',*,*,#15611,.F.);
#15629=EDGE_LOOP('',(#15624,#15626,#15627,#15628));
#15630=FACE_OUTER_BOUND('',#15629,.F.);
#15631=ADVANCED_FACE('',(#15630),#15623,.F.);
#15632=CARTESIAN_POINT('',(1.4424E0,5.516938313198E0,4.E0));
#15633=DIRECTION('',(-7.145097177357E-1,-6.996255164452E-1,0.E0));
#15634=DIRECTION('',(6.996255164452E-1,-7.145097177357E-1,0.E0));
#15635=AXIS2_PLACEMENT_3D('',#15632,#15633,#15634);
#15636=PLANE('',#15635);
#15637=ORIENTED_EDGE('',*,*,#11922,.F.);
#15639=ORIENTED_EDGE('',*,*,#15638,.T.);
#15640=ORIENTED_EDGE('',*,*,#14943,.T.);
#15641=ORIENTED_EDGE('',*,*,#15625,.F.);
#15642=EDGE_LOOP('',(#15637,#15639,#15640,#15641));
#15643=FACE_OUTER_BOUND('',#15642,.F.);
#15644=ADVANCED_FACE('',(#15643),#15636,.F.);
#15645=CARTESIAN_POINT('',(1.38845E0,5.535304268456E0,4.E0));
#15646=DIRECTION('',(-3.222637633772E-1,-9.466499177700E-1,0.E0));
#15647=DIRECTION('',(9.466499177700E-1,-3.222637633772E-1,0.E0));
#15648=AXIS2_PLACEMENT_3D('',#15645,#15646,#15647);
#15649=PLANE('',#15648);
#15650=ORIENTED_EDGE('',*,*,#11920,.F.);
#15652=ORIENTED_EDGE('',*,*,#15651,.T.);
#15653=ORIENTED_EDGE('',*,*,#14945,.T.);
#15654=ORIENTED_EDGE('',*,*,#15638,.F.);
#15655=EDGE_LOOP('',(#15650,#15652,#15653,#15654));
#15656=FACE_OUTER_BOUND('',#15655,.F.);
#15657=ADVANCED_FACE('',(#15656),#15649,.F.);
#15658=CARTESIAN_POINT('',(1.28055E0,5.535304268456E0,4.E0));
#15659=DIRECTION('',(0.E0,-1.E0,0.E0));
#15660=DIRECTION('',(1.E0,0.E0,0.E0));
#15661=AXIS2_PLACEMENT_3D('',#15658,#15659,#15660);
#15662=PLANE('',#15661);
#15663=ORIENTED_EDGE('',*,*,#11918,.F.);
#15665=ORIENTED_EDGE('',*,*,#15664,.T.);
#15666=ORIENTED_EDGE('',*,*,#14947,.T.);
#15667=ORIENTED_EDGE('',*,*,#15651,.F.);
#15668=EDGE_LOOP('',(#15663,#15665,#15666,#15667));
#15669=FACE_OUTER_BOUND('',#15668,.F.);
#15670=ADVANCED_FACE('',(#15669),#15662,.F.);
#15671=CARTESIAN_POINT('',(1.2266E0,5.516938313198E0,4.E0));
#15672=DIRECTION('',(3.222637633772E-1,-9.466499177700E-1,0.E0));
#15673=DIRECTION('',(9.466499177700E-1,3.222637633772E-1,0.E0));
#15674=AXIS2_PLACEMENT_3D('',#15671,#15672,#15673);
#15675=PLANE('',#15674);
#15676=ORIENTED_EDGE('',*,*,#11916,.F.);
#15678=ORIENTED_EDGE('',*,*,#15677,.T.);
#15679=ORIENTED_EDGE('',*,*,#14949,.T.);
#15680=ORIENTED_EDGE('',*,*,#15664,.F.);
#15681=EDGE_LOOP('',(#15676,#15678,#15679,#15680));
#15682=FACE_OUTER_BOUND('',#15681,.F.);
#15683=ADVANCED_FACE('',(#15682),#15675,.F.);
#15684=CARTESIAN_POINT('',(1.17265E0,5.480206402683E0,4.E0));
#15685=DIRECTION('',(5.627909312417E-1,-8.265992787996E-1,0.E0));
#15686=DIRECTION('',(8.265992787996E-1,5.627909312417E-1,0.E0));
#15687=AXIS2_PLACEMENT_3D('',#15684,#15685,#15686);
#15688=PLANE('',#15687);
#15689=ORIENTED_EDGE('',*,*,#11914,.F.);
#15691=ORIENTED_EDGE('',*,*,#15690,.T.);
#15692=ORIENTED_EDGE('',*,*,#14951,.T.);
#15693=ORIENTED_EDGE('',*,*,#15677,.F.);
#15694=EDGE_LOOP('',(#15689,#15691,#15692,#15693));
#15695=FACE_OUTER_BOUND('',#15694,.F.);
#15696=ADVANCED_FACE('',(#15695),#15688,.F.);
#15697=CARTESIAN_POINT('',(1.154666735268E0,5.425108485460E0,4.E0));
#15698=DIRECTION('',(9.506456267027E-1,-3.102787334496E-1,0.E0));
#15699=DIRECTION('',(3.102787334496E-1,9.506456267027E-1,0.E0));
#15700=AXIS2_PLACEMENT_3D('',#15697,#15698,#15699);
#15701=PLANE('',#15700);
#15702=ORIENTED_EDGE('',*,*,#11912,.F.);
#15704=ORIENTED_EDGE('',*,*,#15703,.T.);
#15705=ORIENTED_EDGE('',*,*,#14953,.T.);
#15706=ORIENTED_EDGE('',*,*,#15690,.F.);
#15707=EDGE_LOOP('',(#15702,#15704,#15705,#15706));
#15708=FACE_OUTER_BOUND('',#15707,.F.);
#15709=ADVANCED_FACE('',(#15708),#15701,.F.);
#15710=CARTESIAN_POINT('',(1.154666735268E0,5.388376574945E0,4.E0));
#15711=DIRECTION('',(1.E0,0.E0,0.E0));
#15712=DIRECTION('',(0.E0,1.E0,0.E0));
#15713=AXIS2_PLACEMENT_3D('',#15710,#15711,#15712);
#15714=PLANE('',#15713);
#15715=ORIENTED_EDGE('',*,*,#11910,.F.);
#15717=ORIENTED_EDGE('',*,*,#15716,.T.);
#15718=ORIENTED_EDGE('',*,*,#14955,.T.);
#15719=ORIENTED_EDGE('',*,*,#15703,.F.);
#15720=EDGE_LOOP('',(#15715,#15717,#15718,#15719));
#15721=FACE_OUTER_BOUND('',#15720,.F.);
#15722=ADVANCED_FACE('',(#15721),#15714,.F.);
#15723=CARTESIAN_POINT('',(1.17265E0,5.333278709173E0,4.E0));
#15724=DIRECTION('',(9.506455412394E-1,3.102789952956E-1,0.E0));
#15725=DIRECTION('',(-3.102789952956E-1,9.506455412394E-1,0.E0));
#15726=AXIS2_PLACEMENT_3D('',#15723,#15724,#15725);
#15727=PLANE('',#15726);
#15728=ORIENTED_EDGE('',*,*,#11908,.F.);
#15730=ORIENTED_EDGE('',*,*,#15729,.T.);
#15731=ORIENTED_EDGE('',*,*,#14957,.T.);
#15732=ORIENTED_EDGE('',*,*,#15716,.F.);
#15733=EDGE_LOOP('',(#15728,#15730,#15731,#15732));
#15734=FACE_OUTER_BOUND('',#15733,.F.);
#15735=ADVANCED_FACE('',(#15734),#15727,.F.);
#15736=CARTESIAN_POINT('',(1.2266E0,5.296546798658E0,4.E0));
#15737=DIRECTION('',(5.627909312417E-1,8.265992787996E-1,0.E0));
#15738=DIRECTION('',(-8.265992787996E-1,5.627909312417E-1,0.E0));
#15739=AXIS2_PLACEMENT_3D('',#15736,#15737,#15738);
#15740=PLANE('',#15739);
#15741=ORIENTED_EDGE('',*,*,#11906,.F.);
#15743=ORIENTED_EDGE('',*,*,#15742,.T.);
#15744=ORIENTED_EDGE('',*,*,#14959,.T.);
#15745=ORIENTED_EDGE('',*,*,#15729,.F.);
#15746=EDGE_LOOP('',(#15741,#15743,#15744,#15745));
#15747=FACE_OUTER_BOUND('',#15746,.F.);
#15748=ADVANCED_FACE('',(#15747),#15740,.F.);
#15749=CARTESIAN_POINT('',(1.28055E0,5.278180843401E0,4.E0));
#15750=DIRECTION('',(3.222637633772E-1,9.466499177700E-1,0.E0));
#15751=DIRECTION('',(-9.466499177700E-1,3.222637633772E-1,0.E0));
#15752=AXIS2_PLACEMENT_3D('',#15749,#15750,#15751);
#15753=PLANE('',#15752);
#15754=ORIENTED_EDGE('',*,*,#11904,.F.);
#15756=ORIENTED_EDGE('',*,*,#15755,.T.);
#15757=ORIENTED_EDGE('',*,*,#14961,.T.);
#15758=ORIENTED_EDGE('',*,*,#15742,.F.);
#15759=EDGE_LOOP('',(#15754,#15756,#15757,#15758));
#15760=FACE_OUTER_BOUND('',#15759,.F.);
#15761=ADVANCED_FACE('',(#15760),#15753,.F.);
#15762=CARTESIAN_POINT('',(1.38845E0,5.278180843401E0,4.E0));
#15763=DIRECTION('',(0.E0,1.E0,0.E0));
#15764=DIRECTION('',(-1.E0,0.E0,0.E0));
#15765=AXIS2_PLACEMENT_3D('',#15762,#15763,#15764);
#15766=PLANE('',#15765);
#15767=ORIENTED_EDGE('',*,*,#11902,.F.);
#15769=ORIENTED_EDGE('',*,*,#15768,.T.);
#15770=ORIENTED_EDGE('',*,*,#14963,.T.);
#15771=ORIENTED_EDGE('',*,*,#15755,.F.);
#15772=EDGE_LOOP('',(#15767,#15769,#15770,#15771));
#15773=FACE_OUTER_BOUND('',#15772,.F.);
#15774=ADVANCED_FACE('',(#15773),#15766,.F.);
#15775=CARTESIAN_POINT('',(1.478366735268E0,5.259814888144E0,4.E0));
#15776=DIRECTION('',(2.001232084928E-1,9.797707392153E-1,0.E0));
#15777=DIRECTION('',(-9.797707392153E-1,2.001232084928E-1,0.E0));
#15778=AXIS2_PLACEMENT_3D('',#15775,#15776,#15777);
#15779=PLANE('',#15778);
#15780=ORIENTED_EDGE('',*,*,#11900,.F.);
#15782=ORIENTED_EDGE('',*,*,#15781,.T.);
#15783=ORIENTED_EDGE('',*,*,#14965,.T.);
#15784=ORIENTED_EDGE('',*,*,#15768,.F.);
#15785=EDGE_LOOP('',(#15780,#15782,#15783,#15784));
#15786=FACE_OUTER_BOUND('',#15785,.F.);
#15787=ADVANCED_FACE('',(#15786),#15779,.F.);
#15788=CARTESIAN_POINT('',(1.5503E0,5.223082977629E0,4.E0));
#15789=DIRECTION('',(4.547774575564E-1,8.906051112017E-1,0.E0));
#15790=DIRECTION('',(-8.906051112017E-1,4.547774575564E-1,0.E0));
#15791=AXIS2_PLACEMENT_3D('',#15788,#15789,#15790);
#15792=PLANE('',#15791);
#15793=ORIENTED_EDGE('',*,*,#11898,.F.);
#15795=ORIENTED_EDGE('',*,*,#15794,.T.);
#15796=ORIENTED_EDGE('',*,*,#14967,.T.);
#15797=ORIENTED_EDGE('',*,*,#15781,.F.);
#15798=EDGE_LOOP('',(#15793,#15795,#15796,#15797));
#15799=FACE_OUTER_BOUND('',#15798,.F.);
#15800=ADVANCED_FACE('',(#15799),#15792,.F.);
#15801=CARTESIAN_POINT('',(1.622233264732E0,5.149619156599E0,4.E0));
#15802=DIRECTION('',(7.145107183351E-1,6.996244945571E-1,0.E0));
#15803=DIRECTION('',(-6.996244945571E-1,7.145107183351E-1,0.E0));
#15804=AXIS2_PLACEMENT_3D('',#15801,#15802,#15803);
#15805=PLANE('',#15804);
#15806=ORIENTED_EDGE('',*,*,#11896,.F.);
#15808=ORIENTED_EDGE('',*,*,#15807,.T.);
#15809=ORIENTED_EDGE('',*,*,#14969,.T.);
#15810=ORIENTED_EDGE('',*,*,#15794,.F.);
#15811=EDGE_LOOP('',(#15806,#15808,#15809,#15810));
#15812=FACE_OUTER_BOUND('',#15811,.F.);
#15813=ADVANCED_FACE('',(#15812),#15805,.F.);
#15814=CARTESIAN_POINT('',(1.6582E0,5.076155309844E0,4.E0));
#15815=DIRECTION('',(8.981378267632E-1,4.397140481462E-1,0.E0));
#15816=DIRECTION('',(-4.397140481462E-1,8.981378267632E-1,0.E0));
#15817=AXIS2_PLACEMENT_3D('',#15814,#15815,#15816);
#15818=PLANE('',#15817);
#15819=ORIENTED_EDGE('',*,*,#11894,.F.);
#15821=ORIENTED_EDGE('',*,*,#15820,.T.);
#15822=ORIENTED_EDGE('',*,*,#14971,.T.);
#15823=ORIENTED_EDGE('',*,*,#15807,.F.);
#15824=EDGE_LOOP('',(#15819,#15821,#15822,#15823));
#15825=FACE_OUTER_BOUND('',#15824,.F.);
#15826=ADVANCED_FACE('',(#15825),#15818,.F.);
#15827=CARTESIAN_POINT('',(1.6582E0,4.984325533557E0,4.E0));
#15828=DIRECTION('',(1.E0,0.E0,0.E0));
#15829=DIRECTION('',(0.E0,1.E0,0.E0));
#15830=AXIS2_PLACEMENT_3D('',#15827,#15828,#15829);
#15831=PLANE('',#15830);
#15832=ORIENTED_EDGE('',*,*,#11892,.F.);
#15834=ORIENTED_EDGE('',*,*,#15833,.T.);
#15835=ORIENTED_EDGE('',*,*,#14973,.T.);
#15836=ORIENTED_EDGE('',*,*,#15820,.F.);
#15837=EDGE_LOOP('',(#15832,#15834,#15835,#15836));
#15838=FACE_OUTER_BOUND('',#15837,.F.);
#15839=ADVANCED_FACE('',(#15838),#15831,.F.);
#15840=CARTESIAN_POINT('',(1.622233264732E0,4.910861699665E0,4.E0));
#15841=DIRECTION('',(8.981377963584E-1,-4.397141102494E-1,0.E0));
#15842=DIRECTION('',(4.397141102494E-1,8.981377963584E-1,0.E0));
#15843=AXIS2_PLACEMENT_3D('',#15840,#15841,#15842);
#15844=PLANE('',#15843);
#15845=ORIENTED_EDGE('',*,*,#11890,.F.);
#15847=ORIENTED_EDGE('',*,*,#15846,.T.);
#15848=ORIENTED_EDGE('',*,*,#14975,.T.);
#15849=ORIENTED_EDGE('',*,*,#15833,.F.);
#15850=EDGE_LOOP('',(#15845,#15847,#15848,#15849));
#15851=FACE_OUTER_BOUND('',#15850,.F.);
#15852=ADVANCED_FACE('',(#15851),#15844,.F.);
#15853=CARTESIAN_POINT('',(1.5503E0,4.837397872204E0,4.E0));
#15854=DIRECTION('',(7.145107489524E-1,-6.996244632883E-1,0.E0));
#15855=DIRECTION('',(6.996244632883E-1,7.145107489524E-1,0.E0));
#15856=AXIS2_PLACEMENT_3D('',#15853,#15854,#15855);
#15857=PLANE('',#15856);
#15858=ORIENTED_EDGE('',*,*,#11888,.F.);
#15860=ORIENTED_EDGE('',*,*,#15859,.T.);
#15861=ORIENTED_EDGE('',*,*,#14977,.T.);
#15862=ORIENTED_EDGE('',*,*,#15846,.F.);
#15863=EDGE_LOOP('',(#15858,#15860,#15861,#15862));
#15864=FACE_OUTER_BOUND('',#15863,.F.);
#15865=ADVANCED_FACE('',(#15864),#15857,.F.);
#15866=CARTESIAN_POINT('',(1.478366735268E0,4.800665956865E0,4.E0));
#15867=DIRECTION('',(4.547775049247E-1,-8.906050870136E-1,0.E0));
#15868=DIRECTION('',(8.906050870136E-1,4.547775049247E-1,0.E0));
#15869=AXIS2_PLACEMENT_3D('',#15866,#15867,#15868);
#15870=PLANE('',#15869);
#15871=ORIENTED_EDGE('',*,*,#11886,.F.);
#15873=ORIENTED_EDGE('',*,*,#15872,.T.);
#15874=ORIENTED_EDGE('',*,*,#14979,.T.);
#15875=ORIENTED_EDGE('',*,*,#15859,.F.);
#15876=EDGE_LOOP('',(#15871,#15873,#15874,#15875));
#15877=FACE_OUTER_BOUND('',#15876,.F.);
#15878=ADVANCED_FACE('',(#15877),#15870,.F.);
#15879=CARTESIAN_POINT('',(1.38845E0,4.7823E0,4.E0));
#15880=DIRECTION('',(2.001232253108E-1,-9.797707357802E-1,0.E0));
#15881=DIRECTION('',(9.797707357802E-1,2.001232253108E-1,0.E0));
#15882=AXIS2_PLACEMENT_3D('',#15879,#15880,#15881);
#15883=PLANE('',#15882);
#15884=ORIENTED_EDGE('',*,*,#11884,.F.);
#15886=ORIENTED_EDGE('',*,*,#15885,.T.);
#15887=ORIENTED_EDGE('',*,*,#14981,.T.);
#15888=ORIENTED_EDGE('',*,*,#15872,.F.);
#15889=EDGE_LOOP('',(#15884,#15886,#15887,#15888));
#15890=FACE_OUTER_BOUND('',#15889,.F.);
#15891=ADVANCED_FACE('',(#15890),#15883,.F.);
#15892=CARTESIAN_POINT('',(1.244583264732E0,4.7823E0,4.E0));
#15893=DIRECTION('',(0.E0,-1.E0,0.E0));
#15894=DIRECTION('',(1.E0,0.E0,0.E0));
#15895=AXIS2_PLACEMENT_3D('',#15892,#15893,#15894);
#15896=PLANE('',#15895);
#15897=ORIENTED_EDGE('',*,*,#11882,.F.);
#15899=ORIENTED_EDGE('',*,*,#15898,.T.);
#15900=ORIENTED_EDGE('',*,*,#14983,.T.);
#15901=ORIENTED_EDGE('',*,*,#15885,.F.);
#15902=EDGE_LOOP('',(#15897,#15899,#15900,#15901));
#15903=FACE_OUTER_BOUND('',#15902,.F.);
#15904=ADVANCED_FACE('',(#15903),#15896,.F.);
#15905=CARTESIAN_POINT('',(1.154666735268E0,4.800665956865E0,4.E0));
#15906=DIRECTION('',(-2.001236650127E-1,-9.797706459687E-1,0.E0));
#15907=DIRECTION('',(9.797706459687E-1,-2.001236650127E-1,0.E0));
#15908=AXIS2_PLACEMENT_3D('',#15905,#15906,#15907);
#15909=PLANE('',#15908);
#15910=ORIENTED_EDGE('',*,*,#11880,.F.);
#15912=ORIENTED_EDGE('',*,*,#15911,.T.);
#15913=ORIENTED_EDGE('',*,*,#14985,.T.);
#15914=ORIENTED_EDGE('',*,*,#15898,.F.);
#15915=EDGE_LOOP('',(#15910,#15912,#15913,#15914));
#15916=FACE_OUTER_BOUND('',#15915,.F.);
#15917=ADVANCED_FACE('',(#15916),#15909,.F.);
#15918=CARTESIAN_POINT('',(1.06475E0,4.855763827461E0,4.E0));
#15919=DIRECTION('',(-5.224766720432E-1,-8.526535798146E-1,0.E0));
#15920=DIRECTION('',(8.526535798146E-1,-5.224766720432E-1,0.E0));
#15921=AXIS2_PLACEMENT_3D('',#15918,#15919,#15920);
#15922=PLANE('',#15921);
#15923=ORIENTED_EDGE('',*,*,#11878,.F.);
#15925=ORIENTED_EDGE('',*,*,#15924,.T.);
#15926=ORIENTED_EDGE('',*,*,#14987,.T.);
#15927=ORIENTED_EDGE('',*,*,#15911,.F.);
#15928=EDGE_LOOP('',(#15923,#15925,#15926,#15927));
#15929=FACE_OUTER_BOUND('',#15928,.F.);
#15930=ADVANCED_FACE('',(#15929),#15922,.F.);
#15931=CARTESIAN_POINT('',(1.0108E0,4.947593623042E0,4.E0));
#15932=DIRECTION('',(-8.622111667155E-1,-5.065490144015E-1,0.E0));
#15933=DIRECTION('',(5.065490144015E-1,-8.622111667155E-1,0.E0));
#15934=AXIS2_PLACEMENT_3D('',#15931,#15932,#15933);
#15935=PLANE('',#15934);
#15936=ORIENTED_EDGE('',*,*,#11876,.F.);
#15938=ORIENTED_EDGE('',*,*,#15937,.T.);
#15939=ORIENTED_EDGE('',*,*,#14989,.T.);
#15940=ORIENTED_EDGE('',*,*,#15924,.F.);
#15941=EDGE_LOOP('',(#15936,#15938,#15939,#15940));
#15942=FACE_OUTER_BOUND('',#15941,.F.);
#15943=ADVANCED_FACE('',(#15942),#15935,.F.);
#15944=CARTESIAN_POINT('',(9.928167352676E-1,5.021057444072E0,4.E0));
#15945=DIRECTION('',(-9.713213633444E-1,-2.377704967207E-1,0.E0));
#15946=DIRECTION('',(2.377704967207E-1,-9.713213633444E-1,0.E0));
#15947=AXIS2_PLACEMENT_3D('',#15944,#15945,#15946);
#15948=PLANE('',#15947);
#15949=ORIENTED_EDGE('',*,*,#11874,.F.);
#15951=ORIENTED_EDGE('',*,*,#15950,.T.);
#15952=ORIENTED_EDGE('',*,*,#14991,.T.);
#15953=ORIENTED_EDGE('',*,*,#15937,.F.);
#15954=EDGE_LOOP('',(#15949,#15951,#15952,#15953));
#15955=FACE_OUTER_BOUND('',#15954,.F.);
#15956=ADVANCED_FACE('',(#15955),#15948,.F.);
#15957=CARTESIAN_POINT('',(1.100716735268E0,5.021057444072E0,4.E0));
#15958=DIRECTION('',(0.E0,1.E0,0.E0));
#15959=DIRECTION('',(-1.E0,0.E0,0.E0));
#15960=AXIS2_PLACEMENT_3D('',#15957,#15958,#15959);
#15961=PLANE('',#15960);
#15962=ORIENTED_EDGE('',*,*,#11872,.F.);
#15964=ORIENTED_EDGE('',*,*,#15963,.T.);
#15965=ORIENTED_EDGE('',*,*,#14993,.T.);
#15966=ORIENTED_EDGE('',*,*,#15950,.F.);
#15967=EDGE_LOOP('',(#15962,#15964,#15965,#15966));
#15968=FACE_OUTER_BOUND('',#15967,.F.);
#15969=ADVANCED_FACE('',(#15968),#15961,.F.);
#15970=CARTESIAN_POINT('',(1.1187E0,4.965959578300E0,4.E0));
#15971=DIRECTION('',(9.506455412394E-1,3.102789952956E-1,0.E0));
#15972=DIRECTION('',(-3.102789952956E-1,9.506455412394E-1,0.E0));
#15973=AXIS2_PLACEMENT_3D('',#15970,#15971,#15972);
#15974=PLANE('',#15973);
#15975=ORIENTED_EDGE('',*,*,#11870,.F.);
#15977=ORIENTED_EDGE('',*,*,#15976,.T.);
#15978=ORIENTED_EDGE('',*,*,#14995,.T.);
#15979=ORIENTED_EDGE('',*,*,#15963,.F.);
#15980=EDGE_LOOP('',(#15975,#15977,#15978,#15979));
#15981=FACE_OUTER_BOUND('',#15980,.F.);
#15982=ADVANCED_FACE('',(#15981),#15974,.F.);
#15983=CARTESIAN_POINT('',(1.17265E0,4.910861699665E0,4.E0));
#15984=DIRECTION('',(7.145104664480E-1,6.996247518036E-1,0.E0));
#15985=DIRECTION('',(-6.996247518036E-1,7.145104664480E-1,0.E0));
#15986=AXIS2_PLACEMENT_3D('',#15983,#15984,#15985);
#15987=PLANE('',#15986);
#15988=ORIENTED_EDGE('',*,*,#11868,.F.);
#15990=ORIENTED_EDGE('',*,*,#15989,.T.);
#15991=ORIENTED_EDGE('',*,*,#14997,.T.);
#15992=ORIENTED_EDGE('',*,*,#15976,.F.);
#15993=EDGE_LOOP('',(#15988,#15990,#15991,#15992));
#15994=FACE_OUTER_BOUND('',#15993,.F.);
#15995=ADVANCED_FACE('',(#15994),#15987,.F.);
#15996=CARTESIAN_POINT('',(1.244583264732E0,4.892495744407E0,4.E0));
#15997=DIRECTION('',(2.473834390653E-1,9.689176611437E-1,0.E0));
#15998=DIRECTION('',(-9.689176611437E-1,2.473834390653E-1,0.E0));
#15999=AXIS2_PLACEMENT_3D('',#15996,#15997,#15998);
#16000=PLANE('',#15999);
#16001=ORIENTED_EDGE('',*,*,#11866,.F.);
#16003=ORIENTED_EDGE('',*,*,#16002,.T.);
#16004=ORIENTED_EDGE('',*,*,#14999,.T.);
#16005=ORIENTED_EDGE('',*,*,#15989,.F.);
#16006=EDGE_LOOP('',(#16001,#16003,#16004,#16005));
#16007=FACE_OUTER_BOUND('',#16006,.F.);
#16008=ADVANCED_FACE('',(#16007),#16000,.F.);
#16009=CARTESIAN_POINT('',(1.38845E0,4.892495744407E0,4.E0));
#16010=DIRECTION('',(0.E0,1.E0,0.E0));
#16011=DIRECTION('',(-1.E0,0.E0,0.E0));
#16012=AXIS2_PLACEMENT_3D('',#16009,#16010,#16011);
#16013=PLANE('',#16012);
#16014=ORIENTED_EDGE('',*,*,#11864,.F.);
#16016=ORIENTED_EDGE('',*,*,#16015,.T.);
#16017=ORIENTED_EDGE('',*,*,#15001,.T.);
#16018=ORIENTED_EDGE('',*,*,#16002,.F.);
#16019=EDGE_LOOP('',(#16014,#16016,#16017,#16018));
#16020=FACE_OUTER_BOUND('',#16019,.F.);
#16021=ADVANCED_FACE('',(#16020),#16013,.F.);
#16022=CARTESIAN_POINT('',(1.460383264732E0,4.910861699665E0,4.E0));
#16023=DIRECTION('',(-2.473834390653E-1,9.689176611437E-1,0.E0));
#16024=DIRECTION('',(-9.689176611437E-1,-2.473834390653E-1,0.E0));
#16025=AXIS2_PLACEMENT_3D('',#16022,#16023,#16024);
#16026=PLANE('',#16025);
#16027=ORIENTED_EDGE('',*,*,#11862,.F.);
#16029=ORIENTED_EDGE('',*,*,#16028,.T.);
#16030=ORIENTED_EDGE('',*,*,#15003,.T.);
#16031=ORIENTED_EDGE('',*,*,#16015,.F.);
#16032=EDGE_LOOP('',(#16027,#16029,#16030,#16031));
#16033=FACE_OUTER_BOUND('',#16032,.F.);
#16034=ADVANCED_FACE('',(#16033),#16026,.F.);
#16035=CARTESIAN_POINT('',(1.514333264732E0,4.947593623042E0,4.E0));
#16036=DIRECTION('',(-5.627910658976E-1,8.265991871191E-1,0.E0));
#16037=DIRECTION('',(-8.265991871191E-1,-5.627910658976E-1,0.E0));
#16038=AXIS2_PLACEMENT_3D('',#16035,#16036,#16037);
#16039=PLANE('',#16038);
#16040=ORIENTED_EDGE('',*,*,#11860,.F.);
#16042=ORIENTED_EDGE('',*,*,#16041,.T.);
#16043=ORIENTED_EDGE('',*,*,#15005,.T.);
#16044=ORIENTED_EDGE('',*,*,#16028,.F.);
#16045=EDGE_LOOP('',(#16040,#16042,#16043,#16044));
#16046=FACE_OUTER_BOUND('',#16045,.F.);
#16047=ADVANCED_FACE('',(#16046),#16039,.F.);
#16048=CARTESIAN_POINT('',(1.5503E0,5.002691488814E0,4.E0));
#16049=DIRECTION('',(-8.373786433120E-1,5.466232777014E-1,0.E0));
#16050=DIRECTION('',(-5.466232777014E-1,-8.373786433120E-1,0.E0));
#16051=AXIS2_PLACEMENT_3D('',#16048,#16049,#16050);
#16052=PLANE('',#16051);
#16053=ORIENTED_EDGE('',*,*,#11858,.F.);
#16055=ORIENTED_EDGE('',*,*,#16054,.T.);
#16056=ORIENTED_EDGE('',*,*,#15007,.T.);
#16057=ORIENTED_EDGE('',*,*,#16041,.F.);
#16058=EDGE_LOOP('',(#16053,#16055,#16056,#16057));
#16059=FACE_OUTER_BOUND('',#16058,.F.);
#16060=ADVANCED_FACE('',(#16059),#16052,.F.);
#16061=CARTESIAN_POINT('',(1.5503E0,5.057789354587E0,4.E0));
#16062=DIRECTION('',(-1.E0,0.E0,0.E0));
#16063=DIRECTION('',(0.E0,-1.E0,0.E0));
#16064=AXIS2_PLACEMENT_3D('',#16061,#16062,#16063);
#16065=PLANE('',#16064);
#16066=ORIENTED_EDGE('',*,*,#11856,.F.);
#16068=ORIENTED_EDGE('',*,*,#16067,.T.);
#16069=ORIENTED_EDGE('',*,*,#15009,.T.);
#16070=ORIENTED_EDGE('',*,*,#16054,.F.);
#16071=EDGE_LOOP('',(#16066,#16068,#16069,#16070));
#16072=FACE_OUTER_BOUND('',#16071,.F.);
#16073=ADVANCED_FACE('',(#16072),#16065,.F.);
#16074=CARTESIAN_POINT('',(1.514333264732E0,5.112887246084E0,4.E0));
#16075=DIRECTION('',(-8.373787601340E-1,-5.466230987403E-1,0.E0));
#16076=DIRECTION('',(5.466230987403E-1,-8.373787601340E-1,0.E0));
#16077=AXIS2_PLACEMENT_3D('',#16074,#16075,#16076);
#16078=PLANE('',#16077);
#16079=ORIENTED_EDGE('',*,*,#11854,.F.);
#16081=ORIENTED_EDGE('',*,*,#16080,.T.);
#16082=ORIENTED_EDGE('',*,*,#15011,.T.);
#16083=ORIENTED_EDGE('',*,*,#16067,.F.);
#16084=EDGE_LOOP('',(#16079,#16081,#16082,#16083));
#16085=FACE_OUTER_BOUND('',#16084,.F.);
#16086=ADVANCED_FACE('',(#16085),#16078,.F.);
#16087=CARTESIAN_POINT('',(1.460383264732E0,5.149619156599E0,4.E0));
#16088=DIRECTION('',(-5.627909312417E-1,-8.265992787996E-1,0.E0));
#16089=DIRECTION('',(8.265992787996E-1,-5.627909312417E-1,0.E0));
#16090=AXIS2_PLACEMENT_3D('',#16087,#16088,#16089);
#16091=PLANE('',#16090);
#16092=ORIENTED_EDGE('',*,*,#11852,.F.);
#16094=ORIENTED_EDGE('',*,*,#16093,.T.);
#16095=ORIENTED_EDGE('',*,*,#15013,.T.);
#16096=ORIENTED_EDGE('',*,*,#16080,.F.);
#16097=EDGE_LOOP('',(#16092,#16094,#16095,#16096));
#16098=FACE_OUTER_BOUND('',#16097,.F.);
#16099=ADVANCED_FACE('',(#16098),#16091,.F.);
#16100=CARTESIAN_POINT('',(1.38845E0,5.167985111856E0,4.E0));
#16101=DIRECTION('',(-2.473834390653E-1,-9.689176611437E-1,0.E0));
#16102=DIRECTION('',(9.689176611437E-1,-2.473834390653E-1,0.E0));
#16103=AXIS2_PLACEMENT_3D('',#16100,#16101,#16102);
#16104=PLANE('',#16103);
#16105=ORIENTED_EDGE('',*,*,#11850,.F.);
#16107=ORIENTED_EDGE('',*,*,#16106,.T.);
#16108=ORIENTED_EDGE('',*,*,#15015,.T.);
#16109=ORIENTED_EDGE('',*,*,#16093,.F.);
#16110=EDGE_LOOP('',(#16105,#16107,#16108,#16109));
#16111=FACE_OUTER_BOUND('',#16110,.F.);
#16112=ADVANCED_FACE('',(#16111),#16104,.F.);
#16113=CARTESIAN_POINT('',(1.28055E0,5.167985111856E0,4.E0));
#16114=DIRECTION('',(0.E0,-1.E0,0.E0));
#16115=DIRECTION('',(1.E0,0.E0,0.E0));
#16116=AXIS2_PLACEMENT_3D('',#16113,#16114,#16115);
#16117=PLANE('',#16116);
#16118=ORIENTED_EDGE('',*,*,#11848,.F.);
#16120=ORIENTED_EDGE('',*,*,#16119,.T.);
#16121=ORIENTED_EDGE('',*,*,#15017,.T.);
#16122=ORIENTED_EDGE('',*,*,#16106,.F.);
#16123=EDGE_LOOP('',(#16118,#16120,#16121,#16122));
#16124=FACE_OUTER_BOUND('',#16123,.F.);
#16125=ADVANCED_FACE('',(#16124),#16117,.F.);
#16126=CARTESIAN_POINT('',(1.208616735268E0,5.186351067114E0,4.E0));
#16127=DIRECTION('',(-2.473834390653E-1,-9.689176611437E-1,0.E0));
#16128=DIRECTION('',(9.689176611437E-1,-2.473834390653E-1,0.E0));
#16129=AXIS2_PLACEMENT_3D('',#16126,#16127,#16128);
#16130=PLANE('',#16129);
#16131=ORIENTED_EDGE('',*,*,#11846,.F.);
#16133=ORIENTED_EDGE('',*,*,#16132,.T.);
#16134=ORIENTED_EDGE('',*,*,#15019,.T.);
#16135=ORIENTED_EDGE('',*,*,#16119,.F.);
#16136=EDGE_LOOP('',(#16131,#16133,#16134,#16135));
#16137=FACE_OUTER_BOUND('',#16136,.F.);
#16138=ADVANCED_FACE('',(#16137),#16130,.F.);
#16139=CARTESIAN_POINT('',(1.136683264732E0,5.223082977629E0,4.E0));
#16140=DIRECTION('',(-4.547764255314E-1,-8.906056381928E-1,0.E0));
#16141=DIRECTION('',(8.906056381928E-1,-4.547764255314E-1,0.E0));
#16142=AXIS2_PLACEMENT_3D('',#16139,#16140,#16141);
#16143=PLANE('',#16142);
#16144=ORIENTED_EDGE('',*,*,#11844,.F.);
#16146=ORIENTED_EDGE('',*,*,#16145,.T.);
#16147=ORIENTED_EDGE('',*,*,#15021,.T.);
#16148=ORIENTED_EDGE('',*,*,#16132,.F.);
#16149=EDGE_LOOP('',(#16144,#16146,#16147,#16148));
#16150=FACE_OUTER_BOUND('',#16149,.F.);
#16151=ADVANCED_FACE('',(#16150),#16143,.F.);
#16152=CARTESIAN_POINT('',(1.06475E0,5.296546798658E0,4.E0));
#16153=DIRECTION('',(-7.145107183351E-1,-6.996244945571E-1,0.E0));
#16154=DIRECTION('',(6.996244945571E-1,-7.145107183351E-1,0.E0));
#16155=AXIS2_PLACEMENT_3D('',#16152,#16153,#16154);
#16156=PLANE('',#16155);
#16157=ORIENTED_EDGE('',*,*,#11842,.F.);
#16159=ORIENTED_EDGE('',*,*,#16158,.T.);
#16160=ORIENTED_EDGE('',*,*,#15023,.T.);
#16161=ORIENTED_EDGE('',*,*,#16145,.F.);
#16162=EDGE_LOOP('',(#16157,#16159,#16160,#16161));
#16163=FACE_OUTER_BOUND('',#16162,.F.);
#16164=ADVANCED_FACE('',(#16163),#16156,.F.);
#16165=CARTESIAN_POINT('',(1.046766735268E0,5.370010619688E0,4.E0));
#16166=DIRECTION('',(-9.713213633444E-1,-2.377704967207E-1,0.E0));
#16167=DIRECTION('',(2.377704967207E-1,-9.713213633444E-1,0.E0));
#16168=AXIS2_PLACEMENT_3D('',#16165,#16166,#16167);
#16169=PLANE('',#16168);
#16170=ORIENTED_EDGE('',*,*,#11840,.F.);
#16172=ORIENTED_EDGE('',*,*,#16171,.T.);
#16173=ORIENTED_EDGE('',*,*,#15025,.T.);
#16174=ORIENTED_EDGE('',*,*,#16158,.F.);
#16175=EDGE_LOOP('',(#16170,#16172,#16173,#16174));
#16176=FACE_OUTER_BOUND('',#16175,.F.);
#16177=ADVANCED_FACE('',(#16176),#16169,.F.);
#16178=CARTESIAN_POINT('',(1.046766735268E0,5.443474492168E0,4.E0));
#16179=DIRECTION('',(-1.E0,0.E0,0.E0));
#16180=DIRECTION('',(0.E0,-1.E0,0.E0));
#16181=AXIS2_PLACEMENT_3D('',#16178,#16179,#16180);
#16182=PLANE('',#16181);
#16183=ORIENTED_EDGE('',*,*,#11838,.F.);
#16185=ORIENTED_EDGE('',*,*,#16184,.T.);
#16186=ORIENTED_EDGE('',*,*,#15027,.T.);
#16187=ORIENTED_EDGE('',*,*,#16171,.F.);
#16188=EDGE_LOOP('',(#16183,#16185,#16186,#16187));
#16189=FACE_OUTER_BOUND('',#16188,.F.);
#16190=ADVANCED_FACE('',(#16189),#16182,.F.);
#16191=CARTESIAN_POINT('',(1.06475E0,5.516938313198E0,4.E0));
#16192=DIRECTION('',(-9.713213633444E-1,2.377704967207E-1,0.E0));
#16193=DIRECTION('',(-2.377704967207E-1,-9.713213633444E-1,0.E0));
#16194=AXIS2_PLACEMENT_3D('',#16191,#16192,#16193);
#16195=PLANE('',#16194);
#16196=ORIENTED_EDGE('',*,*,#11836,.F.);
#16198=ORIENTED_EDGE('',*,*,#16197,.T.);
#16199=ORIENTED_EDGE('',*,*,#15029,.T.);
#16200=ORIENTED_EDGE('',*,*,#16184,.F.);
#16201=EDGE_LOOP('',(#16196,#16198,#16199,#16200));
#16202=FACE_OUTER_BOUND('',#16201,.F.);
#16203=ADVANCED_FACE('',(#16202),#16195,.F.);
#16204=CARTESIAN_POINT('',(1.136683264732E0,5.590402134228E0,4.E0));
#16205=DIRECTION('',(-7.145107183351E-1,6.996244945571E-1,0.E0));
#16206=DIRECTION('',(-6.996244945571E-1,-7.145107183351E-1,0.E0));
#16207=AXIS2_PLACEMENT_3D('',#16204,#16205,#16206);
#16208=PLANE('',#16207);
#16209=ORIENTED_EDGE('',*,*,#11834,.F.);
#16211=ORIENTED_EDGE('',*,*,#16210,.T.);
#16212=ORIENTED_EDGE('',*,*,#15031,.T.);
#16213=ORIENTED_EDGE('',*,*,#16197,.F.);
#16214=EDGE_LOOP('',(#16209,#16211,#16212,#16213));
#16215=FACE_OUTER_BOUND('',#16214,.F.);
#16216=ADVANCED_FACE('',(#16215),#16208,.F.);
#16217=CARTESIAN_POINT('',(1.208616735268E0,5.627134044743E0,4.E0));
#16218=DIRECTION('',(-4.547764255314E-1,8.906056381928E-1,0.E0));
#16219=DIRECTION('',(-8.906056381928E-1,-4.547764255314E-1,0.E0));
#16220=AXIS2_PLACEMENT_3D('',#16217,#16218,#16219);
#16221=PLANE('',#16220);
#16222=ORIENTED_EDGE('',*,*,#11832,.F.);
#16224=ORIENTED_EDGE('',*,*,#16223,.T.);
#16225=ORIENTED_EDGE('',*,*,#15033,.T.);
#16226=ORIENTED_EDGE('',*,*,#16210,.F.);
#16227=EDGE_LOOP('',(#16222,#16224,#16225,#16226));
#16228=FACE_OUTER_BOUND('',#16227,.F.);
#16229=ADVANCED_FACE('',(#16228),#16221,.F.);
#16230=CARTESIAN_POINT('',(1.28055E0,5.6455E0,4.E0));
#16231=DIRECTION('',(-2.473834390653E-1,9.689176611437E-1,0.E0));
#16232=DIRECTION('',(-9.689176611437E-1,-2.473834390653E-1,0.E0));
#16233=AXIS2_PLACEMENT_3D('',#16230,#16231,#16232);
#16234=PLANE('',#16233);
#16235=ORIENTED_EDGE('',*,*,#11830,.F.);
#16237=ORIENTED_EDGE('',*,*,#16236,.T.);
#16238=ORIENTED_EDGE('',*,*,#15035,.T.);
#16239=ORIENTED_EDGE('',*,*,#16223,.F.);
#16240=EDGE_LOOP('',(#16235,#16237,#16238,#16239));
#16241=FACE_OUTER_BOUND('',#16240,.F.);
#16242=ADVANCED_FACE('',(#16241),#16234,.F.);
#16243=CARTESIAN_POINT('',(1.370466735268E0,5.6455E0,4.E0));
#16244=DIRECTION('',(0.E0,1.E0,0.E0));
#16245=DIRECTION('',(-1.E0,0.E0,0.E0));
#16246=AXIS2_PLACEMENT_3D('',#16243,#16244,#16245);
#16247=PLANE('',#16246);
#16248=ORIENTED_EDGE('',*,*,#11828,.F.);
#16250=ORIENTED_EDGE('',*,*,#16249,.T.);
#16251=ORIENTED_EDGE('',*,*,#15037,.T.);
#16252=ORIENTED_EDGE('',*,*,#16236,.F.);
#16253=EDGE_LOOP('',(#16248,#16250,#16251,#16252));
#16254=FACE_OUTER_BOUND('',#16253,.F.);
#16255=ADVANCED_FACE('',(#16254),#16247,.F.);
#16256=CARTESIAN_POINT('',(1.460383264732E0,5.627134044743E0,4.E0));
#16257=DIRECTION('',(2.001236481946E-1,9.797706494039E-1,0.E0));
#16258=DIRECTION('',(-9.797706494039E-1,2.001236481946E-1,0.E0));
#16259=AXIS2_PLACEMENT_3D('',#16256,#16257,#16258);
#16260=PLANE('',#16259);
#16261=ORIENTED_EDGE('',*,*,#11826,.F.);
#16263=ORIENTED_EDGE('',*,*,#16262,.T.);
#16264=ORIENTED_EDGE('',*,*,#15039,.T.);
#16265=ORIENTED_EDGE('',*,*,#16249,.F.);
#16266=EDGE_LOOP('',(#16261,#16263,#16264,#16265));
#16267=FACE_OUTER_BOUND('',#16266,.F.);
#16268=ADVANCED_FACE('',(#16267),#16260,.F.);
#16269=CARTESIAN_POINT('',(1.532316735268E0,5.572036178970E0,4.E0));
#16270=DIRECTION('',(6.080761011394E-1,7.938787408812E-1,0.E0));
#16271=DIRECTION('',(-7.938787408812E-1,6.080761011394E-1,0.E0));
#16272=AXIS2_PLACEMENT_3D('',#16269,#16270,#16271);
#16273=PLANE('',#16272);
#16274=ORIENTED_EDGE('',*,*,#11824,.F.);
#16276=ORIENTED_EDGE('',*,*,#16275,.T.);
#16277=ORIENTED_EDGE('',*,*,#15041,.T.);
#16278=ORIENTED_EDGE('',*,*,#16262,.F.);
#16279=EDGE_LOOP('',(#16274,#16276,#16277,#16278));
#16280=FACE_OUTER_BOUND('',#16279,.F.);
#16281=ADVANCED_FACE('',(#16280),#16273,.F.);
#16282=CARTESIAN_POINT('',(1.586266735268E0,5.498572357941E0,4.E0));
#16283=DIRECTION('',(8.060043958311E-1,5.919095487496E-1,0.E0));
#16284=DIRECTION('',(-5.919095487496E-1,8.060043958311E-1,0.E0));
#16285=AXIS2_PLACEMENT_3D('',#16282,#16283,#16284);
#16286=PLANE('',#16285);
#16287=ORIENTED_EDGE('',*,*,#11822,.F.);
#16289=ORIENTED_EDGE('',*,*,#16288,.T.);
#16290=ORIENTED_EDGE('',*,*,#15043,.T.);
#16291=ORIENTED_EDGE('',*,*,#16275,.F.);
#16292=EDGE_LOOP('',(#16287,#16289,#16290,#16291));
#16293=FACE_OUTER_BOUND('',#16292,.F.);
#16294=ADVANCED_FACE('',(#16293),#16286,.F.);
#16295=CARTESIAN_POINT('',(1.60425E0,5.443474492168E0,4.E0));
#16296=DIRECTION('',(9.506455412394E-1,3.102789952956E-1,0.E0));
#16297=DIRECTION('',(-3.102789952956E-1,9.506455412394E-1,0.E0));
#16298=AXIS2_PLACEMENT_3D('',#16295,#16296,#16297);
#16299=PLANE('',#16298);
#16300=ORIENTED_EDGE('',*,*,#11820,.F.);
#16301=ORIENTED_EDGE('',*,*,#15614,.T.);
#16302=ORIENTED_EDGE('',*,*,#15045,.T.);
#16303=ORIENTED_EDGE('',*,*,#16288,.F.);
#16304=EDGE_LOOP('',(#16300,#16301,#16302,#16303));
#16305=FACE_OUTER_BOUND('',#16304,.F.);
#16306=ADVANCED_FACE('',(#16305),#16299,.F.);
#16307=CLOSED_SHELL('',(#11667,#11712,#11928,#11949,#11984,#12006,#12051,#12095,
#12114,#12135,#12154,#12176,#12198,#12220,#12273,#12295,#12317,#12338,#12375,
#12414,#12435,#12472,#12511,#12531,#12574,#12594,#12622,#12643,#12676,#12696,
#12718,#12739,#12760,#12779,#12799,#12820,#12840,#12862,#12884,#12906,#12954,
#12975,#12997,#13018,#13038,#13085,#13105,#13125,#13145,#13169,#13204,#13224,
#13241,#13264,#13284,#13304,#13323,#13343,#13360,#13380,#13408,#13429,#13463,
#13482,#13502,#13522,#13542,#13562,#13581,#13600,#13620,#13642,#13663,#13684,
#13703,#13724,#13744,#13778,#13799,#13827,#13846,#13866,#13888,#13909,#13930,
#13949,#13969,#13990,#14010,#14032,#14052,#14072,#14106,#14126,#14146,#14166,
#14186,#14205,#14224,#14245,#14273,#14292,#14312,#14334,#14355,#14376,#14395,
#14415,#14435,#14455,#14479,#14514,#14537,#14557,#14576,#14596,#14613,#14633,
#14650,#14672,#14693,#14714,#14735,#14756,#14777,#14798,#14811,#14835,#14862,
#14926,#15049,#15070,#15083,#15095,#15109,#15129,#15149,#15169,#15189,#15208,
#15229,#15248,#15268,#15288,#15308,#15328,#15348,#15368,#15388,#15408,#15428,
#15448,#15467,#15488,#15501,#15514,#15527,#15540,#15553,#15566,#15579,#15592,
#15604,#15618,#15631,#15644,#15657,#15670,#15683,#15696,#15709,#15722,#15735,
#15748,#15761,#15774,#15787,#15800,#15813,#15826,#15839,#15852,#15865,#15878,
#15891,#15904,#15917,#15930,#15943,#15956,#15969,#15982,#15995,#16008,#16021,
#16034,#16047,#16060,#16073,#16086,#16099,#16112,#16125,#16138,#16151,#16164,
#16177,#16190,#16203,#16216,#16229,#16242,#16255,#16268,#16281,#16294,#16306));
#16308=MANIFOLD_SOLID_BREP('',#16307);
#16309=DIRECTION('',(7.071067811865E-1,0.E0,7.071067811865E-1));
#16310=VECTOR('',#16309,4.242640687119E-1);
#16311=CARTESIAN_POINT('',(2.95E0,-7.7E0,-8.E-1));
#16312=LINE('',#16311,#16310);
#16313=DIRECTION('',(-7.071067811865E-1,0.E0,-7.071067811865E-1));
#16314=VECTOR('',#16313,4.242640687119E-1);
#16315=CARTESIAN_POINT('',(3.25E0,-7.4E0,-5.E-1));
#16316=LINE('',#16315,#16314);
#16317=DIRECTION('',(0.E0,-1.E0,0.E0));
#16318=VECTOR('',#16317,3.E-1);
#16319=CARTESIAN_POINT('',(2.95E0,-7.4E0,-3.55E0));
#16320=LINE('',#16319,#16318);
#16321=DIRECTION('',(0.E0,1.E0,0.E0));
#16322=VECTOR('',#16321,3.E-1);
#16323=CARTESIAN_POINT('',(2.95E0,-7.7E0,-8.E-1));
#16324=LINE('',#16323,#16322);
#16325=CARTESIAN_POINT('',(2.5E0,-7.7E0,-3.55E0));
#16326=DIRECTION('',(0.E0,-1.E0,0.E0));
#16327=DIRECTION('',(-1.E0,0.E0,0.E0));
#16328=AXIS2_PLACEMENT_3D('',#16325,#16326,#16327);
#16330=DIRECTION('',(0.E0,0.E0,1.E0));
#16331=VECTOR('',#16330,2.75E0);
#16332=CARTESIAN_POINT('',(2.05E0,-7.7E0,-3.55E0));
#16333=LINE('',#16332,#16331);
#16334=DIRECTION('',(0.E0,0.E0,1.E0));
#16335=VECTOR('',#16334,2.75E0);
#16336=CARTESIAN_POINT('',(2.95E0,-7.7E0,-3.55E0));
#16337=LINE('',#16336,#16335);
#16338=DIRECTION('',(0.E0,-1.E0,0.E0));
#16339=VECTOR('',#16338,3.E-1);
#16340=CARTESIAN_POINT('',(2.05E0,-7.4E0,-3.55E0));
#16341=LINE('',#16340,#16339);
#16342=DIRECTION('',(0.E0,1.E0,0.E0));
#16343=VECTOR('',#16342,3.E-1);
#16344=CARTESIAN_POINT('',(2.05E0,-7.7E0,-8.E-1));
#16345=LINE('',#16344,#16343);
#16346=CARTESIAN_POINT('',(2.5E0,-7.4E0,-3.55E0));
#16347=DIRECTION('',(0.E0,1.E0,0.E0));
#16348=DIRECTION('',(1.E0,0.E0,0.E0));
#16349=AXIS2_PLACEMENT_3D('',#16346,#16347,#16348);
#16351=DIRECTION('',(0.E0,0.E0,1.E0));
#16352=VECTOR('',#16351,2.75E0);
#16353=CARTESIAN_POINT('',(2.95E0,-7.4E0,-3.55E0));
#16354=LINE('',#16353,#16352);
#16355=DIRECTION('',(-1.E0,0.E0,0.E0));
#16356=VECTOR('',#16355,1.5E0);
#16357=CARTESIAN_POINT('',(3.25E0,-7.4E0,1.645E-1));
#16358=LINE('',#16357,#16356);
#16359=DIRECTION('',(0.E0,0.E0,1.E0));
#16360=VECTOR('',#16359,2.75E0);
#16361=CARTESIAN_POINT('',(2.05E0,-7.4E0,-3.55E0));
#16362=LINE('',#16361,#16360);
#16363=DIRECTION('',(0.E0,0.E0,-1.E0));
#16364=VECTOR('',#16363,3.E-1);
#16365=CARTESIAN_POINT('',(3.25E0,-6.4E0,1.2E0));
#16366=LINE('',#16365,#16364);
#16367=DIRECTION('',(0.E0,-1.E0,0.E0));
#16368=VECTOR('',#16367,2.645E-1);
#16369=CARTESIAN_POINT('',(3.25E0,-6.4E0,9.E-1));
#16370=LINE('',#16369,#16368);
#16371=CARTESIAN_POINT('',(3.25E0,-6.6645E0,1.645E-1));
#16372=DIRECTION('',(1.E0,0.E0,0.E0));
#16373=DIRECTION('',(0.E0,0.E0,1.E0));
#16374=AXIS2_PLACEMENT_3D('',#16371,#16372,#16373);
#16376=DIRECTION('',(0.E0,0.E0,-1.E0));
#16377=VECTOR('',#16376,6.645E-1);
#16378=CARTESIAN_POINT('',(3.25E0,-7.4E0,1.645E-1));
#16379=LINE('',#16378,#16377);
#16380=DIRECTION('',(0.E0,1.E0,0.E0));
#16381=VECTOR('',#16380,3.E-1);
#16382=CARTESIAN_POINT('',(3.25E0,-7.7E0,-5.E-1));
#16383=LINE('',#16382,#16381);
#16384=DIRECTION('',(0.E0,0.E0,1.E0));
#16385=VECTOR('',#16384,6.645E-1);
#16386=CARTESIAN_POINT('',(3.25E0,-7.7E0,-5.E-1));
#16387=LINE('',#16386,#16385);
#16388=CARTESIAN_POINT('',(3.25E0,-6.6645E0,1.645E-1));
#16389=DIRECTION('',(-1.E0,0.E0,0.E0));
#16390=DIRECTION('',(0.E0,-1.E0,0.E0));
#16391=AXIS2_PLACEMENT_3D('',#16388,#16389,#16390);
#16393=DIRECTION('',(0.E0,1.E0,0.E0));
#16394=VECTOR('',#16393,2.645E-1);
#16395=CARTESIAN_POINT('',(3.25E0,-6.6645E0,1.2E0));
#16396=LINE('',#16395,#16394);
#16397=DIRECTION('',(1.E0,0.E0,0.E0));
#16398=VECTOR('',#16397,1.35E0);
#16399=CARTESIAN_POINT('',(-4.6E0,-6.4E0,9.E-1));
#16400=LINE('',#16399,#16398);
#16401=DIRECTION('',(0.E0,0.E0,-1.E0));
#16402=VECTOR('',#16401,3.E-1);
#16403=CARTESIAN_POINT('',(-4.6E0,-6.4E0,1.2E0));
#16404=LINE('',#16403,#16402);
#16405=DIRECTION('',(-1.E0,0.E0,0.E0));
#16406=VECTOR('',#16405,1.35E0);
#16407=CARTESIAN_POINT('',(-3.25E0,-6.4E0,1.2E0));
#16408=LINE('',#16407,#16406);
#16409=DIRECTION('',(-1.E0,0.E0,0.E0));
#16410=VECTOR('',#16409,1.35E0);
#16411=CARTESIAN_POINT('',(4.6E0,-6.4E0,1.2E0));
#16412=LINE('',#16411,#16410);
#16413=DIRECTION('',(0.E0,0.E0,1.E0));
#16414=VECTOR('',#16413,3.E-1);
#16415=CARTESIAN_POINT('',(4.6E0,-6.4E0,9.E-1));
#16416=LINE('',#16415,#16414);
#16417=DIRECTION('',(1.E0,0.E0,0.E0));
#16418=VECTOR('',#16417,1.35E0);
#16419=CARTESIAN_POINT('',(3.25E0,-6.4E0,9.E-1));
#16420=LINE('',#16419,#16418);
#16421=DIRECTION('',(0.E0,0.E0,-1.E0));
#16422=VECTOR('',#16421,3.E-1);
#16423=CARTESIAN_POINT('',(-3.25E0,-6.4E0,1.2E0));
#16424=LINE('',#16423,#16422);
#16425=DIRECTION('',(0.E0,1.E0,0.E0));
#16426=VECTOR('',#16425,2.645E-1);
#16427=CARTESIAN_POINT('',(-3.25E0,-6.6645E0,1.2E0));
#16428=LINE('',#16427,#16426);
#16429=CARTESIAN_POINT('',(-3.25E0,-6.6645E0,1.645E-1));
#16430=DIRECTION('',(-1.E0,0.E0,0.E0));
#16431=DIRECTION('',(0.E0,-1.E0,0.E0));
#16432=AXIS2_PLACEMENT_3D('',#16429,#16430,#16431);
#16434=DIRECTION('',(0.E0,0.E0,1.E0));
#16435=VECTOR('',#16434,6.645E-1);
#16436=CARTESIAN_POINT('',(-3.25E0,-7.7E0,-5.E-1));
#16437=LINE('',#16436,#16435);
#16438=DIRECTION('',(0.E0,1.E0,0.E0));
#16439=VECTOR('',#16438,3.E-1);
#16440=CARTESIAN_POINT('',(-3.25E0,-7.7E0,-5.E-1));
#16441=LINE('',#16440,#16439);
#16442=DIRECTION('',(0.E0,0.E0,-1.E0));
#16443=VECTOR('',#16442,6.645E-1);
#16444=CARTESIAN_POINT('',(-3.25E0,-7.4E0,1.645E-1));
#16445=LINE('',#16444,#16443);
#16446=CARTESIAN_POINT('',(-3.25E0,-6.6645E0,1.645E-1));
#16447=DIRECTION('',(1.E0,0.E0,0.E0));
#16448=DIRECTION('',(0.E0,0.E0,1.E0));
#16449=AXIS2_PLACEMENT_3D('',#16446,#16447,#16448);
#16451=DIRECTION('',(0.E0,-1.E0,0.E0));
#16452=VECTOR('',#16451,2.645E-1);
#16453=CARTESIAN_POINT('',(-3.25E0,-6.4E0,9.E-1));
#16454=LINE('',#16453,#16452);
#16455=DIRECTION('',(1.E0,0.E0,0.E0));
#16456=VECTOR('',#16455,2.85E0);
#16457=CARTESIAN_POINT('',(-4.6E0,-6.E0,1.2E0));
#16458=LINE('',#16457,#16456);
#16459=DIRECTION('',(-1.E0,0.E0,0.E0));
#16460=VECTOR('',#16459,1.5E0);
#16461=CARTESIAN_POINT('',(-1.75E0,-6.6645E0,1.2E0));
#16462=LINE('',#16461,#16460);
#16463=DIRECTION('',(0.E0,-1.E0,0.E0));
#16464=VECTOR('',#16463,4.E-1);
#16465=CARTESIAN_POINT('',(-4.6E0,-6.E0,1.2E0));
#16466=LINE('',#16465,#16464);
#16467=DIRECTION('',(0.E0,0.E0,1.E0));
#16468=VECTOR('',#16467,1.4E0);
#16469=CARTESIAN_POINT('',(-4.85E0,-6.E0,8.E-1));
#16470=LINE('',#16469,#16468);
#16471=DIRECTION('',(0.E0,0.E0,1.E0));
#16472=VECTOR('',#16471,3.E-1);
#16473=CARTESIAN_POINT('',(7.5E-1,-6.E0,9.E-1));
#16474=LINE('',#16473,#16472);
#16475=DIRECTION('',(-1.E0,0.E0,0.E0));
#16476=VECTOR('',#16475,1.5E0);
#16477=CARTESIAN_POINT('',(7.5E-1,-6.E0,1.2E0));
#16478=LINE('',#16477,#16476);
#16479=DIRECTION('',(0.E0,0.E0,1.E0));
#16480=VECTOR('',#16479,3.E-1);
#16481=CARTESIAN_POINT('',(-7.5E-1,-6.E0,9.E-1));
#16482=LINE('',#16481,#16480);
#16483=DIRECTION('',(-1.E0,0.E0,0.E0));
#16484=VECTOR('',#16483,1.5E0);
#16485=CARTESIAN_POINT('',(7.5E-1,-6.E0,9.E-1));
#16486=LINE('',#16485,#16484);
#16487=DIRECTION('',(0.E0,0.E0,1.E0));
#16488=VECTOR('',#16487,3.E-1);
#16489=CARTESIAN_POINT('',(4.6E0,-6.E0,9.E-1));
#16490=LINE('',#16489,#16488);
#16491=DIRECTION('',(0.E0,0.E0,1.E0));
#16492=VECTOR('',#16491,3.E-1);
#16493=CARTESIAN_POINT('',(1.75E0,-6.E0,9.E-1));
#16494=LINE('',#16493,#16492);
#16495=DIRECTION('',(0.E0,0.E0,-1.E0));
#16496=VECTOR('',#16495,3.E-1);
#16497=CARTESIAN_POINT('',(-4.6E0,-6.E0,1.2E0));
#16498=LINE('',#16497,#16496);
#16499=DIRECTION('',(0.E0,0.E0,1.E0));
#16500=VECTOR('',#16499,3.E-1);
#16501=CARTESIAN_POINT('',(-1.75E0,-6.E0,9.E-1));
#16502=LINE('',#16501,#16500);
#16503=DIRECTION('',(-1.E0,0.E0,0.E0));
#16504=VECTOR('',#16503,5.E-1);
#16505=CARTESIAN_POINT('',(5.85E0,4.7E0,8.E-1));
#16506=LINE('',#16505,#16504);
#16507=DIRECTION('',(0.E0,1.E0,0.E0));
#16508=VECTOR('',#16507,3.E-1);
#16509=CARTESIAN_POINT('',(5.85E0,4.7E0,8.E-1));
#16510=LINE('',#16509,#16508);
#16511=CARTESIAN_POINT('',(4.85E0,5.E0,8.E-1));
#16512=DIRECTION('',(0.E0,0.E0,1.E0));
#16513=DIRECTION('',(1.E0,0.E0,0.E0));
#16514=AXIS2_PLACEMENT_3D('',#16511,#16512,#16513);
#16516=DIRECTION('',(-1.E0,0.E0,0.E0));
#16517=VECTOR('',#16516,9.7E0);
#16518=CARTESIAN_POINT('',(4.85E0,6.E0,8.E-1));
#16519=LINE('',#16518,#16517);
#16520=CARTESIAN_POINT('',(-4.85E0,5.E0,8.E-1));
#16521=DIRECTION('',(0.E0,0.E0,1.E0));
#16522=DIRECTION('',(0.E0,1.E0,0.E0));
#16523=AXIS2_PLACEMENT_3D('',#16520,#16521,#16522);
#16525=DIRECTION('',(0.E0,-1.E0,0.E0));
#16526=VECTOR('',#16525,3.E-1);
#16527=CARTESIAN_POINT('',(-5.85E0,5.E0,8.E-1));
#16528=LINE('',#16527,#16526);
#16529=DIRECTION('',(1.E0,0.E0,0.E0));
#16530=VECTOR('',#16529,5.E-1);
#16531=CARTESIAN_POINT('',(-5.85E0,4.7E0,8.E-1));
#16532=LINE('',#16531,#16530);
#16533=DIRECTION('',(0.E0,-1.E0,0.E0));
#16534=VECTOR('',#16533,9.4E0);
#16535=CARTESIAN_POINT('',(-5.35E0,4.7E0,8.E-1));
#16536=LINE('',#16535,#16534);
#16537=DIRECTION('',(1.E0,0.E0,0.E0));
#16538=VECTOR('',#16537,5.E-1);
#16539=CARTESIAN_POINT('',(-5.85E0,-4.7E0,8.E-1));
#16540=LINE('',#16539,#16538);
#16541=DIRECTION('',(0.E0,-1.E0,0.E0));
#16542=VECTOR('',#16541,3.E-1);
#16543=CARTESIAN_POINT('',(-5.85E0,-4.7E0,8.E-1));
#16544=LINE('',#16543,#16542);
#16545=CARTESIAN_POINT('',(-4.85E0,-5.E0,8.E-1));
#16546=DIRECTION('',(0.E0,0.E0,1.E0));
#16547=DIRECTION('',(-1.E0,0.E0,0.E0));
#16548=AXIS2_PLACEMENT_3D('',#16545,#16546,#16547);
#16550=DIRECTION('',(1.E0,0.E0,0.E0));
#16551=VECTOR('',#16550,9.7E0);
#16552=CARTESIAN_POINT('',(-4.85E0,-6.E0,8.E-1));
#16553=LINE('',#16552,#16551);
#16554=CARTESIAN_POINT('',(4.85E0,-5.E0,8.E-1));
#16555=DIRECTION('',(0.E0,0.E0,1.E0));
#16556=DIRECTION('',(0.E0,-1.E0,0.E0));
#16557=AXIS2_PLACEMENT_3D('',#16554,#16555,#16556);
#16559=DIRECTION('',(0.E0,1.E0,0.E0));
#16560=VECTOR('',#16559,3.E-1);
#16561=CARTESIAN_POINT('',(5.85E0,-5.E0,8.E-1));
#16562=LINE('',#16561,#16560);
#16563=DIRECTION('',(-1.E0,0.E0,0.E0));
#16564=VECTOR('',#16563,5.E-1);
#16565=CARTESIAN_POINT('',(5.85E0,-4.7E0,8.E-1));
#16566=LINE('',#16565,#16564);
#16567=DIRECTION('',(0.E0,-1.E0,0.E0));
#16568=VECTOR('',#16567,9.4E0);
#16569=CARTESIAN_POINT('',(5.35E0,4.7E0,8.E-1));
#16570=LINE('',#16569,#16568);
#16571=DIRECTION('',(0.E0,0.E0,-1.E0));
#16572=VECTOR('',#16571,1.4E0);
#16573=CARTESIAN_POINT('',(5.35E0,4.7E0,2.2E0));
#16574=LINE('',#16573,#16572);
#16575=DIRECTION('',(0.E0,0.E0,1.E0));
#16576=VECTOR('',#16575,1.4E0);
#16577=CARTESIAN_POINT('',(5.35E0,-4.7E0,8.E-1));
#16578=LINE('',#16577,#16576);
#16579=DIRECTION('',(0.E0,0.E0,1.E0));
#16580=VECTOR('',#16579,1.4E0);
#16581=CARTESIAN_POINT('',(5.85E0,4.7E0,8.E-1));
#16582=LINE('',#16581,#16580);
#16583=DIRECTION('',(0.E0,0.E0,1.E0));
#16584=VECTOR('',#16583,1.4E0);
#16585=CARTESIAN_POINT('',(5.85E0,-4.7E0,8.E-1));
#16586=LINE('',#16585,#16584);
#16587=DIRECTION('',(0.E0,0.E0,1.E0));
#16588=VECTOR('',#16587,1.4E0);
#16589=CARTESIAN_POINT('',(5.85E0,-5.E0,8.E-1));
#16590=LINE('',#16589,#16588);
#16591=DIRECTION('',(-1.E0,0.E0,0.E0));
#16592=VECTOR('',#16591,5.E-1);
#16593=CARTESIAN_POINT('',(5.85E0,4.7E0,2.2E0));
#16594=LINE('',#16593,#16592);
#16595=DIRECTION('',(0.E0,-1.E0,0.E0));
#16596=VECTOR('',#16595,9.4E0);
#16597=CARTESIAN_POINT('',(5.35E0,4.7E0,2.2E0));
#16598=LINE('',#16597,#16596);
#16599=DIRECTION('',(-1.E0,0.E0,0.E0));
#16600=VECTOR('',#16599,5.E-1);
#16601=CARTESIAN_POINT('',(5.85E0,-4.7E0,2.2E0));
#16602=LINE('',#16601,#16600);
#16603=DIRECTION('',(0.E0,1.E0,0.E0));
#16604=VECTOR('',#16603,3.E-1);
#16605=CARTESIAN_POINT('',(5.85E0,-5.E0,2.2E0));
#16606=LINE('',#16605,#16604);
#16607=CARTESIAN_POINT('',(4.85E0,-5.E0,2.2E0));
#16608=DIRECTION('',(0.E0,0.E0,1.E0));
#16609=DIRECTION('',(0.E0,-1.E0,0.E0));
#16610=AXIS2_PLACEMENT_3D('',#16607,#16608,#16609);
#16612=DIRECTION('',(1.E0,0.E0,0.E0));
#16613=VECTOR('',#16612,9.7E0);
#16614=CARTESIAN_POINT('',(-4.85E0,-6.E0,2.2E0));
#16615=LINE('',#16614,#16613);
#16616=CARTESIAN_POINT('',(-4.85E0,-5.E0,2.2E0));
#16617=DIRECTION('',(0.E0,0.E0,1.E0));
#16618=DIRECTION('',(-1.E0,0.E0,0.E0));
#16619=AXIS2_PLACEMENT_3D('',#16616,#16617,#16618);
#16621=DIRECTION('',(0.E0,-1.E0,0.E0));
#16622=VECTOR('',#16621,3.E-1);
#16623=CARTESIAN_POINT('',(-5.85E0,-4.7E0,2.2E0));
#16624=LINE('',#16623,#16622);
#16625=DIRECTION('',(1.E0,0.E0,0.E0));
#16626=VECTOR('',#16625,5.E-1);
#16627=CARTESIAN_POINT('',(-5.85E0,-4.7E0,2.2E0));
#16628=LINE('',#16627,#16626);
#16629=DIRECTION('',(0.E0,-1.E0,0.E0));
#16630=VECTOR('',#16629,9.4E0);
#16631=CARTESIAN_POINT('',(-5.35E0,4.7E0,2.2E0));
#16632=LINE('',#16631,#16630);
#16633=DIRECTION('',(1.E0,0.E0,0.E0));
#16634=VECTOR('',#16633,5.E-1);
#16635=CARTESIAN_POINT('',(-5.85E0,4.7E0,2.2E0));
#16636=LINE('',#16635,#16634);
#16637=DIRECTION('',(0.E0,-1.E0,0.E0));
#16638=VECTOR('',#16637,3.E-1);
#16639=CARTESIAN_POINT('',(-5.85E0,5.E0,2.2E0));
#16640=LINE('',#16639,#16638);
#16641=CARTESIAN_POINT('',(-4.85E0,5.E0,2.2E0));
#16642=DIRECTION('',(0.E0,0.E0,1.E0));
#16643=DIRECTION('',(0.E0,1.E0,0.E0));
#16644=AXIS2_PLACEMENT_3D('',#16641,#16642,#16643);
#16646=DIRECTION('',(-1.E0,0.E0,0.E0));
#16647=VECTOR('',#16646,9.7E0);
#16648=CARTESIAN_POINT('',(4.85E0,6.E0,2.2E0));
#16649=LINE('',#16648,#16647);
#16650=CARTESIAN_POINT('',(4.85E0,5.E0,2.2E0));
#16651=DIRECTION('',(0.E0,0.E0,1.E0));
#16652=DIRECTION('',(1.E0,0.E0,0.E0));
#16653=AXIS2_PLACEMENT_3D('',#16650,#16651,#16652);
#16655=DIRECTION('',(0.E0,1.E0,0.E0));
#16656=VECTOR('',#16655,3.E-1);
#16657=CARTESIAN_POINT('',(5.85E0,4.7E0,2.2E0));
#16658=LINE('',#16657,#16656);
#16659=DIRECTION('',(0.E0,0.E0,1.E0));
#16660=VECTOR('',#16659,1.4E0);
#16661=CARTESIAN_POINT('',(4.85E0,-6.E0,8.E-1));
#16662=LINE('',#16661,#16660);
#16663=DIRECTION('',(0.E0,0.E0,1.E0));
#16664=VECTOR('',#16663,1.4E0);
#16665=CARTESIAN_POINT('',(-5.85E0,-5.E0,8.E-1));
#16666=LINE('',#16665,#16664);
#16667=DIRECTION('',(0.E0,0.E0,1.E0));
#16668=VECTOR('',#16667,1.4E0);
#16669=CARTESIAN_POINT('',(-5.85E0,4.7E0,8.E-1));
#16670=LINE('',#16669,#16668);
#16671=DIRECTION('',(0.E0,0.E0,1.E0));
#16672=VECTOR('',#16671,1.4E0);
#16673=CARTESIAN_POINT('',(-5.85E0,5.E0,8.E-1));
#16674=LINE('',#16673,#16672);
#16675=DIRECTION('',(0.E0,0.E0,1.E0));
#16676=VECTOR('',#16675,1.4E0);
#16677=CARTESIAN_POINT('',(-5.85E0,-4.7E0,8.E-1));
#16678=LINE('',#16677,#16676);
#16679=DIRECTION('',(0.E0,0.E0,-1.E0));
#16680=VECTOR('',#16679,1.4E0);
#16681=CARTESIAN_POINT('',(-5.35E0,4.7E0,2.2E0));
#16682=LINE('',#16681,#16680);
#16683=DIRECTION('',(0.E0,0.E0,1.E0));
#16684=VECTOR('',#16683,1.4E0);
#16685=CARTESIAN_POINT('',(-5.35E0,-4.7E0,8.E-1));
#16686=LINE('',#16685,#16684);
#16687=DIRECTION('',(0.E0,0.E0,1.E0));
#16688=VECTOR('',#16687,1.4E0);
#16689=CARTESIAN_POINT('',(-4.85E0,6.E0,8.E-1));
#16690=LINE('',#16689,#16688);
#16691=DIRECTION('',(0.E0,0.E0,1.E0));
#16692=VECTOR('',#16691,1.4E0);
#16693=CARTESIAN_POINT('',(4.85E0,6.E0,8.E-1));
#16694=LINE('',#16693,#16692);
#16695=DIRECTION('',(0.E0,0.E0,1.E0));
#16696=VECTOR('',#16695,3.E-1);
#16697=CARTESIAN_POINT('',(-3.25E0,6.E0,9.E-1));
#16698=LINE('',#16697,#16696);
#16699=DIRECTION('',(1.E0,0.E0,0.E0));
#16700=VECTOR('',#16699,1.5E0);
#16701=CARTESIAN_POINT('',(-3.25E0,6.E0,1.2E0));
#16702=LINE('',#16701,#16700);
#16703=DIRECTION('',(0.E0,0.E0,1.E0));
#16704=VECTOR('',#16703,3.E-1);
#16705=CARTESIAN_POINT('',(-1.75E0,6.E0,9.E-1));
#16706=LINE('',#16705,#16704);
#16707=DIRECTION('',(1.E0,0.E0,0.E0));
#16708=VECTOR('',#16707,1.5E0);
#16709=CARTESIAN_POINT('',(-3.25E0,6.E0,9.E-1));
#16710=LINE('',#16709,#16708);
#16711=DIRECTION('',(0.E0,0.E0,1.E0));
#16712=VECTOR('',#16711,3.E-1);
#16713=CARTESIAN_POINT('',(3.25E0,6.E0,9.E-1));
#16714=LINE('',#16713,#16712);
#16715=DIRECTION('',(-1.E0,0.E0,0.E0));
#16716=VECTOR('',#16715,1.5E0);
#16717=CARTESIAN_POINT('',(3.25E0,6.E0,9.E-1));
#16718=LINE('',#16717,#16716);
#16719=DIRECTION('',(0.E0,0.E0,1.E0));
#16720=VECTOR('',#16719,3.E-1);
#16721=CARTESIAN_POINT('',(1.75E0,6.E0,9.E-1));
#16722=LINE('',#16721,#16720);
#16723=DIRECTION('',(-1.E0,0.E0,0.E0));
#16724=VECTOR('',#16723,1.5E0);
#16725=CARTESIAN_POINT('',(3.25E0,6.E0,1.2E0));
#16726=LINE('',#16725,#16724);
#16727=DIRECTION('',(0.E0,0.E0,1.E0));
#16728=VECTOR('',#16727,1.4E0);
#16729=CARTESIAN_POINT('',(5.85E0,5.E0,8.E-1));
#16730=LINE('',#16729,#16728);
#16731=DIRECTION('',(0.E0,-1.E0,0.E0));
#16732=VECTOR('',#16731,3.E-1);
#16733=CARTESIAN_POINT('',(-3.25E0,7.2E0,-5.E-1));
#16734=LINE('',#16733,#16732);
#16735=DIRECTION('',(0.E0,0.E0,1.E0));
#16736=VECTOR('',#16735,1.082690896680E0);
#16737=CARTESIAN_POINT('',(-3.25E0,7.2E0,-5.E-1));
#16738=LINE('',#16737,#16736);
#16739=CARTESIAN_POINT('',(-3.25E0,6.582690896680E0,5.826908966802E-1));
#16740=DIRECTION('',(1.E0,0.E0,0.E0));
#16741=DIRECTION('',(0.E0,1.E0,0.E0));
#16742=AXIS2_PLACEMENT_3D('',#16739,#16740,#16741);
#16744=DIRECTION('',(0.E0,-1.E0,0.E0));
#16745=VECTOR('',#16744,5.826908966802E-1);
#16746=CARTESIAN_POINT('',(-3.25E0,6.582690896680E0,1.2E0));
#16747=LINE('',#16746,#16745);
#16748=DIRECTION('',(0.E0,1.E0,0.E0));
#16749=VECTOR('',#16748,5.826908966802E-1);
#16750=CARTESIAN_POINT('',(-3.25E0,6.E0,9.E-1));
#16751=LINE('',#16750,#16749);
#16752=CARTESIAN_POINT('',(-3.25E0,6.582690896680E0,5.826908966802E-1));
#16753=DIRECTION('',(-1.E0,0.E0,0.E0));
#16754=DIRECTION('',(0.E0,0.E0,1.E0));
#16755=AXIS2_PLACEMENT_3D('',#16752,#16753,#16754);
#16757=DIRECTION('',(0.E0,0.E0,-1.E0));
#16758=VECTOR('',#16757,1.082690896680E0);
#16759=CARTESIAN_POINT('',(-3.25E0,6.9E0,5.826908966802E-1));
#16760=LINE('',#16759,#16758);
#16761=CARTESIAN_POINT('',(-2.5E0,6.9E0,-3.55E0));
#16762=DIRECTION('',(0.E0,-1.E0,0.E0));
#16763=DIRECTION('',(-1.E0,0.E0,0.E0));
#16764=AXIS2_PLACEMENT_3D('',#16761,#16762,#16763);
#16766=DIRECTION('',(7.071067811865E-1,0.E0,-7.071067811865E-1));
#16767=VECTOR('',#16766,4.242640687119E-1);
#16768=CARTESIAN_POINT('',(-3.25E0,6.9E0,-5.E-1));
#16769=LINE('',#16768,#16767);
#16770=DIRECTION('',(1.E0,0.E0,0.E0));
#16771=VECTOR('',#16770,1.5E0);
#16772=CARTESIAN_POINT('',(-3.25E0,6.9E0,5.826908966802E-1));
#16773=LINE('',#16772,#16771);
#16774=DIRECTION('',(7.071067811865E-1,0.E0,7.071067811865E-1));
#16775=VECTOR('',#16774,4.242640687119E-1);
#16776=CARTESIAN_POINT('',(-2.05E0,6.9E0,-8.E-1));
#16777=LINE('',#16776,#16775);
#16778=CARTESIAN_POINT('',(-2.5E0,7.2E0,-3.55E0));
#16779=DIRECTION('',(0.E0,1.E0,0.E0));
#16780=DIRECTION('',(1.E0,0.E0,0.E0));
#16781=AXIS2_PLACEMENT_3D('',#16778,#16779,#16780);
#16783=DIRECTION('',(7.071067811865E-1,0.E0,7.071067811865E-1));
#16784=VECTOR('',#16783,4.242640687119E-1);
#16785=CARTESIAN_POINT('',(-2.05E0,7.2E0,-8.E-1));
#16786=LINE('',#16785,#16784);
#16787=DIRECTION('',(7.071067811865E-1,0.E0,-7.071067811865E-1));
#16788=VECTOR('',#16787,4.242640687119E-1);
#16789=CARTESIAN_POINT('',(-3.25E0,7.2E0,-5.E-1));
#16790=LINE('',#16789,#16788);
#16791=DIRECTION('',(0.E0,1.E0,0.E0));
#16792=VECTOR('',#16791,3.E-1);
#16793=CARTESIAN_POINT('',(-2.05E0,6.9E0,-3.55E0));
#16794=LINE('',#16793,#16792);
#16795=DIRECTION('',(0.E0,0.E0,1.E0));
#16796=VECTOR('',#16795,2.75E0);
#16797=CARTESIAN_POINT('',(-2.05E0,6.9E0,-3.55E0));
#16798=LINE('',#16797,#16796);
#16799=DIRECTION('',(0.E0,0.E0,-1.E0));
#16800=VECTOR('',#16799,2.75E0);
#16801=CARTESIAN_POINT('',(-2.05E0,7.2E0,-8.E-1));
#16802=LINE('',#16801,#16800);
#16803=DIRECTION('',(0.E0,-1.E0,0.E0));
#16804=VECTOR('',#16803,3.E-1);
#16805=CARTESIAN_POINT('',(-2.05E0,7.2E0,-8.E-1));
#16806=LINE('',#16805,#16804);
#16807=DIRECTION('',(0.E0,-1.E0,0.E0));
#16808=VECTOR('',#16807,3.E-1);
#16809=CARTESIAN_POINT('',(-1.75E0,7.2E0,-5.E-1));
#16810=LINE('',#16809,#16808);
#16811=DIRECTION('',(0.E0,0.E0,-1.E0));
#16812=VECTOR('',#16811,1.082690896680E0);
#16813=CARTESIAN_POINT('',(-1.75E0,6.9E0,5.826908966802E-1));
#16814=LINE('',#16813,#16812);
#16815=CARTESIAN_POINT('',(-1.75E0,6.582690896680E0,5.826908966802E-1));
#16816=DIRECTION('',(-1.E0,0.E0,0.E0));
#16817=DIRECTION('',(0.E0,0.E0,1.E0));
#16818=AXIS2_PLACEMENT_3D('',#16815,#16816,#16817);
#16820=DIRECTION('',(0.E0,1.E0,0.E0));
#16821=VECTOR('',#16820,5.826908966802E-1);
#16822=CARTESIAN_POINT('',(-1.75E0,6.E0,9.E-1));
#16823=LINE('',#16822,#16821);
#16824=DIRECTION('',(0.E0,-1.E0,0.E0));
#16825=VECTOR('',#16824,5.826908966802E-1);
#16826=CARTESIAN_POINT('',(-1.75E0,6.582690896680E0,1.2E0));
#16827=LINE('',#16826,#16825);
#16828=CARTESIAN_POINT('',(-1.75E0,6.582690896680E0,5.826908966802E-1));
#16829=DIRECTION('',(1.E0,0.E0,0.E0));
#16830=DIRECTION('',(0.E0,1.E0,0.E0));
#16831=AXIS2_PLACEMENT_3D('',#16828,#16829,#16830);
#16833=DIRECTION('',(0.E0,0.E0,1.E0));
#16834=VECTOR('',#16833,1.082690896680E0);
#16835=CARTESIAN_POINT('',(-1.75E0,7.2E0,-5.E-1));
#16836=LINE('',#16835,#16834);
#16837=DIRECTION('',(1.E0,0.E0,0.E0));
#16838=VECTOR('',#16837,1.5E0);
#16839=CARTESIAN_POINT('',(-3.25E0,6.582690896680E0,9.E-1));
#16840=LINE('',#16839,#16838);
#16841=DIRECTION('',(1.E0,0.E0,0.E0));
#16842=VECTOR('',#16841,1.5E0);
#16843=CARTESIAN_POINT('',(-3.25E0,6.582690896680E0,1.2E0));
#16844=LINE('',#16843,#16842);
#16845=DIRECTION('',(1.E0,0.E0,0.E0));
#16846=VECTOR('',#16845,1.5E0);
#16847=CARTESIAN_POINT('',(-3.25E0,7.2E0,5.826908966802E-1));
#16848=LINE('',#16847,#16846);
#16849=DIRECTION('',(0.E0,1.E0,0.E0));
#16850=VECTOR('',#16849,3.E-1);
#16851=CARTESIAN_POINT('',(-2.95E0,6.9E0,-3.55E0));
#16852=LINE('',#16851,#16850);
#16853=DIRECTION('',(0.E0,0.E0,1.E0));
#16854=VECTOR('',#16853,2.75E0);
#16855=CARTESIAN_POINT('',(-2.95E0,7.2E0,-3.55E0));
#16856=LINE('',#16855,#16854);
#16857=DIRECTION('',(0.E0,-1.E0,0.E0));
#16858=VECTOR('',#16857,3.E-1);
#16859=CARTESIAN_POINT('',(-2.95E0,7.2E0,-8.E-1));
#16860=LINE('',#16859,#16858);
#16861=DIRECTION('',(0.E0,0.E0,-1.E0));
#16862=VECTOR('',#16861,2.75E0);
#16863=CARTESIAN_POINT('',(-2.95E0,6.9E0,-8.E-1));
#16864=LINE('',#16863,#16862);
#16865=DIRECTION('',(0.E0,-1.E0,0.E0));
#16866=VECTOR('',#16865,3.E-1);
#16867=CARTESIAN_POINT('',(3.25E0,7.2E0,-5.E-1));
#16868=LINE('',#16867,#16866);
#16869=DIRECTION('',(0.E0,0.E0,-1.E0));
#16870=VECTOR('',#16869,1.082690896680E0);
#16871=CARTESIAN_POINT('',(3.25E0,6.9E0,5.826908966802E-1));
#16872=LINE('',#16871,#16870);
#16873=CARTESIAN_POINT('',(3.25E0,6.582690896680E0,5.826908966802E-1));
#16874=DIRECTION('',(-1.E0,0.E0,0.E0));
#16875=DIRECTION('',(0.E0,0.E0,1.E0));
#16876=AXIS2_PLACEMENT_3D('',#16873,#16874,#16875);
#16878=DIRECTION('',(0.E0,1.E0,0.E0));
#16879=VECTOR('',#16878,5.826908966802E-1);
#16880=CARTESIAN_POINT('',(3.25E0,6.E0,9.E-1));
#16881=LINE('',#16880,#16879);
#16882=DIRECTION('',(0.E0,-1.E0,0.E0));
#16883=VECTOR('',#16882,5.826908966802E-1);
#16884=CARTESIAN_POINT('',(3.25E0,6.582690896680E0,1.2E0));
#16885=LINE('',#16884,#16883);
#16886=CARTESIAN_POINT('',(3.25E0,6.582690896680E0,5.826908966802E-1));
#16887=DIRECTION('',(1.E0,0.E0,0.E0));
#16888=DIRECTION('',(0.E0,1.E0,0.E0));
#16889=AXIS2_PLACEMENT_3D('',#16886,#16887,#16888);
#16891=DIRECTION('',(0.E0,0.E0,1.E0));
#16892=VECTOR('',#16891,1.082690896680E0);
#16893=CARTESIAN_POINT('',(3.25E0,7.2E0,-5.E-1));
#16894=LINE('',#16893,#16892);
#16895=DIRECTION('',(0.E0,-1.E0,0.E0));
#16896=VECTOR('',#16895,3.E-1);
#16897=CARTESIAN_POINT('',(2.95E0,7.2E0,-3.55E0));
#16898=LINE('',#16897,#16896);
#16899=DIRECTION('',(0.E0,0.E0,1.E0));
#16900=VECTOR('',#16899,2.75E0);
#16901=CARTESIAN_POINT('',(2.95E0,6.9E0,-3.55E0));
#16902=LINE('',#16901,#16900);
#16903=DIRECTION('',(0.E0,-1.E0,0.E0));
#16904=VECTOR('',#16903,3.E-1);
#16905=CARTESIAN_POINT('',(2.95E0,7.2E0,-8.E-1));
#16906=LINE('',#16905,#16904);
#16907=DIRECTION('',(0.E0,0.E0,-1.E0));
#16908=VECTOR('',#16907,2.75E0);
#16909=CARTESIAN_POINT('',(2.95E0,7.2E0,-8.E-1));
#16910=LINE('',#16909,#16908);
#16911=CARTESIAN_POINT('',(2.5E0,6.9E0,-3.55E0));
#16912=DIRECTION('',(0.E0,-1.E0,0.E0));
#16913=DIRECTION('',(-1.E0,0.E0,0.E0));
#16914=AXIS2_PLACEMENT_3D('',#16911,#16912,#16913);
#16916=DIRECTION('',(-7.071067811865E-1,0.E0,7.071067811865E-1));
#16917=VECTOR('',#16916,4.242640687119E-1);
#16918=CARTESIAN_POINT('',(2.05E0,6.9E0,-8.E-1));
#16919=LINE('',#16918,#16917);
#16920=DIRECTION('',(-1.E0,0.E0,0.E0));
#16921=VECTOR('',#16920,1.5E0);
#16922=CARTESIAN_POINT('',(3.25E0,6.9E0,5.826908966802E-1));
#16923=LINE('',#16922,#16921);
#16924=DIRECTION('',(-7.071067811865E-1,0.E0,-7.071067811865E-1));
#16925=VECTOR('',#16924,4.242640687119E-1);
#16926=CARTESIAN_POINT('',(3.25E0,6.9E0,-5.E-1));
#16927=LINE('',#16926,#16925);
#16928=DIRECTION('',(0.E0,-1.E0,0.E0));
#16929=VECTOR('',#16928,3.E-1);
#16930=CARTESIAN_POINT('',(2.05E0,7.2E0,-3.55E0));
#16931=LINE('',#16930,#16929);
#16932=DIRECTION('',(0.E0,0.E0,1.E0));
#16933=VECTOR('',#16932,2.75E0);
#16934=CARTESIAN_POINT('',(2.05E0,7.2E0,-3.55E0));
#16935=LINE('',#16934,#16933);
#16936=DIRECTION('',(0.E0,0.E0,-1.E0));
#16937=VECTOR('',#16936,2.75E0);
#16938=CARTESIAN_POINT('',(2.05E0,6.9E0,-8.E-1));
#16939=LINE('',#16938,#16937);
#16940=CARTESIAN_POINT('',(2.5E0,7.2E0,-3.55E0));
#16941=DIRECTION('',(0.E0,1.E0,0.E0));
#16942=DIRECTION('',(1.E0,0.E0,0.E0));
#16943=AXIS2_PLACEMENT_3D('',#16940,#16941,#16942);
#16945=DIRECTION('',(-7.071067811865E-1,0.E0,-7.071067811865E-1));
#16946=VECTOR('',#16945,4.242640687119E-1);
#16947=CARTESIAN_POINT('',(3.25E0,7.2E0,-5.E-1));
#16948=LINE('',#16947,#16946);
#16949=DIRECTION('',(-7.071067811865E-1,0.E0,7.071067811865E-1));
#16950=VECTOR('',#16949,4.242640687119E-1);
#16951=CARTESIAN_POINT('',(2.05E0,7.2E0,-8.E-1));
#16952=LINE('',#16951,#16950);
#16953=DIRECTION('',(-1.E0,0.E0,0.E0));
#16954=VECTOR('',#16953,1.5E0);
#16955=CARTESIAN_POINT('',(3.25E0,7.2E0,5.826908966802E-1));
#16956=LINE('',#16955,#16954);
#16957=DIRECTION('',(-1.E0,0.E0,0.E0));
#16958=VECTOR('',#16957,1.5E0);
#16959=CARTESIAN_POINT('',(3.25E0,6.582690896680E0,1.2E0));
#16960=LINE('',#16959,#16958);
#16961=DIRECTION('',(0.E0,-1.E0,0.E0));
#16962=VECTOR('',#16961,3.E-1);
#16963=CARTESIAN_POINT('',(1.75E0,7.2E0,-5.E-1));
#16964=LINE('',#16963,#16962);
#16965=DIRECTION('',(0.E0,0.E0,1.E0));
#16966=VECTOR('',#16965,1.082690896680E0);
#16967=CARTESIAN_POINT('',(1.75E0,7.2E0,-5.E-1));
#16968=LINE('',#16967,#16966);
#16969=CARTESIAN_POINT('',(1.75E0,6.582690896680E0,5.826908966802E-1));
#16970=DIRECTION('',(1.E0,0.E0,0.E0));
#16971=DIRECTION('',(0.E0,1.E0,0.E0));
#16972=AXIS2_PLACEMENT_3D('',#16969,#16970,#16971);
#16974=DIRECTION('',(0.E0,-1.E0,0.E0));
#16975=VECTOR('',#16974,5.826908966802E-1);
#16976=CARTESIAN_POINT('',(1.75E0,6.582690896680E0,1.2E0));
#16977=LINE('',#16976,#16975);
#16978=DIRECTION('',(0.E0,1.E0,0.E0));
#16979=VECTOR('',#16978,5.826908966802E-1);
#16980=CARTESIAN_POINT('',(1.75E0,6.E0,9.E-1));
#16981=LINE('',#16980,#16979);
#16982=CARTESIAN_POINT('',(1.75E0,6.582690896680E0,5.826908966802E-1));
#16983=DIRECTION('',(-1.E0,0.E0,0.E0));
#16984=DIRECTION('',(0.E0,0.E0,1.E0));
#16985=AXIS2_PLACEMENT_3D('',#16982,#16983,#16984);
#16987=DIRECTION('',(0.E0,0.E0,-1.E0));
#16988=VECTOR('',#16987,1.082690896680E0);
#16989=CARTESIAN_POINT('',(1.75E0,6.9E0,5.826908966802E-1));
#16990=LINE('',#16989,#16988);
#16991=DIRECTION('',(0.E0,-1.E0,0.E0));
#16992=VECTOR('',#16991,3.E-1);
#16993=CARTESIAN_POINT('',(2.05E0,7.2E0,-8.E-1));
#16994=LINE('',#16993,#16992);
#16995=DIRECTION('',(-1.E0,0.E0,0.E0));
#16996=VECTOR('',#16995,1.5E0);
#16997=CARTESIAN_POINT('',(3.25E0,6.582690896680E0,9.E-1));
#16998=LINE('',#16997,#16996);
#16999=DIRECTION('',(0.E0,1.E0,0.E0));
#17000=VECTOR('',#16999,3.E-1);
#17001=CARTESIAN_POINT('',(7.5E-1,-7.7E0,-5.E-1));
#17002=LINE('',#17001,#17000);
#17003=DIRECTION('',(0.E0,0.E0,1.E0));
#17004=VECTOR('',#17003,6.645E-1);
#17005=CARTESIAN_POINT('',(7.5E-1,-7.7E0,-5.E-1));
#17006=LINE('',#17005,#17004);
#17007=CARTESIAN_POINT('',(7.5E-1,-6.6645E0,1.645E-1));
#17008=DIRECTION('',(-1.E0,0.E0,0.E0));
#17009=DIRECTION('',(0.E0,-1.E0,0.E0));
#17010=AXIS2_PLACEMENT_3D('',#17007,#17008,#17009);
#17012=DIRECTION('',(0.E0,1.E0,0.E0));
#17013=VECTOR('',#17012,6.645E-1);
#17014=CARTESIAN_POINT('',(7.5E-1,-6.6645E0,1.2E0));
#17015=LINE('',#17014,#17013);
#17016=DIRECTION('',(0.E0,-1.E0,0.E0));
#17017=VECTOR('',#17016,6.645E-1);
#17018=CARTESIAN_POINT('',(7.5E-1,-6.E0,9.E-1));
#17019=LINE('',#17018,#17017);
#17020=CARTESIAN_POINT('',(7.5E-1,-6.6645E0,1.645E-1));
#17021=DIRECTION('',(1.E0,0.E0,0.E0));
#17022=DIRECTION('',(0.E0,0.E0,1.E0));
#17023=AXIS2_PLACEMENT_3D('',#17020,#17021,#17022);
#17025=DIRECTION('',(0.E0,0.E0,-1.E0));
#17026=VECTOR('',#17025,6.645E-1);
#17027=CARTESIAN_POINT('',(7.5E-1,-7.4E0,1.645E-1));
#17028=LINE('',#17027,#17026);
#17029=DIRECTION('',(7.071067811865E-1,0.E0,7.071067811865E-1));
#17030=VECTOR('',#17029,4.242640687119E-1);
#17031=CARTESIAN_POINT('',(4.5E-1,-7.7E0,-8.E-1));
#17032=LINE('',#17031,#17030);
#17033=DIRECTION('',(-7.071067811865E-1,0.E0,-7.071067811865E-1));
#17034=VECTOR('',#17033,4.242640687119E-1);
#17035=CARTESIAN_POINT('',(7.5E-1,-7.4E0,-5.E-1));
#17036=LINE('',#17035,#17034);
#17037=DIRECTION('',(0.E0,-1.E0,0.E0));
#17038=VECTOR('',#17037,3.E-1);
#17039=CARTESIAN_POINT('',(4.5E-1,-7.4E0,-3.55E0));
#17040=LINE('',#17039,#17038);
#17041=DIRECTION('',(0.E0,1.E0,0.E0));
#17042=VECTOR('',#17041,3.E-1);
#17043=CARTESIAN_POINT('',(4.5E-1,-7.7E0,-8.E-1));
#17044=LINE('',#17043,#17042);
#17045=CARTESIAN_POINT('',(0.E0,-7.7E0,-3.55E0));
#17046=DIRECTION('',(0.E0,-1.E0,0.E0));
#17047=DIRECTION('',(-1.E0,0.E0,0.E0));
#17048=AXIS2_PLACEMENT_3D('',#17045,#17046,#17047);
#17050=DIRECTION('',(0.E0,0.E0,1.E0));
#17051=VECTOR('',#17050,2.75E0);
#17052=CARTESIAN_POINT('',(-4.5E-1,-7.7E0,-3.55E0));
#17053=LINE('',#17052,#17051);
#17054=DIRECTION('',(0.E0,0.E0,1.E0));
#17055=VECTOR('',#17054,2.75E0);
#17056=CARTESIAN_POINT('',(4.5E-1,-7.7E0,-3.55E0));
#17057=LINE('',#17056,#17055);
#17058=DIRECTION('',(0.E0,-1.E0,0.E0));
#17059=VECTOR('',#17058,3.E-1);
#17060=CARTESIAN_POINT('',(-4.5E-1,-7.4E0,-3.55E0));
#17061=LINE('',#17060,#17059);
#17062=DIRECTION('',(0.E0,1.E0,0.E0));
#17063=VECTOR('',#17062,3.E-1);
#17064=CARTESIAN_POINT('',(-4.5E-1,-7.7E0,-8.E-1));
#17065=LINE('',#17064,#17063);
#17066=CARTESIAN_POINT('',(0.E0,-7.4E0,-3.55E0));
#17067=DIRECTION('',(0.E0,1.E0,0.E0));
#17068=DIRECTION('',(1.E0,0.E0,0.E0));
#17069=AXIS2_PLACEMENT_3D('',#17066,#17067,#17068);
#17071=DIRECTION('',(0.E0,0.E0,1.E0));
#17072=VECTOR('',#17071,2.75E0);
#17073=CARTESIAN_POINT('',(4.5E-1,-7.4E0,-3.55E0));
#17074=LINE('',#17073,#17072);
#17075=DIRECTION('',(-1.E0,0.E0,0.E0));
#17076=VECTOR('',#17075,1.5E0);
#17077=CARTESIAN_POINT('',(7.5E-1,-7.4E0,1.645E-1));
#17078=LINE('',#17077,#17076);
#17079=DIRECTION('',(0.E0,0.E0,1.E0));
#17080=VECTOR('',#17079,2.75E0);
#17081=CARTESIAN_POINT('',(-4.5E-1,-7.4E0,-3.55E0));
#17082=LINE('',#17081,#17080);
#17083=DIRECTION('',(-1.E0,0.E0,0.E0));
#17084=VECTOR('',#17083,1.5E0);
#17085=CARTESIAN_POINT('',(7.5E-1,-6.6645E0,9.E-1));
#17086=LINE('',#17085,#17084);
#17087=DIRECTION('',(0.E0,1.E0,0.E0));
#17088=VECTOR('',#17087,3.E-1);
#17089=CARTESIAN_POINT('',(-7.5E-1,-7.7E0,-5.E-1));
#17090=LINE('',#17089,#17088);
#17091=DIRECTION('',(0.E0,0.E0,-1.E0));
#17092=VECTOR('',#17091,6.645E-1);
#17093=CARTESIAN_POINT('',(-7.5E-1,-7.4E0,1.645E-1));
#17094=LINE('',#17093,#17092);
#17095=CARTESIAN_POINT('',(-7.5E-1,-6.6645E0,1.645E-1));
#17096=DIRECTION('',(1.E0,0.E0,0.E0));
#17097=DIRECTION('',(0.E0,0.E0,1.E0));
#17098=AXIS2_PLACEMENT_3D('',#17095,#17096,#17097);
#17100=DIRECTION('',(0.E0,-1.E0,0.E0));
#17101=VECTOR('',#17100,6.645E-1);
#17102=CARTESIAN_POINT('',(-7.5E-1,-6.E0,9.E-1));
#17103=LINE('',#17102,#17101);
#17104=DIRECTION('',(0.E0,1.E0,0.E0));
#17105=VECTOR('',#17104,6.645E-1);
#17106=CARTESIAN_POINT('',(-7.5E-1,-6.6645E0,1.2E0));
#17107=LINE('',#17106,#17105);
#17108=CARTESIAN_POINT('',(-7.5E-1,-6.6645E0,1.645E-1));
#17109=DIRECTION('',(-1.E0,0.E0,0.E0));
#17110=DIRECTION('',(0.E0,-1.E0,0.E0));
#17111=AXIS2_PLACEMENT_3D('',#17108,#17109,#17110);
#17113=DIRECTION('',(0.E0,0.E0,1.E0));
#17114=VECTOR('',#17113,6.645E-1);
#17115=CARTESIAN_POINT('',(-7.5E-1,-7.7E0,-5.E-1));
#17116=LINE('',#17115,#17114);
#17117=DIRECTION('',(7.071067811865E-1,0.E0,-7.071067811865E-1));
#17118=VECTOR('',#17117,4.242640687119E-1);
#17119=CARTESIAN_POINT('',(-7.5E-1,-7.7E0,-5.E-1));
#17120=LINE('',#17119,#17118);
#17121=DIRECTION('',(-7.071067811865E-1,0.E0,7.071067811865E-1));
#17122=VECTOR('',#17121,4.242640687119E-1);
#17123=CARTESIAN_POINT('',(-4.5E-1,-7.4E0,-8.E-1));
#17124=LINE('',#17123,#17122);
#17125=DIRECTION('',(-1.E0,0.E0,0.E0));
#17126=VECTOR('',#17125,1.5E0);
#17127=CARTESIAN_POINT('',(7.5E-1,-6.6645E0,1.2E0));
#17128=LINE('',#17127,#17126);
#17129=DIRECTION('',(-1.E0,0.E0,0.E0));
#17130=VECTOR('',#17129,1.5E0);
#17131=CARTESIAN_POINT('',(7.5E-1,-7.7E0,1.645E-1));
#17132=LINE('',#17131,#17130);
#17133=DIRECTION('',(-1.E0,0.E0,0.E0));
#17134=VECTOR('',#17133,2.85E0);
#17135=CARTESIAN_POINT('',(4.6E0,-6.E0,9.E-1));
#17136=LINE('',#17135,#17134);
#17137=DIRECTION('',(0.E0,-1.E0,0.E0));
#17138=VECTOR('',#17137,4.E-1);
#17139=CARTESIAN_POINT('',(4.6E0,-6.E0,9.E-1));
#17140=LINE('',#17139,#17138);
#17141=DIRECTION('',(1.E0,0.E0,0.E0));
#17142=VECTOR('',#17141,2.85E0);
#17143=CARTESIAN_POINT('',(1.75E0,-6.E0,1.2E0));
#17144=LINE('',#17143,#17142);
#17145=DIRECTION('',(0.E0,-1.E0,0.E0));
#17146=VECTOR('',#17145,4.E-1);
#17147=CARTESIAN_POINT('',(4.6E0,-6.E0,1.2E0));
#17148=LINE('',#17147,#17146);
#17149=DIRECTION('',(-1.E0,0.E0,0.E0));
#17150=VECTOR('',#17149,1.5E0);
#17151=CARTESIAN_POINT('',(3.25E0,-6.6645E0,1.2E0));
#17152=LINE('',#17151,#17150);
#17153=DIRECTION('',(-1.E0,0.E0,0.E0));
#17154=VECTOR('',#17153,1.5E0);
#17155=CARTESIAN_POINT('',(3.25E0,-7.7E0,1.645E-1));
#17156=LINE('',#17155,#17154);
#17157=DIRECTION('',(0.E0,1.E0,0.E0));
#17158=VECTOR('',#17157,3.E-1);
#17159=CARTESIAN_POINT('',(1.75E0,-7.7E0,-5.E-1));
#17160=LINE('',#17159,#17158);
#17161=DIRECTION('',(0.E0,0.E0,-1.E0));
#17162=VECTOR('',#17161,6.645E-1);
#17163=CARTESIAN_POINT('',(1.75E0,-7.4E0,1.645E-1));
#17164=LINE('',#17163,#17162);
#17165=CARTESIAN_POINT('',(1.75E0,-6.6645E0,1.645E-1));
#17166=DIRECTION('',(1.E0,0.E0,0.E0));
#17167=DIRECTION('',(0.E0,0.E0,1.E0));
#17168=AXIS2_PLACEMENT_3D('',#17165,#17166,#17167);
#17170=DIRECTION('',(0.E0,-1.E0,0.E0));
#17171=VECTOR('',#17170,6.645E-1);
#17172=CARTESIAN_POINT('',(1.75E0,-6.E0,9.E-1));
#17173=LINE('',#17172,#17171);
#17174=DIRECTION('',(0.E0,1.E0,0.E0));
#17175=VECTOR('',#17174,6.645E-1);
#17176=CARTESIAN_POINT('',(1.75E0,-6.6645E0,1.2E0));
#17177=LINE('',#17176,#17175);
#17178=CARTESIAN_POINT('',(1.75E0,-6.6645E0,1.645E-1));
#17179=DIRECTION('',(-1.E0,0.E0,0.E0));
#17180=DIRECTION('',(0.E0,-1.E0,0.E0));
#17181=AXIS2_PLACEMENT_3D('',#17178,#17179,#17180);
#17183=DIRECTION('',(0.E0,0.E0,1.E0));
#17184=VECTOR('',#17183,6.645E-1);
#17185=CARTESIAN_POINT('',(1.75E0,-7.7E0,-5.E-1));
#17186=LINE('',#17185,#17184);
#17187=DIRECTION('',(7.071067811865E-1,0.E0,-7.071067811865E-1));
#17188=VECTOR('',#17187,4.242640687119E-1);
#17189=CARTESIAN_POINT('',(1.75E0,-7.7E0,-5.E-1));
#17190=LINE('',#17189,#17188);
#17191=DIRECTION('',(-7.071067811865E-1,0.E0,7.071067811865E-1));
#17192=VECTOR('',#17191,4.242640687119E-1);
#17193=CARTESIAN_POINT('',(2.05E0,-7.4E0,-8.E-1));
#17194=LINE('',#17193,#17192);
#17195=DIRECTION('',(-1.E0,0.E0,0.E0));
#17196=VECTOR('',#17195,1.5E0);
#17197=CARTESIAN_POINT('',(3.25E0,-6.6645E0,9.E-1));
#17198=LINE('',#17197,#17196);
#17199=DIRECTION('',(-1.E0,0.E0,0.E0));
#17200=VECTOR('',#17199,2.85E0);
#17201=CARTESIAN_POINT('',(-1.75E0,-6.E0,9.E-1));
#17202=LINE('',#17201,#17200);
#17203=DIRECTION('',(0.E0,-1.E0,0.E0));
#17204=VECTOR('',#17203,4.E-1);
#17205=CARTESIAN_POINT('',(-4.6E0,-6.E0,9.E-1));
#17206=LINE('',#17205,#17204);
#17207=DIRECTION('',(-1.E0,0.E0,0.E0));
#17208=VECTOR('',#17207,1.5E0);
#17209=CARTESIAN_POINT('',(-1.75E0,-6.6645E0,9.E-1));
#17210=LINE('',#17209,#17208);
#17211=DIRECTION('',(0.E0,1.E0,0.E0));
#17212=VECTOR('',#17211,3.E-1);
#17213=CARTESIAN_POINT('',(-1.75E0,-7.7E0,-5.E-1));
#17214=LINE('',#17213,#17212);
#17215=DIRECTION('',(0.E0,0.E0,1.E0));
#17216=VECTOR('',#17215,6.645E-1);
#17217=CARTESIAN_POINT('',(-1.75E0,-7.7E0,-5.E-1));
#17218=LINE('',#17217,#17216);
#17219=CARTESIAN_POINT('',(-1.75E0,-6.6645E0,1.645E-1));
#17220=DIRECTION('',(-1.E0,0.E0,0.E0));
#17221=DIRECTION('',(0.E0,-1.E0,0.E0));
#17222=AXIS2_PLACEMENT_3D('',#17219,#17220,#17221);
#17224=DIRECTION('',(0.E0,1.E0,0.E0));
#17225=VECTOR('',#17224,6.645E-1);
#17226=CARTESIAN_POINT('',(-1.75E0,-6.6645E0,1.2E0));
#17227=LINE('',#17226,#17225);
#17228=DIRECTION('',(0.E0,-1.E0,0.E0));
#17229=VECTOR('',#17228,6.645E-1);
#17230=CARTESIAN_POINT('',(-1.75E0,-6.E0,9.E-1));
#17231=LINE('',#17230,#17229);
#17232=CARTESIAN_POINT('',(-1.75E0,-6.6645E0,1.645E-1));
#17233=DIRECTION('',(1.E0,0.E0,0.E0));
#17234=DIRECTION('',(0.E0,0.E0,1.E0));
#17235=AXIS2_PLACEMENT_3D('',#17232,#17233,#17234);
#17237=DIRECTION('',(0.E0,0.E0,-1.E0));
#17238=VECTOR('',#17237,6.645E-1);
#17239=CARTESIAN_POINT('',(-1.75E0,-7.4E0,1.645E-1));
#17240=LINE('',#17239,#17238);
#17241=DIRECTION('',(7.071067811865E-1,0.E0,7.071067811865E-1));
#17242=VECTOR('',#17241,4.242640687119E-1);
#17243=CARTESIAN_POINT('',(-2.05E0,-7.7E0,-8.E-1));
#17244=LINE('',#17243,#17242);
#17245=DIRECTION('',(-7.071067811865E-1,0.E0,-7.071067811865E-1));
#17246=VECTOR('',#17245,4.242640687119E-1);
#17247=CARTESIAN_POINT('',(-1.75E0,-7.4E0,-5.E-1));
#17248=LINE('',#17247,#17246);
#17249=DIRECTION('',(0.E0,-1.E0,0.E0));
#17250=VECTOR('',#17249,3.E-1);
#17251=CARTESIAN_POINT('',(-2.05E0,-7.4E0,-3.55E0));
#17252=LINE('',#17251,#17250);
#17253=DIRECTION('',(0.E0,1.E0,0.E0));
#17254=VECTOR('',#17253,3.E-1);
#17255=CARTESIAN_POINT('',(-2.05E0,-7.7E0,-8.E-1));
#17256=LINE('',#17255,#17254);
#17257=CARTESIAN_POINT('',(-2.5E0,-7.7E0,-3.55E0));
#17258=DIRECTION('',(0.E0,-1.E0,0.E0));
#17259=DIRECTION('',(-1.E0,0.E0,0.E0));
#17260=AXIS2_PLACEMENT_3D('',#17257,#17258,#17259);
#17262=DIRECTION('',(0.E0,0.E0,1.E0));
#17263=VECTOR('',#17262,2.75E0);
#17264=CARTESIAN_POINT('',(-2.95E0,-7.7E0,-3.55E0));
#17265=LINE('',#17264,#17263);
#17266=DIRECTION('',(0.E0,0.E0,1.E0));
#17267=VECTOR('',#17266,2.75E0);
#17268=CARTESIAN_POINT('',(-2.05E0,-7.7E0,-3.55E0));
#17269=LINE('',#17268,#17267);
#17270=DIRECTION('',(0.E0,-1.E0,0.E0));
#17271=VECTOR('',#17270,3.E-1);
#17272=CARTESIAN_POINT('',(-2.95E0,-7.4E0,-3.55E0));
#17273=LINE('',#17272,#17271);
#17274=DIRECTION('',(0.E0,1.E0,0.E0));
#17275=VECTOR('',#17274,3.E-1);
#17276=CARTESIAN_POINT('',(-2.95E0,-7.7E0,-8.E-1));
#17277=LINE('',#17276,#17275);
#17278=CARTESIAN_POINT('',(-2.5E0,-7.4E0,-3.55E0));
#17279=DIRECTION('',(0.E0,1.E0,0.E0));
#17280=DIRECTION('',(1.E0,0.E0,0.E0));
#17281=AXIS2_PLACEMENT_3D('',#17278,#17279,#17280);
#17283=DIRECTION('',(0.E0,0.E0,1.E0));
#17284=VECTOR('',#17283,2.75E0);
#17285=CARTESIAN_POINT('',(-2.05E0,-7.4E0,-3.55E0));
#17286=LINE('',#17285,#17284);
#17287=DIRECTION('',(-1.E0,0.E0,0.E0));
#17288=VECTOR('',#17287,1.5E0);
#17289=CARTESIAN_POINT('',(-1.75E0,-7.4E0,1.645E-1));
#17290=LINE('',#17289,#17288);
#17291=DIRECTION('',(0.E0,0.E0,1.E0));
#17292=VECTOR('',#17291,2.75E0);
#17293=CARTESIAN_POINT('',(-2.95E0,-7.4E0,-3.55E0));
#17294=LINE('',#17293,#17292);
#17295=DIRECTION('',(7.071067811865E-1,0.E0,-7.071067811865E-1));
#17296=VECTOR('',#17295,4.242640687119E-1);
#17297=CARTESIAN_POINT('',(-3.25E0,-7.7E0,-5.E-1));
#17298=LINE('',#17297,#17296);
#17299=DIRECTION('',(-7.071067811865E-1,0.E0,7.071067811865E-1));
#17300=VECTOR('',#17299,4.242640687119E-1);
#17301=CARTESIAN_POINT('',(-2.95E0,-7.4E0,-8.E-1));
#17302=LINE('',#17301,#17300);
#17303=DIRECTION('',(-1.E0,0.E0,0.E0));
#17304=VECTOR('',#17303,1.5E0);
#17305=CARTESIAN_POINT('',(-1.75E0,-7.7E0,1.645E-1));
#17306=LINE('',#17305,#17304);
#17307=CARTESIAN_POINT('',(-1.75E0,-6.6645E0,9.E-1));
#17308=CARTESIAN_POINT('',(-1.75E0,-7.4E0,1.645E-1));
#17309=VERTEX_POINT('',#17307);
#17310=VERTEX_POINT('',#17308);
#17311=CARTESIAN_POINT('',(-1.75E0,-7.7E0,1.645E-1));
#17312=CARTESIAN_POINT('',(-1.75E0,-6.6645E0,1.2E0));
#17313=VERTEX_POINT('',#17311);
#17314=VERTEX_POINT('',#17312);
#17315=CARTESIAN_POINT('',(-3.25E0,-6.6645E0,9.E-1));
#17316=CARTESIAN_POINT('',(-3.25E0,-7.4E0,1.645E-1));
#17317=VERTEX_POINT('',#17315);
#17318=VERTEX_POINT('',#17316);
#17319=CARTESIAN_POINT('',(-3.25E0,-7.7E0,1.645E-1));
#17320=CARTESIAN_POINT('',(-3.25E0,-6.6645E0,1.2E0));
#17321=VERTEX_POINT('',#17319);
#17322=VERTEX_POINT('',#17320);
#17323=CARTESIAN_POINT('',(-1.75E0,-6.E0,9.E-1));
#17324=VERTEX_POINT('',#17323);
#17325=CARTESIAN_POINT('',(-1.75E0,-6.E0,1.2E0));
#17326=VERTEX_POINT('',#17325);
#17327=CARTESIAN_POINT('',(-3.25E0,-7.7E0,-5.E-1));
#17328=CARTESIAN_POINT('',(-3.25E0,-7.4E0,-5.E-1));
#17329=VERTEX_POINT('',#17327);
#17330=VERTEX_POINT('',#17328);
#17331=CARTESIAN_POINT('',(-2.95E0,-7.7E0,-8.E-1));
#17332=CARTESIAN_POINT('',(-2.95E0,-7.4E0,-8.E-1));
#17333=VERTEX_POINT('',#17331);
#17334=VERTEX_POINT('',#17332);
#17335=CARTESIAN_POINT('',(-2.05E0,-7.7E0,-8.E-1));
#17336=CARTESIAN_POINT('',(-2.05E0,-7.4E0,-8.E-1));
#17337=VERTEX_POINT('',#17335);
#17338=VERTEX_POINT('',#17336);
#17339=CARTESIAN_POINT('',(-1.75E0,-7.7E0,-5.E-1));
#17340=CARTESIAN_POINT('',(-1.75E0,-7.4E0,-5.E-1));
#17341=VERTEX_POINT('',#17339);
#17342=VERTEX_POINT('',#17340);
#17343=CARTESIAN_POINT('',(-2.95E0,-7.7E0,-3.55E0));
#17344=CARTESIAN_POINT('',(-2.05E0,-7.7E0,-3.55E0));
#17345=VERTEX_POINT('',#17343);
#17346=VERTEX_POINT('',#17344);
#17347=CARTESIAN_POINT('',(-2.05E0,-7.4E0,-3.55E0));
#17348=VERTEX_POINT('',#17347);
#17349=CARTESIAN_POINT('',(-2.95E0,-7.4E0,-3.55E0));
#17350=VERTEX_POINT('',#17349);
#17351=CARTESIAN_POINT('',(7.5E-1,-6.6645E0,9.E-1));
#17352=CARTESIAN_POINT('',(7.5E-1,-7.4E0,1.645E-1));
#17353=VERTEX_POINT('',#17351);
#17354=VERTEX_POINT('',#17352);
#17355=CARTESIAN_POINT('',(7.5E-1,-7.7E0,1.645E-1));
#17356=CARTESIAN_POINT('',(7.5E-1,-6.6645E0,1.2E0));
#17357=VERTEX_POINT('',#17355);
#17358=VERTEX_POINT('',#17356);
#17359=CARTESIAN_POINT('',(-7.5E-1,-6.6645E0,9.E-1));
#17360=CARTESIAN_POINT('',(-7.5E-1,-7.4E0,1.645E-1));
#17361=VERTEX_POINT('',#17359);
#17362=VERTEX_POINT('',#17360);
#17363=CARTESIAN_POINT('',(-7.5E-1,-7.7E0,1.645E-1));
#17364=CARTESIAN_POINT('',(-7.5E-1,-6.6645E0,1.2E0));
#17365=VERTEX_POINT('',#17363);
#17366=VERTEX_POINT('',#17364);
#17367=CARTESIAN_POINT('',(7.5E-1,-6.E0,9.E-1));
#17368=VERTEX_POINT('',#17367);
#17369=CARTESIAN_POINT('',(7.5E-1,-6.E0,1.2E0));
#17370=VERTEX_POINT('',#17369);
#17371=CARTESIAN_POINT('',(-7.5E-1,-6.E0,9.E-1));
#17372=VERTEX_POINT('',#17371);
#17373=CARTESIAN_POINT('',(-7.5E-1,-6.E0,1.2E0));
#17374=VERTEX_POINT('',#17373);
#17375=CARTESIAN_POINT('',(3.25E0,-6.6645E0,9.E-1));
#17376=CARTESIAN_POINT('',(3.25E0,-7.4E0,1.645E-1));
#17377=VERTEX_POINT('',#17375);
#17378=VERTEX_POINT('',#17376);
#17379=CARTESIAN_POINT('',(3.25E0,-7.7E0,1.645E-1));
#17380=CARTESIAN_POINT('',(3.25E0,-6.6645E0,1.2E0));
#17381=VERTEX_POINT('',#17379);
#17382=VERTEX_POINT('',#17380);
#17383=CARTESIAN_POINT('',(1.75E0,-6.6645E0,9.E-1));
#17384=CARTESIAN_POINT('',(1.75E0,-7.4E0,1.645E-1));
#17385=VERTEX_POINT('',#17383);
#17386=VERTEX_POINT('',#17384);
#17387=CARTESIAN_POINT('',(1.75E0,-7.7E0,1.645E-1));
#17388=CARTESIAN_POINT('',(1.75E0,-6.6645E0,1.2E0));
#17389=VERTEX_POINT('',#17387);
#17390=VERTEX_POINT('',#17388);
#17391=CARTESIAN_POINT('',(1.75E0,-6.E0,9.E-1));
#17392=VERTEX_POINT('',#17391);
#17393=CARTESIAN_POINT('',(1.75E0,-6.E0,1.2E0));
#17394=VERTEX_POINT('',#17393);
#17395=CARTESIAN_POINT('',(-7.5E-1,-7.7E0,-5.E-1));
#17396=CARTESIAN_POINT('',(-7.5E-1,-7.4E0,-5.E-1));
#17397=VERTEX_POINT('',#17395);
#17398=VERTEX_POINT('',#17396);
#17399=CARTESIAN_POINT('',(-4.5E-1,-7.7E0,-8.E-1));
#17400=CARTESIAN_POINT('',(-4.5E-1,-7.4E0,-8.E-1));
#17401=VERTEX_POINT('',#17399);
#17402=VERTEX_POINT('',#17400);
#17403=CARTESIAN_POINT('',(4.5E-1,-7.7E0,-8.E-1));
#17404=CARTESIAN_POINT('',(4.5E-1,-7.4E0,-8.E-1));
#17405=VERTEX_POINT('',#17403);
#17406=VERTEX_POINT('',#17404);
#17407=CARTESIAN_POINT('',(7.5E-1,-7.7E0,-5.E-1));
#17408=CARTESIAN_POINT('',(7.5E-1,-7.4E0,-5.E-1));
#17409=VERTEX_POINT('',#17407);
#17410=VERTEX_POINT('',#17408);
#17411=CARTESIAN_POINT('',(-4.5E-1,-7.7E0,-3.55E0));
#17412=CARTESIAN_POINT('',(4.5E-1,-7.7E0,-3.55E0));
#17413=VERTEX_POINT('',#17411);
#17414=VERTEX_POINT('',#17412);
#17415=CARTESIAN_POINT('',(4.5E-1,-7.4E0,-3.55E0));
#17416=VERTEX_POINT('',#17415);
#17417=CARTESIAN_POINT('',(-4.5E-1,-7.4E0,-3.55E0));
#17418=VERTEX_POINT('',#17417);
#17419=CARTESIAN_POINT('',(1.75E0,-7.7E0,-5.E-1));
#17420=CARTESIAN_POINT('',(1.75E0,-7.4E0,-5.E-1));
#17421=VERTEX_POINT('',#17419);
#17422=VERTEX_POINT('',#17420);
#17423=CARTESIAN_POINT('',(2.05E0,-7.7E0,-8.E-1));
#17424=CARTESIAN_POINT('',(2.05E0,-7.4E0,-8.E-1));
#17425=VERTEX_POINT('',#17423);
#17426=VERTEX_POINT('',#17424);
#17427=CARTESIAN_POINT('',(2.95E0,-7.7E0,-8.E-1));
#17428=CARTESIAN_POINT('',(2.95E0,-7.4E0,-8.E-1));
#17429=VERTEX_POINT('',#17427);
#17430=VERTEX_POINT('',#17428);
#17431=CARTESIAN_POINT('',(3.25E0,-7.7E0,-5.E-1));
#17432=CARTESIAN_POINT('',(3.25E0,-7.4E0,-5.E-1));
#17433=VERTEX_POINT('',#17431);
#17434=VERTEX_POINT('',#17432);
#17435=CARTESIAN_POINT('',(2.05E0,-7.7E0,-3.55E0));
#17436=CARTESIAN_POINT('',(2.95E0,-7.7E0,-3.55E0));
#17437=VERTEX_POINT('',#17435);
#17438=VERTEX_POINT('',#17436);
#17439=CARTESIAN_POINT('',(2.95E0,-7.4E0,-3.55E0));
#17440=VERTEX_POINT('',#17439);
#17441=CARTESIAN_POINT('',(2.05E0,-7.4E0,-3.55E0));
#17442=VERTEX_POINT('',#17441);
#17443=CARTESIAN_POINT('',(-3.25E0,6.582690896680E0,9.E-1));
#17444=CARTESIAN_POINT('',(-3.25E0,6.9E0,5.826908966802E-1));
#17445=VERTEX_POINT('',#17443);
#17446=VERTEX_POINT('',#17444);
#17447=CARTESIAN_POINT('',(-3.25E0,7.2E0,5.826908966802E-1));
#17448=CARTESIAN_POINT('',(-3.25E0,6.582690896680E0,1.2E0));
#17449=VERTEX_POINT('',#17447);
#17450=VERTEX_POINT('',#17448);
#17451=CARTESIAN_POINT('',(-1.75E0,6.582690896680E0,9.E-1));
#17452=CARTESIAN_POINT('',(-1.75E0,6.9E0,5.826908966802E-1));
#17453=VERTEX_POINT('',#17451);
#17454=VERTEX_POINT('',#17452);
#17455=CARTESIAN_POINT('',(-1.75E0,7.2E0,5.826908966802E-1));
#17456=CARTESIAN_POINT('',(-1.75E0,6.582690896680E0,1.2E0));
#17457=VERTEX_POINT('',#17455);
#17458=VERTEX_POINT('',#17456);
#17459=CARTESIAN_POINT('',(-3.25E0,6.E0,9.E-1));
#17460=VERTEX_POINT('',#17459);
#17461=CARTESIAN_POINT('',(-3.25E0,6.E0,1.2E0));
#17462=VERTEX_POINT('',#17461);
#17463=CARTESIAN_POINT('',(-1.75E0,6.E0,9.E-1));
#17464=VERTEX_POINT('',#17463);
#17465=CARTESIAN_POINT('',(-1.75E0,6.E0,1.2E0));
#17466=VERTEX_POINT('',#17465);
#17467=CARTESIAN_POINT('',(-3.25E0,7.2E0,-5.E-1));
#17468=CARTESIAN_POINT('',(-3.25E0,6.9E0,-5.E-1));
#17469=VERTEX_POINT('',#17467);
#17470=VERTEX_POINT('',#17468);
#17471=CARTESIAN_POINT('',(-1.75E0,7.2E0,-5.E-1));
#17472=CARTESIAN_POINT('',(-1.75E0,6.9E0,-5.E-1));
#17473=VERTEX_POINT('',#17471);
#17474=VERTEX_POINT('',#17472);
#17475=CARTESIAN_POINT('',(-2.05E0,6.9E0,-8.E-1));
#17476=VERTEX_POINT('',#17475);
#17477=CARTESIAN_POINT('',(-2.95E0,6.9E0,-8.E-1));
#17478=VERTEX_POINT('',#17477);
#17479=CARTESIAN_POINT('',(-2.05E0,7.2E0,-8.E-1));
#17480=VERTEX_POINT('',#17479);
#17481=CARTESIAN_POINT('',(-2.95E0,7.2E0,-8.E-1));
#17482=VERTEX_POINT('',#17481);
#17483=CARTESIAN_POINT('',(-2.05E0,7.2E0,-3.55E0));
#17484=CARTESIAN_POINT('',(-2.95E0,7.2E0,-3.55E0));
#17485=VERTEX_POINT('',#17483);
#17486=VERTEX_POINT('',#17484);
#17487=CARTESIAN_POINT('',(-2.95E0,6.9E0,-3.55E0));
#17488=VERTEX_POINT('',#17487);
#17489=CARTESIAN_POINT('',(-2.05E0,6.9E0,-3.55E0));
#17490=VERTEX_POINT('',#17489);
#17491=CARTESIAN_POINT('',(3.25E0,6.582690896680E0,9.E-1));
#17492=CARTESIAN_POINT('',(3.25E0,6.9E0,5.826908966802E-1));
#17493=VERTEX_POINT('',#17491);
#17494=VERTEX_POINT('',#17492);
#17495=CARTESIAN_POINT('',(3.25E0,7.2E0,5.826908966802E-1));
#17496=CARTESIAN_POINT('',(3.25E0,6.582690896680E0,1.2E0));
#17497=VERTEX_POINT('',#17495);
#17498=VERTEX_POINT('',#17496);
#17499=CARTESIAN_POINT('',(1.75E0,6.582690896680E0,9.E-1));
#17500=CARTESIAN_POINT('',(1.75E0,6.9E0,5.826908966802E-1));
#17501=VERTEX_POINT('',#17499);
#17502=VERTEX_POINT('',#17500);
#17503=CARTESIAN_POINT('',(1.75E0,7.2E0,5.826908966802E-1));
#17504=CARTESIAN_POINT('',(1.75E0,6.582690896680E0,1.2E0));
#17505=VERTEX_POINT('',#17503);
#17506=VERTEX_POINT('',#17504);
#17507=CARTESIAN_POINT('',(3.25E0,6.E0,9.E-1));
#17508=VERTEX_POINT('',#17507);
#17509=CARTESIAN_POINT('',(3.25E0,6.E0,1.2E0));
#17510=VERTEX_POINT('',#17509);
#17511=CARTESIAN_POINT('',(1.75E0,6.E0,9.E-1));
#17512=VERTEX_POINT('',#17511);
#17513=CARTESIAN_POINT('',(1.75E0,6.E0,1.2E0));
#17514=VERTEX_POINT('',#17513);
#17515=CARTESIAN_POINT('',(2.05E0,7.2E0,-8.E-1));
#17516=CARTESIAN_POINT('',(2.05E0,6.9E0,-8.E-1));
#17517=VERTEX_POINT('',#17515);
#17518=VERTEX_POINT('',#17516);
#17519=CARTESIAN_POINT('',(2.95E0,7.2E0,-8.E-1));
#17520=CARTESIAN_POINT('',(2.95E0,6.9E0,-8.E-1));
#17521=VERTEX_POINT('',#17519);
#17522=VERTEX_POINT('',#17520);
#17523=CARTESIAN_POINT('',(3.25E0,7.2E0,-5.E-1));
#17524=CARTESIAN_POINT('',(3.25E0,6.9E0,-5.E-1));
#17525=VERTEX_POINT('',#17523);
#17526=VERTEX_POINT('',#17524);
#17527=CARTESIAN_POINT('',(1.75E0,7.2E0,-5.E-1));
#17528=CARTESIAN_POINT('',(1.75E0,6.9E0,-5.E-1));
#17529=VERTEX_POINT('',#17527);
#17530=VERTEX_POINT('',#17528);
#17531=CARTESIAN_POINT('',(2.05E0,6.9E0,-3.55E0));
#17532=CARTESIAN_POINT('',(2.95E0,6.9E0,-3.55E0));
#17533=VERTEX_POINT('',#17531);
#17534=VERTEX_POINT('',#17532);
#17535=CARTESIAN_POINT('',(2.95E0,7.2E0,-3.55E0));
#17536=VERTEX_POINT('',#17535);
#17537=CARTESIAN_POINT('',(2.05E0,7.2E0,-3.55E0));
#17538=VERTEX_POINT('',#17537);
#17539=CARTESIAN_POINT('',(5.85E0,5.E0,8.E-1));
#17540=CARTESIAN_POINT('',(4.85E0,6.E0,8.E-1));
#17541=VERTEX_POINT('',#17539);
#17542=VERTEX_POINT('',#17540);
#17543=CARTESIAN_POINT('',(-4.85E0,6.E0,8.E-1));
#17544=VERTEX_POINT('',#17543);
#17545=CARTESIAN_POINT('',(-5.85E0,5.E0,8.E-1));
#17546=VERTEX_POINT('',#17545);
#17547=CARTESIAN_POINT('',(-5.85E0,-5.E0,8.E-1));
#17548=CARTESIAN_POINT('',(-4.85E0,-6.E0,8.E-1));
#17549=VERTEX_POINT('',#17547);
#17550=VERTEX_POINT('',#17548);
#17551=CARTESIAN_POINT('',(4.85E0,-6.E0,8.E-1));
#17552=VERTEX_POINT('',#17551);
#17553=CARTESIAN_POINT('',(5.85E0,-5.E0,8.E-1));
#17554=VERTEX_POINT('',#17553);
#17555=CARTESIAN_POINT('',(5.85E0,5.E0,2.2E0));
#17556=CARTESIAN_POINT('',(4.85E0,6.E0,2.2E0));
#17557=VERTEX_POINT('',#17555);
#17558=VERTEX_POINT('',#17556);
#17559=CARTESIAN_POINT('',(-4.85E0,6.E0,2.2E0));
#17560=VERTEX_POINT('',#17559);
#17561=CARTESIAN_POINT('',(-5.85E0,5.E0,2.2E0));
#17562=VERTEX_POINT('',#17561);
#17563=CARTESIAN_POINT('',(-5.85E0,-5.E0,2.2E0));
#17564=CARTESIAN_POINT('',(-4.85E0,-6.E0,2.2E0));
#17565=VERTEX_POINT('',#17563);
#17566=VERTEX_POINT('',#17564);
#17567=CARTESIAN_POINT('',(4.85E0,-6.E0,2.2E0));
#17568=VERTEX_POINT('',#17567);
#17569=CARTESIAN_POINT('',(5.85E0,-5.E0,2.2E0));
#17570=VERTEX_POINT('',#17569);
#17571=CARTESIAN_POINT('',(-5.85E0,4.7E0,8.E-1));
#17572=CARTESIAN_POINT('',(-5.35E0,4.7E0,8.E-1));
#17573=VERTEX_POINT('',#17571);
#17574=VERTEX_POINT('',#17572);
#17575=CARTESIAN_POINT('',(-5.85E0,-4.7E0,8.E-1));
#17576=CARTESIAN_POINT('',(-5.35E0,-4.7E0,8.E-1));
#17577=VERTEX_POINT('',#17575);
#17578=VERTEX_POINT('',#17576);
#17579=CARTESIAN_POINT('',(-5.85E0,4.7E0,2.2E0));
#17580=CARTESIAN_POINT('',(-5.35E0,4.7E0,2.2E0));
#17581=VERTEX_POINT('',#17579);
#17582=VERTEX_POINT('',#17580);
#17583=CARTESIAN_POINT('',(-5.85E0,-4.7E0,2.2E0));
#17584=CARTESIAN_POINT('',(-5.35E0,-4.7E0,2.2E0));
#17585=VERTEX_POINT('',#17583);
#17586=VERTEX_POINT('',#17584);
#17587=CARTESIAN_POINT('',(5.35E0,4.7E0,2.2E0));
#17588=CARTESIAN_POINT('',(5.35E0,4.7E0,8.E-1));
#17589=VERTEX_POINT('',#17587);
#17590=VERTEX_POINT('',#17588);
#17591=CARTESIAN_POINT('',(5.35E0,-4.7E0,8.E-1));
#17592=CARTESIAN_POINT('',(5.35E0,-4.7E0,2.2E0));
#17593=VERTEX_POINT('',#17591);
#17594=VERTEX_POINT('',#17592);
#17595=CARTESIAN_POINT('',(5.85E0,4.7E0,8.E-1));
#17596=VERTEX_POINT('',#17595);
#17597=CARTESIAN_POINT('',(5.85E0,-4.7E0,8.E-1));
#17598=VERTEX_POINT('',#17597);
#17599=CARTESIAN_POINT('',(5.85E0,4.7E0,2.2E0));
#17600=VERTEX_POINT('',#17599);
#17601=CARTESIAN_POINT('',(5.85E0,-4.7E0,2.2E0));
#17602=VERTEX_POINT('',#17601);
#17603=CARTESIAN_POINT('',(4.6E0,-6.4E0,9.E-1));
#17604=CARTESIAN_POINT('',(4.6E0,-6.4E0,1.2E0));
#17605=VERTEX_POINT('',#17603);
#17606=VERTEX_POINT('',#17604);
#17607=CARTESIAN_POINT('',(-4.6E0,-6.4E0,1.2E0));
#17608=CARTESIAN_POINT('',(-4.6E0,-6.4E0,9.E-1));
#17609=VERTEX_POINT('',#17607);
#17610=VERTEX_POINT('',#17608);
#17611=CARTESIAN_POINT('',(-3.25E0,-6.4E0,1.2E0));
#17612=CARTESIAN_POINT('',(-3.25E0,-6.4E0,9.E-1));
#17613=VERTEX_POINT('',#17611);
#17614=VERTEX_POINT('',#17612);
#17615=CARTESIAN_POINT('',(3.25E0,-6.4E0,1.2E0));
#17616=CARTESIAN_POINT('',(3.25E0,-6.4E0,9.E-1));
#17617=VERTEX_POINT('',#17615);
#17618=VERTEX_POINT('',#17616);
#17619=CARTESIAN_POINT('',(4.6E0,-6.E0,9.E-1));
#17620=CARTESIAN_POINT('',(4.6E0,-6.E0,1.2E0));
#17621=VERTEX_POINT('',#17619);
#17622=VERTEX_POINT('',#17620);
#17623=CARTESIAN_POINT('',(-4.6E0,-6.E0,1.2E0));
#17624=CARTESIAN_POINT('',(-4.6E0,-6.E0,9.E-1));
#17625=VERTEX_POINT('',#17623);
#17626=VERTEX_POINT('',#17624);
#17627=CARTESIAN_POINT('',(3.1E0,-7.55E0,-6.5E-1));
#17628=DIRECTION('',(7.071067811865E-1,0.E0,-7.071067811865E-1));
#17629=DIRECTION('',(-7.071067811865E-1,0.E0,-7.071067811865E-1));
#17630=AXIS2_PLACEMENT_3D('',#17627,#17628,#17629);
#17631=PLANE('',#17630);
#17633=ORIENTED_EDGE('',*,*,#17632,.F.);
#17635=ORIENTED_EDGE('',*,*,#17634,.T.);
#17637=ORIENTED_EDGE('',*,*,#17636,.T.);
#17639=ORIENTED_EDGE('',*,*,#17638,.T.);
#17640=EDGE_LOOP('',(#17633,#17635,#17637,#17639));
#17641=FACE_OUTER_BOUND('',#17640,.F.);
#17642=ADVANCED_FACE('',(#17641),#17631,.T.);
#17643=FILL_AREA_STYLE_COLOUR('',#27);
#17644=FILL_AREA_STYLE('',(#17643));
#17645=SURFACE_STYLE_FILL_AREA(#17644);
#17646=SURFACE_SIDE_STYLE('',(#17645));
#17647=SURFACE_STYLE_USAGE(.POSITIVE.,#17646);
#17648=PRESENTATION_STYLE_ASSIGNMENT((#17647));
#17649=STYLED_ITEM('',(#17648),#17642);
#17650=CARTESIAN_POINT('',(2.95E0,-7.7E0,-5.E-1));
#17651=DIRECTION('',(-1.E0,0.E0,0.E0));
#17652=DIRECTION('',(0.E0,0.E0,-1.E0));
#17653=AXIS2_PLACEMENT_3D('',#17650,#17651,#17652);
#17654=PLANE('',#17653);
#17656=ORIENTED_EDGE('',*,*,#17655,.T.);
#17658=ORIENTED_EDGE('',*,*,#17657,.T.);
#17659=ORIENTED_EDGE('',*,*,#17632,.T.);
#17661=ORIENTED_EDGE('',*,*,#17660,.F.);
#17662=EDGE_LOOP('',(#17656,#17658,#17659,#17661));
#17663=FACE_OUTER_BOUND('',#17662,.F.);
#17664=ADVANCED_FACE('',(#17663),#17654,.F.);
#17665=FILL_AREA_STYLE_COLOUR('',#27);
#17666=FILL_AREA_STYLE('',(#17665));
#17667=SURFACE_STYLE_FILL_AREA(#17666);
#17668=SURFACE_SIDE_STYLE('',(#17667));
#17669=SURFACE_STYLE_USAGE(.POSITIVE.,#17668);
#17670=PRESENTATION_STYLE_ASSIGNMENT((#17669));
#17671=STYLED_ITEM('',(#17670),#17664);
#17672=CARTESIAN_POINT('',(2.5E0,2.385962691280E1,-3.55E0));
#17673=DIRECTION('',(0.E0,-1.E0,0.E0));
#17674=DIRECTION('',(1.E0,0.E0,0.E0));
#17675=AXIS2_PLACEMENT_3D('',#17672,#17673,#17674);
#17676=CYLINDRICAL_SURFACE('',#17675,4.5E-1);
#17678=ORIENTED_EDGE('',*,*,#17677,.T.);
#17679=ORIENTED_EDGE('',*,*,#17655,.F.);
#17681=ORIENTED_EDGE('',*,*,#17680,.T.);
#17683=ORIENTED_EDGE('',*,*,#17682,.T.);
#17684=EDGE_LOOP('',(#17678,#17679,#17681,#17683));
#17685=FACE_OUTER_BOUND('',#17684,.F.);
#17686=ADVANCED_FACE('',(#17685),#17676,.T.);
#17687=FILL_AREA_STYLE_COLOUR('',#27);
#17688=FILL_AREA_STYLE('',(#17687));
#17689=SURFACE_STYLE_FILL_AREA(#17688);
#17690=SURFACE_SIDE_STYLE('',(#17689));
#17691=SURFACE_STYLE_USAGE(.POSITIVE.,#17690);
#17692=PRESENTATION_STYLE_ASSIGNMENT((#17691));
#17693=STYLED_ITEM('',(#17692),#17686);
#17694=CARTESIAN_POINT('',(3.25E0,-7.7E0,-4.E0));
#17695=DIRECTION('',(0.E0,-1.E0,0.E0));
#17696=DIRECTION('',(0.E0,0.E0,1.E0));
#17697=AXIS2_PLACEMENT_3D('',#17694,#17695,#17696);
#17698=PLANE('',#17697);
#17699=ORIENTED_EDGE('',*,*,#17677,.F.);
#17701=ORIENTED_EDGE('',*,*,#17700,.T.);
#17703=ORIENTED_EDGE('',*,*,#17702,.F.);
#17705=ORIENTED_EDGE('',*,*,#17704,.T.);
#17707=ORIENTED_EDGE('',*,*,#17706,.F.);
#17709=ORIENTED_EDGE('',*,*,#17708,.F.);
#17710=ORIENTED_EDGE('',*,*,#17634,.F.);
#17711=ORIENTED_EDGE('',*,*,#17657,.F.);
#17712=EDGE_LOOP('',(#17699,#17701,#17703,#17705,#17707,#17709,#17710,#17711));
#17713=FACE_OUTER_BOUND('',#17712,.F.);
#17714=ADVANCED_FACE('',(#17713),#17698,.T.);
#17715=FILL_AREA_STYLE_COLOUR('',#27);
#17716=FILL_AREA_STYLE('',(#17715));
#17717=SURFACE_STYLE_FILL_AREA(#17716);
#17718=SURFACE_SIDE_STYLE('',(#17717));
#17719=SURFACE_STYLE_USAGE(.POSITIVE.,#17718);
#17720=PRESENTATION_STYLE_ASSIGNMENT((#17719));
#17721=STYLED_ITEM('',(#17720),#17714);
#17722=CARTESIAN_POINT('',(2.05E0,-7.7E0,-4.E0));
#17723=DIRECTION('',(1.E0,0.E0,0.E0));
#17724=DIRECTION('',(0.E0,0.E0,1.E0));
#17725=AXIS2_PLACEMENT_3D('',#17722,#17723,#17724);
#17726=PLANE('',#17725);
#17727=ORIENTED_EDGE('',*,*,#17682,.F.);
#17729=ORIENTED_EDGE('',*,*,#17728,.T.);
#17731=ORIENTED_EDGE('',*,*,#17730,.F.);
#17732=ORIENTED_EDGE('',*,*,#17700,.F.);
#17733=EDGE_LOOP('',(#17727,#17729,#17731,#17732));
#17734=FACE_OUTER_BOUND('',#17733,.F.);
#17735=ADVANCED_FACE('',(#17734),#17726,.F.);
#17736=FILL_AREA_STYLE_COLOUR('',#27);
#17737=FILL_AREA_STYLE('',(#17736));
#17738=SURFACE_STYLE_FILL_AREA(#17737);
#17739=SURFACE_SIDE_STYLE('',(#17738));
#17740=SURFACE_STYLE_USAGE(.POSITIVE.,#17739);
#17741=PRESENTATION_STYLE_ASSIGNMENT((#17740));
#17742=STYLED_ITEM('',(#17741),#17735);
#17743=CARTESIAN_POINT('',(3.25E0,-7.4E0,1.645E-1));
#17744=DIRECTION('',(0.E0,1.E0,0.E0));
#17745=DIRECTION('',(0.E0,0.E0,-1.E0));
#17746=AXIS2_PLACEMENT_3D('',#17743,#17744,#17745);
#17747=PLANE('',#17746);
#17748=ORIENTED_EDGE('',*,*,#17680,.F.);
#17749=ORIENTED_EDGE('',*,*,#17660,.T.);
#17750=ORIENTED_EDGE('',*,*,#17638,.F.);
#17752=ORIENTED_EDGE('',*,*,#17751,.F.);
#17754=ORIENTED_EDGE('',*,*,#17753,.T.);
#17756=ORIENTED_EDGE('',*,*,#17755,.T.);
#17758=ORIENTED_EDGE('',*,*,#17757,.F.);
#17759=ORIENTED_EDGE('',*,*,#17728,.F.);
#17760=EDGE_LOOP('',(#17748,#17749,#17750,#17752,#17754,#17756,#17758,#17759));
#17761=FACE_OUTER_BOUND('',#17760,.F.);
#17762=ADVANCED_FACE('',(#17761),#17747,.T.);
#17763=FILL_AREA_STYLE_COLOUR('',#27);
#17764=FILL_AREA_STYLE('',(#17763));
#17765=SURFACE_STYLE_FILL_AREA(#17764);
#17766=SURFACE_SIDE_STYLE('',(#17765));
#17767=SURFACE_STYLE_USAGE(.POSITIVE.,#17766);
#17768=PRESENTATION_STYLE_ASSIGNMENT((#17767));
#17769=STYLED_ITEM('',(#17768),#17762);
#17770=CARTESIAN_POINT('',(3.25E0,0.E0,0.E0));
#17771=DIRECTION('',(-1.E0,0.E0,0.E0));
#17772=DIRECTION('',(0.E0,0.E0,1.E0));
#17773=AXIS2_PLACEMENT_3D('',#17770,#17771,#17772);
#17774=PLANE('',#17773);
#17776=ORIENTED_EDGE('',*,*,#17775,.T.);
#17778=ORIENTED_EDGE('',*,*,#17777,.T.);
#17780=ORIENTED_EDGE('',*,*,#17779,.T.);
#17781=ORIENTED_EDGE('',*,*,#17751,.T.);
#17782=ORIENTED_EDGE('',*,*,#17636,.F.);
#17783=ORIENTED_EDGE('',*,*,#17708,.T.);
#17785=ORIENTED_EDGE('',*,*,#17784,.T.);
#17787=ORIENTED_EDGE('',*,*,#17786,.T.);
#17788=EDGE_LOOP('',(#17776,#17778,#17780,#17781,#17782,#17783,#17785,#17787));
#17789=FACE_OUTER_BOUND('',#17788,.F.);
#17790=ADVANCED_FACE('',(#17789),#17774,.F.);
#17791=FILL_AREA_STYLE_COLOUR('',#27);
#17792=FILL_AREA_STYLE('',(#17791));
#17793=SURFACE_STYLE_FILL_AREA(#17792);
#17794=SURFACE_SIDE_STYLE('',(#17793));
#17795=SURFACE_STYLE_USAGE(.POSITIVE.,#17794);
#17796=PRESENTATION_STYLE_ASSIGNMENT((#17795));
#17797=STYLED_ITEM('',(#17796),#17790);
#17798=CARTESIAN_POINT('',(0.E0,-6.4E0,8.E-1));
#17799=DIRECTION('',(0.E0,-1.E0,0.E0));
#17800=DIRECTION('',(1.E0,0.E0,0.E0));
#17801=AXIS2_PLACEMENT_3D('',#17798,#17799,#17800);
#17802=PLANE('',#17801);
#17804=ORIENTED_EDGE('',*,*,#17803,.T.);
#17806=ORIENTED_EDGE('',*,*,#17805,.F.);
#17808=ORIENTED_EDGE('',*,*,#17807,.F.);
#17810=ORIENTED_EDGE('',*,*,#17809,.F.);
#17811=EDGE_LOOP('',(#17804,#17806,#17808,#17810));
#17812=FACE_OUTER_BOUND('',#17811,.F.);
#17813=ADVANCED_FACE('',(#17812),#17802,.T.);
#17814=FILL_AREA_STYLE_COLOUR('',#27);
#17815=FILL_AREA_STYLE('',(#17814));
#17816=SURFACE_STYLE_FILL_AREA(#17815);
#17817=SURFACE_SIDE_STYLE('',(#17816));
#17818=SURFACE_STYLE_USAGE(.POSITIVE.,#17817);
#17819=PRESENTATION_STYLE_ASSIGNMENT((#17818));
#17820=STYLED_ITEM('',(#17819),#17813);
#17821=CARTESIAN_POINT('',(0.E0,-6.4E0,8.E-1));
#17822=DIRECTION('',(0.E0,-1.E0,0.E0));
#17823=DIRECTION('',(1.E0,0.E0,0.E0));
#17824=AXIS2_PLACEMENT_3D('',#17821,#17822,#17823);
#17825=PLANE('',#17824);
#17826=ORIENTED_EDGE('',*,*,#17775,.F.);
#17828=ORIENTED_EDGE('',*,*,#17827,.F.);
#17830=ORIENTED_EDGE('',*,*,#17829,.F.);
#17832=ORIENTED_EDGE('',*,*,#17831,.F.);
#17833=EDGE_LOOP('',(#17826,#17828,#17830,#17832));
#17834=FACE_OUTER_BOUND('',#17833,.F.);
#17835=ADVANCED_FACE('',(#17834),#17825,.T.);
#17836=FILL_AREA_STYLE_COLOUR('',#27);
#17837=FILL_AREA_STYLE('',(#17836));
#17838=SURFACE_STYLE_FILL_AREA(#17837);
#17839=SURFACE_SIDE_STYLE('',(#17838));
#17840=SURFACE_STYLE_USAGE(.POSITIVE.,#17839);
#17841=PRESENTATION_STYLE_ASSIGNMENT((#17840));
#17842=STYLED_ITEM('',(#17841),#17835);
#17843=CARTESIAN_POINT('',(-3.25E0,0.E0,0.E0));
#17844=DIRECTION('',(-1.E0,0.E0,0.E0));
#17845=DIRECTION('',(0.E0,0.E0,1.E0));
#17846=AXIS2_PLACEMENT_3D('',#17843,#17844,#17845);
#17847=PLANE('',#17846);
#17848=ORIENTED_EDGE('',*,*,#17803,.F.);
#17850=ORIENTED_EDGE('',*,*,#17849,.F.);
#17852=ORIENTED_EDGE('',*,*,#17851,.F.);
#17854=ORIENTED_EDGE('',*,*,#17853,.F.);
#17856=ORIENTED_EDGE('',*,*,#17855,.T.);
#17858=ORIENTED_EDGE('',*,*,#17857,.F.);
#17860=ORIENTED_EDGE('',*,*,#17859,.F.);
#17862=ORIENTED_EDGE('',*,*,#17861,.F.);
#17863=EDGE_LOOP('',(#17848,#17850,#17852,#17854,#17856,#17858,#17860,#17862));
#17864=FACE_OUTER_BOUND('',#17863,.F.);
#17865=ADVANCED_FACE('',(#17864),#17847,.T.);
#17866=FILL_AREA_STYLE_COLOUR('',#27);
#17867=FILL_AREA_STYLE('',(#17866));
#17868=SURFACE_STYLE_FILL_AREA(#17867);
#17869=SURFACE_SIDE_STYLE('',(#17868));
#17870=SURFACE_STYLE_USAGE(.POSITIVE.,#17869);
#17871=PRESENTATION_STYLE_ASSIGNMENT((#17870));
#17872=STYLED_ITEM('',(#17871),#17865);
#17873=CARTESIAN_POINT('',(-1.75E0,-6.6645E0,1.2E0));
#17874=DIRECTION('',(0.E0,0.E0,1.E0));
#17875=DIRECTION('',(0.E0,1.E0,0.E0));
#17876=AXIS2_PLACEMENT_3D('',#17873,#17874,#17875);
#17877=PLANE('',#17876);
#17878=ORIENTED_EDGE('',*,*,#17849,.T.);
#17879=ORIENTED_EDGE('',*,*,#17809,.T.);
#17881=ORIENTED_EDGE('',*,*,#17880,.F.);
#17883=ORIENTED_EDGE('',*,*,#17882,.T.);
#17885=ORIENTED_EDGE('',*,*,#17884,.F.);
#17887=ORIENTED_EDGE('',*,*,#17886,.T.);
#17888=EDGE_LOOP('',(#17878,#17879,#17881,#17883,#17885,#17887));
#17889=FACE_OUTER_BOUND('',#17888,.F.);
#17890=ADVANCED_FACE('',(#17889),#17877,.T.);
#17891=FILL_AREA_STYLE_COLOUR('',#27);
#17892=FILL_AREA_STYLE('',(#17891));
#17893=SURFACE_STYLE_FILL_AREA(#17892);
#17894=SURFACE_SIDE_STYLE('',(#17893));
#17895=SURFACE_STYLE_USAGE(.POSITIVE.,#17894);
#17896=PRESENTATION_STYLE_ASSIGNMENT((#17895));
#17897=STYLED_ITEM('',(#17896),#17890);
#17898=CARTESIAN_POINT('',(-4.6E0,-6.E0,1.2E0));
#17899=DIRECTION('',(-1.E0,0.E0,0.E0));
#17900=DIRECTION('',(0.E0,0.E0,-1.E0));
#17901=AXIS2_PLACEMENT_3D('',#17898,#17899,#17900);
#17902=PLANE('',#17901);
#17904=ORIENTED_EDGE('',*,*,#17903,.F.);
#17905=ORIENTED_EDGE('',*,*,#17880,.T.);
#17906=ORIENTED_EDGE('',*,*,#17807,.T.);
#17908=ORIENTED_EDGE('',*,*,#17907,.F.);
#17909=EDGE_LOOP('',(#17904,#17905,#17906,#17908));
#17910=FACE_OUTER_BOUND('',#17909,.F.);
#17911=ADVANCED_FACE('',(#17910),#17902,.T.);
#17912=FILL_AREA_STYLE_COLOUR('',#27);
#17913=FILL_AREA_STYLE('',(#17912));
#17914=SURFACE_STYLE_FILL_AREA(#17913);
#17915=SURFACE_SIDE_STYLE('',(#17914));
#17916=SURFACE_STYLE_USAGE(.POSITIVE.,#17915);
#17917=PRESENTATION_STYLE_ASSIGNMENT((#17916));
#17918=STYLED_ITEM('',(#17917),#17911);
#17919=CARTESIAN_POINT('',(-4.85E0,-6.E0,8.E-1));
#17920=DIRECTION('',(0.E0,-1.E0,0.E0));
#17921=DIRECTION('',(1.E0,0.E0,0.E0));
#17922=AXIS2_PLACEMENT_3D('',#17919,#17920,#17921);
#17923=PLANE('',#17922);
#17925=ORIENTED_EDGE('',*,*,#17924,.F.);
#17927=ORIENTED_EDGE('',*,*,#17926,.T.);
#17929=ORIENTED_EDGE('',*,*,#17928,.T.);
#17931=ORIENTED_EDGE('',*,*,#17930,.F.);
#17932=EDGE_LOOP('',(#17925,#17927,#17929,#17931));
#17933=FACE_OUTER_BOUND('',#17932,.F.);
#17935=ORIENTED_EDGE('',*,*,#17934,.T.);
#17937=ORIENTED_EDGE('',*,*,#17936,.T.);
#17939=ORIENTED_EDGE('',*,*,#17938,.F.);
#17941=ORIENTED_EDGE('',*,*,#17940,.F.);
#17942=EDGE_LOOP('',(#17935,#17937,#17939,#17941));
#17943=FACE_BOUND('',#17942,.F.);
#17945=ORIENTED_EDGE('',*,*,#17944,.F.);
#17947=ORIENTED_EDGE('',*,*,#17946,.T.);
#17949=ORIENTED_EDGE('',*,*,#17948,.F.);
#17951=ORIENTED_EDGE('',*,*,#17950,.F.);
#17952=EDGE_LOOP('',(#17945,#17947,#17949,#17951));
#17953=FACE_BOUND('',#17952,.F.);
#17954=ORIENTED_EDGE('',*,*,#17882,.F.);
#17955=ORIENTED_EDGE('',*,*,#17903,.T.);
#17957=ORIENTED_EDGE('',*,*,#17956,.F.);
#17959=ORIENTED_EDGE('',*,*,#17958,.T.);
#17960=EDGE_LOOP('',(#17954,#17955,#17957,#17959));
#17961=FACE_BOUND('',#17960,.F.);
#17962=ADVANCED_FACE('',(#17933,#17943,#17953,#17961),#17923,.T.);
#17963=FILL_AREA_STYLE_COLOUR('',#5);
#17964=FILL_AREA_STYLE('',(#17963));
#17965=SURFACE_STYLE_FILL_AREA(#17964);
#17966=SURFACE_SIDE_STYLE('',(#17965));
#17967=SURFACE_STYLE_USAGE(.POSITIVE.,#17966);
#17968=PRESENTATION_STYLE_ASSIGNMENT((#17967));
#17969=STYLED_ITEM('',(#17968),#17962);
#17970=CARTESIAN_POINT('',(0.E0,0.E0,8.E-1));
#17971=DIRECTION('',(0.E0,0.E0,1.E0));
#17972=DIRECTION('',(0.E0,-1.E0,0.E0));
#17973=AXIS2_PLACEMENT_3D('',#17970,#17971,#17972);
#17974=PLANE('',#17973);
#17976=ORIENTED_EDGE('',*,*,#17975,.F.);
#17978=ORIENTED_EDGE('',*,*,#17977,.T.);
#17980=ORIENTED_EDGE('',*,*,#17979,.T.);
#17982=ORIENTED_EDGE('',*,*,#17981,.T.);
#17984=ORIENTED_EDGE('',*,*,#17983,.T.);
#17986=ORIENTED_EDGE('',*,*,#17985,.T.);
#17988=ORIENTED_EDGE('',*,*,#17987,.T.);
#17990=ORIENTED_EDGE('',*,*,#17989,.T.);
#17992=ORIENTED_EDGE('',*,*,#17991,.F.);
#17994=ORIENTED_EDGE('',*,*,#17993,.T.);
#17996=ORIENTED_EDGE('',*,*,#17995,.T.);
#17997=ORIENTED_EDGE('',*,*,#17924,.T.);
#17999=ORIENTED_EDGE('',*,*,#17998,.T.);
#18001=ORIENTED_EDGE('',*,*,#18000,.T.);
#18003=ORIENTED_EDGE('',*,*,#18002,.T.);
#18005=ORIENTED_EDGE('',*,*,#18004,.F.);
#18006=EDGE_LOOP('',(#17976,#17978,#17980,#17982,#17984,#17986,#17988,#17990,
#17992,#17994,#17996,#17997,#17999,#18001,#18003,#18005));
#18007=FACE_OUTER_BOUND('',#18006,.F.);
#18008=ADVANCED_FACE('',(#18007),#17974,.F.);
#18009=FILL_AREA_STYLE_COLOUR('',#5);
#18010=FILL_AREA_STYLE('',(#18009));
#18011=SURFACE_STYLE_FILL_AREA(#18010);
#18012=SURFACE_SIDE_STYLE('',(#18011));
#18013=SURFACE_STYLE_USAGE(.POSITIVE.,#18012);
#18014=PRESENTATION_STYLE_ASSIGNMENT((#18013));
#18015=STYLED_ITEM('',(#18014),#18008);
#18016=CARTESIAN_POINT('',(5.85E0,4.7E0,2.2E0));
#18017=DIRECTION('',(0.E0,-1.E0,0.E0));
#18018=DIRECTION('',(0.E0,0.E0,-1.E0));
#18019=AXIS2_PLACEMENT_3D('',#18016,#18017,#18018);
#18020=PLANE('',#18019);
#18022=ORIENTED_EDGE('',*,*,#18021,.F.);
#18024=ORIENTED_EDGE('',*,*,#18023,.F.);
#18026=ORIENTED_EDGE('',*,*,#18025,.F.);
#18027=ORIENTED_EDGE('',*,*,#17975,.T.);
#18028=EDGE_LOOP('',(#18022,#18024,#18026,#18027));
#18029=FACE_OUTER_BOUND('',#18028,.F.);
#18030=ADVANCED_FACE('',(#18029),#18020,.T.);
#18031=FILL_AREA_STYLE_COLOUR('',#5);
#18032=FILL_AREA_STYLE('',(#18031));
#18033=SURFACE_STYLE_FILL_AREA(#18032);
#18034=SURFACE_SIDE_STYLE('',(#18033));
#18035=SURFACE_STYLE_USAGE(.POSITIVE.,#18034);
#18036=PRESENTATION_STYLE_ASSIGNMENT((#18035));
#18037=STYLED_ITEM('',(#18036),#18030);
#18038=CARTESIAN_POINT('',(5.35E0,0.E0,0.E0));
#18039=DIRECTION('',(-1.E0,0.E0,0.E0));
#18040=DIRECTION('',(0.E0,-1.E0,0.E0));
#18041=AXIS2_PLACEMENT_3D('',#18038,#18039,#18040);
#18042=PLANE('',#18041);
#18043=ORIENTED_EDGE('',*,*,#18021,.T.);
#18044=ORIENTED_EDGE('',*,*,#18004,.T.);
#18046=ORIENTED_EDGE('',*,*,#18045,.T.);
#18048=ORIENTED_EDGE('',*,*,#18047,.F.);
#18049=EDGE_LOOP('',(#18043,#18044,#18046,#18048));
#18050=FACE_OUTER_BOUND('',#18049,.F.);
#18051=ADVANCED_FACE('',(#18050),#18042,.F.);
#18052=FILL_AREA_STYLE_COLOUR('',#5);
#18053=FILL_AREA_STYLE('',(#18052));
#18054=SURFACE_STYLE_FILL_AREA(#18053);
#18055=SURFACE_SIDE_STYLE('',(#18054));
#18056=SURFACE_STYLE_USAGE(.POSITIVE.,#18055);
#18057=PRESENTATION_STYLE_ASSIGNMENT((#18056));
#18058=STYLED_ITEM('',(#18057),#18051);
#18059=CARTESIAN_POINT('',(5.85E0,-4.7E0,8.E-1));
#18060=DIRECTION('',(0.E0,1.E0,0.E0));
#18061=DIRECTION('',(0.E0,0.E0,1.E0));
#18062=AXIS2_PLACEMENT_3D('',#18059,#18060,#18061);
#18063=PLANE('',#18062);
#18064=ORIENTED_EDGE('',*,*,#18045,.F.);
#18065=ORIENTED_EDGE('',*,*,#18002,.F.);
#18067=ORIENTED_EDGE('',*,*,#18066,.T.);
#18069=ORIENTED_EDGE('',*,*,#18068,.T.);
#18070=EDGE_LOOP('',(#18064,#18065,#18067,#18069));
#18071=FACE_OUTER_BOUND('',#18070,.F.);
#18072=ADVANCED_FACE('',(#18071),#18063,.T.);
#18073=FILL_AREA_STYLE_COLOUR('',#5);
#18074=FILL_AREA_STYLE('',(#18073));
#18075=SURFACE_STYLE_FILL_AREA(#18074);
#18076=SURFACE_SIDE_STYLE('',(#18075));
#18077=SURFACE_STYLE_USAGE(.POSITIVE.,#18076);
#18078=PRESENTATION_STYLE_ASSIGNMENT((#18077));
#18079=STYLED_ITEM('',(#18078),#18072);
#18080=CARTESIAN_POINT('',(5.85E0,-5.E0,8.E-1));
#18081=DIRECTION('',(1.E0,0.E0,0.E0));
#18082=DIRECTION('',(0.E0,1.E0,0.E0));
#18083=AXIS2_PLACEMENT_3D('',#18080,#18081,#18082);
#18084=PLANE('',#18083);
#18085=ORIENTED_EDGE('',*,*,#18025,.T.);
#18087=ORIENTED_EDGE('',*,*,#18086,.T.);
#18089=ORIENTED_EDGE('',*,*,#18088,.F.);
#18090=ORIENTED_EDGE('',*,*,#17977,.F.);
#18091=EDGE_LOOP('',(#18085,#18087,#18089,#18090));
#18092=FACE_OUTER_BOUND('',#18091,.F.);
#18093=ADVANCED_FACE('',(#18092),#18084,.T.);
#18094=FILL_AREA_STYLE_COLOUR('',#5);
#18095=FILL_AREA_STYLE('',(#18094));
#18096=SURFACE_STYLE_FILL_AREA(#18095);
#18097=SURFACE_SIDE_STYLE('',(#18096));
#18098=SURFACE_STYLE_USAGE(.POSITIVE.,#18097);
#18099=PRESENTATION_STYLE_ASSIGNMENT((#18098));
#18100=STYLED_ITEM('',(#18099),#18093);
#18101=CARTESIAN_POINT('',(5.85E0,-5.E0,8.E-1));
#18102=DIRECTION('',(1.E0,0.E0,0.E0));
#18103=DIRECTION('',(0.E0,1.E0,0.E0));
#18104=AXIS2_PLACEMENT_3D('',#18101,#18102,#18103);
#18105=PLANE('',#18104);
#18106=ORIENTED_EDGE('',*,*,#18066,.F.);
#18107=ORIENTED_EDGE('',*,*,#18000,.F.);
#18109=ORIENTED_EDGE('',*,*,#18108,.T.);
#18111=ORIENTED_EDGE('',*,*,#18110,.T.);
#18112=EDGE_LOOP('',(#18106,#18107,#18109,#18111));
#18113=FACE_OUTER_BOUND('',#18112,.F.);
#18114=ADVANCED_FACE('',(#18113),#18105,.T.);
#18115=FILL_AREA_STYLE_COLOUR('',#5);
#18116=FILL_AREA_STYLE('',(#18115));
#18117=SURFACE_STYLE_FILL_AREA(#18116);
#18118=SURFACE_SIDE_STYLE('',(#18117));
#18119=SURFACE_STYLE_USAGE(.POSITIVE.,#18118);
#18120=PRESENTATION_STYLE_ASSIGNMENT((#18119));
#18121=STYLED_ITEM('',(#18120),#18114);
#18122=CARTESIAN_POINT('',(0.E0,0.E0,2.2E0));
#18123=DIRECTION('',(0.E0,0.E0,1.E0));
#18124=DIRECTION('',(0.E0,-1.E0,0.E0));
#18125=AXIS2_PLACEMENT_3D('',#18122,#18123,#18124);
#18126=PLANE('',#18125);
#18127=ORIENTED_EDGE('',*,*,#18023,.T.);
#18128=ORIENTED_EDGE('',*,*,#18047,.T.);
#18129=ORIENTED_EDGE('',*,*,#18068,.F.);
#18130=ORIENTED_EDGE('',*,*,#18110,.F.);
#18132=ORIENTED_EDGE('',*,*,#18131,.F.);
#18133=ORIENTED_EDGE('',*,*,#17928,.F.);
#18135=ORIENTED_EDGE('',*,*,#18134,.F.);
#18137=ORIENTED_EDGE('',*,*,#18136,.F.);
#18139=ORIENTED_EDGE('',*,*,#18138,.T.);
#18141=ORIENTED_EDGE('',*,*,#18140,.F.);
#18143=ORIENTED_EDGE('',*,*,#18142,.F.);
#18145=ORIENTED_EDGE('',*,*,#18144,.F.);
#18147=ORIENTED_EDGE('',*,*,#18146,.F.);
#18149=ORIENTED_EDGE('',*,*,#18148,.F.);
#18151=ORIENTED_EDGE('',*,*,#18150,.F.);
#18152=ORIENTED_EDGE('',*,*,#18086,.F.);
#18153=EDGE_LOOP('',(#18127,#18128,#18129,#18130,#18132,#18133,#18135,#18137,
#18139,#18141,#18143,#18145,#18147,#18149,#18151,#18152));
#18154=FACE_OUTER_BOUND('',#18153,.F.);
#18155=ADVANCED_FACE('',(#18154),#18126,.T.);
#18156=FILL_AREA_STYLE_COLOUR('',#5);
#18157=FILL_AREA_STYLE('',(#18156));
#18158=SURFACE_STYLE_FILL_AREA(#18157);
#18159=SURFACE_SIDE_STYLE('',(#18158));
#18160=SURFACE_STYLE_USAGE(.POSITIVE.,#18159);
#18161=PRESENTATION_STYLE_ASSIGNMENT((#18160));
#18162=STYLED_ITEM('',(#18161),#18155);
#18163=CARTESIAN_POINT('',(4.85E0,-5.E0,8.E-1));
#18164=DIRECTION('',(0.E0,0.E0,1.E0));
#18165=DIRECTION('',(0.E0,-1.E0,0.E0));
#18166=AXIS2_PLACEMENT_3D('',#18163,#18164,#18165);
#18167=CYLINDRICAL_SURFACE('',#18166,1.E0);
#18168=ORIENTED_EDGE('',*,*,#17998,.F.);
#18169=ORIENTED_EDGE('',*,*,#17930,.T.);
#18170=ORIENTED_EDGE('',*,*,#18131,.T.);
#18171=ORIENTED_EDGE('',*,*,#18108,.F.);
#18172=EDGE_LOOP('',(#18168,#18169,#18170,#18171));
#18173=FACE_OUTER_BOUND('',#18172,.F.);
#18174=ADVANCED_FACE('',(#18173),#18167,.T.);
#18175=FILL_AREA_STYLE_COLOUR('',#5);
#18176=FILL_AREA_STYLE('',(#18175));
#18177=SURFACE_STYLE_FILL_AREA(#18176);
#18178=SURFACE_SIDE_STYLE('',(#18177));
#18179=SURFACE_STYLE_USAGE(.POSITIVE.,#18178);
#18180=PRESENTATION_STYLE_ASSIGNMENT((#18179));
#18181=STYLED_ITEM('',(#18180),#18174);
#18182=CARTESIAN_POINT('',(-4.85E0,-5.E0,8.E-1));
#18183=DIRECTION('',(0.E0,0.E0,1.E0));
#18184=DIRECTION('',(0.E0,-1.E0,0.E0));
#18185=AXIS2_PLACEMENT_3D('',#18182,#18183,#18184);
#18186=CYLINDRICAL_SURFACE('',#18185,1.E0);
#18187=ORIENTED_EDGE('',*,*,#17995,.F.);
#18189=ORIENTED_EDGE('',*,*,#18188,.T.);
#18190=ORIENTED_EDGE('',*,*,#18134,.T.);
#18191=ORIENTED_EDGE('',*,*,#17926,.F.);
#18192=EDGE_LOOP('',(#18187,#18189,#18190,#18191));
#18193=FACE_OUTER_BOUND('',#18192,.F.);
#18194=ADVANCED_FACE('',(#18193),#18186,.T.);
#18195=FILL_AREA_STYLE_COLOUR('',#5);
#18196=FILL_AREA_STYLE('',(#18195));
#18197=SURFACE_STYLE_FILL_AREA(#18196);
#18198=SURFACE_SIDE_STYLE('',(#18197));
#18199=SURFACE_STYLE_USAGE(.POSITIVE.,#18198);
#18200=PRESENTATION_STYLE_ASSIGNMENT((#18199));
#18201=STYLED_ITEM('',(#18200),#18194);
#18202=CARTESIAN_POINT('',(-5.85E0,5.E0,8.E-1));
#18203=DIRECTION('',(-1.E0,0.E0,0.E0));
#18204=DIRECTION('',(0.E0,-1.E0,0.E0));
#18205=AXIS2_PLACEMENT_3D('',#18202,#18203,#18204);
#18206=PLANE('',#18205);
#18208=ORIENTED_EDGE('',*,*,#18207,.F.);
#18209=ORIENTED_EDGE('',*,*,#17985,.F.);
#18211=ORIENTED_EDGE('',*,*,#18210,.T.);
#18212=ORIENTED_EDGE('',*,*,#18144,.T.);
#18213=EDGE_LOOP('',(#18208,#18209,#18211,#18212));
#18214=FACE_OUTER_BOUND('',#18213,.F.);
#18215=ADVANCED_FACE('',(#18214),#18206,.T.);
#18216=FILL_AREA_STYLE_COLOUR('',#5);
#18217=FILL_AREA_STYLE('',(#18216));
#18218=SURFACE_STYLE_FILL_AREA(#18217);
#18219=SURFACE_SIDE_STYLE('',(#18218));
#18220=SURFACE_STYLE_USAGE(.POSITIVE.,#18219);
#18221=PRESENTATION_STYLE_ASSIGNMENT((#18220));
#18222=STYLED_ITEM('',(#18221),#18215);
#18223=CARTESIAN_POINT('',(-5.85E0,5.E0,8.E-1));
#18224=DIRECTION('',(-1.E0,0.E0,0.E0));
#18225=DIRECTION('',(0.E0,-1.E0,0.E0));
#18226=AXIS2_PLACEMENT_3D('',#18223,#18224,#18225);
#18227=PLANE('',#18226);
#18229=ORIENTED_EDGE('',*,*,#18228,.T.);
#18230=ORIENTED_EDGE('',*,*,#18136,.T.);
#18231=ORIENTED_EDGE('',*,*,#18188,.F.);
#18232=ORIENTED_EDGE('',*,*,#17993,.F.);
#18233=EDGE_LOOP('',(#18229,#18230,#18231,#18232));
#18234=FACE_OUTER_BOUND('',#18233,.F.);
#18235=ADVANCED_FACE('',(#18234),#18227,.T.);
#18236=FILL_AREA_STYLE_COLOUR('',#5);
#18237=FILL_AREA_STYLE('',(#18236));
#18238=SURFACE_STYLE_FILL_AREA(#18237);
#18239=SURFACE_SIDE_STYLE('',(#18238));
#18240=SURFACE_STYLE_USAGE(.POSITIVE.,#18239);
#18241=PRESENTATION_STYLE_ASSIGNMENT((#18240));
#18242=STYLED_ITEM('',(#18241),#18235);
#18243=CARTESIAN_POINT('',(-5.85E0,4.7E0,2.2E0));
#18244=DIRECTION('',(0.E0,1.E0,0.E0));
#18245=DIRECTION('',(0.E0,0.E0,-1.E0));
#18246=AXIS2_PLACEMENT_3D('',#18243,#18244,#18245);
#18247=PLANE('',#18246);
#18248=ORIENTED_EDGE('',*,*,#17987,.F.);
#18249=ORIENTED_EDGE('',*,*,#18207,.T.);
#18250=ORIENTED_EDGE('',*,*,#18142,.T.);
#18252=ORIENTED_EDGE('',*,*,#18251,.T.);
#18253=EDGE_LOOP('',(#18248,#18249,#18250,#18252));
#18254=FACE_OUTER_BOUND('',#18253,.F.);
#18255=ADVANCED_FACE('',(#18254),#18247,.F.);
#18256=FILL_AREA_STYLE_COLOUR('',#5);
#18257=FILL_AREA_STYLE('',(#18256));
#18258=SURFACE_STYLE_FILL_AREA(#18257);
#18259=SURFACE_SIDE_STYLE('',(#18258));
#18260=SURFACE_STYLE_USAGE(.POSITIVE.,#18259);
#18261=PRESENTATION_STYLE_ASSIGNMENT((#18260));
#18262=STYLED_ITEM('',(#18261),#18255);
#18263=CARTESIAN_POINT('',(-5.35E0,0.E0,0.E0));
#18264=DIRECTION('',(-1.E0,0.E0,0.E0));
#18265=DIRECTION('',(0.E0,-1.E0,0.E0));
#18266=AXIS2_PLACEMENT_3D('',#18263,#18264,#18265);
#18267=PLANE('',#18266);
#18268=ORIENTED_EDGE('',*,*,#17989,.F.);
#18269=ORIENTED_EDGE('',*,*,#18251,.F.);
#18270=ORIENTED_EDGE('',*,*,#18140,.T.);
#18272=ORIENTED_EDGE('',*,*,#18271,.F.);
#18273=EDGE_LOOP('',(#18268,#18269,#18270,#18272));
#18274=FACE_OUTER_BOUND('',#18273,.F.);
#18275=ADVANCED_FACE('',(#18274),#18267,.T.);
#18276=FILL_AREA_STYLE_COLOUR('',#5);
#18277=FILL_AREA_STYLE('',(#18276));
#18278=SURFACE_STYLE_FILL_AREA(#18277);
#18279=SURFACE_SIDE_STYLE('',(#18278));
#18280=SURFACE_STYLE_USAGE(.POSITIVE.,#18279);
#18281=PRESENTATION_STYLE_ASSIGNMENT((#18280));
#18282=STYLED_ITEM('',(#18281),#18275);
#18283=CARTESIAN_POINT('',(-5.85E0,-4.7E0,8.E-1));
#18284=DIRECTION('',(0.E0,-1.E0,0.E0));
#18285=DIRECTION('',(0.E0,0.E0,1.E0));
#18286=AXIS2_PLACEMENT_3D('',#18283,#18284,#18285);
#18287=PLANE('',#18286);
#18288=ORIENTED_EDGE('',*,*,#17991,.T.);
#18289=ORIENTED_EDGE('',*,*,#18271,.T.);
#18290=ORIENTED_EDGE('',*,*,#18138,.F.);
#18291=ORIENTED_EDGE('',*,*,#18228,.F.);
#18292=EDGE_LOOP('',(#18288,#18289,#18290,#18291));
#18293=FACE_OUTER_BOUND('',#18292,.F.);
#18294=ADVANCED_FACE('',(#18293),#18287,.F.);
#18295=FILL_AREA_STYLE_COLOUR('',#5);
#18296=FILL_AREA_STYLE('',(#18295));
#18297=SURFACE_STYLE_FILL_AREA(#18296);
#18298=SURFACE_SIDE_STYLE('',(#18297));
#18299=SURFACE_STYLE_USAGE(.POSITIVE.,#18298);
#18300=PRESENTATION_STYLE_ASSIGNMENT((#18299));
#18301=STYLED_ITEM('',(#18300),#18294);
#18302=CARTESIAN_POINT('',(-4.85E0,5.E0,8.E-1));
#18303=DIRECTION('',(0.E0,0.E0,1.E0));
#18304=DIRECTION('',(0.E0,-1.E0,0.E0));
#18305=AXIS2_PLACEMENT_3D('',#18302,#18303,#18304);
#18306=CYLINDRICAL_SURFACE('',#18305,1.E0);
#18307=ORIENTED_EDGE('',*,*,#17983,.F.);
#18309=ORIENTED_EDGE('',*,*,#18308,.T.);
#18310=ORIENTED_EDGE('',*,*,#18146,.T.);
#18311=ORIENTED_EDGE('',*,*,#18210,.F.);
#18312=EDGE_LOOP('',(#18307,#18309,#18310,#18311));
#18313=FACE_OUTER_BOUND('',#18312,.F.);
#18314=ADVANCED_FACE('',(#18313),#18306,.T.);
#18315=FILL_AREA_STYLE_COLOUR('',#5);
#18316=FILL_AREA_STYLE('',(#18315));
#18317=SURFACE_STYLE_FILL_AREA(#18316);
#18318=SURFACE_SIDE_STYLE('',(#18317));
#18319=SURFACE_STYLE_USAGE(.POSITIVE.,#18318);
#18320=PRESENTATION_STYLE_ASSIGNMENT((#18319));
#18321=STYLED_ITEM('',(#18320),#18314);
#18322=CARTESIAN_POINT('',(4.85E0,6.E0,8.E-1));
#18323=DIRECTION('',(0.E0,1.E0,0.E0));
#18324=DIRECTION('',(-1.E0,0.E0,0.E0));
#18325=AXIS2_PLACEMENT_3D('',#18322,#18323,#18324);
#18326=PLANE('',#18325);
#18327=ORIENTED_EDGE('',*,*,#17981,.F.);
#18329=ORIENTED_EDGE('',*,*,#18328,.T.);
#18330=ORIENTED_EDGE('',*,*,#18148,.T.);
#18331=ORIENTED_EDGE('',*,*,#18308,.F.);
#18332=EDGE_LOOP('',(#18327,#18329,#18330,#18331));
#18333=FACE_OUTER_BOUND('',#18332,.F.);
#18335=ORIENTED_EDGE('',*,*,#18334,.T.);
#18337=ORIENTED_EDGE('',*,*,#18336,.T.);
#18339=ORIENTED_EDGE('',*,*,#18338,.F.);
#18341=ORIENTED_EDGE('',*,*,#18340,.F.);
#18342=EDGE_LOOP('',(#18335,#18337,#18339,#18341));
#18343=FACE_BOUND('',#18342,.F.);
#18345=ORIENTED_EDGE('',*,*,#18344,.F.);
#18347=ORIENTED_EDGE('',*,*,#18346,.T.);
#18349=ORIENTED_EDGE('',*,*,#18348,.T.);
#18351=ORIENTED_EDGE('',*,*,#18350,.F.);
#18352=EDGE_LOOP('',(#18345,#18347,#18349,#18351));
#18353=FACE_BOUND('',#18352,.F.);
#18354=ADVANCED_FACE('',(#18333,#18343,#18353),#18326,.T.);
#18355=FILL_AREA_STYLE_COLOUR('',#5);
#18356=FILL_AREA_STYLE('',(#18355));
#18357=SURFACE_STYLE_FILL_AREA(#18356);
#18358=SURFACE_SIDE_STYLE('',(#18357));
#18359=SURFACE_STYLE_USAGE(.POSITIVE.,#18358);
#18360=PRESENTATION_STYLE_ASSIGNMENT((#18359));
#18361=STYLED_ITEM('',(#18360),#18354);
#18362=CARTESIAN_POINT('',(4.85E0,5.E0,8.E-1));
#18363=DIRECTION('',(0.E0,0.E0,1.E0));
#18364=DIRECTION('',(0.E0,-1.E0,0.E0));
#18365=AXIS2_PLACEMENT_3D('',#18362,#18363,#18364);
#18366=CYLINDRICAL_SURFACE('',#18365,1.E0);
#18367=ORIENTED_EDGE('',*,*,#17979,.F.);
#18368=ORIENTED_EDGE('',*,*,#18088,.T.);
#18369=ORIENTED_EDGE('',*,*,#18150,.T.);
#18370=ORIENTED_EDGE('',*,*,#18328,.F.);
#18371=EDGE_LOOP('',(#18367,#18368,#18369,#18370));
#18372=FACE_OUTER_BOUND('',#18371,.F.);
#18373=ADVANCED_FACE('',(#18372),#18366,.T.);
#18374=FILL_AREA_STYLE_COLOUR('',#5);
#18375=FILL_AREA_STYLE('',(#18374));
#18376=SURFACE_STYLE_FILL_AREA(#18375);
#18377=SURFACE_SIDE_STYLE('',(#18376));
#18378=SURFACE_STYLE_USAGE(.POSITIVE.,#18377);
#18379=PRESENTATION_STYLE_ASSIGNMENT((#18378));
#18380=STYLED_ITEM('',(#18379),#18373);
#18381=CARTESIAN_POINT('',(-3.25E0,0.E0,0.E0));
#18382=DIRECTION('',(1.E0,0.E0,0.E0));
#18383=DIRECTION('',(0.E0,0.E0,1.E0));
#18384=AXIS2_PLACEMENT_3D('',#18381,#18382,#18383);
#18385=PLANE('',#18384);
#18387=ORIENTED_EDGE('',*,*,#18386,.F.);
#18389=ORIENTED_EDGE('',*,*,#18388,.T.);
#18391=ORIENTED_EDGE('',*,*,#18390,.T.);
#18393=ORIENTED_EDGE('',*,*,#18392,.T.);
#18394=ORIENTED_EDGE('',*,*,#18334,.F.);
#18396=ORIENTED_EDGE('',*,*,#18395,.T.);
#18398=ORIENTED_EDGE('',*,*,#18397,.T.);
#18400=ORIENTED_EDGE('',*,*,#18399,.T.);
#18401=EDGE_LOOP('',(#18387,#18389,#18391,#18393,#18394,#18396,#18398,#18400));
#18402=FACE_OUTER_BOUND('',#18401,.F.);
#18403=ADVANCED_FACE('',(#18402),#18385,.F.);
#18404=FILL_AREA_STYLE_COLOUR('',#27);
#18405=FILL_AREA_STYLE('',(#18404));
#18406=SURFACE_STYLE_FILL_AREA(#18405);
#18407=SURFACE_SIDE_STYLE('',(#18406));
#18408=SURFACE_STYLE_USAGE(.POSITIVE.,#18407);
#18409=PRESENTATION_STYLE_ASSIGNMENT((#18408));
#18410=STYLED_ITEM('',(#18409),#18403);
#18411=CARTESIAN_POINT('',(-3.25E0,7.2E0,-5.E-1));
#18412=DIRECTION('',(7.071067811865E-1,0.E0,7.071067811865E-1));
#18413=DIRECTION('',(7.071067811865E-1,0.E0,-7.071067811865E-1));
#18414=AXIS2_PLACEMENT_3D('',#18411,#18412,#18413);
#18415=PLANE('',#18414);
#18416=ORIENTED_EDGE('',*,*,#18386,.T.);
#18418=ORIENTED_EDGE('',*,*,#18417,.T.);
#18420=ORIENTED_EDGE('',*,*,#18419,.F.);
#18422=ORIENTED_EDGE('',*,*,#18421,.F.);
#18423=EDGE_LOOP('',(#18416,#18418,#18420,#18422));
#18424=FACE_OUTER_BOUND('',#18423,.F.);
#18425=ADVANCED_FACE('',(#18424),#18415,.F.);
#18426=FILL_AREA_STYLE_COLOUR('',#27);
#18427=FILL_AREA_STYLE('',(#18426));
#18428=SURFACE_STYLE_FILL_AREA(#18427);
#18429=SURFACE_SIDE_STYLE('',(#18428));
#18430=SURFACE_STYLE_USAGE(.POSITIVE.,#18429);
#18431=PRESENTATION_STYLE_ASSIGNMENT((#18430));
#18432=STYLED_ITEM('',(#18431),#18425);
#18433=CARTESIAN_POINT('',(-3.25E0,6.9E0,5.826908966802E-1));
#18434=DIRECTION('',(0.E0,-1.E0,0.E0));
#18435=DIRECTION('',(0.E0,0.E0,-1.E0));
#18436=AXIS2_PLACEMENT_3D('',#18433,#18434,#18435);
#18437=PLANE('',#18436);
#18439=ORIENTED_EDGE('',*,*,#18438,.F.);
#18441=ORIENTED_EDGE('',*,*,#18440,.F.);
#18442=ORIENTED_EDGE('',*,*,#18417,.F.);
#18443=ORIENTED_EDGE('',*,*,#18399,.F.);
#18445=ORIENTED_EDGE('',*,*,#18444,.T.);
#18447=ORIENTED_EDGE('',*,*,#18446,.T.);
#18449=ORIENTED_EDGE('',*,*,#18448,.F.);
#18451=ORIENTED_EDGE('',*,*,#18450,.F.);
#18452=EDGE_LOOP('',(#18439,#18441,#18442,#18443,#18445,#18447,#18449,#18451));
#18453=FACE_OUTER_BOUND('',#18452,.F.);
#18454=ADVANCED_FACE('',(#18453),#18437,.T.);
#18455=FILL_AREA_STYLE_COLOUR('',#27);
#18456=FILL_AREA_STYLE('',(#18455));
#18457=SURFACE_STYLE_FILL_AREA(#18456);
#18458=SURFACE_SIDE_STYLE('',(#18457));
#18459=SURFACE_STYLE_USAGE(.POSITIVE.,#18458);
#18460=PRESENTATION_STYLE_ASSIGNMENT((#18459));
#18461=STYLED_ITEM('',(#18460),#18454);
#18462=CARTESIAN_POINT('',(-2.5E0,-2.712364E1,-3.55E0));
#18463=DIRECTION('',(0.E0,1.E0,0.E0));
#18464=DIRECTION('',(-1.E0,0.E0,0.E0));
#18465=AXIS2_PLACEMENT_3D('',#18462,#18463,#18464);
#18466=CYLINDRICAL_SURFACE('',#18465,4.5E-1);
#18468=ORIENTED_EDGE('',*,*,#18467,.T.);
#18470=ORIENTED_EDGE('',*,*,#18469,.F.);
#18471=ORIENTED_EDGE('',*,*,#18438,.T.);
#18473=ORIENTED_EDGE('',*,*,#18472,.T.);
#18474=EDGE_LOOP('',(#18468,#18470,#18471,#18473));
#18475=FACE_OUTER_BOUND('',#18474,.F.);
#18476=ADVANCED_FACE('',(#18475),#18466,.T.);
#18477=FILL_AREA_STYLE_COLOUR('',#27);
#18478=FILL_AREA_STYLE('',(#18477));
#18479=SURFACE_STYLE_FILL_AREA(#18478);
#18480=SURFACE_SIDE_STYLE('',(#18479));
#18481=SURFACE_STYLE_USAGE(.POSITIVE.,#18480);
#18482=PRESENTATION_STYLE_ASSIGNMENT((#18481));
#18483=STYLED_ITEM('',(#18482),#18476);
#18484=CARTESIAN_POINT('',(-3.25E0,7.2E0,-4.E0));
#18485=DIRECTION('',(0.E0,1.E0,0.E0));
#18486=DIRECTION('',(0.E0,0.E0,1.E0));
#18487=AXIS2_PLACEMENT_3D('',#18484,#18485,#18486);
#18488=PLANE('',#18487);
#18489=ORIENTED_EDGE('',*,*,#18467,.F.);
#18491=ORIENTED_EDGE('',*,*,#18490,.F.);
#18493=ORIENTED_EDGE('',*,*,#18492,.T.);
#18495=ORIENTED_EDGE('',*,*,#18494,.T.);
#18497=ORIENTED_EDGE('',*,*,#18496,.F.);
#18498=ORIENTED_EDGE('',*,*,#18388,.F.);
#18499=ORIENTED_EDGE('',*,*,#18421,.T.);
#18501=ORIENTED_EDGE('',*,*,#18500,.F.);
#18502=EDGE_LOOP('',(#18489,#18491,#18493,#18495,#18497,#18498,#18499,#18501));
#18503=FACE_OUTER_BOUND('',#18502,.F.);
#18504=ADVANCED_FACE('',(#18503),#18488,.T.);
#18505=FILL_AREA_STYLE_COLOUR('',#27);
#18506=FILL_AREA_STYLE('',(#18505));
#18507=SURFACE_STYLE_FILL_AREA(#18506);
#18508=SURFACE_SIDE_STYLE('',(#18507));
#18509=SURFACE_STYLE_USAGE(.POSITIVE.,#18508);
#18510=PRESENTATION_STYLE_ASSIGNMENT((#18509));
#18511=STYLED_ITEM('',(#18510),#18504);
#18512=CARTESIAN_POINT('',(-2.05E0,7.2E0,-4.E0));
#18513=DIRECTION('',(-1.E0,0.E0,0.E0));
#18514=DIRECTION('',(0.E0,0.E0,1.E0));
#18515=AXIS2_PLACEMENT_3D('',#18512,#18513,#18514);
#18516=PLANE('',#18515);
#18517=ORIENTED_EDGE('',*,*,#18472,.F.);
#18518=ORIENTED_EDGE('',*,*,#18450,.T.);
#18520=ORIENTED_EDGE('',*,*,#18519,.F.);
#18521=ORIENTED_EDGE('',*,*,#18490,.T.);
#18522=EDGE_LOOP('',(#18517,#18518,#18520,#18521));
#18523=FACE_OUTER_BOUND('',#18522,.F.);
#18524=ADVANCED_FACE('',(#18523),#18516,.F.);
#18525=FILL_AREA_STYLE_COLOUR('',#27);
#18526=FILL_AREA_STYLE('',(#18525));
#18527=SURFACE_STYLE_FILL_AREA(#18526);
#18528=SURFACE_SIDE_STYLE('',(#18527));
#18529=SURFACE_STYLE_USAGE(.POSITIVE.,#18528);
#18530=PRESENTATION_STYLE_ASSIGNMENT((#18529));
#18531=STYLED_ITEM('',(#18530),#18524);
#18532=CARTESIAN_POINT('',(-2.05E0,7.2E0,-8.E-1));
#18533=DIRECTION('',(-7.071067811865E-1,0.E0,7.071067811865E-1));
#18534=DIRECTION('',(7.071067811865E-1,0.E0,7.071067811865E-1));
#18535=AXIS2_PLACEMENT_3D('',#18532,#18533,#18534);
#18536=PLANE('',#18535);
#18538=ORIENTED_EDGE('',*,*,#18537,.F.);
#18539=ORIENTED_EDGE('',*,*,#18492,.F.);
#18540=ORIENTED_EDGE('',*,*,#18519,.T.);
#18541=ORIENTED_EDGE('',*,*,#18448,.T.);
#18542=EDGE_LOOP('',(#18538,#18539,#18540,#18541));
#18543=FACE_OUTER_BOUND('',#18542,.F.);
#18544=ADVANCED_FACE('',(#18543),#18536,.F.);
#18545=FILL_AREA_STYLE_COLOUR('',#27);
#18546=FILL_AREA_STYLE('',(#18545));
#18547=SURFACE_STYLE_FILL_AREA(#18546);
#18548=SURFACE_SIDE_STYLE('',(#18547));
#18549=SURFACE_STYLE_USAGE(.POSITIVE.,#18548);
#18550=PRESENTATION_STYLE_ASSIGNMENT((#18549));
#18551=STYLED_ITEM('',(#18550),#18544);
#18552=CARTESIAN_POINT('',(-1.75E0,0.E0,0.E0));
#18553=DIRECTION('',(1.E0,0.E0,0.E0));
#18554=DIRECTION('',(0.E0,0.E0,1.E0));
#18555=AXIS2_PLACEMENT_3D('',#18552,#18553,#18554);
#18556=PLANE('',#18555);
#18557=ORIENTED_EDGE('',*,*,#18537,.T.);
#18558=ORIENTED_EDGE('',*,*,#18446,.F.);
#18560=ORIENTED_EDGE('',*,*,#18559,.F.);
#18562=ORIENTED_EDGE('',*,*,#18561,.F.);
#18563=ORIENTED_EDGE('',*,*,#18338,.T.);
#18565=ORIENTED_EDGE('',*,*,#18564,.F.);
#18567=ORIENTED_EDGE('',*,*,#18566,.F.);
#18568=ORIENTED_EDGE('',*,*,#18494,.F.);
#18569=EDGE_LOOP('',(#18557,#18558,#18560,#18562,#18563,#18565,#18567,#18568));
#18570=FACE_OUTER_BOUND('',#18569,.F.);
#18571=ADVANCED_FACE('',(#18570),#18556,.T.);
#18572=FILL_AREA_STYLE_COLOUR('',#27);
#18573=FILL_AREA_STYLE('',(#18572));
#18574=SURFACE_STYLE_FILL_AREA(#18573);
#18575=SURFACE_SIDE_STYLE('',(#18574));
#18576=SURFACE_STYLE_USAGE(.POSITIVE.,#18575);
#18577=PRESENTATION_STYLE_ASSIGNMENT((#18576));
#18578=STYLED_ITEM('',(#18577),#18571);
#18579=CARTESIAN_POINT('',(-3.25E0,6.582690896680E0,5.826908966802E-1));
#18580=DIRECTION('',(1.E0,0.E0,0.E0));
#18581=DIRECTION('',(0.E0,0.E0,1.E0));
#18582=AXIS2_PLACEMENT_3D('',#18579,#18580,#18581);
#18583=CYLINDRICAL_SURFACE('',#18582,3.173091033198E-1);
#18584=ORIENTED_EDGE('',*,*,#18397,.F.);
#18586=ORIENTED_EDGE('',*,*,#18585,.T.);
#18587=ORIENTED_EDGE('',*,*,#18559,.T.);
#18588=ORIENTED_EDGE('',*,*,#18444,.F.);
#18589=EDGE_LOOP('',(#18584,#18586,#18587,#18588));
#18590=FACE_OUTER_BOUND('',#18589,.F.);
#18591=ADVANCED_FACE('',(#18590),#18583,.F.);
#18592=FILL_AREA_STYLE_COLOUR('',#27);
#18593=FILL_AREA_STYLE('',(#18592));
#18594=SURFACE_STYLE_FILL_AREA(#18593);
#18595=SURFACE_SIDE_STYLE('',(#18594));
#18596=SURFACE_STYLE_USAGE(.POSITIVE.,#18595);
#18597=PRESENTATION_STYLE_ASSIGNMENT((#18596));
#18598=STYLED_ITEM('',(#18597),#18591);
#18599=CARTESIAN_POINT('',(-3.25E0,6.E0,9.E-1));
#18600=DIRECTION('',(0.E0,0.E0,-1.E0));
#18601=DIRECTION('',(0.E0,1.E0,0.E0));
#18602=AXIS2_PLACEMENT_3D('',#18599,#18600,#18601);
#18603=PLANE('',#18602);
#18604=ORIENTED_EDGE('',*,*,#18395,.F.);
#18605=ORIENTED_EDGE('',*,*,#18340,.T.);
#18606=ORIENTED_EDGE('',*,*,#18561,.T.);
#18607=ORIENTED_EDGE('',*,*,#18585,.F.);
#18608=EDGE_LOOP('',(#18604,#18605,#18606,#18607));
#18609=FACE_OUTER_BOUND('',#18608,.F.);
#18610=ADVANCED_FACE('',(#18609),#18603,.T.);
#18611=FILL_AREA_STYLE_COLOUR('',#27);
#18612=FILL_AREA_STYLE('',(#18611));
#18613=SURFACE_STYLE_FILL_AREA(#18612);
#18614=SURFACE_SIDE_STYLE('',(#18613));
#18615=SURFACE_STYLE_USAGE(.POSITIVE.,#18614);
#18616=PRESENTATION_STYLE_ASSIGNMENT((#18615));
#18617=STYLED_ITEM('',(#18616),#18610);
#18618=CARTESIAN_POINT('',(-3.25E0,6.582690896680E0,1.2E0));
#18619=DIRECTION('',(0.E0,0.E0,1.E0));
#18620=DIRECTION('',(0.E0,-1.E0,0.E0));
#18621=AXIS2_PLACEMENT_3D('',#18618,#18619,#18620);
#18622=PLANE('',#18621);
#18623=ORIENTED_EDGE('',*,*,#18392,.F.);
#18625=ORIENTED_EDGE('',*,*,#18624,.T.);
#18626=ORIENTED_EDGE('',*,*,#18564,.T.);
#18627=ORIENTED_EDGE('',*,*,#18336,.F.);
#18628=EDGE_LOOP('',(#18623,#18625,#18626,#18627));
#18629=FACE_OUTER_BOUND('',#18628,.F.);
#18630=ADVANCED_FACE('',(#18629),#18622,.T.);
#18631=FILL_AREA_STYLE_COLOUR('',#27);
#18632=FILL_AREA_STYLE('',(#18631));
#18633=SURFACE_STYLE_FILL_AREA(#18632);
#18634=SURFACE_SIDE_STYLE('',(#18633));
#18635=SURFACE_STYLE_USAGE(.POSITIVE.,#18634);
#18636=PRESENTATION_STYLE_ASSIGNMENT((#18635));
#18637=STYLED_ITEM('',(#18636),#18630);
#18638=CARTESIAN_POINT('',(-3.25E0,6.582690896680E0,5.826908966802E-1));
#18639=DIRECTION('',(1.E0,0.E0,0.E0));
#18640=DIRECTION('',(0.E0,0.E0,1.E0));
#18641=AXIS2_PLACEMENT_3D('',#18638,#18639,#18640);
#18642=CYLINDRICAL_SURFACE('',#18641,6.173091033198E-1);
#18643=ORIENTED_EDGE('',*,*,#18390,.F.);
#18644=ORIENTED_EDGE('',*,*,#18496,.T.);
#18645=ORIENTED_EDGE('',*,*,#18566,.T.);
#18646=ORIENTED_EDGE('',*,*,#18624,.F.);
#18647=EDGE_LOOP('',(#18643,#18644,#18645,#18646));
#18648=FACE_OUTER_BOUND('',#18647,.F.);
#18649=ADVANCED_FACE('',(#18648),#18642,.T.);
#18650=FILL_AREA_STYLE_COLOUR('',#27);
#18651=FILL_AREA_STYLE('',(#18650));
#18652=SURFACE_STYLE_FILL_AREA(#18651);
#18653=SURFACE_SIDE_STYLE('',(#18652));
#18654=SURFACE_STYLE_USAGE(.POSITIVE.,#18653);
#18655=PRESENTATION_STYLE_ASSIGNMENT((#18654));
#18656=STYLED_ITEM('',(#18655),#18649);
#18657=CARTESIAN_POINT('',(-2.95E0,7.2E0,-8.E-1));
#18658=DIRECTION('',(1.E0,0.E0,0.E0));
#18659=DIRECTION('',(0.E0,0.E0,-1.E0));
#18660=AXIS2_PLACEMENT_3D('',#18657,#18658,#18659);
#18661=PLANE('',#18660);
#18662=ORIENTED_EDGE('',*,*,#18469,.T.);
#18663=ORIENTED_EDGE('',*,*,#18500,.T.);
#18664=ORIENTED_EDGE('',*,*,#18419,.T.);
#18665=ORIENTED_EDGE('',*,*,#18440,.T.);
#18666=EDGE_LOOP('',(#18662,#18663,#18664,#18665));
#18667=FACE_OUTER_BOUND('',#18666,.F.);
#18668=ADVANCED_FACE('',(#18667),#18661,.F.);
#18669=FILL_AREA_STYLE_COLOUR('',#27);
#18670=FILL_AREA_STYLE('',(#18669));
#18671=SURFACE_STYLE_FILL_AREA(#18670);
#18672=SURFACE_SIDE_STYLE('',(#18671));
#18673=SURFACE_STYLE_USAGE(.POSITIVE.,#18672);
#18674=PRESENTATION_STYLE_ASSIGNMENT((#18673));
#18675=STYLED_ITEM('',(#18674),#18668);
#18676=CARTESIAN_POINT('',(3.25E0,0.E0,0.E0));
#18677=DIRECTION('',(1.E0,0.E0,0.E0));
#18678=DIRECTION('',(0.E0,0.E0,1.E0));
#18679=AXIS2_PLACEMENT_3D('',#18676,#18677,#18678);
#18680=PLANE('',#18679);
#18682=ORIENTED_EDGE('',*,*,#18681,.T.);
#18684=ORIENTED_EDGE('',*,*,#18683,.F.);
#18686=ORIENTED_EDGE('',*,*,#18685,.F.);
#18688=ORIENTED_EDGE('',*,*,#18687,.F.);
#18689=ORIENTED_EDGE('',*,*,#18344,.T.);
#18691=ORIENTED_EDGE('',*,*,#18690,.F.);
#18693=ORIENTED_EDGE('',*,*,#18692,.F.);
#18695=ORIENTED_EDGE('',*,*,#18694,.F.);
#18696=EDGE_LOOP('',(#18682,#18684,#18686,#18688,#18689,#18691,#18693,#18695));
#18697=FACE_OUTER_BOUND('',#18696,.F.);
#18698=ADVANCED_FACE('',(#18697),#18680,.T.);
#18699=FILL_AREA_STYLE_COLOUR('',#27);
#18700=FILL_AREA_STYLE('',(#18699));
#18701=SURFACE_STYLE_FILL_AREA(#18700);
#18702=SURFACE_SIDE_STYLE('',(#18701));
#18703=SURFACE_STYLE_USAGE(.POSITIVE.,#18702);
#18704=PRESENTATION_STYLE_ASSIGNMENT((#18703));
#18705=STYLED_ITEM('',(#18704),#18698);
#18706=CARTESIAN_POINT('',(3.25E0,7.2E0,-5.E-1));
#18707=DIRECTION('',(7.071067811865E-1,0.E0,-7.071067811865E-1));
#18708=DIRECTION('',(-7.071067811865E-1,0.E0,-7.071067811865E-1));
#18709=AXIS2_PLACEMENT_3D('',#18706,#18707,#18708);
#18710=PLANE('',#18709);
#18712=ORIENTED_EDGE('',*,*,#18711,.T.);
#18714=ORIENTED_EDGE('',*,*,#18713,.F.);
#18715=ORIENTED_EDGE('',*,*,#18681,.F.);
#18717=ORIENTED_EDGE('',*,*,#18716,.T.);
#18718=EDGE_LOOP('',(#18712,#18714,#18715,#18717));
#18719=FACE_OUTER_BOUND('',#18718,.F.);
#18720=ADVANCED_FACE('',(#18719),#18710,.T.);
#18721=FILL_AREA_STYLE_COLOUR('',#27);
#18722=FILL_AREA_STYLE('',(#18721));
#18723=SURFACE_STYLE_FILL_AREA(#18722);
#18724=SURFACE_SIDE_STYLE('',(#18723));
#18725=SURFACE_STYLE_USAGE(.POSITIVE.,#18724);
#18726=PRESENTATION_STYLE_ASSIGNMENT((#18725));
#18727=STYLED_ITEM('',(#18726),#18720);
#18728=CARTESIAN_POINT('',(2.95E0,7.2E0,-8.E-1));
#18729=DIRECTION('',(1.E0,0.E0,0.E0));
#18730=DIRECTION('',(0.E0,0.E0,-1.E0));
#18731=AXIS2_PLACEMENT_3D('',#18728,#18729,#18730);
#18732=PLANE('',#18731);
#18734=ORIENTED_EDGE('',*,*,#18733,.T.);
#18736=ORIENTED_EDGE('',*,*,#18735,.T.);
#18737=ORIENTED_EDGE('',*,*,#18711,.F.);
#18739=ORIENTED_EDGE('',*,*,#18738,.T.);
#18740=EDGE_LOOP('',(#18734,#18736,#18737,#18739));
#18741=FACE_OUTER_BOUND('',#18740,.F.);
#18742=ADVANCED_FACE('',(#18741),#18732,.T.);
#18743=FILL_AREA_STYLE_COLOUR('',#27);
#18744=FILL_AREA_STYLE('',(#18743));
#18745=SURFACE_STYLE_FILL_AREA(#18744);
#18746=SURFACE_SIDE_STYLE('',(#18745));
#18747=SURFACE_STYLE_USAGE(.POSITIVE.,#18746);
#18748=PRESENTATION_STYLE_ASSIGNMENT((#18747));
#18749=STYLED_ITEM('',(#18748),#18742);
#18750=CARTESIAN_POINT('',(2.5E0,2.662364E1,-3.55E0));
#18751=DIRECTION('',(0.E0,-1.E0,0.E0));
#18752=DIRECTION('',(1.E0,0.E0,0.E0));
#18753=AXIS2_PLACEMENT_3D('',#18750,#18751,#18752);
#18754=CYLINDRICAL_SURFACE('',#18753,4.5E-1);
#18756=ORIENTED_EDGE('',*,*,#18755,.T.);
#18757=ORIENTED_EDGE('',*,*,#18733,.F.);
#18759=ORIENTED_EDGE('',*,*,#18758,.T.);
#18761=ORIENTED_EDGE('',*,*,#18760,.T.);
#18762=EDGE_LOOP('',(#18756,#18757,#18759,#18761));
#18763=FACE_OUTER_BOUND('',#18762,.F.);
#18764=ADVANCED_FACE('',(#18763),#18754,.T.);
#18765=FILL_AREA_STYLE_COLOUR('',#27);
#18766=FILL_AREA_STYLE('',(#18765));
#18767=SURFACE_STYLE_FILL_AREA(#18766);
#18768=SURFACE_SIDE_STYLE('',(#18767));
#18769=SURFACE_STYLE_USAGE(.POSITIVE.,#18768);
#18770=PRESENTATION_STYLE_ASSIGNMENT((#18769));
#18771=STYLED_ITEM('',(#18770),#18764);
#18772=CARTESIAN_POINT('',(3.25E0,6.9E0,5.826908966802E-1));
#18773=DIRECTION('',(0.E0,1.E0,0.E0));
#18774=DIRECTION('',(0.E0,0.E0,-1.E0));
#18775=AXIS2_PLACEMENT_3D('',#18772,#18773,#18774);
#18776=PLANE('',#18775);
#18777=ORIENTED_EDGE('',*,*,#18755,.F.);
#18779=ORIENTED_EDGE('',*,*,#18778,.F.);
#18781=ORIENTED_EDGE('',*,*,#18780,.T.);
#18783=ORIENTED_EDGE('',*,*,#18782,.F.);
#18785=ORIENTED_EDGE('',*,*,#18784,.F.);
#18786=ORIENTED_EDGE('',*,*,#18683,.T.);
#18787=ORIENTED_EDGE('',*,*,#18713,.T.);
#18788=ORIENTED_EDGE('',*,*,#18735,.F.);
#18789=EDGE_LOOP('',(#18777,#18779,#18781,#18783,#18785,#18786,#18787,#18788));
#18790=FACE_OUTER_BOUND('',#18789,.F.);
#18791=ADVANCED_FACE('',(#18790),#18776,.F.);
#18792=FILL_AREA_STYLE_COLOUR('',#27);
#18793=FILL_AREA_STYLE('',(#18792));
#18794=SURFACE_STYLE_FILL_AREA(#18793);
#18795=SURFACE_SIDE_STYLE('',(#18794));
#18796=SURFACE_STYLE_USAGE(.POSITIVE.,#18795);
#18797=PRESENTATION_STYLE_ASSIGNMENT((#18796));
#18798=STYLED_ITEM('',(#18797),#18791);
#18799=CARTESIAN_POINT('',(2.05E0,7.2E0,-4.E0));
#18800=DIRECTION('',(-1.E0,0.E0,0.E0));
#18801=DIRECTION('',(0.E0,0.E0,1.E0));
#18802=AXIS2_PLACEMENT_3D('',#18799,#18800,#18801);
#18803=PLANE('',#18802);
#18804=ORIENTED_EDGE('',*,*,#18760,.F.);
#18806=ORIENTED_EDGE('',*,*,#18805,.T.);
#18808=ORIENTED_EDGE('',*,*,#18807,.T.);
#18809=ORIENTED_EDGE('',*,*,#18778,.T.);
#18810=EDGE_LOOP('',(#18804,#18806,#18808,#18809));
#18811=FACE_OUTER_BOUND('',#18810,.F.);
#18812=ADVANCED_FACE('',(#18811),#18803,.T.);
#18813=FILL_AREA_STYLE_COLOUR('',#27);
#18814=FILL_AREA_STYLE('',(#18813));
#18815=SURFACE_STYLE_FILL_AREA(#18814);
#18816=SURFACE_SIDE_STYLE('',(#18815));
#18817=SURFACE_STYLE_USAGE(.POSITIVE.,#18816);
#18818=PRESENTATION_STYLE_ASSIGNMENT((#18817));
#18819=STYLED_ITEM('',(#18818),#18812);
#18820=CARTESIAN_POINT('',(3.25E0,7.2E0,-4.E0));
#18821=DIRECTION('',(0.E0,-1.E0,0.E0));
#18822=DIRECTION('',(0.E0,0.E0,1.E0));
#18823=AXIS2_PLACEMENT_3D('',#18820,#18821,#18822);
#18824=PLANE('',#18823);
#18825=ORIENTED_EDGE('',*,*,#18758,.F.);
#18826=ORIENTED_EDGE('',*,*,#18738,.F.);
#18827=ORIENTED_EDGE('',*,*,#18716,.F.);
#18828=ORIENTED_EDGE('',*,*,#18694,.T.);
#18830=ORIENTED_EDGE('',*,*,#18829,.T.);
#18832=ORIENTED_EDGE('',*,*,#18831,.F.);
#18834=ORIENTED_EDGE('',*,*,#18833,.F.);
#18835=ORIENTED_EDGE('',*,*,#18805,.F.);
#18836=EDGE_LOOP('',(#18825,#18826,#18827,#18828,#18830,#18832,#18834,#18835));
#18837=FACE_OUTER_BOUND('',#18836,.F.);
#18838=ADVANCED_FACE('',(#18837),#18824,.F.);
#18839=FILL_AREA_STYLE_COLOUR('',#27);
#18840=FILL_AREA_STYLE('',(#18839));
#18841=SURFACE_STYLE_FILL_AREA(#18840);
#18842=SURFACE_SIDE_STYLE('',(#18841));
#18843=SURFACE_STYLE_USAGE(.POSITIVE.,#18842);
#18844=PRESENTATION_STYLE_ASSIGNMENT((#18843));
#18845=STYLED_ITEM('',(#18844),#18838);
#18846=CARTESIAN_POINT('',(3.25E0,6.582690896680E0,5.826908966802E-1));
#18847=DIRECTION('',(1.E0,0.E0,0.E0));
#18848=DIRECTION('',(0.E0,0.E0,1.E0));
#18849=AXIS2_PLACEMENT_3D('',#18846,#18847,#18848);
#18850=CYLINDRICAL_SURFACE('',#18849,6.173091033198E-1);
#18851=ORIENTED_EDGE('',*,*,#18692,.T.);
#18853=ORIENTED_EDGE('',*,*,#18852,.T.);
#18855=ORIENTED_EDGE('',*,*,#18854,.F.);
#18856=ORIENTED_EDGE('',*,*,#18829,.F.);
#18857=EDGE_LOOP('',(#18851,#18853,#18855,#18856));
#18858=FACE_OUTER_BOUND('',#18857,.F.);
#18859=ADVANCED_FACE('',(#18858),#18850,.T.);
#18860=FILL_AREA_STYLE_COLOUR('',#27);
#18861=FILL_AREA_STYLE('',(#18860));
#18862=SURFACE_STYLE_FILL_AREA(#18861);
#18863=SURFACE_SIDE_STYLE('',(#18862));
#18864=SURFACE_STYLE_USAGE(.POSITIVE.,#18863);
#18865=PRESENTATION_STYLE_ASSIGNMENT((#18864));
#18866=STYLED_ITEM('',(#18865),#18859);
#18867=CARTESIAN_POINT('',(3.25E0,6.582690896680E0,1.2E0));
#18868=DIRECTION('',(0.E0,0.E0,-1.E0));
#18869=DIRECTION('',(0.E0,-1.E0,0.E0));
#18870=AXIS2_PLACEMENT_3D('',#18867,#18868,#18869);
#18871=PLANE('',#18870);
#18872=ORIENTED_EDGE('',*,*,#18690,.T.);
#18873=ORIENTED_EDGE('',*,*,#18350,.T.);
#18875=ORIENTED_EDGE('',*,*,#18874,.F.);
#18876=ORIENTED_EDGE('',*,*,#18852,.F.);
#18877=EDGE_LOOP('',(#18872,#18873,#18875,#18876));
#18878=FACE_OUTER_BOUND('',#18877,.F.);
#18879=ADVANCED_FACE('',(#18878),#18871,.F.);
#18880=FILL_AREA_STYLE_COLOUR('',#27);
#18881=FILL_AREA_STYLE('',(#18880));
#18882=SURFACE_STYLE_FILL_AREA(#18881);
#18883=SURFACE_SIDE_STYLE('',(#18882));
#18884=SURFACE_STYLE_USAGE(.POSITIVE.,#18883);
#18885=PRESENTATION_STYLE_ASSIGNMENT((#18884));
#18886=STYLED_ITEM('',(#18885),#18879);
#18887=CARTESIAN_POINT('',(1.75E0,0.E0,0.E0));
#18888=DIRECTION('',(1.E0,0.E0,0.E0));
#18889=DIRECTION('',(0.E0,0.E0,1.E0));
#18890=AXIS2_PLACEMENT_3D('',#18887,#18888,#18889);
#18891=PLANE('',#18890);
#18893=ORIENTED_EDGE('',*,*,#18892,.F.);
#18894=ORIENTED_EDGE('',*,*,#18831,.T.);
#18895=ORIENTED_EDGE('',*,*,#18854,.T.);
#18896=ORIENTED_EDGE('',*,*,#18874,.T.);
#18897=ORIENTED_EDGE('',*,*,#18348,.F.);
#18899=ORIENTED_EDGE('',*,*,#18898,.T.);
#18901=ORIENTED_EDGE('',*,*,#18900,.T.);
#18902=ORIENTED_EDGE('',*,*,#18782,.T.);
#18903=EDGE_LOOP('',(#18893,#18894,#18895,#18896,#18897,#18899,#18901,#18902));
#18904=FACE_OUTER_BOUND('',#18903,.F.);
#18905=ADVANCED_FACE('',(#18904),#18891,.F.);
#18906=FILL_AREA_STYLE_COLOUR('',#27);
#18907=FILL_AREA_STYLE('',(#18906));
#18908=SURFACE_STYLE_FILL_AREA(#18907);
#18909=SURFACE_SIDE_STYLE('',(#18908));
#18910=SURFACE_STYLE_USAGE(.POSITIVE.,#18909);
#18911=PRESENTATION_STYLE_ASSIGNMENT((#18910));
#18912=STYLED_ITEM('',(#18911),#18905);
#18913=CARTESIAN_POINT('',(2.05E0,7.2E0,-8.E-1));
#18914=DIRECTION('',(-7.071067811865E-1,0.E0,-7.071067811865E-1));
#18915=DIRECTION('',(-7.071067811865E-1,0.E0,7.071067811865E-1));
#18916=AXIS2_PLACEMENT_3D('',#18913,#18914,#18915);
#18917=PLANE('',#18916);
#18918=ORIENTED_EDGE('',*,*,#18807,.F.);
#18919=ORIENTED_EDGE('',*,*,#18833,.T.);
#18920=ORIENTED_EDGE('',*,*,#18892,.T.);
#18921=ORIENTED_EDGE('',*,*,#18780,.F.);
#18922=EDGE_LOOP('',(#18918,#18919,#18920,#18921));
#18923=FACE_OUTER_BOUND('',#18922,.F.);
#18924=ADVANCED_FACE('',(#18923),#18917,.T.);
#18925=FILL_AREA_STYLE_COLOUR('',#27);
#18926=FILL_AREA_STYLE('',(#18925));
#18927=SURFACE_STYLE_FILL_AREA(#18926);
#18928=SURFACE_SIDE_STYLE('',(#18927));
#18929=SURFACE_STYLE_USAGE(.POSITIVE.,#18928);
#18930=PRESENTATION_STYLE_ASSIGNMENT((#18929));
#18931=STYLED_ITEM('',(#18930),#18924);
#18932=CARTESIAN_POINT('',(3.25E0,6.E0,9.E-1));
#18933=DIRECTION('',(0.E0,0.E0,1.E0));
#18934=DIRECTION('',(0.E0,1.E0,0.E0));
#18935=AXIS2_PLACEMENT_3D('',#18932,#18933,#18934);
#18936=PLANE('',#18935);
#18937=ORIENTED_EDGE('',*,*,#18687,.T.);
#18939=ORIENTED_EDGE('',*,*,#18938,.T.);
#18940=ORIENTED_EDGE('',*,*,#18898,.F.);
#18941=ORIENTED_EDGE('',*,*,#18346,.F.);
#18942=EDGE_LOOP('',(#18937,#18939,#18940,#18941));
#18943=FACE_OUTER_BOUND('',#18942,.F.);
#18944=ADVANCED_FACE('',(#18943),#18936,.F.);
#18945=FILL_AREA_STYLE_COLOUR('',#27);
#18946=FILL_AREA_STYLE('',(#18945));
#18947=SURFACE_STYLE_FILL_AREA(#18946);
#18948=SURFACE_SIDE_STYLE('',(#18947));
#18949=SURFACE_STYLE_USAGE(.POSITIVE.,#18948);
#18950=PRESENTATION_STYLE_ASSIGNMENT((#18949));
#18951=STYLED_ITEM('',(#18950),#18944);
#18952=CARTESIAN_POINT('',(3.25E0,6.582690896680E0,5.826908966802E-1));
#18953=DIRECTION('',(1.E0,0.E0,0.E0));
#18954=DIRECTION('',(0.E0,0.E0,1.E0));
#18955=AXIS2_PLACEMENT_3D('',#18952,#18953,#18954);
#18956=CYLINDRICAL_SURFACE('',#18955,3.173091033198E-1);
#18957=ORIENTED_EDGE('',*,*,#18685,.T.);
#18958=ORIENTED_EDGE('',*,*,#18784,.T.);
#18959=ORIENTED_EDGE('',*,*,#18900,.F.);
#18960=ORIENTED_EDGE('',*,*,#18938,.F.);
#18961=EDGE_LOOP('',(#18957,#18958,#18959,#18960));
#18962=FACE_OUTER_BOUND('',#18961,.F.);
#18963=ADVANCED_FACE('',(#18962),#18956,.F.);
#18964=FILL_AREA_STYLE_COLOUR('',#27);
#18965=FILL_AREA_STYLE('',(#18964));
#18966=SURFACE_STYLE_FILL_AREA(#18965);
#18967=SURFACE_SIDE_STYLE('',(#18966));
#18968=SURFACE_STYLE_USAGE(.POSITIVE.,#18967);
#18969=PRESENTATION_STYLE_ASSIGNMENT((#18968));
#18970=STYLED_ITEM('',(#18969),#18963);
#18971=CARTESIAN_POINT('',(7.5E-1,0.E0,0.E0));
#18972=DIRECTION('',(-1.E0,0.E0,0.E0));
#18973=DIRECTION('',(0.E0,0.E0,1.E0));
#18974=AXIS2_PLACEMENT_3D('',#18971,#18972,#18973);
#18975=PLANE('',#18974);
#18977=ORIENTED_EDGE('',*,*,#18976,.F.);
#18979=ORIENTED_EDGE('',*,*,#18978,.T.);
#18981=ORIENTED_EDGE('',*,*,#18980,.T.);
#18983=ORIENTED_EDGE('',*,*,#18982,.T.);
#18984=ORIENTED_EDGE('',*,*,#17934,.F.);
#18986=ORIENTED_EDGE('',*,*,#18985,.T.);
#18988=ORIENTED_EDGE('',*,*,#18987,.T.);
#18990=ORIENTED_EDGE('',*,*,#18989,.T.);
#18991=EDGE_LOOP('',(#18977,#18979,#18981,#18983,#18984,#18986,#18988,#18990));
#18992=FACE_OUTER_BOUND('',#18991,.F.);
#18993=ADVANCED_FACE('',(#18992),#18975,.F.);
#18994=FILL_AREA_STYLE_COLOUR('',#27);
#18995=FILL_AREA_STYLE('',(#18994));
#18996=SURFACE_STYLE_FILL_AREA(#18995);
#18997=SURFACE_SIDE_STYLE('',(#18996));
#18998=SURFACE_STYLE_USAGE(.POSITIVE.,#18997);
#18999=PRESENTATION_STYLE_ASSIGNMENT((#18998));
#19000=STYLED_ITEM('',(#18999),#18993);
#19001=CARTESIAN_POINT('',(6.E-1,-7.55E0,-6.5E-1));
#19002=DIRECTION('',(7.071067811865E-1,0.E0,-7.071067811865E-1));
#19003=DIRECTION('',(-7.071067811865E-1,0.E0,-7.071067811865E-1));
#19004=AXIS2_PLACEMENT_3D('',#19001,#19002,#19003);
#19005=PLANE('',#19004);
#19007=ORIENTED_EDGE('',*,*,#19006,.F.);
#19009=ORIENTED_EDGE('',*,*,#19008,.T.);
#19010=ORIENTED_EDGE('',*,*,#18976,.T.);
#19012=ORIENTED_EDGE('',*,*,#19011,.T.);
#19013=EDGE_LOOP('',(#19007,#19009,#19010,#19012));
#19014=FACE_OUTER_BOUND('',#19013,.F.);
#19015=ADVANCED_FACE('',(#19014),#19005,.T.);
#19016=FILL_AREA_STYLE_COLOUR('',#27);
#19017=FILL_AREA_STYLE('',(#19016));
#19018=SURFACE_STYLE_FILL_AREA(#19017);
#19019=SURFACE_SIDE_STYLE('',(#19018));
#19020=SURFACE_STYLE_USAGE(.POSITIVE.,#19019);
#19021=PRESENTATION_STYLE_ASSIGNMENT((#19020));
#19022=STYLED_ITEM('',(#19021),#19015);
#19023=CARTESIAN_POINT('',(4.5E-1,-7.7E0,-5.E-1));
#19024=DIRECTION('',(-1.E0,0.E0,0.E0));
#19025=DIRECTION('',(0.E0,0.E0,-1.E0));
#19026=AXIS2_PLACEMENT_3D('',#19023,#19024,#19025);
#19027=PLANE('',#19026);
#19029=ORIENTED_EDGE('',*,*,#19028,.T.);
#19031=ORIENTED_EDGE('',*,*,#19030,.T.);
#19032=ORIENTED_EDGE('',*,*,#19006,.T.);
#19034=ORIENTED_EDGE('',*,*,#19033,.F.);
#19035=EDGE_LOOP('',(#19029,#19031,#19032,#19034));
#19036=FACE_OUTER_BOUND('',#19035,.F.);
#19037=ADVANCED_FACE('',(#19036),#19027,.F.);
#19038=FILL_AREA_STYLE_COLOUR('',#27);
#19039=FILL_AREA_STYLE('',(#19038));
#19040=SURFACE_STYLE_FILL_AREA(#19039);
#19041=SURFACE_SIDE_STYLE('',(#19040));
#19042=SURFACE_STYLE_USAGE(.POSITIVE.,#19041);
#19043=PRESENTATION_STYLE_ASSIGNMENT((#19042));
#19044=STYLED_ITEM('',(#19043),#19037);
#19045=CARTESIAN_POINT('',(0.E0,2.385962691280E1,-3.55E0));
#19046=DIRECTION('',(0.E0,-1.E0,0.E0));
#19047=DIRECTION('',(1.E0,0.E0,0.E0));
#19048=AXIS2_PLACEMENT_3D('',#19045,#19046,#19047);
#19049=CYLINDRICAL_SURFACE('',#19048,4.5E-1);
#19051=ORIENTED_EDGE('',*,*,#19050,.T.);
#19052=ORIENTED_EDGE('',*,*,#19028,.F.);
#19054=ORIENTED_EDGE('',*,*,#19053,.T.);
#19056=ORIENTED_EDGE('',*,*,#19055,.T.);
#19057=EDGE_LOOP('',(#19051,#19052,#19054,#19056));
#19058=FACE_OUTER_BOUND('',#19057,.F.);
#19059=ADVANCED_FACE('',(#19058),#19049,.T.);
#19060=FILL_AREA_STYLE_COLOUR('',#27);
#19061=FILL_AREA_STYLE('',(#19060));
#19062=SURFACE_STYLE_FILL_AREA(#19061);
#19063=SURFACE_SIDE_STYLE('',(#19062));
#19064=SURFACE_STYLE_USAGE(.POSITIVE.,#19063);
#19065=PRESENTATION_STYLE_ASSIGNMENT((#19064));
#19066=STYLED_ITEM('',(#19065),#19059);
#19067=CARTESIAN_POINT('',(7.5E-1,-7.7E0,-4.E0));
#19068=DIRECTION('',(0.E0,-1.E0,0.E0));
#19069=DIRECTION('',(0.E0,0.E0,1.E0));
#19070=AXIS2_PLACEMENT_3D('',#19067,#19068,#19069);
#19071=PLANE('',#19070);
#19072=ORIENTED_EDGE('',*,*,#19050,.F.);
#19074=ORIENTED_EDGE('',*,*,#19073,.T.);
#19076=ORIENTED_EDGE('',*,*,#19075,.F.);
#19078=ORIENTED_EDGE('',*,*,#19077,.T.);
#19080=ORIENTED_EDGE('',*,*,#19079,.F.);
#19081=ORIENTED_EDGE('',*,*,#18978,.F.);
#19082=ORIENTED_EDGE('',*,*,#19008,.F.);
#19083=ORIENTED_EDGE('',*,*,#19030,.F.);
#19084=EDGE_LOOP('',(#19072,#19074,#19076,#19078,#19080,#19081,#19082,#19083));
#19085=FACE_OUTER_BOUND('',#19084,.F.);
#19086=ADVANCED_FACE('',(#19085),#19071,.T.);
#19087=FILL_AREA_STYLE_COLOUR('',#27);
#19088=FILL_AREA_STYLE('',(#19087));
#19089=SURFACE_STYLE_FILL_AREA(#19088);
#19090=SURFACE_SIDE_STYLE('',(#19089));
#19091=SURFACE_STYLE_USAGE(.POSITIVE.,#19090);
#19092=PRESENTATION_STYLE_ASSIGNMENT((#19091));
#19093=STYLED_ITEM('',(#19092),#19086);
#19094=CARTESIAN_POINT('',(-4.5E-1,-7.7E0,-4.E0));
#19095=DIRECTION('',(1.E0,0.E0,0.E0));
#19096=DIRECTION('',(0.E0,0.E0,1.E0));
#19097=AXIS2_PLACEMENT_3D('',#19094,#19095,#19096);
#19098=PLANE('',#19097);
#19099=ORIENTED_EDGE('',*,*,#19055,.F.);
#19101=ORIENTED_EDGE('',*,*,#19100,.T.);
#19103=ORIENTED_EDGE('',*,*,#19102,.F.);
#19104=ORIENTED_EDGE('',*,*,#19073,.F.);
#19105=EDGE_LOOP('',(#19099,#19101,#19103,#19104));
#19106=FACE_OUTER_BOUND('',#19105,.F.);
#19107=ADVANCED_FACE('',(#19106),#19098,.F.);
#19108=FILL_AREA_STYLE_COLOUR('',#27);
#19109=FILL_AREA_STYLE('',(#19108));
#19110=SURFACE_STYLE_FILL_AREA(#19109);
#19111=SURFACE_SIDE_STYLE('',(#19110));
#19112=SURFACE_STYLE_USAGE(.POSITIVE.,#19111);
#19113=PRESENTATION_STYLE_ASSIGNMENT((#19112));
#19114=STYLED_ITEM('',(#19113),#19107);
#19115=CARTESIAN_POINT('',(7.5E-1,-7.4E0,1.645E-1));
#19116=DIRECTION('',(0.E0,1.E0,0.E0));
#19117=DIRECTION('',(0.E0,0.E0,-1.E0));
#19118=AXIS2_PLACEMENT_3D('',#19115,#19116,#19117);
#19119=PLANE('',#19118);
#19120=ORIENTED_EDGE('',*,*,#19053,.F.);
#19121=ORIENTED_EDGE('',*,*,#19033,.T.);
#19122=ORIENTED_EDGE('',*,*,#19011,.F.);
#19123=ORIENTED_EDGE('',*,*,#18989,.F.);
#19125=ORIENTED_EDGE('',*,*,#19124,.T.);
#19127=ORIENTED_EDGE('',*,*,#19126,.T.);
#19129=ORIENTED_EDGE('',*,*,#19128,.F.);
#19130=ORIENTED_EDGE('',*,*,#19100,.F.);
#19131=EDGE_LOOP('',(#19120,#19121,#19122,#19123,#19125,#19127,#19129,#19130));
#19132=FACE_OUTER_BOUND('',#19131,.F.);
#19133=ADVANCED_FACE('',(#19132),#19119,.T.);
#19134=FILL_AREA_STYLE_COLOUR('',#27);
#19135=FILL_AREA_STYLE('',(#19134));
#19136=SURFACE_STYLE_FILL_AREA(#19135);
#19137=SURFACE_SIDE_STYLE('',(#19136));
#19138=SURFACE_STYLE_USAGE(.POSITIVE.,#19137);
#19139=PRESENTATION_STYLE_ASSIGNMENT((#19138));
#19140=STYLED_ITEM('',(#19139),#19133);
#19141=CARTESIAN_POINT('',(7.5E-1,-6.6645E0,1.645E-1));
#19142=DIRECTION('',(-1.E0,0.E0,0.E0));
#19143=DIRECTION('',(0.E0,0.E0,1.E0));
#19144=AXIS2_PLACEMENT_3D('',#19141,#19142,#19143);
#19145=CYLINDRICAL_SURFACE('',#19144,7.355E-1);
#19146=ORIENTED_EDGE('',*,*,#18987,.F.);
#19148=ORIENTED_EDGE('',*,*,#19147,.T.);
#19150=ORIENTED_EDGE('',*,*,#19149,.T.);
#19151=ORIENTED_EDGE('',*,*,#19124,.F.);
#19152=EDGE_LOOP('',(#19146,#19148,#19150,#19151));
#19153=FACE_OUTER_BOUND('',#19152,.F.);
#19154=ADVANCED_FACE('',(#19153),#19145,.F.);
#19155=FILL_AREA_STYLE_COLOUR('',#27);
#19156=FILL_AREA_STYLE('',(#19155));
#19157=SURFACE_STYLE_FILL_AREA(#19156);
#19158=SURFACE_SIDE_STYLE('',(#19157));
#19159=SURFACE_STYLE_USAGE(.POSITIVE.,#19158);
#19160=PRESENTATION_STYLE_ASSIGNMENT((#19159));
#19161=STYLED_ITEM('',(#19160),#19154);
#19162=CARTESIAN_POINT('',(7.5E-1,-6.E0,9.E-1));
#19163=DIRECTION('',(0.E0,0.E0,-1.E0));
#19164=DIRECTION('',(0.E0,-1.E0,0.E0));
#19165=AXIS2_PLACEMENT_3D('',#19162,#19163,#19164);
#19166=PLANE('',#19165);
#19167=ORIENTED_EDGE('',*,*,#18985,.F.);
#19168=ORIENTED_EDGE('',*,*,#17940,.T.);
#19170=ORIENTED_EDGE('',*,*,#19169,.T.);
#19171=ORIENTED_EDGE('',*,*,#19147,.F.);
#19172=EDGE_LOOP('',(#19167,#19168,#19170,#19171));
#19173=FACE_OUTER_BOUND('',#19172,.F.);
#19174=ADVANCED_FACE('',(#19173),#19166,.T.);
#19175=FILL_AREA_STYLE_COLOUR('',#27);
#19176=FILL_AREA_STYLE('',(#19175));
#19177=SURFACE_STYLE_FILL_AREA(#19176);
#19178=SURFACE_SIDE_STYLE('',(#19177));
#19179=SURFACE_STYLE_USAGE(.POSITIVE.,#19178);
#19180=PRESENTATION_STYLE_ASSIGNMENT((#19179));
#19181=STYLED_ITEM('',(#19180),#19174);
#19182=CARTESIAN_POINT('',(-7.5E-1,0.E0,0.E0));
#19183=DIRECTION('',(-1.E0,0.E0,0.E0));
#19184=DIRECTION('',(0.E0,0.E0,1.E0));
#19185=AXIS2_PLACEMENT_3D('',#19182,#19183,#19184);
#19186=PLANE('',#19185);
#19188=ORIENTED_EDGE('',*,*,#19187,.T.);
#19189=ORIENTED_EDGE('',*,*,#19126,.F.);
#19190=ORIENTED_EDGE('',*,*,#19149,.F.);
#19191=ORIENTED_EDGE('',*,*,#19169,.F.);
#19192=ORIENTED_EDGE('',*,*,#17938,.T.);
#19194=ORIENTED_EDGE('',*,*,#19193,.F.);
#19196=ORIENTED_EDGE('',*,*,#19195,.F.);
#19197=ORIENTED_EDGE('',*,*,#19077,.F.);
#19198=EDGE_LOOP('',(#19188,#19189,#19190,#19191,#19192,#19194,#19196,#19197));
#19199=FACE_OUTER_BOUND('',#19198,.F.);
#19200=ADVANCED_FACE('',(#19199),#19186,.T.);
#19201=FILL_AREA_STYLE_COLOUR('',#27);
#19202=FILL_AREA_STYLE('',(#19201));
#19203=SURFACE_STYLE_FILL_AREA(#19202);
#19204=SURFACE_SIDE_STYLE('',(#19203));
#19205=SURFACE_STYLE_USAGE(.POSITIVE.,#19204);
#19206=PRESENTATION_STYLE_ASSIGNMENT((#19205));
#19207=STYLED_ITEM('',(#19206),#19200);
#19208=CARTESIAN_POINT('',(-6.E-1,-7.55E0,-6.5E-1));
#19209=DIRECTION('',(-7.071067811865E-1,0.E0,-7.071067811865E-1));
#19210=DIRECTION('',(-7.071067811865E-1,0.E0,7.071067811865E-1));
#19211=AXIS2_PLACEMENT_3D('',#19208,#19209,#19210);
#19212=PLANE('',#19211);
#19213=ORIENTED_EDGE('',*,*,#19187,.F.);
#19214=ORIENTED_EDGE('',*,*,#19075,.T.);
#19215=ORIENTED_EDGE('',*,*,#19102,.T.);
#19216=ORIENTED_EDGE('',*,*,#19128,.T.);
#19217=EDGE_LOOP('',(#19213,#19214,#19215,#19216));
#19218=FACE_OUTER_BOUND('',#19217,.F.);
#19219=ADVANCED_FACE('',(#19218),#19212,.T.);
#19220=FILL_AREA_STYLE_COLOUR('',#27);
#19221=FILL_AREA_STYLE('',(#19220));
#19222=SURFACE_STYLE_FILL_AREA(#19221);
#19223=SURFACE_SIDE_STYLE('',(#19222));
#19224=SURFACE_STYLE_USAGE(.POSITIVE.,#19223);
#19225=PRESENTATION_STYLE_ASSIGNMENT((#19224));
#19226=STYLED_ITEM('',(#19225),#19219);
#19227=CARTESIAN_POINT('',(7.5E-1,-6.6645E0,1.2E0));
#19228=DIRECTION('',(0.E0,0.E0,1.E0));
#19229=DIRECTION('',(0.E0,1.E0,0.E0));
#19230=AXIS2_PLACEMENT_3D('',#19227,#19228,#19229);
#19231=PLANE('',#19230);
#19232=ORIENTED_EDGE('',*,*,#18982,.F.);
#19234=ORIENTED_EDGE('',*,*,#19233,.T.);
#19235=ORIENTED_EDGE('',*,*,#19193,.T.);
#19236=ORIENTED_EDGE('',*,*,#17936,.F.);
#19237=EDGE_LOOP('',(#19232,#19234,#19235,#19236));
#19238=FACE_OUTER_BOUND('',#19237,.F.);
#19239=ADVANCED_FACE('',(#19238),#19231,.T.);
#19240=FILL_AREA_STYLE_COLOUR('',#27);
#19241=FILL_AREA_STYLE('',(#19240));
#19242=SURFACE_STYLE_FILL_AREA(#19241);
#19243=SURFACE_SIDE_STYLE('',(#19242));
#19244=SURFACE_STYLE_USAGE(.POSITIVE.,#19243);
#19245=PRESENTATION_STYLE_ASSIGNMENT((#19244));
#19246=STYLED_ITEM('',(#19245),#19239);
#19247=CARTESIAN_POINT('',(7.5E-1,-6.6645E0,1.645E-1));
#19248=DIRECTION('',(-1.E0,0.E0,0.E0));
#19249=DIRECTION('',(0.E0,0.E0,1.E0));
#19250=AXIS2_PLACEMENT_3D('',#19247,#19248,#19249);
#19251=CYLINDRICAL_SURFACE('',#19250,1.0355E0);
#19252=ORIENTED_EDGE('',*,*,#18980,.F.);
#19253=ORIENTED_EDGE('',*,*,#19079,.T.);
#19254=ORIENTED_EDGE('',*,*,#19195,.T.);
#19255=ORIENTED_EDGE('',*,*,#19233,.F.);
#19256=EDGE_LOOP('',(#19252,#19253,#19254,#19255));
#19257=FACE_OUTER_BOUND('',#19256,.F.);
#19258=ADVANCED_FACE('',(#19257),#19251,.T.);
#19259=FILL_AREA_STYLE_COLOUR('',#27);
#19260=FILL_AREA_STYLE('',(#19259));
#19261=SURFACE_STYLE_FILL_AREA(#19260);
#19262=SURFACE_SIDE_STYLE('',(#19261));
#19263=SURFACE_STYLE_USAGE(.POSITIVE.,#19262);
#19264=PRESENTATION_STYLE_ASSIGNMENT((#19263));
#19265=STYLED_ITEM('',(#19264),#19258);
#19266=CARTESIAN_POINT('',(3.25E0,-6.E0,9.E-1));
#19267=DIRECTION('',(0.E0,0.E0,-1.E0));
#19268=DIRECTION('',(0.E0,-1.E0,0.E0));
#19269=AXIS2_PLACEMENT_3D('',#19266,#19267,#19268);
#19270=PLANE('',#19269);
#19271=ORIENTED_EDGE('',*,*,#17777,.F.);
#19272=ORIENTED_EDGE('',*,*,#17831,.T.);
#19274=ORIENTED_EDGE('',*,*,#19273,.F.);
#19275=ORIENTED_EDGE('',*,*,#17944,.T.);
#19277=ORIENTED_EDGE('',*,*,#19276,.T.);
#19279=ORIENTED_EDGE('',*,*,#19278,.F.);
#19280=EDGE_LOOP('',(#19271,#19272,#19274,#19275,#19277,#19279));
#19281=FACE_OUTER_BOUND('',#19280,.F.);
#19282=ADVANCED_FACE('',(#19281),#19270,.T.);
#19283=FILL_AREA_STYLE_COLOUR('',#27);
#19284=FILL_AREA_STYLE('',(#19283));
#19285=SURFACE_STYLE_FILL_AREA(#19284);
#19286=SURFACE_SIDE_STYLE('',(#19285));
#19287=SURFACE_STYLE_USAGE(.POSITIVE.,#19286);
#19288=PRESENTATION_STYLE_ASSIGNMENT((#19287));
#19289=STYLED_ITEM('',(#19288),#19282);
#19290=CARTESIAN_POINT('',(4.6E0,-6.E0,9.E-1));
#19291=DIRECTION('',(1.E0,0.E0,0.E0));
#19292=DIRECTION('',(0.E0,0.E0,1.E0));
#19293=AXIS2_PLACEMENT_3D('',#19290,#19291,#19292);
#19294=PLANE('',#19293);
#19295=ORIENTED_EDGE('',*,*,#17946,.F.);
#19296=ORIENTED_EDGE('',*,*,#19273,.T.);
#19297=ORIENTED_EDGE('',*,*,#17829,.T.);
#19299=ORIENTED_EDGE('',*,*,#19298,.F.);
#19300=EDGE_LOOP('',(#19295,#19296,#19297,#19299));
#19301=FACE_OUTER_BOUND('',#19300,.F.);
#19302=ADVANCED_FACE('',(#19301),#19294,.T.);
#19303=FILL_AREA_STYLE_COLOUR('',#27);
#19304=FILL_AREA_STYLE('',(#19303));
#19305=SURFACE_STYLE_FILL_AREA(#19304);
#19306=SURFACE_SIDE_STYLE('',(#19305));
#19307=SURFACE_STYLE_USAGE(.POSITIVE.,#19306);
#19308=PRESENTATION_STYLE_ASSIGNMENT((#19307));
#19309=STYLED_ITEM('',(#19308),#19302);
#19310=CARTESIAN_POINT('',(3.25E0,-6.6645E0,1.2E0));
#19311=DIRECTION('',(0.E0,0.E0,1.E0));
#19312=DIRECTION('',(0.E0,1.E0,0.E0));
#19313=AXIS2_PLACEMENT_3D('',#19310,#19311,#19312);
#19314=PLANE('',#19313);
#19315=ORIENTED_EDGE('',*,*,#17948,.T.);
#19316=ORIENTED_EDGE('',*,*,#19298,.T.);
#19317=ORIENTED_EDGE('',*,*,#17827,.T.);
#19318=ORIENTED_EDGE('',*,*,#17786,.F.);
#19320=ORIENTED_EDGE('',*,*,#19319,.T.);
#19322=ORIENTED_EDGE('',*,*,#19321,.T.);
#19323=EDGE_LOOP('',(#19315,#19316,#19317,#19318,#19320,#19322));
#19324=FACE_OUTER_BOUND('',#19323,.F.);
#19325=ADVANCED_FACE('',(#19324),#19314,.T.);
#19326=FILL_AREA_STYLE_COLOUR('',#27);
#19327=FILL_AREA_STYLE('',(#19326));
#19328=SURFACE_STYLE_FILL_AREA(#19327);
#19329=SURFACE_SIDE_STYLE('',(#19328));
#19330=SURFACE_STYLE_USAGE(.POSITIVE.,#19329);
#19331=PRESENTATION_STYLE_ASSIGNMENT((#19330));
#19332=STYLED_ITEM('',(#19331),#19325);
#19333=CARTESIAN_POINT('',(3.25E0,-6.6645E0,1.645E-1));
#19334=DIRECTION('',(-1.E0,0.E0,0.E0));
#19335=DIRECTION('',(0.E0,0.E0,1.E0));
#19336=AXIS2_PLACEMENT_3D('',#19333,#19334,#19335);
#19337=CYLINDRICAL_SURFACE('',#19336,1.0355E0);
#19338=ORIENTED_EDGE('',*,*,#17784,.F.);
#19339=ORIENTED_EDGE('',*,*,#17706,.T.);
#19341=ORIENTED_EDGE('',*,*,#19340,.T.);
#19342=ORIENTED_EDGE('',*,*,#19319,.F.);
#19343=EDGE_LOOP('',(#19338,#19339,#19341,#19342));
#19344=FACE_OUTER_BOUND('',#19343,.F.);
#19345=ADVANCED_FACE('',(#19344),#19337,.T.);
#19346=FILL_AREA_STYLE_COLOUR('',#27);
#19347=FILL_AREA_STYLE('',(#19346));
#19348=SURFACE_STYLE_FILL_AREA(#19347);
#19349=SURFACE_SIDE_STYLE('',(#19348));
#19350=SURFACE_STYLE_USAGE(.POSITIVE.,#19349);
#19351=PRESENTATION_STYLE_ASSIGNMENT((#19350));
#19352=STYLED_ITEM('',(#19351),#19345);
#19353=CARTESIAN_POINT('',(1.75E0,0.E0,0.E0));
#19354=DIRECTION('',(-1.E0,0.E0,0.E0));
#19355=DIRECTION('',(0.E0,0.E0,1.E0));
#19356=AXIS2_PLACEMENT_3D('',#19353,#19354,#19355);
#19357=PLANE('',#19356);
#19359=ORIENTED_EDGE('',*,*,#19358,.T.);
#19360=ORIENTED_EDGE('',*,*,#17755,.F.);
#19362=ORIENTED_EDGE('',*,*,#19361,.F.);
#19363=ORIENTED_EDGE('',*,*,#19276,.F.);
#19364=ORIENTED_EDGE('',*,*,#17950,.T.);
#19365=ORIENTED_EDGE('',*,*,#19321,.F.);
#19366=ORIENTED_EDGE('',*,*,#19340,.F.);
#19367=ORIENTED_EDGE('',*,*,#17704,.F.);
#19368=EDGE_LOOP('',(#19359,#19360,#19362,#19363,#19364,#19365,#19366,#19367));
#19369=FACE_OUTER_BOUND('',#19368,.F.);
#19370=ADVANCED_FACE('',(#19369),#19357,.T.);
#19371=FILL_AREA_STYLE_COLOUR('',#27);
#19372=FILL_AREA_STYLE('',(#19371));
#19373=SURFACE_STYLE_FILL_AREA(#19372);
#19374=SURFACE_SIDE_STYLE('',(#19373));
#19375=SURFACE_STYLE_USAGE(.POSITIVE.,#19374);
#19376=PRESENTATION_STYLE_ASSIGNMENT((#19375));
#19377=STYLED_ITEM('',(#19376),#19370);
#19378=CARTESIAN_POINT('',(1.9E0,-7.55E0,-6.5E-1));
#19379=DIRECTION('',(-7.071067811865E-1,0.E0,-7.071067811865E-1));
#19380=DIRECTION('',(-7.071067811865E-1,0.E0,7.071067811865E-1));
#19381=AXIS2_PLACEMENT_3D('',#19378,#19379,#19380);
#19382=PLANE('',#19381);
#19383=ORIENTED_EDGE('',*,*,#19358,.F.);
#19384=ORIENTED_EDGE('',*,*,#17702,.T.);
#19385=ORIENTED_EDGE('',*,*,#17730,.T.);
#19386=ORIENTED_EDGE('',*,*,#17757,.T.);
#19387=EDGE_LOOP('',(#19383,#19384,#19385,#19386));
#19388=FACE_OUTER_BOUND('',#19387,.F.);
#19389=ADVANCED_FACE('',(#19388),#19382,.T.);
#19390=FILL_AREA_STYLE_COLOUR('',#27);
#19391=FILL_AREA_STYLE('',(#19390));
#19392=SURFACE_STYLE_FILL_AREA(#19391);
#19393=SURFACE_SIDE_STYLE('',(#19392));
#19394=SURFACE_STYLE_USAGE(.POSITIVE.,#19393);
#19395=PRESENTATION_STYLE_ASSIGNMENT((#19394));
#19396=STYLED_ITEM('',(#19395),#19389);
#19397=CARTESIAN_POINT('',(3.25E0,-6.6645E0,1.645E-1));
#19398=DIRECTION('',(-1.E0,0.E0,0.E0));
#19399=DIRECTION('',(0.E0,0.E0,1.E0));
#19400=AXIS2_PLACEMENT_3D('',#19397,#19398,#19399);
#19401=CYLINDRICAL_SURFACE('',#19400,7.355E-1);
#19402=ORIENTED_EDGE('',*,*,#17779,.F.);
#19403=ORIENTED_EDGE('',*,*,#19278,.T.);
#19404=ORIENTED_EDGE('',*,*,#19361,.T.);
#19405=ORIENTED_EDGE('',*,*,#17753,.F.);
#19406=EDGE_LOOP('',(#19402,#19403,#19404,#19405));
#19407=FACE_OUTER_BOUND('',#19406,.F.);
#19408=ADVANCED_FACE('',(#19407),#19401,.F.);
#19409=FILL_AREA_STYLE_COLOUR('',#27);
#19410=FILL_AREA_STYLE('',(#19409));
#19411=SURFACE_STYLE_FILL_AREA(#19410);
#19412=SURFACE_SIDE_STYLE('',(#19411));
#19413=SURFACE_STYLE_USAGE(.POSITIVE.,#19412);
#19414=PRESENTATION_STYLE_ASSIGNMENT((#19413));
#19415=STYLED_ITEM('',(#19414),#19408);
#19416=CARTESIAN_POINT('',(-1.75E0,-6.E0,9.E-1));
#19417=DIRECTION('',(0.E0,0.E0,-1.E0));
#19418=DIRECTION('',(0.E0,-1.E0,0.E0));
#19419=AXIS2_PLACEMENT_3D('',#19416,#19417,#19418);
#19420=PLANE('',#19419);
#19421=ORIENTED_EDGE('',*,*,#17956,.T.);
#19422=ORIENTED_EDGE('',*,*,#17907,.T.);
#19423=ORIENTED_EDGE('',*,*,#17805,.T.);
#19424=ORIENTED_EDGE('',*,*,#17861,.T.);
#19426=ORIENTED_EDGE('',*,*,#19425,.F.);
#19428=ORIENTED_EDGE('',*,*,#19427,.F.);
#19429=EDGE_LOOP('',(#19421,#19422,#19423,#19424,#19426,#19428));
#19430=FACE_OUTER_BOUND('',#19429,.F.);
#19431=ADVANCED_FACE('',(#19430),#19420,.T.);
#19432=FILL_AREA_STYLE_COLOUR('',#27);
#19433=FILL_AREA_STYLE('',(#19432));
#19434=SURFACE_STYLE_FILL_AREA(#19433);
#19435=SURFACE_SIDE_STYLE('',(#19434));
#19436=SURFACE_STYLE_USAGE(.POSITIVE.,#19435);
#19437=PRESENTATION_STYLE_ASSIGNMENT((#19436));
#19438=STYLED_ITEM('',(#19437),#19431);
#19439=CARTESIAN_POINT('',(-1.75E0,-6.6645E0,1.645E-1));
#19440=DIRECTION('',(-1.E0,0.E0,0.E0));
#19441=DIRECTION('',(0.E0,0.E0,1.E0));
#19442=AXIS2_PLACEMENT_3D('',#19439,#19440,#19441);
#19443=CYLINDRICAL_SURFACE('',#19442,7.355E-1);
#19445=ORIENTED_EDGE('',*,*,#19444,.F.);
#19446=ORIENTED_EDGE('',*,*,#19425,.T.);
#19447=ORIENTED_EDGE('',*,*,#17859,.T.);
#19449=ORIENTED_EDGE('',*,*,#19448,.F.);
#19450=EDGE_LOOP('',(#19445,#19446,#19447,#19449));
#19451=FACE_OUTER_BOUND('',#19450,.F.);
#19452=ADVANCED_FACE('',(#19451),#19443,.F.);
#19453=FILL_AREA_STYLE_COLOUR('',#27);
#19454=FILL_AREA_STYLE('',(#19453));
#19455=SURFACE_STYLE_FILL_AREA(#19454);
#19456=SURFACE_SIDE_STYLE('',(#19455));
#19457=SURFACE_STYLE_USAGE(.POSITIVE.,#19456);
#19458=PRESENTATION_STYLE_ASSIGNMENT((#19457));
#19459=STYLED_ITEM('',(#19458),#19452);
#19460=CARTESIAN_POINT('',(-1.75E0,0.E0,0.E0));
#19461=DIRECTION('',(-1.E0,0.E0,0.E0));
#19462=DIRECTION('',(0.E0,0.E0,1.E0));
#19463=AXIS2_PLACEMENT_3D('',#19460,#19461,#19462);
#19464=PLANE('',#19463);
#19466=ORIENTED_EDGE('',*,*,#19465,.F.);
#19468=ORIENTED_EDGE('',*,*,#19467,.T.);
#19470=ORIENTED_EDGE('',*,*,#19469,.T.);
#19471=ORIENTED_EDGE('',*,*,#17884,.T.);
#19472=ORIENTED_EDGE('',*,*,#17958,.F.);
#19473=ORIENTED_EDGE('',*,*,#19427,.T.);
#19474=ORIENTED_EDGE('',*,*,#19444,.T.);
#19476=ORIENTED_EDGE('',*,*,#19475,.T.);
#19477=EDGE_LOOP('',(#19466,#19468,#19470,#19471,#19472,#19473,#19474,#19476));
#19478=FACE_OUTER_BOUND('',#19477,.F.);
#19479=ADVANCED_FACE('',(#19478),#19464,.F.);
#19480=FILL_AREA_STYLE_COLOUR('',#27);
#19481=FILL_AREA_STYLE('',(#19480));
#19482=SURFACE_STYLE_FILL_AREA(#19481);
#19483=SURFACE_SIDE_STYLE('',(#19482));
#19484=SURFACE_STYLE_USAGE(.POSITIVE.,#19483);
#19485=PRESENTATION_STYLE_ASSIGNMENT((#19484));
#19486=STYLED_ITEM('',(#19485),#19479);
#19487=CARTESIAN_POINT('',(-1.9E0,-7.55E0,-6.5E-1));
#19488=DIRECTION('',(7.071067811865E-1,0.E0,-7.071067811865E-1));
#19489=DIRECTION('',(-7.071067811865E-1,0.E0,-7.071067811865E-1));
#19490=AXIS2_PLACEMENT_3D('',#19487,#19488,#19489);
#19491=PLANE('',#19490);
#19493=ORIENTED_EDGE('',*,*,#19492,.F.);
#19495=ORIENTED_EDGE('',*,*,#19494,.T.);
#19496=ORIENTED_EDGE('',*,*,#19465,.T.);
#19498=ORIENTED_EDGE('',*,*,#19497,.T.);
#19499=EDGE_LOOP('',(#19493,#19495,#19496,#19498));
#19500=FACE_OUTER_BOUND('',#19499,.F.);
#19501=ADVANCED_FACE('',(#19500),#19491,.T.);
#19502=FILL_AREA_STYLE_COLOUR('',#27);
#19503=FILL_AREA_STYLE('',(#19502));
#19504=SURFACE_STYLE_FILL_AREA(#19503);
#19505=SURFACE_SIDE_STYLE('',(#19504));
#19506=SURFACE_STYLE_USAGE(.POSITIVE.,#19505);
#19507=PRESENTATION_STYLE_ASSIGNMENT((#19506));
#19508=STYLED_ITEM('',(#19507),#19501);
#19509=CARTESIAN_POINT('',(-2.05E0,-7.7E0,-5.E-1));
#19510=DIRECTION('',(-1.E0,0.E0,0.E0));
#19511=DIRECTION('',(0.E0,0.E0,-1.E0));
#19512=AXIS2_PLACEMENT_3D('',#19509,#19510,#19511);
#19513=PLANE('',#19512);
#19515=ORIENTED_EDGE('',*,*,#19514,.T.);
#19517=ORIENTED_EDGE('',*,*,#19516,.T.);
#19518=ORIENTED_EDGE('',*,*,#19492,.T.);
#19520=ORIENTED_EDGE('',*,*,#19519,.F.);
#19521=EDGE_LOOP('',(#19515,#19517,#19518,#19520));
#19522=FACE_OUTER_BOUND('',#19521,.F.);
#19523=ADVANCED_FACE('',(#19522),#19513,.F.);
#19524=FILL_AREA_STYLE_COLOUR('',#27);
#19525=FILL_AREA_STYLE('',(#19524));
#19526=SURFACE_STYLE_FILL_AREA(#19525);
#19527=SURFACE_SIDE_STYLE('',(#19526));
#19528=SURFACE_STYLE_USAGE(.POSITIVE.,#19527);
#19529=PRESENTATION_STYLE_ASSIGNMENT((#19528));
#19530=STYLED_ITEM('',(#19529),#19523);
#19531=CARTESIAN_POINT('',(-2.5E0,2.385962691280E1,-3.55E0));
#19532=DIRECTION('',(0.E0,-1.E0,0.E0));
#19533=DIRECTION('',(1.E0,0.E0,0.E0));
#19534=AXIS2_PLACEMENT_3D('',#19531,#19532,#19533);
#19535=CYLINDRICAL_SURFACE('',#19534,4.5E-1);
#19537=ORIENTED_EDGE('',*,*,#19536,.T.);
#19538=ORIENTED_EDGE('',*,*,#19514,.F.);
#19540=ORIENTED_EDGE('',*,*,#19539,.T.);
#19542=ORIENTED_EDGE('',*,*,#19541,.T.);
#19543=EDGE_LOOP('',(#19537,#19538,#19540,#19542));
#19544=FACE_OUTER_BOUND('',#19543,.F.);
#19545=ADVANCED_FACE('',(#19544),#19535,.T.);
#19546=FILL_AREA_STYLE_COLOUR('',#27);
#19547=FILL_AREA_STYLE('',(#19546));
#19548=SURFACE_STYLE_FILL_AREA(#19547);
#19549=SURFACE_SIDE_STYLE('',(#19548));
#19550=SURFACE_STYLE_USAGE(.POSITIVE.,#19549);
#19551=PRESENTATION_STYLE_ASSIGNMENT((#19550));
#19552=STYLED_ITEM('',(#19551),#19545);
#19553=CARTESIAN_POINT('',(-1.75E0,-7.7E0,-4.E0));
#19554=DIRECTION('',(0.E0,-1.E0,0.E0));
#19555=DIRECTION('',(0.E0,0.E0,1.E0));
#19556=AXIS2_PLACEMENT_3D('',#19553,#19554,#19555);
#19557=PLANE('',#19556);
#19558=ORIENTED_EDGE('',*,*,#19536,.F.);
#19560=ORIENTED_EDGE('',*,*,#19559,.T.);
#19562=ORIENTED_EDGE('',*,*,#19561,.F.);
#19563=ORIENTED_EDGE('',*,*,#17853,.T.);
#19565=ORIENTED_EDGE('',*,*,#19564,.F.);
#19566=ORIENTED_EDGE('',*,*,#19467,.F.);
#19567=ORIENTED_EDGE('',*,*,#19494,.F.);
#19568=ORIENTED_EDGE('',*,*,#19516,.F.);
#19569=EDGE_LOOP('',(#19558,#19560,#19562,#19563,#19565,#19566,#19567,#19568));
#19570=FACE_OUTER_BOUND('',#19569,.F.);
#19571=ADVANCED_FACE('',(#19570),#19557,.T.);
#19572=FILL_AREA_STYLE_COLOUR('',#27);
#19573=FILL_AREA_STYLE('',(#19572));
#19574=SURFACE_STYLE_FILL_AREA(#19573);
#19575=SURFACE_SIDE_STYLE('',(#19574));
#19576=SURFACE_STYLE_USAGE(.POSITIVE.,#19575);
#19577=PRESENTATION_STYLE_ASSIGNMENT((#19576));
#19578=STYLED_ITEM('',(#19577),#19571);
#19579=CARTESIAN_POINT('',(-2.95E0,-7.7E0,-4.E0));
#19580=DIRECTION('',(1.E0,0.E0,0.E0));
#19581=DIRECTION('',(0.E0,0.E0,1.E0));
#19582=AXIS2_PLACEMENT_3D('',#19579,#19580,#19581);
#19583=PLANE('',#19582);
#19584=ORIENTED_EDGE('',*,*,#19541,.F.);
#19586=ORIENTED_EDGE('',*,*,#19585,.T.);
#19588=ORIENTED_EDGE('',*,*,#19587,.F.);
#19589=ORIENTED_EDGE('',*,*,#19559,.F.);
#19590=EDGE_LOOP('',(#19584,#19586,#19588,#19589));
#19591=FACE_OUTER_BOUND('',#19590,.F.);
#19592=ADVANCED_FACE('',(#19591),#19583,.F.);
#19593=FILL_AREA_STYLE_COLOUR('',#27);
#19594=FILL_AREA_STYLE('',(#19593));
#19595=SURFACE_STYLE_FILL_AREA(#19594);
#19596=SURFACE_SIDE_STYLE('',(#19595));
#19597=SURFACE_STYLE_USAGE(.POSITIVE.,#19596);
#19598=PRESENTATION_STYLE_ASSIGNMENT((#19597));
#19599=STYLED_ITEM('',(#19598),#19592);
#19600=CARTESIAN_POINT('',(-1.75E0,-7.4E0,1.645E-1));
#19601=DIRECTION('',(0.E0,1.E0,0.E0));
#19602=DIRECTION('',(0.E0,0.E0,-1.E0));
#19603=AXIS2_PLACEMENT_3D('',#19600,#19601,#19602);
#19604=PLANE('',#19603);
#19605=ORIENTED_EDGE('',*,*,#19539,.F.);
#19606=ORIENTED_EDGE('',*,*,#19519,.T.);
#19607=ORIENTED_EDGE('',*,*,#19497,.F.);
#19608=ORIENTED_EDGE('',*,*,#19475,.F.);
#19609=ORIENTED_EDGE('',*,*,#19448,.T.);
#19610=ORIENTED_EDGE('',*,*,#17857,.T.);
#19612=ORIENTED_EDGE('',*,*,#19611,.F.);
#19613=ORIENTED_EDGE('',*,*,#19585,.F.);
#19614=EDGE_LOOP('',(#19605,#19606,#19607,#19608,#19609,#19610,#19612,#19613));
#19615=FACE_OUTER_BOUND('',#19614,.F.);
#19616=ADVANCED_FACE('',(#19615),#19604,.T.);
#19617=FILL_AREA_STYLE_COLOUR('',#27);
#19618=FILL_AREA_STYLE('',(#19617));
#19619=SURFACE_STYLE_FILL_AREA(#19618);
#19620=SURFACE_SIDE_STYLE('',(#19619));
#19621=SURFACE_STYLE_USAGE(.POSITIVE.,#19620);
#19622=PRESENTATION_STYLE_ASSIGNMENT((#19621));
#19623=STYLED_ITEM('',(#19622),#19616);
#19624=CARTESIAN_POINT('',(-3.1E0,-7.55E0,-6.5E-1));
#19625=DIRECTION('',(-7.071067811865E-1,0.E0,-7.071067811865E-1));
#19626=DIRECTION('',(-7.071067811865E-1,0.E0,7.071067811865E-1));
#19627=AXIS2_PLACEMENT_3D('',#19624,#19625,#19626);
#19628=PLANE('',#19627);
#19629=ORIENTED_EDGE('',*,*,#17855,.F.);
#19630=ORIENTED_EDGE('',*,*,#19561,.T.);
#19631=ORIENTED_EDGE('',*,*,#19587,.T.);
#19632=ORIENTED_EDGE('',*,*,#19611,.T.);
#19633=EDGE_LOOP('',(#19629,#19630,#19631,#19632));
#19634=FACE_OUTER_BOUND('',#19633,.F.);
#19635=ADVANCED_FACE('',(#19634),#19628,.T.);
#19636=FILL_AREA_STYLE_COLOUR('',#27);
#19637=FILL_AREA_STYLE('',(#19636));
#19638=SURFACE_STYLE_FILL_AREA(#19637);
#19639=SURFACE_SIDE_STYLE('',(#19638));
#19640=SURFACE_STYLE_USAGE(.POSITIVE.,#19639);
#19641=PRESENTATION_STYLE_ASSIGNMENT((#19640));
#19642=STYLED_ITEM('',(#19641),#19635);
#19643=CARTESIAN_POINT('',(-1.75E0,-6.6645E0,1.645E-1));
#19644=DIRECTION('',(-1.E0,0.E0,0.E0));
#19645=DIRECTION('',(0.E0,0.E0,1.E0));
#19646=AXIS2_PLACEMENT_3D('',#19643,#19644,#19645);
#19647=CYLINDRICAL_SURFACE('',#19646,1.0355E0);
#19648=ORIENTED_EDGE('',*,*,#19469,.F.);
#19649=ORIENTED_EDGE('',*,*,#19564,.T.);
#19650=ORIENTED_EDGE('',*,*,#17851,.T.);
#19651=ORIENTED_EDGE('',*,*,#17886,.F.);
#19652=EDGE_LOOP('',(#19648,#19649,#19650,#19651));
#19653=FACE_OUTER_BOUND('',#19652,.F.);
#19654=ADVANCED_FACE('',(#19653),#19647,.T.);
#19655=FILL_AREA_STYLE_COLOUR('',#27);
#19656=FILL_AREA_STYLE('',(#19655));
#19657=SURFACE_STYLE_FILL_AREA(#19656);
#19658=SURFACE_SIDE_STYLE('',(#19657));
#19659=SURFACE_STYLE_USAGE(.POSITIVE.,#19658);
#19660=PRESENTATION_STYLE_ASSIGNMENT((#19659));
#19661=STYLED_ITEM('',(#19660),#19654);
#19662=CLOSED_SHELL('',(#17642,#17664,#17686,#17714,#17735,#17762,#17790,#17813,
#17835,#17865,#17890,#17911,#17962,#18008,#18030,#18051,#18072,#18093,#18114,
#18155,#18174,#18194,#18215,#18235,#18255,#18275,#18294,#18314,#18354,#18373,
#18403,#18425,#18454,#18476,#18504,#18524,#18544,#18571,#18591,#18610,#18630,
#18649,#18668,#18698,#18720,#18742,#18764,#18791,#18812,#18838,#18859,#18879,
#18905,#18924,#18944,#18963,#18993,#19015,#19037,#19059,#19086,#19107,#19133,
#19154,#19174,#19200,#19219,#19239,#19258,#19282,#19302,#19325,#19345,#19370,
#19389,#19408,#19431,#19452,#19479,#19501,#19523,#19545,#19571,#19592,#19616,
#19635,#19654));
#19663=MANIFOLD_SOLID_BREP('',#19662);
#19665=DIMENSIONAL_EXPONENTS(0.E0,0.E0,0.E0,0.E0,0.E0,0.E0,0.E0);
#19667=PLANE_ANGLE_MEASURE_WITH_UNIT(PLANE_ANGLE_MEASURE(1.745329251994E-2),
#19666);
#19668=(CONVERSION_BASED_UNIT('DEGREE',#19667)NAMED_UNIT(*)PLANE_ANGLE_UNIT());
#19670=UNCERTAINTY_MEASURE_WITH_UNIT(LENGTH_MEASURE(2.841409611852E-3),#19664,
'closure',
'Maximum model space distance between geometric entities at asserted connectivities');
#19671=(GEOMETRIC_REPRESENTATION_CONTEXT(3)GLOBAL_UNCERTAINTY_ASSIGNED_CONTEXT((
#19670))GLOBAL_UNIT_ASSIGNED_CONTEXT((#19664,#19668,#19669))REPRESENTATION_CONTEXT('ID1','3'));
#19673=MECHANICAL_DESIGN_GEOMETRIC_PRESENTATION_REPRESENTATION('',(#2591,#2793,
#2812,#2851,#2872,#2894,#2914,#2937,#2956,#2978,#3000,#3024,#3049,#3070,#3089,
#3118,#3139,#3220,#3242,#3263,#3283,#3308,#3328,#3348,#3367,#3387,#3407,#3426,
#3445,#3475,#3504,#3526,#3549,#3573,#3598,#3621,#3646,#3667,#3694,#3715,#3737,
#3758,#3786,#3810,#3835,#3858,#3882,#3909,#3929,#3949,#3969,#3994,#4029,#4049,
#4075,#4094,#4113,#4132,#4157,#4176,#4196,#4216,#4235,#4254,#4274,#4294,#4313,
#4333,#4353,#4372,#4392,#4411,#4433,#4454,#4475,#4496,#4517,#4537,#4558,#4652,
#4691,#4760,#4799,#4820,#4840,#4860,#4880,#4900,#4920,#4939,#4959,#4979,#4999,
#5019,#5039,#5059,#5079,#5099,#5119,#5139,#5159,#5179,#5199,#5219,#5239,#5259,
#5279,#5299,#5319,#5339,#5359,#5379,#5399,#5419,#5439,#5459,#5479,#5499,#5519,
#5539,#5559,#5578,#5599,#5619,#5639,#5659,#5679,#5699,#5719,#5739,#5759,#5779,
#5799,#5818,#5839,#5859,#5879,#5899,#5919,#5939,#5959,#5979,#5999,#6019,#6039,
#6059,#6079,#6098,#6119,#6139,#6159,#6179,#6199,#6219,#6239,#6259,#6279,#6299,
#6319,#6338,#6359,#6379,#6399,#6419,#6439,#6459,#6479,#6498,#6519,#6539,#6558,
#7222,#7244,#7270,#7294,#7318,#7348,#7394,#7423,#7444,#7480,#7517,#7537,#7557,
#7576,#7596,#7616,#7637,#7657,#7677,#7697,#7716,#7737,#7756,#7776,#7796,#7815,
#7834,#7854,#7875,#7897,#7917,#7937,#7960,#7982,#8002,#8040,#8064,#8082,#8112,
#8130,#8150,#8170,#8191,#8210,#11674,#11719,#11935,#11956,#11991,#12013,#12058,
#12102,#12121,#12142,#12161,#12183,#12205,#12227,#12280,#12302,#12324,#12345,
#12382,#12421,#12442,#12479,#12518,#12538,#12581,#12601,#12629,#12650,#12683,
#12703,#12725,#12746,#12767,#12786,#12806,#12827,#12847,#12869,#12891,#12913,
#12961,#12982,#13004,#13025,#13045,#13092,#13112,#13132,#13152,#13176,#13211,
#13231,#13248,#13271,#13291,#13311,#13330,#13350,#13367,#13387,#13415,#13436,
#13470,#13489,#13509,#13529,#13549,#13569,#13588,#13607,#13627,#13649,#13670,
#13691,#13710,#13731,#13751,#13785,#13806,#13834,#13853,#13873,#13895,#13916,
#13937,#13956,#13976,#13997,#14017,#14039,#14059,#14079,#14113,#14133,#14153,
#14173,#14193,#14212,#14231,#14252,#14280,#14299,#14319,#14341,#14362,#14383,
#14402,#14422,#14442,#14462,#14486,#14521,#14544,#14564,#14583,#14603,#14620,
#14640,#14657,#14679,#14700,#14721,#14742,#14763,#14784,#14842,#14869,#14933,
#15056,#15116,#15136,#15156,#15176,#15196,#15215,#15236,#15255,#15275,#15295,
#15315,#15335,#15355,#15375,#15395,#15415,#15435,#15455,#15474,#17649,#17671,
#17693,#17721,#17742,#17769,#17797,#17820,#17842,#17872,#17897,#17918,#17969,
#18015,#18037,#18058,#18079,#18100,#18121,#18162,#18181,#18201,#18222,#18242,
#18262,#18282,#18301,#18321,#18361,#18380,#18410,#18432,#18461,#18483,#18511,
#18531,#18551,#18578,#18598,#18617,#18637,#18656,#18675,#18705,#18727,#18749,
#18771,#18798,#18819,#18845,#18866,#18886,#18912,#18931,#18951,#18970,#19000,
#19022,#19044,#19066,#19093,#19114,#19140,#19161,#19181,#19207,#19226,#19246,
#19265,#19289,#19309,#19332,#19352,#19377,#19396,#19415,#19438,#19459,#19486,
#19508,#19530,#19552,#19578,#19599,#19623,#19642,#19661),#19671);
#19674=APPLICATION_CONTEXT(
'CONFIGURATION CONTROLLED 3D DESIGNS OF MECHANICAL PARTS AND ASSEMBLIES');
#19675=APPLICATION_PROTOCOL_DEFINITION('international standard',
'ccd_cla_gvp_ast_asd',1995,#19674);
#19676=DESIGN_CONTEXT('',#19674,'design');
#19677=MECHANICAL_CONTEXT('',#19674,'mechanical');
#19678=PRODUCT('58','58','NOT SPECIFIED',(#19677));
#19679=PRODUCT_DEFINITION_FORMATION_WITH_SPECIFIED_SOURCE('1','LAST_VERSION',
#19678,.MADE.);
#19687=DERIVED_UNIT_ELEMENT(#19686,2.E0);
#19688=DERIVED_UNIT((#19687));
#19689=MEASURE_REPRESENTATION_ITEM('surface area measure',AREA_MEASURE(
1.723135186309E3),#19688);
#19694=DERIVED_UNIT_ELEMENT(#19693,3.E0);
#19695=DERIVED_UNIT((#19694));
#19696=MEASURE_REPRESENTATION_ITEM('volume measure',VOLUME_MEASURE(
8.582024840250E2),#19695);
#19700=CARTESIAN_POINT('centre point',(-7.833081892982E-6,-3.442690548467E-2,
4.159241538066E0));
#19705=DERIVED_UNIT_ELEMENT(#19704,2.E0);
#19706=DERIVED_UNIT((#19705));
#19707=MEASURE_REPRESENTATION_ITEM('surface area measure',AREA_MEASURE(
1.723135186309E3),#19706);
#19712=DERIVED_UNIT_ELEMENT(#19711,3.E0);
#19713=DERIVED_UNIT((#19712));
#19714=MEASURE_REPRESENTATION_ITEM('volume measure',VOLUME_MEASURE(
8.582024840250E2),#19713);
#19718=CARTESIAN_POINT('centre point',(-7.833081892982E-6,-3.442690548467E-2,
4.159241538066E0));
#19723=PRODUCT_CATEGORY('part','');
#19724=PRODUCT_RELATED_PRODUCT_CATEGORY('detail','',(#19678));
#19725=PRODUCT_CATEGORY_RELATIONSHIP('','',#19723,#19724);
#19726=SECURITY_CLASSIFICATION_LEVEL('unclassified');
#19727=SECURITY_CLASSIFICATION('','',#19726);
#19728=CC_DESIGN_SECURITY_CLASSIFICATION(#19727,(#19679));
#19729=APPROVAL_STATUS('approved');
#19730=APPROVAL(#19729,'');
#19731=CC_DESIGN_APPROVAL(#19730,(#19727,#19679,#19680));
#19732=CALENDAR_DATE(121,7,5);
#19733=COORDINATED_UNIVERSAL_TIME_OFFSET(8,0,.AHEAD.);
#19734=LOCAL_TIME(16,25,2.7E1,#19733);
#19735=DATE_AND_TIME(#19732,#19734);
#19736=APPROVAL_DATE_TIME(#19735,#19730);
#19737=DATE_TIME_ROLE('creation_date');
#19738=CC_DESIGN_DATE_AND_TIME_ASSIGNMENT(#19735,#19737,(#19680));
#19739=DATE_TIME_ROLE('classification_date');
#19740=CC_DESIGN_DATE_AND_TIME_ASSIGNMENT(#19735,#19739,(#19727));
#19741=PERSON('UNSPECIFIED','UNSPECIFIED',$,$,$,$);
#19742=ORGANIZATION('UNSPECIFIED','UNSPECIFIED','UNSPECIFIED');
#19743=PERSON_AND_ORGANIZATION(#19741,#19742);
#19744=APPROVAL_ROLE('approver');
#19745=APPROVAL_PERSON_ORGANIZATION(#19743,#19730,#19744);
#19746=PERSON_AND_ORGANIZATION_ROLE('creator');
#19747=CC_DESIGN_PERSON_AND_ORGANIZATION_ASSIGNMENT(#19743,#19746,(#19679,
#19680));
#19748=PERSON_AND_ORGANIZATION_ROLE('design_supplier');
#19749=CC_DESIGN_PERSON_AND_ORGANIZATION_ASSIGNMENT(#19743,#19748,(#19679));
#19750=PERSON_AND_ORGANIZATION_ROLE('classification_officer');
#19751=CC_DESIGN_PERSON_AND_ORGANIZATION_ASSIGNMENT(#19743,#19750,(#19727));
#19752=PERSON_AND_ORGANIZATION_ROLE('design_owner');
#19753=CC_DESIGN_PERSON_AND_ORGANIZATION_ASSIGNMENT(#19743,#19752,(#19678));
#1=COLOUR_RGB('',0.E0,6.E-1,0.E0);
#2=DRAUGHTING_PRE_DEFINED_COLOUR('green');
#3=DRAUGHTING_PRE_DEFINED_COLOUR('cyan');
#4=COLOUR_RGB('',1.1E-2,1.2E-2,1.E0);
#5=COLOUR_RGB('',4.009883764120E-2,8.495145631068E-1,8.017649822361E-1);
#6=COLOUR_RGB('',5.301369206133E-2,7.618352760022E-1,8.495145631068E-1);
#7=COLOUR_RGB('',5.951643219434E-2,7.382592089561E-1,7.669902912621E-1);
#8=COLOUR_RGB('',2.05822E-1,6.19062E-1,1.E0);
#9=COLOUR_RGB('',2.36094E-1,9.46602E-1,5.52616E-1);
#10=COLOUR_RGB('',2.49026E-1,9.46602E-1,4.73599E-1);
#11=COLOUR_RGB('',2.62136E-1,2.62136E-1,2.62136E-1);
#12=COLOUR_RGB('',2.62136E-1,2.62136E-1,2.62136E-1);
#13=COLOUR_RGB('',4.1E-1,2.61589E-1,1.12848E-1);
#14=COLOUR_RGB('',5.019607843137E-1,5.019607843137E-1,5.019607843137E-1);
#15=COLOUR_RGB('',6.26154E-1,6.64103E-1,7.18447E-1);
#16=COLOUR_RGB('',6.35294E-1,6.86275E-1,7.4902E-1);
#17=COLOUR_RGB('',6.40777E-1,6.40777E-1,6.40777E-1);
#18=COLOUR_RGB('',6.649243748051E-1,6.649243748051E-1,6.650485436893E-1);
#19=COLOUR_RGB('',6.649243748051E-1,6.649243748051E-1,6.650485436893E-1);
#20=COLOUR_RGB('',6.69062E-1,6.69903E-1,6.55217E-1);
#21=COLOUR_RGB('',6.86275E-1,2.0726E-1,1.8798E-1);
#22=COLOUR_RGB('',6.86275E-1,2.79807E-1,2.47651E-1);
#23=COLOUR_RGB('',7.815533980583E-1,7.815533980583E-1,7.815533980583E-1);
#24=COLOUR_RGB('',8.20388E-1,8.20388E-1,8.20388E-1);
#25=COLOUR_RGB('',8.5098E-1,8.07843E-1,7.37255E-1);
#26=COLOUR_RGB('',8.980360524321E-1,8.980360524321E-1,8.980582524272E-1);
#27=COLOUR_RGB('',8.980360524321E-1,8.980360524321E-1,8.980582524272E-1);
#28=COLOUR_RGB('',9.077445502962E-1,9.077445502962E-1,9.077669902913E-1);
#29=COLOUR_RGB('',9.21569E-1,7.05882E-1,4.70588E-1);
#30=COLOUR_RGB('',9.61165E-1,9.41311E-1,8.98032E-1);
#31=COLOUR_RGB('',9.7085E-1,9.7085E-1,9.70874E-1);
#32=DRAUGHTING_PRE_DEFINED_COLOUR('red');
#33=DRAUGHTING_PRE_DEFINED_COLOUR('magenta');
#34=DRAUGHTING_PRE_DEFINED_COLOUR('yellow');
#35=COLOUR_RGB('',1.E0,1.E0,5.3E-1);
#36=DRAUGHTING_PRE_DEFINED_COLOUR('white');
#45=CIRCLE('',#44,2.E0);
#50=CIRCLE('',#49,2.E0);
#55=CIRCLE('',#54,7.5E-1);
#60=CIRCLE('',#59,4.3E0);
#69=CIRCLE('',#68,4.3E0);
#78=CIRCLE('',#77,4.3E0);
#83=CIRCLE('',#82,4.E-1);
#88=CIRCLE('',#87,4.3E0);
#481=CIRCLE('',#480,2.E0);
#486=CIRCLE('',#485,2.E0);
#491=CIRCLE('',#490,1.E0);
#496=CIRCLE('',#495,1.E0);
#501=CIRCLE('',#500,6.E-1);
#506=CIRCLE('',#505,6.E-1);
#511=CIRCLE('',#510,1.E0);
#524=CIRCLE('',#523,6.E-1);
#529=CIRCLE('',#528,6.E-1);
#534=CIRCLE('',#533,4.E-1);
#539=CIRCLE('',#538,4.E-1);
#544=CIRCLE('',#543,7.95E-1);
#549=CIRCLE('',#548,7.95E-1);
#554=CIRCLE('',#553,5.45E-1);
#559=CIRCLE('',#558,5.45E-1);
#576=CIRCLE('',#575,7.5E-1);
#581=CIRCLE('',#580,7.5E-1);
#586=CIRCLE('',#585,4.3E0);
#595=CIRCLE('',#594,4.3E0);
#604=CIRCLE('',#603,4.3E0);
#609=CIRCLE('',#608,7.5E-1);
#614=CIRCLE('',#613,4.E-1);
#619=CIRCLE('',#618,4.E-1);
#624=CIRCLE('',#623,4.E-1);
#629=CIRCLE('',#628,4.3E0);
#730=CIRCLE('',#729,7.5E-1);
#747=CIRCLE('',#746,7.5E-1);
#812=CIRCLE('',#811,1.E0);
#833=CIRCLE('',#832,1.E0);
#854=CIRCLE('',#853,1.E0);
#875=CIRCLE('',#874,1.E0);
#1044=CIRCLE('',#1043,1.E0);
#1053=CIRCLE('',#1052,1.E0);
#1078=CIRCLE('',#1077,1.E0);
#1087=CIRCLE('',#1086,1.E0);
#1188=CIRCLE('',#1187,1.E0);
#2574=EDGE_CURVE('',#2382,#2384,#248,.T.);
#2576=EDGE_CURVE('',#2382,#2192,#40,.T.);
#2578=EDGE_CURVE('',#2192,#2194,#1272,.T.);
#2580=EDGE_CURVE('',#2384,#2194,#1624,.T.);
#2597=EDGE_CURVE('',#2563,#2564,#55,.T.);
#2599=EDGE_CURVE('',#1956,#2564,#60,.T.);
#2601=EDGE_CURVE('',#1954,#1956,#64,.T.);
#2603=EDGE_CURVE('',#1952,#1954,#69,.T.);
#2605=EDGE_CURVE('',#1951,#1952,#73,.T.);
#2607=EDGE_CURVE('',#2563,#1951,#78,.T.);
#2611=EDGE_CURVE('',#1971,#1972,#45,.T.);
#2613=EDGE_CURVE('',#1972,#1971,#50,.T.);
#2617=EDGE_CURVE('',#2305,#2306,#92,.T.);
#2619=EDGE_CURVE('',#2306,#2308,#96,.T.);
#2621=EDGE_CURVE('',#2308,#2310,#100,.T.);
#2623=EDGE_CURVE('',#2310,#2312,#104,.T.);
#2625=EDGE_CURVE('',#2312,#2314,#108,.T.);
#2627=EDGE_CURVE('',#2314,#2305,#112,.T.);
#2631=EDGE_CURVE('',#2317,#2318,#116,.T.);
#2633=EDGE_CURVE('',#2318,#2320,#120,.T.);
#2635=EDGE_CURVE('',#2320,#2322,#124,.T.);
#2637=EDGE_CURVE('',#2322,#2324,#128,.T.);
#2639=EDGE_CURVE('',#2324,#2326,#132,.T.);
#2641=EDGE_CURVE('',#2326,#2328,#136,.T.);
#2643=EDGE_CURVE('',#2328,#2330,#140,.T.);
#2645=EDGE_CURVE('',#2330,#2332,#144,.T.);
#2647=EDGE_CURVE('',#2332,#2334,#148,.T.);
#2649=EDGE_CURVE('',#2334,#2336,#152,.T.);
#2651=EDGE_CURVE('',#2336,#2338,#156,.T.);
#2653=EDGE_CURVE('',#2338,#2340,#160,.T.);
#2655=EDGE_CURVE('',#2340,#2342,#164,.T.);
#2657=EDGE_CURVE('',#2342,#2344,#168,.T.);
#2659=EDGE_CURVE('',#2344,#2346,#172,.T.);
#2661=EDGE_CURVE('',#2346,#2348,#176,.T.);
#2663=EDGE_CURVE('',#2348,#2350,#180,.T.);
#2665=EDGE_CURVE('',#2350,#2352,#184,.T.);
#2667=EDGE_CURVE('',#2352,#2354,#188,.T.);
#2669=EDGE_CURVE('',#2354,#2356,#192,.T.);
#2671=EDGE_CURVE('',#2356,#2358,#196,.T.);
#2673=EDGE_CURVE('',#2358,#2360,#200,.T.);
#2675=EDGE_CURVE('',#2360,#2362,#204,.T.);
#2677=EDGE_CURVE('',#2362,#2364,#208,.T.);
#2679=EDGE_CURVE('',#2364,#2366,#212,.T.);
#2681=EDGE_CURVE('',#2366,#2368,#216,.T.);
#2683=EDGE_CURVE('',#2368,#2370,#220,.T.);
#2685=EDGE_CURVE('',#2370,#2372,#224,.T.);
#2687=EDGE_CURVE('',#2372,#2374,#228,.T.);
#2689=EDGE_CURVE('',#2374,#2376,#232,.T.);
#2691=EDGE_CURVE('',#2376,#2378,#236,.T.);
#2693=EDGE_CURVE('',#2378,#2380,#240,.T.);
#2695=EDGE_CURVE('',#2380,#2382,#244,.T.);
#2698=EDGE_CURVE('',#2384,#2386,#252,.T.);
#2700=EDGE_CURVE('',#2386,#2388,#256,.T.);
#2702=EDGE_CURVE('',#2388,#2390,#260,.T.);
#2704=EDGE_CURVE('',#2390,#2392,#264,.T.);
#2706=EDGE_CURVE('',#2392,#2394,#268,.T.);
#2708=EDGE_CURVE('',#2394,#2317,#272,.T.);
#2712=EDGE_CURVE('',#2397,#2398,#276,.T.);
#2714=EDGE_CURVE('',#2398,#2400,#280,.T.);
#2716=EDGE_CURVE('',#2400,#2402,#284,.T.);
#2718=EDGE_CURVE('',#2402,#2404,#288,.T.);
#2720=EDGE_CURVE('',#2404,#2406,#292,.T.);
#2722=EDGE_CURVE('',#2406,#2408,#296,.T.);
#2724=EDGE_CURVE('',#2408,#2410,#300,.T.);
#2726=EDGE_CURVE('',#2410,#2412,#304,.T.);
#2728=EDGE_CURVE('',#2412,#2414,#308,.T.);
#2730=EDGE_CURVE('',#2414,#2416,#312,.T.);
#2732=EDGE_CURVE('',#2416,#2418,#316,.T.);
#2734=EDGE_CURVE('',#2418,#2397,#320,.T.);
#2738=EDGE_CURVE('',#2421,#2422,#324,.T.);
#2740=EDGE_CURVE('',#2422,#2424,#328,.T.);
#2742=EDGE_CURVE('',#2424,#2426,#332,.T.);
#2744=EDGE_CURVE('',#2426,#2428,#336,.T.);
#2746=EDGE_CURVE('',#2428,#2430,#340,.T.);
#2748=EDGE_CURVE('',#2430,#2432,#344,.T.);
#2750=EDGE_CURVE('',#2432,#2434,#348,.T.);
#2752=EDGE_CURVE('',#2434,#2436,#352,.T.);
#2754=EDGE_CURVE('',#2436,#2438,#356,.T.);
#2756=EDGE_CURVE('',#2438,#2440,#360,.T.);
#2758=EDGE_CURVE('',#2440,#2442,#364,.T.);
#2760=EDGE_CURVE('',#2442,#2444,#368,.T.);
#2762=EDGE_CURVE('',#2444,#2446,#372,.T.);
#2764=EDGE_CURVE('',#2446,#2421,#376,.T.);
#2768=EDGE_CURVE('',#2473,#2474,#428,.T.);
#2770=EDGE_CURVE('',#2474,#2476,#432,.T.);
#2772=EDGE_CURVE('',#2476,#2478,#436,.T.);
#2774=EDGE_CURVE('',#2478,#2480,#440,.T.);
#2776=EDGE_CURVE('',#2480,#2482,#444,.T.);
#2778=EDGE_CURVE('',#2482,#2484,#448,.T.);
#2780=EDGE_CURVE('',#2484,#2486,#452,.T.);
#2782=EDGE_CURVE('',#2486,#2473,#456,.T.);
#2799=EDGE_CURVE('',#2567,#2568,#83,.T.);
#2801=EDGE_CURVE('',#2568,#2567,#88,.T.);
#2818=EDGE_CURVE('',#2449,#2450,#380,.T.);
#2820=EDGE_CURVE('',#2450,#2452,#384,.T.);
#2822=EDGE_CURVE('',#2452,#2454,#388,.T.);
#2824=EDGE_CURVE('',#2454,#2456,#392,.T.);
#2826=EDGE_CURVE('',#2456,#2458,#396,.T.);
#2828=EDGE_CURVE('',#2458,#2460,#400,.T.);
#2830=EDGE_CURVE('',#2460,#2462,#404,.T.);
#2832=EDGE_CURVE('',#2462,#2464,#408,.T.);
#2834=EDGE_CURVE('',#2464,#2466,#412,.T.);
#2836=EDGE_CURVE('',#2466,#2468,#416,.T.);
#2838=EDGE_CURVE('',#2468,#2470,#420,.T.);
#2840=EDGE_CURVE('',#2470,#2449,#424,.T.);
#2857=EDGE_CURVE('',#2489,#2490,#460,.T.);
#2859=EDGE_CURVE('',#2490,#2492,#464,.T.);
#2861=EDGE_CURVE('',#2492,#2489,#468,.T.);
#2879=EDGE_CURVE('',#1971,#1967,#472,.T.);
#2881=EDGE_CURVE('',#1967,#1968,#481,.T.);
#2883=EDGE_CURVE('',#1972,#1968,#476,.T.);
#2902=EDGE_CURVE('',#1968,#1967,#486,.T.);
#2924=EDGE_CURVE('',#2515,#2516,#491,.T.);
#2926=EDGE_CURVE('',#2516,#2515,#496,.T.);
#2943=EDGE_CURVE('',#2519,#2520,#501,.T.);
#2945=EDGE_CURVE('',#2520,#2519,#506,.T.);
#2962=EDGE_CURVE('',#2528,#2527,#511,.T.);
#2964=EDGE_CURVE('',#2516,#2527,#1192,.T.);
#2967=EDGE_CURVE('',#2515,#2528,#515,.T.);
#2984=EDGE_CURVE('',#2524,#2523,#549,.T.);
#2986=EDGE_CURVE('',#2523,#2527,#1183,.T.);
#2989=EDGE_CURVE('',#2524,#2528,#519,.T.);
#3006=EDGE_CURVE('',#2523,#2524,#544,.T.);
#3011=EDGE_CURVE('',#2495,#2496,#524,.T.);
#3013=EDGE_CURVE('',#2496,#2495,#529,.T.);
#3030=EDGE_CURVE('',#2531,#2532,#554,.T.);
#3032=EDGE_CURVE('',#2532,#2531,#559,.T.);
#3036=EDGE_CURVE('',#2499,#2500,#534,.T.);
#3038=EDGE_CURVE('',#2500,#2499,#539,.T.);
#3056=EDGE_CURVE('',#2520,#2495,#563,.T.);
#3059=EDGE_CURVE('',#2519,#2496,#567,.T.);
#3095=EDGE_CURVE('',#2509,#2510,#614,.T.);
#3097=EDGE_CURVE('',#2510,#2567,#771,.T.);
#3100=EDGE_CURVE('',#2560,#2568,#767,.T.);
#3102=EDGE_CURVE('',#2560,#2512,#624,.T.);
#3104=EDGE_CURVE('',#2512,#2499,#571,.T.);
#3107=EDGE_CURVE('',#2509,#2500,#787,.T.);
#3125=EDGE_CURVE('',#2512,#2509,#619,.T.);
#3128=EDGE_CURVE('',#2560,#2510,#629,.T.);
#3145=EDGE_CURVE('',#2547,#2548,#633,.T.);
#3147=EDGE_CURVE('',#2547,#2063,#637,.T.);
#3149=EDGE_CURVE('',#2063,#2064,#641,.T.);
#3151=EDGE_CURVE('',#2064,#2066,#645,.T.);
#3153=EDGE_CURVE('',#2068,#2066,#649,.T.);
#3155=EDGE_CURVE('',#2035,#2068,#653,.T.);
#3157=EDGE_CURVE('',#2035,#2036,#657,.T.);
#3159=EDGE_CURVE('',#2036,#2071,#661,.T.);
#3161=EDGE_CURVE('',#2071,#2072,#665,.T.);
#3163=EDGE_CURVE('',#2072,#2074,#669,.T.);
#3165=EDGE_CURVE('',#2074,#2076,#673,.T.);
#3167=EDGE_CURVE('',#2095,#2076,#677,.T.);
#3169=EDGE_CURVE('',#2095,#2096,#681,.T.);
#3171=EDGE_CURVE('',#2096,#2087,#685,.T.);
#3173=EDGE_CURVE('',#2087,#2088,#689,.T.);
#3175=EDGE_CURVE('',#2088,#2090,#693,.T.);
#3177=EDGE_CURVE('',#2092,#2090,#697,.T.);
#3179=EDGE_CURVE('',#2031,#2092,#701,.T.);
#3181=EDGE_CURVE('',#2031,#2032,#705,.T.);
#3183=EDGE_CURVE('',#2032,#2079,#709,.T.);
#3185=EDGE_CURVE('',#2079,#2080,#713,.T.);
#3187=EDGE_CURVE('',#2080,#2082,#717,.T.);
#3189=EDGE_CURVE('',#2082,#2084,#721,.T.);
#3191=EDGE_CURVE('',#2548,#2084,#725,.T.);
#3195=EDGE_CURVE('',#2503,#2504,#576,.T.);
#3197=EDGE_CURVE('',#2504,#2506,#581,.T.);
#3199=EDGE_CURVE('',#2506,#1959,#586,.T.);
#3201=EDGE_CURVE('',#1959,#1960,#590,.T.);
#3203=EDGE_CURVE('',#1960,#1962,#595,.T.);
#3205=EDGE_CURVE('',#1962,#1964,#599,.T.);
#3207=EDGE_CURVE('',#1964,#2558,#604,.T.);
#3209=EDGE_CURVE('',#2558,#2503,#609,.T.);
#3226=EDGE_CURVE('',#2536,#2535,#730,.T.);
#3228=EDGE_CURVE('',#2504,#2535,#751,.T.);
#3231=EDGE_CURVE('',#2503,#2536,#734,.T.);
#3249=EDGE_CURVE('',#2531,#2535,#742,.T.);
#3252=EDGE_CURVE('',#2532,#2536,#738,.T.);
#3271=EDGE_CURVE('',#2535,#2536,#747,.T.);
#3292=EDGE_CURVE('',#2558,#2564,#755,.T.);
#3295=EDGE_CURVE('',#2506,#2563,#763,.T.);
#3316=EDGE_CURVE('',#1964,#1956,#759,.T.);
#3336=EDGE_CURVE('',#1959,#1951,#783,.T.);
#3374=EDGE_CURVE('',#1962,#1954,#775,.T.);
#3394=EDGE_CURVE('',#1960,#1952,#779,.T.);
#3451=EDGE_CURVE('',#2539,#2540,#791,.T.);
#3453=EDGE_CURVE('',#2543,#2540,#1031,.T.);
#3455=EDGE_CURVE('',#2543,#2544,#795,.T.);
#3457=EDGE_CURVE('',#2556,#2544,#979,.T.);
#3459=EDGE_CURVE('',#2556,#2547,#1147,.T.);
#3462=EDGE_CURVE('',#2554,#2548,#1167,.T.);
#3464=EDGE_CURVE('',#2539,#2554,#959,.T.);
#3481=EDGE_CURVE('',#2018,#2550,#799,.T.);
#3483=EDGE_CURVE('',#2550,#2540,#1035,.T.);
#3486=EDGE_CURVE('',#2539,#2051,#975,.T.);
#3488=EDGE_CURVE('',#2080,#2051,#1179,.T.);
#3491=EDGE_CURVE('',#2079,#2016,#803,.T.);
#3493=EDGE_CURVE('',#2016,#2018,#862,.T.);
#3511=EDGE_CURVE('',#2018,#2011,#858,.T.);
#3513=EDGE_CURVE('',#1980,#2011,#1099,.T.);
#3515=EDGE_CURVE('',#1980,#2550,#1039,.T.);
#3532=EDGE_CURVE('',#2552,#1994,#1127,.T.);
#3534=EDGE_CURVE('',#2552,#1975,#1091,.T.);
#3536=EDGE_CURVE('',#1975,#1992,#807,.T.);
#3538=EDGE_CURVE('',#1992,#1994,#828,.T.);
#3555=EDGE_CURVE('',#1991,#1992,#812,.T.);
#3557=EDGE_CURVE('',#1998,#1991,#816,.T.);
#3559=EDGE_CURVE('',#1996,#1998,#820,.T.);
#3561=EDGE_CURVE('',#1994,#1996,#824,.T.);
#3579=EDGE_CURVE('',#2001,#2002,#833,.T.);
#3581=EDGE_CURVE('',#2008,#2001,#837,.T.);
#3583=EDGE_CURVE('',#2006,#2008,#841,.T.);
#3585=EDGE_CURVE('',#2004,#2006,#845,.T.);
#3587=EDGE_CURVE('',#2002,#2004,#849,.T.);
#3604=EDGE_CURVE('',#2011,#2012,#854,.T.);
#3608=EDGE_CURVE('',#2014,#2016,#866,.T.);
#3610=EDGE_CURVE('',#2012,#2014,#870,.T.);
#3627=EDGE_CURVE('',#2021,#2022,#875,.T.);
#3629=EDGE_CURVE('',#2028,#2021,#879,.T.);
#3631=EDGE_CURVE('',#2026,#2028,#883,.T.);
#3633=EDGE_CURVE('',#2024,#2026,#887,.T.);
#3635=EDGE_CURVE('',#2022,#2024,#891,.T.);
#3652=EDGE_CURVE('',#1991,#1976,#899,.T.);
#3656=EDGE_CURVE('',#1975,#1976,#1087,.T.);
#3673=EDGE_CURVE('',#2002,#1987,#903,.T.);
#3676=EDGE_CURVE('',#2036,#2004,#1151,.T.);
#3679=EDGE_CURVE('',#2035,#1998,#895,.T.);
#3683=EDGE_CURVE('',#1976,#1987,#1082,.T.);
#3700=EDGE_CURVE('',#2001,#1988,#907,.T.);
#3704=EDGE_CURVE('',#1987,#1988,#1078,.T.);
#3721=EDGE_CURVE('',#2102,#2024,#911,.T.);
#3723=EDGE_CURVE('',#2102,#1983,#1057,.T.);
#3725=EDGE_CURVE('',#2022,#1983,#1119,.T.);
#3743=EDGE_CURVE('',#2008,#2104,#1023,.T.);
#3747=EDGE_CURVE('',#1988,#2104,#1073,.T.);
#3764=EDGE_CURVE('',#2060,#2107,#923,.T.);
#3766=EDGE_CURVE('',#2107,#2100,#1003,.T.);
#3768=EDGE_CURVE('',#2102,#2100,#1061,.T.);
#3772=EDGE_CURVE('',#2092,#2026,#1111,.T.);
#3775=EDGE_CURVE('',#2090,#2060,#915,.T.);
#3792=EDGE_CURVE('',#2107,#2108,#919,.T.);
#3795=EDGE_CURVE('',#2058,#2060,#927,.T.);
#3797=EDGE_CURVE('',#2057,#2058,#931,.T.);
#3799=EDGE_CURVE('',#2108,#2057,#935,.T.);
#3816=EDGE_CURVE('',#2111,#2112,#939,.T.);
#3818=EDGE_CURVE('',#2048,#2111,#943,.T.);
#3820=EDGE_CURVE('',#2046,#2048,#947,.T.);
#3822=EDGE_CURVE('',#2045,#2046,#951,.T.);
#3824=EDGE_CURVE('',#2112,#2045,#955,.T.);
#3842=EDGE_CURVE('',#2054,#2554,#963,.T.);
#3844=EDGE_CURVE('',#2052,#2054,#967,.T.);
#3846=EDGE_CURVE('',#2051,#2052,#971,.T.);
#3865=EDGE_CURVE('',#2042,#2544,#983,.T.);
#3867=EDGE_CURVE('',#2040,#2042,#987,.T.);
#3869=EDGE_CURVE('',#2039,#2040,#991,.T.);
#3871=EDGE_CURVE('',#2556,#2039,#995,.T.);
#3889=EDGE_CURVE('',#2111,#2095,#1007,.T.);
#3892=EDGE_CURVE('',#2099,#2112,#999,.T.);
#3894=EDGE_CURVE('',#2099,#2100,#1065,.T.);
#3898=EDGE_CURVE('',#2108,#2096,#1155,.T.);
#3917=EDGE_CURVE('',#2076,#2048,#1011,.T.);
#3936=EDGE_CURVE('',#2074,#2046,#1015,.T.);
#3956=EDGE_CURVE('',#2072,#2045,#1019,.T.);
#3976=EDGE_CURVE('',#2104,#2099,#1069,.T.);
#3982=EDGE_CURVE('',#2071,#2006,#1027,.T.);
#4003=EDGE_CURVE('',#1979,#1980,#1044,.T.);
#4005=EDGE_CURVE('',#1984,#1979,#1048,.T.);
#4007=EDGE_CURVE('',#1983,#1984,#1053,.T.);
#4018=EDGE_CURVE('',#2552,#2543,#1095,.T.);
#4037=EDGE_CURVE('',#1979,#2012,#1107,.T.);
#4056=EDGE_CURVE('',#2031,#2028,#1103,.T.);
#4059=EDGE_CURVE('',#1984,#2021,#1115,.T.);
#4064=EDGE_CURVE('',#2032,#2014,#1123,.T.);
#4143=EDGE_CURVE('',#2068,#1996,#1135,.T.);
#4146=EDGE_CURVE('',#2066,#2042,#1131,.T.);
#4183=EDGE_CURVE('',#2064,#2040,#1139,.T.);
#4203=EDGE_CURVE('',#2063,#2039,#1143,.T.);
#4262=EDGE_CURVE('',#2087,#2057,#1159,.T.);
#4283=EDGE_CURVE('',#2088,#2058,#1163,.T.);
#4321=EDGE_CURVE('',#2084,#2054,#1171,.T.);
#4340=EDGE_CURVE('',#2082,#2052,#1175,.T.);
#4380=EDGE_CURVE('',#2527,#2528,#1188,.T.);
#4418=EDGE_CURVE('',#2305,#2115,#1196,.T.);
#4420=EDGE_CURVE('',#2115,#2116,#1220,.T.);
#4422=EDGE_CURVE('',#2306,#2116,#1216,.T.);
#4440=EDGE_CURVE('',#2314,#2124,#1200,.T.);
#4442=EDGE_CURVE('',#2124,#2115,#1224,.T.);
#4461=EDGE_CURVE('',#2312,#2122,#1204,.T.);
#4463=EDGE_CURVE('',#2122,#2124,#1228,.T.);
#4482=EDGE_CURVE('',#2310,#2120,#1208,.T.);
#4484=EDGE_CURVE('',#2120,#2122,#1232,.T.);
#4503=EDGE_CURVE('',#2308,#2118,#1212,.T.);
#4505=EDGE_CURVE('',#2118,#2120,#1236,.T.);
#4525=EDGE_CURVE('',#2116,#2118,#1240,.T.);
#4564=EDGE_CURVE('',#2127,#2128,#1244,.T.);
#4566=EDGE_CURVE('',#2204,#2127,#1248,.T.);
#4568=EDGE_CURVE('',#2202,#2204,#1252,.T.);
#4570=EDGE_CURVE('',#2200,#2202,#1256,.T.);
#4572=EDGE_CURVE('',#2198,#2200,#1260,.T.);
#4574=EDGE_CURVE('',#2196,#2198,#1264,.T.);
#4576=EDGE_CURVE('',#2194,#2196,#1268,.T.);
#4579=EDGE_CURVE('',#2190,#2192,#1276,.T.);
#4581=EDGE_CURVE('',#2188,#2190,#1280,.T.);
#4583=EDGE_CURVE('',#2186,#2188,#1284,.T.);
#4585=EDGE_CURVE('',#2184,#2186,#1288,.T.);
#4587=EDGE_CURVE('',#2182,#2184,#1292,.T.);
#4589=EDGE_CURVE('',#2180,#2182,#1296,.T.);
#4591=EDGE_CURVE('',#2178,#2180,#1300,.T.);
#4593=EDGE_CURVE('',#2176,#2178,#1304,.T.);
#4595=EDGE_CURVE('',#2174,#2176,#1308,.T.);
#4597=EDGE_CURVE('',#2172,#2174,#1312,.T.);
#4599=EDGE_CURVE('',#2170,#2172,#1316,.T.);
#4601=EDGE_CURVE('',#2168,#2170,#1320,.T.);
#4603=EDGE_CURVE('',#2166,#2168,#1324,.T.);
#4605=EDGE_CURVE('',#2164,#2166,#1328,.T.);
#4607=EDGE_CURVE('',#2162,#2164,#1332,.T.);
#4609=EDGE_CURVE('',#2160,#2162,#1336,.T.);
#4611=EDGE_CURVE('',#2158,#2160,#1340,.T.);
#4613=EDGE_CURVE('',#2156,#2158,#1344,.T.);
#4615=EDGE_CURVE('',#2154,#2156,#1348,.T.);
#4617=EDGE_CURVE('',#2152,#2154,#1352,.T.);
#4619=EDGE_CURVE('',#2150,#2152,#1356,.T.);
#4621=EDGE_CURVE('',#2148,#2150,#1360,.T.);
#4623=EDGE_CURVE('',#2146,#2148,#1364,.T.);
#4625=EDGE_CURVE('',#2144,#2146,#1368,.T.);
#4627=EDGE_CURVE('',#2142,#2144,#1372,.T.);
#4629=EDGE_CURVE('',#2140,#2142,#1376,.T.);
#4631=EDGE_CURVE('',#2138,#2140,#1380,.T.);
#4633=EDGE_CURVE('',#2136,#2138,#1384,.T.);
#4635=EDGE_CURVE('',#2134,#2136,#1388,.T.);
#4637=EDGE_CURVE('',#2132,#2134,#1392,.T.);
#4639=EDGE_CURVE('',#2130,#2132,#1396,.T.);
#4641=EDGE_CURVE('',#2128,#2130,#1400,.T.);
#4658=EDGE_CURVE('',#2207,#2208,#1404,.T.);
#4660=EDGE_CURVE('',#2228,#2207,#1408,.T.);
#4662=EDGE_CURVE('',#2226,#2228,#1412,.T.);
#4664=EDGE_CURVE('',#2224,#2226,#1416,.T.);
#4666=EDGE_CURVE('',#2222,#2224,#1420,.T.);
#4668=EDGE_CURVE('',#2220,#2222,#1424,.T.);
#4670=EDGE_CURVE('',#2218,#2220,#1428,.T.);
#4672=EDGE_CURVE('',#2216,#2218,#1432,.T.);
#4674=EDGE_CURVE('',#2214,#2216,#1436,.T.);
#4676=EDGE_CURVE('',#2212,#2214,#1440,.T.);
#4678=EDGE_CURVE('',#2210,#2212,#1444,.T.);
#4680=EDGE_CURVE('',#2208,#2210,#1448,.T.);
#4697=EDGE_CURVE('',#2231,#2232,#1452,.T.);
#4699=EDGE_CURVE('',#2256,#2231,#1456,.T.);
#4701=EDGE_CURVE('',#2254,#2256,#1460,.T.);
#4703=EDGE_CURVE('',#2252,#2254,#1464,.T.);
#4705=EDGE_CURVE('',#2250,#2252,#1468,.T.);
#4707=EDGE_CURVE('',#2248,#2250,#1472,.T.);
#4709=EDGE_CURVE('',#2246,#2248,#1476,.T.);
#4711=EDGE_CURVE('',#2244,#2246,#1480,.T.);
#4713=EDGE_CURVE('',#2242,#2244,#1484,.T.);
#4715=EDGE_CURVE('',#2240,#2242,#1488,.T.);
#4717=EDGE_CURVE('',#2238,#2240,#1492,.T.);
#4719=EDGE_CURVE('',#2236,#2238,#1496,.T.);
#4721=EDGE_CURVE('',#2234,#2236,#1500,.T.);
#4723=EDGE_CURVE('',#2232,#2234,#1504,.T.);
#4727=EDGE_CURVE('',#2259,#2260,#1508,.T.);
#4729=EDGE_CURVE('',#2280,#2259,#1512,.T.);
#4731=EDGE_CURVE('',#2278,#2280,#1516,.T.);
#4733=EDGE_CURVE('',#2276,#2278,#1520,.T.);
#4735=EDGE_CURVE('',#2274,#2276,#1524,.T.);
#4737=EDGE_CURVE('',#2272,#2274,#1528,.T.);
#4739=EDGE_CURVE('',#2270,#2272,#1532,.T.);
#4741=EDGE_CURVE('',#2268,#2270,#1536,.T.);
#4743=EDGE_CURVE('',#2266,#2268,#1540,.T.);
#4745=EDGE_CURVE('',#2264,#2266,#1544,.T.);
#4747=EDGE_CURVE('',#2262,#2264,#1548,.T.);
#4749=EDGE_CURVE('',#2260,#2262,#1552,.T.);
#4766=EDGE_CURVE('',#2283,#2284,#1556,.T.);
#4768=EDGE_CURVE('',#2296,#2283,#1560,.T.);
#4770=EDGE_CURVE('',#2294,#2296,#1564,.T.);
#4772=EDGE_CURVE('',#2292,#2294,#1568,.T.);
#4774=EDGE_CURVE('',#2290,#2292,#1572,.T.);
#4776=EDGE_CURVE('',#2288,#2290,#1576,.T.);
#4778=EDGE_CURVE('',#2286,#2288,#1580,.T.);
#4780=EDGE_CURVE('',#2284,#2286,#1584,.T.);
#4784=EDGE_CURVE('',#2299,#2300,#1588,.T.);
#4786=EDGE_CURVE('',#2302,#2299,#1592,.T.);
#4788=EDGE_CURVE('',#2300,#2302,#1596,.T.);
#4806=EDGE_CURVE('',#2317,#2127,#1600,.T.);
#4809=EDGE_CURVE('',#2318,#2128,#1628,.T.);
#4827=EDGE_CURVE('',#2394,#2204,#1604,.T.);
#4847=EDGE_CURVE('',#2392,#2202,#1608,.T.);
#4867=EDGE_CURVE('',#2390,#2200,#1612,.T.);
#4887=EDGE_CURVE('',#2388,#2198,#1616,.T.);
#4907=EDGE_CURVE('',#2386,#2196,#1620,.T.);
#4948=EDGE_CURVE('',#2320,#2130,#1632,.T.);
#4968=EDGE_CURVE('',#2322,#2132,#1636,.T.);
#4988=EDGE_CURVE('',#2324,#2134,#1640,.T.);
#5008=EDGE_CURVE('',#2326,#2136,#1644,.T.);
#5028=EDGE_CURVE('',#2328,#2138,#1648,.T.);
#5048=EDGE_CURVE('',#2330,#2140,#1652,.T.);
#5068=EDGE_CURVE('',#2332,#2142,#1656,.T.);
#5088=EDGE_CURVE('',#2334,#2144,#1660,.T.);
#5108=EDGE_CURVE('',#2336,#2146,#1664,.T.);
#5128=EDGE_CURVE('',#2338,#2148,#1668,.T.);
#5148=EDGE_CURVE('',#2340,#2150,#1672,.T.);
#5168=EDGE_CURVE('',#2342,#2152,#1676,.T.);
#5188=EDGE_CURVE('',#2344,#2154,#1680,.T.);
#5208=EDGE_CURVE('',#2346,#2156,#1684,.T.);
#5228=EDGE_CURVE('',#2348,#2158,#1688,.T.);
#5248=EDGE_CURVE('',#2350,#2160,#1692,.T.);
#5268=EDGE_CURVE('',#2352,#2162,#1696,.T.);
#5288=EDGE_CURVE('',#2354,#2164,#1700,.T.);
#5308=EDGE_CURVE('',#2356,#2166,#1704,.T.);
#5328=EDGE_CURVE('',#2358,#2168,#1708,.T.);
#5348=EDGE_CURVE('',#2360,#2170,#1712,.T.);
#5368=EDGE_CURVE('',#2362,#2172,#1716,.T.);
#5388=EDGE_CURVE('',#2364,#2174,#1720,.T.);
#5408=EDGE_CURVE('',#2366,#2176,#1724,.T.);
#5428=EDGE_CURVE('',#2368,#2178,#1728,.T.);
#5448=EDGE_CURVE('',#2370,#2180,#1732,.T.);
#5468=EDGE_CURVE('',#2372,#2182,#1736,.T.);
#5488=EDGE_CURVE('',#2374,#2184,#1740,.T.);
#5508=EDGE_CURVE('',#2376,#2186,#1744,.T.);
#5528=EDGE_CURVE('',#2378,#2188,#1748,.T.);
#5548=EDGE_CURVE('',#2380,#2190,#1752,.T.);
#5585=EDGE_CURVE('',#2397,#2207,#1756,.T.);
#5588=EDGE_CURVE('',#2398,#2208,#1800,.T.);
#5606=EDGE_CURVE('',#2418,#2228,#1760,.T.);
#5626=EDGE_CURVE('',#2416,#2226,#1764,.T.);
#5646=EDGE_CURVE('',#2414,#2224,#1768,.T.);
#5666=EDGE_CURVE('',#2412,#2222,#1772,.T.);
#5686=EDGE_CURVE('',#2410,#2220,#1776,.T.);
#5706=EDGE_CURVE('',#2408,#2218,#1780,.T.);
#5726=EDGE_CURVE('',#2406,#2216,#1784,.T.);
#5746=EDGE_CURVE('',#2404,#2214,#1788,.T.);
#5766=EDGE_CURVE('',#2402,#2212,#1792,.T.);
#5786=EDGE_CURVE('',#2400,#2210,#1796,.T.);
#5825=EDGE_CURVE('',#2421,#2231,#1804,.T.);
#5828=EDGE_CURVE('',#2422,#2232,#1856,.T.);
#5846=EDGE_CURVE('',#2446,#2256,#1808,.T.);
#5866=EDGE_CURVE('',#2444,#2254,#1812,.T.);
#5886=EDGE_CURVE('',#2442,#2252,#1816,.T.);
#5906=EDGE_CURVE('',#2440,#2250,#1820,.T.);
#5926=EDGE_CURVE('',#2438,#2248,#1824,.T.);
#5946=EDGE_CURVE('',#2436,#2246,#1828,.T.);
#5966=EDGE_CURVE('',#2434,#2244,#1832,.T.);
#5986=EDGE_CURVE('',#2432,#2242,#1836,.T.);
#6006=EDGE_CURVE('',#2430,#2240,#1840,.T.);
#6026=EDGE_CURVE('',#2428,#2238,#1844,.T.);
#6046=EDGE_CURVE('',#2426,#2236,#1848,.T.);
#6066=EDGE_CURVE('',#2424,#2234,#1852,.T.);
#6105=EDGE_CURVE('',#2449,#2259,#1860,.T.);
#6108=EDGE_CURVE('',#2450,#2260,#1904,.T.);
#6126=EDGE_CURVE('',#2470,#2280,#1864,.T.);
#6146=EDGE_CURVE('',#2468,#2278,#1868,.T.);
#6166=EDGE_CURVE('',#2466,#2276,#1872,.T.);
#6186=EDGE_CURVE('',#2464,#2274,#1876,.T.);
#6206=EDGE_CURVE('',#2462,#2272,#1880,.T.);
#6226=EDGE_CURVE('',#2460,#2270,#1884,.T.);
#6246=EDGE_CURVE('',#2458,#2268,#1888,.T.);
#6266=EDGE_CURVE('',#2456,#2266,#1892,.T.);
#6286=EDGE_CURVE('',#2454,#2264,#1896,.T.);
#6306=EDGE_CURVE('',#2452,#2262,#1900,.T.);
#6345=EDGE_CURVE('',#2473,#2283,#1908,.T.);
#6348=EDGE_CURVE('',#2474,#2284,#1936,.T.);
#6366=EDGE_CURVE('',#2486,#2296,#1912,.T.);
#6386=EDGE_CURVE('',#2484,#2294,#1916,.T.);
#6406=EDGE_CURVE('',#2482,#2292,#1920,.T.);
#6426=EDGE_CURVE('',#2480,#2290,#1924,.T.);
#6446=EDGE_CURVE('',#2478,#2288,#1928,.T.);
#6466=EDGE_CURVE('',#2476,#2286,#1932,.T.);
#6505=EDGE_CURVE('',#2489,#2299,#1940,.T.);
#6508=EDGE_CURVE('',#2490,#2300,#1948,.T.);
#6526=EDGE_CURVE('',#2492,#2302,#1944,.T.);
#6569=CIRCLE('',#6568,3.5E0);
#6578=CIRCLE('',#6577,3.5E0);
#6583=CIRCLE('',#6582,5.E-1);
#6596=CIRCLE('',#6595,4.E0);
#6601=CIRCLE('',#6600,4.E0);
#6618=CIRCLE('',#6617,4.E0);
#6623=CIRCLE('',#6622,4.E0);
#6652=CIRCLE('',#6651,1.E0);
#6661=CIRCLE('',#6660,1.E0);
#6686=CIRCLE('',#6685,1.E0);
#6695=CIRCLE('',#6694,1.E0);
#6724=CIRCLE('',#6723,4.E0);
#6745=CIRCLE('',#6744,1.E0);
#6754=CIRCLE('',#6753,1.E0);
#6779=CIRCLE('',#6778,1.E0);
#6788=CIRCLE('',#6787,1.E0);
#6809=CIRCLE('',#6808,4.E0);
#6822=CIRCLE('',#6821,4.E0);
#6891=CIRCLE('',#6890,4.E0);
#6900=CIRCLE('',#6899,5.E-1);
#6905=CIRCLE('',#6904,3.5E0);
#6914=CIRCLE('',#6913,3.5E0);
#6923=CIRCLE('',#6922,1.85E0);
#6928=CIRCLE('',#6927,1.85E0);
#6933=CIRCLE('',#6932,3.E0);
#6938=CIRCLE('',#6937,3.E0);
#6951=CIRCLE('',#6950,1.8E0);
#6956=CIRCLE('',#6955,1.8E0);
#6961=CIRCLE('',#6960,1.85E0);
#6966=CIRCLE('',#6965,1.85E0);
#6971=CIRCLE('',#6970,1.8E0);
#6992=CIRCLE('',#6991,2.35E0);
#6999=B_SPLINE_CURVE_WITH_KNOTS('',3,(#6993,#6994,#6995,#6996,#6997,#6998),
.UNSPECIFIED.,.F.,.F.,(4,1,1,4),(0.E0,3.333333333333E-1,6.666666666667E-1,1.E0),
.UNSPECIFIED.);
#7004=CIRCLE('',#7003,1.85E0);
#7011=B_SPLINE_CURVE_WITH_KNOTS('',3,(#7005,#7006,#7007,#7008,#7009,#7010),
.UNSPECIFIED.,.F.,.F.,(4,1,1,4),(0.E0,3.333333333333E-1,6.666666666667E-1,1.E0),
.UNSPECIFIED.);
#7016=CIRCLE('',#7015,2.35E0);
#7037=CIRCLE('',#7036,1.8E0);
#7042=CIRCLE('',#7041,1.8E0);
#7047=CIRCLE('',#7046,1.8E0);
#7205=EDGE_CURVE('',#7091,#7090,#6578,.T.);
#7207=EDGE_CURVE('',#7093,#7091,#6564,.T.);
#7209=EDGE_CURVE('',#7093,#7095,#6938,.T.);
#7211=EDGE_CURVE('',#7095,#7090,#6918,.T.);
#7228=EDGE_CURVE('',#7103,#7102,#6569,.T.);
#7230=EDGE_CURVE('',#7103,#7091,#6573,.T.);
#7233=EDGE_CURVE('',#7102,#7090,#6909,.T.);
#7250=EDGE_CURVE('',#7106,#7107,#6596,.T.);
#7252=EDGE_CURVE('',#7171,#7106,#6822,.T.);
#7254=EDGE_CURVE('',#7099,#7171,#6623,.T.);
#7256=EDGE_CURVE('',#7099,#7103,#6583,.T.);
#7259=EDGE_CURVE('',#7107,#7102,#6900,.T.);
#7276=EDGE_CURVE('',#7138,#7139,#6587,.T.);
#7278=EDGE_CURVE('',#7106,#7139,#6591,.T.);
#7281=EDGE_CURVE('',#7107,#7169,#6601,.T.);
#7283=EDGE_CURVE('',#7138,#7169,#6605,.T.);
#7300=EDGE_CURVE('',#7162,#7163,#6609,.T.);
#7302=EDGE_CURVE('',#7098,#7163,#6613,.T.);
#7304=EDGE_CURVE('',#7098,#7099,#6618,.T.);
#7307=EDGE_CURVE('',#7162,#7171,#6627,.T.);
#7324=EDGE_CURVE('',#7118,#7119,#6673,.T.);
#7326=EDGE_CURVE('',#7126,#7118,#6631,.T.);
#7328=EDGE_CURVE('',#7126,#7127,#6732,.T.);
#7330=EDGE_CURVE('',#7127,#7139,#6830,.T.);
#7333=EDGE_CURVE('',#7130,#7138,#6886,.T.);
#7335=EDGE_CURVE('',#7130,#7131,#6800,.T.);
#7337=EDGE_CURVE('',#7119,#7131,#6635,.T.);
#7354=EDGE_CURVE('',#7143,#7146,#6639,.T.);
#7356=EDGE_CURVE('',#7149,#7143,#6643,.T.);
#7358=EDGE_CURVE('',#7149,#7067,#6647,.T.);
#7360=EDGE_CURVE('',#7066,#7067,#6652,.T.);
#7362=EDGE_CURVE('',#7066,#7059,#6656,.T.);
#7364=EDGE_CURVE('',#7058,#7059,#6661,.T.);
#7366=EDGE_CURVE('',#7058,#7121,#6665,.T.);
#7368=EDGE_CURVE('',#7121,#7118,#6669,.T.);
#7371=EDGE_CURVE('',#7123,#7119,#6677,.T.);
#7373=EDGE_CURVE('',#7123,#7075,#6681,.T.);
#7375=EDGE_CURVE('',#7074,#7075,#6686,.T.);
#7377=EDGE_CURVE('',#7074,#7083,#6690,.T.);
#7379=EDGE_CURVE('',#7082,#7083,#6695,.T.);
#7381=EDGE_CURVE('',#7082,#7151,#6699,.T.);
#7383=EDGE_CURVE('',#7151,#7146,#6703,.T.);
#7400=EDGE_CURVE('',#7142,#7143,#6707,.T.);
#7403=EDGE_CURVE('',#7146,#7147,#6711,.T.);
#7405=EDGE_CURVE('',#7155,#7147,#6766,.T.);
#7407=EDGE_CURVE('',#7155,#7163,#7051,.T.);
#7410=EDGE_CURVE('',#7153,#7162,#6817,.T.);
#7412=EDGE_CURVE('',#7142,#7153,#6715,.T.);
#7430=EDGE_CURVE('',#7157,#7142,#6762,.T.);
#7432=EDGE_CURVE('',#7149,#7157,#6862,.T.);
#7451=EDGE_CURVE('',#7153,#7114,#6719,.T.);
#7453=EDGE_CURVE('',#7114,#7115,#6724,.T.);
#7455=EDGE_CURVE('',#7127,#7115,#6728,.T.);
#7458=EDGE_CURVE('',#7133,#7126,#6736,.T.);
#7460=EDGE_CURVE('',#7063,#7133,#6740,.T.);
#7462=EDGE_CURVE('',#7061,#7063,#6745,.T.);
#7464=EDGE_CURVE('',#7071,#7061,#6749,.T.);
#7466=EDGE_CURVE('',#7069,#7071,#6754,.T.);
#7468=EDGE_CURVE('',#7157,#7069,#6758,.T.);
#7487=EDGE_CURVE('',#7159,#7147,#6770,.T.);
#7489=EDGE_CURVE('',#7087,#7159,#6774,.T.);
#7491=EDGE_CURVE('',#7085,#7087,#6779,.T.);
#7493=EDGE_CURVE('',#7079,#7085,#6783,.T.);
#7495=EDGE_CURVE('',#7077,#7079,#6788,.T.);
#7497=EDGE_CURVE('',#7135,#7077,#6792,.T.);
#7499=EDGE_CURVE('',#7135,#7131,#6796,.T.);
#7502=EDGE_CURVE('',#7130,#7110,#6804,.T.);
#7504=EDGE_CURVE('',#7110,#7111,#6809,.T.);
#7506=EDGE_CURVE('',#7155,#7111,#6813,.T.);
#7525=EDGE_CURVE('',#7114,#7171,#6826,.T.);
#7544=EDGE_CURVE('',#7115,#7106,#6834,.T.);
#7583=EDGE_CURVE('',#7121,#7133,#6838,.T.);
#7604=EDGE_CURVE('',#7063,#7058,#6842,.T.);
#7622=EDGE_CURVE('',#7123,#7135,#6846,.T.);
#7625=EDGE_CURVE('',#7077,#7075,#6850,.T.);
#7644=EDGE_CURVE('',#7061,#7059,#6854,.T.);
#7665=EDGE_CURVE('',#7071,#7066,#6858,.T.);
#7684=EDGE_CURVE('',#7069,#7067,#6866,.T.);
#7722=EDGE_CURVE('',#7151,#7159,#6870,.T.);
#7725=EDGE_CURVE('',#7087,#7082,#6874,.T.);
#7763=EDGE_CURVE('',#7085,#7083,#6882,.T.);
#7782=EDGE_CURVE('',#7079,#7074,#6878,.T.);
#7842=EDGE_CURVE('',#7110,#7169,#6895,.T.);
#7860=EDGE_CURVE('',#7169,#7098,#6891,.T.);
#7862=EDGE_CURVE('',#7111,#7098,#7055,.T.);
#7885=EDGE_CURVE('',#7102,#7103,#6905,.T.);
#7905=EDGE_CURVE('',#7090,#7091,#6914,.T.);
#7925=EDGE_CURVE('',#7095,#7093,#6933,.T.);
#7947=EDGE_CURVE('',#7198,#7199,#6923,.T.);
#7949=EDGE_CURVE('',#7199,#7198,#6928,.T.);
#7967=EDGE_CURVE('',#7198,#7194,#6942,.T.);
#7969=EDGE_CURVE('',#7194,#7195,#6961,.T.);
#7971=EDGE_CURVE('',#7199,#7195,#6946,.T.);
#7990=EDGE_CURVE('',#7195,#7194,#6966,.T.);
#8012=EDGE_CURVE('',#7190,#7191,#6951,.T.);
#8014=EDGE_CURVE('',#7191,#7190,#6956,.T.);
#8024=EDGE_CURVE('',#7190,#7166,#6979,.T.);
#8027=EDGE_CURVE('',#7167,#7191,#6975,.T.);
#8029=EDGE_CURVE('',#7166,#7167,#7042,.T.);
#8046=EDGE_CURVE('',#7187,#7185,#6971,.T.);
#8048=EDGE_CURVE('',#7167,#7185,#7047,.T.);
#8053=EDGE_CURVE('',#7187,#7166,#7037,.T.);
#8071=EDGE_CURVE('',#7185,#7187,#6983,.T.);
#8088=EDGE_CURVE('',#7174,#7175,#6987,.T.);
#8090=EDGE_CURVE('',#7183,#7174,#6999,.T.);
#8092=EDGE_CURVE('',#7182,#7183,#7020,.T.);
#8094=EDGE_CURVE('',#7182,#7185,#7028,.T.);
#8097=EDGE_CURVE('',#7187,#7178,#7032,.T.);
#8099=EDGE_CURVE('',#7178,#7179,#7024,.T.);
#8101=EDGE_CURVE('',#7175,#7179,#7011,.T.);
#8118=EDGE_CURVE('',#7174,#7175,#7004,.T.);
#8136=EDGE_CURVE('',#7179,#7183,#6992,.T.);
#8156=EDGE_CURVE('',#7178,#7182,#7016,.T.);
#8221=CIRCLE('',#8220,3.9515E-1);
#8226=CIRCLE('',#8225,3.9515E-1);
#8231=CIRCLE('',#8230,3.9515E-1);
#8236=CIRCLE('',#8235,3.9515E-1);
#8245=CIRCLE('',#8244,4.3E0);
#8262=CIRCLE('',#8261,5.E-1);
#8271=CIRCLE('',#8270,5.E-1);
#8296=CIRCLE('',#8295,5.E-1);
#8305=CIRCLE('',#8304,5.E-1);
#8322=CIRCLE('',#8321,4.3E0);
#8711=CIRCLE('',#8710,3.9515E-1);
#8716=CIRCLE('',#8715,3.9515E-1);
#8721=CIRCLE('',#8720,3.9515E-1);
#8726=CIRCLE('',#8725,3.9515E-1);
#8743=CIRCLE('',#8742,5.E-1);
#8752=CIRCLE('',#8751,5.E-1);
#8773=CIRCLE('',#8772,4.3E0);
#8790=CIRCLE('',#8789,4.3E0);
#8811=CIRCLE('',#8810,5.E-1);
#8820=CIRCLE('',#8819,5.E-1);
#8849=CIRCLE('',#8848,1.E-1);
#8859=B_SPLINE_CURVE_WITH_KNOTS('',3,(#8850,#8851,#8852,#8853,#8854,#8855,#8856,
#8857,#8858),.UNSPECIFIED.,.F.,.F.,(4,1,1,1,1,1,4),(0.E0,1.666666666667E-1,
3.333333333333E-1,5.E-1,6.666666666667E-1,8.333333333333E-1,1.E0),
.UNSPECIFIED.);
#8864=CIRCLE('',#8863,1.E-1);
#8941=CIRCLE('',#8940,2.E-1);
#8946=CIRCLE('',#8945,2.E-1);
#8955=CIRCLE('',#8954,8.539E-1);
#8964=CIRCLE('',#8963,3.07E-1);
#8981=CIRCLE('',#8980,8.478415357744E-2);
#8990=CIRCLE('',#8989,1.2539E0);
#8999=CIRCLE('',#8998,1.2539E0);
#9008=CIRCLE('',#9007,8.478415357744E-2);
#9025=CIRCLE('',#9024,3.07E-1);
#9034=CIRCLE('',#9033,8.539E-1);
#9047=CIRCLE('',#9046,1.2539E0);
#9056=CIRCLE('',#9055,8.478415357744E-2);
#9073=CIRCLE('',#9072,3.07E-1);
#9082=CIRCLE('',#9081,8.539E-1);
#9091=CIRCLE('',#9090,8.539E-1);
#9100=CIRCLE('',#9099,3.07E-1);
#9117=CIRCLE('',#9116,8.478415357744E-2);
#9126=CIRCLE('',#9125,1.2539E0);
#9131=CIRCLE('',#9130,2.E-1);
#9136=CIRCLE('',#9135,2.E-1);
#9185=CIRCLE('',#9184,3.E-1);
#9190=CIRCLE('',#9189,3.E-1);
#9199=CIRCLE('',#9198,4.E-1);
#9216=CIRCLE('',#9215,4.E-1);
#9225=CIRCLE('',#9224,4.E-1);
#9234=CIRCLE('',#9233,2.E-1);
#9239=CIRCLE('',#9238,2.E-1);
#9296=CIRCLE('',#9295,4.E-1);
#9309=CIRCLE('',#9308,4.E-1);
#9318=CIRCLE('',#9317,1.E-1);
#9328=B_SPLINE_CURVE_WITH_KNOTS('',3,(#9319,#9320,#9321,#9322,#9323,#9324,#9325,
#9326,#9327),.UNSPECIFIED.,.F.,.F.,(4,1,1,1,1,1,4),(0.E0,1.666666666667E-1,
3.333333333333E-1,5.E-1,6.666666666667E-1,8.333333333333E-1,1.E0),
.UNSPECIFIED.);
#9389=CIRCLE('',#9388,2.E-1);
#9394=CIRCLE('',#9393,2.E-1);
#9415=CIRCLE('',#9414,2.E-1);
#9420=CIRCLE('',#9419,2.E-1);
#9481=B_SPLINE_CURVE_WITH_KNOTS('',3,(#9477,#9478,#9479,#9480),.UNSPECIFIED.,
.F.,.F.,(4,4),(0.E0,1.E0),.UNSPECIFIED.);
#9490=B_SPLINE_CURVE_WITH_KNOTS('',3,(#9486,#9487,#9488,#9489),.UNSPECIFIED.,
.F.,.F.,(4,4),(0.E0,1.E0),.UNSPECIFIED.);
#9497=B_SPLINE_CURVE_WITH_KNOTS('',3,(#9491,#9492,#9493,#9494,#9495,#9496),
.UNSPECIFIED.,.F.,.F.,(4,1,1,4),(0.E0,3.333333333333E-1,6.666666666667E-1,1.E0),
.UNSPECIFIED.);
#9508=B_SPLINE_CURVE_WITH_KNOTS('',3,(#9502,#9503,#9504,#9505,#9506,#9507),
.UNSPECIFIED.,.F.,.F.,(4,1,1,4),(0.E0,3.333333333333E-1,6.666666666667E-1,1.E0),
.UNSPECIFIED.);
#9513=CIRCLE('',#9512,1.25E0);
#9522=B_SPLINE_CURVE_WITH_KNOTS('',3,(#9518,#9519,#9520,#9521),.UNSPECIFIED.,
.F.,.F.,(4,4),(0.E0,1.E0),.UNSPECIFIED.);
#9527=B_SPLINE_CURVE_WITH_KNOTS('',3,(#9523,#9524,#9525,#9526),.UNSPECIFIED.,
.F.,.F.,(4,4),(0.E0,1.E0),.UNSPECIFIED.);
#9551=B_SPLINE_CURVE_WITH_KNOTS('',3,(#9544,#9545,#9546,#9547,#9548,#9549,
#9550),.UNSPECIFIED.,.F.,.F.,(4,1,1,1,4),(0.E0,2.5E-1,5.E-1,7.5E-1,1.E0),
.UNSPECIFIED.);
#9559=B_SPLINE_CURVE_WITH_KNOTS('',3,(#9552,#9553,#9554,#9555,#9556,#9557,
#9558),.UNSPECIFIED.,.F.,.F.,(4,1,1,1,4),(0.E0,2.5E-1,5.E-1,7.5E-1,1.E0),
.UNSPECIFIED.);
#9568=CIRCLE('',#9567,1.25E0);
#9573=CIRCLE('',#9572,3.E-1);
#9578=CIRCLE('',#9577,3.E-1);
#9595=CIRCLE('',#9594,4.E-1);
#9600=CIRCLE('',#9599,2.E-1);
#9605=CIRCLE('',#9604,2.E-1);
#9610=CIRCLE('',#9609,4.E-1);
#9619=CIRCLE('',#9618,4.E-1);
#9632=CIRCLE('',#9631,1.E-1);
#9702=B_SPLINE_CURVE_WITH_KNOTS('',3,(#9693,#9694,#9695,#9696,#9697,#9698,#9699,
#9700,#9701),.UNSPECIFIED.,.F.,.F.,(4,1,1,1,1,1,4),(0.E0,1.666666666667E-1,
3.333333333333E-1,5.E-1,6.666666666667E-1,8.333333333333E-1,1.E0),
.UNSPECIFIED.);
#9707=CIRCLE('',#9706,1.E-1);
#9716=CIRCLE('',#9715,1.E-1);
#9725=CIRCLE('',#9724,3.6E-1);
#9734=CIRCLE('',#9733,4.E-1);
#9743=CIRCLE('',#9742,2.E-1);
#9748=CIRCLE('',#9747,2.E-1);
#9757=CIRCLE('',#9756,3.6E-1);
#9770=CIRCLE('',#9769,3.E-1);
#9775=CIRCLE('',#9774,3.E-1);
#9832=CIRCLE('',#9831,4.E-1);
#9845=CIRCLE('',#9844,4.E-1);
#9854=CIRCLE('',#9853,1.E-1);
#9864=B_SPLINE_CURVE_WITH_KNOTS('',3,(#9855,#9856,#9857,#9858,#9859,#9860,#9861,
#9862,#9863),.UNSPECIFIED.,.F.,.F.,(4,1,1,1,1,1,4),(0.E0,1.666666666667E-1,
3.333333333333E-1,5.E-1,6.666666666667E-1,8.333333333333E-1,1.E0),
.UNSPECIFIED.);
#9873=CIRCLE('',#9872,1.E-1);
#9878=CIRCLE('',#9877,4.E-1);
#9887=CIRCLE('',#9886,3.6E-1);
#9928=CIRCLE('',#9927,3.6E-1);
#9933=CIRCLE('',#9932,3.E-1);
#9938=CIRCLE('',#9937,3.E-1);
#9943=CIRCLE('',#9942,2.E-1);
#9948=CIRCLE('',#9947,2.E-1);
#10005=B_SPLINE_CURVE_WITH_KNOTS('',3,(#10001,#10002,#10003,#10004),
.UNSPECIFIED.,.F.,.F.,(4,4),(0.E0,1.E0),.UNSPECIFIED.);
#10014=B_SPLINE_CURVE_WITH_KNOTS('',3,(#10010,#10011,#10012,#10013),
.UNSPECIFIED.,.F.,.F.,(4,4),(0.E0,1.E0),.UNSPECIFIED.);
#10019=B_SPLINE_CURVE_WITH_KNOTS('',3,(#10015,#10016,#10017,#10018),
.UNSPECIFIED.,.F.,.F.,(4,4),(0.E0,1.E0),.UNSPECIFIED.);
#10024=B_SPLINE_CURVE_WITH_KNOTS('',3,(#10020,#10021,#10022,#10023),
.UNSPECIFIED.,.F.,.F.,(4,4),(0.E0,1.E0),.UNSPECIFIED.);
#10043=B_SPLINE_CURVE_WITH_KNOTS('',3,(#10037,#10038,#10039,#10040,#10041,
#10042),.UNSPECIFIED.,.F.,.F.,(4,1,1,4),(0.E0,3.333333333333E-1,
6.666666666667E-1,1.E0),.UNSPECIFIED.);
#10050=B_SPLINE_CURVE_WITH_KNOTS('',3,(#10044,#10045,#10046,#10047,#10048,
#10049),.UNSPECIFIED.,.F.,.F.,(4,1,1,4),(0.E0,3.333333333333E-1,
6.666666666667E-1,1.E0),.UNSPECIFIED.);
#10059=CIRCLE('',#10058,1.25E0);
#10067=B_SPLINE_CURVE_WITH_KNOTS('',3,(#10060,#10061,#10062,#10063,#10064,
#10065,#10066),.UNSPECIFIED.,.F.,.F.,(4,1,1,1,4),(0.E0,2.5E-1,5.E-1,7.5E-1,
1.E0),.UNSPECIFIED.);
#10079=B_SPLINE_CURVE_WITH_KNOTS('',3,(#10072,#10073,#10074,#10075,#10076,
#10077,#10078),.UNSPECIFIED.,.F.,.F.,(4,1,1,1,4),(0.E0,2.5E-1,5.E-1,7.5E-1,
1.E0),.UNSPECIFIED.);
#10084=CIRCLE('',#10083,1.25E0);
#11657=EDGE_CURVE('',#11314,#11316,#8430,.T.);
#11659=EDGE_CURVE('',#11314,#11260,#8216,.T.);
#11661=EDGE_CURVE('',#11260,#11262,#10200,.T.);
#11663=EDGE_CURVE('',#11316,#11262,#10544,.T.);
#11680=EDGE_CURVE('',#11094,#11091,#8240,.T.);
#11682=EDGE_CURVE('',#10860,#11094,#9291,.T.);
#11684=EDGE_CURVE('',#10859,#10860,#8245,.T.);
#11686=EDGE_CURVE('',#10986,#10859,#9313,.T.);
#11688=EDGE_CURVE('',#10984,#10986,#8249,.T.);
#11690=EDGE_CURVE('',#10984,#10875,#8253,.T.);
#11692=EDGE_CURVE('',#10896,#10875,#8257,.T.);
#11694=EDGE_CURVE('',#10895,#10896,#8262,.T.);
#11696=EDGE_CURVE('',#10892,#10895,#8266,.T.);
#11698=EDGE_CURVE('',#10890,#10892,#8271,.T.);
#11700=EDGE_CURVE('',#10890,#10867,#8275,.T.);
#11702=EDGE_CURVE('',#11091,#10867,#8279,.T.);
#11706=EDGE_CURVE('',#11203,#11204,#8231,.T.);
#11708=EDGE_CURVE('',#11204,#11203,#8236,.T.);
#11725=EDGE_CURVE('',#11098,#11100,#8283,.T.);
#11727=EDGE_CURVE('',#11098,#10863,#8287,.T.);
#11729=EDGE_CURVE('',#10880,#10863,#8291,.T.);
#11731=EDGE_CURVE('',#10879,#10880,#8296,.T.);
#11733=EDGE_CURVE('',#10908,#10879,#8300,.T.);
#11735=EDGE_CURVE('',#10906,#10908,#8305,.T.);
#11737=EDGE_CURVE('',#10906,#10871,#8309,.T.);
#11739=EDGE_CURVE('',#10989,#10871,#8313,.T.);
#11741=EDGE_CURVE('',#10992,#10989,#8317,.T.);
#11743=EDGE_CURVE('',#10856,#10992,#9827,.T.);
#11745=EDGE_CURVE('',#10855,#10856,#8322,.T.);
#11747=EDGE_CURVE('',#11100,#10855,#9849,.T.);
#11751=EDGE_CURVE('',#11207,#11208,#8221,.T.);
#11753=EDGE_CURVE('',#11208,#11207,#8226,.T.);
#11757=EDGE_CURVE('',#11265,#11266,#8326,.T.);
#11759=EDGE_CURVE('',#11266,#11517,#8330,.T.);
#11761=EDGE_CURVE('',#11517,#11276,#8334,.T.);
#11763=EDGE_CURVE('',#11276,#11274,#8338,.T.);
#11765=EDGE_CURVE('',#11274,#11272,#8342,.T.);
#11767=EDGE_CURVE('',#11272,#11270,#8346,.T.);
#11769=EDGE_CURVE('',#11270,#11268,#8350,.T.);
#11771=EDGE_CURVE('',#11268,#11265,#8354,.T.);
#11775=EDGE_CURVE('',#11279,#11280,#8358,.T.);
#11777=EDGE_CURVE('',#11280,#11282,#8362,.T.);
#11779=EDGE_CURVE('',#11282,#11284,#8366,.T.);
#11781=EDGE_CURVE('',#11284,#11286,#8370,.T.);
#11783=EDGE_CURVE('',#11286,#11288,#8374,.T.);
#11785=EDGE_CURVE('',#11288,#11279,#8378,.T.);
#11789=EDGE_CURVE('',#11291,#11292,#8382,.T.);
#11791=EDGE_CURVE('',#11292,#11294,#8386,.T.);
#11793=EDGE_CURVE('',#11294,#11296,#8390,.T.);
#11795=EDGE_CURVE('',#11296,#11298,#8394,.T.);
#11797=EDGE_CURVE('',#11298,#11300,#8398,.T.);
#11799=EDGE_CURVE('',#11300,#11302,#8402,.T.);
#11801=EDGE_CURVE('',#11302,#11304,#8406,.T.);
#11803=EDGE_CURVE('',#11304,#11306,#8410,.T.);
#11805=EDGE_CURVE('',#11306,#11308,#8414,.T.);
#11807=EDGE_CURVE('',#11308,#11310,#8418,.T.);
#11809=EDGE_CURVE('',#11310,#11312,#8422,.T.);
#11811=EDGE_CURVE('',#11312,#11314,#8426,.T.);
#11814=EDGE_CURVE('',#11316,#11291,#8434,.T.);
#11818=EDGE_CURVE('',#11546,#11547,#8490,.T.);
#11820=EDGE_CURVE('',#11547,#11549,#8494,.T.);
#11822=EDGE_CURVE('',#11549,#11551,#8498,.T.);
#11824=EDGE_CURVE('',#11551,#11553,#8502,.T.);
#11826=EDGE_CURVE('',#11553,#11555,#8506,.T.);
#11828=EDGE_CURVE('',#11555,#11557,#8510,.T.);
#11830=EDGE_CURVE('',#11557,#11559,#8514,.T.);
#11832=EDGE_CURVE('',#11559,#11561,#8518,.T.);
#11834=EDGE_CURVE('',#11561,#11563,#8522,.T.);
#11836=EDGE_CURVE('',#11563,#11565,#8526,.T.);
#11838=EDGE_CURVE('',#11565,#11567,#8530,.T.);
#11840=EDGE_CURVE('',#11567,#11569,#8534,.T.);
#11842=EDGE_CURVE('',#11569,#11571,#8538,.T.);
#11844=EDGE_CURVE('',#11571,#11573,#8542,.T.);
#11846=EDGE_CURVE('',#11573,#11575,#8546,.T.);
#11848=EDGE_CURVE('',#11575,#11577,#8550,.T.);
#11850=EDGE_CURVE('',#11577,#11579,#8554,.T.);
#11852=EDGE_CURVE('',#11579,#11581,#8558,.T.);
#11854=EDGE_CURVE('',#11581,#11583,#8562,.T.);
#11856=EDGE_CURVE('',#11583,#11585,#8566,.T.);
#11858=EDGE_CURVE('',#11585,#11587,#8570,.T.);
#11860=EDGE_CURVE('',#11587,#11589,#8574,.T.);
#11862=EDGE_CURVE('',#11589,#11591,#8578,.T.);
#11864=EDGE_CURVE('',#11591,#11593,#8582,.T.);
#11866=EDGE_CURVE('',#11593,#11595,#8586,.T.);
#11868=EDGE_CURVE('',#11595,#11597,#8590,.T.);
#11870=EDGE_CURVE('',#11597,#11599,#8594,.T.);
#11872=EDGE_CURVE('',#11599,#11601,#8598,.T.);
#11874=EDGE_CURVE('',#11601,#11603,#8602,.T.);
#11876=EDGE_CURVE('',#11603,#11605,#8606,.T.);
#11878=EDGE_CURVE('',#11605,#11607,#8610,.T.);
#11880=EDGE_CURVE('',#11607,#11609,#8614,.T.);
#11882=EDGE_CURVE('',#11609,#11611,#8618,.T.);
#11884=EDGE_CURVE('',#11611,#11613,#8622,.T.);
#11886=EDGE_CURVE('',#11613,#11615,#8626,.T.);
#11888=EDGE_CURVE('',#11615,#11617,#8630,.T.);
#11890=EDGE_CURVE('',#11617,#11619,#8634,.T.);
#11892=EDGE_CURVE('',#11619,#11621,#8638,.T.);
#11894=EDGE_CURVE('',#11621,#11623,#8642,.T.);
#11896=EDGE_CURVE('',#11623,#11625,#8646,.T.);
#11898=EDGE_CURVE('',#11625,#11627,#8650,.T.);
#11900=EDGE_CURVE('',#11627,#11629,#8654,.T.);
#11902=EDGE_CURVE('',#11629,#11631,#8658,.T.);
#11904=EDGE_CURVE('',#11631,#11633,#8662,.T.);
#11906=EDGE_CURVE('',#11633,#11635,#8666,.T.);
#11908=EDGE_CURVE('',#11635,#11637,#8670,.T.);
#11910=EDGE_CURVE('',#11637,#11639,#8674,.T.);
#11912=EDGE_CURVE('',#11639,#11641,#8678,.T.);
#11914=EDGE_CURVE('',#11641,#11643,#8682,.T.);
#11916=EDGE_CURVE('',#11643,#11645,#8686,.T.);
#11918=EDGE_CURVE('',#11645,#11647,#8690,.T.);
#11920=EDGE_CURVE('',#11647,#11649,#8694,.T.);
#11922=EDGE_CURVE('',#11649,#11651,#8698,.T.);
#11924=EDGE_CURVE('',#11651,#11546,#8702,.T.);
#11941=EDGE_CURVE('',#11520,#11521,#8438,.T.);
#11943=EDGE_CURVE('',#11521,#11523,#8442,.T.);
#11945=EDGE_CURVE('',#11523,#11520,#8446,.T.);
#11962=EDGE_CURVE('',#11526,#11527,#8450,.T.);
#11964=EDGE_CURVE('',#11527,#11529,#8454,.T.);
#11966=EDGE_CURVE('',#11529,#11531,#8458,.T.);
#11968=EDGE_CURVE('',#11531,#11533,#8462,.T.);
#11970=EDGE_CURVE('',#11533,#11535,#8466,.T.);
#11972=EDGE_CURVE('',#11535,#11537,#8470,.T.);
#11974=EDGE_CURVE('',#11537,#11539,#8474,.T.);
#11976=EDGE_CURVE('',#11539,#11541,#8478,.T.);
#11978=EDGE_CURVE('',#11541,#11543,#8482,.T.);
#11980=EDGE_CURVE('',#11543,#11526,#8486,.T.);
#11997=EDGE_CURVE('',#11199,#11200,#8711,.T.);
#11999=EDGE_CURVE('',#11199,#11207,#8706,.T.);
#12002=EDGE_CURVE('',#11200,#11208,#8832,.T.);
#12019=EDGE_CURVE('',#11115,#11104,#8730,.T.);
#12021=EDGE_CURVE('',#11104,#10868,#8734,.T.);
#12023=EDGE_CURVE('',#10888,#10868,#8738,.T.);
#12025=EDGE_CURVE('',#10887,#10888,#8743,.T.);
#12027=EDGE_CURVE('',#10887,#10900,#8747,.T.);
#12029=EDGE_CURVE('',#10898,#10900,#8752,.T.);
#12031=EDGE_CURVE('',#10898,#10876,#8756,.T.);
#12033=EDGE_CURVE('',#10996,#10876,#8760,.T.);
#12035=EDGE_CURVE('',#10996,#11008,#8764,.T.);
#12037=EDGE_CURVE('',#11008,#10851,#8768,.T.);
#12039=EDGE_CURVE('',#10851,#10852,#8773,.T.);
#12041=EDGE_CURVE('',#10852,#11115,#8777,.T.);
#12045=EDGE_CURVE('',#11195,#11196,#8721,.T.);
#12047=EDGE_CURVE('',#11196,#11195,#8726,.T.);
#12064=EDGE_CURVE('',#11102,#11124,#8781,.T.);
#12066=EDGE_CURVE('',#11124,#10847,#8785,.T.);
#12068=EDGE_CURVE('',#10847,#10848,#8790,.T.);
#12070=EDGE_CURVE('',#10848,#11015,#8794,.T.);
#12072=EDGE_CURVE('',#11015,#10994,#8798,.T.);
#12074=EDGE_CURVE('',#10994,#10872,#8802,.T.);
#12076=EDGE_CURVE('',#10904,#10872,#8806,.T.);
#12078=EDGE_CURVE('',#10903,#10904,#8811,.T.);
#12080=EDGE_CURVE('',#10903,#10884,#8815,.T.);
#12082=EDGE_CURVE('',#10882,#10884,#8820,.T.);
#12084=EDGE_CURVE('',#10882,#10864,#8824,.T.);
#12086=EDGE_CURVE('',#11102,#10864,#8828,.T.);
#12091=EDGE_CURVE('',#11200,#11199,#8716,.T.);
#12128=EDGE_CURVE('',#11195,#11203,#8836,.T.);
#12131=EDGE_CURVE('',#11196,#11204,#8840,.T.);
#12168=EDGE_CURVE('',#11111,#11115,#8859,.T.);
#12170=EDGE_CURVE('',#11111,#11106,#8844,.T.);
#12172=EDGE_CURVE('',#11106,#11104,#8849,.T.);
#12189=EDGE_CURVE('',#11111,#11112,#8868,.T.);
#12192=EDGE_CURVE('',#11115,#11116,#9283,.T.);
#12194=EDGE_CURVE('',#11116,#11112,#8864,.T.);
#12212=EDGE_CURVE('',#11112,#11119,#8908,.T.);
#12214=EDGE_CURVE('',#11119,#11120,#8872,.T.);
#12216=EDGE_CURVE('',#11111,#11120,#9160,.T.);
#12233=EDGE_CURVE('',#11059,#11172,#8876,.T.);
#12235=EDGE_CURVE('',#11176,#11172,#9136,.T.);
#12237=EDGE_CURVE('',#11176,#11340,#8880,.T.);
#12239=EDGE_CURVE('',#11340,#11364,#8884,.T.);
#12241=EDGE_CURVE('',#11364,#11167,#8888,.T.);
#12243=EDGE_CURVE('',#11163,#11167,#8941,.T.);
#12245=EDGE_CURVE('',#11163,#11087,#8892,.T.);
#12247=EDGE_CURVE('',#11083,#11087,#9933,.T.);
#12249=EDGE_CURVE('',#11083,#11075,#8896,.T.);
#12251=EDGE_CURVE('',#11080,#11075,#8900,.T.);
#12253=EDGE_CURVE('',#11097,#11080,#9882,.T.);
#12255=EDGE_CURVE('',#11097,#11123,#8904,.T.);
#12257=EDGE_CURVE('',#11119,#11123,#9854,.T.);
#12261=EDGE_CURVE('',#11116,#11092,#8912,.T.);
#12263=EDGE_CURVE('',#11051,#11092,#9220,.T.);
#12265=EDGE_CURVE('',#11056,#11051,#8916,.T.);
#12267=EDGE_CURVE('',#11056,#11063,#8920,.T.);
#12269=EDGE_CURVE('',#11059,#11063,#9185,.T.);
#12286=EDGE_CURVE('',#11163,#11164,#8924,.T.);
#12288=EDGE_CURVE('',#11164,#11088,#9176,.T.);
#12290=EDGE_CURVE('',#11087,#11088,#8928,.T.);
#12308=EDGE_CURVE('',#11171,#11172,#8932,.T.);
#12311=EDGE_CURVE('',#11059,#11060,#8936,.T.);
#12313=EDGE_CURVE('',#11060,#11171,#9144,.T.);
#12332=EDGE_CURVE('',#11167,#11168,#8950,.T.);
#12334=EDGE_CURVE('',#11168,#11164,#8946,.T.);
#12353=EDGE_CURVE('',#11362,#11364,#8955,.T.);
#12355=EDGE_CURVE('',#11360,#11362,#8959,.T.);
#12357=EDGE_CURVE('',#11359,#11360,#8964,.T.);
#12359=EDGE_CURVE('',#11155,#11359,#8968,.T.);
#12361=EDGE_CURVE('',#11155,#11156,#8972,.T.);
#12363=EDGE_CURVE('',#11356,#11156,#8976,.T.);
#12365=EDGE_CURVE('',#11354,#11356,#8981,.T.);
#12367=EDGE_CURVE('',#11352,#11354,#8985,.T.);
#12369=EDGE_CURVE('',#11351,#11352,#8990,.T.);
#12371=EDGE_CURVE('',#11168,#11351,#9180,.T.);
#12388=EDGE_CURVE('',#11191,#11192,#8994,.T.);
#12390=EDGE_CURVE('',#11348,#11191,#9340,.T.);
#12392=EDGE_CURVE('',#11346,#11348,#8999,.T.);
#12394=EDGE_CURVE('',#11344,#11346,#9003,.T.);
#12396=EDGE_CURVE('',#11343,#11344,#9008,.T.);
#12398=EDGE_CURVE('',#11152,#11343,#9012,.T.);
#12400=EDGE_CURVE('',#11150,#11152,#9016,.T.);
#12402=EDGE_CURVE('',#11140,#11150,#9020,.T.);
#12404=EDGE_CURVE('',#11138,#11140,#9025,.T.);
#12406=EDGE_CURVE('',#11136,#11138,#9029,.T.);
#12408=EDGE_CURVE('',#11135,#11136,#9034,.T.);
#12410=EDGE_CURVE('',#11192,#11135,#9428,.T.);
#12427=EDGE_CURVE('',#11338,#11340,#9082,.T.);
#12429=EDGE_CURVE('',#11338,#11362,#9038,.T.);
#12448=EDGE_CURVE('',#11175,#11176,#9042,.T.);
#12450=EDGE_CURVE('',#11327,#11175,#9140,.T.);
#12452=EDGE_CURVE('',#11327,#11328,#9047,.T.);
#12454=EDGE_CURVE('',#11328,#11330,#9051,.T.);
#12456=EDGE_CURVE('',#11330,#11332,#9056,.T.);
#12458=EDGE_CURVE('',#11332,#11160,#9060,.T.);
#12460=EDGE_CURVE('',#11159,#11160,#9064,.T.);
#12462=EDGE_CURVE('',#11159,#11335,#9068,.T.);
#12464=EDGE_CURVE('',#11335,#11336,#9073,.T.);
#12466=EDGE_CURVE('',#11336,#11338,#9077,.T.);
#12485=EDGE_CURVE('',#11183,#11184,#9086,.T.);
#12487=EDGE_CURVE('',#11127,#11183,#9432,.T.);
#12489=EDGE_CURVE('',#11127,#11128,#9091,.T.);
#12491=EDGE_CURVE('',#11128,#11130,#9095,.T.);
#12493=EDGE_CURVE('',#11130,#11132,#9100,.T.);
#12495=EDGE_CURVE('',#11132,#11143,#9104,.T.);
#12497=EDGE_CURVE('',#11143,#11144,#9108,.T.);
#12499=EDGE_CURVE('',#11144,#11319,#9112,.T.);
#12501=EDGE_CURVE('',#11319,#11320,#9117,.T.);
#12503=EDGE_CURVE('',#11320,#11322,#9121,.T.);
#12505=EDGE_CURVE('',#11322,#11324,#9126,.T.);
#12507=EDGE_CURVE('',#11184,#11324,#9380,.T.);
#12525=EDGE_CURVE('',#11171,#11175,#9131,.T.);
#12547=EDGE_CURVE('',#11064,#11060,#9190,.T.);
#12549=EDGE_CURVE('',#11043,#11064,#9148,.T.);
#12551=EDGE_CURVE('',#11043,#11044,#9152,.T.);
#12553=EDGE_CURVE('',#11106,#11044,#9156,.T.);
#12557=EDGE_CURVE('',#11108,#11120,#9868,.T.);
#12559=EDGE_CURVE('',#11067,#11108,#9164,.T.);
#12561=EDGE_CURVE('',#11067,#11068,#9168,.T.);
#12563=EDGE_CURVE('',#11084,#11068,#9172,.T.);
#12565=EDGE_CURVE('',#11088,#11084,#9938,.T.);
#12570=EDGE_CURVE('',#11327,#11351,#9992,.T.);
#12589=EDGE_CURVE('',#11063,#11064,#9194,.T.);
#12609=EDGE_CURVE('',#11054,#11056,#9199,.T.);
#12611=EDGE_CURVE('',#11054,#11022,#9203,.T.);
#12613=EDGE_CURVE('',#11022,#11028,#9207,.T.);
#12615=EDGE_CURVE('',#11028,#11047,#9247,.T.);
#12617=EDGE_CURVE('',#11043,#11047,#9234,.T.);
#12635=EDGE_CURVE('',#11051,#11052,#9216,.T.);
#12637=EDGE_CURVE('',#11054,#11052,#9267,.T.);
#12659=EDGE_CURVE('',#11048,#11044,#9239,.T.);
#12661=EDGE_CURVE('',#11048,#11025,#9259,.T.);
#12663=EDGE_CURVE('',#11019,#11025,#9279,.T.);
#12665=EDGE_CURVE('',#11019,#11052,#9211,.T.);
#12669=EDGE_CURVE('',#11091,#11092,#9225,.T.);
#12672=EDGE_CURVE('',#10867,#10868,#9229,.T.);
#12691=EDGE_CURVE('',#11047,#11048,#9243,.T.);
#12711=EDGE_CURVE('',#11026,#11028,#9251,.T.);
#12713=EDGE_CURVE('',#11025,#11026,#9255,.T.);
#12731=EDGE_CURVE('',#11020,#11022,#9275,.T.);
#12733=EDGE_CURVE('',#11020,#11026,#9263,.T.);
#12754=EDGE_CURVE('',#11019,#11020,#9271,.T.);
#12793=EDGE_CURVE('',#11116,#11094,#9296,.T.);
#12814=EDGE_CURVE('',#10852,#10860,#9287,.T.);
#12834=EDGE_CURVE('',#10851,#10859,#9300,.T.);
#12853=EDGE_CURVE('',#11007,#11008,#9304,.T.);
#12855=EDGE_CURVE('',#10986,#11007,#9309,.T.);
#12875=EDGE_CURVE('',#11003,#11004,#9332,.T.);
#12877=EDGE_CURVE('',#11003,#11007,#9318,.T.);
#12880=EDGE_CURVE('',#11008,#11004,#9328,.T.);
#12898=EDGE_CURVE('',#11004,#11011,#9360,.T.);
#12900=EDGE_CURVE('',#11011,#11012,#9336,.T.);
#12902=EDGE_CURVE('',#11003,#11012,#9452,.T.);
#12920=EDGE_CURVE('',#11187,#11191,#9389,.T.);
#12922=EDGE_CURVE('',#11187,#10979,#9344,.T.);
#12924=EDGE_CURVE('',#10975,#10979,#9770,.T.);
#12926=EDGE_CURVE('',#10975,#10959,#9348,.T.);
#12928=EDGE_CURVE('',#10959,#10960,#9352,.T.);
#12930=EDGE_CURVE('',#10960,#11000,#9356,.T.);
#12932=EDGE_CURVE('',#11011,#11000,#9711,.T.);
#12935=EDGE_CURVE('',#10998,#11004,#9627,.T.);
#12937=EDGE_CURVE('',#10998,#10923,#9364,.T.);
#12939=EDGE_CURVE('',#10923,#10924,#9368,.T.);
#12941=EDGE_CURVE('',#10924,#10943,#9372,.T.);
#12943=EDGE_CURVE('',#10939,#10943,#9573,.T.);
#12945=EDGE_CURVE('',#10939,#11180,#9376,.T.);
#12947=EDGE_CURVE('',#11184,#11180,#9420,.T.);
#12950=EDGE_CURVE('',#11324,#11348,#9384,.T.);
#12967=EDGE_CURVE('',#11187,#11188,#9406,.T.);
#12971=EDGE_CURVE('',#11192,#11188,#9394,.T.);
#12988=EDGE_CURVE('',#11179,#11180,#9398,.T.);
#12991=EDGE_CURVE('',#10939,#10940,#9402,.T.);
#12993=EDGE_CURVE('',#10940,#11179,#9436,.T.);
#13011=EDGE_CURVE('',#11188,#10980,#9424,.T.);
#13013=EDGE_CURVE('',#10979,#10980,#9410,.T.);
#13032=EDGE_CURVE('',#11179,#11183,#9415,.T.);
#13054=EDGE_CURVE('',#11127,#11135,#9468,.T.);
#13059=EDGE_CURVE('',#10944,#10940,#9578,.T.);
#13061=EDGE_CURVE('',#10931,#10944,#9440,.T.);
#13063=EDGE_CURVE('',#10936,#10931,#9444,.T.);
#13065=EDGE_CURVE('',#10983,#10936,#9614,.T.);
#13067=EDGE_CURVE('',#10983,#11007,#9448,.T.);
#13071=EDGE_CURVE('',#11016,#11012,#9707,.T.);
#13073=EDGE_CURVE('',#11016,#10990,#9456,.T.);
#13075=EDGE_CURVE('',#10967,#10990,#9729,.T.);
#13077=EDGE_CURVE('',#10972,#10967,#9460,.T.);
#13079=EDGE_CURVE('',#10976,#10972,#9464,.T.);
#13081=EDGE_CURVE('',#10980,#10976,#9775,.T.);
#13101=EDGE_CURVE('',#11128,#11136,#9472,.T.);
#13121=EDGE_CURVE('',#11130,#11138,#9476,.T.);
#13141=EDGE_CURVE('',#11132,#11140,#9485,.T.);
#13158=EDGE_CURVE('',#11143,#11145,#9481,.T.);
#13163=EDGE_CURVE('',#11149,#11150,#9490,.T.);
#13165=EDGE_CURVE('',#11145,#11149,#9501,.T.);
#13184=EDGE_CURVE('',#11145,#11146,#9497,.T.);
#13186=EDGE_CURVE('',#11146,#11148,#9513,.T.);
#13188=EDGE_CURVE('',#11148,#11149,#9508,.T.);
#13192=EDGE_CURVE('',#11152,#11375,#9522,.T.);
#13194=EDGE_CURVE('',#11375,#11376,#9551,.T.);
#13196=EDGE_CURVE('',#11376,#11378,#9568,.T.);
#13198=EDGE_CURVE('',#11378,#11379,#9559,.T.);
#13200=EDGE_CURVE('',#11379,#11144,#9527,.T.);
#13220=EDGE_CURVE('',#11146,#11148,#9517,.T.);
#13256=EDGE_CURVE('',#11319,#11343,#9535,.T.);
#13260=EDGE_CURVE('',#11379,#11375,#9531,.T.);
#13280=EDGE_CURVE('',#11320,#11344,#9539,.T.);
#13300=EDGE_CURVE('',#11322,#11346,#9543,.T.);
#13339=EDGE_CURVE('',#11378,#11376,#9563,.T.);
#13375=EDGE_CURVE('',#10943,#10944,#9582,.T.);
#13395=EDGE_CURVE('',#10928,#10924,#9605,.T.);
#13397=EDGE_CURVE('',#10920,#10928,#9688,.T.);
#13399=EDGE_CURVE('',#10914,#10920,#9586,.T.);
#13401=EDGE_CURVE('',#10914,#10932,#9590,.T.);
#13403=EDGE_CURVE('',#10931,#10932,#9595,.T.);
#13422=EDGE_CURVE('',#10923,#10927,#9600,.T.);
#13424=EDGE_CURVE('',#10927,#10928,#9672,.T.);
#13443=EDGE_CURVE('',#10996,#10998,#9632,.T.);
#13446=EDGE_CURVE('',#10875,#10876,#9640,.T.);
#13449=EDGE_CURVE('',#10983,#10984,#9610,.T.);
#13452=EDGE_CURVE('',#10934,#10936,#9619,.T.);
#13454=EDGE_CURVE('',#10934,#10911,#9623,.T.);
#13456=EDGE_CURVE('',#10911,#10917,#9692,.T.);
#13458=EDGE_CURVE('',#10927,#10917,#9676,.T.);
#13495=EDGE_CURVE('',#10898,#10896,#9636,.T.);
#13518=EDGE_CURVE('',#10900,#10895,#9648,.T.);
#13535=EDGE_CURVE('',#10892,#10887,#9644,.T.);
#13556=EDGE_CURVE('',#10890,#10888,#9652,.T.);
#13614=EDGE_CURVE('',#10934,#10932,#9656,.T.);
#13635=EDGE_CURVE('',#10912,#10914,#9660,.T.);
#13637=EDGE_CURVE('',#10911,#10912,#9664,.T.);
#13657=EDGE_CURVE('',#10918,#10920,#9684,.T.);
#13659=EDGE_CURVE('',#10912,#10918,#9668,.T.);
#13678=EDGE_CURVE('',#10917,#10918,#9680,.T.);
#13717=EDGE_CURVE('',#11011,#11015,#9702,.T.);
#13719=EDGE_CURVE('',#11015,#11016,#9819,.T.);
#13740=EDGE_CURVE('',#11000,#10994,#9716,.T.);
#13760=EDGE_CURVE('',#10964,#10960,#9748,.T.);
#13762=EDGE_CURVE('',#10964,#10953,#9811,.T.);
#13764=EDGE_CURVE('',#10947,#10953,#9791,.T.);
#13766=EDGE_CURVE('',#10947,#10968,#9720,.T.);
#13768=EDGE_CURVE('',#10967,#10968,#9725,.T.);
#13771=EDGE_CURVE('',#10989,#10990,#9734,.T.);
#13774=EDGE_CURVE('',#10871,#10872,#9738,.T.);
#13792=EDGE_CURVE('',#10959,#10963,#9743,.T.);
#13794=EDGE_CURVE('',#10963,#10964,#9795,.T.);
#13812=EDGE_CURVE('',#10975,#10976,#9752,.T.);
#13815=EDGE_CURVE('',#10970,#10972,#9757,.T.);
#13817=EDGE_CURVE('',#10970,#10950,#9761,.T.);
#13819=EDGE_CURVE('',#10950,#10956,#9765,.T.);
#13821=EDGE_CURVE('',#10956,#10963,#9799,.T.);
#13860=EDGE_CURVE('',#10970,#10968,#9779,.T.);
#13881=EDGE_CURVE('',#10947,#10948,#9783,.T.);
#13883=EDGE_CURVE('',#10948,#10950,#9787,.T.);
#13903=EDGE_CURVE('',#10953,#10954,#9807,.T.);
#13905=EDGE_CURVE('',#10948,#10954,#9815,.T.);
#13924=EDGE_CURVE('',#10954,#10956,#9803,.T.);
#13963=EDGE_CURVE('',#11016,#10992,#9832,.T.);
#13984=EDGE_CURVE('',#10848,#10856,#9823,.T.);
#14004=EDGE_CURVE('',#10847,#10855,#9836,.T.);
#14023=EDGE_CURVE('',#11123,#11124,#9840,.T.);
#14025=EDGE_CURVE('',#11100,#11123,#9845,.T.);
#14048=EDGE_CURVE('',#11124,#11120,#9864,.T.);
#14068=EDGE_CURVE('',#11102,#11108,#9873,.T.);
#14088=EDGE_CURVE('',#10863,#10864,#9899,.T.);
#14091=EDGE_CURVE('',#11097,#11098,#9878,.T.);
#14094=EDGE_CURVE('',#11078,#11080,#9887,.T.);
#14096=EDGE_CURVE('',#11078,#11031,#9891,.T.);
#14098=EDGE_CURVE('',#11031,#11037,#9972,.T.);
#14100=EDGE_CURVE('',#11071,#11037,#9956,.T.);
#14102=EDGE_CURVE('',#11067,#11071,#9943,.T.);
#14119=EDGE_CURVE('',#10882,#10880,#9895,.T.);
#14142=EDGE_CURVE('',#10884,#10879,#9903,.T.);
#14161=EDGE_CURVE('',#10908,#10903,#9907,.T.);
#14180=EDGE_CURVE('',#10906,#10904,#9911,.T.);
#14237=EDGE_CURVE('',#11075,#11076,#9928,.T.);
#14239=EDGE_CURVE('',#11078,#11076,#9976,.T.);
#14258=EDGE_CURVE('',#11083,#11084,#9915,.T.);
#14261=EDGE_CURVE('',#11072,#11068,#9948,.T.);
#14263=EDGE_CURVE('',#11040,#11072,#9968,.T.);
#14265=EDGE_CURVE('',#11034,#11040,#9919,.T.);
#14267=EDGE_CURVE('',#11034,#11076,#9923,.T.);
#14307=EDGE_CURVE('',#11071,#11072,#9952,.T.);
#14327=EDGE_CURVE('',#11037,#11038,#9960,.T.);
#14329=EDGE_CURVE('',#11038,#11040,#9964,.T.);
#14347=EDGE_CURVE('',#11031,#11032,#9984,.T.);
#14349=EDGE_CURVE('',#11032,#11038,#9988,.T.);
#14370=EDGE_CURVE('',#11032,#11034,#9980,.T.);
#14411=EDGE_CURVE('',#11328,#11352,#9996,.T.);
#14431=EDGE_CURVE('',#11330,#11354,#10000,.T.);
#14451=EDGE_CURVE('',#11332,#11356,#10009,.T.);
#14468=EDGE_CURVE('',#11160,#11365,#10005,.T.);
#14473=EDGE_CURVE('',#11369,#11156,#10014,.T.);
#14475=EDGE_CURVE('',#11365,#11369,#10071,.T.);
#14493=EDGE_CURVE('',#11155,#11370,#10019,.T.);
#14495=EDGE_CURVE('',#11370,#11371,#10043,.T.);
#14497=EDGE_CURVE('',#11371,#11373,#10059,.T.);
#14499=EDGE_CURVE('',#11373,#11374,#10050,.T.);
#14501=EDGE_CURVE('',#11374,#11159,#10024,.T.);
#14505=EDGE_CURVE('',#11365,#11366,#10067,.T.);
#14507=EDGE_CURVE('',#11366,#11368,#10084,.T.);
#14509=EDGE_CURVE('',#11368,#11369,#10079,.T.);
#14529=EDGE_CURVE('',#11335,#11359,#10032,.T.);
#14533=EDGE_CURVE('',#11374,#11370,#10028,.T.);
#14553=EDGE_CURVE('',#11336,#11360,#10036,.T.);
#14592=EDGE_CURVE('',#11373,#11371,#10054,.T.);
#14629=EDGE_CURVE('',#11366,#11368,#10088,.T.);
#14664=EDGE_CURVE('',#11265,#11211,#10092,.T.);
#14666=EDGE_CURVE('',#11211,#11212,#10128,.T.);
#14668=EDGE_CURVE('',#11266,#11212,#10120,.T.);
#14686=EDGE_CURVE('',#11268,#11214,#10096,.T.);
#14688=EDGE_CURVE('',#11214,#11211,#10132,.T.);
#14707=EDGE_CURVE('',#11270,#11216,#10100,.T.);
#14709=EDGE_CURVE('',#11216,#11214,#10136,.T.);
#14728=EDGE_CURVE('',#11272,#11218,#10104,.T.);
#14730=EDGE_CURVE('',#11218,#11216,#10140,.T.);
#14749=EDGE_CURVE('',#11274,#11220,#10108,.T.);
#14751=EDGE_CURVE('',#11220,#11218,#10144,.T.);
#14770=EDGE_CURVE('',#11276,#11222,#10112,.T.);
#14772=EDGE_CURVE('',#11222,#11220,#10148,.T.);
#14791=EDGE_CURVE('',#11517,#11381,#10116,.T.);
#14793=EDGE_CURVE('',#11381,#11222,#10152,.T.);
#14806=EDGE_CURVE('',#11212,#11381,#10124,.T.);
#14827=EDGE_CURVE('',#11384,#11385,#10156,.T.);
#14829=EDGE_CURVE('',#11387,#11384,#10160,.T.);
#14831=EDGE_CURVE('',#11385,#11387,#10164,.T.);
#14848=EDGE_CURVE('',#11225,#11226,#10168,.T.);
#14850=EDGE_CURVE('',#11234,#11225,#10172,.T.);
#14852=EDGE_CURVE('',#11232,#11234,#10176,.T.);
#14854=EDGE_CURVE('',#11230,#11232,#10180,.T.);
#14856=EDGE_CURVE('',#11228,#11230,#10184,.T.);
#14858=EDGE_CURVE('',#11226,#11228,#10188,.T.);
#14875=EDGE_CURVE('',#11237,#11238,#10192,.T.);
#14877=EDGE_CURVE('',#11262,#11237,#10196,.T.);
#14880=EDGE_CURVE('',#11258,#11260,#10204,.T.);
#14882=EDGE_CURVE('',#11256,#11258,#10208,.T.);
#14884=EDGE_CURVE('',#11254,#11256,#10212,.T.);
#14886=EDGE_CURVE('',#11252,#11254,#10216,.T.);
#14888=EDGE_CURVE('',#11250,#11252,#10220,.T.);
#14890=EDGE_CURVE('',#11248,#11250,#10224,.T.);
#14892=EDGE_CURVE('',#11246,#11248,#10228,.T.);
#14894=EDGE_CURVE('',#11244,#11246,#10232,.T.);
#14896=EDGE_CURVE('',#11242,#11244,#10236,.T.);
#14898=EDGE_CURVE('',#11240,#11242,#10240,.T.);
#14900=EDGE_CURVE('',#11238,#11240,#10244,.T.);
#14904=EDGE_CURVE('',#11390,#11391,#10248,.T.);
#14906=EDGE_CURVE('',#11407,#11390,#10252,.T.);
#14908=EDGE_CURVE('',#11405,#11407,#10256,.T.);
#14910=EDGE_CURVE('',#11403,#11405,#10260,.T.);
#14912=EDGE_CURVE('',#11401,#11403,#10264,.T.);
#14914=EDGE_CURVE('',#11399,#11401,#10268,.T.);
#14916=EDGE_CURVE('',#11397,#11399,#10272,.T.);
#14918=EDGE_CURVE('',#11395,#11397,#10276,.T.);
#14920=EDGE_CURVE('',#11393,#11395,#10280,.T.);
#14922=EDGE_CURVE('',#11391,#11393,#10284,.T.);
#14939=EDGE_CURVE('',#11410,#11411,#10288,.T.);
#14941=EDGE_CURVE('',#11515,#11410,#10292,.T.);
#14943=EDGE_CURVE('',#11513,#11515,#10296,.T.);
#14945=EDGE_CURVE('',#11511,#11513,#10300,.T.);
#14947=EDGE_CURVE('',#11509,#11511,#10304,.T.);
#14949=EDGE_CURVE('',#11507,#11509,#10308,.T.);
#14951=EDGE_CURVE('',#11505,#11507,#10312,.T.);
#14953=EDGE_CURVE('',#11503,#11505,#10316,.T.);
#14955=EDGE_CURVE('',#11501,#11503,#10320,.T.);
#14957=EDGE_CURVE('',#11499,#11501,#10324,.T.);
#14959=EDGE_CURVE('',#11497,#11499,#10328,.T.);
#14961=EDGE_CURVE('',#11495,#11497,#10332,.T.);
#14963=EDGE_CURVE('',#11493,#11495,#10336,.T.);
#14965=EDGE_CURVE('',#11491,#11493,#10340,.T.);
#14967=EDGE_CURVE('',#11489,#11491,#10344,.T.);
#14969=EDGE_CURVE('',#11487,#11489,#10348,.T.);
#14971=EDGE_CURVE('',#11485,#11487,#10352,.T.);
#14973=EDGE_CURVE('',#11483,#11485,#10356,.T.);
#14975=EDGE_CURVE('',#11481,#11483,#10360,.T.);
#14977=EDGE_CURVE('',#11479,#11481,#10364,.T.);
#14979=EDGE_CURVE('',#11477,#11479,#10368,.T.);
#14981=EDGE_CURVE('',#11475,#11477,#10372,.T.);
#14983=EDGE_CURVE('',#11473,#11475,#10376,.T.);
#14985=EDGE_CURVE('',#11471,#11473,#10380,.T.);
#14987=EDGE_CURVE('',#11469,#11471,#10384,.T.);
#14989=EDGE_CURVE('',#11467,#11469,#10388,.T.);
#14991=EDGE_CURVE('',#11465,#11467,#10392,.T.);
#14993=EDGE_CURVE('',#11463,#11465,#10396,.T.);
#14995=EDGE_CURVE('',#11461,#11463,#10400,.T.);
#14997=EDGE_CURVE('',#11459,#11461,#10404,.T.);
#14999=EDGE_CURVE('',#11457,#11459,#10408,.T.);
#15001=EDGE_CURVE('',#11455,#11457,#10412,.T.);
#15003=EDGE_CURVE('',#11453,#11455,#10416,.T.);
#15005=EDGE_CURVE('',#11451,#11453,#10420,.T.);
#15007=EDGE_CURVE('',#11449,#11451,#10424,.T.);
#15009=EDGE_CURVE('',#11447,#11449,#10428,.T.);
#15011=EDGE_CURVE('',#11445,#11447,#10432,.T.);
#15013=EDGE_CURVE('',#11443,#11445,#10436,.T.);
#15015=EDGE_CURVE('',#11441,#11443,#10440,.T.);
#15017=EDGE_CURVE('',#11439,#11441,#10444,.T.);
#15019=EDGE_CURVE('',#11437,#11439,#10448,.T.);
#15021=EDGE_CURVE('',#11435,#11437,#10452,.T.);
#15023=EDGE_CURVE('',#11433,#11435,#10456,.T.);
#15025=EDGE_CURVE('',#11431,#11433,#10460,.T.);
#15027=EDGE_CURVE('',#11429,#11431,#10464,.T.);
#15029=EDGE_CURVE('',#11427,#11429,#10468,.T.);
#15031=EDGE_CURVE('',#11425,#11427,#10472,.T.);
#15033=EDGE_CURVE('',#11423,#11425,#10476,.T.);
#15035=EDGE_CURVE('',#11421,#11423,#10480,.T.);
#15037=EDGE_CURVE('',#11419,#11421,#10484,.T.);
#15039=EDGE_CURVE('',#11417,#11419,#10488,.T.);
#15041=EDGE_CURVE('',#11415,#11417,#10492,.T.);
#15043=EDGE_CURVE('',#11413,#11415,#10496,.T.);
#15045=EDGE_CURVE('',#11411,#11413,#10500,.T.);
#15063=EDGE_CURVE('',#11520,#11384,#10504,.T.);
#15066=EDGE_CURVE('',#11521,#11385,#10512,.T.);
#15077=EDGE_CURVE('',#11523,#11387,#10508,.T.);
#15102=EDGE_CURVE('',#11279,#11225,#10516,.T.);
#15105=EDGE_CURVE('',#11280,#11226,#10536,.T.);
#15123=EDGE_CURVE('',#11288,#11234,#10520,.T.);
#15143=EDGE_CURVE('',#11286,#11232,#10524,.T.);
#15163=EDGE_CURVE('',#11284,#11230,#10528,.T.);
#15183=EDGE_CURVE('',#11282,#11228,#10532,.T.);
#15222=EDGE_CURVE('',#11291,#11237,#10540,.T.);
#15225=EDGE_CURVE('',#11292,#11238,#10548,.T.);
#15264=EDGE_CURVE('',#11294,#11240,#10552,.T.);
#15284=EDGE_CURVE('',#11296,#11242,#10556,.T.);
#15304=EDGE_CURVE('',#11298,#11244,#10560,.T.);
#15324=EDGE_CURVE('',#11300,#11246,#10564,.T.);
#15344=EDGE_CURVE('',#11302,#11248,#10568,.T.);
#15364=EDGE_CURVE('',#11304,#11250,#10572,.T.);
#15384=EDGE_CURVE('',#11306,#11252,#10576,.T.);
#15404=EDGE_CURVE('',#11308,#11254,#10580,.T.);
#15424=EDGE_CURVE('',#11310,#11256,#10584,.T.);
#15444=EDGE_CURVE('',#11312,#11258,#10588,.T.);
#15481=EDGE_CURVE('',#11526,#11390,#10592,.T.);
#15484=EDGE_CURVE('',#11527,#11391,#10628,.T.);
#15495=EDGE_CURVE('',#11543,#11407,#10596,.T.);
#15508=EDGE_CURVE('',#11541,#11405,#10600,.T.);
#15521=EDGE_CURVE('',#11539,#11403,#10604,.T.);
#15534=EDGE_CURVE('',#11537,#11401,#10608,.T.);
#15547=EDGE_CURVE('',#11535,#11399,#10612,.T.);
#15560=EDGE_CURVE('',#11533,#11397,#10616,.T.);
#15573=EDGE_CURVE('',#11531,#11395,#10620,.T.);
#15586=EDGE_CURVE('',#11529,#11393,#10624,.T.);
#15611=EDGE_CURVE('',#11546,#11410,#10632,.T.);
#15614=EDGE_CURVE('',#11547,#11411,#10844,.T.);
#15625=EDGE_CURVE('',#11651,#11515,#10636,.T.);
#15638=EDGE_CURVE('',#11649,#11513,#10640,.T.);
#15651=EDGE_CURVE('',#11647,#11511,#10644,.T.);
#15664=EDGE_CURVE('',#11645,#11509,#10648,.T.);
#15677=EDGE_CURVE('',#11643,#11507,#10652,.T.);
#15690=EDGE_CURVE('',#11641,#11505,#10656,.T.);
#15703=EDGE_CURVE('',#11639,#11503,#10660,.T.);
#15716=EDGE_CURVE('',#11637,#11501,#10664,.T.);
#15729=EDGE_CURVE('',#11635,#11499,#10668,.T.);
#15742=EDGE_CURVE('',#11633,#11497,#10672,.T.);
#15755=EDGE_CURVE('',#11631,#11495,#10676,.T.);
#15768=EDGE_CURVE('',#11629,#11493,#10680,.T.);
#15781=EDGE_CURVE('',#11627,#11491,#10684,.T.);
#15794=EDGE_CURVE('',#11625,#11489,#10688,.T.);
#15807=EDGE_CURVE('',#11623,#11487,#10692,.T.);
#15820=EDGE_CURVE('',#11621,#11485,#10696,.T.);
#15833=EDGE_CURVE('',#11619,#11483,#10700,.T.);
#15846=EDGE_CURVE('',#11617,#11481,#10704,.T.);
#15859=EDGE_CURVE('',#11615,#11479,#10708,.T.);
#15872=EDGE_CURVE('',#11613,#11477,#10712,.T.);
#15885=EDGE_CURVE('',#11611,#11475,#10716,.T.);
#15898=EDGE_CURVE('',#11609,#11473,#10720,.T.);
#15911=EDGE_CURVE('',#11607,#11471,#10724,.T.);
#15924=EDGE_CURVE('',#11605,#11469,#10728,.T.);
#15937=EDGE_CURVE('',#11603,#11467,#10732,.T.);
#15950=EDGE_CURVE('',#11601,#11465,#10736,.T.);
#15963=EDGE_CURVE('',#11599,#11463,#10740,.T.);
#15976=EDGE_CURVE('',#11597,#11461,#10744,.T.);
#15989=EDGE_CURVE('',#11595,#11459,#10748,.T.);
#16002=EDGE_CURVE('',#11593,#11457,#10752,.T.);
#16015=EDGE_CURVE('',#11591,#11455,#10756,.T.);
#16028=EDGE_CURVE('',#11589,#11453,#10760,.T.);
#16041=EDGE_CURVE('',#11587,#11451,#10764,.T.);
#16054=EDGE_CURVE('',#11585,#11449,#10768,.T.);
#16067=EDGE_CURVE('',#11583,#11447,#10772,.T.);
#16080=EDGE_CURVE('',#11581,#11445,#10776,.T.);
#16093=EDGE_CURVE('',#11579,#11443,#10780,.T.);
#16106=EDGE_CURVE('',#11577,#11441,#10784,.T.);
#16119=EDGE_CURVE('',#11575,#11439,#10788,.T.);
#16132=EDGE_CURVE('',#11573,#11437,#10792,.T.);
#16145=EDGE_CURVE('',#11571,#11435,#10796,.T.);
#16158=EDGE_CURVE('',#11569,#11433,#10800,.T.);
#16171=EDGE_CURVE('',#11567,#11431,#10804,.T.);
#16184=EDGE_CURVE('',#11565,#11429,#10808,.T.);
#16197=EDGE_CURVE('',#11563,#11427,#10812,.T.);
#16210=EDGE_CURVE('',#11561,#11425,#10816,.T.);
#16223=EDGE_CURVE('',#11559,#11423,#10820,.T.);
#16236=EDGE_CURVE('',#11557,#11421,#10824,.T.);
#16249=EDGE_CURVE('',#11555,#11419,#10828,.T.);
#16262=EDGE_CURVE('',#11553,#11417,#10832,.T.);
#16275=EDGE_CURVE('',#11551,#11415,#10836,.T.);
#16288=EDGE_CURVE('',#11549,#11413,#10840,.T.);
#16329=CIRCLE('',#16328,4.5E-1);
#16350=CIRCLE('',#16349,4.5E-1);
#16375=CIRCLE('',#16374,7.355E-1);
#16392=CIRCLE('',#16391,1.0355E0);
#16433=CIRCLE('',#16432,1.0355E0);
#16450=CIRCLE('',#16449,7.355E-1);
#16515=CIRCLE('',#16514,1.E0);
#16524=CIRCLE('',#16523,1.E0);
#16549=CIRCLE('',#16548,1.E0);
#16558=CIRCLE('',#16557,1.E0);
#16611=CIRCLE('',#16610,1.E0);
#16620=CIRCLE('',#16619,1.E0);
#16645=CIRCLE('',#16644,1.E0);
#16654=CIRCLE('',#16653,1.E0);
#16743=CIRCLE('',#16742,6.173091033198E-1);
#16756=CIRCLE('',#16755,3.173091033198E-1);
#16765=CIRCLE('',#16764,4.5E-1);
#16782=CIRCLE('',#16781,4.5E-1);
#16819=CIRCLE('',#16818,3.173091033198E-1);
#16832=CIRCLE('',#16831,6.173091033198E-1);
#16877=CIRCLE('',#16876,3.173091033198E-1);
#16890=CIRCLE('',#16889,6.173091033198E-1);
#16915=CIRCLE('',#16914,4.5E-1);
#16944=CIRCLE('',#16943,4.5E-1);
#16973=CIRCLE('',#16972,6.173091033198E-1);
#16986=CIRCLE('',#16985,3.173091033198E-1);
#17011=CIRCLE('',#17010,1.0355E0);
#17024=CIRCLE('',#17023,7.355E-1);
#17049=CIRCLE('',#17048,4.5E-1);
#17070=CIRCLE('',#17069,4.5E-1);
#17099=CIRCLE('',#17098,7.355E-1);
#17112=CIRCLE('',#17111,1.0355E0);
#17169=CIRCLE('',#17168,7.355E-1);
#17182=CIRCLE('',#17181,1.0355E0);
#17223=CIRCLE('',#17222,1.0355E0);
#17236=CIRCLE('',#17235,7.355E-1);
#17261=CIRCLE('',#17260,4.5E-1);
#17282=CIRCLE('',#17281,4.5E-1);
#17632=EDGE_CURVE('',#17429,#17430,#16324,.T.);
#17634=EDGE_CURVE('',#17429,#17433,#16312,.T.);
#17636=EDGE_CURVE('',#17433,#17434,#16383,.T.);
#17638=EDGE_CURVE('',#17434,#17430,#16316,.T.);
#17655=EDGE_CURVE('',#17440,#17438,#16320,.T.);
#17657=EDGE_CURVE('',#17438,#17429,#16337,.T.);
#17660=EDGE_CURVE('',#17440,#17430,#16354,.T.);
#17677=EDGE_CURVE('',#17437,#17438,#16329,.T.);
#17680=EDGE_CURVE('',#17440,#17442,#16350,.T.);
#17682=EDGE_CURVE('',#17442,#17437,#16341,.T.);
#17700=EDGE_CURVE('',#17437,#17425,#16333,.T.);
#17702=EDGE_CURVE('',#17421,#17425,#17190,.T.);
#17704=EDGE_CURVE('',#17421,#17389,#17186,.T.);
#17706=EDGE_CURVE('',#17381,#17389,#17156,.T.);
#17708=EDGE_CURVE('',#17433,#17381,#16387,.T.);
#17728=EDGE_CURVE('',#17442,#17426,#16362,.T.);
#17730=EDGE_CURVE('',#17425,#17426,#16345,.T.);
#17751=EDGE_CURVE('',#17378,#17434,#16379,.T.);
#17753=EDGE_CURVE('',#17378,#17386,#16358,.T.);
#17755=EDGE_CURVE('',#17386,#17422,#17164,.T.);
#17757=EDGE_CURVE('',#17426,#17422,#17194,.T.);
#17775=EDGE_CURVE('',#17617,#17618,#16366,.T.);
#17777=EDGE_CURVE('',#17618,#17377,#16370,.T.);
#17779=EDGE_CURVE('',#17377,#17378,#16375,.T.);
#17784=EDGE_CURVE('',#17381,#17382,#16392,.T.);
#17786=EDGE_CURVE('',#17382,#17617,#16396,.T.);
#17803=EDGE_CURVE('',#17613,#17614,#16424,.T.);
#17805=EDGE_CURVE('',#17610,#17614,#16400,.T.);
#17807=EDGE_CURVE('',#17609,#17610,#16404,.T.);
#17809=EDGE_CURVE('',#17613,#17609,#16408,.T.);
#17827=EDGE_CURVE('',#17606,#17617,#16412,.T.);
#17829=EDGE_CURVE('',#17605,#17606,#16416,.T.);
#17831=EDGE_CURVE('',#17618,#17605,#16420,.T.);
#17849=EDGE_CURVE('',#17322,#17613,#16428,.T.);
#17851=EDGE_CURVE('',#17321,#17322,#16433,.T.);
#17853=EDGE_CURVE('',#17329,#17321,#16437,.T.);
#17855=EDGE_CURVE('',#17329,#17330,#16441,.T.);
#17857=EDGE_CURVE('',#17318,#17330,#16445,.T.);
#17859=EDGE_CURVE('',#17317,#17318,#16450,.T.);
#17861=EDGE_CURVE('',#17614,#17317,#16454,.T.);
#17880=EDGE_CURVE('',#17625,#17609,#16466,.T.);
#17882=EDGE_CURVE('',#17625,#17326,#16458,.T.);
#17884=EDGE_CURVE('',#17314,#17326,#17227,.T.);
#17886=EDGE_CURVE('',#17314,#17322,#16462,.T.);
#17903=EDGE_CURVE('',#17625,#17626,#16498,.T.);
#17907=EDGE_CURVE('',#17626,#17610,#17206,.T.);
#17924=EDGE_CURVE('',#17550,#17552,#16553,.T.);
#17926=EDGE_CURVE('',#17550,#17566,#16470,.T.);
#17928=EDGE_CURVE('',#17566,#17568,#16615,.T.);
#17930=EDGE_CURVE('',#17552,#17568,#16662,.T.);
#17934=EDGE_CURVE('',#17368,#17370,#16474,.T.);
#17936=EDGE_CURVE('',#17370,#17374,#16478,.T.);
#17938=EDGE_CURVE('',#17372,#17374,#16482,.T.);
#17940=EDGE_CURVE('',#17368,#17372,#16486,.T.);
#17944=EDGE_CURVE('',#17621,#17392,#17136,.T.);
#17946=EDGE_CURVE('',#17621,#17622,#16490,.T.);
#17948=EDGE_CURVE('',#17394,#17622,#17144,.T.);
#17950=EDGE_CURVE('',#17392,#17394,#16494,.T.);
#17956=EDGE_CURVE('',#17324,#17626,#17202,.T.);
#17958=EDGE_CURVE('',#17324,#17326,#16502,.T.);
#17975=EDGE_CURVE('',#17596,#17590,#16506,.T.);
#17977=EDGE_CURVE('',#17596,#17541,#16510,.T.);
#17979=EDGE_CURVE('',#17541,#17542,#16515,.T.);
#17981=EDGE_CURVE('',#17542,#17544,#16519,.T.);
#17983=EDGE_CURVE('',#17544,#17546,#16524,.T.);
#17985=EDGE_CURVE('',#17546,#17573,#16528,.T.);
#17987=EDGE_CURVE('',#17573,#17574,#16532,.T.);
#17989=EDGE_CURVE('',#17574,#17578,#16536,.T.);
#17991=EDGE_CURVE('',#17577,#17578,#16540,.T.);
#17993=EDGE_CURVE('',#17577,#17549,#16544,.T.);
#17995=EDGE_CURVE('',#17549,#17550,#16549,.T.);
#17998=EDGE_CURVE('',#17552,#17554,#16558,.T.);
#18000=EDGE_CURVE('',#17554,#17598,#16562,.T.);
#18002=EDGE_CURVE('',#17598,#17593,#16566,.T.);
#18004=EDGE_CURVE('',#17590,#17593,#16570,.T.);
#18021=EDGE_CURVE('',#17589,#17590,#16574,.T.);
#18023=EDGE_CURVE('',#17600,#17589,#16594,.T.);
#18025=EDGE_CURVE('',#17596,#17600,#16582,.T.);
#18045=EDGE_CURVE('',#17593,#17594,#16578,.T.);
#18047=EDGE_CURVE('',#17589,#17594,#16598,.T.);
#18066=EDGE_CURVE('',#17598,#17602,#16586,.T.);
#18068=EDGE_CURVE('',#17602,#17594,#16602,.T.);
#18086=EDGE_CURVE('',#17600,#17557,#16658,.T.);
#18088=EDGE_CURVE('',#17541,#17557,#16730,.T.);
#18108=EDGE_CURVE('',#17554,#17570,#16590,.T.);
#18110=EDGE_CURVE('',#17570,#17602,#16606,.T.);
#18131=EDGE_CURVE('',#17568,#17570,#16611,.T.);
#18134=EDGE_CURVE('',#17565,#17566,#16620,.T.);
#18136=EDGE_CURVE('',#17585,#17565,#16624,.T.);
#18138=EDGE_CURVE('',#17585,#17586,#16628,.T.);
#18140=EDGE_CURVE('',#17582,#17586,#16632,.T.);
#18142=EDGE_CURVE('',#17581,#17582,#16636,.T.);
#18144=EDGE_CURVE('',#17562,#17581,#16640,.T.);
#18146=EDGE_CURVE('',#17560,#17562,#16645,.T.);
#18148=EDGE_CURVE('',#17558,#17560,#16649,.T.);
#18150=EDGE_CURVE('',#17557,#17558,#16654,.T.);
#18188=EDGE_CURVE('',#17549,#17565,#16666,.T.);
#18207=EDGE_CURVE('',#17573,#17581,#16670,.T.);
#18210=EDGE_CURVE('',#17546,#17562,#16674,.T.);
#18228=EDGE_CURVE('',#17577,#17585,#16678,.T.);
#18251=EDGE_CURVE('',#17582,#17574,#16682,.T.);
#18271=EDGE_CURVE('',#17578,#17586,#16686,.T.);
#18308=EDGE_CURVE('',#17544,#17560,#16690,.T.);
#18328=EDGE_CURVE('',#17542,#17558,#16694,.T.);
#18334=EDGE_CURVE('',#17460,#17462,#16698,.T.);
#18336=EDGE_CURVE('',#17462,#17466,#16702,.T.);
#18338=EDGE_CURVE('',#17464,#17466,#16706,.T.);
#18340=EDGE_CURVE('',#17460,#17464,#16710,.T.);
#18344=EDGE_CURVE('',#17508,#17510,#16714,.T.);
#18346=EDGE_CURVE('',#17508,#17512,#16718,.T.);
#18348=EDGE_CURVE('',#17512,#17514,#16722,.T.);
#18350=EDGE_CURVE('',#17510,#17514,#16726,.T.);
#18386=EDGE_CURVE('',#17469,#17470,#16734,.T.);
#18388=EDGE_CURVE('',#17469,#17449,#16738,.T.);
#18390=EDGE_CURVE('',#17449,#17450,#16743,.T.);
#18392=EDGE_CURVE('',#17450,#17462,#16747,.T.);
#18395=EDGE_CURVE('',#17460,#17445,#16751,.T.);
#18397=EDGE_CURVE('',#17445,#17446,#16756,.T.);
#18399=EDGE_CURVE('',#17446,#17470,#16760,.T.);
#18417=EDGE_CURVE('',#17470,#17478,#16769,.T.);
#18419=EDGE_CURVE('',#17482,#17478,#16860,.T.);
#18421=EDGE_CURVE('',#17469,#17482,#16790,.T.);
#18438=EDGE_CURVE('',#17488,#17490,#16765,.T.);
#18440=EDGE_CURVE('',#17478,#17488,#16864,.T.);
#18444=EDGE_CURVE('',#17446,#17454,#16773,.T.);
#18446=EDGE_CURVE('',#17454,#17474,#16814,.T.);
#18448=EDGE_CURVE('',#17476,#17474,#16777,.T.);
#18450=EDGE_CURVE('',#17490,#17476,#16798,.T.);
#18467=EDGE_CURVE('',#17485,#17486,#16782,.T.);
#18469=EDGE_CURVE('',#17488,#17486,#16852,.T.);
#18472=EDGE_CURVE('',#17490,#17485,#16794,.T.);
#18490=EDGE_CURVE('',#17480,#17485,#16802,.T.);
#18492=EDGE_CURVE('',#17480,#17473,#16786,.T.);
#18494=EDGE_CURVE('',#17473,#17457,#16836,.T.);
#18496=EDGE_CURVE('',#17449,#17457,#16848,.T.);
#18500=EDGE_CURVE('',#17486,#17482,#16856,.T.);
#18519=EDGE_CURVE('',#17480,#17476,#16806,.T.);
#18537=EDGE_CURVE('',#17473,#17474,#16810,.T.);
#18559=EDGE_CURVE('',#17453,#17454,#16819,.T.);
#18561=EDGE_CURVE('',#17464,#17453,#16823,.T.);
#18564=EDGE_CURVE('',#17458,#17466,#16827,.T.);
#18566=EDGE_CURVE('',#17457,#17458,#16832,.T.);
#18585=EDGE_CURVE('',#17445,#17453,#16840,.T.);
#18624=EDGE_CURVE('',#17450,#17458,#16844,.T.);
#18681=EDGE_CURVE('',#17525,#17526,#16868,.T.);
#18683=EDGE_CURVE('',#17494,#17526,#16872,.T.);
#18685=EDGE_CURVE('',#17493,#17494,#16877,.T.);
#18687=EDGE_CURVE('',#17508,#17493,#16881,.T.);
#18690=EDGE_CURVE('',#17498,#17510,#16885,.T.);
#18692=EDGE_CURVE('',#17497,#17498,#16890,.T.);
#18694=EDGE_CURVE('',#17525,#17497,#16894,.T.);
#18711=EDGE_CURVE('',#17521,#17522,#16906,.T.);
#18713=EDGE_CURVE('',#17526,#17522,#16927,.T.);
#18716=EDGE_CURVE('',#17525,#17521,#16948,.T.);
#18733=EDGE_CURVE('',#17536,#17534,#16898,.T.);
#18735=EDGE_CURVE('',#17534,#17522,#16902,.T.);
#18738=EDGE_CURVE('',#17521,#17536,#16910,.T.);
#18755=EDGE_CURVE('',#17533,#17534,#16915,.T.);
#18758=EDGE_CURVE('',#17536,#17538,#16944,.T.);
#18760=EDGE_CURVE('',#17538,#17533,#16931,.T.);
#18778=EDGE_CURVE('',#17518,#17533,#16939,.T.);
#18780=EDGE_CURVE('',#17518,#17530,#16919,.T.);
#18782=EDGE_CURVE('',#17502,#17530,#16990,.T.);
#18784=EDGE_CURVE('',#17494,#17502,#16923,.T.);
#18805=EDGE_CURVE('',#17538,#17517,#16935,.T.);
#18807=EDGE_CURVE('',#17517,#17518,#16994,.T.);
#18829=EDGE_CURVE('',#17497,#17505,#16956,.T.);
#18831=EDGE_CURVE('',#17529,#17505,#16968,.T.);
#18833=EDGE_CURVE('',#17517,#17529,#16952,.T.);
#18852=EDGE_CURVE('',#17498,#17506,#16960,.T.);
#18854=EDGE_CURVE('',#17505,#17506,#16973,.T.);
#18874=EDGE_CURVE('',#17506,#17514,#16977,.T.);
#18892=EDGE_CURVE('',#17529,#17530,#16964,.T.);
#18898=EDGE_CURVE('',#17512,#17501,#16981,.T.);
#18900=EDGE_CURVE('',#17501,#17502,#16986,.T.);
#18938=EDGE_CURVE('',#17493,#17501,#16998,.T.);
#18976=EDGE_CURVE('',#17409,#17410,#17002,.T.);
#18978=EDGE_CURVE('',#17409,#17357,#17006,.T.);
#18980=EDGE_CURVE('',#17357,#17358,#17011,.T.);
#18982=EDGE_CURVE('',#17358,#17370,#17015,.T.);
#18985=EDGE_CURVE('',#17368,#17353,#17019,.T.);
#18987=EDGE_CURVE('',#17353,#17354,#17024,.T.);
#18989=EDGE_CURVE('',#17354,#17410,#17028,.T.);
#19006=EDGE_CURVE('',#17405,#17406,#17044,.T.);
#19008=EDGE_CURVE('',#17405,#17409,#17032,.T.);
#19011=EDGE_CURVE('',#17410,#17406,#17036,.T.);
#19028=EDGE_CURVE('',#17416,#17414,#17040,.T.);
#19030=EDGE_CURVE('',#17414,#17405,#17057,.T.);
#19033=EDGE_CURVE('',#17416,#17406,#17074,.T.);
#19050=EDGE_CURVE('',#17413,#17414,#17049,.T.);
#19053=EDGE_CURVE('',#17416,#17418,#17070,.T.);
#19055=EDGE_CURVE('',#17418,#17413,#17061,.T.);
#19073=EDGE_CURVE('',#17413,#17401,#17053,.T.);
#19075=EDGE_CURVE('',#17397,#17401,#17120,.T.);
#19077=EDGE_CURVE('',#17397,#17365,#17116,.T.);
#19079=EDGE_CURVE('',#17357,#17365,#17132,.T.);
#19100=EDGE_CURVE('',#17418,#17402,#17082,.T.);
#19102=EDGE_CURVE('',#17401,#17402,#17065,.T.);
#19124=EDGE_CURVE('',#17354,#17362,#17078,.T.);
#19126=EDGE_CURVE('',#17362,#17398,#17094,.T.);
#19128=EDGE_CURVE('',#17402,#17398,#17124,.T.);
#19147=EDGE_CURVE('',#17353,#17361,#17086,.T.);
#19149=EDGE_CURVE('',#17361,#17362,#17099,.T.);
#19169=EDGE_CURVE('',#17372,#17361,#17103,.T.);
#19187=EDGE_CURVE('',#17397,#17398,#17090,.T.);
#19193=EDGE_CURVE('',#17366,#17374,#17107,.T.);
#19195=EDGE_CURVE('',#17365,#17366,#17112,.T.);
#19233=EDGE_CURVE('',#17358,#17366,#17128,.T.);
#19273=EDGE_CURVE('',#17621,#17605,#17140,.T.);
#19276=EDGE_CURVE('',#17392,#17385,#17173,.T.);
#19278=EDGE_CURVE('',#17377,#17385,#17198,.T.);
#19298=EDGE_CURVE('',#17622,#17606,#17148,.T.);
#19319=EDGE_CURVE('',#17382,#17390,#17152,.T.);
#19321=EDGE_CURVE('',#17390,#17394,#17177,.T.);
#19340=EDGE_CURVE('',#17389,#17390,#17182,.T.);
#19358=EDGE_CURVE('',#17421,#17422,#17160,.T.);
#19361=EDGE_CURVE('',#17385,#17386,#17169,.T.);
#19425=EDGE_CURVE('',#17309,#17317,#17210,.T.);
#19427=EDGE_CURVE('',#17324,#17309,#17231,.T.);
#19444=EDGE_CURVE('',#17309,#17310,#17236,.T.);
#19448=EDGE_CURVE('',#17310,#17318,#17290,.T.);
#19465=EDGE_CURVE('',#17341,#17342,#17214,.T.);
#19467=EDGE_CURVE('',#17341,#17313,#17218,.T.);
#19469=EDGE_CURVE('',#17313,#17314,#17223,.T.);
#19475=EDGE_CURVE('',#17310,#17342,#17240,.T.);
#19492=EDGE_CURVE('',#17337,#17338,#17256,.T.);
#19494=EDGE_CURVE('',#17337,#17341,#17244,.T.);
#19497=EDGE_CURVE('',#17342,#17338,#17248,.T.);
#19514=EDGE_CURVE('',#17348,#17346,#17252,.T.);
#19516=EDGE_CURVE('',#17346,#17337,#17269,.T.);
#19519=EDGE_CURVE('',#17348,#17338,#17286,.T.);
#19536=EDGE_CURVE('',#17345,#17346,#17261,.T.);
#19539=EDGE_CURVE('',#17348,#17350,#17282,.T.);
#19541=EDGE_CURVE('',#17350,#17345,#17273,.T.);
#19559=EDGE_CURVE('',#17345,#17333,#17265,.T.);
#19561=EDGE_CURVE('',#17329,#17333,#17298,.T.);
#19564=EDGE_CURVE('',#17313,#17321,#17306,.T.);
#19585=EDGE_CURVE('',#17350,#17334,#17294,.T.);
#19587=EDGE_CURVE('',#17333,#17334,#17277,.T.);
#19611=EDGE_CURVE('',#17334,#17330,#17302,.T.);
#19664=(LENGTH_UNIT()NAMED_UNIT(*)SI_UNIT(.MILLI.,.METRE.));
#19666=(NAMED_UNIT(*)PLANE_ANGLE_UNIT()SI_UNIT($,.RADIAN.));
#19669=(NAMED_UNIT(*)SI_UNIT($,.STERADIAN.)SOLID_ANGLE_UNIT());
#19672=ADVANCED_BREP_SHAPE_REPRESENTATION('',(#6560,#8212,#16308,#19663),
#19671);
#19680=PRODUCT_DEFINITION('design','',#19679,#19676);
#19681=PRODUCT_DEFINITION_SHAPE('','SHAPE FOR 58.',#19680);
#19682=SHAPE_ASPECT('','solid data associated with 58',#19681,.F.);
#19683=PROPERTY_DEFINITION('',
'shape for solid data with which properties are associated',#19682);
#19684=SHAPE_REPRESENTATION('',(#19663),#19671);
#19685=SHAPE_DEFINITION_REPRESENTATION(#19683,#19684);
#19686=(LENGTH_UNIT()NAMED_UNIT(*)SI_UNIT(.MILLI.,.METRE.));
#19690=PROPERTY_DEFINITION('geometric validation property','area of 58',#19682);
#19691=REPRESENTATION('surface area',(#19689),#19671);
#19692=PROPERTY_DEFINITION_REPRESENTATION(#19690,#19691);
#19693=(LENGTH_UNIT()NAMED_UNIT(*)SI_UNIT(.MILLI.,.METRE.));
#19697=PROPERTY_DEFINITION('geometric validation property','volume of 58',
#19682);
#19698=REPRESENTATION('volume',(#19696),#19671);
#19699=PROPERTY_DEFINITION_REPRESENTATION(#19697,#19698);
#19701=PROPERTY_DEFINITION('geometric validation property','centroid of 58',
#19682);
#19702=REPRESENTATION('centroid',(#19700),#19671);
#19703=PROPERTY_DEFINITION_REPRESENTATION(#19701,#19702);
#19704=(LENGTH_UNIT()NAMED_UNIT(*)SI_UNIT(.MILLI.,.METRE.));
#19708=PROPERTY_DEFINITION('geometric validation property','area of 58',#19681);
#19709=REPRESENTATION('surface area',(#19707),#19671);
#19710=PROPERTY_DEFINITION_REPRESENTATION(#19708,#19709);
#19711=(LENGTH_UNIT()NAMED_UNIT(*)SI_UNIT(.MILLI.,.METRE.));
#19715=PROPERTY_DEFINITION('geometric validation property','volume of 58',
#19681);
#19716=REPRESENTATION('volume',(#19714),#19671);
#19717=PROPERTY_DEFINITION_REPRESENTATION(#19715,#19716);
#19719=PROPERTY_DEFINITION('geometric validation property','centroid of 58',
#19681);
#19720=REPRESENTATION('centroid',(#19718),#19671);
#19721=PROPERTY_DEFINITION_REPRESENTATION(#19719,#19720);
#19722=SHAPE_DEFINITION_REPRESENTATION(#19681,#19672);
ENDSEC;
END-ISO-10303-21;
