#VRML V2.0 utf8

Shape {
  appearance Appearance {
    material Material {
      diffuseColor 0.9059 0.9059 0.9059
      specularColor 0.7529 0.7529 0.7529
      ambientIntensity 0.2
      transparency 1.0000
      shininess 0.5
    }
  }
  geometry IndexedFaceSet {
    ccw TRUE
    solid FALSE
    coord DEF co Coordinate {
      point [
        0.348343 0.903433 -0.157480,
        0.348343 0.903433 -0.196850,
        0.374126 0.916598 -0.196850,
        0.374126 0.916598 -0.157480,
        0.702874 0.896850 -0.157480,
        0.702874 0.896850 -0.196850,
        0.702874 1.206260 -0.196850,
        0.702874 1.206260 -0.157480,
        0.664197 1.206260 -0.196850,
        0.664197 1.206260 -0.157480,
        0.664197 0.936350 -0.196850,
        0.664197 0.936350 -0.157480,
        0.470819 0.936350 -0.196850,
        0.470819 0.936350 -0.157480,
        0.470819 0.896850 -0.196850,
        0.470819 0.896850 -0.157480,
        0.361234 1.147012 -0.196850,
        0.399909 1.160177 -0.196850,
        0.374126 1.127260 -0.196850,
        0.167854 1.127260 -0.196850,
        0.174300 1.160177 -0.196850,
        0.206530 1.127260 -0.196850,
        0.316112 0.936350 -0.196850,
        0.341896 0.942933 -0.196850,
        0.258098 0.936350 -0.196850,
        0.225868 0.903433 -0.196850,
        0.232314 0.942933 -0.196850,
        0.200084 0.916598 -0.196850,
        0.212976 0.956098 -0.196850,
        0.258098 0.896850 -0.196850,
        0.316112 0.896850 -0.196850,
        0.361234 0.956098 -0.196850,
        0.374126 0.975850 -0.196850,
        0.399909 0.942933 -0.196850,
        0.412803 0.969264 -0.196850,
        0.380572 1.002181 -0.196850,
        0.412803 1.133846 -0.196850,
        0.380572 1.100929 -0.196850,
        0.419248 1.100929 -0.196850,
        0.419248 1.002181 -0.196850,
        0.341896 1.160177 -0.196850,
        0.374126 1.186512 -0.196850,
        0.348343 1.199677 -0.196850,
        0.316112 1.166760 -0.196850,
        0.258098 1.206260 -0.196850,
        0.316112 1.206260 -0.196850,
        0.258098 1.166760 -0.196850,
        0.232314 1.160177 -0.196850,
        0.225868 1.199677 -0.196850,
        0.212976 1.147012 -0.196850,
        0.200084 1.186512 -0.196850,
        0.174300 0.942933 -0.196850,
        0.206530 0.975850 -0.196850,
        0.167854 0.975850 -0.196850,
        0.116285 0.896850 -0.196850,
        0.077609 1.041681 -0.196850,
        0.116285 1.206260 -0.196850,
        0.077609 1.081181 -0.196850,
        -0.115772 0.896850 -0.196850,
        0.077609 0.936350 -0.196850,
        -0.089988 1.041681 -0.196850,
        -0.089988 1.081181 -0.196850,
        0.077609 1.166760 -0.196850,
        -0.115772 1.166760 -0.196850,
        -0.115772 1.206260 -0.196850,
        -0.115772 0.936350 -0.196850,
        -0.418736 0.969264 -0.196850,
        -0.386505 1.002181 -0.196850,
        -0.380059 0.975850 -0.196850,
        -0.425181 1.002181 -0.196850,
        -0.386505 1.100929 -0.196850,
        -0.425181 1.100929 -0.196850,
        -0.405843 1.160177 -0.196850,
        -0.367167 1.147012 -0.196850,
        -0.380059 1.127260 -0.196850,
        -0.347829 1.160177 -0.196850,
        -0.380059 1.186512 -0.196850,
        -0.354275 1.199677 -0.196850,
        -0.322045 1.166760 -0.196850,
        -0.322045 1.206260 -0.196850,
        -0.418736 1.133846 -0.196850,
        -0.206016 1.166760 -0.196850,
        -0.167340 1.206260 -0.196850,
        -0.206016 0.936350 -0.196850,
        -0.167340 0.896850 -0.196850,
        -0.322045 0.936350 -0.196850,
        -0.354275 0.903433 -0.196850,
        -0.347829 0.942933 -0.196850,
        -0.367167 0.956098 -0.196850,
        -0.380059 0.916598 -0.196850,
        -0.405843 0.942933 -0.196850,
        -0.322045 0.896850 -0.196850,
        -0.734591 0.896850 -0.196850,
        -0.631453 1.206260 -0.196850,
        -0.663685 1.002181 -0.196850,
        -0.541209 0.975850 -0.196850,
        -0.476748 0.896850 -0.196850,
        -0.515425 0.896850 -0.196850,
        -0.547657 1.002181 -0.196850,
        -0.695913 0.896850 -0.196850,
        -0.670130 0.975850 -0.196850,
        -0.579886 1.206260 -0.196850,
        -0.605669 1.179925 -0.196850,
        0.206530 0.975850 -0.157480,
        0.167854 0.975850 -0.157480,
        0.174300 0.942933 -0.157480,
        0.200084 0.916598 -0.157480,
        0.225868 0.903433 -0.157480,
        0.258098 0.896850 -0.157480,
        0.316112 0.896850 -0.157480,
        0.212976 0.956098 -0.157480,
        0.232314 0.942933 -0.157480,
        0.258098 0.936350 -0.157480,
        0.316112 0.936350 -0.157480,
        0.341896 0.942933 -0.157480,
        0.361234 0.956098 -0.157480,
        0.374126 0.975850 -0.157480,
        0.380572 1.002181 -0.157480,
        0.380572 1.100929 -0.157480,
        0.374126 1.127260 -0.157480,
        0.361234 1.147012 -0.157480,
        0.341896 1.160177 -0.157480,
        0.316112 1.166760 -0.157480,
        0.258098 1.166760 -0.157480,
        0.232314 1.160177 -0.157480,
        0.212976 1.147012 -0.157480,
        0.206530 1.127260 -0.157480,
        0.167854 1.127260 -0.157480,
        0.174300 1.160177 -0.157480,
        0.200084 1.186512 -0.157480,
        0.225868 1.199677 -0.157480,
        0.258098 1.206260 -0.157480,
        0.316112 1.206260 -0.157480,
        0.348343 1.199677 -0.157480,
        0.374126 1.186512 -0.157480,
        0.399909 1.160177 -0.157480,
        0.412803 1.133846 -0.157480,
        0.419248 1.100929 -0.157480,
        0.419248 1.002181 -0.157480,
        0.412803 0.969264 -0.157480,
        0.399909 0.942933 -0.157480,
        0.077609 0.936350 -0.157480,
        -0.115772 0.936350 -0.157480,
        -0.115772 0.896850 -0.157480,
        0.116285 0.896850 -0.157480,
        0.116285 1.206260 -0.157480,
        -0.115772 1.206260 -0.157480,
        -0.115772 1.166760 -0.157480,
        0.077609 1.166760 -0.157480,
        0.077609 1.081181 -0.157480,
        -0.089988 1.081181 -0.157480,
        -0.089988 1.041681 -0.157480,
        0.077609 1.041681 -0.157480,
        -0.167340 1.206260 -0.157480,
        -0.322045 1.206260 -0.157480,
        -0.354275 1.199677 -0.157480,
        -0.380059 1.186512 -0.157480,
        -0.405843 1.160177 -0.157480,
        -0.418736 1.133846 -0.157480,
        -0.425181 1.100929 -0.157480,
        -0.425181 1.002181 -0.157480,
        -0.418736 0.969264 -0.157480,
        -0.405843 0.942933 -0.157480,
        -0.380059 0.916598 -0.157480,
        -0.354275 0.903433 -0.157480,
        -0.322045 0.896850 -0.157480,
        -0.167340 0.896850 -0.157480,
        -0.322045 1.166760 -0.157480,
        -0.206016 1.166760 -0.157480,
        -0.206016 0.936350 -0.157480,
        -0.322045 0.936350 -0.157480,
        -0.347829 0.942933 -0.157480,
        -0.367167 0.956098 -0.157480,
        -0.380059 0.975850 -0.157480,
        -0.386505 1.002181 -0.157480,
        -0.386505 1.100929 -0.157480,
        -0.380059 1.127260 -0.157480,
        -0.367167 1.147012 -0.157480,
        -0.347829 1.160177 -0.157480,
        -0.579886 1.206260 -0.157480,
        -0.631453 1.206260 -0.157480,
        -0.734591 0.896850 -0.157480,
        -0.695913 0.896850 -0.157480,
        -0.670130 0.975850 -0.157480,
        -0.541209 0.975850 -0.157480,
        -0.515425 0.896850 -0.157480,
        -0.476748 0.896850 -0.157480,
        -0.663685 1.002181 -0.157480,
        -0.605669 1.179925 -0.157480,
        -0.547657 1.002181 -0.157480,
        0.327152 2.092484 1.574803,
        0.334232 2.114177 1.574803,
        0.334232 2.114177 1.570866,
        0.327152 2.092484 1.570866,
        -0.295893 1.882795 1.574803,
        -0.409173 2.222638 1.574803,
        -0.409173 2.222638 1.570866,
        -0.295893 1.882795 1.570866,
        -0.338373 1.882795 1.574803,
        -0.338373 1.882795 1.570866,
        -0.366693 1.969563 1.574803,
        -0.366693 1.969563 1.570866,
        -0.508295 1.969563 1.574803,
        -0.508295 1.969563 1.570866,
        -0.536614 1.882795 1.574803,
        -0.536614 1.882795 1.570866,
        -0.579094 1.882795 1.574803,
        -0.579094 1.882795 1.570866,
        -0.373773 1.998488 1.570866,
        -0.501213 1.998488 1.570866,
        -0.465815 2.222638 1.570866,
        -0.437492 2.193717 1.570866,
        -0.196772 1.926181 1.570866,
        0.015630 1.882795 1.570866,
        0.015630 1.926181 1.570866,
        -0.239252 2.222638 1.570866,
        -0.239252 1.882795 1.570866,
        -0.196772 2.222638 1.570866,
        0.249272 2.078024 1.570866,
        0.277592 2.041870 1.570866,
        0.270512 2.085256 1.570866,
        0.242192 2.034638 1.570866,
        0.072270 1.882795 1.570866,
        0.114751 1.882795 1.570866,
        0.114751 2.034638 1.570866,
        0.114751 2.078024 1.570866,
        0.072270 2.222638 1.570866,
        0.249272 2.186484 1.570866,
        0.270512 2.179252 1.570866,
        0.277592 2.215406 1.570866,
        0.291752 2.121409 1.570866,
        0.334232 2.143098 1.570866,
        0.291752 2.143098 1.570866,
        0.305912 2.193717 1.570866,
        0.327152 2.164791 1.570866,
        0.284672 2.164791 1.570866,
        0.305912 2.063563 1.570866,
        0.284672 2.099717 1.570866,
        0.242192 2.222638 1.570866,
        0.114751 2.186484 1.570866,
        0.482913 2.085256 1.570866,
        0.475835 2.041870 1.570866,
        0.504154 2.078024 1.570866,
        0.603276 2.193717 1.570866,
        0.574953 2.215406 1.570866,
        0.567874 2.172024 1.570866,
        0.546634 2.034638 1.570866,
        0.546634 2.078024 1.570866,
        0.412114 2.143098 1.570866,
        0.412114 2.114177 1.570866,
        0.454594 2.121409 1.570866,
        0.582035 2.070791 1.570866,
        0.461673 2.099717 1.570866,
        0.447512 2.056331 1.570866,
        0.419193 2.085256 1.570866,
        0.454594 2.135870 1.574803,
        0.390873 1.976795 1.570866,
        0.397953 1.947870 1.570866,
        0.433354 1.976795 1.570866,
        0.504154 2.034638 1.570866,
        0.546634 1.926181 1.570866,
        0.582035 1.890028 1.570866,
        0.574953 1.933409 1.570866,
        0.419193 1.911717 1.570866,
        0.461673 1.933409 1.570866,
        0.440433 1.955102 1.570866,
        0.546634 1.882795 1.570866,
        0.489992 1.926181 1.570866,
        0.489992 1.882795 1.570866,
        0.475835 2.215406 1.570866,
        0.504154 2.179252 1.570866,
        0.504154 2.222638 1.570866,
        0.546634 2.179252 1.570866,
        0.539555 2.222638 1.570866,
        0.574953 2.027409 1.570866,
        0.610354 2.056331 1.570866,
        0.610354 1.991256 1.570866,
        0.652835 1.998488 1.570866,
        0.638673 2.027409 1.570866,
        0.596193 2.012949 1.570866,
        0.638673 1.933409 1.570866,
        0.652835 1.962335 1.570866,
        0.610354 1.969563 1.570866,
        0.596193 1.947870 1.570866,
        0.610354 1.904488 1.570866,
        0.454594 1.890028 1.570866,
        0.624516 2.164791 1.570866,
        0.582035 2.157563 1.570866,
        0.419193 2.172024 1.570866,
        0.461673 2.157563 1.570866,
        0.447512 2.200945 1.570866,
        0.482913 2.172024 1.570866,
        0.589114 2.143098 1.574803,
        0.631594 2.143098 1.570866,
        -0.239252 2.222638 1.574803,
        -0.239252 1.882795 1.574803,
        -0.196772 2.222638 1.574803,
        -0.196772 1.926181 1.574803,
        0.015630 1.926181 1.574803,
        0.015630 1.882795 1.574803,
        0.334232 2.143098 1.574803,
        0.327152 2.164791 1.574803,
        0.305912 2.193717 1.574803,
        0.277592 2.215406 1.574803,
        0.242192 2.222638 1.574803,
        0.072270 2.222638 1.574803,
        0.072270 1.882795 1.574803,
        0.114751 1.882795 1.574803,
        0.114751 2.034638 1.574803,
        0.242192 2.034638 1.574803,
        0.277592 2.041870 1.574803,
        0.305912 2.063563 1.574803,
      ]
    }
    coordIndex [
      0, 1, 2, -1,
      0, 2, 3, -1,
      4, 5, 6, -1,
      4, 6, 7, -1,
      7, 6, 8, -1,
      7, 8, 9, -1,
      9, 8, 10, -1,
      9, 10, 11, -1,
      11, 10, 12, -1,
      11, 12, 13, -1,
      13, 12, 14, -1,
      13, 14, 15, -1,
      15, 14, 5, -1,
      15, 5, 4, -1,
      10, 14, 12, -1,
      10, 6, 5, -1,
      10, 8, 6, -1,
      14, 10, 5, -1,
      16, 17, 18, -1,
      19, 20, 21, -1,
      1, 22, 23, -1,
      24, 25, 26, -1,
      26, 27, 28, -1,
      29, 22, 30, -1,
      31, 2, 23, -1,
      32, 33, 31, -1,
      34, 33, 32, -1,
      32, 35, 34, -1,
      18, 36, 37, -1,
      35, 38, 39, -1,
      40, 41, 16, -1,
      42, 41, 40, -1,
      43, 42, 40, -1,
      44, 45, 46, -1,
      47, 48, 46, -1,
      49, 50, 47, -1,
      21, 20, 49, -1,
      28, 51, 52, -1,
      20, 50, 49, -1,
      50, 48, 47, -1,
      48, 44, 46, -1,
      45, 43, 46, -1,
      45, 42, 43, -1,
      16, 41, 17, -1,
      17, 36, 18, -1,
      36, 38, 37, -1,
      37, 38, 35, -1,
      39, 34, 35, -1,
      31, 33, 2, -1,
      23, 2, 1, -1,
      1, 30, 22, -1,
      29, 24, 22, -1,
      29, 25, 24, -1,
      25, 27, 26, -1,
      27, 51, 28, -1,
      51, 53, 52, -1,
      54, 55, 56, -1,
      55, 57, 56, -1,
      54, 58, 59, -1,
      57, 60, 61, -1,
      62, 63, 64, -1,
      64, 56, 62, -1,
      62, 56, 57, -1,
      60, 57, 55, -1,
      55, 54, 59, -1,
      58, 65, 59, -1,
      66, 67, 68, -1,
      69, 67, 66, -1,
      69, 70, 67, -1,
      69, 71, 70, -1,
      72, 73, 74, -1,
      75, 73, 76, -1,
      77, 75, 76, -1,
      77, 78, 75, -1,
      78, 77, 79, -1,
      70, 80, 74, -1,
      81, 79, 82, -1,
      83, 82, 84, -1,
      85, 86, 87, -1,
      81, 78, 79, -1,
      88, 87, 89, -1,
      76, 73, 72, -1,
      72, 74, 80, -1,
      80, 70, 71, -1,
      88, 90, 68, -1,
      90, 66, 68, -1,
      90, 88, 89, -1,
      89, 87, 86, -1,
      91, 85, 83, -1,
      86, 85, 91, -1,
      82, 83, 81, -1,
      91, 83, 84, -1,
      92, 93, 94, -1,
      95, 96, 97, -1,
      95, 98, 96, -1,
      99, 92, 100, -1,
      94, 98, 100, -1,
      94, 100, 92, -1,
      93, 101, 102, -1,
      98, 95, 100, -1,
      93, 102, 94, -1,
      102, 101, 98, -1,
      96, 98, 101, -1,
      103, 52, 53, -1,
      103, 53, 104, -1,
      104, 53, 51, -1,
      104, 51, 105, -1,
      105, 51, 27, -1,
      105, 27, 106, -1,
      106, 27, 25, -1,
      106, 25, 107, -1,
      107, 25, 29, -1,
      107, 29, 108, -1,
      108, 29, 30, -1,
      108, 30, 109, -1,
      109, 30, 1, -1,
      109, 1, 0, -1,
      110, 28, 52, -1,
      110, 52, 103, -1,
      111, 26, 28, -1,
      111, 28, 110, -1,
      112, 24, 26, -1,
      112, 26, 111, -1,
      113, 22, 24, -1,
      113, 24, 112, -1,
      114, 23, 22, -1,
      114, 22, 113, -1,
      115, 31, 23, -1,
      115, 23, 114, -1,
      116, 32, 31, -1,
      116, 31, 115, -1,
      117, 35, 32, -1,
      117, 32, 116, -1,
      118, 37, 35, -1,
      118, 35, 117, -1,
      119, 18, 37, -1,
      119, 37, 118, -1,
      120, 16, 18, -1,
      120, 18, 119, -1,
      121, 40, 16, -1,
      121, 16, 120, -1,
      122, 43, 40, -1,
      122, 40, 121, -1,
      123, 46, 43, -1,
      123, 43, 122, -1,
      124, 47, 46, -1,
      124, 46, 123, -1,
      125, 49, 47, -1,
      125, 47, 124, -1,
      126, 21, 49, -1,
      126, 49, 125, -1,
      127, 19, 21, -1,
      127, 21, 126, -1,
      128, 20, 19, -1,
      128, 19, 127, -1,
      129, 50, 20, -1,
      129, 20, 128, -1,
      130, 48, 50, -1,
      130, 50, 129, -1,
      131, 44, 48, -1,
      131, 48, 130, -1,
      132, 45, 44, -1,
      132, 44, 131, -1,
      133, 42, 45, -1,
      133, 45, 132, -1,
      134, 41, 42, -1,
      134, 42, 133, -1,
      135, 17, 41, -1,
      135, 41, 134, -1,
      136, 36, 17, -1,
      136, 17, 135, -1,
      137, 38, 36, -1,
      137, 36, 136, -1,
      138, 39, 38, -1,
      138, 38, 137, -1,
      139, 34, 39, -1,
      139, 39, 138, -1,
      140, 33, 34, -1,
      140, 34, 139, -1,
      3, 2, 33, -1,
      3, 33, 140, -1,
      141, 59, 65, -1,
      141, 65, 142, -1,
      142, 65, 58, -1,
      142, 58, 143, -1,
      143, 58, 54, -1,
      143, 54, 144, -1,
      144, 54, 56, -1,
      144, 56, 145, -1,
      145, 56, 64, -1,
      145, 64, 146, -1,
      146, 64, 63, -1,
      146, 63, 147, -1,
      147, 63, 62, -1,
      147, 62, 148, -1,
      148, 62, 57, -1,
      148, 57, 149, -1,
      149, 57, 61, -1,
      149, 61, 150, -1,
      150, 61, 60, -1,
      150, 60, 151, -1,
      151, 60, 55, -1,
      151, 55, 152, -1,
      152, 55, 59, -1,
      152, 59, 141, -1,
      153, 82, 79, -1,
      153, 79, 154, -1,
      154, 79, 77, -1,
      154, 77, 155, -1,
      155, 77, 76, -1,
      155, 76, 156, -1,
      156, 76, 72, -1,
      156, 72, 157, -1,
      157, 72, 80, -1,
      157, 80, 158, -1,
      158, 80, 71, -1,
      158, 71, 159, -1,
      159, 71, 69, -1,
      159, 69, 160, -1,
      160, 69, 66, -1,
      160, 66, 161, -1,
      161, 66, 90, -1,
      161, 90, 162, -1,
      162, 90, 89, -1,
      162, 89, 163, -1,
      163, 89, 86, -1,
      163, 86, 164, -1,
      164, 86, 91, -1,
      164, 91, 165, -1,
      165, 91, 84, -1,
      165, 84, 166, -1,
      166, 84, 82, -1,
      166, 82, 153, -1,
      167, 78, 81, -1,
      167, 81, 168, -1,
      168, 81, 83, -1,
      168, 83, 169, -1,
      169, 83, 85, -1,
      169, 85, 170, -1,
      170, 85, 87, -1,
      170, 87, 171, -1,
      171, 87, 88, -1,
      171, 88, 172, -1,
      172, 88, 68, -1,
      172, 68, 173, -1,
      173, 68, 67, -1,
      173, 67, 174, -1,
      174, 67, 70, -1,
      174, 70, 175, -1,
      175, 70, 74, -1,
      175, 74, 176, -1,
      176, 74, 73, -1,
      176, 73, 177, -1,
      177, 73, 75, -1,
      177, 75, 178, -1,
      178, 75, 78, -1,
      178, 78, 167, -1,
      179, 101, 93, -1,
      179, 93, 180, -1,
      180, 93, 92, -1,
      180, 92, 181, -1,
      181, 92, 99, -1,
      181, 99, 182, -1,
      182, 99, 100, -1,
      182, 100, 183, -1,
      183, 100, 95, -1,
      183, 95, 184, -1,
      184, 95, 97, -1,
      184, 97, 185, -1,
      185, 97, 96, -1,
      185, 96, 186, -1,
      186, 96, 101, -1,
      186, 101, 179, -1,
      187, 94, 102, -1,
      187, 102, 188, -1,
      188, 102, 98, -1,
      188, 98, 189, -1,
      189, 98, 94, -1,
      189, 94, 187, -1,
      190, 191, 192, -1,
      192, 193, 190, -1,
      194, 195, 196, -1,
      196, 197, 194, -1,
      198, 194, 197, -1,
      197, 199, 198, -1,
      200, 198, 199, -1,
      199, 201, 200, -1,
      202, 200, 201, -1,
      201, 203, 202, -1,
      204, 202, 203, -1,
      203, 205, 204, -1,
      206, 204, 205, -1,
      205, 207, 206, -1,
      197, 196, 208, -1,
      203, 207, 205, -1,
      203, 209, 207, -1,
      199, 197, 201, -1,
      208, 209, 201, -1,
      208, 201, 197, -1,
      196, 210, 211, -1,
      209, 203, 201, -1,
      196, 211, 208, -1,
      211, 210, 209, -1,
      207, 209, 210, -1,
      212, 213, 214, -1,
      212, 215, 216, -1,
      212, 217, 215, -1,
      213, 212, 216, -1,
      218, 219, 220, -1,
      218, 221, 219, -1,
      222, 223, 224, -1,
      225, 221, 218, -1,
      224, 221, 225, -1,
      222, 224, 226, -1,
      227, 228, 229, -1,
      230, 231, 232, -1,
      229, 228, 233, -1,
      234, 233, 235, -1,
      236, 237, 220, -1,
      226, 224, 225, -1,
      238, 226, 239, -1,
      226, 225, 239, -1,
      229, 238, 227, -1,
      239, 227, 238, -1,
      228, 235, 233, -1,
      234, 232, 231, -1,
      235, 232, 234, -1,
      192, 230, 193, -1,
      230, 192, 231, -1,
      230, 237, 193, -1,
      193, 237, 236, -1,
      236, 220, 219, -1,
      240, 241, 242, -1,
      243, 244, 245, -1,
      242, 246, 247, -1,
      248, 249, 250, -1,
      251, 247, 246, -1,
      240, 252, 253, -1,
      253, 241, 240, -1,
      254, 252, 250, -1,
      255, 248, 250, -1,
      256, 257, 258, -1,
      242, 259, 246, -1,
      260, 261, 262, -1,
      263, 264, 265, -1,
      266, 267, 268, -1,
      259, 242, 241, -1,
      269, 270, 271, -1,
      272, 273, 270, -1,
      274, 251, 246, -1,
      274, 275, 251, -1,
      276, 277, 278, -1,
      279, 278, 275, -1,
      280, 281, 282, -1,
      280, 282, 283, -1,
      262, 284, 283, -1,
      264, 285, 267, -1,
      258, 257, 265, -1,
      263, 265, 257, -1,
      264, 263, 285, -1,
      285, 268, 267, -1,
      266, 260, 267, -1,
      266, 261, 260, -1,
      261, 284, 262, -1,
      284, 280, 283, -1,
      276, 282, 281, -1,
      281, 277, 276, -1,
      278, 279, 276, -1,
      279, 275, 274, -1,
      286, 243, 287, -1,
      244, 272, 245, -1,
      252, 254, 253, -1,
      254, 250, 249, -1,
      248, 255, 288, -1,
      288, 289, 290, -1,
      255, 289, 288, -1,
      290, 291, 269, -1,
      289, 291, 290, -1,
      291, 270, 269, -1,
      271, 270, 273, -1,
      273, 272, 244, -1,
      245, 287, 243, -1,
      287, 292, 286, -1,
      286, 292, 293, -1,
      294, 295, 216, -1,
      216, 215, 294, -1,
      296, 294, 215, -1,
      215, 217, 296, -1,
      297, 296, 217, -1,
      217, 212, 297, -1,
      298, 297, 212, -1,
      212, 214, 298, -1,
      299, 298, 214, -1,
      214, 213, 299, -1,
      295, 299, 213, -1,
      213, 216, 295, -1,
      300, 301, 234, -1,
      234, 231, 300, -1,
      191, 300, 231, -1,
      231, 192, 191, -1,
      301, 302, 233, -1,
      233, 234, 301, -1,
      302, 303, 229, -1,
      229, 233, 302, -1,
      303, 304, 238, -1,
      238, 229, 303, -1,
      304, 305, 226, -1,
      226, 238, 304, -1,
      305, 306, 222, -1,
      222, 226, 305, -1,
      306, 307, 223, -1,
      223, 222, 306, -1,
      307, 308, 224, -1,
      224, 223, 307, -1,
      308, 309, 221, -1,
      221, 224, 308, -1,
      309, 310, 219, -1,
      219, 221, 309, -1,
      310, 311, 236, -1,
      236, 219, 310, -1,
      311, 190, 193, -1,
      193, 236, 311, -1,
    ]
  }
}

Shape {
  appearance Appearance {
    material Material {
      diffuseColor 0.7804 0.7804 0.7804
      specularColor 0.7529 0.7529 0.7529
      ambientIntensity 0.2
      transparency 1.0000
      shininess 0.5
    }
  }
  geometry IndexedFaceSet {
    ccw TRUE
    solid FALSE
    coord DEF co Coordinate {
      point [
        -0.496598 1.697181 -0.157480,
        -0.354275 1.199677 -0.157480,
        -0.380059 1.186512 -0.157480,
        -0.787402 0.000000 -0.157480,
        -1.456693 -0.941295 -0.157480,
        -1.456693 0.941295 -0.157480,
        -1.205394 -1.267433 -0.157480,
        -1.340996 -1.112031 -0.157480,
        -0.603189 -0.506134 -0.157480,
        -0.506134 -0.603185 -0.157480,
        -1.051898 -1.405185 -0.157480,
        -0.115772 0.896850 -0.157480,
        -0.136731 0.775437 -0.157480,
        -0.167340 0.896850 -0.157480,
        -0.115772 0.936350 -0.157480,
        -0.681909 -0.393700 -0.157480,
        -0.739913 -0.269306 -0.157480,
        -0.393700 0.681913 -0.157480,
        -0.380059 0.916598 -0.157480,
        -0.354275 0.903433 -0.157480,
        -0.269307 0.739921 -0.157480,
        -0.322045 0.896850 -0.157480,
        0.136731 0.775437 -0.157480,
        0.200084 0.916598 -0.157480,
        0.225868 0.903433 -0.157480,
        0.316112 1.166760 -0.157480,
        0.380572 1.100929 -0.157480,
        0.316112 0.936350 -0.157480,
        -0.541209 0.975850 -0.157480,
        -0.515425 0.896850 -0.157480,
        -0.695913 0.896850 -0.157480,
        -0.476748 0.896850 -0.157480,
        -1.202598 1.270256 -0.157480,
        -0.734591 0.896850 -0.157480,
        -1.339780 1.113602 -0.157480,
        0.039701 1.479059 -0.157480,
        0.116285 1.206260 -0.157480,
        -0.115772 1.206260 -0.157480,
        -0.631453 1.206260 -0.157480,
        -1.047224 1.408882 -0.157480,
        -0.579886 1.206260 -0.157480,
        -0.691531 1.623972 -0.157480,
        -0.876004 1.527386 -0.157480,
        -0.116231 1.500217 -0.157480,
        -0.167340 1.206260 -0.157480,
        -0.184358 1.541004 -0.157480,
        -0.239152 1.598465 -0.157480,
        -0.322045 1.206260 -0.157480,
        -0.276653 1.668453 -0.157480,
        -0.506134 0.603185 -0.157480,
        -0.294150 1.745902 -0.157480,
        0.258098 0.936350 -0.157480,
        0.225868 1.199677 -0.157480,
        0.116231 1.500217 -0.157480,
        0.184358 1.541004 -0.157480,
        0.000000 -0.787398 -0.157480,
        0.136731 -0.775437 -0.157480,
        0.103126 -1.768512 -0.157480,
        -0.882791 -1.523252 -0.157480,
        -0.393700 -0.681913 -0.157480,
        0.419248 1.002181 -0.157480,
        0.470819 0.936350 -0.157480,
        0.412803 0.969264 -0.157480,
        0.116285 0.896850 -0.157480,
        0.167854 1.127260 -0.157480,
        0.276653 1.668453 -0.157480,
        0.496598 1.697181 -0.157480,
        0.239152 1.598465 -0.157480,
        0.294150 1.745902 -0.157480,
        -0.039701 1.479059 -0.157480,
        -0.603189 0.506134 -0.157480,
        -0.670130 0.975850 -0.157480,
        -0.405843 0.942933 -0.157480,
        0.000000 0.787398 -0.157480,
        0.393700 0.681913 -0.157480,
        0.269307 0.739921 -0.157480,
        0.348343 0.903433 -0.157480,
        -0.418736 0.969264 -0.157480,
        -0.089988 1.081181 -0.157480,
        -0.089988 1.041681 -0.157480,
        -0.115772 1.166760 -0.157480,
        -0.425181 1.002181 -0.157480,
        -0.425181 1.100929 -0.157480,
        -0.405843 1.160177 -0.157480,
        -0.418736 1.133846 -0.157480,
        -0.700587 -1.619886 -0.157480,
        0.258098 0.896850 -0.157480,
        0.316112 0.896850 -0.157480,
        -0.507984 -1.693646 -0.157480,
        -0.269307 -0.739921 -0.157480,
        -0.103126 -1.768512 -0.157480,
        -0.307842 -1.743437 -0.157480,
        -0.136731 -0.775437 -0.157480,
        0.374126 0.916598 -0.157480,
        0.361234 1.147012 -0.157480,
        0.374126 1.127260 -0.157480,
        0.341896 1.160177 -0.157480,
        0.681909 0.393700 -0.157480,
        0.603189 0.506134 -0.157480,
        0.702874 0.896850 -0.157480,
        0.077609 0.936350 -0.157480,
        0.077609 1.041681 -0.157480,
        0.167854 0.975850 -0.157480,
        0.174300 0.942933 -0.157480,
        0.316112 1.206260 -0.157480,
        0.258098 1.206260 -0.157480,
        0.380572 1.002181 -0.157480,
        0.077609 1.166760 -0.157480,
        0.077609 1.081181 -0.157480,
        0.341896 0.942933 -0.157480,
        0.374126 0.975850 -0.157480,
        0.206530 1.127260 -0.157480,
        0.506134 0.603185 -0.157480,
        0.470819 0.896850 -0.157480,
        0.603189 -0.506134 -0.157480,
        1.051898 -1.405185 -0.157480,
        0.506134 -0.603185 -0.157480,
        0.393700 -0.681913 -0.157480,
        0.507984 -1.693646 -0.157480,
        0.269307 -0.739921 -0.157480,
        0.399909 0.942933 -0.157480,
        0.419248 1.100929 -0.157480,
        1.339780 1.113602 -0.157480,
        1.456693 0.941295 -0.157480,
        0.664197 0.936350 -0.157480,
        0.664197 1.206260 -0.157480,
        1.202598 1.270256 -0.157480,
        0.412803 1.133846 -0.157480,
        0.702874 1.206260 -0.157480,
        0.399909 1.160177 -0.157480,
        1.047224 1.408882 -0.157480,
        0.232314 1.160177 -0.157480,
        0.258098 1.166760 -0.157480,
        0.691531 1.623972 -0.157480,
        0.876004 1.527386 -0.157480,
        0.374126 1.186512 -0.157480,
        0.348343 1.199677 -0.157480,
        0.206530 0.975850 -0.157480,
        0.200084 1.186512 -0.157480,
        0.174300 1.160177 -0.157480,
        0.212976 1.147012 -0.157480,
        0.361234 0.956098 -0.157480,
        0.232314 0.942933 -0.157480,
        0.212976 0.956098 -0.157480,
        1.456693 -0.941295 -0.157480,
        0.787402 0.000000 -0.157480,
        1.340996 -1.112031 -0.157480,
        1.205394 -1.267433 -0.157480,
        0.882791 -1.523252 -0.157480,
        0.307842 -1.743437 -0.157480,
        0.739913 0.269306 -0.157480,
        0.775441 0.136731 -0.157480,
        -0.775441 -0.136731 -0.157480,
        -0.739913 0.269306 -0.157480,
        -0.775441 0.136731 -0.157480,
        -0.681909 0.393700 -0.157480,
        0.700587 -1.619886 -0.157480,
        0.681909 -0.393700 -0.157480,
        0.739913 -0.269306 -0.157480,
        0.775441 -0.136731 -0.157480,
        0.000000 1.771654 -0.157480,
        0.157310 1.764331 -0.157480,
        0.143301 1.706350 -0.157480,
        0.108736 1.657736 -0.157480,
        0.058569 1.625469 -0.157480,
        -0.058569 1.625469 -0.157480,
        0.000000 1.614173 -0.157480,
        -0.108736 1.657736 -0.157480,
        -0.143301 1.706350 -0.157480,
        -0.157310 1.764331 -0.157480,
        -0.367167 0.956098 -0.157480,
        -0.380059 0.975850 -0.157480,
        -0.386505 1.002181 -0.157480,
        -0.322045 0.936350 -0.157480,
        -0.206016 1.166760 -0.157480,
        -0.206016 0.936350 -0.157480,
        -0.347829 0.942933 -0.157480,
        -0.322045 1.166760 -0.157480,
        -0.386505 1.100929 -0.157480,
        -0.347829 1.160177 -0.157480,
        -0.367167 1.147012 -0.157480,
        -0.380059 1.127260 -0.157480,
        -0.663685 1.002181 -0.157480,
        -0.605669 1.179925 -0.157480,
        -0.547657 1.002181 -0.157480,
        -0.000000 0.787402 -0.196850,
        0.136731 0.775441 -0.196850,
        0.269307 0.739917 -0.196850,
        0.393701 0.681909 -0.196850,
        0.506134 0.603185 -0.196850,
        0.603185 0.506134 -0.196850,
        0.681909 0.393701 -0.196850,
        0.739917 0.269307 -0.196850,
        0.775441 0.136731 -0.196850,
        0.787402 -0.000000 -0.196850,
        -0.136731 0.775441 -0.196850,
        -0.269307 0.739917 -0.196850,
        -0.393701 0.681909 -0.196850,
        -0.506134 0.603185 -0.196850,
        -0.603185 0.506134 -0.196850,
        -0.681909 0.393701 -0.196850,
        -0.739917 0.269307 -0.196850,
        -0.775441 0.136731 -0.196850,
        -0.787402 -0.000000 -0.196850,
        0.000000 -0.787402 -0.196850,
        -0.136731 -0.775441 -0.196850,
        -0.269307 -0.739917 -0.196850,
        -0.393701 -0.681909 -0.196850,
        -0.506134 -0.603185 -0.196850,
        -0.603185 -0.506134 -0.196850,
        -0.681909 -0.393701 -0.196850,
        -0.739917 -0.269307 -0.196850,
        -0.775441 -0.136731 -0.196850,
        0.136731 -0.775441 -0.196850,
        0.269307 -0.739917 -0.196850,
        0.393701 -0.681909 -0.196850,
        0.506134 -0.603185 -0.196850,
        0.603185 -0.506134 -0.196850,
        0.681909 -0.393701 -0.196850,
        0.739917 -0.269307 -0.196850,
        0.775441 -0.136731 -0.196850,
        0.139608 -0.368119 -0.196850,
        0.294691 0.261072 -0.196850,
        -0.047456 -0.390829 -0.196850,
        0.047456 -0.390829 -0.196850,
        0.223648 -0.324009 -0.196850,
        -0.139608 -0.368119 -0.196850,
        0.294691 -0.261072 -0.196850,
        0.348604 -0.182961 -0.196850,
        0.382260 -0.094219 -0.196850,
        0.393701 0.000000 -0.196850,
        -0.223648 -0.324009 -0.196850,
        0.348604 0.182961 -0.196850,
        -0.382260 -0.094219 -0.196850,
        -0.348604 -0.182961 -0.196850,
        0.223648 0.324009 -0.196850,
        -0.382260 0.094219 -0.196850,
        0.139608 0.368119 -0.196850,
        0.047456 0.390829 -0.196850,
        -0.294691 0.261072 -0.196850,
        -0.139608 0.368119 -0.196850,
        -0.047456 0.390829 -0.196850,
        -0.223648 0.324009 -0.196850,
        -0.348604 0.182961 -0.196850,
        -0.393701 0.000000 -0.196850,
        0.382260 0.094219 -0.196850,
        -0.294691 -0.261072 -0.196850,
        0.138847 0.191106 -0.196850,
        -0.191107 -0.138847 -0.196850,
        -0.224659 -0.072996 -0.196850,
        -0.072996 0.224660 -0.196850,
        -0.224659 0.072996 -0.196850,
        -0.191107 0.138847 -0.196850,
        -0.138847 0.191106 -0.196850,
        0.000000 0.236219 -0.196850,
        -0.236220 0.000000 -0.196850,
        0.191107 0.138847 -0.196850,
        0.224659 0.072996 -0.196850,
        -0.138847 -0.191106 -0.196850,
        0.072996 0.224660 -0.196850,
        -0.072996 -0.224660 -0.196850,
        0.236220 0.000000 -0.196850,
        0.000000 -0.236219 -0.196850,
        0.224659 -0.072996 -0.196850,
        0.191107 -0.138847 -0.196850,
        0.072996 -0.224660 -0.196850,
        0.138847 -0.191106 -0.196850,
        -0.047456 0.390829 -0.706693,
        -0.139608 0.368119 -0.706693,
        -0.223648 0.324009 -0.706693,
        -0.294691 0.261072 -0.706693,
        -0.348604 0.182961 -0.706693,
        -0.382260 0.094219 -0.706693,
        -0.393700 -0.000000 -0.706693,
        0.047456 0.390829 -0.706693,
        0.139608 0.368119 -0.706693,
        0.223648 0.324009 -0.706693,
        0.294691 0.261072 -0.706693,
        0.348604 0.182961 -0.706693,
        0.382260 0.094219 -0.706693,
        0.393700 -0.000000 -0.706693,
        0.037562 0.310697 -0.787402,
        -0.037819 0.310697 -0.787402,
        0.312992 -0.000000 -0.787402,
        -0.111231 0.292547 -0.787402,
        -0.178107 0.257336 -0.787402,
        -0.234543 0.207173 -0.787402,
        -0.277284 0.145043 -0.787402,
        -0.303848 0.075079 -0.787402,
        -0.312992 -0.000000 -0.787402,
        0.110616 0.292727 -0.787402,
        0.177388 0.257798 -0.787402,
        0.233956 0.207851 -0.787402,
        0.276965 0.145742 -0.787402,
        0.303848 0.075079 -0.787402,
        0.191107 0.138847 -0.787402,
        0.138847 0.191106 -0.787402,
        -0.000000 0.236219 -0.787402,
        0.072996 0.224660 -0.787402,
        -0.072996 0.224660 -0.787402,
        -0.138847 0.191106 -0.787402,
        -0.191107 0.138847 -0.787402,
        0.236220 0.000000 -0.787402,
        0.224659 0.072996 -0.787402,
        -0.224659 0.072996 -0.787402,
        -0.224659 -0.072996 -0.787402,
        -0.277284 -0.145043 -0.787402,
        -0.303847 -0.075079 -0.787402,
        0.110616 -0.292728 -0.787402,
        0.138847 -0.191106 -0.787402,
        0.177389 -0.257799 -0.787402,
        0.224659 -0.072996 -0.787402,
        0.276964 -0.145742 -0.787402,
        0.191107 -0.138847 -0.787402,
        0.000000 -0.236219 -0.787402,
        0.072996 -0.224660 -0.787402,
        0.037562 -0.310696 -0.787402,
        -0.037819 -0.310696 -0.787402,
        -0.072996 -0.224660 -0.787402,
        -0.111230 -0.292548 -0.787402,
        -0.138847 -0.191106 -0.787402,
        -0.178107 -0.257337 -0.787402,
        -0.234543 -0.207173 -0.787402,
        -0.191107 -0.138847 -0.787402,
        0.233957 -0.207850 -0.787402,
        0.303847 -0.075079 -0.787402,
        -0.236220 0.000000 -0.787402,
        0.205845 1.832197 -0.787402,
        0.214567 1.771654 -0.787402,
        0.157480 1.771654 -0.787402,
        0.000000 1.929134 -0.787402,
        -0.060265 1.917146 -0.787402,
        -0.030139 1.984051 -0.787402,
        0.060265 1.917146 -0.787402,
        0.030943 1.983925 -0.787402,
        -0.180393 1.887815 -0.787402,
        -0.111356 1.883008 -0.787402,
        -0.145492 1.831917 -0.787402,
        -0.140290 1.933980 -0.787402,
        -0.205845 1.711110 -0.787402,
        -0.157480 1.771654 -0.787402,
        -0.145492 1.711390 -0.787402,
        0.089484 1.966602 -0.787402,
        -0.060265 1.626161 -0.787402,
        -0.140751 1.609787 -0.787402,
        -0.111356 1.660299 -0.787402,
        0.000000 1.614173 -0.787402,
        -0.030943 1.559382 -0.787402,
        0.140290 1.609327 -0.787402,
        0.111356 1.660299 -0.787402,
        0.180393 1.655492 -0.787402,
        0.060265 1.626161 -0.787402,
        0.088807 1.576358 -0.787402,
        0.030139 1.559256 -0.787402,
        -0.089484 1.576705 -0.787402,
        0.205845 1.711110 -0.787402,
        0.145492 1.711390 -0.787402,
        -0.180615 1.655925 -0.787402,
        -0.088807 1.966949 -0.787402,
        0.145492 1.831917 -0.787402,
        0.111356 1.883008 -0.787402,
        0.180615 1.887382 -0.787402,
        0.140751 1.933520 -0.787402,
        -0.214567 1.771654 -0.787402,
        -0.205845 1.832197 -0.787402,
        0.157438 1.767988 0.000000,
        0.157480 1.771654 0.000000,
        -0.157438 1.767988 0.000000,
        -0.157310 1.764331 0.000000,
        -0.157480 1.771654 0.000000,
        0.157310 1.764331 0.000000,
        0.000000 1.771654 0.000000,
        0.111356 1.883008 -0.000000,
        0.145492 1.831917 0.000000,
        0.000000 1.929134 0.000000,
        0.060265 1.917146 -0.000000,
        -0.060265 1.917146 0.000000,
        -0.111356 1.883008 0.000000,
        -0.145492 1.831917 0.000000,
        1.122047 1.850394 0.000000,
        1.318898 2.362205 0.000000,
        1.318898 1.850394 0.000000,
        -0.876004 1.527386 0.000000,
        -1.122047 1.850394 0.000000,
        -0.691531 1.623972 0.000000,
        -1.318898 2.362205 0.000000,
        -0.000140 2.066906 0.000000,
        1.673228 1.062992 0.000000,
        2.106299 1.062992 0.000000,
        1.456693 0.941295 0.000000,
        0.226173 1.961445 0.000000,
        0.189673 1.997882 0.000000,
        -0.507984 -1.693646 0.000000,
        -1.122047 -1.850394 0.000000,
        -0.700587 -1.619886 0.000000,
        -1.318898 1.850394 0.000000,
        -2.106299 -1.062992 0.000000,
        -1.456693 -0.941295 0.000000,
        -1.673228 -1.062992 0.000000,
        -2.106299 1.062992 0.000000,
        -1.122047 -1.574803 0.000000,
        -1.205394 -1.267433 0.000000,
        -1.051898 -1.405185 0.000000,
        -1.318898 -2.362205 0.000000,
        -1.318898 -1.850394 0.000000,
        1.205394 -1.267433 0.000000,
        1.340996 -1.112031 0.000000,
        1.673228 -1.062992 0.000000,
        0.700587 -1.619886 0.000000,
        1.122047 -1.850394 0.000000,
        0.507984 -1.693646 0.000000,
        1.318898 -2.362205 0.000000,
        1.122047 1.574803 0.000000,
        1.202598 1.270256 -0.000000,
        1.047224 1.408882 -0.000000,
        1.122047 -1.574803 0.000000,
        0.882791 -1.523252 0.000000,
        1.318898 -1.850394 0.000000,
        0.496598 1.697181 0.000000,
        0.294150 1.745902 0.000000,
        0.295201 1.771654 0.000000,
        1.051898 -1.405185 0.000000,
        2.106299 -1.062992 0.000000,
        -1.122047 1.574803 0.000000,
        0.100933 2.049106 0.000000,
        0.147507 2.027398 0.000000,
        -0.496598 1.697181 0.000000,
        -0.255778 1.919083 0.000000,
        -0.226380 1.961154 0.000000,
        -0.147808 2.027224 0.000000,
        -0.189904 1.997720 0.000000,
        -0.051298 2.062413 0.000000,
        -0.101249 2.048969 0.000000,
        0.051035 2.062421 0.000000,
        0.255599 1.919366 0.000000,
        0.277439 1.872606 0.000000,
        0.290806 1.822799 0.000000,
        1.456693 -0.941295 0.000000,
        0.691531 1.623972 -0.000000,
        0.876004 1.527386 -0.000000,
        1.339780 1.113602 -0.000000,
        -0.103126 -1.768512 0.000000,
        -0.307842 -1.743437 0.000000,
        0.103126 -1.768512 0.000000,
        0.307842 -1.743437 0.000000,
        -0.882791 -1.523252 0.000000,
        -1.340996 -1.112031 0.000000,
        -1.456693 0.941295 0.000000,
        -1.673228 1.062992 0.000000,
        -1.339780 1.113602 0.000000,
        -1.202598 1.270256 0.000000,
        -1.047224 1.408882 0.000000,
        -0.290689 1.823315 0.000000,
        -0.277524 1.872457 0.000000,
        -0.295275 1.771654 0.000000,
        -0.294994 1.758768 -0.000000,
        -0.294150 1.745902 0.000000,
        -0.122661 2.040248 -0.706693,
        -0.193366 1.994807 -0.706693,
        -0.248401 1.931291 -0.706693,
        -0.283315 1.854843 -0.706693,
        -0.295275 1.771654 -0.706693,
        -0.042022 2.063921 -0.706693,
        0.042022 2.063921 -0.706693,
        0.122661 2.040248 -0.706693,
        0.193366 1.994807 -0.706693,
        0.248401 1.931291 -0.706693,
        0.283315 1.854843 -0.706693,
        0.295275 1.771654 -0.706693,
        0.122661 1.503059 -0.706693,
        0.042022 1.479386 -0.706693,
        -0.283315 1.688465 -0.706693,
        0.193366 1.548500 -0.706693,
        0.248401 1.612016 -0.706693,
        0.283315 1.688465 -0.706693,
        -0.042022 1.479386 -0.706693,
        -0.122661 1.503059 -0.706693,
        -0.193366 1.548500 -0.706693,
        -0.248401 1.612016 -0.706693,
        2.303150 -1.850394 -0.196850,
        1.318898 -1.850394 -0.196850,
        1.122047 -1.850394 0.118110,
        2.106299 -1.850394 0.118110,
        2.106299 -1.850394 0.275591,
        2.303150 -1.850394 0.275591,
        2.303150 -1.968504 0.275591,
        2.303150 -1.968504 -0.196850,
        2.303150 1.850394 0.275591,
        2.303150 1.968504 -0.196850,
        2.303150 1.968504 0.275591,
        2.303150 1.850394 -0.196850,
        1.909449 2.362205 -0.196850,
        1.318898 1.850394 -0.196850,
        1.318898 2.362205 -0.196850,
        2.080268 2.323217 -0.196850,
        1.997055 2.352335 -0.196850,
        2.154917 2.276311 -0.196850,
        2.217256 2.213972 -0.196850,
        2.264161 2.139323 -0.196850,
        2.293280 2.056110 -0.196850,
        -1.909449 2.362205 -0.196850,
        -1.318898 2.362205 -0.196850,
        -1.318898 1.850394 -0.196850,
        -2.303150 1.968504 -0.196850,
        -2.293280 2.056110 -0.196850,
        -2.303150 1.850394 -0.196850,
        -2.264161 2.139323 -0.196850,
        -2.154917 2.276311 -0.196850,
        -2.217256 2.213972 -0.196850,
        -1.997055 2.352335 -0.196850,
        -2.080268 2.323217 -0.196850,
        1.909449 -2.362205 -0.196850,
        1.318898 -2.362205 -0.196850,
        2.293280 -2.056110 -0.196850,
        2.264161 -2.139323 -0.196850,
        2.217256 -2.213972 -0.196850,
        2.080268 -2.323217 -0.196850,
        2.154917 -2.276311 -0.196850,
        1.997055 -2.352335 -0.196850,
        -1.318898 -1.850394 -0.196850,
        -1.318898 -2.362205 -0.196850,
        -1.909449 -2.362205 -0.196850,
        -2.303150 -1.968504 -0.196850,
        -2.303150 -1.850394 -0.196850,
        -2.154917 -2.276311 -0.196850,
        -2.217256 -2.213972 -0.196850,
        -2.080268 -2.323217 -0.196850,
        -1.997055 -2.352335 -0.196850,
        -2.264161 -2.139323 -0.196850,
        -2.293280 -2.056110 -0.196850,
        1.997055 2.352335 0.275591,
        1.909449 2.362205 0.275591,
        2.217256 2.213972 0.275591,
        2.154917 2.276311 0.275591,
        2.080268 2.323217 0.275591,
        2.293280 2.056110 0.275591,
        2.264161 2.139323 0.275591,
        -1.909449 2.362205 0.275591,
        -2.293280 2.056110 0.275591,
        -2.303150 1.968504 0.275591,
        -2.154917 2.276311 0.275591,
        -2.217256 2.213972 0.275591,
        -2.264161 2.139323 0.275591,
        -1.997055 2.352335 0.275591,
        -2.080268 2.323217 0.275591,
        -2.303150 -1.850394 0.275591,
        -2.303150 -1.968504 0.275591,
        -2.303150 1.850394 0.275591,
        -1.122047 -1.850394 0.118110,
        -2.106299 -1.850394 0.275591,
        -2.106299 -1.850394 0.118110,
        -1.673228 -1.062992 0.118110,
        -1.122047 -1.574803 0.118110,
        -2.106299 -1.062992 0.118110,
        -2.106299 1.850394 0.118110,
        -1.122047 1.850394 0.118110,
        -1.122047 1.574803 0.118110,
        -1.673228 1.062992 0.118110,
        -2.106299 1.062992 0.118110,
        1.122047 -1.574803 0.118110,
        1.673228 -1.062992 0.118110,
        2.106299 -1.062992 0.118110,
        2.106299 1.850394 0.118110,
        1.673228 1.062992 0.118110,
        1.122047 1.574803 0.118110,
        2.106299 1.062992 0.118110,
        1.122047 1.850394 0.118110,
        -2.106299 1.850394 0.275591,
        -2.154917 -2.276311 0.275591,
        -2.080268 -2.323217 0.275591,
        2.106299 1.850394 0.275591,
        -2.293280 -2.056110 0.275591,
        -2.264161 -2.139323 0.275591,
        -2.217256 -2.213972 0.275591,
        -1.997055 -2.352335 0.275591,
        -1.909449 -2.362205 0.275591,
        1.909449 -2.362205 0.275591,
        2.293280 -2.056110 0.275591,
        2.264161 -2.139323 0.275591,
        2.154917 -2.276311 0.275591,
        2.217256 -2.213972 0.275591,
        1.997055 -2.352335 0.275591,
        2.080268 -2.323217 0.275591,
        0.047456 -0.390829 -0.706693,
        0.139608 -0.368119 -0.706693,
        -0.382260 -0.094219 -0.706693,
        0.223648 -0.324009 -0.706693,
        0.294691 -0.261072 -0.706693,
        0.382260 -0.094219 -0.706693,
        0.348604 -0.182961 -0.706693,
        -0.047456 -0.390829 -0.706693,
        -0.139608 -0.368119 -0.706693,
        -0.223648 -0.324009 -0.706693,
        -0.294691 -0.261072 -0.706693,
        -0.348604 -0.182961 -0.706693,
      ]
    }
    coordIndex [
      0, 1, 2, -1,
      3, 4, 5, -1,
      6, 7, 8, -1,
      8, 9, 10, -1,
      11, 12, 13, -1,
      13, 14, 11, -1,
      15, 4, 16, -1,
      17, 18, 19, -1,
      20, 19, 21, -1,
      22, 23, 24, -1,
      12, 20, 13, -1,
      25, 26, 27, -1,
      28, 29, 30, -1,
      20, 21, 13, -1,
      31, 17, 29, -1,
      20, 17, 19, -1,
      32, 33, 34, -1,
      35, 36, 37, -1,
      38, 33, 39, -1,
      0, 40, 41, -1,
      39, 42, 38, -1,
      41, 40, 38, -1,
      38, 42, 41, -1,
      43, 44, 45, -1,
      1, 46, 47, -1,
      47, 45, 44, -1,
      48, 46, 0, -1,
      49, 29, 17, -1,
      30, 29, 49, -1,
      0, 50, 48, -1,
      31, 18, 17, -1,
      51, 25, 27, -1,
      52, 53, 54, -1,
      55, 56, 57, -1,
      58, 9, 59, -1,
      60, 61, 62, -1,
      63, 36, 64, -1,
      65, 66, 67, -1,
      68, 66, 65, -1,
      69, 37, 43, -1,
      33, 5, 34, -1,
      33, 30, 70, -1,
      39, 33, 32, -1,
      71, 28, 30, -1,
      72, 18, 31, -1,
      0, 46, 1, -1,
      53, 36, 35, -1,
      73, 63, 22, -1,
      73, 11, 63, -1,
      74, 75, 76, -1,
      31, 77, 72, -1,
      44, 78, 79, -1,
      78, 44, 80, -1,
      40, 81, 31, -1,
      45, 47, 46, -1,
      40, 82, 81, -1,
      40, 0, 2, -1,
      83, 40, 2, -1,
      84, 40, 83, -1,
      40, 84, 82, -1,
      77, 31, 81, -1,
      37, 44, 43, -1,
      59, 85, 58, -1,
      86, 87, 75, -1,
      88, 85, 89, -1,
      90, 91, 92, -1,
      93, 74, 76, -1,
      94, 95, 96, -1,
      97, 98, 99, -1,
      80, 44, 37, -1,
      86, 75, 24, -1,
      100, 79, 101, -1,
      63, 102, 103, -1,
      104, 105, 54, -1,
      27, 26, 106, -1,
      35, 37, 69, -1,
      107, 108, 78, -1,
      13, 79, 14, -1,
      44, 79, 13, -1,
      107, 78, 80, -1,
      100, 14, 79, -1,
      109, 106, 110, -1,
      52, 36, 53, -1,
      64, 111, 102, -1,
      63, 103, 23, -1,
      99, 98, 112, -1,
      106, 109, 27, -1,
      113, 74, 93, -1,
      114, 115, 116, -1,
      117, 118, 119, -1,
      62, 61, 120, -1,
      93, 120, 113, -1,
      121, 61, 60, -1,
      122, 123, 99, -1,
      124, 61, 125, -1,
      126, 122, 99, -1,
      127, 125, 121, -1,
      126, 99, 128, -1,
      127, 129, 125, -1,
      126, 128, 130, -1,
      111, 131, 132, -1,
      133, 134, 128, -1,
      66, 125, 135, -1,
      125, 129, 135, -1,
      135, 136, 66, -1,
      66, 133, 125, -1,
      136, 67, 66, -1,
      136, 104, 67, -1,
      67, 104, 54, -1,
      111, 132, 137, -1,
      105, 52, 54, -1,
      138, 36, 52, -1,
      63, 64, 102, -1,
      36, 138, 139, -1,
      36, 139, 64, -1,
      140, 131, 111, -1,
      102, 111, 137, -1,
      95, 26, 96, -1,
      26, 25, 96, -1,
      110, 141, 109, -1,
      51, 132, 25, -1,
      132, 51, 137, -1,
      137, 51, 142, -1,
      137, 142, 143, -1,
      144, 145, 123, -1,
      114, 146, 147, -1,
      130, 128, 134, -1,
      125, 61, 121, -1,
      133, 128, 125, -1,
      120, 61, 113, -1,
      148, 117, 116, -1,
      56, 119, 149, -1,
      150, 97, 123, -1,
      151, 123, 145, -1,
      89, 92, 91, -1,
      123, 151, 150, -1,
      123, 97, 99, -1,
      112, 113, 99, -1,
      112, 74, 113, -1,
      75, 87, 76, -1,
      22, 63, 23, -1,
      75, 22, 24, -1,
      73, 12, 11, -1,
      15, 8, 7, -1,
      4, 3, 152, -1,
      5, 153, 154, -1,
      70, 155, 33, -1,
      49, 70, 30, -1,
      33, 153, 5, -1,
      155, 153, 33, -1,
      154, 3, 5, -1,
      16, 4, 152, -1,
      7, 4, 15, -1,
      10, 6, 8, -1,
      58, 10, 9, -1,
      85, 59, 89, -1,
      91, 88, 89, -1,
      90, 92, 55, -1,
      149, 57, 56, -1,
      57, 90, 55, -1,
      118, 149, 119, -1,
      156, 118, 117, -1,
      116, 115, 148, -1,
      117, 148, 156, -1,
      114, 147, 115, -1,
      114, 157, 146, -1,
      158, 144, 157, -1,
      146, 157, 144, -1,
      145, 144, 159, -1,
      144, 158, 159, -1,
      160, 161, 162, -1,
      160, 162, 163, -1,
      163, 164, 165, -1,
      165, 164, 166, -1,
      167, 163, 165, -1,
      160, 167, 168, -1,
      167, 160, 163, -1,
      160, 168, 169, -1,
      170, 171, 172, -1,
      173, 174, 175, -1,
      170, 172, 176, -1,
      173, 176, 172, -1,
      177, 172, 178, -1,
      179, 178, 180, -1,
      178, 181, 180, -1,
      178, 179, 177, -1,
      173, 172, 177, -1,
      173, 177, 174, -1,
      182, 183, 184, -1,
      185, 73, 22, -1,
      75, 186, 22, -1,
      185, 22, 186, -1,
      75, 74, 187, -1,
      187, 186, 75, -1,
      188, 74, 112, -1,
      74, 188, 187, -1,
      98, 189, 112, -1,
      188, 112, 189, -1,
      98, 97, 190, -1,
      190, 189, 98, -1,
      191, 97, 150, -1,
      97, 191, 190, -1,
      151, 192, 150, -1,
      191, 150, 192, -1,
      151, 145, 193, -1,
      193, 192, 151, -1,
      145, 194, 193, -1,
      195, 73, 185, -1,
      195, 196, 12, -1,
      12, 73, 195, -1,
      20, 196, 197, -1,
      196, 20, 12, -1,
      198, 17, 197, -1,
      20, 197, 17, -1,
      198, 199, 49, -1,
      49, 17, 198, -1,
      70, 199, 200, -1,
      199, 70, 49, -1,
      201, 155, 200, -1,
      70, 200, 155, -1,
      201, 202, 153, -1,
      153, 155, 201, -1,
      154, 202, 203, -1,
      202, 154, 153, -1,
      154, 203, 3, -1,
      204, 55, 92, -1,
      89, 205, 92, -1,
      204, 92, 205, -1,
      89, 59, 206, -1,
      206, 205, 89, -1,
      207, 59, 9, -1,
      59, 207, 206, -1,
      8, 208, 9, -1,
      207, 9, 208, -1,
      8, 15, 209, -1,
      209, 208, 8, -1,
      210, 15, 16, -1,
      15, 210, 209, -1,
      152, 211, 16, -1,
      210, 16, 211, -1,
      152, 3, 212, -1,
      212, 211, 152, -1,
      3, 203, 212, -1,
      213, 55, 204, -1,
      213, 214, 56, -1,
      56, 55, 213, -1,
      119, 214, 215, -1,
      214, 119, 56, -1,
      216, 117, 215, -1,
      119, 215, 117, -1,
      216, 217, 116, -1,
      116, 117, 216, -1,
      114, 217, 218, -1,
      217, 114, 116, -1,
      219, 157, 218, -1,
      114, 218, 157, -1,
      219, 220, 158, -1,
      158, 157, 219, -1,
      159, 220, 194, -1,
      220, 159, 158, -1,
      159, 194, 145, -1,
      214, 213, 221, -1,
      222, 190, 191, -1,
      223, 224, 204, -1,
      215, 221, 225, -1,
      223, 205, 226, -1,
      216, 225, 227, -1,
      218, 227, 228, -1,
      228, 229, 219, -1,
      206, 207, 226, -1,
      194, 230, 193, -1,
      231, 207, 208, -1,
      191, 192, 232, -1,
      211, 233, 234, -1,
      235, 189, 222, -1,
      202, 201, 236, -1,
      237, 238, 186, -1,
      199, 198, 239, -1,
      195, 240, 196, -1,
      241, 185, 238, -1,
      195, 185, 241, -1,
      198, 197, 242, -1,
      197, 240, 242, -1,
      189, 235, 188, -1,
      237, 187, 188, -1,
      236, 201, 243, -1,
      200, 239, 243, -1,
      232, 222, 191, -1,
      233, 212, 244, -1,
      203, 202, 244, -1,
      245, 232, 192, -1,
      246, 209, 210, -1,
      193, 230, 245, -1,
      194, 220, 230, -1,
      208, 246, 231, -1,
      193, 245, 192, -1,
      224, 213, 204, -1,
      222, 189, 190, -1,
      237, 188, 235, -1,
      237, 186, 187, -1,
      238, 185, 186, -1,
      240, 195, 241, -1,
      240, 197, 196, -1,
      239, 198, 242, -1,
      239, 200, 199, -1,
      243, 201, 200, -1,
      244, 202, 236, -1,
      244, 212, 203, -1,
      233, 211, 212, -1,
      246, 210, 234, -1,
      210, 211, 234, -1,
      246, 208, 209, -1,
      226, 207, 231, -1,
      226, 205, 206, -1,
      223, 204, 205, -1,
      221, 215, 214, -1,
      221, 213, 224, -1,
      225, 216, 215, -1,
      227, 217, 216, -1,
      218, 228, 219, -1,
      217, 227, 218, -1,
      219, 229, 220, -1,
      230, 220, 229, -1,
      247, 248, 249, -1,
      250, 251, 252, -1,
      252, 253, 250, -1,
      251, 254, 255, -1,
      254, 251, 250, -1,
      256, 257, 258, -1,
      254, 259, 255, -1,
      260, 261, 262, -1,
      263, 264, 265, -1,
      265, 262, 263, -1,
      266, 265, 264, -1,
      263, 262, 261, -1,
      260, 258, 257, -1,
      261, 260, 257, -1,
      256, 248, 247, -1,
      256, 258, 248, -1,
      255, 259, 249, -1,
      259, 247, 249, -1,
      267, 241, 238, -1,
      241, 268, 240, -1,
      268, 241, 267, -1,
      242, 240, 269, -1,
      268, 269, 240, -1,
      270, 239, 242, -1,
      242, 269, 270, -1,
      239, 271, 243, -1,
      271, 239, 270, -1,
      236, 243, 272, -1,
      271, 272, 243, -1,
      273, 244, 236, -1,
      236, 272, 273, -1,
      267, 238, 274, -1,
      237, 275, 274, -1,
      274, 238, 237, -1,
      275, 235, 276, -1,
      235, 275, 237, -1,
      277, 276, 222, -1,
      235, 222, 276, -1,
      232, 278, 277, -1,
      277, 222, 232, -1,
      278, 245, 279, -1,
      245, 278, 232, -1,
      245, 230, 279, -1,
      279, 230, 280, -1,
      267, 281, 282, -1,
      280, 283, 279, -1,
      284, 269, 268, -1,
      284, 268, 282, -1,
      285, 286, 270, -1,
      269, 285, 270, -1,
      268, 267, 282, -1,
      269, 284, 285, -1,
      287, 272, 271, -1,
      272, 287, 288, -1,
      287, 271, 286, -1,
      271, 270, 286, -1,
      288, 273, 272, -1,
      273, 288, 289, -1,
      274, 281, 267, -1,
      274, 275, 290, -1,
      290, 281, 274, -1,
      291, 275, 276, -1,
      275, 291, 290, -1,
      277, 292, 276, -1,
      291, 276, 292, -1,
      277, 278, 293, -1,
      293, 292, 277, -1,
      294, 278, 279, -1,
      278, 294, 293, -1,
      294, 279, 283, -1,
      295, 296, 292, -1,
      297, 281, 298, -1,
      297, 299, 282, -1,
      300, 284, 299, -1,
      290, 296, 298, -1,
      301, 286, 300, -1,
      296, 290, 291, -1,
      302, 303, 294, -1,
      301, 304, 287, -1,
      305, 306, 307, -1,
      308, 309, 310, -1,
      311, 312, 313, -1,
      314, 315, 316, -1,
      317, 318, 314, -1,
      315, 309, 308, -1,
      318, 319, 320, -1,
      319, 321, 320, -1,
      320, 322, 323, -1,
      313, 324, 309, -1,
      325, 311, 302, -1,
      300, 285, 284, -1,
      307, 326, 305, -1,
      325, 302, 283, -1,
      303, 295, 293, -1,
      307, 289, 326, -1,
      326, 289, 288, -1,
      306, 323, 322, -1,
      305, 323, 306, -1,
      322, 320, 321, -1,
      319, 318, 317, -1,
      317, 314, 316, -1,
      316, 315, 308, -1,
      310, 309, 324, -1,
      324, 313, 312, -1,
      312, 311, 325, -1,
      283, 302, 294, -1,
      294, 303, 293, -1,
      293, 295, 292, -1,
      292, 296, 291, -1,
      290, 298, 281, -1,
      281, 297, 282, -1,
      282, 299, 284, -1,
      286, 301, 287, -1,
      285, 300, 286, -1,
      287, 304, 288, -1,
      326, 288, 304, -1,
      327, 328, 329, -1,
      330, 331, 332, -1,
      333, 330, 334, -1,
      335, 336, 337, -1,
      331, 336, 338, -1,
      339, 340, 341, -1,
      342, 333, 334, -1,
      343, 344, 345, -1,
      346, 347, 343, -1,
      348, 349, 350, -1,
      351, 348, 352, -1,
      353, 346, 351, -1,
      343, 347, 354, -1,
      329, 355, 356, -1,
      349, 356, 350, -1,
      357, 339, 341, -1,
      331, 338, 358, -1,
      359, 360, 361, -1,
      327, 359, 361, -1,
      360, 333, 362, -1,
      339, 363, 340, -1,
      340, 363, 364, -1,
      357, 345, 344, -1,
      341, 345, 357, -1,
      344, 343, 354, -1,
      347, 346, 353, -1,
      353, 351, 352, -1,
      348, 351, 349, -1,
      350, 356, 355, -1,
      355, 329, 328, -1,
      327, 329, 359, -1,
      361, 360, 362, -1,
      362, 333, 342, -1,
      334, 330, 332, -1,
      332, 331, 358, -1,
      338, 336, 335, -1,
      335, 337, 364, -1,
      340, 364, 337, -1,
      323, 249, 248, -1,
      255, 305, 326, -1,
      260, 262, 314, -1,
      318, 320, 258, -1,
      313, 266, 264, -1,
      309, 315, 265, -1,
      264, 263, 311, -1,
      311, 313, 264, -1,
      261, 302, 263, -1,
      311, 263, 302, -1,
      265, 266, 309, -1,
      309, 266, 313, -1,
      262, 315, 314, -1,
      262, 265, 315, -1,
      260, 318, 258, -1,
      260, 314, 318, -1,
      320, 323, 248, -1,
      258, 320, 248, -1,
      305, 255, 249, -1,
      323, 305, 249, -1,
      295, 257, 256, -1,
      261, 303, 302, -1,
      259, 254, 297, -1,
      298, 296, 247, -1,
      301, 253, 252, -1,
      300, 299, 250, -1,
      252, 251, 304, -1,
      304, 301, 252, -1,
      255, 326, 251, -1,
      304, 251, 326, -1,
      250, 253, 300, -1,
      300, 253, 301, -1,
      254, 299, 297, -1,
      254, 250, 299, -1,
      259, 298, 247, -1,
      259, 297, 298, -1,
      296, 295, 256, -1,
      247, 296, 256, -1,
      303, 261, 257, -1,
      295, 303, 257, -1,
      329, 356, 161, -1,
      329, 365, 366, -1,
      346, 343, 165, -1,
      165, 166, 346, -1,
      345, 167, 343, -1,
      165, 343, 167, -1,
      168, 345, 341, -1,
      345, 168, 167, -1,
      169, 168, 341, -1,
      367, 368, 169, -1,
      169, 341, 340, -1,
      367, 340, 369, -1,
      340, 367, 169, -1,
      164, 346, 166, -1,
      351, 164, 163, -1,
      164, 351, 346, -1,
      163, 162, 349, -1,
      349, 351, 163, -1,
      161, 356, 162, -1,
      349, 162, 356, -1,
      161, 370, 365, -1,
      329, 161, 365, -1,
      367, 369, 371, -1,
      367, 371, 368, -1,
      372, 373, 371, -1,
      371, 366, 365, -1,
      371, 365, 370, -1,
      374, 375, 376, -1,
      371, 373, 366, -1,
      376, 372, 377, -1,
      372, 376, 375, -1,
      371, 378, 377, -1,
      377, 372, 371, -1,
      371, 369, 378, -1,
      379, 380, 381, -1,
      382, 383, 384, -1,
      385, 380, 386, -1,
      387, 388, 389, -1,
      380, 390, 391, -1,
      392, 393, 394, -1,
      385, 383, 395, -1,
      396, 397, 398, -1,
      399, 397, 396, -1,
      400, 401, 402, -1,
      403, 404, 393, -1,
      405, 406, 407, -1,
      408, 409, 410, -1,
      409, 411, 410, -1,
      412, 413, 414, -1,
      415, 409, 416, -1,
      411, 409, 417, -1,
      418, 419, 420, -1,
      415, 416, 421, -1,
      422, 389, 388, -1,
      382, 423, 383, -1,
      424, 380, 425, -1,
      426, 384, 383, -1,
      426, 383, 427, -1,
      428, 427, 385, -1,
      383, 385, 427, -1,
      429, 430, 385, -1,
      385, 430, 428, -1,
      431, 432, 385, -1,
      385, 432, 429, -1,
      385, 386, 431, -1,
      380, 424, 433, -1,
      380, 433, 386, -1,
      425, 380, 391, -1,
      379, 434, 390, -1,
      390, 380, 379, -1,
      435, 418, 436, -1,
      435, 434, 418, -1,
      379, 418, 434, -1,
      420, 436, 418, -1,
      437, 422, 407, -1,
      418, 379, 438, -1,
      412, 439, 379, -1,
      438, 379, 439, -1,
      412, 414, 439, -1,
      440, 413, 387, -1,
      412, 387, 413, -1,
      389, 422, 437, -1,
      387, 389, 440, -1,
      407, 406, 437, -1,
      421, 405, 415, -1,
      407, 415, 405, -1,
      441, 403, 442, -1,
      411, 443, 444, -1,
      409, 408, 416, -1,
      411, 444, 410, -1,
      411, 403, 441, -1,
      443, 411, 441, -1,
      403, 393, 392, -1,
      442, 403, 392, -1,
      400, 445, 393, -1,
      394, 393, 445, -1,
      400, 402, 445, -1,
      446, 401, 398, -1,
      400, 398, 401, -1,
      397, 399, 447, -1,
      398, 397, 446, -1,
      448, 449, 447, -1,
      399, 448, 447, -1,
      423, 450, 448, -1,
      449, 448, 450, -1,
      382, 451, 423, -1,
      423, 451, 450, -1,
      452, 426, 453, -1,
      426, 427, 453, -1,
      454, 426, 452, -1,
      454, 455, 426, -1,
      426, 455, 456, -1,
      457, 429, 432, -1,
      429, 458, 430, -1,
      458, 429, 457, -1,
      459, 428, 458, -1,
      430, 458, 428, -1,
      427, 459, 453, -1,
      427, 428, 459, -1,
      452, 453, 460, -1,
      459, 460, 453, -1,
      461, 454, 452, -1,
      452, 460, 461, -1,
      432, 462, 457, -1,
      386, 462, 431, -1,
      462, 432, 431, -1,
      386, 433, 463, -1,
      463, 462, 386, -1,
      463, 424, 464, -1,
      424, 463, 433, -1,
      465, 464, 425, -1,
      424, 425, 464, -1,
      390, 465, 391, -1,
      465, 425, 391, -1,
      390, 434, 466, -1,
      466, 465, 390, -1,
      466, 435, 467, -1,
      435, 466, 434, -1,
      468, 467, 436, -1,
      435, 436, 467, -1,
      468, 436, 420, -1,
      332, 457, 462, -1,
      468, 328, 467, -1,
      358, 457, 332, -1,
      338, 458, 358, -1,
      358, 458, 457, -1,
      335, 459, 338, -1,
      338, 459, 458, -1,
      462, 334, 332, -1,
      335, 364, 460, -1,
      364, 461, 460, -1,
      335, 460, 459, -1,
      461, 364, 363, -1,
      334, 462, 463, -1,
      342, 463, 464, -1,
      463, 342, 334, -1,
      465, 362, 464, -1,
      342, 464, 362, -1,
      465, 466, 361, -1,
      361, 362, 465, -1,
      327, 466, 467, -1,
      466, 327, 361, -1,
      327, 467, 328, -1,
      353, 469, 470, -1,
      461, 363, 471, -1,
      353, 470, 347, -1,
      472, 352, 348, -1,
      352, 469, 353, -1,
      473, 472, 348, -1,
      348, 350, 473, -1,
      474, 350, 355, -1,
      473, 350, 474, -1,
      469, 352, 472, -1,
      355, 468, 474, -1,
      468, 355, 328, -1,
      470, 475, 347, -1,
      354, 475, 476, -1,
      475, 354, 347, -1,
      477, 344, 476, -1,
      354, 476, 344, -1,
      477, 478, 357, -1,
      357, 344, 477, -1,
      339, 478, 471, -1,
      478, 339, 357, -1,
      339, 471, 363, -1,
      475, 470, 69, -1,
      53, 470, 469, -1,
      35, 470, 53, -1,
      472, 54, 469, -1,
      53, 469, 54, -1,
      67, 473, 65, -1,
      472, 473, 67, -1,
      65, 474, 68, -1,
      473, 474, 65, -1,
      420, 419, 68, -1,
      69, 43, 475, -1,
      43, 476, 475, -1,
      474, 468, 68, -1,
      420, 68, 468, -1,
      67, 54, 472, -1,
      470, 35, 69, -1,
      477, 476, 45, -1,
      43, 45, 476, -1,
      46, 478, 477, -1,
      477, 45, 46, -1,
      478, 48, 471, -1,
      48, 478, 46, -1,
      48, 50, 471, -1,
      50, 456, 455, -1,
      471, 50, 461, -1,
      50, 455, 461, -1,
      461, 455, 454, -1,
      41, 384, 426, -1,
      456, 50, 0, -1,
      451, 32, 450, -1,
      39, 382, 42, -1,
      449, 34, 5, -1,
      34, 449, 450, -1,
      39, 32, 451, -1,
      449, 5, 447, -1,
      450, 32, 34, -1,
      382, 384, 42, -1,
      451, 382, 39, -1,
      41, 426, 0, -1,
      42, 384, 41, -1,
      456, 0, 426, -1,
      418, 68, 419, -1,
      414, 134, 439, -1,
      438, 133, 66, -1,
      122, 126, 440, -1,
      130, 413, 126, -1,
      389, 123, 122, -1,
      122, 440, 389, -1,
      414, 413, 130, -1,
      126, 413, 440, -1,
      134, 133, 439, -1,
      130, 134, 414, -1,
      438, 66, 418, -1,
      439, 133, 438, -1,
      68, 418, 66, -1,
      371, 169, 368, -1,
      370, 161, 160, -1,
      160, 169, 371, -1,
      370, 160, 371, -1,
      447, 5, 4, -1,
      447, 4, 397, -1,
      90, 57, 441, -1,
      442, 91, 90, -1,
      90, 441, 442, -1,
      91, 392, 88, -1,
      392, 91, 442, -1,
      85, 88, 394, -1,
      392, 394, 88, -1,
      445, 58, 85, -1,
      85, 394, 445, -1,
      58, 402, 10, -1,
      402, 58, 445, -1,
      6, 10, 401, -1,
      402, 401, 10, -1,
      446, 7, 6, -1,
      6, 401, 446, -1,
      397, 7, 446, -1,
      397, 4, 7, -1,
      441, 57, 443, -1,
      443, 149, 444, -1,
      149, 443, 57, -1,
      410, 444, 118, -1,
      149, 118, 444, -1,
      156, 408, 410, -1,
      410, 118, 156, -1,
      408, 148, 416, -1,
      148, 408, 156, -1,
      421, 416, 115, -1,
      148, 115, 416, -1,
      147, 405, 421, -1,
      421, 115, 147, -1,
      405, 146, 406, -1,
      146, 405, 147, -1,
      146, 144, 406, -1,
      406, 144, 437, -1,
      437, 144, 123, -1,
      437, 123, 389, -1,
      360, 373, 372, -1,
      366, 359, 329, -1,
      374, 376, 331, -1,
      330, 333, 375, -1,
      377, 378, 337, -1,
      337, 336, 377, -1,
      369, 340, 378, -1,
      337, 378, 340, -1,
      336, 331, 376, -1,
      376, 377, 336, -1,
      374, 330, 375, -1,
      374, 331, 330, -1,
      333, 360, 372, -1,
      375, 333, 372, -1,
      359, 366, 373, -1,
      360, 359, 373, -1,
      479, 480, 417, -1,
      409, 481, 417, -1,
      481, 482, 417, -1,
      482, 479, 417, -1,
      482, 483, 484, -1,
      482, 484, 479, -1,
      485, 486, 479, -1,
      485, 479, 484, -1,
      487, 488, 489, -1,
      488, 487, 490, -1,
      491, 492, 493, -1,
      490, 492, 488, -1,
      494, 491, 495, -1,
      496, 497, 491, -1,
      497, 492, 491, -1,
      494, 496, 491, -1,
      492, 498, 499, -1,
      497, 498, 492, -1,
      492, 499, 488, -1,
      500, 501, 502, -1,
      503, 504, 502, -1,
      502, 505, 503, -1,
      500, 502, 506, -1,
      504, 506, 502, -1,
      507, 500, 508, -1,
      500, 506, 508, -1,
      509, 500, 510, -1,
      500, 507, 510, -1,
      480, 511, 512, -1,
      480, 479, 486, -1,
      480, 513, 514, -1,
      486, 513, 480, -1,
      515, 511, 514, -1,
      480, 514, 511, -1,
      516, 511, 517, -1,
      511, 515, 517, -1,
      511, 516, 518, -1,
      519, 520, 521, -1,
      522, 523, 519, -1,
      524, 525, 521, -1,
      521, 526, 524, -1,
      521, 527, 526, -1,
      519, 525, 528, -1,
      519, 521, 525, -1,
      522, 519, 529, -1,
      528, 529, 519, -1,
      530, 491, 531, -1,
      532, 496, 533, -1,
      534, 494, 495, -1,
      499, 498, 535, -1,
      497, 536, 498, -1,
      489, 488, 499, -1,
      499, 535, 489, -1,
      532, 536, 497, -1,
      498, 536, 535, -1,
      496, 494, 533, -1,
      497, 496, 532, -1,
      534, 495, 530, -1,
      533, 494, 534, -1,
      491, 530, 495, -1,
      491, 493, 380, -1,
      531, 380, 385, -1,
      491, 380, 531, -1,
      385, 501, 500, -1,
      385, 537, 531, -1,
      385, 500, 537, -1,
      538, 503, 539, -1,
      540, 508, 541, -1,
      542, 506, 504, -1,
      509, 510, 543, -1,
      507, 544, 510, -1,
      537, 500, 509, -1,
      509, 543, 537, -1,
      540, 544, 507, -1,
      510, 544, 543, -1,
      508, 506, 541, -1,
      507, 508, 540, -1,
      542, 504, 538, -1,
      541, 506, 542, -1,
      503, 538, 504, -1,
      545, 522, 546, -1,
      522, 545, 523, -1,
      539, 503, 505, -1,
      539, 505, 547, -1,
      404, 519, 523, -1,
      548, 393, 404, -1,
      549, 550, 545, -1,
      550, 548, 404, -1,
      404, 523, 550, -1,
      545, 550, 523, -1,
      551, 552, 550, -1,
      548, 550, 552, -1,
      550, 553, 551, -1,
      554, 555, 556, -1,
      556, 557, 554, -1,
      554, 557, 558, -1,
      559, 482, 481, -1,
      482, 560, 561, -1,
      482, 559, 560, -1,
      562, 563, 564, -1,
      562, 565, 563, -1,
      566, 562, 564, -1,
      448, 399, 558, -1,
      558, 557, 448, -1,
      423, 448, 557, -1,
      557, 556, 423, -1,
      383, 423, 556, -1,
      556, 555, 383, -1,
      505, 502, 395, -1,
      383, 555, 395, -1,
      555, 554, 395, -1,
      554, 505, 395, -1,
      554, 567, 547, -1,
      554, 547, 505, -1,
      549, 568, 569, -1,
      489, 570, 487, -1,
      570, 535, 536, -1,
      567, 549, 483, -1,
      570, 489, 535, -1,
      536, 532, 570, -1,
      570, 533, 534, -1,
      532, 533, 570, -1,
      570, 530, 531, -1,
      534, 530, 570, -1,
      531, 537, 570, -1,
      539, 567, 538, -1,
      541, 542, 567, -1,
      567, 542, 538, -1,
      567, 540, 541, -1,
      567, 543, 544, -1,
      540, 567, 544, -1,
      547, 567, 539, -1,
      537, 567, 570, -1,
      567, 537, 543, -1,
      549, 545, 546, -1,
      549, 571, 572, -1,
      573, 549, 572, -1,
      546, 571, 549, -1,
      549, 569, 574, -1,
      568, 549, 573, -1,
      575, 549, 574, -1,
      576, 549, 575, -1,
      483, 549, 576, -1,
      577, 483, 578, -1,
      485, 483, 577, -1,
      483, 579, 580, -1,
      578, 483, 580, -1,
      581, 582, 483, -1,
      483, 582, 579, -1,
      483, 485, 484, -1,
      570, 567, 483, -1,
      483, 576, 581, -1,
      577, 486, 485, -1,
      579, 515, 580, -1,
      578, 514, 513, -1,
      518, 516, 581, -1,
      517, 582, 516, -1,
      576, 511, 518, -1,
      518, 581, 576, -1,
      579, 582, 517, -1,
      516, 582, 581, -1,
      515, 514, 580, -1,
      517, 515, 579, -1,
      578, 513, 577, -1,
      580, 514, 578, -1,
      486, 577, 513, -1,
      576, 575, 411, -1,
      411, 511, 576, -1,
      521, 520, 403, -1,
      511, 411, 512, -1,
      521, 403, 575, -1,
      411, 575, 403, -1,
      403, 520, 519, -1,
      403, 519, 404, -1,
      574, 521, 575, -1,
      573, 524, 568, -1,
      569, 526, 527, -1,
      529, 528, 571, -1,
      525, 572, 528, -1,
      546, 522, 529, -1,
      529, 571, 546, -1,
      573, 572, 525, -1,
      528, 572, 571, -1,
      524, 526, 568, -1,
      525, 524, 573, -1,
      569, 527, 574, -1,
      568, 526, 569, -1,
      521, 574, 527, -1,
      417, 480, 512, -1,
      417, 512, 411, -1,
      381, 492, 490, -1,
      566, 379, 381, -1,
      570, 562, 487, -1,
      562, 566, 381, -1,
      381, 490, 562, -1,
      487, 562, 490, -1,
      380, 493, 492, -1,
      380, 492, 381, -1,
      412, 379, 566, -1,
      566, 564, 412, -1,
      387, 412, 564, -1,
      564, 563, 387, -1,
      563, 388, 387, -1,
      563, 565, 388, -1,
      395, 502, 501, -1,
      395, 501, 385, -1,
      551, 396, 398, -1,
      551, 553, 396, -1,
      398, 400, 552, -1,
      552, 551, 398, -1,
      400, 393, 548, -1,
      548, 552, 400, -1,
      407, 422, 561, -1,
      561, 560, 407, -1,
      415, 407, 560, -1,
      560, 559, 415, -1,
      409, 415, 559, -1,
      559, 481, 409, -1,
      583, 316, 584, -1,
      273, 289, 585, -1,
      583, 317, 316, -1,
      584, 316, 308, -1,
      586, 310, 587, -1,
      308, 310, 586, -1,
      308, 586, 584, -1,
      324, 587, 310, -1,
      588, 589, 312, -1,
      325, 588, 312, -1,
      588, 325, 280, -1,
      325, 283, 280, -1,
      312, 589, 324, -1,
      324, 589, 587, -1,
      583, 590, 317, -1,
      590, 591, 319, -1,
      319, 317, 590, -1,
      321, 591, 592, -1,
      591, 321, 319, -1,
      593, 322, 592, -1,
      321, 592, 322, -1,
      593, 594, 306, -1,
      306, 322, 593, -1,
      307, 594, 585, -1,
      594, 307, 306, -1,
      307, 585, 289, -1,
      583, 224, 223, -1,
      224, 584, 221, -1,
      584, 224, 583, -1,
      225, 221, 586, -1,
      584, 586, 221, -1,
      587, 227, 225, -1,
      225, 586, 587, -1,
      227, 589, 228, -1,
      589, 227, 587, -1,
      229, 228, 588, -1,
      589, 588, 228, -1,
      280, 230, 229, -1,
      229, 588, 280, -1,
      583, 223, 590, -1,
      226, 591, 590, -1,
      590, 223, 226, -1,
      591, 231, 592, -1,
      231, 591, 226, -1,
      593, 592, 246, -1,
      231, 246, 592, -1,
      234, 594, 593, -1,
      593, 246, 234, -1,
      594, 233, 585, -1,
      233, 594, 234, -1,
      233, 244, 585, -1,
      585, 244, 273, -1,
    ]
  }
}

Shape {
  appearance Appearance {
    material Material {
      diffuseColor 0.2588 0.2588 0.2588
      specularColor 0.7529 0.7529 0.7529
      ambientIntensity 0.2
      transparency 1.0000
      shininess 0.5
    }
  }
  geometry IndexedFaceSet {
    ccw TRUE
    solid FALSE
    coord DEF co Coordinate {
      point [
        2.106299 1.062992 0.118110,
        2.106299 -1.062992 0.118110,
        2.106299 -1.062992 0.000000,
        2.106299 1.850394 0.118110,
        2.106299 1.850394 0.275591,
        2.106299 1.062992 0.000000,
        2.106299 -1.850394 0.118110,
        2.106299 -1.850394 0.275591,
        -2.106299 1.062992 0.118110,
        -2.106299 1.062992 0.000000,
        -2.106299 -1.062992 0.000000,
        -2.106299 -1.062992 0.118110,
        -2.106299 -1.850394 0.275591,
        -2.106299 1.850394 0.275591,
        -2.106299 1.850394 0.118110,
        -2.106299 -1.850394 0.118110,
      ]
    }
    coordIndex [
      0, 1, 2, -1,
      0, 3, 4, -1,
      0, 2, 5, -1,
      1, 0, 4, -1,
      6, 1, 7, -1,
      7, 1, 4, -1,
      8, 9, 10, -1,
      11, 12, 13, -1,
      8, 13, 14, -1,
      12, 11, 15, -1,
      11, 13, 8, -1,
      10, 11, 8, -1,
    ]
  }
}

Shape {
  appearance Appearance {
    material Material {
      diffuseColor 0.6627 0.6627 0.6627
      specularColor 0.7529 0.7529 0.7529
      ambientIntensity 0.2
      transparency 1.0000
      shininess 0.5
    }
  }
  geometry IndexedFaceSet {
    ccw TRUE
    solid FALSE
    coord DEF co Coordinate {
      point [
        -0.080390 1.178354 3.543307,
        0.094035 1.374732 3.346457,
        -0.094035 1.374732 3.346457,
        -0.280353 1.349134 3.346457,
        -0.240103 1.156429 3.543307,
        -0.461449 1.298402 3.346457,
        -0.395346 1.112965 3.543307,
        -0.543224 1.048760 3.543307,
        -0.633945 1.223469 3.346457,
        -0.794642 1.125744 3.346457,
        -0.680988 0.965012 3.543307,
        -0.940531 1.007059 3.346457,
        -0.806059 0.863283 3.543307,
        -0.916118 0.745469 3.543307,
        -1.068898 0.869610 3.346457,
        -1.177346 0.715961 3.346457,
        -1.009106 0.613764 3.543307,
        -1.263870 0.548976 3.346457,
        -1.083291 0.470618 3.543307,
        -1.137291 0.318705 3.543307,
        -1.326854 0.371767 3.346457,
        -1.365122 0.187632 3.346457,
        -1.170098 0.160851 3.543307,
        -1.377953 -0.000000 3.346457,
        -1.181102 -0.000000 3.543307,
        0.080817 1.178323 3.543307,
        0.280353 1.349134 3.346457,
        0.461449 1.298402 3.346457,
        0.240515 1.156343 3.543307,
        0.395728 1.112819 3.543307,
        0.633945 1.223469 3.346457,
        0.543567 1.048571 3.543307,
        0.794642 1.125744 3.346457,
        0.940531 1.007059 3.346457,
        0.681276 0.964795 3.543307,
        0.806295 0.863051 3.543307,
        1.068898 0.869610 3.346457,
        0.916291 0.745236 3.543307,
        1.177346 0.715961 3.346457,
        1.263870 0.548976 3.346457,
        1.009224 0.613547 3.543307,
        1.083358 0.470437 3.543307,
        1.326854 0.371767 3.346457,
        1.137319 0.318572 3.543307,
        1.365122 0.187632 3.346457,
        1.377953 -0.000000 3.346457,
        1.170098 0.160851 3.543307,
        1.181102 -0.000000 3.543307,
        0.086546 1.375224 1.771654,
        -0.086478 1.375224 1.771654,
        -0.258087 1.353555 1.771654,
        -0.425646 1.310559 1.771654,
        -0.586512 1.246890 1.771654,
        -0.738150 1.163551 1.771654,
        -0.878165 1.061862 1.771654,
        -1.004335 0.943425 1.771654,
        -1.114665 0.810094 1.771654,
        -1.207421 0.663976 1.771654,
        -1.281130 0.507378 1.771654,
        -1.334638 0.342770 1.771654,
        -1.367083 0.172750 1.771654,
        -1.377953 -0.000000 1.771654,
        0.258270 1.353531 1.771654,
        0.425917 1.310484 1.771654,
        0.586839 1.246748 1.771654,
        0.738496 1.163343 1.771654,
        0.878500 1.061591 1.771654,
        1.004634 0.943106 1.771654,
        1.114909 0.809752 1.771654,
        1.207594 0.663638 1.771654,
        1.281240 0.507079 1.771654,
        1.334685 0.342540 1.771654,
        1.367083 0.172750 1.771654,
        1.377953 -0.000000 1.771654,
        0.743508 1.171579 1.710823,
        0.590803 1.255535 1.710823,
        -1.387587 0.000000 1.710823,
        -1.376650 0.173911 1.710823,
        -1.415547 0.000000 1.655949,
        0.930071 1.124252 1.612398,
        0.781823 1.231957 1.612398,
        0.902311 1.090697 1.655949,
        0.621252 1.320240 1.612398,
        0.758488 1.195185 1.655949,
        1.031898 0.969012 1.655949,
        1.063642 0.998823 1.612398,
        0.428787 1.319681 1.710823,
        1.145205 0.832039 1.655949,
        1.180437 0.857638 1.612398,
        1.011516 0.949870 1.710823,
        0.884488 1.069154 1.710823,
        1.278610 0.702925 1.612398,
        1.240449 0.681945 1.655949,
        1.215949 0.668472 1.710823,
        1.122583 0.815602 1.710823,
        1.316138 0.521094 1.655949,
        1.356630 0.537130 1.612398,
        1.413256 0.362863 1.612398,
        1.371075 0.352032 1.655949,
        1.343992 0.345079 1.710823,
        1.290142 0.510803 1.710823,
        1.404386 0.177416 1.655949,
        1.447594 0.182874 1.612398,
        1.387587 0.000000 1.710823,
        1.376650 0.173911 1.710823,
        1.415547 0.000000 1.655949,
        1.459094 0.000000 1.612398,
        1.502035 0.189752 1.584437,
        1.567370 0.152838 1.574803,
        1.513972 0.000000 1.584437,
        1.574803 -0.000001 1.574803,
        0.087128 1.384843 1.710823,
        0.467843 1.439882 1.584437,
        0.644618 1.369894 1.584437,
        -0.087128 1.384843 1.710823,
        0.283690 1.487157 1.584437,
        0.450886 1.387693 1.612398,
        -0.260008 1.363008 1.710823,
        0.273407 1.433252 1.612398,
        0.095063 1.510976 1.584437,
        -0.095063 1.510976 1.584437,
        0.091618 1.456209 1.612398,
        -0.884488 1.069154 1.710823,
        -0.283690 1.487157 1.584437,
        -0.091618 1.456209 1.612398,
        -0.428787 1.319681 1.710823,
        -0.467843 1.439882 1.584437,
        -0.273407 1.433252 1.612398,
        -0.590803 1.255535 1.710823,
        -0.644618 1.369894 1.584437,
        -0.450886 1.387693 1.612398,
        -1.215949 0.668472 1.710823,
        -0.621252 1.320240 1.612398,
        -0.811228 1.278291 1.584437,
        -0.743508 1.171579 1.710823,
        -0.965047 1.166535 1.584437,
        -0.781823 1.231957 1.612398,
        -1.011516 0.949870 1.710823,
        -1.103646 1.036386 1.584437,
        -0.930071 1.124252 1.612398,
        -0.902311 1.090697 1.655949,
        -1.063642 0.998823 1.612398,
        -1.343992 0.345079 1.710823,
        -1.180437 0.857638 1.612398,
        -1.031898 0.969012 1.655949,
        -1.122583 0.815602 1.710823,
        -1.278610 0.702925 1.612398,
        -1.145205 0.832039 1.655949,
        -1.290142 0.510803 1.710823,
        -1.404386 0.177416 1.655949,
        -1.466409 0.376509 1.584437,
        -1.407650 0.557331 1.584437,
        -1.508315 0.452756 1.574803,
        -1.371075 0.352032 1.655949,
        -1.356630 0.537130 1.612398,
        -1.413256 0.362863 1.612398,
        -1.316138 0.521094 1.655949,
        -1.545138 0.304233 1.574803,
        -1.502035 0.189752 1.584437,
        -1.513972 0.000000 1.584437,
        -1.567370 0.152838 1.574803,
        -1.574803 -0.000001 1.574803,
        -1.240449 0.681945 1.655949,
        1.545138 0.304233 1.574803,
        1.466409 0.376509 1.584437,
        1.508315 0.452756 1.574803,
        1.407650 0.557331 1.584437,
        1.442118 0.632701 1.574803,
        1.326701 0.729362 1.584437,
        1.354543 0.803268 1.574803,
        1.224831 0.889890 1.584437,
        1.246878 0.961921 1.574803,
        1.103646 1.036386 1.584437,
        1.120728 1.106307 1.574803,
        0.965047 1.166535 1.584437,
        0.977972 1.234303 1.574803,
        0.811228 1.278291 1.584437,
        0.820728 1.344012 1.574803,
        0.602709 1.280835 1.655949,
        0.260008 1.363008 1.710823,
        0.651327 1.433807 1.574803,
        0.437429 1.346276 1.655949,
        0.265247 1.390472 1.655949,
        0.472272 1.502343 1.574803,
        0.088883 1.412748 1.655949,
        0.286203 1.548598 1.574803,
        0.095878 1.571886 1.574803,
        -0.088883 1.412748 1.655949,
        -0.095878 1.571886 1.574803,
        -0.265247 1.390472 1.655949,
        -0.286203 1.548598 1.574803,
        -0.437429 1.346276 1.655949,
        -0.472272 1.502343 1.574803,
        -0.602709 1.280835 1.655949,
        -0.651327 1.433807 1.574803,
        -0.758488 1.195185 1.655949,
        -0.820728 1.344012 1.574803,
        -0.977972 1.234303 1.574803,
        -1.120728 1.106307 1.574803,
        -1.224831 0.889890 1.584437,
        -1.246878 0.961921 1.574803,
        -1.326701 0.729362 1.584437,
        -1.354543 0.803268 1.574803,
        -1.442118 0.632701 1.574803,
        -1.447594 0.182874 1.612398,
        -1.459094 0.000000 1.612398,
        -2.106299 0.452756 1.574803,
        -1.567370 -0.152839 1.574803,
        -2.106299 -0.452756 1.574803,
        -1.545138 -0.304233 1.574803,
        -1.508315 -0.452756 1.574803,
        2.106299 0.452756 1.574803,
        1.567370 -0.152839 1.574803,
        2.106299 -0.452756 1.574803,
        1.545138 -0.304233 1.574803,
        1.508315 -0.452756 1.574803,
        -2.106299 0.452756 1.377953,
        -2.106299 1.850394 0.905512,
        -2.106299 -1.850394 0.905512,
        -2.106299 -0.452756 1.377953,
        -2.106299 -1.850394 1.377953,
        -2.106299 1.850394 1.377953,
        -2.293280 2.056110 0.905512,
        -2.303150 1.968504 0.905512,
        2.293280 2.056110 0.905512,
        2.106299 1.850394 0.905512,
        2.264161 2.139323 0.905512,
        2.154917 2.276311 0.905512,
        2.217256 2.213972 0.905512,
        1.997055 2.352335 0.905512,
        2.080268 2.323217 0.905512,
        2.303150 1.968504 0.905512,
        1.909449 2.362205 0.905512,
        -1.909449 2.362205 0.905512,
        -2.264161 2.139323 0.905512,
        -2.154917 2.276311 0.905512,
        -2.217256 2.213972 0.905512,
        -2.080268 2.323217 0.905512,
        -2.303150 1.850394 0.905512,
        -1.997055 2.352335 0.905512,
        -2.303150 -1.850394 0.905512,
        -2.303150 -1.968504 0.905512,
        2.106299 -1.850394 0.905512,
        -2.293280 -2.056110 0.905512,
        -2.264161 -2.139323 0.905512,
        -2.217256 -2.213972 0.905512,
        -2.154917 -2.276311 0.905512,
        -2.080268 -2.323217 0.905512,
        -1.997055 -2.352335 0.905512,
        -1.909449 -2.362205 0.905512,
        1.909449 -2.362205 0.905512,
        2.303150 -1.968504 0.905512,
        2.293280 -2.056110 0.905512,
        2.303150 -1.850394 0.905512,
        2.264161 -2.139323 0.905512,
        2.217256 -2.213972 0.905512,
        2.080268 -2.323217 0.905512,
        2.154917 -2.276311 0.905512,
        1.997055 -2.352335 0.905512,
        2.303150 1.850394 0.905512,
        2.106299 0.452756 1.377953,
        2.106299 -0.452756 1.377953,
        2.106299 -1.850394 1.377953,
        2.106299 1.850394 1.377953,
        2.303150 1.968504 1.377953,
        2.303150 1.850394 1.377953,
        2.293280 2.056110 1.377953,
        -1.442118 0.632701 1.377953,
        -1.354543 0.803268 1.377953,
        2.264161 2.139323 1.377953,
        2.080268 2.323217 1.377953,
        1.997055 2.352335 1.377953,
        1.909449 2.362205 1.377953,
        2.217256 2.213972 1.377953,
        2.154917 2.276311 1.377953,
        -0.820728 1.344012 1.377953,
        -0.651327 1.433807 1.377953,
        -1.997055 2.352335 1.377953,
        -2.080268 2.323217 1.377953,
        -1.909449 2.362205 1.377953,
        -2.154917 2.276311 1.377953,
        -2.217256 2.213972 1.377953,
        -2.264161 2.139323 1.377953,
        -2.293280 2.056110 1.377953,
        -2.303150 1.968504 1.377953,
        -2.303150 1.850394 1.377953,
        -0.977972 1.234303 1.377953,
        1.246878 0.961921 1.377953,
        -1.508315 0.452756 1.377953,
        0.977972 1.234303 1.377953,
        1.120728 1.106307 1.377953,
        0.286203 1.548598 1.377953,
        0.472272 1.502343 1.377953,
        -1.246878 0.961921 1.377953,
        0.095878 1.571886 1.377953,
        -1.120728 1.106307 1.377953,
        -0.095878 1.571886 1.377953,
        -0.286203 1.548598 1.377953,
        -0.472272 1.502343 1.377953,
        0.651327 1.433807 1.377953,
        0.820728 1.344012 1.377953,
        1.354543 0.803268 1.377953,
        1.442118 0.632701 1.377953,
        1.508315 0.452756 1.377953,
        1.508315 -0.452756 1.377953,
        1.442118 -0.632701 1.377953,
        0.820728 -1.344012 1.377953,
        0.651327 -1.433807 1.377953,
        -2.154917 -2.276311 1.377953,
        -1.909449 -2.362205 1.377953,
        -2.217256 -2.213972 1.377953,
        1.354543 -0.803268 1.377953,
        1.246878 -0.961921 1.377953,
        2.217256 -2.213972 1.377953,
        2.264161 -2.139323 1.377953,
        1.909449 -2.362205 1.377953,
        2.293280 -2.056110 1.377953,
        2.154917 -2.276311 1.377953,
        2.080268 -2.323217 1.377953,
        1.997055 -2.352335 1.377953,
        -0.286203 -1.548598 1.377953,
        -2.293280 -2.056110 1.377953,
        -2.264161 -2.139323 1.377953,
        -2.303150 -1.968504 1.377953,
        -2.080268 -2.323217 1.377953,
        -1.997055 -2.352335 1.377953,
        -0.472272 -1.502343 1.377953,
        -0.820728 -1.344012 1.377953,
        -0.977972 -1.234303 1.377953,
        -0.651327 -1.433807 1.377953,
        -1.120728 -1.106307 1.377953,
        -1.246878 -0.961921 1.377953,
        -1.354543 -0.803268 1.377953,
        -1.442118 -0.632701 1.377953,
        -1.508315 -0.452756 1.377953,
        -2.303150 -1.850394 1.377953,
        -0.095878 -1.571886 1.377953,
        0.095878 -1.571886 1.377953,
        0.286203 -1.548598 1.377953,
        2.303150 -1.968504 1.377953,
        0.472272 -1.502343 1.377953,
        0.977972 -1.234303 1.377953,
        1.120728 -1.106307 1.377953,
        2.303150 -1.850394 1.377953,
        -0.095867 -1.571874 1.574803,
        -0.286181 -1.548583 1.574803,
        -0.472252 -1.502335 1.574803,
        -0.651323 -1.433811 1.574803,
        -0.820736 -1.344024 1.574803,
        -0.977992 -1.234319 1.574803,
        -1.120748 -1.106323 1.574803,
        -1.246882 -0.961921 1.574803,
        -1.354535 -0.803264 1.574803,
        -1.442110 -0.632697 1.574803,
        0.095867 -1.571874 1.574803,
        0.286181 -1.548583 1.574803,
        0.472252 -1.502335 1.574803,
        0.651323 -1.433811 1.574803,
        0.820736 -1.344024 1.574803,
        0.977992 -1.234319 1.574803,
        1.120748 -1.106323 1.574803,
        1.246882 -0.961921 1.574803,
        1.354535 -0.803264 1.574803,
        1.442110 -0.632697 1.574803,
        -0.743508 -1.171579 1.710823,
        -0.590803 -1.255535 1.710823,
        -0.738496 -1.163343 1.771654,
        1.376650 -0.173911 1.710823,
        -0.930071 -1.124252 1.612398,
        -0.781823 -1.231957 1.612398,
        -0.902311 -1.090697 1.655949,
        -0.621252 -1.320240 1.612398,
        -0.758488 -1.195185 1.655949,
        -1.031898 -0.969012 1.655949,
        -1.063642 -0.998823 1.612398,
        -0.428787 -1.319681 1.710823,
        -0.425917 -1.310484 1.771654,
        -0.586835 -1.246748 1.771654,
        -1.145205 -0.832039 1.655949,
        -1.180437 -0.857638 1.612398,
        -1.011516 -0.949870 1.710823,
        -0.884488 -1.069154 1.710823,
        -1.004634 -0.943106 1.771654,
        -1.278610 -0.702925 1.612398,
        -1.240449 -0.681945 1.655949,
        -1.207594 -0.663638 1.771654,
        -1.215949 -0.668472 1.710823,
        -1.122583 -0.815602 1.710823,
        -1.316138 -0.521094 1.655949,
        -1.356630 -0.537130 1.612398,
        -1.114909 -0.809752 1.771654,
        -1.413256 -0.362863 1.612398,
        -1.371075 -0.352032 1.655949,
        -1.334685 -0.342540 1.771654,
        -1.343992 -0.345079 1.710823,
        -1.290142 -0.510803 1.710823,
        -1.404386 -0.177416 1.655949,
        -1.447594 -0.182874 1.612398,
        -1.376650 -0.173911 1.710823,
        -1.367083 -0.172750 1.771654,
        -1.281240 -0.507079 1.771654,
        -1.502035 -0.189752 1.584437,
        -0.258270 -1.353531 1.771654,
        -0.087128 -1.384843 1.710823,
        -0.086546 -1.375224 1.771654,
        -0.467843 -1.439882 1.584437,
        -0.644618 -1.369894 1.584437,
        0.087128 -1.384843 1.710823,
        0.086478 -1.375224 1.771654,
        -0.283690 -1.487157 1.584437,
        -0.450886 -1.387693 1.612398,
        0.260008 -1.363008 1.710823,
        0.258087 -1.353555 1.771654,
        -0.273407 -1.433252 1.612398,
        -0.095063 -1.510976 1.584437,
        0.095063 -1.510976 1.584437,
        -0.091618 -1.456209 1.612398,
        0.884488 -1.069154 1.710823,
        0.878165 -1.061862 1.771654,
        0.738150 -1.163551 1.771654,
        0.283690 -1.487157 1.584437,
        0.091618 -1.456209 1.612398,
        0.428787 -1.319681 1.710823,
        0.467843 -1.439882 1.584437,
        0.273407 -1.433252 1.612398,
        0.590803 -1.255535 1.710823,
        0.425646 -1.310559 1.771654,
        0.644618 -1.369894 1.584437,
        0.450886 -1.387693 1.612398,
        1.215949 -0.668472 1.710823,
        1.207421 -0.663976 1.771654,
        1.114665 -0.810094 1.771654,
        0.621252 -1.320240 1.612398,
        0.811228 -1.278291 1.584437,
        0.743508 -1.171579 1.710823,
        0.965047 -1.166535 1.584437,
        0.781823 -1.231957 1.612398,
        1.011516 -0.949870 1.710823,
        1.103646 -1.036386 1.584437,
        0.930071 -1.124252 1.612398,
        0.902311 -1.090697 1.655949,
        1.063642 -0.998823 1.612398,
        1.343992 -0.345079 1.710823,
        1.334638 -0.342770 1.771654,
        1.281130 -0.507378 1.771654,
        1.180437 -0.857638 1.612398,
        1.031898 -0.969012 1.655949,
        1.122583 -0.815602 1.710823,
        1.278610 -0.702925 1.612398,
        1.145205 -0.832039 1.655949,
        1.290142 -0.510803 1.710823,
        1.367083 -0.172750 1.771654,
        1.404386 -0.177416 1.655949,
        1.466409 -0.376509 1.584437,
        1.407650 -0.557331 1.584437,
        1.371075 -0.352032 1.655949,
        1.356630 -0.537130 1.612398,
        1.413256 -0.362863 1.612398,
        1.316138 -0.521094 1.655949,
        1.502035 -0.189752 1.584437,
        1.240449 -0.681945 1.655949,
        -1.466409 -0.376509 1.584437,
        -1.407650 -0.557331 1.584437,
        -1.326701 -0.729362 1.584437,
        -1.224831 -0.889890 1.584437,
        -0.878500 -1.061591 1.771654,
        -1.103646 -1.036386 1.584437,
        -0.965047 -1.166535 1.584437,
        -0.811228 -1.278291 1.584437,
        -0.602709 -1.280835 1.655949,
        -0.260008 -1.363008 1.710823,
        -0.437429 -1.346276 1.655949,
        -0.265247 -1.390472 1.655949,
        -0.088883 -1.412748 1.655949,
        0.088883 -1.412748 1.655949,
        0.265247 -1.390472 1.655949,
        0.437429 -1.346276 1.655949,
        0.586512 -1.246890 1.771654,
        0.602709 -1.280835 1.655949,
        0.758488 -1.195185 1.655949,
        1.004335 -0.943425 1.771654,
        1.224831 -0.889890 1.584437,
        1.326701 -0.729362 1.584437,
        1.447594 -0.182874 1.612398,
        -0.094035 -1.374732 3.346457,
        0.094035 -1.374732 3.346457,
        0.280353 -1.349134 3.346457,
        0.461449 -1.298402 3.346457,
        0.633945 -1.223469 3.346457,
        0.794642 -1.125744 3.346457,
        0.940531 -1.007059 3.346457,
        1.068898 -0.869610 3.346457,
        1.177346 -0.715961 3.346457,
        1.263870 -0.548976 3.346457,
        1.326854 -0.371767 3.346457,
        1.365122 -0.187632 3.346457,
        -0.280353 -1.349134 3.346457,
        -0.461449 -1.298402 3.346457,
        -0.633945 -1.223469 3.346457,
        -0.794642 -1.125744 3.346457,
        -0.940531 -1.007059 3.346457,
        -1.068898 -0.869610 3.346457,
        -1.177346 -0.715961 3.346457,
        -1.263870 -0.548976 3.346457,
        -1.326854 -0.371767 3.346457,
        -1.365122 -0.187632 3.346457,
        0.080390 -1.178354 3.543307,
        0.240103 -1.156429 3.543307,
        0.395346 -1.112965 3.543307,
        0.543224 -1.048760 3.543307,
        0.680988 -0.965012 3.543307,
        0.806059 -0.863283 3.543307,
        0.916118 -0.745469 3.543307,
        1.009106 -0.613764 3.543307,
        1.083291 -0.470618 3.543307,
        1.137291 -0.318705 3.543307,
        1.170098 -0.160851 3.543307,
        -0.080817 -1.178323 3.543307,
        -0.240515 -1.156343 3.543307,
        -0.395728 -1.112819 3.543307,
        -0.543567 -1.048571 3.543307,
        -0.681276 -0.964795 3.543307,
        -0.806295 -0.863051 3.543307,
        -0.916291 -0.745236 3.543307,
        -1.009224 -0.613547 3.543307,
        -1.083358 -0.470437 3.543307,
        -1.137319 -0.318572 3.543307,
        -1.170098 -0.160851 3.543307,
        -0.619252 0.383424 3.543307,
        0.324651 0.651992 3.543307,
        0.199321 0.700547 3.543307,
        0.067204 0.725236 3.543307,
        0.438929 0.581232 3.543307,
        -0.067204 0.725236 3.543307,
        0.538256 0.490685 3.543307,
        0.619252 0.383424 3.543307,
        -0.199321 0.700547 3.543307,
        -0.324651 0.651992 3.543307,
        -0.438929 0.581232 3.543307,
        0.715945 -0.133833 3.543307,
        0.715945 0.133833 3.543307,
        -0.679161 0.263108 3.543307,
        -0.728346 0.000000 3.543307,
        0.619252 -0.383424 3.543307,
        -0.619252 -0.383424 3.543307,
        -0.679161 -0.263108 3.543307,
        0.324651 -0.651992 3.543307,
        -0.324651 -0.651992 3.543307,
        -0.067204 -0.725236 3.543307,
        0.067204 -0.725236 3.543307,
        -0.199321 -0.700547 3.543307,
        -0.538256 -0.490685 3.543307,
        -0.438929 -0.581232 3.543307,
        0.199321 -0.700547 3.543307,
        -0.715945 -0.133833 3.543307,
        0.438929 -0.581232 3.543307,
        -0.715945 0.133833 3.543307,
        0.728346 0.000000 3.543307,
        -0.538256 0.490685 3.543307,
        0.679161 0.263108 3.543307,
        0.538256 -0.490685 3.543307,
        0.679161 -0.263108 3.543307,
        0.715945 0.133833 2.834646,
        0.728346 -0.000000 2.834646,
        0.538256 0.490685 2.834646,
        0.619252 0.383425 2.834646,
        0.679161 0.263109 2.834646,
        0.199322 0.700543 2.834646,
        0.324652 0.651988 2.834646,
        0.438925 0.581232 2.834646,
        -0.067203 0.725240 2.834646,
        -0.199322 0.700543 2.834646,
        0.067203 0.725240 2.834646,
        -0.538256 0.490685 2.834646,
        -0.438925 0.581232 2.834646,
        -0.324652 0.651988 2.834646,
        -0.619252 0.383425 2.834646,
        -0.679161 0.263109 2.834646,
        -0.715945 0.133833 2.834646,
        -0.728346 -0.000000 2.834646,
        -0.715945 -0.133833 2.834646,
        -0.538256 -0.490685 2.834646,
        -0.619252 -0.383425 2.834646,
        -0.679161 -0.263109 2.834646,
        -0.199322 -0.700543 2.834646,
        -0.324652 -0.651988 2.834646,
        -0.438925 -0.581232 2.834646,
        0.067203 -0.725240 2.834646,
        0.199322 -0.700543 2.834646,
        -0.067203 -0.725240 2.834646,
        0.538256 -0.490685 2.834646,
        0.438925 -0.581232 2.834646,
        0.324652 -0.651988 2.834646,
        0.619252 -0.383425 2.834646,
        0.679161 -0.263109 2.834646,
        0.715945 -0.133833 2.834646,
      ]
    }
    coordIndex [
      0, 1, 2, -1,
      3, 4, 2, -1,
      0, 2, 4, -1,
      3, 5, 6, -1,
      6, 4, 3, -1,
      7, 5, 8, -1,
      5, 7, 6, -1,
      9, 10, 8, -1,
      7, 8, 10, -1,
      9, 11, 12, -1,
      12, 10, 9, -1,
      13, 11, 14, -1,
      11, 13, 12, -1,
      15, 16, 14, -1,
      13, 14, 16, -1,
      15, 17, 18, -1,
      18, 16, 15, -1,
      19, 17, 20, -1,
      17, 19, 18, -1,
      21, 22, 20, -1,
      19, 20, 22, -1,
      21, 23, 24, -1,
      24, 22, 21, -1,
      1, 25, 26, -1,
      25, 1, 0, -1,
      27, 26, 28, -1,
      25, 28, 26, -1,
      29, 30, 27, -1,
      27, 28, 29, -1,
      30, 31, 32, -1,
      31, 30, 29, -1,
      33, 32, 34, -1,
      31, 34, 32, -1,
      35, 36, 33, -1,
      33, 34, 35, -1,
      36, 37, 38, -1,
      37, 36, 35, -1,
      39, 38, 40, -1,
      37, 40, 38, -1,
      41, 42, 39, -1,
      39, 40, 41, -1,
      42, 43, 44, -1,
      43, 42, 41, -1,
      45, 44, 46, -1,
      43, 46, 44, -1,
      45, 46, 47, -1,
      1, 48, 49, -1,
      50, 2, 49, -1,
      1, 49, 2, -1,
      50, 51, 3, -1,
      3, 2, 50, -1,
      5, 3, 51, -1,
      51, 52, 5, -1,
      53, 8, 52, -1,
      5, 52, 8, -1,
      53, 54, 9, -1,
      9, 8, 53, -1,
      11, 54, 55, -1,
      54, 11, 9, -1,
      56, 14, 55, -1,
      11, 55, 14, -1,
      56, 57, 15, -1,
      15, 14, 56, -1,
      17, 57, 58, -1,
      57, 17, 15, -1,
      59, 20, 58, -1,
      17, 58, 20, -1,
      59, 60, 21, -1,
      21, 20, 59, -1,
      60, 23, 21, -1,
      60, 61, 23, -1,
      1, 62, 48, -1,
      62, 26, 63, -1,
      26, 62, 1, -1,
      64, 63, 27, -1,
      26, 27, 63, -1,
      30, 65, 64, -1,
      64, 27, 30, -1,
      65, 32, 66, -1,
      32, 65, 30, -1,
      67, 66, 33, -1,
      32, 33, 66, -1,
      36, 68, 67, -1,
      67, 33, 36, -1,
      68, 38, 69, -1,
      38, 68, 36, -1,
      70, 69, 39, -1,
      38, 39, 69, -1,
      42, 71, 70, -1,
      70, 39, 42, -1,
      71, 44, 72, -1,
      44, 71, 42, -1,
      44, 45, 72, -1,
      72, 45, 73, -1,
      74, 75, 65, -1,
      76, 77, 78, -1,
      79, 80, 81, -1,
      82, 83, 80, -1,
      79, 84, 85, -1,
      86, 63, 64, -1,
      87, 88, 85, -1,
      89, 90, 67, -1,
      91, 88, 92, -1,
      75, 64, 65, -1,
      69, 93, 94, -1,
      95, 96, 91, -1,
      67, 68, 89, -1,
      97, 96, 98, -1,
      71, 99, 100, -1,
      97, 101, 102, -1,
      73, 103, 104, -1,
      72, 73, 104, -1,
      71, 100, 70, -1,
      71, 72, 99, -1,
      105, 106, 102, -1,
      105, 101, 103, -1,
      106, 107, 102, -1,
      108, 109, 110, -1,
      107, 106, 109, -1,
      62, 111, 48, -1,
      112, 82, 113, -1,
      114, 49, 48, -1,
      112, 115, 116, -1,
      49, 117, 50, -1,
      118, 115, 119, -1,
      114, 48, 111, -1,
      120, 121, 119, -1,
      122, 54, 53, -1,
      120, 123, 124, -1,
      117, 125, 50, -1,
      123, 126, 127, -1,
      128, 51, 125, -1,
      129, 130, 126, -1,
      131, 57, 56, -1,
      132, 129, 133, -1,
      134, 122, 53, -1,
      133, 135, 136, -1,
      137, 54, 122, -1,
      138, 139, 135, -1,
      140, 139, 141, -1,
      142, 59, 58, -1,
      141, 143, 144, -1,
      145, 131, 56, -1,
      146, 147, 143, -1,
      57, 131, 148, -1,
      61, 60, 76, -1,
      142, 149, 77, -1,
      76, 60, 77, -1,
      150, 151, 152, -1,
      153, 142, 148, -1,
      154, 155, 156, -1,
      157, 158, 150, -1,
      159, 160, 161, -1,
      146, 154, 162, -1,
      93, 69, 70, -1,
      104, 103, 101, -1,
      163, 164, 107, -1,
      101, 105, 102, -1,
      98, 104, 101, -1,
      107, 109, 108, -1,
      102, 164, 97, -1,
      163, 107, 108, -1,
      104, 98, 99, -1,
      99, 72, 104, -1,
      165, 166, 164, -1,
      98, 101, 97, -1,
      95, 99, 98, -1,
      102, 107, 164, -1,
      97, 166, 96, -1,
      163, 165, 164, -1,
      95, 100, 99, -1,
      69, 94, 68, -1,
      167, 168, 166, -1,
      95, 98, 96, -1,
      92, 100, 95, -1,
      97, 164, 166, -1,
      96, 168, 91, -1,
      165, 167, 166, -1,
      100, 92, 93, -1,
      93, 70, 100, -1,
      169, 170, 168, -1,
      92, 95, 91, -1,
      87, 93, 92, -1,
      96, 166, 168, -1,
      91, 170, 88, -1,
      167, 169, 168, -1,
      87, 94, 93, -1,
      66, 67, 90, -1,
      171, 172, 170, -1,
      87, 92, 88, -1,
      84, 94, 87, -1,
      91, 168, 170, -1,
      88, 172, 85, -1,
      169, 171, 170, -1,
      94, 84, 89, -1,
      89, 68, 94, -1,
      173, 174, 172, -1,
      84, 87, 85, -1,
      81, 89, 84, -1,
      88, 170, 172, -1,
      85, 174, 79, -1,
      171, 173, 172, -1,
      90, 89, 81, -1,
      65, 66, 74, -1,
      175, 176, 174, -1,
      81, 84, 79, -1,
      83, 90, 81, -1,
      85, 172, 174, -1,
      79, 176, 80, -1,
      173, 175, 174, -1,
      90, 83, 74, -1,
      74, 66, 90, -1,
      177, 113, 176, -1,
      83, 81, 80, -1,
      178, 74, 83, -1,
      79, 174, 176, -1,
      80, 113, 82, -1,
      175, 177, 176, -1,
      178, 75, 74, -1,
      63, 179, 62, -1,
      180, 112, 113, -1,
      178, 83, 82, -1,
      181, 75, 178, -1,
      80, 176, 113, -1,
      82, 112, 116, -1,
      177, 180, 113, -1,
      75, 181, 86, -1,
      86, 64, 75, -1,
      82, 116, 178, -1,
      181, 178, 116, -1,
      86, 181, 182, -1,
      115, 112, 183, -1,
      116, 115, 118, -1,
      180, 183, 112, -1,
      86, 182, 179, -1,
      179, 63, 86, -1,
      116, 118, 181, -1,
      182, 181, 118, -1,
      184, 179, 182, -1,
      115, 185, 186, -1,
      118, 119, 121, -1,
      183, 185, 115, -1,
      179, 184, 111, -1,
      111, 62, 179, -1,
      118, 121, 182, -1,
      184, 182, 121, -1,
      187, 111, 184, -1,
      119, 186, 188, -1,
      124, 121, 120, -1,
      186, 119, 115, -1,
      114, 111, 187, -1,
      50, 125, 51, -1,
      121, 124, 184, -1,
      187, 184, 124, -1,
      189, 114, 187, -1,
      120, 119, 188, -1,
      124, 123, 127, -1,
      190, 120, 188, -1,
      114, 189, 117, -1,
      117, 49, 114, -1,
      124, 127, 187, -1,
      189, 187, 127, -1,
      191, 117, 189, -1,
      123, 120, 190, -1,
      127, 126, 130, -1,
      192, 123, 190, -1,
      125, 117, 191, -1,
      52, 51, 128, -1,
      127, 130, 189, -1,
      191, 189, 130, -1,
      193, 125, 191, -1,
      126, 123, 192, -1,
      130, 129, 132, -1,
      194, 126, 192, -1,
      128, 125, 193, -1,
      53, 52, 134, -1,
      130, 132, 191, -1,
      193, 191, 132, -1,
      195, 128, 193, -1,
      129, 126, 194, -1,
      132, 133, 136, -1,
      196, 129, 194, -1,
      128, 195, 134, -1,
      134, 52, 128, -1,
      132, 136, 193, -1,
      195, 193, 136, -1,
      140, 134, 195, -1,
      133, 129, 196, -1,
      136, 135, 139, -1,
      197, 133, 196, -1,
      122, 134, 140, -1,
      55, 54, 137, -1,
      136, 139, 195, -1,
      140, 195, 139, -1,
      144, 122, 140, -1,
      135, 133, 197, -1,
      139, 138, 141, -1,
      198, 135, 197, -1,
      137, 122, 144, -1,
      56, 55, 145, -1,
      141, 138, 199, -1,
      144, 140, 141, -1,
      147, 137, 144, -1,
      138, 135, 198, -1,
      141, 199, 143, -1,
      200, 138, 198, -1,
      137, 147, 145, -1,
      145, 55, 137, -1,
      143, 199, 201, -1,
      147, 144, 143, -1,
      162, 145, 147, -1,
      199, 138, 200, -1,
      143, 201, 146, -1,
      202, 199, 200, -1,
      131, 145, 162, -1,
      58, 57, 148, -1,
      146, 201, 151, -1,
      162, 147, 146, -1,
      156, 131, 162, -1,
      201, 199, 202, -1,
      146, 151, 154, -1,
      203, 201, 202, -1,
      148, 131, 156, -1,
      204, 153, 155, -1,
      157, 160, 158, -1,
      156, 162, 154, -1,
      153, 156, 155, -1,
      151, 201, 203, -1,
      154, 150, 155, -1,
      152, 151, 203, -1,
      58, 148, 142, -1,
      77, 60, 59, -1,
      150, 158, 155, -1,
      148, 156, 153, -1,
      149, 153, 204, -1,
      154, 151, 150, -1,
      204, 155, 158, -1,
      152, 157, 150, -1,
      59, 142, 77, -1,
      142, 153, 149, -1,
      78, 149, 205, -1,
      77, 149, 78, -1,
      205, 204, 159, -1,
      149, 204, 205, -1,
      159, 158, 160, -1,
      204, 158, 159, -1,
      157, 152, 206, -1,
      160, 157, 206, -1,
      207, 208, 209, -1,
      208, 210, 209, -1,
      161, 160, 206, -1,
      208, 207, 161, -1,
      208, 161, 206, -1,
      211, 165, 163, -1,
      163, 108, 211, -1,
      108, 110, 211, -1,
      212, 213, 110, -1,
      214, 215, 213, -1,
      214, 213, 212, -1,
      211, 110, 213, -1,
      216, 217, 218, -1,
      219, 208, 206, -1,
      218, 220, 219, -1,
      206, 216, 219, -1,
      216, 221, 217, -1,
      219, 216, 218, -1,
      222, 217, 223, -1,
      224, 225, 226, -1,
      227, 228, 225, -1,
      225, 228, 226, -1,
      229, 230, 225, -1,
      225, 230, 227, -1,
      224, 231, 225, -1,
      225, 232, 229, -1,
      217, 233, 225, -1,
      222, 234, 217, -1,
      235, 217, 236, -1,
      217, 234, 236, -1,
      217, 235, 237, -1,
      238, 223, 217, -1,
      237, 239, 217, -1,
      232, 225, 233, -1,
      240, 218, 241, -1,
      218, 217, 242, -1,
      217, 239, 233, -1,
      243, 218, 244, -1,
      245, 244, 218, -1,
      241, 218, 243, -1,
      246, 218, 247, -1,
      246, 245, 218, -1,
      247, 218, 248, -1,
      248, 218, 249, -1,
      249, 218, 250, -1,
      242, 251, 252, -1,
      253, 251, 242, -1,
      242, 254, 255, -1,
      252, 254, 242, -1,
      256, 242, 257, -1,
      242, 255, 257, -1,
      258, 242, 256, -1,
      242, 217, 225, -1,
      250, 218, 242, -1,
      242, 258, 250, -1,
      231, 259, 225, -1,
      260, 242, 225, -1,
      261, 211, 213, -1,
      242, 261, 262, -1,
      211, 261, 260, -1,
      260, 225, 263, -1,
      261, 242, 260, -1,
      264, 263, 265, -1,
      263, 264, 266, -1,
      267, 268, 216, -1,
      269, 263, 266, -1,
      270, 271, 272, -1,
      272, 273, 274, -1,
      269, 273, 272, -1,
      270, 272, 274, -1,
      272, 263, 269, -1,
      275, 276, 221, -1,
      277, 278, 279, -1,
      278, 280, 279, -1,
      279, 281, 282, -1,
      280, 281, 279, -1,
      283, 284, 221, -1,
      283, 221, 282, -1,
      285, 221, 284, -1,
      286, 275, 221, -1,
      279, 282, 221, -1,
      260, 263, 287, -1,
      216, 288, 267, -1,
      289, 290, 263, -1,
      263, 272, 291, -1,
      292, 263, 291, -1,
      221, 216, 293, -1,
      268, 293, 216, -1,
      272, 279, 294, -1,
      286, 221, 295, -1,
      221, 293, 295, -1,
      296, 279, 297, -1,
      221, 298, 297, -1,
      276, 298, 221, -1,
      221, 297, 279, -1,
      296, 294, 279, -1,
      294, 291, 272, -1,
      263, 299, 300, -1,
      292, 299, 263, -1,
      300, 289, 263, -1,
      290, 287, 263, -1,
      301, 302, 260, -1,
      301, 260, 287, -1,
      303, 260, 302, -1,
      261, 304, 305, -1,
      306, 307, 262, -1,
      308, 309, 310, -1,
      261, 311, 312, -1,
      305, 311, 261, -1,
      313, 314, 315, -1,
      314, 316, 262, -1,
      313, 315, 317, -1,
      262, 315, 314, -1,
      317, 315, 318, -1,
      315, 319, 318, -1,
      220, 309, 320, -1,
      220, 321, 322, -1,
      323, 321, 220, -1,
      309, 324, 325, -1,
      326, 220, 320, -1,
      220, 327, 328, -1,
      326, 329, 220, -1,
      330, 331, 220, -1,
      330, 220, 328, -1,
      219, 331, 332, -1,
      331, 219, 220, -1,
      332, 333, 219, -1,
      333, 334, 219, -1,
      323, 220, 335, -1,
      329, 327, 220, -1,
      308, 324, 309, -1,
      309, 220, 322, -1,
      309, 322, 310, -1,
      336, 309, 315, -1,
      336, 320, 309, -1,
      336, 315, 337, -1,
      315, 338, 337, -1,
      315, 262, 338, -1,
      339, 262, 316, -1,
      307, 340, 262, -1,
      341, 306, 262, -1,
      262, 261, 312, -1,
      262, 342, 341, -1,
      312, 342, 262, -1,
      338, 262, 340, -1,
      339, 343, 262, -1,
      211, 303, 165, -1,
      303, 211, 260, -1,
      294, 296, 186, -1,
      185, 291, 294, -1,
      294, 186, 185, -1,
      291, 183, 292, -1,
      183, 291, 185, -1,
      299, 292, 180, -1,
      183, 180, 292, -1,
      177, 300, 299, -1,
      299, 180, 177, -1,
      300, 175, 289, -1,
      175, 300, 177, -1,
      290, 289, 173, -1,
      175, 173, 289, -1,
      171, 287, 290, -1,
      290, 173, 171, -1,
      287, 169, 301, -1,
      169, 287, 171, -1,
      302, 301, 167, -1,
      169, 167, 301, -1,
      165, 303, 302, -1,
      302, 167, 165, -1,
      186, 296, 188, -1,
      190, 188, 297, -1,
      296, 297, 188, -1,
      298, 192, 190, -1,
      190, 297, 298, -1,
      192, 276, 194, -1,
      276, 192, 298, -1,
      196, 194, 275, -1,
      276, 275, 194, -1,
      286, 197, 196, -1,
      196, 275, 286, -1,
      197, 295, 198, -1,
      295, 197, 286, -1,
      200, 198, 293, -1,
      295, 293, 198, -1,
      268, 202, 200, -1,
      200, 293, 268, -1,
      202, 267, 203, -1,
      267, 202, 268, -1,
      267, 288, 203, -1,
      203, 288, 152, -1,
      152, 288, 216, -1,
      152, 216, 206, -1,
      284, 223, 238, -1,
      284, 238, 285, -1,
      335, 241, 323, -1,
      241, 335, 240, -1,
      236, 281, 280, -1,
      281, 234, 282, -1,
      234, 281, 236, -1,
      283, 282, 222, -1,
      234, 222, 282, -1,
      223, 284, 283, -1,
      283, 222, 223, -1,
      236, 280, 235, -1,
      278, 237, 235, -1,
      235, 280, 278, -1,
      237, 277, 239, -1,
      277, 237, 278, -1,
      277, 279, 239, -1,
      239, 279, 233, -1,
      272, 232, 233, -1,
      272, 233, 279, -1,
      227, 274, 273, -1,
      274, 230, 270, -1,
      230, 274, 227, -1,
      271, 270, 229, -1,
      230, 229, 270, -1,
      232, 272, 271, -1,
      271, 229, 232, -1,
      227, 273, 228, -1,
      269, 226, 228, -1,
      228, 273, 269, -1,
      226, 266, 224, -1,
      266, 226, 269, -1,
      266, 264, 224, -1,
      224, 264, 231, -1,
      265, 231, 264, -1,
      231, 265, 259, -1,
      339, 251, 253, -1,
      339, 253, 343, -1,
      255, 313, 317, -1,
      313, 254, 314, -1,
      254, 313, 255, -1,
      316, 314, 252, -1,
      254, 252, 314, -1,
      251, 339, 316, -1,
      316, 252, 251, -1,
      255, 317, 257, -1,
      318, 256, 257, -1,
      257, 317, 318, -1,
      256, 319, 258, -1,
      319, 256, 318, -1,
      319, 315, 258, -1,
      258, 315, 250, -1,
      309, 250, 315, -1,
      250, 309, 249, -1,
      246, 308, 310, -1,
      308, 247, 324, -1,
      247, 308, 246, -1,
      325, 324, 248, -1,
      247, 248, 324, -1,
      249, 309, 325, -1,
      325, 248, 249, -1,
      246, 310, 245, -1,
      322, 244, 245, -1,
      245, 310, 322, -1,
      244, 321, 243, -1,
      321, 244, 322, -1,
      321, 323, 243, -1,
      243, 323, 241, -1,
      208, 334, 210, -1,
      334, 208, 219, -1,
      336, 337, 344, -1,
      345, 320, 336, -1,
      336, 344, 345, -1,
      320, 346, 326, -1,
      346, 320, 345, -1,
      329, 326, 347, -1,
      346, 347, 326, -1,
      348, 327, 329, -1,
      329, 347, 348, -1,
      327, 349, 328, -1,
      349, 327, 348, -1,
      330, 328, 350, -1,
      349, 350, 328, -1,
      351, 331, 330, -1,
      330, 350, 351, -1,
      331, 352, 332, -1,
      352, 331, 351, -1,
      333, 332, 353, -1,
      352, 353, 332, -1,
      210, 334, 333, -1,
      333, 353, 210, -1,
      344, 337, 354, -1,
      355, 354, 338, -1,
      337, 338, 354, -1,
      340, 356, 355, -1,
      355, 338, 340, -1,
      356, 307, 357, -1,
      307, 356, 340, -1,
      358, 357, 306, -1,
      307, 306, 357, -1,
      341, 359, 358, -1,
      358, 306, 341, -1,
      359, 342, 360, -1,
      342, 359, 341, -1,
      361, 360, 312, -1,
      342, 312, 360, -1,
      311, 362, 361, -1,
      361, 312, 311, -1,
      362, 305, 363, -1,
      305, 362, 311, -1,
      305, 304, 363, -1,
      363, 304, 215, -1,
      364, 365, 366, -1,
      103, 367, 105, -1,
      368, 369, 370, -1,
      371, 372, 369, -1,
      368, 373, 374, -1,
      375, 376, 377, -1,
      378, 379, 374, -1,
      380, 381, 382, -1,
      383, 379, 384, -1,
      365, 377, 366, -1,
      385, 386, 387, -1,
      388, 389, 383, -1,
      382, 390, 380, -1,
      391, 389, 392, -1,
      393, 394, 395, -1,
      391, 396, 397, -1,
      61, 76, 398, -1,
      399, 61, 398, -1,
      393, 395, 400, -1,
      393, 399, 394, -1,
      78, 205, 397, -1,
      78, 396, 76, -1,
      205, 401, 397, -1,
      207, 159, 161, -1,
      401, 205, 159, -1,
      402, 403, 404, -1,
      405, 371, 406, -1,
      407, 408, 404, -1,
      405, 409, 410, -1,
      408, 411, 412, -1,
      413, 409, 414, -1,
      407, 404, 403, -1,
      415, 416, 414, -1,
      417, 418, 419, -1,
      415, 420, 421, -1,
      411, 422, 412, -1,
      420, 423, 424, -1,
      425, 426, 422, -1,
      427, 428, 423, -1,
      429, 430, 431, -1,
      432, 427, 433, -1,
      434, 417, 419, -1,
      433, 435, 436, -1,
      437, 418, 417, -1,
      438, 439, 435, -1,
      440, 439, 441, -1,
      442, 443, 444, -1,
      441, 445, 446, -1,
      447, 429, 431, -1,
      448, 449, 445, -1,
      430, 429, 450, -1,
      73, 451, 103, -1,
      442, 452, 367, -1,
      103, 451, 367, -1,
      453, 454, 215, -1,
      455, 442, 450, -1,
      456, 457, 458, -1,
      214, 459, 453, -1,
      109, 212, 110, -1,
      448, 456, 460, -1,
      386, 385, 400, -1,
      398, 76, 396, -1,
      209, 461, 401, -1,
      396, 78, 397, -1,
      392, 398, 396, -1,
      401, 159, 207, -1,
      397, 461, 391, -1,
      209, 401, 207, -1,
      398, 392, 394, -1,
      394, 399, 398, -1,
      210, 462, 461, -1,
      392, 396, 391, -1,
      388, 394, 392, -1,
      397, 401, 461, -1,
      391, 462, 389, -1,
      209, 210, 461, -1,
      388, 395, 394, -1,
      385, 387, 390, -1,
      353, 463, 462, -1,
      388, 392, 389, -1,
      384, 395, 388, -1,
      391, 461, 462, -1,
      389, 463, 383, -1,
      210, 353, 462, -1,
      395, 384, 386, -1,
      386, 400, 395, -1,
      352, 464, 463, -1,
      384, 388, 383, -1,
      378, 386, 384, -1,
      389, 462, 463, -1,
      383, 464, 379, -1,
      353, 352, 463, -1,
      378, 387, 386, -1,
      465, 382, 381, -1,
      351, 466, 464, -1,
      378, 384, 379, -1,
      373, 387, 378, -1,
      383, 463, 464, -1,
      379, 466, 374, -1,
      352, 351, 464, -1,
      387, 373, 380, -1,
      380, 390, 387, -1,
      350, 467, 466, -1,
      373, 378, 374, -1,
      370, 380, 373, -1,
      379, 464, 466, -1,
      374, 467, 368, -1,
      351, 350, 466, -1,
      381, 380, 370, -1,
      366, 465, 364, -1,
      349, 468, 467, -1,
      370, 373, 368, -1,
      372, 381, 370, -1,
      374, 466, 467, -1,
      368, 468, 369, -1,
      350, 349, 467, -1,
      381, 372, 364, -1,
      364, 465, 381, -1,
      348, 406, 468, -1,
      372, 370, 369, -1,
      469, 364, 372, -1,
      368, 467, 468, -1,
      369, 406, 371, -1,
      349, 348, 468, -1,
      469, 365, 364, -1,
      376, 470, 402, -1,
      347, 405, 406, -1,
      469, 372, 371, -1,
      471, 365, 469, -1,
      369, 468, 406, -1,
      371, 405, 410, -1,
      348, 347, 406, -1,
      365, 471, 375, -1,
      375, 377, 365, -1,
      371, 410, 469, -1,
      471, 469, 410, -1,
      375, 471, 472, -1,
      409, 405, 346, -1,
      410, 409, 413, -1,
      347, 346, 405, -1,
      375, 472, 470, -1,
      470, 376, 375, -1,
      410, 413, 471, -1,
      472, 471, 413, -1,
      473, 470, 472, -1,
      409, 345, 344, -1,
      413, 414, 416, -1,
      346, 345, 409, -1,
      470, 473, 403, -1,
      403, 402, 470, -1,
      413, 416, 472, -1,
      473, 472, 416, -1,
      474, 403, 473, -1,
      414, 344, 354, -1,
      421, 416, 415, -1,
      344, 414, 409, -1,
      407, 403, 474, -1,
      412, 422, 426, -1,
      416, 421, 473, -1,
      474, 473, 421, -1,
      475, 407, 474, -1,
      415, 414, 354, -1,
      421, 420, 424, -1,
      355, 415, 354, -1,
      407, 475, 411, -1,
      411, 408, 407, -1,
      421, 424, 474, -1,
      475, 474, 424, -1,
      476, 411, 475, -1,
      420, 415, 355, -1,
      424, 423, 428, -1,
      356, 420, 355, -1,
      422, 411, 476, -1,
      477, 426, 425, -1,
      424, 428, 475, -1,
      476, 475, 428, -1,
      478, 422, 476, -1,
      423, 420, 356, -1,
      428, 427, 432, -1,
      357, 423, 356, -1,
      425, 422, 478, -1,
      419, 477, 434, -1,
      428, 432, 476, -1,
      478, 476, 432, -1,
      479, 425, 478, -1,
      427, 423, 357, -1,
      432, 433, 436, -1,
      358, 427, 357, -1,
      425, 479, 434, -1,
      434, 477, 425, -1,
      432, 436, 478, -1,
      479, 478, 436, -1,
      440, 434, 479, -1,
      433, 427, 358, -1,
      436, 435, 439, -1,
      359, 433, 358, -1,
      417, 434, 440, -1,
      480, 418, 437, -1,
      436, 439, 479, -1,
      440, 479, 439, -1,
      446, 417, 440, -1,
      435, 433, 359, -1,
      439, 438, 441, -1,
      360, 435, 359, -1,
      437, 417, 446, -1,
      431, 480, 447, -1,
      441, 438, 481, -1,
      446, 440, 441, -1,
      449, 437, 446, -1,
      438, 435, 360, -1,
      441, 481, 445, -1,
      361, 438, 360, -1,
      437, 449, 447, -1,
      447, 480, 437, -1,
      445, 481, 482, -1,
      449, 446, 445, -1,
      460, 447, 449, -1,
      481, 438, 361, -1,
      445, 482, 448, -1,
      362, 481, 361, -1,
      429, 447, 460, -1,
      444, 430, 450, -1,
      448, 482, 454, -1,
      460, 449, 448, -1,
      458, 429, 460, -1,
      482, 481, 362, -1,
      448, 454, 456, -1,
      363, 482, 362, -1,
      450, 429, 458, -1,
      483, 455, 457, -1,
      214, 212, 459, -1,
      458, 460, 456, -1,
      455, 458, 457, -1,
      454, 482, 363, -1,
      456, 453, 457, -1,
      215, 454, 363, -1,
      444, 450, 442, -1,
      367, 451, 443, -1,
      453, 459, 457, -1,
      450, 458, 455, -1,
      452, 455, 483, -1,
      456, 454, 453, -1,
      483, 457, 459, -1,
      215, 214, 453, -1,
      443, 442, 367, -1,
      442, 455, 452, -1,
      105, 452, 106, -1,
      367, 452, 105, -1,
      106, 483, 109, -1,
      452, 483, 106, -1,
      109, 459, 212, -1,
      483, 459, 109, -1,
      484, 404, 408, -1,
      412, 485, 408, -1,
      484, 408, 485, -1,
      412, 426, 486, -1,
      486, 485, 412, -1,
      487, 486, 426, -1,
      426, 477, 487, -1,
      419, 488, 477, -1,
      487, 477, 488, -1,
      419, 418, 489, -1,
      489, 488, 419, -1,
      490, 418, 480, -1,
      418, 490, 489, -1,
      431, 491, 480, -1,
      490, 480, 491, -1,
      431, 430, 492, -1,
      492, 491, 431, -1,
      493, 430, 444, -1,
      430, 493, 492, -1,
      443, 494, 444, -1,
      493, 444, 494, -1,
      443, 451, 495, -1,
      495, 494, 443, -1,
      451, 45, 495, -1,
      451, 73, 45, -1,
      484, 402, 404, -1,
      402, 496, 376, -1,
      496, 402, 484, -1,
      377, 376, 497, -1,
      496, 497, 376, -1,
      498, 366, 377, -1,
      377, 497, 498, -1,
      366, 499, 465, -1,
      499, 366, 498, -1,
      382, 465, 500, -1,
      499, 500, 465, -1,
      501, 390, 382, -1,
      382, 500, 501, -1,
      390, 502, 385, -1,
      502, 390, 501, -1,
      400, 385, 503, -1,
      502, 503, 385, -1,
      504, 393, 400, -1,
      400, 503, 504, -1,
      393, 505, 399, -1,
      505, 393, 504, -1,
      505, 23, 399, -1,
      399, 23, 61, -1,
      506, 484, 485, -1,
      486, 507, 485, -1,
      506, 485, 507, -1,
      486, 487, 508, -1,
      508, 507, 486, -1,
      509, 487, 488, -1,
      487, 509, 508, -1,
      489, 510, 488, -1,
      509, 488, 510, -1,
      489, 490, 511, -1,
      511, 510, 489, -1,
      512, 490, 491, -1,
      490, 512, 511, -1,
      492, 513, 491, -1,
      512, 491, 513, -1,
      492, 493, 514, -1,
      514, 513, 492, -1,
      515, 493, 494, -1,
      493, 515, 514, -1,
      495, 516, 494, -1,
      515, 494, 516, -1,
      495, 45, 47, -1,
      47, 516, 495, -1,
      484, 517, 496, -1,
      517, 484, 506, -1,
      497, 496, 518, -1,
      517, 518, 496, -1,
      519, 498, 497, -1,
      497, 518, 519, -1,
      498, 520, 499, -1,
      520, 498, 519, -1,
      500, 499, 521, -1,
      520, 521, 499, -1,
      522, 501, 500, -1,
      500, 521, 522, -1,
      501, 523, 502, -1,
      523, 501, 522, -1,
      503, 502, 524, -1,
      523, 524, 502, -1,
      525, 504, 503, -1,
      503, 524, 525, -1,
      504, 526, 505, -1,
      526, 504, 525, -1,
      23, 505, 527, -1,
      526, 527, 505, -1,
      23, 527, 24, -1,
      16, 528, 13, -1,
      529, 31, 29, -1,
      29, 28, 530, -1,
      31, 529, 34, -1,
      25, 531, 28, -1,
      34, 532, 35, -1,
      531, 0, 533, -1,
      35, 534, 37, -1,
      533, 0, 4, -1,
      535, 40, 37, -1,
      536, 4, 6, -1,
      537, 10, 538, -1,
      6, 7, 537, -1,
      515, 516, 539, -1,
      43, 540, 46, -1,
      19, 541, 18, -1,
      542, 22, 24, -1,
      512, 513, 543, -1,
      544, 545, 525, -1,
      508, 509, 546, -1,
      521, 520, 547, -1,
      548, 506, 549, -1,
      517, 548, 518, -1,
      550, 547, 519, -1,
      544, 523, 551, -1,
      551, 522, 552, -1,
      553, 507, 508, -1,
      549, 506, 507, -1,
      526, 545, 554, -1,
      510, 555, 546, -1,
      542, 24, 527, -1,
      542, 556, 22, -1,
      511, 555, 510, -1,
      543, 513, 514, -1,
      556, 541, 19, -1,
      528, 18, 541, -1,
      557, 516, 47, -1,
      528, 16, 18, -1,
      558, 12, 13, -1,
      46, 557, 47, -1,
      43, 41, 559, -1,
      10, 12, 538, -1,
      41, 40, 535, -1,
      511, 512, 560, -1,
      22, 556, 19, -1,
      550, 519, 518, -1,
      558, 13, 528, -1,
      538, 12, 558, -1,
      7, 10, 537, -1,
      536, 6, 537, -1,
      533, 4, 536, -1,
      25, 0, 531, -1,
      530, 28, 531, -1,
      529, 29, 530, -1,
      532, 34, 529, -1,
      534, 35, 532, -1,
      535, 37, 534, -1,
      559, 41, 535, -1,
      540, 43, 559, -1,
      557, 46, 540, -1,
      539, 516, 557, -1,
      561, 515, 539, -1,
      543, 514, 561, -1,
      514, 515, 561, -1,
      560, 512, 543, -1,
      555, 511, 560, -1,
      509, 510, 546, -1,
      553, 508, 546, -1,
      549, 507, 553, -1,
      517, 506, 548, -1,
      550, 518, 548, -1,
      520, 519, 547, -1,
      552, 521, 547, -1,
      551, 523, 522, -1,
      552, 522, 521, -1,
      544, 524, 523, -1,
      525, 545, 526, -1,
      524, 544, 525, -1,
      526, 554, 527, -1,
      542, 527, 554, -1,
      562, 563, 557, -1,
      564, 565, 535, -1,
      566, 540, 559, -1,
      529, 567, 568, -1,
      534, 532, 569, -1,
      570, 533, 571, -1,
      572, 530, 531, -1,
      573, 574, 538, -1,
      537, 575, 536, -1,
      576, 558, 528, -1,
      558, 576, 573, -1,
      528, 541, 577, -1,
      577, 576, 528, -1,
      556, 578, 541, -1,
      577, 541, 578, -1,
      579, 556, 542, -1,
      556, 579, 578, -1,
      538, 574, 537, -1,
      558, 573, 538, -1,
      575, 571, 536, -1,
      574, 575, 537, -1,
      570, 531, 533, -1,
      571, 533, 536, -1,
      567, 530, 572, -1,
      572, 531, 570, -1,
      532, 529, 568, -1,
      529, 530, 567, -1,
      534, 569, 564, -1,
      532, 568, 569, -1,
      535, 565, 559, -1,
      534, 564, 535, -1,
      566, 562, 540, -1,
      565, 566, 559, -1,
      557, 540, 562, -1,
      580, 579, 542, -1,
      581, 582, 544, -1,
      583, 554, 545, -1,
      547, 584, 585, -1,
      551, 552, 586, -1,
      587, 549, 588, -1,
      589, 550, 548, -1,
      590, 591, 555, -1,
      546, 592, 553, -1,
      593, 560, 543, -1,
      560, 593, 590, -1,
      543, 561, 594, -1,
      594, 593, 543, -1,
      539, 595, 561, -1,
      594, 561, 595, -1,
      563, 539, 557, -1,
      539, 563, 595, -1,
      555, 591, 546, -1,
      560, 590, 555, -1,
      592, 588, 553, -1,
      591, 592, 546, -1,
      587, 548, 549, -1,
      588, 549, 553, -1,
      584, 550, 589, -1,
      589, 548, 587, -1,
      552, 547, 585, -1,
      547, 550, 584, -1,
      551, 586, 581, -1,
      552, 585, 586, -1,
      544, 582, 545, -1,
      551, 581, 544, -1,
      583, 580, 554, -1,
      582, 583, 545, -1,
      542, 554, 580, -1,
      215, 304, 261, -1,
      215, 261, 213, -1,
    ]
  }
}

Shape {
  appearance Appearance {
    material Material {
      diffuseColor 0.8941 0.8941 0.8980
      specularColor 0.7529 0.7529 0.7529
      ambientIntensity 0.2
      transparency 1.0000
      shininess 0.5
    }
  }
  geometry IndexedFaceSet {
    ccw TRUE
    solid FALSE
    coord DEF co Coordinate {
      point [
        2.106299 1.850394 0.905512,
        2.303150 1.850394 0.905512,
        2.303150 1.850394 1.377953,
        2.106299 1.850394 1.377953,
        -2.303150 1.850394 1.377953,
        -2.303150 1.850394 0.905512,
        -2.106299 1.850394 0.905512,
        -2.106299 1.850394 1.377953,
        2.106299 -1.850394 1.377953,
        2.303150 -1.850394 1.377953,
        2.303150 -1.850394 0.905512,
        2.106299 -1.850394 0.905512,
        -2.106299 -1.850394 1.377953,
        -2.303150 -1.850394 0.905512,
        -2.303150 -1.850394 1.377953,
        -2.106299 -1.850394 0.905512,
        0.660807 -0.255998 4.271654,
        0.660803 -0.255997 2.834646,
        0.696594 -0.130217 2.834646,
        0.708661 0.000000 2.834646,
        0.708661 0.000000 4.271654,
        0.696594 -0.130216 4.271654,
        0.523709 -0.477421 2.834646,
        0.427063 -0.565524 4.271654,
        0.427067 -0.565524 2.834646,
        0.523709 -0.477421 4.271654,
        0.602516 -0.373062 2.834646,
        0.602516 -0.373062 4.271654,
        0.065387 -0.705638 4.271654,
        0.065387 -0.705634 2.834646,
        0.193934 -0.681610 2.834646,
        0.193934 -0.681610 4.271654,
        0.315877 -0.634370 2.834646,
        0.315878 -0.634366 4.271654,
        -0.315877 -0.634370 2.834646,
        -0.193934 -0.681610 2.834646,
        -0.315878 -0.634366 4.271654,
        -0.065387 -0.705634 2.834646,
        -0.065387 -0.705638 4.271654,
        -0.193934 -0.681610 4.271654,
        -0.523709 -0.477421 2.834646,
        -0.523709 -0.477421 4.271654,
        -0.602516 -0.373062 4.271654,
        -0.427063 -0.565524 4.271654,
        -0.427067 -0.565524 2.834646,
        -0.660807 -0.255998 4.271654,
        -0.602516 -0.373062 2.834646,
        -0.696594 -0.130216 4.271654,
        -0.660803 -0.255997 2.834646,
        -0.696594 -0.130217 2.834646,
        -0.708661 0.000000 4.271654,
        -0.708661 0.000000 2.834646,
        0.427067 0.565524 2.834646,
        0.324653 0.629921 4.271654,
        0.433579 0.560547 4.271654,
        -0.427067 0.565524 2.834646,
        -0.324653 0.629921 4.271654,
        -0.315877 0.634370 2.834646,
        0.528102 0.472555 4.271654,
        0.523709 0.477421 2.834646,
        0.605091 0.368871 4.271654,
        0.602516 0.373062 2.834646,
        0.660803 0.255997 2.834646,
        0.696594 0.130217 2.834646,
        0.661984 0.252937 4.271654,
        0.696894 0.128604 4.271654,
        0.315877 0.634370 2.834646,
        0.199606 0.679969 4.271654,
        0.193934 0.681610 2.834646,
        0.065387 0.705634 2.834646,
        0.067346 0.705453 4.271654,
        -0.065387 0.705634 2.834646,
        -0.067346 0.705453 4.271654,
        -0.193934 0.681610 2.834646,
        -0.199606 0.679969 4.271654,
        -0.660803 0.255997 2.834646,
        -0.605091 0.368871 4.271654,
        -0.602516 0.373062 2.834646,
        -0.523709 0.477421 2.834646,
        -0.528102 0.472555 4.271654,
        -0.433579 0.560547 4.271654,
        -0.696894 0.128604 4.271654,
        -0.696594 0.130217 2.834646,
        -0.661984 0.252937 4.271654,
        -0.108218 0.629921 4.271654,
        0.108218 0.629921 4.271654,
        -0.513634 0.629921 6.411614,
        -0.365633 0.629921 6.496063,
        -0.677634 0.629921 4.271654,
        -0.677634 0.629921 6.299213,
        0.365633 0.629921 6.496063,
        0.677634 0.629921 6.299213,
        0.513547 0.629921 6.411693,
        0.677634 0.629921 4.271654,
        -0.463354 0.561953 6.496063,
        0.548378 0.479295 6.496063,
        0.463354 0.561953 6.496063,
        -0.703319 -0.189338 6.496063,
        0.703319 -0.189338 6.496063,
        -0.724713 -0.072491 6.496063,
        -0.548685 0.478972 6.496063,
        -0.619350 0.383221 6.496063,
        0.619047 0.383686 6.496063,
        0.673252 0.277819 6.496063,
        -0.673480 0.277274 6.496063,
        0.709520 0.164511 6.496063,
        0.724756 -0.072234 6.496063,
        -0.709630 0.163970 6.496063,
        -0.726850 0.046336 6.496063,
        0.726846 0.046780 6.496063,
        -0.605138 -0.405327 6.496063,
        0.531409 -0.498031 6.496063,
        0.605370 -0.404949 6.496063,
        -0.663091 -0.301369 6.496063,
        0.663177 -0.301126 6.496063,
        0.234105 -0.689705 6.496063,
        0.343277 -0.642358 6.496063,
        -0.342785 -0.642610 6.496063,
        0.443264 -0.577886 6.496063,
        -0.531039 -0.498441 6.496063,
        -0.442795 -0.578244 6.496063,
        -0.118392 -0.718650 6.496063,
        0.000000 -0.728346 6.496063,
        0.118651 -0.718630 6.496063,
        -0.233680 -0.689827 6.496063,
        0.220159 -0.898610 6.299213,
        0.360488 -0.852059 6.299213,
        0.491606 -0.783744 6.299213,
        0.610177 -0.695425 6.299213,
        0.713169 -0.589362 6.299213,
        0.797945 -0.468244 6.299213,
        0.862335 -0.335165 6.299213,
        0.904713 -0.193527 6.299213,
        0.923992 -0.046959 6.299213,
        0.919673 0.100800 6.299213,
        0.891878 0.245983 6.299213,
        0.841323 0.384887 6.299213,
        0.769343 0.513909 6.299213,
        0.074196 -0.922205 6.299213,
        -0.073673 -0.922244 6.299213,
        -0.219658 -0.898740 6.299213,
        -0.360024 -0.852264 6.299213,
        -0.491197 -0.784016 6.299213,
        -0.609827 -0.695748 6.299213,
        -0.712894 -0.589713 6.299213,
        -0.797744 -0.468614 6.299213,
        -0.862213 -0.335530 6.299213,
        -0.904654 -0.193866 6.299213,
        -0.923992 -0.047257 6.299213,
        -0.919717 0.100554 6.299213,
        -0.891941 0.245799 6.299213,
        -0.841386 0.384769 6.299213,
        -0.769343 0.513909 6.299213,
        0.152599 -0.912524 4.271654,
        0.000000 -0.925197 4.271654,
        0.301019 -0.874858 4.271654,
        0.441193 -0.813228 4.271654,
        0.569280 -0.729319 4.271654,
        0.681776 -0.625437 4.271654,
        0.775598 -0.504421 4.271654,
        0.848173 -0.369586 4.271654,
        0.897512 -0.224630 4.271654,
        0.922272 -0.073520 4.271654,
        0.845713 0.375176 4.271654,
        0.772252 0.509528 4.271654,
        0.921768 0.079604 4.271654,
        0.896012 0.230547 4.271654,
        -0.152599 -0.912524 4.271654,
        -0.301019 -0.874858 4.271654,
        -0.441193 -0.813228 4.271654,
        -0.569280 -0.729319 4.271654,
        -0.681776 -0.625437 4.271654,
        -0.775598 -0.504421 4.271654,
        -0.848173 -0.369586 4.271654,
        -0.897512 -0.224630 4.271654,
        -0.922272 -0.073520 4.271654,
        -0.921768 0.079604 4.271654,
        -0.896012 0.230547 4.271654,
        -0.845713 0.375176 4.271654,
        -0.772252 0.509528 4.271654,
        1.407331 -0.940957 1.574803,
        2.145669 -1.811024 1.574803,
        2.145669 -0.570917 1.574803,
        -2.066929 -1.811024 1.574803,
        -1.136602 -1.254610 1.574803,
        -2.145669 -1.811024 1.574803,
        -1.870079 -2.362256 1.574803,
        -1.750354 -2.237236 1.574803,
        -1.985783 -2.324661 1.574803,
        -1.930909 -2.352622 1.574803,
        -1.809890 -2.225398 1.574803,
        -2.029335 -2.281114 1.574803,
        -1.690819 -2.225398 1.574803,
        1.870079 -2.362256 1.574803,
        0.207183 -1.680197 1.574803,
        -0.000000 -1.692913 1.574803,
        2.066929 -1.811024 1.574803,
        0.797807 -1.493130 1.574803,
        0.609102 -1.579551 1.574803,
        1.985783 -2.324661 1.574803,
        2.029335 -2.281114 1.574803,
        1.930909 -2.352622 1.574803,
        2.057295 -2.226236 1.574803,
        2.066929 -2.165406 1.574803,
        0.974524 -1.384268 1.574803,
        1.136602 -1.254610 1.574803,
        1.593740 -0.570917 1.574803,
        1.511898 -0.761661 1.574803,
        -0.974524 -1.384268 1.574803,
        -1.750354 -1.926098 1.574803,
        -0.797807 -1.493130 1.574803,
        1.281598 -1.106094 1.574803,
        -1.690819 -1.937937 1.574803,
        -0.609102 -1.579551 1.574803,
        -0.207183 -1.680197 1.574803,
        -1.606626 -2.141201 1.574803,
        0.411240 -1.642224 1.574803,
        -1.606626 -2.022134 1.574803,
        -0.411240 -1.642224 1.574803,
        -1.594783 -2.081665 1.574803,
        -2.066929 -2.165406 1.574803,
        -1.894083 -2.141201 1.574803,
        -1.905925 -2.081665 1.574803,
        -1.281598 -1.106094 1.574803,
        -1.407331 -0.940957 1.574803,
        -1.511898 -0.761661 1.574803,
        -2.145669 -0.570917 1.574803,
        -1.593740 -0.570917 1.574803,
        -2.057295 -2.226236 1.574803,
        -1.640346 -2.191673 1.574803,
        -1.860362 -2.191673 1.574803,
        -1.894083 -2.022134 1.574803,
        -1.860362 -1.971661 1.574803,
        -1.809890 -1.937937 1.574803,
        -1.640346 -1.971661 1.574803,
        1.281598 1.106094 1.574803,
        1.407331 0.940957 1.574803,
        2.145669 1.811024 1.574803,
        -1.511898 0.761661 1.574803,
        -2.145669 0.570917 1.574803,
        -1.593740 0.570917 1.574803,
        -1.136602 1.254610 1.574803,
        -2.145669 1.811024 1.574803,
        -1.281598 1.106094 1.574803,
        2.066929 1.811024 1.574803,
        0.974524 1.384268 1.574803,
        1.136602 1.254610 1.574803,
        -0.196772 1.926181 1.574803,
        0.015630 1.926181 1.574803,
        -0.196772 2.222638 1.574803,
        -1.407331 0.940957 1.574803,
        -0.207183 1.680197 1.574803,
        -0.338373 1.882795 1.574803,
        -0.411240 1.642224 1.574803,
        -2.057295 2.226236 1.574803,
        -2.066929 2.165406 1.574803,
        -1.870079 2.362256 1.574803,
        -1.985783 2.324661 1.574803,
        -2.029335 2.281114 1.574803,
        -1.930909 2.352622 1.574803,
        1.750354 2.237236 1.574803,
        1.985783 2.324661 1.574803,
        1.870079 2.362256 1.574803,
        0.631594 2.143098 1.574803,
        0.582035 2.070791 1.574803,
        0.610354 2.056331 1.574803,
        1.690819 2.225398 1.574803,
        0.574953 2.215406 1.574803,
        1.894083 2.022134 1.574803,
        2.066929 2.165406 1.574803,
        0.546634 2.078024 1.574803,
        0.589114 2.143098 1.574803,
        0.797807 1.493130 1.574803,
        1.511898 0.761661 1.574803,
        2.145669 0.570917 1.574803,
        1.593740 0.570917 1.574803,
        1.930909 2.352622 1.574803,
        1.809890 2.225398 1.574803,
        2.029335 2.281114 1.574803,
        1.594783 2.081665 1.574803,
        0.638673 2.027409 1.574803,
        0.454594 2.121409 1.570866,
        0.461673 2.099717 1.574803,
        0.072270 2.222638 1.574803,
        0.461673 2.157563 1.574803,
        0.582035 2.157563 1.570866,
        -0.295893 1.882795 1.574803,
        -0.974524 1.384268 1.574803,
        -0.797807 1.493130 1.574803,
        -2.066929 1.811024 1.574803,
        -0.609102 1.579551 1.574803,
        -0.579094 1.882795 1.574803,
        0.539555 2.222638 1.574803,
        0.504154 2.222638 1.574803,
        0.567874 2.172024 1.574803,
        0.546634 2.179252 1.574803,
        0.504154 2.179252 1.574803,
        0.482913 2.172024 1.574803,
        0.489992 1.926181 1.574803,
        0.546634 1.926181 1.574803,
        0.440433 1.955102 1.574803,
        0.412114 2.114177 1.574803,
        0.412114 2.143098 1.574803,
        0.334232 2.143098 1.574803,
        0.454594 1.890028 1.574803,
        0.114751 1.882795 1.574803,
        0.207183 1.680197 1.574803,
        0.574953 1.933409 1.574803,
        0.454594 2.135870 1.574803,
        0.482913 2.085256 1.574803,
        0.504154 2.078024 1.574803,
        0.596193 2.012949 1.574803,
        0.433354 1.976795 1.574803,
        0.610354 1.991256 1.574803,
        1.606626 2.022134 1.574803,
        0.652835 1.962335 1.574803,
        1.640346 1.971661 1.574803,
        0.504154 2.034638 1.574803,
        0.638673 1.933409 1.574803,
        2.057295 2.226236 1.574803,
        1.860362 1.971661 1.574803,
        1.809890 1.937937 1.574803,
        1.690819 1.937937 1.574803,
        0.610354 1.904488 1.574803,
        1.750354 1.926098 1.574803,
        0.582035 1.890028 1.574803,
        0.546634 1.882795 1.574803,
        0.609102 1.579551 1.574803,
        0.489992 1.882795 1.574803,
        0.411240 1.642224 1.574803,
        0.419193 1.911717 1.574803,
        0.114751 2.034638 1.574803,
        0.242192 2.034638 1.574803,
        0.390873 1.976795 1.574803,
        0.447512 2.056331 1.574803,
        0.277592 2.041870 1.574803,
        0.461673 1.933409 1.574803,
        0.596193 1.947870 1.574803,
        0.610354 1.969563 1.574803,
        0.574953 2.027409 1.574803,
        0.546634 2.034638 1.574803,
        0.475835 2.041870 1.574803,
        0.334232 2.114177 1.574803,
        0.419193 2.085256 1.574803,
        0.327152 2.092484 1.574803,
        0.327152 2.164791 1.574803,
        0.447512 2.200945 1.574803,
        0.277592 2.215406 1.574803,
        0.305912 2.193717 1.574803,
        0.475835 2.215406 1.574803,
        0.242192 2.222638 1.574803,
        0.624516 2.164791 1.574803,
        1.640346 2.191673 1.574803,
        0.603276 2.193717 1.574803,
        0.652835 1.998488 1.574803,
        1.606626 2.141201 1.574803,
        0.419193 2.172024 1.574803,
        0.305912 2.063563 1.574803,
        0.397953 1.947870 1.574803,
        0.000000 1.692913 1.574803,
        0.072270 1.882795 1.574803,
        0.015630 1.882795 1.574803,
        -0.239252 1.882795 1.574803,
        -0.409173 2.222638 1.574803,
        -0.239252 2.222638 1.574803,
        -0.465815 2.222638 1.574803,
        -0.536614 1.882795 1.574803,
        -0.508295 1.969563 1.574803,
        -0.366693 1.969563 1.574803,
        1.905925 2.081665 1.574803,
        1.860362 2.191673 1.574803,
        1.894083 2.141201 1.574803,
        -0.373773 1.998488 1.574803,
        -0.437492 2.193717 1.574803,
        -0.501213 1.998488 1.574803,
        0.284672 2.099717 1.574803,
        0.249272 2.078024 1.574803,
        0.270512 2.085256 1.574803,
        0.291752 2.121409 1.574803,
        0.270512 2.179252 1.574803,
        0.249272 2.186484 1.574803,
        0.284672 2.164791 1.574803,
        0.291752 2.143098 1.574803,
        0.114751 2.186484 1.574803,
        0.114751 2.078024 1.574803,
        1.894083 2.022134 1.417323,
        1.860358 1.971661 1.417323,
        1.905925 2.081665 1.417323,
        1.750354 1.926094 1.417323,
        1.690819 1.937937 1.417323,
        1.809890 1.937937 1.417323,
        1.640350 1.971661 1.417323,
        1.606626 2.022134 1.417323,
        1.594783 2.081665 1.417323,
        -2.106299 -1.811024 1.417323,
        -2.106299 -0.570917 1.417323,
        -1.407331 -0.940957 1.417323,
        -1.870079 -2.362256 1.417323,
        -1.985783 -2.324661 1.417323,
        -1.750354 -2.237236 1.417323,
        -2.066929 -1.811024 1.417323,
        -1.136602 -1.254610 1.417323,
        1.870079 -2.362256 1.417323,
        -1.690819 -2.225398 1.417323,
        -1.930909 -2.352622 1.417323,
        0.207183 -1.680197 1.417323,
        -0.000000 -1.692913 1.417323,
        -2.029335 -2.281114 1.417323,
        -1.809890 -2.225398 1.417323,
        2.066929 -1.811024 1.417323,
        0.609102 -1.579551 1.417323,
        0.797807 -1.493130 1.417323,
        1.985783 -2.324661 1.417323,
        2.029335 -2.281114 1.417323,
        1.930909 -2.352622 1.417323,
        2.057295 -2.226236 1.417323,
        2.066929 -2.165406 1.417323,
        0.974524 -1.384268 1.417323,
        1.136602 -1.254610 1.417323,
        1.935445 -0.570917 1.417323,
        2.106299 -0.570917 1.417323,
        1.511898 -0.761661 1.417323,
        1.407331 -0.940957 1.417323,
        1.764594 -0.570917 1.417323,
        1.593740 -0.570917 1.417323,
        -0.974524 -1.384268 1.417323,
        -0.797807 -1.493130 1.417323,
        2.106299 -1.811024 1.417323,
        -1.860362 -2.191673 1.417323,
        -2.057295 -2.226236 1.417323,
        -2.066929 -2.165406 1.417323,
        1.281598 -1.106094 1.417323,
        -1.640346 -1.971661 1.417323,
        -0.609102 -1.579551 1.417323,
        -0.411240 -1.642224 1.417323,
        -1.606626 -2.141201 1.417323,
        -0.207183 -1.680197 1.417323,
        0.411240 -1.642224 1.417323,
        -1.690819 -1.937937 1.417323,
        -1.606626 -2.022134 1.417323,
        -1.594783 -2.081665 1.417323,
        -1.905925 -2.081665 1.417323,
        -1.894083 -2.022134 1.417323,
        -1.281598 -1.106094 1.417323,
        -1.935445 -0.570917 1.417323,
        -1.764594 -0.570917 1.417323,
        -1.511898 -0.761661 1.417323,
        -1.593740 -0.570917 1.417323,
        -1.750354 -1.926098 1.417323,
        -1.860362 -1.971661 1.417323,
        -1.809890 -1.937937 1.417323,
        -1.640346 -2.191673 1.417323,
        -1.894083 -2.141201 1.417323,
        2.106299 1.811024 1.417323,
        2.106299 0.570917 1.417323,
        1.407331 0.940957 1.417323,
        -0.609102 1.579551 1.417323,
        -2.066929 1.811024 1.417323,
        -0.411240 1.642224 1.417323,
        -0.797807 1.493130 1.417323,
        1.136602 1.254610 1.417323,
        0.974524 1.384268 1.417323,
        2.066929 1.811024 1.417323,
        -2.066929 2.165406 1.417323,
        -1.870079 2.362256 1.417323,
        -2.029335 2.281114 1.417323,
        -1.985783 2.324661 1.417323,
        -2.057295 2.226236 1.417323,
        -1.930909 2.352622 1.417323,
        1.809890 2.225398 1.417323,
        1.985783 2.324661 1.417323,
        2.029335 2.281114 1.417323,
        -0.207183 1.680197 1.417323,
        1.894083 2.141201 1.417323,
        2.066929 2.165406 1.417323,
        1.690819 2.225398 1.417323,
        1.870079 2.362256 1.417323,
        0.797807 1.493130 1.417323,
        -1.764594 0.570917 1.417323,
        -1.511898 0.761661 1.417323,
        -1.593740 0.570917 1.417323,
        1.281598 1.106094 1.417323,
        1.511898 0.761661 1.417323,
        1.935445 0.570917 1.417323,
        1.764594 0.570917 1.417323,
        1.593740 0.570917 1.417323,
        1.930909 2.352622 1.417323,
        1.750354 2.237236 1.417323,
        0.609102 1.579551 1.417323,
        0.207183 1.680197 1.417323,
        1.606626 2.141201 1.417323,
        0.411240 1.642224 1.417323,
        0.000000 1.692913 1.417323,
        -0.974524 1.384268 1.417323,
        -1.136602 1.254610 1.417323,
        -2.106299 1.811024 1.417323,
        -1.281598 1.106094 1.417323,
        -1.407331 0.940957 1.417323,
        -2.106299 0.570917 1.417323,
        -1.935445 0.570917 1.417323,
        2.057295 2.226236 1.417323,
        1.640346 2.191673 1.417323,
        1.860362 2.191673 1.417323,
        -2.132386 -0.569657 1.407441,
        -2.134138 -1.811024 1.405791,
        -2.144398 -0.557685 1.387878,
        -2.145669 -1.811024 1.377953,
        -2.145669 -0.531547 1.377953,
        -2.303150 -0.559386 1.389484,
        -2.303150 -0.570917 1.417323,
        -2.303150 -0.531547 1.377953,
        -2.303150 0.531547 1.377953,
        -2.145669 0.177183 1.377953,
        -2.145669 0.531547 1.377953,
        -2.145669 -0.177183 1.377953,
        -2.303150 -1.172110 0.310317,
        -2.303150 -1.811024 0.103110,
        -2.303150 -1.146508 0.348635,
        -2.303150 -1.811024 1.417323,
        -2.303150 -1.062992 0.383228,
        -2.303150 -1.108193 0.374238,
        -2.303150 -1.181102 0.265118,
        -2.303150 -1.181102 0.103110,
        -2.303150 0.570866 0.383228,
        -2.303150 0.531496 0.372679,
        -2.303150 1.181102 0.265118,
        -2.303150 1.811024 0.087362,
        -2.303150 1.181102 0.087362,
        -2.303150 1.108193 0.374238,
        -2.303150 1.062992 0.383228,
        -2.303150 1.811024 1.417323,
        -2.303150 0.502673 0.343858,
        -2.303150 -0.492126 0.304488,
        -2.303150 -0.502673 0.343858,
        -2.303150 0.559386 1.389484,
        -2.303150 0.570917 1.417323,
        -2.303150 1.146508 0.348635,
        -2.303150 -0.492126 -0.501925,
        -2.303150 0.492126 0.304488,
        -2.303150 0.492126 -0.501925,
        -2.303150 1.172110 0.310317,
        -2.303150 -0.531496 0.372679,
        -2.303150 -0.570866 0.383228,
        -2.145669 1.062992 0.383228,
        -2.145669 0.570866 0.383228,
        -2.145669 -0.570866 0.383228,
        -2.145669 -1.062992 0.383228,
        -2.145669 0.531496 0.372679,
        -2.145669 0.502673 0.343858,
        -2.145669 0.492126 0.304488,
        -2.332094 0.492126 -0.638390,
        -2.310465 0.492126 -0.571677,
        -2.239563 0.492126 -0.791559,
        -2.348130 0.492126 -0.941409,
        -2.145669 0.492126 -0.501925,
        -2.156413 0.492126 -0.604350,
        -2.188169 0.492126 -0.702315,
        -2.348016 0.492126 -0.980732,
        -2.468543 0.492287 -1.082681,
        -2.354480 0.492126 -0.961091,
        -2.367091 0.492126 -0.699165,
        -2.525854 0.492126 -0.986780,
        -2.526000 0.492126 -0.936398,
        -2.505594 0.492126 -0.890331,
        -2.505181 0.492126 -1.032728,
        -2.310642 0.492150 -1.031693,
        -2.273244 0.492484 -1.082681,
        2.239563 0.492126 -0.791559,
        2.188169 0.492126 -0.702315,
        2.303150 0.492126 -0.501925,
        2.505594 0.492126 -0.890331,
        2.526000 0.492126 -0.936398,
        2.505181 0.492126 -1.032728,
        2.332094 0.492126 -0.638390,
        2.310465 0.492126 -0.571677,
        2.468543 0.492287 -1.082681,
        2.354480 0.492126 -0.961091,
        2.348130 0.492126 -0.941409,
        2.367091 0.492126 -0.699165,
        2.525854 0.492126 -0.986780,
        2.273244 0.492484 -1.082681,
        2.310642 0.492150 -1.031693,
        2.348016 0.492126 -0.980732,
        2.145669 0.492126 -0.501925,
        2.156413 0.492126 -0.604350,
        2.303150 0.492126 0.304488,
        2.145669 0.492126 0.304488,
        -2.332094 -0.492126 -0.638390,
        -2.310465 -0.492126 -0.571677,
        -2.367091 -0.492126 -0.699165,
        -2.145669 -0.492126 -0.501925,
        -2.188169 -0.492126 -0.702315,
        -2.156413 -0.492126 -0.604350,
        -2.145669 -0.492126 0.304488,
        -2.239563 -0.492126 -0.791559,
        -2.354480 -0.492126 -0.961091,
        -2.348130 -0.492126 -0.941409,
        -2.525854 -0.492126 -0.986780,
        -2.505181 -0.492126 -1.032728,
        -2.505594 -0.492126 -0.890331,
        -2.526000 -0.492126 -0.936398,
        -2.468543 -0.492287 -1.082681,
        -2.310642 -0.492150 -1.031693,
        -2.348016 -0.492126 -0.980732,
        -2.273244 -0.492484 -1.082681,
        2.303150 -0.492126 0.304488,
        2.145669 -0.492126 -0.501925,
        2.303150 -0.492126 -0.501925,
        2.310465 -0.492126 -0.571677,
        2.239563 -0.492126 -0.791559,
        2.505181 -0.492126 -1.032728,
        2.526000 -0.492126 -0.936398,
        2.505594 -0.492126 -0.890331,
        2.367091 -0.492126 -0.699165,
        2.348130 -0.492126 -0.941409,
        2.354480 -0.492126 -0.961091,
        2.332094 -0.492126 -0.638390,
        2.468543 -0.492287 -1.082681,
        2.525854 -0.492126 -0.986780,
        2.310642 -0.492150 -1.031693,
        2.273244 -0.492484 -1.082681,
        2.348016 -0.492126 -0.980732,
        2.188169 -0.492126 -0.702315,
        2.156413 -0.492126 -0.604350,
        2.145669 -0.492126 0.304488,
        -2.145669 -0.502673 0.343858,
        -2.145669 -0.531496 0.372679,
        -2.145669 -1.811024 0.181850,
        -2.145669 -1.181102 0.181850,
        -2.145669 -1.181102 0.265118,
        -2.145669 1.146508 0.348635,
        -2.145669 1.172110 0.310317,
        -2.145669 1.811024 0.181850,
        -2.145669 1.811024 1.377953,
        -2.145669 1.108193 0.374238,
        -2.145669 1.181102 0.265118,
        -2.145669 1.181102 0.181850,
        -2.145669 -1.108193 0.374238,
        -2.145669 -1.172110 0.310317,
        -2.145669 -1.146508 0.348635,
        -2.257024 -1.181102 -0.008245,
        -2.145669 -1.181102 -0.054370,
        -2.205933 -1.181102 -0.042383,
        -2.135118 -1.181102 0.142480,
        -2.106299 -1.181102 0.113659,
        -2.066929 -1.181102 0.103110,
        -1.677902 -1.181102 -0.054370,
        -1.677902 -1.181102 0.103110,
        -2.291161 -1.181102 0.042845,
        -2.257024 -1.811024 -0.008245,
        -2.291161 -1.811024 0.042845,
        -2.205933 -1.811024 -0.042383,
        -2.145669 -1.811024 -0.054370,
        -2.205933 -1.811024 1.562815,
        -2.066929 -1.811024 0.103110,
        -2.106299 -1.811024 0.113659,
        -2.135118 -1.811024 0.142480,
        -1.354287 -1.811024 -0.054370,
        -1.354287 -1.811024 0.103110,
        -2.257024 -1.811024 1.528677,
        -2.291161 -1.811024 1.477587,
        -1.354287 -1.496063 0.103110,
        -1.354287 -1.496063 -0.054370,
        -2.257024 -0.570917 1.528677,
        -2.291161 -0.570917 1.477587,
        -2.205933 -0.570917 1.562815,
        2.205933 -0.570917 1.562815,
        2.257024 -0.570917 1.528677,
        2.291161 -0.570917 1.477587,
        2.303150 -0.570917 1.417323,
        2.303150 -0.559386 1.389484,
        2.132386 -0.569657 1.407441,
        2.144398 -0.557685 1.387878,
        2.303150 -0.531547 1.377953,
        2.145669 -0.531547 1.377953,
        2.145669 0.177183 1.377953,
        2.303150 0.531547 1.377953,
        2.145669 0.531547 1.377953,
        2.145669 -0.177183 1.377953,
        2.145669 1.811024 0.181850,
        2.145669 1.172110 0.310317,
        2.145669 1.146508 0.348635,
        2.145669 1.811024 1.377953,
        2.145669 1.062992 0.383228,
        2.145669 0.570866 0.383228,
        2.145669 -0.531496 0.372679,
        2.145669 0.531496 0.372679,
        2.145669 1.108193 0.374238,
        2.145669 1.181102 0.181850,
        2.145669 1.181102 0.265118,
        2.145669 -1.108193 0.374238,
        2.145669 -1.811024 1.377953,
        2.145669 -1.062992 0.383228,
        2.145669 -1.181102 0.181850,
        2.145669 -1.811024 0.181850,
        2.145669 -1.181102 0.265118,
        2.145669 -1.172110 0.310317,
        2.145669 0.502673 0.343858,
        2.145669 -0.502673 0.343858,
        2.145669 -1.146508 0.348635,
        2.145669 -0.570866 0.383228,
        2.303150 0.531496 0.372679,
        2.303150 0.502673 0.343858,
        2.303150 0.570866 0.383228,
        2.303150 -1.062992 0.383228,
        2.303150 -0.570866 0.383228,
        2.303150 1.062992 0.383228,
        2.303150 -0.502673 0.343858,
        2.303150 -0.531496 0.372679,
        2.303150 1.172110 0.310317,
        2.303150 1.811024 0.087362,
        2.303150 1.146508 0.348635,
        2.303150 1.811024 1.417323,
        2.303150 1.108193 0.374238,
        2.303150 0.570917 1.417323,
        2.303150 0.559386 1.389484,
        2.303150 1.181102 0.265118,
        2.303150 1.181102 0.087362,
        2.303150 -1.181102 0.265118,
        2.303150 -1.811024 0.103110,
        2.303150 -1.181102 0.103110,
        2.303150 -1.108193 0.374238,
        2.303150 -1.811024 1.417323,
        2.303150 -1.172110 0.310317,
        2.303150 -1.146508 0.348635,
        2.342705 -0.461248 -1.254256,
        2.342705 0.461244 -1.254256,
        2.373669 0.474823 -1.212039,
        2.436661 -0.489969 -1.126150,
        2.436602 0.490264 -1.126228,
        2.404969 -0.484496 -1.169362,
        2.373669 -0.474823 -1.212039,
        2.404969 0.484496 -1.169362,
        2.215720 -0.485835 -1.161118,
        2.244445 -0.490354 -1.121949,
        2.313551 -0.436102 -1.310717,
        2.153197 -0.440720 -1.301665,
        2.145669 -0.395843 -1.375075,
        2.176350 -0.469783 -1.229280,
        2.303150 -0.327046 -1.450413,
        2.145669 -0.244192 -1.509945,
        2.303150 -0.244192 -1.509945,
        2.145669 -0.327046 -1.450413,
        2.303150 -0.395843 -1.375075,
        2.145669 -0.150844 -1.551114,
        2.303150 -0.150844 -1.551114,
        2.145669 0.150844 -1.551114,
        2.303150 0.150844 -1.551114,
        2.303150 0.051012 -1.572154,
        2.145669 0.051012 -1.572154,
        2.303150 -0.051012 -1.572154,
        2.145669 -0.051012 -1.572154,
        2.303150 0.244192 -1.509945,
        2.145669 0.327046 -1.450413,
        2.303150 0.327046 -1.450413,
        2.145669 0.244192 -1.509945,
        2.215720 0.485835 -1.161118,
        2.176346 0.469783 -1.229283,
        2.244445 0.490354 -1.121949,
        2.145669 0.395843 -1.375075,
        2.303150 0.395843 -1.375075,
        2.313579 0.436138 -1.310642,
        2.153201 0.440732 -1.301646,
        2.257024 -1.181102 -0.008245,
        2.205933 -1.181102 -0.042383,
        2.145669 -1.181102 -0.054370,
        2.066929 -1.181102 0.103110,
        1.677902 -1.181102 -0.054370,
        1.677902 -1.181102 0.103110,
        2.291161 -1.181102 0.042845,
        2.135118 -1.181102 0.142480,
        2.106299 -1.181102 0.113659,
        2.106299 -1.811024 0.113659,
        2.066929 -1.811024 0.103110,
        2.135118 -1.811024 0.142480,
        2.257024 -1.811024 -0.008245,
        2.205933 -1.811024 1.562815,
        2.134138 -1.811024 1.405791,
        2.257024 -1.811024 1.528677,
        2.291161 -1.811024 1.477587,
        2.145669 -1.811024 -0.054370,
        2.205933 -1.811024 -0.042383,
        2.291161 -1.811024 0.042845,
        1.354287 -1.811024 -0.054370,
        1.354287 -1.811024 0.103110,
        1.354287 -1.496063 -0.054370,
        1.354287 -1.496063 0.103110,
        2.144398 0.557685 1.387878,
        2.132386 0.569657 1.407441,
        2.134138 1.811024 1.405791,
        2.205933 1.811024 1.562815,
        2.261638 1.811024 -0.012858,
        2.135118 1.811024 0.142480,
        2.161417 1.811024 -0.054370,
        2.066929 1.811024 0.103110,
        2.106299 1.811024 0.113659,
        2.215657 1.811024 -0.043581,
        1.354287 1.811024 -0.054370,
        1.354287 1.811024 0.103110,
        2.292362 1.811024 0.033124,
        2.257024 1.811024 1.528677,
        2.291161 1.811024 1.477587,
        2.106299 1.181102 0.113659,
        2.066929 1.181102 0.103110,
        2.135118 1.181102 0.142480,
        2.292362 1.181102 0.033124,
        2.161417 1.181102 -0.054370,
        2.261638 1.181102 -0.012858,
        1.677902 1.181102 -0.054370,
        2.215657 1.181102 -0.043581,
        1.677902 1.181102 0.103110,
        1.354287 1.496063 -0.054370,
        1.354287 1.496063 0.103110,
        2.257024 0.570917 1.528677,
        2.291161 0.570917 1.477587,
        2.205933 0.570917 1.562815,
        -2.205933 0.570917 1.562815,
        -2.257024 0.570917 1.528677,
        -2.291161 0.570917 1.477587,
        -2.132386 0.569657 1.407441,
        -2.144398 0.557685 1.387878,
        -2.134138 1.811024 1.405791,
        -2.205933 1.811024 1.562815,
        -2.257024 1.811024 1.528677,
        -2.291161 1.811024 1.477587,
        -2.135118 1.811024 0.142480,
        -2.161417 1.811024 -0.054370,
        -2.215657 1.811024 -0.043581,
        -2.261638 1.811024 -0.012858,
        -2.292362 1.811024 0.033124,
        -2.066929 1.811024 0.103110,
        -2.106299 1.811024 0.113659,
        -1.354287 1.811024 -0.054370,
        -1.354287 1.811024 0.103110,
        -2.261638 1.181102 -0.012858,
        -2.292362 1.181102 0.033124,
        -2.215657 1.181102 -0.043581,
        -2.161417 1.181102 -0.054370,
        -2.066929 1.181102 0.103110,
        -1.677902 1.181102 -0.054370,
        -1.677902 1.181102 0.103110,
        -2.106299 1.181102 0.113659,
        -2.135118 1.181102 0.142480,
        -1.354287 1.496063 0.103110,
        -1.354287 1.496063 -0.054370,
        -2.215720 -0.485835 -1.161118,
        -2.215720 0.485835 -1.161118,
        -2.244445 0.490354 -1.121949,
        -2.244445 -0.490354 -1.121949,
        -2.404969 0.484496 -1.169362,
        -2.436661 0.489969 -1.126150,
        -2.313551 0.436098 -1.310720,
        -2.153193 0.440717 -1.301669,
        -2.145669 0.395843 -1.375075,
        -2.176346 0.469780 -1.229283,
        -2.342705 0.461244 -1.254256,
        -2.373669 0.474823 -1.212039,
        -2.303150 0.327046 -1.450413,
        -2.145669 0.244192 -1.509945,
        -2.303150 0.244192 -1.509945,
        -2.145669 0.327046 -1.450413,
        -2.303150 0.395843 -1.375075,
        -2.145669 0.150844 -1.551114,
        -2.303150 0.150844 -1.551114,
        -2.145669 -0.150844 -1.551114,
        -2.303150 -0.150844 -1.551114,
        -2.303150 -0.051012 -1.572154,
        -2.145669 -0.051012 -1.572154,
        -2.303150 0.051012 -1.572154,
        -2.145669 0.051012 -1.572154,
        -2.303150 -0.244192 -1.509945,
        -2.145669 -0.327046 -1.450413,
        -2.303150 -0.327046 -1.450413,
        -2.145669 -0.244192 -1.509945,
        -2.436602 -0.490264 -1.126228,
        -2.404969 -0.484496 -1.169362,
        -2.373669 -0.474823 -1.212039,
        -2.176346 -0.469780 -1.229287,
        -2.342705 -0.461244 -1.254256,
        -2.145669 -0.395843 -1.375075,
        -2.303150 -0.395843 -1.375075,
        -2.313579 -0.436142 -1.310642,
        -2.153201 -0.440728 -1.301650,
        1.279528 -2.913386 -0.196850,
        1.279528 -3.031496 -0.196850,
        1.161417 -3.031496 -0.314961,
        1.161417 -2.913386 -0.314961,
        1.161417 -3.031496 -1.397638,
        1.161417 -2.913386 -1.397638,
        0.953488 -2.913386 -1.572110,
        1.015016 -2.913386 -1.572110,
        0.953488 -3.031496 -1.572110,
        0.895669 -3.031496 -1.551067,
        0.895669 -2.913386 -1.551067,
        0.848535 -3.031496 -1.511516,
        0.848535 -2.913386 -1.511516,
        0.817772 -2.913386 -1.458232,
        0.817772 -3.031496 -1.458232,
        0.807087 -3.031496 -1.397638,
        0.807087 -2.913386 -1.397638,
        1.015016 -3.031496 -1.572110,
        1.072835 -3.031496 -1.551067,
        1.072835 -2.913386 -1.551067,
        1.119969 -2.913386 -1.511516,
        1.119969 -3.031496 -1.511516,
        1.150732 -2.913386 -1.458232,
        1.150732 -3.031496 -1.458232,
        0.807087 -3.031496 -0.314961,
        0.688976 -3.031240 0.064744,
        0.688976 -3.031496 -0.022437,
        0.688976 -3.031496 -0.109644,
        1.279528 -3.031496 -0.109663,
        1.279528 -3.031496 -0.022476,
        1.279528 -3.029969 0.064687,
        0.688976 -3.031496 -0.196850,
        0.807087 -2.913386 -0.314961,
        1.279528 -2.913386 0.064764,
        0.688976 -2.913386 0.064764,
        0.688976 -2.913386 -0.196850,
        1.279528 -2.519685 0.354331,
        1.279528 -2.623850 0.472909,
        1.279528 -2.623819 0.354331,
        1.279528 -2.801303 0.431697,
        1.279528 -2.698764 0.344464,
        1.279528 -2.714984 0.462063,
        1.279528 -2.828575 0.269519,
        1.279528 -2.878516 0.382980,
        1.279528 -2.942823 0.318494,
        1.279528 -2.768602 0.315536,
        1.279528 -2.903520 0.139709,
        1.279528 -2.991126 0.241580,
        1.279528 -3.021173 0.155374,
        1.279528 -2.874591 0.209547,
        1.279528 -2.519685 0.472441,
        -1.811024 -2.519685 0.472441,
        -1.811024 -2.519685 0.354331,
        -1.279528 -2.519685 0.354331,
        -1.279528 -2.519685 0.472441,
        1.811024 -2.519685 0.354331,
        1.811024 -2.519685 0.472441,
        -1.279528 -2.714984 0.462063,
        -1.279528 -2.623819 0.354331,
        -1.279528 -2.698764 0.344464,
        -1.279528 -2.913386 -0.196850,
        -1.279528 -3.031496 -0.109663,
        -1.279528 -3.031496 -0.022476,
        -1.279528 -2.768602 0.315536,
        -1.279528 -2.878516 0.382980,
        -1.279528 -2.801303 0.431697,
        -1.279528 -2.874591 0.209547,
        -1.279528 -2.991126 0.241580,
        -1.279528 -2.942823 0.318494,
        -1.279528 -2.828575 0.269519,
        -1.279528 -3.029969 0.064687,
        -1.279528 -2.913386 0.064764,
        -1.279528 -3.021173 0.155374,
        -1.279528 -2.903520 0.139709,
        -1.279528 -3.031496 -0.196850,
        -1.279528 -2.623850 0.472909,
        -0.688976 -2.536780 0.474657,
        -0.688976 -2.449409 0.472441,
        -1.811024 -2.362205 0.472441,
        -0.688976 -2.362205 0.472441,
        -0.688976 -2.623799 0.472185,
        -1.811024 -2.362205 0.354331,
        -1.279528 2.734465 0.426024,
        -1.279528 2.679945 0.317741,
        -1.279528 2.666713 0.460547,
        -1.279528 2.591610 0.472441,
        -1.279528 2.639417 0.344821,
        -1.279528 2.591610 0.354331,
        -1.279528 2.362205 0.354331,
        -1.279528 2.362205 0.472441,
        -1.279528 2.788232 0.372258,
        -1.279528 2.707028 0.277213,
        -1.279528 2.822752 0.304508,
        -1.279528 2.716535 0.229406,
        -1.279528 2.834646 0.229406,
        -1.279528 2.716535 -0.196850,
        -1.279528 2.834646 -0.196850,
        -1.161417 2.716535 -0.314961,
        -1.161417 2.834646 -0.314961,
        -1.119969 2.716535 -1.511516,
        -1.072835 2.716535 -1.551067,
        -1.161417 2.716535 -1.397638,
        -0.688976 2.716535 0.229406,
        -0.807087 2.716535 -0.314961,
        -0.688976 2.716535 -0.196850,
        -1.015016 2.716535 -1.572110,
        -1.150732 2.716535 -1.458232,
        -0.953488 2.716535 -1.572110,
        -0.807087 2.716535 -1.397638,
        -0.895669 2.716535 -1.551067,
        -0.817772 2.716535 -1.458232,
        -0.848535 2.716535 -1.511516,
        -0.953488 2.834646 -1.572110,
        -0.895669 2.834646 -1.551067,
        -0.848535 2.834646 -1.511516,
        -0.817772 2.834646 -1.458232,
        -0.807087 2.834646 -1.397638,
        -1.015016 2.834646 -1.572110,
        -1.072835 2.834646 -1.551067,
        -1.119969 2.834646 -1.511516,
        -1.150732 2.834646 -1.458232,
        -1.161417 2.834646 -1.397638,
        -0.807087 2.834646 -0.314961,
        -0.688976 2.834646 0.229406,
        -0.688976 2.834646 -0.196850,
        -0.688976 2.734465 0.426024,
        -0.688976 2.666713 0.460547,
        -0.688976 2.679945 0.317741,
        -0.688976 2.707028 0.277213,
        -0.688976 2.822752 0.304508,
        -0.688976 2.788232 0.372258,
        -0.688976 2.639417 0.344821,
        -0.688976 2.591610 0.472441,
        -0.688976 2.591610 0.354331,
        -0.688976 2.362205 0.472441,
        -0.688976 2.362205 0.354331,
        1.279528 2.734465 0.426024,
        1.279528 2.666713 0.460547,
        1.279528 2.679945 0.317741,
        1.279528 2.707028 0.277213,
        1.279528 2.822752 0.304508,
        1.279528 2.788232 0.372258,
        1.279528 2.639417 0.344821,
        1.279528 2.591610 0.472441,
        1.279528 2.591610 0.354331,
        1.279528 2.362205 0.472441,
        1.279528 2.362205 0.354331,
        1.279528 2.716535 0.229406,
        1.279528 2.834646 0.229406,
        1.279528 2.716535 -0.196850,
        1.279528 2.834646 -0.196850,
        1.161417 2.716535 -0.314961,
        1.161417 2.834646 -0.314961,
        1.161417 2.716535 -1.397638,
        1.161417 2.834646 -1.397638,
        0.953488 2.834646 -1.572110,
        1.015016 2.834646 -1.572110,
        0.953488 2.716535 -1.572110,
        0.895669 2.716535 -1.551067,
        0.895669 2.834646 -1.551067,
        0.848535 2.716535 -1.511516,
        0.848535 2.834646 -1.511516,
        0.817772 2.834646 -1.458232,
        0.817772 2.716535 -1.458232,
        0.807087 2.716535 -1.397638,
        0.807087 2.834646 -1.397638,
        1.015016 2.716535 -1.572110,
        1.072835 2.716535 -1.551067,
        1.072835 2.834646 -1.551067,
        1.119969 2.834646 -1.511516,
        1.119969 2.716535 -1.511516,
        1.150732 2.834646 -1.458232,
        1.150732 2.716535 -1.458232,
        0.688976 2.716535 0.229406,
        0.807087 2.716535 -0.314961,
        0.688976 2.716535 -0.196850,
        0.807087 2.834646 -0.314961,
        0.688976 2.834646 0.229406,
        0.688976 2.834646 -0.196850,
        0.688976 2.734465 0.426024,
        0.688976 2.788228 0.372258,
        0.688976 2.822752 0.304508,
        0.688976 2.666713 0.460547,
        0.688976 2.591610 0.472441,
        0.688976 2.362205 0.472441,
        0.688976 2.679945 0.317741,
        0.688976 2.639417 0.344821,
        0.688976 2.591610 0.354331,
        0.688976 2.362205 0.354331,
        0.688976 2.707028 0.277213,
        0.295276 -2.449409 0.472441,
        0.295276 -2.362205 0.354331,
        0.295276 -2.362205 0.472441,
        0.295276 -2.801583 0.431520,
        0.295276 -2.878441 0.383003,
        0.295276 -2.768602 0.315536,
        0.295276 -2.623819 0.354331,
        0.295276 -2.623799 0.472185,
        0.295276 -2.715287 0.461969,
        0.295276 -2.698764 0.344464,
        0.295276 -2.942846 0.318513,
        0.295276 -2.828575 0.269519,
        0.295276 -2.536780 0.474657,
        0.295276 -2.991461 0.240673,
        0.295276 -2.874591 0.209547,
        0.295276 -2.903520 0.139709,
        0.295276 -3.019256 0.154805,
        0.295276 -3.031240 0.064744,
        0.295276 -2.913386 0.064764,
        0.295276 -3.031496 -0.022437,
        0.295276 -2.913386 -0.196850,
        0.295276 -3.031496 -0.109644,
        0.295276 -3.031496 -0.196850,
        0.177165 -3.031496 -0.314961,
        0.177165 -2.913386 -0.314961,
        0.177165 -3.031496 -1.397638,
        0.177165 -2.913386 -1.397638,
        -0.030764 -2.913386 -1.572110,
        0.030764 -2.913386 -1.572110,
        -0.030764 -3.031496 -1.572110,
        -0.088583 -3.031496 -1.551067,
        -0.088583 -2.913386 -1.551067,
        -0.135717 -3.031496 -1.511516,
        -0.135717 -2.913386 -1.511516,
        -0.166481 -2.913386 -1.458232,
        -0.166481 -3.031496 -1.458232,
        -0.177165 -3.031496 -1.397638,
        -0.177165 -2.913386 -1.397638,
        0.030764 -3.031496 -1.572110,
        0.088583 -3.031496 -1.551067,
        0.088583 -2.913386 -1.551067,
        0.135717 -2.913386 -1.511516,
        0.135717 -3.031496 -1.511516,
        0.166481 -2.913386 -1.458232,
        0.166481 -3.031496 -1.458232,
        -0.177165 -3.031496 -0.314961,
        -0.295276 -3.031240 0.064744,
        -0.295276 -3.031496 -0.022437,
        -0.295276 -3.031496 -0.109644,
        -0.295276 -3.031496 -0.196850,
        -0.177165 -2.913386 -0.314961,
        -0.295276 -2.913386 0.064764,
        -0.295276 -2.913386 -0.196850,
        -0.295276 -2.768602 0.315536,
        -0.295276 -2.698764 0.344464,
        -0.295276 -2.623819 0.354331,
        -0.295276 -2.903520 0.139709,
        -0.295276 -2.874591 0.209547,
        -0.295276 -2.828575 0.269519,
        -0.295276 -2.362205 0.354331,
        -0.295276 -2.449409 0.472441,
        -0.295276 -2.362205 0.472441,
        -0.295276 -2.801583 0.431520,
        -0.295276 -2.878441 0.383003,
        -0.295276 -2.715287 0.461969,
        -0.295276 -2.623799 0.472185,
        -0.295276 -2.942846 0.318513,
        -0.295276 -2.536780 0.474657,
        -0.295276 -2.991461 0.240673,
        -0.295276 -3.019256 0.154805,
        1.811024 -2.362205 0.354331,
        0.688976 -2.623819 0.354331,
        0.688976 -2.362205 0.354331,
        1.811024 -2.362205 0.472441,
        0.688976 -2.536780 0.474657,
        0.688976 -2.449409 0.472441,
        0.688976 -2.623799 0.472185,
        0.688976 -2.362205 0.472441,
        0.688976 -2.942846 0.318513,
        0.688976 -2.878441 0.383003,
        0.688976 -2.801583 0.431520,
        0.688976 -2.715287 0.461969,
        0.688976 -2.991461 0.240673,
        0.688976 -3.019256 0.154805,
        0.688976 -2.768602 0.315536,
        0.688976 -2.698764 0.344464,
        0.688976 -2.828575 0.269519,
        0.688976 -2.874591 0.209547,
        0.688976 -2.903520 0.139709,
        -0.688976 -2.623819 0.354331,
        -0.688976 -2.362205 0.354331,
        -0.688976 -2.698764 0.344464,
        -0.688976 -2.768602 0.315536,
        -0.688976 -2.874591 0.209547,
        -0.688976 -2.903520 0.139709,
        -0.688976 -2.828575 0.269519,
        -0.688976 -2.913386 0.064764,
        -0.688976 -2.801583 0.431520,
        -0.688976 -2.878441 0.383003,
        -0.688976 -2.715287 0.461969,
        -0.688976 -2.942846 0.318513,
        -0.688976 -2.991461 0.240673,
        -0.688976 -3.019256 0.154805,
        -0.688976 -3.031240 0.064744,
        -0.688976 -3.031496 -0.022437,
        -0.688976 -2.913386 -0.196850,
        -0.688976 -3.031496 -0.109644,
        -0.688976 -3.031496 -0.196850,
        -0.807087 -3.031496 -0.314961,
        -0.807087 -2.913386 -0.314961,
        -0.807087 -3.031496 -1.397638,
        -0.807087 -2.913386 -1.397638,
        -1.015016 -2.913386 -1.572110,
        -0.953488 -2.913386 -1.572110,
        -1.015016 -3.031496 -1.572110,
        -1.072835 -3.031496 -1.551067,
        -1.072835 -2.913386 -1.551067,
        -1.119969 -3.031496 -1.511516,
        -1.119969 -2.913386 -1.511516,
        -1.150732 -2.913386 -1.458232,
        -1.150732 -3.031496 -1.458232,
        -1.161417 -3.031496 -1.397638,
        -1.161417 -2.913386 -1.397638,
        -0.953488 -3.031496 -1.572110,
        -0.895669 -3.031496 -1.551067,
        -0.895669 -2.913386 -1.551067,
        -0.848535 -2.913386 -1.511516,
        -0.848535 -3.031496 -1.511516,
        -0.817772 -2.913386 -1.458232,
        -0.817772 -3.031496 -1.458232,
        -1.161417 -3.031496 -0.314961,
        -1.161417 -2.913386 -0.314961,
      ]
    }
    coordIndex [
      0, 1, 2, -1,
      0, 2, 3, -1,
      4, 5, 6, -1,
      6, 7, 4, -1,
      8, 9, 10, -1,
      8, 10, 11, -1,
      12, 13, 14, -1,
      12, 15, 13, -1,
      16, 17, 18, -1,
      19, 20, 21, -1,
      22, 23, 24, -1,
      25, 26, 27, -1,
      28, 29, 30, -1,
      31, 32, 33, -1,
      34, 35, 36, -1,
      37, 38, 39, -1,
      40, 41, 42, -1,
      43, 41, 44, -1,
      45, 46, 42, -1,
      40, 42, 46, -1,
      45, 47, 48, -1,
      48, 46, 45, -1,
      49, 47, 50, -1,
      47, 49, 48, -1,
      44, 34, 43, -1,
      49, 50, 51, -1,
      40, 44, 41, -1,
      36, 35, 39, -1,
      43, 34, 36, -1,
      38, 37, 29, -1,
      39, 35, 37, -1,
      31, 28, 30, -1,
      28, 38, 29, -1,
      24, 33, 32, -1,
      32, 31, 30, -1,
      22, 25, 23, -1,
      24, 23, 33, -1,
      26, 17, 27, -1,
      22, 26, 25, -1,
      16, 18, 21, -1,
      27, 17, 16, -1,
      19, 21, 18, -1,
      52, 53, 54, -1,
      55, 56, 57, -1,
      58, 59, 54, -1,
      52, 54, 59, -1,
      58, 60, 61, -1,
      61, 59, 58, -1,
      61, 60, 62, -1,
      63, 62, 64, -1,
      60, 64, 62, -1,
      65, 19, 63, -1,
      63, 64, 65, -1,
      20, 19, 65, -1,
      53, 52, 66, -1,
      67, 66, 68, -1,
      66, 67, 53, -1,
      69, 70, 68, -1,
      67, 68, 70, -1,
      71, 72, 70, -1,
      70, 69, 71, -1,
      72, 73, 74, -1,
      73, 72, 71, -1,
      56, 74, 57, -1,
      73, 57, 74, -1,
      75, 76, 77, -1,
      78, 79, 80, -1,
      51, 81, 82, -1,
      83, 82, 81, -1,
      50, 81, 51, -1,
      83, 76, 75, -1,
      83, 75, 82, -1,
      77, 79, 78, -1,
      76, 79, 77, -1,
      55, 80, 56, -1,
      78, 80, 55, -1,
      72, 67, 70, -1,
      84, 85, 74, -1,
      85, 67, 74, -1,
      67, 72, 74, -1,
      85, 53, 67, -1,
      84, 74, 56, -1,
      84, 86, 87, -1,
      56, 88, 89, -1,
      90, 53, 85, -1,
      91, 53, 92, -1,
      93, 53, 91, -1,
      92, 53, 90, -1,
      85, 87, 90, -1,
      87, 85, 84, -1,
      89, 86, 56, -1,
      56, 86, 84, -1,
      94, 95, 96, -1,
      97, 98, 99, -1,
      100, 101, 102, -1,
      103, 104, 105, -1,
      106, 99, 98, -1,
      107, 108, 109, -1,
      110, 111, 112, -1,
      113, 114, 97, -1,
      115, 116, 117, -1,
      118, 119, 120, -1,
      121, 122, 123, -1,
      124, 121, 123, -1,
      115, 124, 123, -1,
      120, 117, 116, -1,
      117, 124, 115, -1,
      111, 119, 118, -1,
      118, 120, 116, -1,
      112, 113, 110, -1,
      111, 110, 119, -1,
      114, 98, 97, -1,
      112, 114, 113, -1,
      108, 99, 106, -1,
      109, 105, 107, -1,
      106, 109, 108, -1,
      104, 103, 101, -1,
      107, 105, 104, -1,
      102, 101, 103, -1,
      100, 95, 94, -1,
      100, 102, 95, -1,
      90, 87, 96, -1,
      87, 94, 96, -1,
      125, 115, 123, -1,
      94, 89, 100, -1,
      115, 126, 116, -1,
      126, 115, 125, -1,
      118, 116, 127, -1,
      126, 127, 116, -1,
      128, 111, 118, -1,
      118, 127, 128, -1,
      111, 129, 112, -1,
      129, 111, 128, -1,
      114, 112, 130, -1,
      129, 130, 112, -1,
      131, 98, 114, -1,
      114, 130, 131, -1,
      98, 132, 106, -1,
      132, 98, 131, -1,
      109, 106, 133, -1,
      132, 133, 106, -1,
      134, 105, 109, -1,
      109, 133, 134, -1,
      105, 135, 103, -1,
      135, 105, 134, -1,
      102, 103, 136, -1,
      135, 136, 103, -1,
      137, 95, 102, -1,
      102, 136, 137, -1,
      92, 90, 96, -1,
      95, 137, 91, -1,
      91, 92, 96, -1,
      95, 91, 96, -1,
      138, 125, 123, -1,
      123, 122, 138, -1,
      122, 121, 139, -1,
      139, 138, 122, -1,
      140, 121, 124, -1,
      121, 140, 139, -1,
      117, 141, 124, -1,
      140, 124, 141, -1,
      117, 120, 142, -1,
      142, 141, 117, -1,
      143, 120, 119, -1,
      120, 143, 142, -1,
      110, 144, 119, -1,
      143, 119, 144, -1,
      110, 113, 145, -1,
      145, 144, 110, -1,
      146, 113, 97, -1,
      113, 146, 145, -1,
      99, 147, 97, -1,
      146, 97, 147, -1,
      99, 108, 148, -1,
      148, 147, 99, -1,
      149, 108, 107, -1,
      108, 149, 148, -1,
      104, 150, 107, -1,
      149, 107, 150, -1,
      104, 101, 151, -1,
      151, 150, 104, -1,
      152, 101, 100, -1,
      101, 152, 151, -1,
      152, 100, 89, -1,
      89, 94, 86, -1,
      94, 87, 86, -1,
      153, 138, 154, -1,
      155, 126, 125, -1,
      155, 125, 153, -1,
      156, 157, 127, -1,
      156, 126, 155, -1,
      129, 128, 158, -1,
      128, 127, 157, -1,
      127, 126, 156, -1,
      158, 128, 157, -1,
      153, 125, 138, -1,
      158, 159, 129, -1,
      131, 130, 160, -1,
      130, 159, 160, -1,
      161, 162, 132, -1,
      131, 160, 161, -1,
      163, 164, 136, -1,
      161, 132, 131, -1,
      134, 133, 165, -1,
      133, 162, 165, -1,
      166, 135, 134, -1,
      134, 165, 166, -1,
      135, 163, 136, -1,
      163, 135, 166, -1,
      93, 137, 164, -1,
      137, 93, 91, -1,
      137, 136, 164, -1,
      133, 132, 162, -1,
      129, 159, 130, -1,
      138, 139, 154, -1,
      167, 139, 140, -1,
      139, 167, 154, -1,
      141, 168, 140, -1,
      167, 140, 168, -1,
      141, 142, 169, -1,
      169, 168, 141, -1,
      170, 142, 143, -1,
      142, 170, 169, -1,
      144, 171, 143, -1,
      170, 143, 171, -1,
      144, 145, 172, -1,
      172, 171, 144, -1,
      173, 145, 146, -1,
      145, 173, 172, -1,
      147, 174, 146, -1,
      173, 146, 174, -1,
      147, 148, 175, -1,
      175, 174, 147, -1,
      176, 148, 149, -1,
      148, 176, 175, -1,
      150, 177, 149, -1,
      176, 149, 177, -1,
      150, 151, 178, -1,
      178, 177, 150, -1,
      179, 151, 152, -1,
      151, 179, 178, -1,
      179, 152, 88, -1,
      88, 152, 89, -1,
      54, 53, 93, -1,
      161, 21, 162, -1,
      164, 60, 58, -1,
      38, 28, 154, -1,
      93, 58, 54, -1,
      20, 65, 165, -1,
      166, 64, 163, -1,
      162, 21, 20, -1,
      161, 16, 21, -1,
      25, 27, 159, -1,
      160, 27, 16, -1,
      33, 23, 157, -1,
      158, 23, 25, -1,
      153, 31, 155, -1,
      155, 33, 156, -1,
      168, 36, 39, -1,
      38, 167, 39, -1,
      171, 43, 170, -1,
      169, 170, 36, -1,
      43, 171, 41, -1,
      171, 172, 41, -1,
      45, 173, 174, -1,
      173, 42, 172, -1,
      81, 50, 176, -1,
      175, 47, 174, -1,
      178, 76, 83, -1,
      177, 83, 81, -1,
      79, 76, 179, -1,
      178, 179, 76, -1,
      79, 88, 80, -1,
      88, 79, 179, -1,
      56, 80, 88, -1,
      176, 177, 81, -1,
      177, 178, 83, -1,
      175, 176, 50, -1,
      174, 47, 45, -1,
      175, 50, 47, -1,
      173, 45, 42, -1,
      172, 42, 41, -1,
      43, 36, 170, -1,
      169, 36, 168, -1,
      154, 167, 38, -1,
      167, 168, 39, -1,
      153, 154, 28, -1,
      155, 31, 33, -1,
      153, 28, 31, -1,
      157, 156, 33, -1,
      158, 157, 23, -1,
      159, 158, 25, -1,
      160, 159, 27, -1,
      161, 160, 16, -1,
      20, 165, 162, -1,
      166, 65, 64, -1,
      165, 65, 166, -1,
      60, 163, 64, -1,
      58, 93, 164, -1,
      163, 60, 164, -1,
      180, 181, 182, -1,
      183, 184, 185, -1,
      186, 187, 188, -1,
      188, 189, 186, -1,
      188, 190, 191, -1,
      192, 186, 193, -1,
      193, 194, 195, -1,
      196, 197, 198, -1,
      199, 200, 193, -1,
      201, 199, 193, -1,
      202, 203, 193, -1,
      202, 193, 200, -1,
      197, 196, 204, -1,
      204, 196, 205, -1,
      206, 207, 182, -1,
      182, 207, 180, -1,
      208, 184, 183, -1,
      209, 210, 183, -1,
      181, 211, 205, -1,
      180, 211, 181, -1,
      210, 212, 213, -1,
      195, 214, 215, -1,
      181, 205, 196, -1,
      196, 216, 203, -1,
      216, 196, 198, -1,
      193, 216, 194, -1,
      203, 216, 193, -1,
      217, 214, 218, -1,
      219, 215, 214, -1,
      220, 221, 222, -1,
      210, 208, 183, -1,
      184, 223, 185, -1,
      224, 225, 226, -1,
      223, 224, 185, -1,
      227, 226, 225, -1,
      185, 224, 226, -1,
      190, 228, 191, -1,
      195, 215, 229, -1,
      230, 220, 228, -1,
      193, 229, 192, -1,
      195, 229, 193, -1,
      186, 192, 187, -1,
      188, 187, 190, -1,
      228, 190, 230, -1,
      222, 231, 220, -1,
      220, 230, 221, -1,
      232, 183, 231, -1,
      220, 231, 183, -1,
      212, 210, 209, -1,
      183, 233, 209, -1,
      183, 232, 233, -1,
      212, 234, 213, -1,
      217, 218, 234, -1,
      213, 234, 218, -1,
      214, 217, 219, -1,
      235, 236, 237, -1,
      238, 239, 240, -1,
      241, 242, 243, -1,
      244, 245, 246, -1,
      247, 248, 249, -1,
      238, 250, 239, -1,
      251, 252, 253, -1,
      254, 255, 256, -1,
      256, 257, 258, -1,
      254, 256, 258, -1,
      259, 257, 256, -1,
      260, 261, 262, -1,
      263, 264, 265, -1,
      266, 262, 267, -1,
      268, 244, 269, -1,
      270, 264, 271, -1,
      245, 244, 272, -1,
      237, 246, 235, -1,
      236, 273, 274, -1,
      274, 237, 236, -1,
      275, 274, 273, -1,
      246, 237, 244, -1,
      276, 262, 261, -1,
      261, 277, 278, -1,
      279, 263, 280, -1,
      271, 281, 282, -1,
      256, 283, 262, -1,
      284, 271, 285, -1,
      252, 251, 286, -1,
      287, 288, 289, -1,
      288, 290, 291, -1,
      241, 287, 289, -1,
      242, 250, 243, -1,
      289, 242, 241, -1,
      242, 239, 250, -1,
      292, 262, 293, -1,
      294, 295, 296, -1,
      285, 294, 297, -1,
      296, 297, 294, -1,
      284, 285, 297, -1,
      298, 299, 300, -1,
      301, 302, 303, -1,
      304, 305, 306, -1,
      307, 300, 299, -1,
      271, 284, 308, -1,
      271, 308, 281, -1,
      309, 270, 282, -1,
      310, 270, 309, -1,
      271, 282, 270, -1,
      271, 264, 263, -1,
      263, 265, 280, -1,
      311, 312, 313, -1,
      314, 315, 316, -1,
      311, 317, 312, -1,
      318, 316, 315, -1,
      277, 319, 278, -1,
      244, 320, 321, -1,
      322, 318, 323, -1,
      322, 272, 324, -1,
      244, 321, 324, -1,
      325, 326, 327, -1,
      323, 325, 327, -1,
      326, 328, 329, -1,
      326, 329, 327, -1,
      328, 306, 329, -1,
      328, 304, 306, -1,
      330, 305, 304, -1,
      331, 305, 332, -1,
      305, 333, 332, -1,
      334, 335, 333, -1,
      336, 298, 300, -1,
      337, 300, 307, -1,
      337, 338, 300, -1,
      300, 338, 312, -1,
      312, 338, 313, -1,
      339, 340, 317, -1,
      317, 311, 339, -1,
      317, 341, 312, -1,
      312, 341, 333, -1,
      333, 341, 334, -1,
      303, 342, 301, -1,
      343, 301, 344, -1,
      302, 345, 303, -1,
      346, 347, 348, -1,
      293, 347, 349, -1,
      293, 350, 347, -1,
      293, 262, 350, -1,
      262, 292, 267, -1,
      351, 352, 353, -1,
      279, 280, 354, -1,
      279, 355, 263, -1,
      302, 356, 345, -1,
      344, 301, 342, -1,
      343, 344, 357, -1,
      357, 334, 343, -1,
      357, 335, 334, -1,
      358, 333, 305, -1,
      335, 332, 333, -1,
      249, 283, 256, -1,
      359, 305, 360, -1,
      359, 360, 361, -1,
      306, 305, 359, -1,
      358, 305, 330, -1,
      362, 251, 359, -1,
      363, 286, 364, -1,
      262, 283, 350, -1,
      349, 347, 346, -1,
      345, 356, 348, -1,
      346, 348, 356, -1,
      363, 256, 365, -1,
      362, 286, 251, -1,
      363, 364, 256, -1,
      256, 364, 249, -1,
      360, 248, 361, -1,
      249, 248, 283, -1,
      360, 283, 248, -1,
      362, 359, 361, -1,
      365, 255, 291, -1,
      366, 252, 367, -1,
      364, 286, 362, -1,
      252, 368, 367, -1,
      253, 252, 366, -1,
      289, 291, 255, -1,
      253, 291, 290, -1,
      366, 291, 253, -1,
      291, 289, 288, -1,
      255, 365, 256, -1,
      318, 322, 316, -1,
      269, 369, 268, -1,
      314, 354, 315, -1,
      327, 322, 323, -1,
      244, 268, 320, -1,
      244, 324, 272, -1,
      322, 327, 272, -1,
      370, 269, 319, -1,
      279, 354, 314, -1,
      355, 351, 263, -1,
      353, 352, 267, -1,
      355, 352, 351, -1,
      267, 352, 266, -1,
      262, 266, 260, -1,
      261, 260, 277, -1,
      319, 277, 370, -1,
      369, 269, 371, -1,
      269, 370, 371, -1,
      372, 373, 374, -1,
      375, 376, 377, -1,
      376, 375, 378, -1,
      379, 380, 381, -1,
      382, 380, 383, -1,
      382, 381, 380, -1,
      382, 383, 378, -1,
      383, 376, 378, -1,
      376, 383, 384, -1,
      320, 385, 386, -1,
      387, 268, 369, -1,
      388, 389, 322, -1,
      324, 321, 390, -1,
      391, 392, 314, -1,
      314, 316, 391, -1,
      393, 279, 392, -1,
      314, 392, 279, -1,
      316, 322, 389, -1,
      389, 391, 316, -1,
      388, 324, 390, -1,
      388, 322, 324, -1,
      321, 320, 386, -1,
      390, 321, 386, -1,
      268, 387, 385, -1,
      320, 268, 385, -1,
      394, 395, 396, -1,
      397, 398, 399, -1,
      400, 394, 401, -1,
      402, 397, 403, -1,
      398, 397, 404, -1,
      405, 402, 406, -1,
      407, 408, 398, -1,
      409, 410, 411, -1,
      412, 402, 413, -1,
      414, 402, 412, -1,
      415, 402, 416, -1,
      415, 413, 402, -1,
      411, 417, 409, -1,
      417, 418, 409, -1,
      419, 420, 421, -1,
      420, 422, 421, -1,
      421, 423, 419, -1,
      424, 423, 421, -1,
      400, 425, 426, -1,
      422, 420, 427, -1,
      428, 429, 430, -1,
      427, 418, 431, -1,
      422, 427, 431, -1,
      432, 433, 434, -1,
      406, 435, 436, -1,
      427, 409, 418, -1,
      409, 416, 437, -1,
      437, 410, 409, -1,
      402, 405, 437, -1,
      416, 402, 437, -1,
      426, 433, 438, -1,
      439, 436, 440, -1,
      441, 430, 442, -1,
      394, 443, 401, -1,
      400, 401, 425, -1,
      444, 445, 446, -1,
      443, 394, 396, -1,
      395, 444, 446, -1,
      446, 445, 447, -1,
      395, 446, 396, -1,
      429, 408, 407, -1,
      438, 448, 426, -1,
      449, 442, 400, -1,
      430, 400, 442, -1,
      426, 448, 400, -1,
      400, 448, 450, -1,
      400, 450, 449, -1,
      438, 433, 432, -1,
      436, 439, 434, -1,
      432, 434, 439, -1,
      435, 406, 451, -1,
      440, 436, 435, -1,
      402, 403, 451, -1,
      406, 402, 451, -1,
      397, 399, 403, -1,
      398, 408, 399, -1,
      429, 428, 408, -1,
      441, 452, 430, -1,
      430, 452, 428, -1,
      453, 454, 455, -1,
      456, 457, 458, -1,
      459, 457, 456, -1,
      460, 461, 462, -1,
      463, 464, 458, -1,
      458, 457, 463, -1,
      465, 466, 464, -1,
      464, 463, 467, -1,
      467, 465, 464, -1,
      468, 464, 466, -1,
      469, 470, 471, -1,
      472, 458, 464, -1,
      473, 474, 387, -1,
      475, 464, 476, -1,
      388, 462, 477, -1,
      461, 477, 462, -1,
      478, 479, 480, -1,
      453, 481, 460, -1,
      482, 483, 484, -1,
      454, 483, 482, -1,
      485, 482, 484, -1,
      481, 453, 455, -1,
      454, 482, 455, -1,
      460, 462, 453, -1,
      486, 470, 476, -1,
      487, 476, 470, -1,
      389, 477, 488, -1,
      489, 490, 393, -1,
      489, 392, 491, -1,
      490, 489, 492, -1,
      464, 492, 472, -1,
      459, 493, 457, -1,
      494, 495, 457, -1,
      457, 493, 494, -1,
      494, 496, 495, -1,
      497, 495, 496, -1,
      498, 497, 479, -1,
      498, 495, 497, -1,
      498, 479, 499, -1,
      499, 479, 478, -1,
      469, 471, 500, -1,
      492, 501, 490, -1,
      502, 500, 474, -1,
      464, 475, 501, -1,
      492, 464, 501, -1,
      476, 487, 475, -1,
      470, 469, 487, -1,
      500, 502, 469, -1,
      474, 473, 502, -1,
      387, 474, 385, -1,
      386, 385, 462, -1,
      474, 462, 385, -1,
      389, 388, 477, -1,
      462, 388, 390, -1,
      462, 390, 386, -1,
      389, 488, 391, -1,
      392, 391, 491, -1,
      488, 491, 391, -1,
      489, 393, 392, -1,
      352, 490, 501, -1,
      393, 355, 279, -1,
      487, 469, 277, -1,
      260, 266, 475, -1,
      502, 473, 371, -1,
      371, 370, 502, -1,
      387, 369, 473, -1,
      371, 473, 369, -1,
      370, 277, 469, -1,
      469, 502, 370, -1,
      487, 260, 475, -1,
      487, 277, 260, -1,
      266, 352, 501, -1,
      475, 266, 501, -1,
      355, 393, 490, -1,
      352, 355, 490, -1,
      229, 435, 451, -1,
      440, 215, 219, -1,
      399, 408, 190, -1,
      187, 192, 403, -1,
      428, 452, 221, -1,
      221, 230, 428, -1,
      441, 222, 452, -1,
      221, 452, 222, -1,
      230, 190, 408, -1,
      408, 428, 230, -1,
      399, 187, 403, -1,
      399, 190, 187, -1,
      192, 229, 451, -1,
      403, 192, 451, -1,
      215, 440, 435, -1,
      229, 215, 435, -1,
      232, 442, 449, -1,
      441, 231, 222, -1,
      448, 438, 212, -1,
      209, 233, 450, -1,
      432, 439, 217, -1,
      217, 234, 432, -1,
      440, 219, 439, -1,
      217, 439, 219, -1,
      234, 212, 438, -1,
      438, 432, 234, -1,
      448, 209, 450, -1,
      448, 212, 209, -1,
      233, 232, 449, -1,
      450, 233, 449, -1,
      231, 441, 442, -1,
      232, 231, 442, -1,
      503, 504, 505, -1,
      505, 504, 506, -1,
      505, 506, 507, -1,
      503, 394, 504, -1,
      503, 395, 394, -1,
      505, 508, 503, -1,
      503, 508, 509, -1,
      503, 509, 395, -1,
      505, 510, 508, -1,
      505, 507, 510, -1,
      511, 512, 513, -1,
      514, 510, 507, -1,
      512, 511, 514, -1,
      514, 511, 510, -1,
      515, 516, 517, -1,
      518, 519, 520, -1,
      518, 509, 508, -1,
      508, 519, 518, -1,
      517, 516, 518, -1,
      516, 521, 522, -1,
      521, 516, 515, -1,
      517, 518, 520, -1,
      523, 524, 511, -1,
      508, 510, 519, -1,
      525, 526, 527, -1,
      528, 529, 530, -1,
      531, 532, 533, -1,
      534, 535, 530, -1,
      536, 528, 530, -1,
      537, 538, 539, -1,
      526, 540, 536, -1,
      525, 540, 526, -1,
      526, 536, 530, -1,
      534, 530, 529, -1,
      523, 511, 529, -1,
      534, 529, 511, -1,
      541, 511, 524, -1,
      533, 524, 531, -1,
      538, 532, 531, -1,
      538, 537, 532, -1,
      524, 533, 541, -1,
      541, 510, 511, -1,
      519, 510, 542, -1,
      510, 541, 542, -1,
      543, 523, 529, -1,
      543, 544, 523, -1,
      519, 542, 545, -1,
      545, 546, 519, -1,
      531, 547, 548, -1,
      538, 531, 548, -1,
      538, 548, 549, -1,
      531, 524, 547, -1,
      547, 524, 544, -1,
      524, 523, 544, -1,
      550, 551, 552, -1,
      553, 550, 552, -1,
      554, 555, 556, -1,
      557, 558, 559, -1,
      560, 550, 553, -1,
      561, 562, 563, -1,
      563, 564, 561, -1,
      558, 557, 565, -1,
      565, 566, 558, -1,
      558, 564, 563, -1,
      563, 560, 558, -1,
      560, 559, 558, -1,
      551, 539, 552, -1,
      559, 560, 553, -1,
      556, 539, 554, -1,
      539, 556, 552, -1,
      554, 539, 549, -1,
      538, 549, 539, -1,
      567, 568, 569, -1,
      570, 571, 572, -1,
      573, 567, 574, -1,
      574, 567, 569, -1,
      572, 575, 570, -1,
      576, 577, 578, -1,
      579, 572, 571, -1,
      575, 578, 570, -1,
      573, 577, 567, -1,
      575, 580, 581, -1,
      576, 575, 582, -1,
      575, 581, 582, -1,
      578, 575, 576, -1,
      578, 577, 573, -1,
      583, 568, 584, -1,
      569, 583, 585, -1,
      569, 568, 583, -1,
      583, 586, 585, -1,
      551, 587, 588, -1,
      589, 550, 560, -1,
      550, 587, 551, -1,
      539, 588, 537, -1,
      539, 551, 588, -1,
      589, 587, 550, -1,
      590, 591, 592, -1,
      537, 590, 593, -1,
      588, 587, 594, -1,
      589, 595, 596, -1,
      597, 598, 599, -1,
      599, 600, 597, -1,
      601, 602, 603, -1,
      595, 601, 603, -1,
      602, 601, 604, -1,
      598, 601, 599, -1,
      595, 589, 601, -1,
      599, 601, 589, -1,
      596, 587, 589, -1,
      537, 588, 594, -1,
      587, 596, 594, -1,
      537, 594, 591, -1,
      537, 593, 532, -1,
      591, 590, 537, -1,
      605, 606, 607, -1,
      608, 607, 609, -1,
      610, 611, 612, -1,
      613, 614, 615, -1,
      609, 616, 608, -1,
      610, 612, 617, -1,
      618, 611, 610, -1,
      617, 612, 613, -1,
      616, 609, 614, -1,
      617, 619, 620, -1,
      615, 621, 617, -1,
      617, 621, 619, -1,
      613, 615, 617, -1,
      613, 616, 614, -1,
      609, 607, 622, -1,
      622, 607, 606, -1,
      623, 622, 606, -1,
      624, 606, 605, -1,
      625, 541, 533, -1,
      593, 625, 533, -1,
      593, 533, 532, -1,
      625, 626, 541, -1,
      541, 626, 542, -1,
      626, 545, 542, -1,
      593, 554, 549, -1,
      627, 628, 629, -1,
      630, 631, 632, -1,
      547, 512, 514, -1,
      544, 512, 547, -1,
      544, 543, 513, -1,
      512, 544, 513, -1,
      543, 633, 513, -1,
      634, 630, 632, -1,
      543, 634, 633, -1,
      635, 632, 631, -1,
      634, 632, 633, -1,
      636, 632, 635, -1,
      546, 506, 637, -1,
      638, 627, 629, -1,
      506, 627, 637, -1,
      547, 514, 626, -1,
      626, 548, 547, -1,
      626, 625, 548, -1,
      639, 637, 627, -1,
      638, 639, 627, -1,
      546, 507, 506, -1,
      507, 546, 545, -1,
      514, 507, 545, -1,
      514, 545, 626, -1,
      548, 625, 549, -1,
      554, 593, 590, -1,
      549, 625, 593, -1,
      515, 517, 639, -1,
      515, 638, 521, -1,
      638, 515, 639, -1,
      521, 638, 629, -1,
      637, 639, 517, -1,
      520, 546, 637, -1,
      637, 517, 520, -1,
      520, 519, 546, -1,
      640, 641, 642, -1,
      522, 643, 644, -1,
      641, 645, 646, -1,
      641, 640, 645, -1,
      647, 646, 645, -1,
      640, 648, 645, -1,
      645, 648, 644, -1,
      643, 522, 628, -1,
      648, 522, 644, -1,
      629, 628, 521, -1,
      521, 628, 522, -1,
      640, 649, 650, -1,
      516, 648, 650, -1,
      640, 650, 648, -1,
      522, 648, 516, -1,
      642, 649, 640, -1,
      651, 642, 641, -1,
      642, 651, 649, -1,
      651, 641, 652, -1,
      504, 185, 653, -1,
      650, 649, 516, -1,
      652, 654, 655, -1,
      651, 652, 656, -1,
      651, 656, 649, -1,
      656, 652, 655, -1,
      654, 657, 658, -1,
      654, 652, 657, -1,
      649, 656, 627, -1,
      627, 516, 649, -1,
      518, 516, 627, -1,
      518, 627, 506, -1,
      506, 659, 518, -1,
      518, 659, 660, -1,
      506, 653, 659, -1,
      400, 183, 394, -1,
      183, 185, 394, -1,
      653, 506, 504, -1,
      185, 504, 394, -1,
      644, 656, 655, -1,
      645, 655, 654, -1,
      644, 655, 645, -1,
      643, 656, 644, -1,
      656, 643, 627, -1,
      643, 628, 627, -1,
      654, 661, 647, -1,
      661, 654, 658, -1,
      647, 645, 654, -1,
      662, 646, 647, -1,
      647, 661, 662, -1,
      652, 641, 646, -1,
      662, 657, 652, -1,
      662, 652, 646, -1,
      657, 662, 661, -1,
      661, 658, 657, -1,
      659, 663, 664, -1,
      509, 518, 660, -1,
      226, 665, 185, -1,
      185, 665, 653, -1,
      653, 663, 659, -1,
      665, 663, 653, -1,
      660, 664, 509, -1,
      659, 664, 660, -1,
      227, 663, 226, -1,
      663, 665, 226, -1,
      227, 447, 445, -1,
      445, 444, 227, -1,
      663, 444, 664, -1,
      444, 663, 227, -1,
      395, 664, 444, -1,
      509, 664, 395, -1,
      180, 421, 422, -1,
      424, 207, 206, -1,
      418, 417, 204, -1,
      205, 211, 431, -1,
      216, 410, 437, -1,
      198, 197, 411, -1,
      436, 214, 406, -1,
      405, 195, 194, -1,
      433, 426, 210, -1,
      218, 434, 213, -1,
      425, 401, 184, -1,
      184, 208, 425, -1,
      443, 223, 401, -1,
      184, 401, 223, -1,
      224, 443, 396, -1,
      443, 224, 223, -1,
      396, 446, 225, -1,
      225, 224, 396, -1,
      447, 227, 446, -1,
      225, 446, 227, -1,
      208, 210, 426, -1,
      426, 425, 208, -1,
      433, 213, 434, -1,
      433, 210, 213, -1,
      218, 214, 436, -1,
      434, 218, 436, -1,
      195, 405, 406, -1,
      214, 195, 406, -1,
      216, 437, 194, -1,
      194, 437, 405, -1,
      411, 410, 198, -1,
      198, 410, 216, -1,
      417, 197, 204, -1,
      417, 411, 197, -1,
      418, 205, 431, -1,
      418, 204, 205, -1,
      211, 180, 422, -1,
      431, 211, 422, -1,
      207, 424, 421, -1,
      180, 207, 421, -1,
      182, 666, 667, -1,
      206, 667, 419, -1,
      206, 419, 423, -1,
      206, 182, 667, -1,
      423, 424, 206, -1,
      419, 668, 420, -1,
      668, 419, 667, -1,
      420, 668, 669, -1,
      670, 671, 669, -1,
      669, 671, 420, -1,
      672, 671, 670, -1,
      670, 673, 672, -1,
      673, 674, 672, -1,
      675, 676, 677, -1,
      675, 678, 676, -1,
      673, 676, 678, -1,
      678, 674, 673, -1,
      679, 680, 681, -1,
      677, 682, 683, -1,
      683, 684, 677, -1,
      685, 678, 686, -1,
      687, 679, 681, -1,
      683, 682, 687, -1,
      679, 688, 689, -1,
      689, 680, 679, -1,
      687, 682, 679, -1,
      677, 684, 675, -1,
      690, 691, 692, -1,
      678, 675, 686, -1,
      693, 694, 695, -1,
      696, 695, 694, -1,
      694, 691, 690, -1,
      697, 698, 685, -1,
      699, 694, 690, -1,
      696, 694, 699, -1,
      692, 691, 674, -1,
      674, 700, 692, -1,
      678, 685, 700, -1,
      674, 678, 700, -1,
      624, 698, 586, -1,
      606, 624, 583, -1,
      698, 697, 586, -1,
      624, 586, 583, -1,
      685, 686, 697, -1,
      686, 675, 684, -1,
      697, 701, 702, -1,
      586, 697, 702, -1,
      586, 702, 585, -1,
      697, 686, 701, -1,
      701, 686, 703, -1,
      686, 684, 703, -1,
      704, 692, 700, -1,
      704, 700, 705, -1,
      703, 683, 706, -1,
      683, 703, 684, -1,
      707, 685, 698, -1,
      605, 707, 698, -1,
      605, 698, 624, -1,
      707, 708, 685, -1,
      685, 708, 700, -1,
      708, 705, 700, -1,
      709, 710, 711, -1,
      712, 706, 713, -1,
      712, 714, 715, -1,
      715, 706, 712, -1,
      711, 710, 712, -1,
      710, 716, 717, -1,
      716, 710, 709, -1,
      711, 712, 713, -1,
      705, 708, 673, -1,
      715, 676, 706, -1,
      718, 719, 720, -1,
      721, 704, 722, -1,
      723, 719, 718, -1,
      670, 669, 722, -1,
      722, 724, 721, -1,
      708, 707, 702, -1,
      707, 585, 702, -1,
      719, 724, 722, -1,
      723, 724, 719, -1,
      673, 670, 704, -1,
      670, 722, 704, -1,
      701, 673, 708, -1,
      673, 704, 705, -1,
      605, 585, 707, -1,
      605, 569, 585, -1,
      569, 605, 607, -1,
      708, 702, 701, -1,
      701, 676, 673, -1,
      706, 676, 703, -1,
      676, 701, 703, -1,
      573, 608, 616, -1,
      607, 574, 569, -1,
      574, 608, 573, -1,
      578, 616, 613, -1,
      578, 573, 616, -1,
      607, 608, 574, -1,
      612, 570, 578, -1,
      612, 578, 613, -1,
      618, 579, 571, -1,
      610, 579, 618, -1,
      610, 572, 579, -1,
      618, 571, 611, -1,
      571, 570, 611, -1,
      611, 570, 612, -1,
      725, 726, 727, -1,
      575, 728, 729, -1,
      730, 731, 732, -1,
      617, 575, 572, -1,
      610, 617, 572, -1,
      575, 617, 728, -1,
      729, 730, 732, -1,
      729, 728, 730, -1,
      725, 727, 731, -1,
      727, 732, 731, -1,
      733, 730, 728, -1,
      617, 620, 734, -1,
      735, 736, 737, -1,
      738, 725, 731, -1,
      739, 740, 741, -1,
      737, 742, 743, -1,
      741, 744, 745, -1,
      746, 747, 748, -1,
      749, 750, 751, -1,
      752, 753, 754, -1,
      752, 755, 753, -1,
      756, 729, 732, -1,
      756, 727, 757, -1,
      575, 729, 758, -1,
      756, 758, 729, -1,
      575, 758, 580, -1,
      727, 726, 757, -1,
      756, 732, 727, -1,
      754, 759, 760, -1,
      747, 755, 752, -1,
      726, 761, 762, -1,
      762, 757, 726, -1,
      762, 761, 759, -1,
      761, 760, 759, -1,
      754, 753, 759, -1,
      749, 746, 748, -1,
      746, 755, 747, -1,
      745, 751, 750, -1,
      750, 749, 748, -1,
      741, 740, 744, -1,
      745, 744, 751, -1,
      739, 742, 740, -1,
      743, 735, 737, -1,
      739, 743, 742, -1,
      735, 725, 736, -1,
      738, 736, 725, -1,
      738, 731, 733, -1,
      733, 728, 734, -1,
      733, 731, 730, -1,
      617, 734, 728, -1,
      760, 735, 743, -1,
      725, 761, 726, -1,
      735, 760, 761, -1,
      761, 725, 735, -1,
      741, 752, 754, -1,
      747, 745, 750, -1,
      760, 743, 739, -1,
      745, 747, 752, -1,
      748, 747, 750, -1,
      752, 741, 745, -1,
      760, 739, 754, -1,
      739, 741, 754, -1,
      620, 580, 758, -1,
      756, 733, 734, -1,
      581, 619, 621, -1,
      582, 581, 621, -1,
      581, 580, 619, -1,
      580, 620, 619, -1,
      756, 734, 758, -1,
      734, 620, 758, -1,
      577, 615, 614, -1,
      621, 576, 582, -1,
      576, 621, 615, -1,
      577, 576, 615, -1,
      609, 567, 577, -1,
      609, 577, 614, -1,
      623, 584, 568, -1,
      606, 584, 623, -1,
      606, 583, 584, -1,
      623, 568, 622, -1,
      568, 567, 622, -1,
      622, 567, 609, -1,
      759, 737, 736, -1,
      762, 736, 738, -1,
      736, 762, 759, -1,
      738, 757, 762, -1,
      738, 733, 757, -1,
      757, 733, 756, -1,
      749, 751, 744, -1,
      737, 759, 753, -1,
      749, 744, 746, -1,
      740, 742, 755, -1,
      740, 746, 744, -1,
      755, 746, 740, -1,
      737, 753, 742, -1,
      753, 755, 742, -1,
      696, 699, 724, -1,
      696, 723, 695, -1,
      723, 696, 724, -1,
      695, 723, 718, -1,
      721, 724, 699, -1,
      690, 704, 721, -1,
      721, 699, 690, -1,
      690, 692, 704, -1,
      763, 764, 765, -1,
      766, 763, 765, -1,
      766, 767, 768, -1,
      766, 765, 767, -1,
      769, 763, 766, -1,
      770, 693, 720, -1,
      766, 771, 769, -1,
      720, 771, 770, -1,
      769, 771, 720, -1,
      720, 693, 718, -1,
      693, 695, 718, -1,
      772, 770, 771, -1,
      773, 772, 771, -1,
      773, 771, 766, -1,
      772, 774, 770, -1,
      770, 774, 693, -1,
      774, 694, 693, -1,
      196, 409, 427, -1,
      427, 181, 196, -1,
      775, 694, 774, -1,
      691, 776, 777, -1,
      778, 776, 691, -1,
      779, 691, 722, -1,
      691, 779, 778, -1,
      774, 780, 781, -1,
      719, 775, 782, -1,
      773, 780, 772, -1,
      780, 774, 772, -1,
      783, 773, 784, -1,
      783, 780, 773, -1,
      775, 774, 781, -1,
      722, 694, 719, -1,
      775, 719, 694, -1,
      722, 691, 694, -1,
      427, 777, 181, -1,
      776, 181, 777, -1,
      671, 672, 777, -1,
      671, 427, 420, -1,
      427, 671, 777, -1,
      672, 691, 777, -1,
      672, 674, 691, -1,
      196, 203, 416, -1,
      416, 409, 196, -1,
      413, 199, 412, -1,
      414, 412, 201, -1,
      199, 201, 412, -1,
      193, 402, 414, -1,
      414, 201, 193, -1,
      199, 413, 200, -1,
      200, 415, 202, -1,
      415, 200, 413, -1,
      415, 416, 202, -1,
      202, 416, 203, -1,
      186, 402, 193, -1,
      402, 186, 397, -1,
      191, 398, 188, -1,
      189, 188, 404, -1,
      398, 404, 188, -1,
      397, 186, 189, -1,
      189, 404, 397, -1,
      398, 191, 407, -1,
      407, 228, 429, -1,
      228, 407, 191, -1,
      228, 220, 429, -1,
      429, 220, 430, -1,
      400, 220, 183, -1,
      400, 430, 220, -1,
      778, 667, 666, -1,
      182, 776, 666, -1,
      778, 666, 776, -1,
      181, 776, 182, -1,
      779, 667, 778, -1,
      668, 779, 722, -1,
      779, 668, 667, -1,
      668, 722, 669, -1,
      775, 763, 769, -1,
      720, 782, 769, -1,
      775, 769, 782, -1,
      719, 782, 720, -1,
      781, 763, 775, -1,
      764, 781, 780, -1,
      781, 764, 763, -1,
      764, 780, 765, -1,
      780, 785, 767, -1,
      785, 780, 783, -1,
      767, 765, 780, -1,
      785, 768, 767, -1,
      768, 785, 786, -1,
      773, 766, 768, -1,
      786, 784, 773, -1,
      786, 773, 768, -1,
      783, 786, 785, -1,
      786, 783, 784, -1,
      787, 715, 788, -1,
      788, 715, 714, -1,
      788, 714, 454, -1,
      787, 676, 715, -1,
      787, 677, 676, -1,
      788, 789, 787, -1,
      787, 789, 682, -1,
      787, 682, 677, -1,
      788, 453, 789, -1,
      788, 454, 453, -1,
      789, 237, 790, -1,
      791, 792, 679, -1,
      793, 794, 795, -1,
      796, 793, 792, -1,
      796, 792, 791, -1,
      792, 793, 795, -1,
      794, 797, 798, -1,
      794, 793, 797, -1,
      791, 710, 799, -1,
      710, 679, 712, -1,
      679, 710, 791, -1,
      712, 679, 682, -1,
      682, 800, 712, -1,
      712, 800, 801, -1,
      682, 790, 800, -1,
      462, 244, 453, -1,
      244, 237, 453, -1,
      790, 682, 789, -1,
      237, 789, 453, -1,
      802, 792, 795, -1,
      803, 795, 794, -1,
      802, 795, 803, -1,
      804, 792, 802, -1,
      792, 804, 679, -1,
      804, 688, 679, -1,
      805, 802, 803, -1,
      806, 807, 803, -1,
      805, 803, 807, -1,
      803, 808, 806, -1,
      806, 809, 807, -1,
      803, 810, 808, -1,
      717, 804, 802, -1,
      802, 805, 717, -1,
      717, 688, 804, -1,
      717, 716, 688, -1,
      688, 716, 689, -1,
      687, 681, 711, -1,
      687, 713, 683, -1,
      713, 687, 711, -1,
      683, 713, 706, -1,
      709, 711, 681, -1,
      680, 716, 709, -1,
      709, 681, 680, -1,
      680, 689, 716, -1,
      807, 791, 799, -1,
      710, 805, 799, -1,
      807, 799, 805, -1,
      717, 805, 710, -1,
      809, 791, 807, -1,
      796, 809, 806, -1,
      809, 796, 791, -1,
      796, 806, 793, -1,
      811, 797, 793, -1,
      808, 811, 793, -1,
      806, 808, 793, -1,
      797, 811, 812, -1,
      812, 798, 797, -1,
      794, 812, 810, -1,
      812, 794, 798, -1,
      810, 803, 794, -1,
      811, 808, 810, -1,
      810, 812, 811, -1,
      800, 813, 814, -1,
      714, 712, 801, -1,
      274, 815, 237, -1,
      237, 815, 790, -1,
      790, 813, 800, -1,
      815, 813, 790, -1,
      801, 814, 714, -1,
      800, 814, 801, -1,
      275, 813, 274, -1,
      813, 815, 274, -1,
      275, 485, 484, -1,
      484, 483, 275, -1,
      813, 483, 814, -1,
      483, 813, 275, -1,
      454, 814, 483, -1,
      714, 814, 454, -1,
      250, 479, 497, -1,
      480, 238, 240, -1,
      494, 493, 287, -1,
      241, 243, 496, -1,
      253, 456, 458, -1,
      290, 288, 459, -1,
      489, 306, 492, -1,
      472, 359, 251, -1,
      488, 477, 272, -1,
      329, 491, 327, -1,
      461, 460, 246, -1,
      246, 245, 461, -1,
      481, 235, 460, -1,
      246, 460, 235, -1,
      236, 481, 455, -1,
      481, 236, 235, -1,
      455, 482, 273, -1,
      273, 236, 455, -1,
      485, 275, 482, -1,
      273, 482, 275, -1,
      245, 272, 477, -1,
      477, 461, 245, -1,
      488, 327, 491, -1,
      488, 272, 327, -1,
      329, 306, 489, -1,
      491, 329, 489, -1,
      359, 472, 492, -1,
      306, 359, 492, -1,
      253, 458, 251, -1,
      251, 458, 472, -1,
      459, 456, 290, -1,
      290, 456, 253, -1,
      493, 288, 287, -1,
      493, 459, 288, -1,
      494, 241, 496, -1,
      494, 287, 241, -1,
      243, 250, 497, -1,
      496, 243, 497, -1,
      238, 480, 479, -1,
      250, 238, 479, -1,
      239, 816, 817, -1,
      240, 817, 499, -1,
      240, 499, 478, -1,
      240, 239, 817, -1,
      478, 480, 240, -1,
      499, 818, 498, -1,
      818, 499, 817, -1,
      498, 818, 535, -1,
      534, 819, 535, -1,
      535, 819, 498, -1,
      820, 819, 534, -1,
      534, 511, 820, -1,
      511, 513, 820, -1,
      819, 820, 821, -1,
      819, 495, 498, -1,
      495, 819, 821, -1,
      820, 633, 821, -1,
      820, 513, 633, -1,
      289, 457, 495, -1,
      495, 242, 289, -1,
      633, 822, 821, -1,
      823, 822, 633, -1,
      824, 633, 530, -1,
      633, 824, 823, -1,
      825, 826, 827, -1,
      526, 828, 829, -1,
      830, 826, 831, -1,
      826, 825, 831, -1,
      832, 830, 833, -1,
      832, 826, 830, -1,
      828, 632, 825, -1,
      828, 825, 827, -1,
      530, 632, 526, -1,
      828, 526, 632, -1,
      530, 633, 632, -1,
      495, 821, 242, -1,
      822, 242, 821, -1,
      289, 255, 463, -1,
      463, 457, 289, -1,
      465, 257, 466, -1,
      468, 466, 259, -1,
      257, 259, 466, -1,
      256, 464, 468, -1,
      468, 259, 256, -1,
      257, 465, 258, -1,
      258, 467, 254, -1,
      467, 258, 465, -1,
      467, 463, 254, -1,
      254, 463, 255, -1,
      262, 476, 464, -1,
      262, 464, 256, -1,
      278, 470, 261, -1,
      276, 261, 486, -1,
      470, 486, 261, -1,
      476, 262, 276, -1,
      276, 486, 476, -1,
      470, 278, 471, -1,
      471, 319, 500, -1,
      319, 471, 278, -1,
      319, 269, 500, -1,
      500, 269, 474, -1,
      462, 269, 244, -1,
      462, 474, 269, -1,
      823, 817, 816, -1,
      239, 822, 816, -1,
      823, 816, 822, -1,
      242, 822, 239, -1,
      824, 817, 823, -1,
      818, 824, 530, -1,
      824, 818, 817, -1,
      818, 530, 535, -1,
      828, 834, 835, -1,
      527, 829, 835, -1,
      828, 835, 829, -1,
      526, 829, 527, -1,
      827, 834, 828, -1,
      836, 827, 826, -1,
      827, 836, 834, -1,
      836, 826, 837, -1,
      834, 838, 835, -1,
      636, 525, 527, -1,
      636, 635, 525, -1,
      838, 837, 839, -1,
      834, 837, 838, -1,
      837, 834, 836, -1,
      838, 839, 840, -1,
      835, 841, 527, -1,
      841, 835, 838, -1,
      527, 841, 842, -1,
      842, 636, 527, -1,
      528, 536, 630, -1,
      528, 634, 529, -1,
      634, 528, 630, -1,
      529, 634, 543, -1,
      631, 630, 536, -1,
      540, 635, 631, -1,
      631, 536, 540, -1,
      540, 525, 635, -1,
      831, 842, 841, -1,
      830, 831, 841, -1,
      830, 841, 838, -1,
      831, 825, 842, -1,
      842, 825, 636, -1,
      825, 632, 636, -1,
      830, 838, 840, -1,
      843, 833, 830, -1,
      843, 830, 840, -1,
      832, 843, 844, -1,
      843, 832, 833, -1,
      844, 826, 832, -1,
      826, 844, 839, -1,
      839, 837, 826, -1,
      844, 840, 839, -1,
      840, 844, 843, -1,
      591, 556, 555, -1,
      594, 556, 591, -1,
      594, 552, 556, -1,
      591, 555, 592, -1,
      555, 554, 592, -1,
      592, 554, 590, -1,
      596, 553, 552, -1,
      596, 552, 594, -1,
      557, 595, 603, -1,
      596, 559, 553, -1,
      559, 596, 595, -1,
      557, 559, 595, -1,
      565, 604, 566, -1,
      845, 846, 847, -1,
      604, 848, 566, -1,
      602, 565, 557, -1,
      603, 602, 557, -1,
      565, 602, 604, -1,
      845, 847, 848, -1,
      847, 566, 848, -1,
      846, 849, 850, -1,
      558, 566, 847, -1,
      851, 852, 853, -1,
      854, 855, 856, -1,
      857, 858, 859, -1,
      853, 860, 861, -1,
      859, 862, 863, -1,
      864, 865, 866, -1,
      867, 868, 869, -1,
      870, 871, 872, -1,
      870, 873, 871, -1,
      845, 874, 875, -1,
      845, 876, 877, -1,
      601, 874, 848, -1,
      845, 848, 874, -1,
      601, 848, 604, -1,
      876, 878, 877, -1,
      845, 875, 876, -1,
      872, 879, 880, -1,
      865, 873, 870, -1,
      878, 881, 882, -1,
      882, 877, 878, -1,
      882, 881, 879, -1,
      881, 880, 879, -1,
      872, 871, 879, -1,
      867, 864, 866, -1,
      864, 873, 865, -1,
      863, 869, 868, -1,
      868, 867, 866, -1,
      859, 858, 862, -1,
      863, 862, 869, -1,
      857, 860, 858, -1,
      861, 851, 853, -1,
      857, 861, 860, -1,
      851, 855, 852, -1,
      854, 852, 855, -1,
      854, 856, 846, -1,
      846, 850, 847, -1,
      846, 856, 849, -1,
      558, 847, 850, -1,
      875, 849, 856, -1,
      850, 874, 601, -1,
      855, 878, 876, -1,
      558, 601, 598, -1,
      564, 558, 598, -1,
      558, 850, 601, -1,
      874, 849, 875, -1,
      874, 850, 849, -1,
      855, 876, 856, -1,
      876, 875, 856, -1,
      600, 562, 561, -1,
      599, 562, 600, -1,
      599, 563, 562, -1,
      600, 561, 597, -1,
      561, 564, 597, -1,
      597, 564, 598, -1,
      589, 560, 563, -1,
      589, 563, 599, -1,
      881, 878, 855, -1,
      880, 851, 861, -1,
      881, 851, 880, -1,
      881, 855, 851, -1,
      868, 866, 865, -1,
      880, 861, 857, -1,
      868, 865, 863, -1,
      870, 872, 859, -1,
      870, 863, 865, -1,
      859, 863, 870, -1,
      880, 857, 872, -1,
      857, 859, 872, -1,
      852, 879, 853, -1,
      879, 852, 882, -1,
      882, 852, 854, -1,
      854, 877, 882, -1,
      854, 846, 877, -1,
      877, 846, 845, -1,
      873, 858, 860, -1,
      862, 864, 867, -1,
      853, 879, 871, -1,
      864, 862, 858, -1,
      869, 862, 867, -1,
      858, 873, 864, -1,
      853, 871, 860, -1,
      871, 873, 860, -1,
      883, 884, 885, -1,
      883, 885, 886, -1,
      885, 887, 888, -1,
      888, 886, 885, -1,
      889, 890, 891, -1,
      892, 893, 889, -1,
      889, 891, 892, -1,
      893, 894, 895, -1,
      894, 893, 892, -1,
      896, 895, 897, -1,
      894, 897, 895, -1,
      898, 899, 896, -1,
      896, 897, 898, -1,
      891, 890, 900, -1,
      901, 900, 902, -1,
      890, 902, 900, -1,
      903, 904, 901, -1,
      901, 902, 903, -1,
      904, 905, 906, -1,
      905, 904, 903, -1,
      905, 888, 906, -1,
      906, 888, 887, -1,
      907, 908, 909, -1,
      910, 907, 909, -1,
      885, 884, 911, -1,
      885, 912, 913, -1,
      911, 912, 885, -1,
      908, 907, 913, -1,
      914, 907, 910, -1,
      907, 891, 885, -1,
      907, 898, 891, -1,
      913, 907, 885, -1,
      897, 894, 898, -1,
      894, 892, 898, -1,
      891, 900, 885, -1,
      892, 891, 898, -1,
      901, 887, 900, -1,
      885, 900, 887, -1,
      906, 887, 904, -1,
      887, 901, 904, -1,
      915, 898, 907, -1,
      915, 899, 898, -1,
      916, 883, 886, -1,
      903, 902, 888, -1,
      917, 915, 918, -1,
      917, 916, 886, -1,
      886, 888, 890, -1,
      886, 915, 917, -1,
      903, 888, 905, -1,
      915, 886, 890, -1,
      890, 888, 902, -1,
      915, 889, 899, -1,
      915, 890, 889, -1,
      899, 889, 893, -1,
      896, 899, 895, -1,
      899, 893, 895, -1,
      919, 920, 921, -1,
      922, 923, 924, -1,
      912, 911, 883, -1,
      925, 926, 927, -1,
      926, 928, 922, -1,
      929, 930, 931, -1,
      930, 932, 927, -1,
      912, 916, 913, -1,
      883, 911, 884, -1,
      916, 912, 883, -1,
      931, 913, 916, -1,
      930, 929, 932, -1,
      931, 916, 929, -1,
      927, 932, 925, -1,
      926, 925, 928, -1,
      922, 928, 923, -1,
      924, 923, 921, -1,
      924, 921, 920, -1,
      933, 920, 919, -1,
      934, 935, 936, -1,
      934, 936, 937, -1,
      933, 938, 939, -1,
      938, 933, 919, -1,
      940, 941, 942, -1,
      943, 944, 945, -1,
      946, 947, 948, -1,
      948, 940, 942, -1,
      949, 950, 951, -1,
      951, 947, 952, -1,
      945, 953, 954, -1,
      955, 950, 956, -1,
      943, 957, 944, -1,
      954, 943, 945, -1,
      955, 954, 953, -1,
      950, 949, 956, -1,
      955, 956, 954, -1,
      951, 952, 949, -1,
      947, 946, 952, -1,
      948, 942, 946, -1,
      941, 940, 958, -1,
      958, 936, 941, -1,
      958, 937, 936, -1,
      959, 960, 937, -1,
      961, 937, 962, -1,
      958, 963, 959, -1,
      937, 961, 934, -1,
      937, 960, 962, -1,
      959, 937, 958, -1,
      964, 935, 934, -1,
      964, 934, 961, -1,
      965, 966, 967, -1,
      968, 969, 970, -1,
      968, 967, 969, -1,
      966, 969, 967, -1,
      968, 971, 972, -1,
      965, 973, 974, -1,
      968, 970, 971, -1,
      974, 973, 975, -1,
      966, 965, 974, -1,
      974, 975, 976, -1,
      977, 978, 976, -1,
      976, 975, 977, -1,
      977, 979, 978, -1,
      980, 979, 981, -1,
      980, 978, 979, -1,
      976, 978, 980, -1,
      982, 983, 984, -1,
      985, 986, 987, -1,
      976, 980, 985, -1,
      984, 983, 988, -1,
      980, 986, 985, -1,
      982, 984, 989, -1,
      984, 988, 980, -1,
      980, 988, 986, -1,
      986, 990, 991, -1,
      990, 986, 988, -1,
      991, 990, 992, -1,
      993, 991, 994, -1,
      991, 992, 994, -1,
      990, 988, 995, -1,
      996, 992, 990, -1,
      990, 995, 996, -1,
      992, 997, 994, -1,
      997, 992, 996, -1,
      993, 994, 998, -1,
      997, 998, 994, -1,
      999, 991, 993, -1,
      993, 998, 999, -1,
      995, 988, 1000, -1,
      1001, 1000, 983, -1,
      988, 983, 1000, -1,
      982, 1002, 1001, -1,
      1001, 983, 982, -1,
      1002, 989, 1003, -1,
      989, 1002, 982, -1,
      989, 984, 1003, -1,
      1003, 984, 1004, -1,
      1005, 1006, 1007, -1,
      981, 979, 977, -1,
      1006, 1005, 977, -1,
      995, 1005, 999, -1,
      999, 996, 995, -1,
      1005, 981, 977, -1,
      998, 997, 999, -1,
      997, 996, 999, -1,
      981, 995, 1000, -1,
      981, 1005, 995, -1,
      1001, 1004, 1000, -1,
      981, 1000, 1004, -1,
      1003, 1004, 1002, -1,
      1004, 1001, 1002, -1,
      986, 999, 1005, -1,
      986, 991, 999, -1,
      1005, 1007, 987, -1,
      987, 986, 1005, -1,
      1008, 1009, 1010, -1,
      1011, 1012, 1013, -1,
      1014, 1009, 1015, -1,
      1009, 1014, 1010, -1,
      1014, 1015, 1016, -1,
      1017, 1018, 1015, -1,
      1008, 1011, 1013, -1,
      1015, 1018, 1016, -1,
      1010, 1011, 1008, -1,
      1012, 985, 1006, -1,
      1011, 985, 1012, -1,
      985, 987, 1006, -1,
      987, 1007, 1006, -1,
      1010, 969, 966, -1,
      970, 1014, 1016, -1,
      976, 985, 974, -1,
      985, 1011, 974, -1,
      1011, 1010, 966, -1,
      974, 1011, 966, -1,
      1014, 970, 969, -1,
      1010, 1014, 969, -1,
      970, 1016, 1018, -1,
      970, 1018, 971, -1,
      972, 1017, 1015, -1,
      972, 1015, 968, -1,
      1008, 1013, 965, -1,
      967, 1009, 1008, -1,
      1008, 965, 967, -1,
      968, 1009, 967, -1,
      968, 1015, 1009, -1,
      965, 1013, 973, -1,
      973, 1012, 975, -1,
      1012, 973, 1013, -1,
      1012, 1006, 975, -1,
      975, 1006, 977, -1,
      981, 1004, 984, -1,
      984, 980, 981, -1,
      1019, 1020, 1021, -1,
      1022, 1023, 1024, -1,
      1025, 1020, 1026, -1,
      1020, 1025, 1021, -1,
      1025, 1026, 1027, -1,
      1028, 1029, 1026, -1,
      1019, 1022, 1024, -1,
      1026, 1029, 1027, -1,
      1021, 1022, 1019, -1,
      1023, 1030, 1031, -1,
      1022, 1030, 1023, -1,
      1030, 1032, 1031, -1,
      1032, 1033, 1031, -1,
      1033, 1032, 1034, -1,
      1033, 1034, 1035, -1,
      1035, 1034, 1036, -1,
      1035, 1036, 1037, -1,
      1038, 1039, 1040, -1,
      1041, 1042, 1038, -1,
      1038, 1040, 1041, -1,
      1042, 1043, 1044, -1,
      1043, 1042, 1041, -1,
      1045, 1044, 1046, -1,
      1043, 1046, 1044, -1,
      1047, 1048, 1045, -1,
      1045, 1046, 1047, -1,
      1040, 1039, 1049, -1,
      1050, 1049, 1051, -1,
      1039, 1051, 1049, -1,
      1052, 1053, 1050, -1,
      1050, 1051, 1052, -1,
      1053, 1054, 1055, -1,
      1054, 1053, 1052, -1,
      1054, 1037, 1055, -1,
      1055, 1037, 1036, -1,
      1056, 1034, 1030, -1,
      1036, 1050, 1053, -1,
      1057, 1056, 1058, -1,
      1036, 1053, 1055, -1,
      1030, 1034, 1032, -1,
      1034, 1056, 1057, -1,
      1034, 1049, 1036, -1,
      1036, 1049, 1050, -1,
      1049, 1057, 1040, -1,
      1057, 1049, 1034, -1,
      1047, 1041, 1040, -1,
      1047, 1043, 1041, -1,
      1046, 1043, 1047, -1,
      1057, 1047, 1040, -1,
      1048, 1057, 1059, -1,
      1057, 1048, 1047, -1,
      1048, 1044, 1045, -1,
      1035, 1031, 1033, -1,
      1060, 1059, 1061, -1,
      1060, 1031, 1059, -1,
      1048, 1038, 1042, -1,
      1059, 1031, 1035, -1,
      1044, 1048, 1042, -1,
      1048, 1059, 1038, -1,
      1035, 1039, 1038, -1,
      1038, 1059, 1035, -1,
      1052, 1037, 1054, -1,
      1051, 1039, 1037, -1,
      1037, 1039, 1035, -1,
      1051, 1037, 1052, -1,
      1062, 1024, 1063, -1,
      1064, 1063, 1023, -1,
      1024, 1023, 1063, -1,
      1031, 1060, 1064, -1,
      1064, 1023, 1031, -1,
      1024, 1062, 1019, -1,
      1019, 1065, 1020, -1,
      1065, 1019, 1062, -1,
      1065, 1066, 1020, -1,
      1020, 1066, 1026, -1,
      1066, 1028, 1026, -1,
      1066, 1067, 1028, -1,
      1062, 1068, 1065, -1,
      1066, 1069, 1070, -1,
      1066, 1065, 1069, -1,
      1068, 1069, 1065, -1,
      1066, 1071, 1067, -1,
      1062, 1063, 1072, -1,
      1066, 1070, 1071, -1,
      1072, 1063, 1064, -1,
      1068, 1062, 1072, -1,
      1072, 1064, 1056, -1,
      1060, 1058, 1056, -1,
      1056, 1064, 1060, -1,
      1060, 1061, 1058, -1,
      1059, 1058, 1061, -1,
      1058, 1059, 1057, -1,
      1071, 1027, 1029, -1,
      1071, 1070, 1027, -1,
      1072, 1056, 1030, -1,
      1070, 1069, 1025, -1,
      1068, 1022, 1021, -1,
      1027, 1070, 1025, -1,
      1068, 1021, 1069, -1,
      1025, 1069, 1021, -1,
      1072, 1030, 1022, -1,
      1068, 1072, 1022, -1,
      1073, 1074, 1075, -1,
      1076, 1077, 1078, -1,
      1079, 1080, 1081, -1,
      1079, 1081, 1082, -1,
      1083, 1084, 1077, -1,
      1080, 1079, 1085, -1,
      1085, 1079, 1073, -1,
      1086, 1087, 1083, -1,
      1073, 1079, 1074, -1,
      1088, 1086, 1089, -1,
      1090, 1091, 1089, -1,
      1090, 1092, 1091, -1,
      1082, 1076, 1078, -1,
      1082, 1081, 1076, -1,
      1078, 1077, 1084, -1,
      1084, 1083, 1087, -1,
      1087, 1086, 1088, -1,
      1088, 1089, 1091, -1,
      1091, 1092, 1093, -1,
      1093, 1092, 1094, -1,
      1093, 1094, 1095, -1,
      1093, 1095, 1096, -1,
      1093, 1096, 1097, -1,
      1096, 1098, 1099, -1,
      1099, 1097, 1096, -1,
      1100, 1101, 1102, -1,
      1103, 1104, 1100, -1,
      1100, 1102, 1103, -1,
      1104, 1105, 1106, -1,
      1105, 1104, 1103, -1,
      1107, 1106, 1108, -1,
      1105, 1108, 1106, -1,
      1109, 1110, 1107, -1,
      1107, 1108, 1109, -1,
      1102, 1101, 1111, -1,
      1112, 1111, 1113, -1,
      1101, 1113, 1111, -1,
      1114, 1115, 1112, -1,
      1112, 1113, 1114, -1,
      1115, 1116, 1117, -1,
      1116, 1115, 1114, -1,
      1116, 1099, 1117, -1,
      1117, 1099, 1098, -1,
      1118, 1119, 1120, -1,
      1121, 1118, 1120, -1,
      1096, 1095, 1094, -1,
      1096, 1092, 1090, -1,
      1094, 1092, 1096, -1,
      1119, 1118, 1090, -1,
      1122, 1118, 1121, -1,
      1118, 1102, 1096, -1,
      1118, 1109, 1102, -1,
      1090, 1118, 1096, -1,
      1108, 1105, 1109, -1,
      1105, 1103, 1109, -1,
      1102, 1111, 1096, -1,
      1103, 1102, 1109, -1,
      1112, 1098, 1111, -1,
      1096, 1111, 1098, -1,
      1117, 1098, 1115, -1,
      1098, 1112, 1115, -1,
      1123, 1109, 1118, -1,
      1123, 1110, 1109, -1,
      1091, 1093, 1097, -1,
      1114, 1113, 1099, -1,
      1124, 1123, 1125, -1,
      1124, 1091, 1097, -1,
      1097, 1099, 1101, -1,
      1097, 1123, 1124, -1,
      1114, 1099, 1116, -1,
      1123, 1097, 1101, -1,
      1101, 1099, 1113, -1,
      1123, 1100, 1110, -1,
      1123, 1101, 1100, -1,
      1110, 1100, 1104, -1,
      1107, 1110, 1106, -1,
      1110, 1104, 1106, -1,
      1126, 1082, 1078, -1,
      1079, 1127, 1128, -1,
      1087, 1088, 1129, -1,
      1130, 1131, 1084, -1,
      1091, 1124, 1088, -1,
      1129, 1088, 1124, -1,
      1084, 1087, 1130, -1,
      1087, 1129, 1130, -1,
      1131, 1126, 1078, -1,
      1084, 1131, 1078, -1,
      1127, 1079, 1082, -1,
      1126, 1127, 1082, -1,
      1079, 1128, 1132, -1,
      1079, 1132, 1074, -1,
      1133, 1134, 1132, -1,
      1135, 1126, 1136, -1,
      1128, 1137, 1138, -1,
      1128, 1127, 1137, -1,
      1139, 1136, 1131, -1,
      1138, 1140, 1128, -1,
      1140, 1133, 1128, -1,
      1141, 1139, 1130, -1,
      1133, 1132, 1128, -1,
      1129, 1142, 1141, -1,
      1119, 1142, 1124, -1,
      1119, 1124, 1120, -1,
      1127, 1126, 1135, -1,
      1127, 1135, 1137, -1,
      1126, 1131, 1136, -1,
      1131, 1130, 1139, -1,
      1130, 1129, 1141, -1,
      1129, 1124, 1142, -1,
      1124, 1125, 1120, -1,
      1125, 1121, 1120, -1,
      1125, 1122, 1121, -1,
      1123, 1118, 1122, -1,
      1123, 1122, 1125, -1,
      1075, 1134, 1133, -1,
      1138, 1080, 1085, -1,
      1085, 1073, 1140, -1,
      1073, 1133, 1140, -1,
      1138, 1085, 1140, -1,
      1075, 1133, 1073, -1,
      1139, 1077, 1136, -1,
      1135, 1136, 1076, -1,
      1077, 1076, 1136, -1,
      1081, 1137, 1135, -1,
      1135, 1076, 1081, -1,
      1080, 1137, 1081, -1,
      1080, 1138, 1137, -1,
      1077, 1139, 1083, -1,
      1141, 1086, 1083, -1,
      1083, 1139, 1141, -1,
      1086, 1142, 1089, -1,
      1142, 1086, 1141, -1,
      1142, 1119, 1089, -1,
      1089, 1119, 1090, -1,
      1143, 938, 919, -1,
      1144, 1145, 919, -1,
      1144, 919, 921, -1,
      1143, 919, 1145, -1,
      1146, 939, 938, -1,
      1146, 938, 1143, -1,
      1147, 933, 1148, -1,
      1147, 1149, 920, -1,
      920, 933, 1147, -1,
      1150, 1148, 933, -1,
      933, 939, 1146, -1,
      933, 1146, 1150, -1,
      1151, 926, 1152, -1,
      1153, 1152, 922, -1,
      926, 922, 1152, -1,
      924, 1154, 1153, -1,
      1153, 922, 924, -1,
      920, 1154, 924, -1,
      920, 1149, 1154, -1,
      926, 1151, 927, -1,
      1155, 930, 927, -1,
      927, 1151, 1155, -1,
      930, 1156, 931, -1,
      1156, 930, 1155, -1,
      1156, 908, 931, -1,
      931, 908, 913, -1,
      1148, 1150, 1145, -1,
      1153, 1157, 1152, -1,
      1144, 1154, 1149, -1,
      1144, 1158, 1154, -1,
      1151, 1152, 1159, -1,
      1149, 1147, 1144, -1,
      1147, 1148, 1144, -1,
      1155, 1151, 1160, -1,
      1148, 1145, 1144, -1,
      1161, 1156, 1155, -1,
      908, 1156, 917, -1,
      908, 917, 909, -1,
      1158, 1157, 1153, -1,
      1158, 1153, 1154, -1,
      1157, 1159, 1152, -1,
      1159, 1160, 1151, -1,
      1160, 1161, 1155, -1,
      1161, 917, 1156, -1,
      917, 918, 909, -1,
      918, 910, 909, -1,
      918, 914, 910, -1,
      915, 907, 914, -1,
      915, 914, 918, -1,
      1157, 923, 928, -1,
      921, 1158, 1144, -1,
      932, 929, 1161, -1,
      1160, 1159, 925, -1,
      916, 917, 929, -1,
      1161, 929, 917, -1,
      925, 932, 1160, -1,
      932, 1161, 1160, -1,
      1159, 1157, 928, -1,
      925, 1159, 928, -1,
      1158, 921, 923, -1,
      1157, 1158, 923, -1,
      936, 1162, 941, -1,
      936, 935, 964, -1,
      1163, 936, 964, -1,
      1162, 936, 1163, -1,
      946, 1164, 1165, -1,
      1162, 942, 941, -1,
      1166, 1167, 956, -1,
      949, 952, 1168, -1,
      1169, 954, 1167, -1,
      956, 1167, 954, -1,
      1168, 1166, 949, -1,
      1166, 956, 949, -1,
      952, 946, 1165, -1,
      1168, 952, 1165, -1,
      942, 1162, 1164, -1,
      946, 942, 1164, -1,
      960, 1163, 962, -1,
      1170, 1171, 1165, -1,
      1162, 963, 1172, -1,
      1162, 1172, 1164, -1,
      1173, 1168, 1171, -1,
      963, 1162, 959, -1,
      959, 1162, 960, -1,
      1174, 1166, 1173, -1,
      960, 1162, 1163, -1,
      1167, 1174, 1175, -1,
      1176, 1169, 1175, -1,
      1176, 1177, 1169, -1,
      1164, 1170, 1165, -1,
      1164, 1172, 1170, -1,
      1165, 1171, 1168, -1,
      1168, 1173, 1166, -1,
      1166, 1174, 1167, -1,
      1167, 1175, 1169, -1,
      1169, 1177, 1178, -1,
      1178, 1177, 1179, -1,
      1178, 1179, 1180, -1,
      1178, 1180, 1181, -1,
      1178, 1181, 1182, -1,
      1181, 1183, 1184, -1,
      1184, 1182, 1181, -1,
      1185, 1186, 1187, -1,
      1188, 1189, 1185, -1,
      1185, 1187, 1188, -1,
      1189, 1190, 1191, -1,
      1190, 1189, 1188, -1,
      1192, 1191, 1193, -1,
      1190, 1193, 1191, -1,
      1194, 1195, 1192, -1,
      1192, 1193, 1194, -1,
      1187, 1186, 1196, -1,
      1197, 1196, 1198, -1,
      1186, 1198, 1196, -1,
      1199, 1200, 1197, -1,
      1197, 1198, 1199, -1,
      1200, 1201, 1202, -1,
      1201, 1200, 1199, -1,
      1201, 1184, 1202, -1,
      1202, 1184, 1183, -1,
      1203, 953, 945, -1,
      944, 1203, 945, -1,
      1181, 1180, 1179, -1,
      1181, 1177, 1176, -1,
      1179, 1177, 1181, -1,
      953, 1203, 1176, -1,
      957, 1203, 944, -1,
      1203, 1187, 1181, -1,
      1203, 1194, 1187, -1,
      1176, 1203, 1181, -1,
      1193, 1190, 1194, -1,
      1190, 1188, 1194, -1,
      1187, 1196, 1181, -1,
      1188, 1187, 1194, -1,
      1197, 1183, 1196, -1,
      1181, 1196, 1183, -1,
      1202, 1183, 1200, -1,
      1183, 1197, 1200, -1,
      1204, 1194, 1203, -1,
      1204, 1195, 1194, -1,
      1169, 1178, 1182, -1,
      1199, 1198, 1184, -1,
      954, 1204, 943, -1,
      954, 1169, 1182, -1,
      1182, 1184, 1186, -1,
      1182, 1204, 954, -1,
      1199, 1184, 1201, -1,
      1204, 1182, 1186, -1,
      1186, 1184, 1198, -1,
      1204, 1185, 1195, -1,
      1204, 1186, 1185, -1,
      1195, 1185, 1189, -1,
      1192, 1195, 1191, -1,
      1195, 1189, 1191, -1,
      1204, 1203, 957, -1,
      1204, 957, 943, -1,
      951, 1171, 947, -1,
      948, 947, 1170, -1,
      1171, 1170, 947, -1,
      1172, 940, 948, -1,
      948, 1170, 1172, -1,
      963, 940, 1172, -1,
      963, 958, 940, -1,
      1171, 951, 1173, -1,
      950, 1174, 1173, -1,
      1173, 951, 950, -1,
      1174, 955, 1175, -1,
      955, 1174, 950, -1,
      955, 953, 1175, -1,
      1175, 953, 1176, -1,
    ]
  }
}

Shape {
  appearance Appearance {
    material Material {
      diffuseColor 0.7529 0.7529 0.7529
      specularColor 0.7529 0.7529 0.7529
      ambientIntensity 0.2
      transparency 1.0000
      shininess 0.5
    }
  }
  geometry IndexedFaceSet {
    ccw TRUE
    solid FALSE
    coord DEF co Coordinate {
      point [
        -0.708661 0.000000 2.834646,
        -0.715945 0.133833 2.834646,
        -0.728346 -0.000000 2.834646,
        0.715945 -0.133833 2.834646,
        0.728346 -0.000000 2.834646,
        0.708661 0.000000 2.834646,
        0.715945 0.133833 2.834646,
        0.696594 0.130217 2.834646,
        0.679161 -0.263109 2.834646,
        0.696594 -0.130217 2.834646,
        0.619252 -0.383425 2.834646,
        0.660803 -0.255997 2.834646,
        0.602516 -0.373062 2.834646,
        0.523709 -0.477421 2.834646,
        0.538256 -0.490685 2.834646,
        0.427067 -0.565524 2.834646,
        0.438925 -0.581232 2.834646,
        0.315877 -0.634370 2.834646,
        0.324652 -0.651988 2.834646,
        0.193934 -0.681610 2.834646,
        0.199322 -0.700543 2.834646,
        0.065387 -0.705634 2.834646,
        0.067203 -0.725240 2.834646,
        -0.065387 -0.705634 2.834646,
        -0.067203 -0.725240 2.834646,
        -0.193934 -0.681610 2.834646,
        -0.199322 -0.700543 2.834646,
        -0.315877 -0.634370 2.834646,
        -0.324652 -0.651988 2.834646,
        -0.427067 -0.565524 2.834646,
        -0.538256 -0.490685 2.834646,
        -0.438925 -0.581232 2.834646,
        -0.619252 -0.383425 2.834646,
        -0.523709 -0.477421 2.834646,
        -0.679161 -0.263109 2.834646,
        -0.602516 -0.373062 2.834646,
        -0.715945 -0.133833 2.834646,
        -0.660803 -0.255997 2.834646,
        -0.696594 -0.130217 2.834646,
        -0.679161 0.263109 2.834646,
        -0.696594 0.130217 2.834646,
        -0.619252 0.383425 2.834646,
        -0.660803 0.255997 2.834646,
        -0.602516 0.373062 2.834646,
        -0.523709 0.477421 2.834646,
        -0.538256 0.490685 2.834646,
        -0.427067 0.565524 2.834646,
        -0.438925 0.581232 2.834646,
        -0.315877 0.634370 2.834646,
        -0.324652 0.651988 2.834646,
        -0.193934 0.681610 2.834646,
        -0.199322 0.700543 2.834646,
        -0.065387 0.705634 2.834646,
        -0.067203 0.725240 2.834646,
        0.065387 0.705634 2.834646,
        0.067203 0.725240 2.834646,
        0.193934 0.681610 2.834646,
        0.199322 0.700543 2.834646,
        0.315877 0.634370 2.834646,
        0.324652 0.651988 2.834646,
        0.427067 0.565524 2.834646,
        0.538256 0.490685 2.834646,
        0.438925 0.581232 2.834646,
        0.619252 0.383425 2.834646,
        0.523709 0.477421 2.834646,
        0.679161 0.263109 2.834646,
        0.602516 0.373062 2.834646,
        0.660803 0.255997 2.834646,
        -0.465815 2.222638 1.574803,
        -0.579094 1.882795 1.574803,
        -0.579094 1.882795 1.570866,
        -0.465815 2.222638 1.570866,
        -0.409173 2.222638 1.574803,
        -0.409173 2.222638 1.570866,
        -0.437492 2.193717 1.574803,
        -0.373773 1.998488 1.574803,
        -0.373773 1.998488 1.570866,
        -0.437492 2.193717 1.570866,
        -0.501213 1.998488 1.574803,
        -0.501213 1.998488 1.570866,
        0.249272 2.078024 1.574803,
        0.114751 2.078024 1.574803,
        0.114751 2.078024 1.570866,
        0.249272 2.078024 1.570866,
        0.270512 2.085256 1.574803,
        0.270512 2.085256 1.570866,
        0.284672 2.099717 1.574803,
        0.284672 2.099717 1.570866,
        0.291752 2.121409 1.574803,
        0.291752 2.121409 1.570866,
        0.291752 2.143098 1.574803,
        0.291752 2.143098 1.570866,
        0.284672 2.164791 1.574803,
        0.284672 2.164791 1.570866,
        0.270512 2.179252 1.574803,
        0.270512 2.179252 1.570866,
        0.249272 2.186484 1.574803,
        0.249272 2.186484 1.570866,
        0.114751 2.186484 1.574803,
        0.114751 2.186484 1.570866,
        0.589114 2.143098 1.574803,
        0.631594 2.143098 1.574803,
        0.631594 2.143098 1.570866,
        0.582035 2.157563 1.570866,
        0.567874 2.172024 1.570866,
        0.567874 2.172024 1.574803,
        0.546634 2.179252 1.574803,
        0.546634 2.179252 1.570866,
        0.504154 2.179252 1.574803,
        0.504154 2.179252 1.570866,
        0.482913 2.172024 1.574803,
        0.482913 2.172024 1.570866,
        0.461673 2.157563 1.574803,
        0.461673 2.157563 1.570866,
        0.454594 2.135870 1.574803,
        0.454594 2.121409 1.570866,
        0.461673 2.099717 1.570866,
        0.461673 2.099717 1.574803,
        0.482913 2.085256 1.574803,
        0.482913 2.085256 1.570866,
        0.504154 2.078024 1.574803,
        0.504154 2.078024 1.570866,
        0.546634 2.078024 1.574803,
        0.546634 2.078024 1.570866,
        0.582035 2.070791 1.574803,
        0.582035 2.070791 1.570866,
        0.610354 2.056331 1.574803,
        0.610354 2.056331 1.570866,
        0.638673 2.027409 1.574803,
        0.638673 2.027409 1.570866,
        0.652835 1.998488 1.574803,
        0.652835 1.998488 1.570866,
        0.652835 1.962335 1.574803,
        0.652835 1.962335 1.570866,
        0.638673 1.933409 1.574803,
        0.638673 1.933409 1.570866,
        0.610354 1.904488 1.574803,
        0.610354 1.904488 1.570866,
        0.582035 1.890028 1.574803,
        0.582035 1.890028 1.570866,
        0.546634 1.882795 1.574803,
        0.546634 1.882795 1.570866,
        0.489992 1.882795 1.574803,
        0.489992 1.882795 1.570866,
        0.454594 1.890028 1.574803,
        0.454594 1.890028 1.570866,
        0.419193 1.911717 1.574803,
        0.419193 1.911717 1.570866,
        0.397953 1.947870 1.574803,
        0.397953 1.947870 1.570866,
        0.390873 1.976795 1.574803,
        0.390873 1.976795 1.570866,
        0.433354 1.976795 1.574803,
        0.433354 1.976795 1.570866,
        0.440433 1.955102 1.574803,
        0.440433 1.955102 1.570866,
        0.461673 1.933409 1.574803,
        0.461673 1.933409 1.570866,
        0.489992 1.926181 1.574803,
        0.489992 1.926181 1.570866,
        0.546634 1.926181 1.574803,
        0.546634 1.926181 1.570866,
        0.574953 1.933409 1.574803,
        0.574953 1.933409 1.570866,
        0.596193 1.947870 1.574803,
        0.596193 1.947870 1.570866,
        0.610354 1.969563 1.574803,
        0.610354 1.969563 1.570866,
        0.610354 1.991256 1.574803,
        0.610354 1.991256 1.570866,
        0.596193 2.012949 1.574803,
        0.596193 2.012949 1.570866,
        0.574953 2.027409 1.574803,
        0.574953 2.027409 1.570866,
        0.546634 2.034638 1.574803,
        0.546634 2.034638 1.570866,
        0.504154 2.034638 1.574803,
        0.504154 2.034638 1.570866,
        0.475835 2.041870 1.574803,
        0.475835 2.041870 1.570866,
        0.447512 2.056331 1.574803,
        0.447512 2.056331 1.570866,
        0.419193 2.085256 1.574803,
        0.419193 2.085256 1.570866,
        0.412114 2.114177 1.574803,
        0.412114 2.114177 1.570866,
        0.412114 2.143098 1.574803,
        0.412114 2.143098 1.570866,
        0.419193 2.172024 1.574803,
        0.419193 2.172024 1.570866,
        0.447512 2.200945 1.574803,
        0.447512 2.200945 1.570866,
        0.475835 2.215406 1.574803,
        0.475835 2.215406 1.570866,
        0.504154 2.222638 1.574803,
        0.504154 2.222638 1.570866,
        0.539555 2.222638 1.574803,
        0.539555 2.222638 1.570866,
        0.574953 2.215406 1.574803,
        0.574953 2.215406 1.570866,
        0.603276 2.193717 1.574803,
        0.603276 2.193717 1.570866,
        0.624516 2.164791 1.574803,
        0.624516 2.164791 1.570866,
      ]
    }
    coordIndex [
      0, 1, 2, -1,
      3, 4, 5, -1,
      4, 6, 7, -1,
      8, 3, 9, -1,
      3, 5, 9, -1,
      10, 8, 11, -1,
      8, 9, 11, -1,
      10, 12, 13, -1,
      10, 11, 12, -1,
      14, 13, 15, -1,
      10, 13, 14, -1,
      16, 15, 17, -1,
      14, 15, 16, -1,
      18, 17, 19, -1,
      16, 17, 18, -1,
      20, 19, 21, -1,
      18, 19, 20, -1,
      22, 21, 23, -1,
      20, 21, 22, -1,
      24, 23, 25, -1,
      22, 23, 24, -1,
      26, 25, 27, -1,
      24, 25, 26, -1,
      28, 27, 29, -1,
      26, 27, 28, -1,
      30, 31, 29, -1,
      28, 29, 31, -1,
      32, 30, 33, -1,
      30, 29, 33, -1,
      34, 32, 35, -1,
      32, 33, 35, -1,
      36, 34, 37, -1,
      34, 35, 37, -1,
      2, 36, 38, -1,
      36, 37, 38, -1,
      2, 38, 0, -1,
      39, 1, 40, -1,
      1, 0, 40, -1,
      41, 39, 42, -1,
      39, 40, 42, -1,
      41, 43, 44, -1,
      41, 42, 43, -1,
      45, 44, 46, -1,
      41, 44, 45, -1,
      47, 46, 48, -1,
      45, 46, 47, -1,
      49, 48, 50, -1,
      47, 48, 49, -1,
      51, 50, 52, -1,
      49, 50, 51, -1,
      53, 52, 54, -1,
      51, 52, 53, -1,
      55, 54, 56, -1,
      53, 54, 55, -1,
      57, 56, 58, -1,
      55, 56, 57, -1,
      59, 58, 60, -1,
      57, 58, 59, -1,
      61, 62, 60, -1,
      59, 60, 62, -1,
      63, 61, 64, -1,
      61, 60, 64, -1,
      65, 63, 66, -1,
      63, 64, 66, -1,
      6, 65, 67, -1,
      65, 66, 67, -1,
      4, 7, 5, -1,
      6, 67, 7, -1,
      68, 69, 70, -1,
      70, 71, 68, -1,
      72, 68, 71, -1,
      71, 73, 72, -1,
      74, 75, 76, -1,
      76, 77, 74, -1,
      78, 74, 77, -1,
      77, 79, 78, -1,
      75, 78, 79, -1,
      79, 76, 75, -1,
      80, 81, 82, -1,
      82, 83, 80, -1,
      84, 80, 83, -1,
      83, 85, 84, -1,
      86, 84, 85, -1,
      85, 87, 86, -1,
      88, 86, 87, -1,
      87, 89, 88, -1,
      90, 88, 89, -1,
      89, 91, 90, -1,
      92, 90, 91, -1,
      91, 93, 92, -1,
      94, 92, 93, -1,
      93, 95, 94, -1,
      96, 94, 95, -1,
      95, 97, 96, -1,
      98, 96, 97, -1,
      97, 99, 98, -1,
      81, 98, 99, -1,
      99, 82, 81, -1,
      100, 101, 102, -1,
      103, 104, 105, -1,
      106, 105, 104, -1,
      104, 107, 106, -1,
      108, 106, 107, -1,
      107, 109, 108, -1,
      110, 108, 109, -1,
      109, 111, 110, -1,
      112, 110, 111, -1,
      111, 113, 112, -1,
      114, 112, 113, -1,
      115, 116, 117, -1,
      118, 117, 116, -1,
      116, 119, 118, -1,
      120, 118, 119, -1,
      119, 121, 120, -1,
      122, 120, 121, -1,
      121, 123, 122, -1,
      124, 122, 123, -1,
      123, 125, 124, -1,
      126, 124, 125, -1,
      125, 127, 126, -1,
      128, 126, 127, -1,
      127, 129, 128, -1,
      130, 128, 129, -1,
      129, 131, 130, -1,
      132, 130, 131, -1,
      131, 133, 132, -1,
      134, 132, 133, -1,
      133, 135, 134, -1,
      136, 134, 135, -1,
      135, 137, 136, -1,
      138, 136, 137, -1,
      137, 139, 138, -1,
      140, 138, 139, -1,
      139, 141, 140, -1,
      142, 140, 141, -1,
      141, 143, 142, -1,
      144, 142, 143, -1,
      143, 145, 144, -1,
      146, 144, 145, -1,
      145, 147, 146, -1,
      148, 146, 147, -1,
      147, 149, 148, -1,
      150, 148, 149, -1,
      149, 151, 150, -1,
      152, 150, 151, -1,
      151, 153, 152, -1,
      154, 152, 153, -1,
      153, 155, 154, -1,
      156, 154, 155, -1,
      155, 157, 156, -1,
      158, 156, 157, -1,
      157, 159, 158, -1,
      160, 158, 159, -1,
      159, 161, 160, -1,
      162, 160, 161, -1,
      161, 163, 162, -1,
      164, 162, 163, -1,
      163, 165, 164, -1,
      166, 164, 165, -1,
      165, 167, 166, -1,
      168, 166, 167, -1,
      167, 169, 168, -1,
      170, 168, 169, -1,
      169, 171, 170, -1,
      172, 170, 171, -1,
      171, 173, 172, -1,
      174, 172, 173, -1,
      173, 175, 174, -1,
      176, 174, 175, -1,
      175, 177, 176, -1,
      178, 176, 177, -1,
      177, 179, 178, -1,
      180, 178, 179, -1,
      179, 181, 180, -1,
      182, 180, 181, -1,
      181, 183, 182, -1,
      184, 182, 183, -1,
      183, 185, 184, -1,
      186, 184, 185, -1,
      185, 187, 186, -1,
      188, 186, 187, -1,
      187, 189, 188, -1,
      190, 188, 189, -1,
      189, 191, 190, -1,
      192, 190, 191, -1,
      191, 193, 192, -1,
      194, 192, 193, -1,
      193, 195, 194, -1,
      196, 194, 195, -1,
      195, 197, 196, -1,
      198, 196, 197, -1,
      197, 199, 198, -1,
      200, 198, 199, -1,
      199, 201, 200, -1,
      202, 200, 201, -1,
      201, 203, 202, -1,
      101, 202, 203, -1,
      203, 102, 101, -1,
    ]
  }
}

Shape {
  appearance Appearance {
    material Material {
      diffuseColor 0.0392 0.8471 0.8000
      specularColor 0.7529 0.7529 0.7529
      ambientIntensity 0.2
      transparency 1.0000
      shininess 0.5
    }
  }
  geometry IndexedFaceSet {
    ccw TRUE
    solid FALSE
    coord DEF co Coordinate {
      point [
        -1.909449 -2.362205 0.866142,
        -1.811024 -2.362205 0.472441,
        -0.688976 -2.362205 0.472441,
        1.909449 -2.362205 0.314961,
        0.295276 -2.362205 0.354331,
        -0.295276 -2.362205 0.354331,
        -1.909449 -2.362205 0.314961,
        -0.688976 -2.362205 0.354331,
        -1.811024 -2.362205 0.354331,
        -0.295276 -2.362205 0.472441,
        1.909449 -2.362205 0.866142,
        1.811024 -2.362205 0.472441,
        1.811024 -2.362205 0.354331,
        0.688976 -2.362205 0.354331,
        0.295276 -2.362205 0.472441,
        0.688976 -2.362205 0.472441,
        2.293280 2.056110 0.314961,
        2.106299 1.850394 0.314961,
        2.264161 2.139323 0.314961,
        -2.106299 -1.850394 0.314961,
        -2.106299 1.850394 0.314961,
        2.154917 2.276311 0.314961,
        2.217256 2.213972 0.314961,
        2.080268 2.323217 0.314961,
        1.997055 2.352335 0.314961,
        1.909449 2.362205 0.314961,
        -2.303150 1.850394 0.314961,
        -2.303150 1.968504 0.314961,
        -2.293280 2.056110 0.314961,
        -2.264161 2.139323 0.314961,
        -2.217256 2.213972 0.314961,
        -2.154917 2.276311 0.314961,
        -2.080268 2.323217 0.314961,
        -1.997055 2.352335 0.314961,
        -1.909449 2.362205 0.314961,
        -2.303150 -1.968504 0.314961,
        -2.293280 -2.056110 0.314961,
        2.106299 -1.850394 0.314961,
        -2.264161 -2.139323 0.314961,
        -2.217256 -2.213972 0.314961,
        -2.303150 -1.850394 0.314961,
        -2.154917 -2.276311 0.314961,
        -2.080268 -2.323217 0.314961,
        -1.997055 -2.352335 0.314961,
        2.303150 -1.850394 0.314961,
        2.303150 -1.968504 0.314961,
        2.264161 -2.139323 0.314961,
        2.293280 -2.056110 0.314961,
        2.217256 -2.213972 0.314961,
        2.154917 -2.276311 0.314961,
        2.080268 -2.323217 0.314961,
        1.997055 -2.352335 0.314961,
        2.303150 1.968504 0.314961,
        2.303150 1.850394 0.314961,
        2.303150 1.850394 0.866142,
        2.106299 1.850394 0.866142,
        2.106299 -1.850394 0.866142,
        2.303150 -1.850394 0.866142,
        2.303150 1.968504 0.866142,
        2.303150 -1.968504 0.866142,
        2.293280 2.056110 0.866142,
        2.264161 2.139323 0.866142,
        -2.106299 -1.850394 0.866142,
        -2.293280 -2.056110 0.866142,
        -2.264161 -2.139323 0.866142,
        2.217256 2.213972 0.866142,
        2.154917 2.276311 0.866142,
        2.080268 2.323217 0.866142,
        1.997055 2.352335 0.866142,
        1.909449 2.362205 0.866142,
        -1.909449 2.362205 0.866142,
        -1.997055 2.352335 0.866142,
        -2.106299 1.850394 0.866142,
        -2.293280 2.056110 0.866142,
        -2.264161 2.139323 0.866142,
        -2.303150 1.968504 0.866142,
        -2.154917 2.276311 0.866142,
        -2.217256 2.213972 0.866142,
        -2.080268 2.323217 0.866142,
        -2.303150 1.850394 0.866142,
        -2.303150 -1.968504 0.866142,
        -2.217256 -2.213972 0.866142,
        -2.303150 -1.850394 0.866142,
        -2.154917 -2.276311 0.866142,
        -2.080268 -2.323217 0.866142,
        -1.997055 -2.352335 0.866142,
        2.264161 -2.139323 0.866142,
        2.293280 -2.056110 0.866142,
        2.217256 -2.213972 0.866142,
        2.154917 -2.276311 0.866142,
        1.997055 -2.352335 0.866142,
        2.080268 -2.323217 0.866142,
        0.688976 2.362205 0.354331,
        1.279528 2.362205 0.354331,
        1.279528 2.362205 0.472441,
        0.688976 2.362205 0.472441,
        -0.688976 2.362205 0.354331,
        -0.688976 2.362205 0.472441,
        -1.279528 2.362205 0.472441,
        -1.279528 2.362205 0.354331,
      ]
    }
    coordIndex [
      0, 1, 2, -1,
      3, 4, 5, -1,
      6, 7, 8, -1,
      0, 6, 1, -1,
      5, 9, 2, -1,
      2, 9, 0, -1,
      7, 6, 5, -1,
      1, 6, 8, -1,
      10, 11, 3, -1,
      12, 3, 11, -1,
      3, 12, 13, -1,
      14, 10, 0, -1,
      5, 2, 7, -1,
      10, 15, 11, -1,
      10, 14, 15, -1,
      13, 15, 14, -1,
      13, 14, 4, -1,
      3, 13, 4, -1,
      3, 5, 6, -1,
      14, 0, 9, -1,
      16, 17, 18, -1,
      17, 19, 20, -1,
      21, 22, 17, -1,
      17, 22, 18, -1,
      23, 21, 17, -1,
      24, 17, 25, -1,
      24, 23, 17, -1,
      26, 27, 20, -1,
      28, 29, 20, -1,
      27, 28, 20, -1,
      20, 30, 31, -1,
      29, 30, 20, -1,
      31, 32, 20, -1,
      33, 20, 32, -1,
      20, 33, 34, -1,
      35, 19, 36, -1,
      20, 34, 25, -1,
      37, 6, 19, -1,
      36, 19, 38, -1,
      19, 39, 38, -1,
      19, 35, 40, -1,
      41, 19, 42, -1,
      41, 39, 19, -1,
      43, 19, 6, -1,
      43, 42, 19, -1,
      37, 3, 6, -1,
      37, 44, 45, -1,
      46, 37, 47, -1,
      47, 37, 45, -1,
      48, 49, 37, -1,
      48, 37, 46, -1,
      37, 50, 51, -1,
      49, 50, 37, -1,
      51, 3, 37, -1,
      19, 17, 37, -1,
      52, 17, 16, -1,
      20, 25, 17, -1,
      52, 53, 17, -1,
      17, 53, 54, -1,
      17, 54, 55, -1,
      37, 55, 56, -1,
      37, 17, 55, -1,
      56, 57, 44, -1,
      56, 44, 37, -1,
      54, 52, 58, -1,
      52, 54, 53, -1,
      59, 45, 44, -1,
      59, 44, 57, -1,
      60, 61, 55, -1,
      62, 63, 64, -1,
      61, 65, 55, -1,
      55, 66, 67, -1,
      65, 66, 55, -1,
      55, 67, 68, -1,
      60, 55, 58, -1,
      55, 68, 69, -1,
      70, 71, 72, -1,
      73, 72, 74, -1,
      75, 72, 73, -1,
      72, 76, 77, -1,
      74, 72, 77, -1,
      76, 72, 78, -1,
      71, 78, 72, -1,
      79, 72, 75, -1,
      69, 72, 55, -1,
      70, 72, 69, -1,
      80, 63, 62, -1,
      56, 55, 62, -1,
      62, 64, 81, -1,
      62, 82, 80, -1,
      83, 84, 62, -1,
      83, 62, 81, -1,
      85, 0, 62, -1,
      85, 62, 84, -1,
      56, 0, 10, -1,
      56, 59, 57, -1,
      86, 87, 56, -1,
      87, 59, 56, -1,
      88, 56, 89, -1,
      88, 86, 56, -1,
      56, 90, 91, -1,
      89, 56, 91, -1,
      90, 56, 10, -1,
      0, 56, 62, -1,
      55, 54, 58, -1,
      62, 55, 72, -1,
      89, 48, 88, -1,
      86, 88, 46, -1,
      48, 46, 88, -1,
      47, 87, 86, -1,
      86, 46, 47, -1,
      45, 87, 47, -1,
      45, 59, 87, -1,
      48, 89, 49, -1,
      91, 50, 49, -1,
      49, 89, 91, -1,
      50, 90, 51, -1,
      90, 50, 91, -1,
      90, 10, 51, -1,
      51, 10, 3, -1,
      81, 41, 83, -1,
      84, 83, 42, -1,
      41, 42, 83, -1,
      43, 85, 84, -1,
      84, 42, 43, -1,
      6, 85, 43, -1,
      6, 0, 85, -1,
      41, 81, 39, -1,
      64, 38, 39, -1,
      39, 81, 64, -1,
      38, 63, 36, -1,
      63, 38, 64, -1,
      63, 80, 36, -1,
      36, 80, 35, -1,
      75, 27, 26, -1,
      75, 26, 79, -1,
      82, 35, 80, -1,
      35, 82, 40, -1,
      79, 26, 20, -1,
      20, 72, 79, -1,
      19, 62, 72, -1,
      19, 72, 20, -1,
      62, 40, 82, -1,
      62, 19, 40, -1,
      76, 30, 77, -1,
      74, 77, 29, -1,
      30, 29, 77, -1,
      28, 73, 74, -1,
      74, 29, 28, -1,
      27, 73, 28, -1,
      27, 75, 73, -1,
      30, 76, 31, -1,
      78, 32, 31, -1,
      31, 76, 78, -1,
      32, 71, 33, -1,
      71, 32, 78, -1,
      71, 70, 33, -1,
      33, 70, 34, -1,
      25, 92, 93, -1,
      92, 25, 34, -1,
      25, 93, 94, -1,
      69, 94, 95, -1,
      25, 94, 69, -1,
      95, 92, 96, -1,
      95, 97, 69, -1,
      96, 92, 34, -1,
      34, 70, 98, -1,
      69, 97, 70, -1,
      34, 98, 99, -1,
      96, 97, 95, -1,
      34, 99, 96, -1,
      98, 70, 97, -1,
      65, 21, 66, -1,
      67, 66, 23, -1,
      21, 23, 66, -1,
      24, 68, 67, -1,
      67, 23, 24, -1,
      25, 68, 24, -1,
      25, 69, 68, -1,
      21, 65, 22, -1,
      61, 18, 22, -1,
      22, 65, 61, -1,
      18, 60, 16, -1,
      60, 18, 61, -1,
      60, 58, 16, -1,
      16, 58, 52, -1,
    ]
  }
}
