#VRML V2.0 utf8

Shape {
  appearance Appearance {
    material Material {
      diffuseColor 0.1098 0.1098 0.1098
      specularColor 0.0784 0.0784 0.0784
      ambientIntensity 0.2
      transparency 0.0000
      shininess 0.5
    }
  }
  geometry IndexedFaceSet {
    ccw TRUE
    solid FALSE
    coord DEF co Coordinate {
      point [
        -1.674048 -1.751149 0.000000,
        -2.381890 -1.043307 0.000000,
        -1.223850 -1.300951 0.000000,
        -2.381890 -0.000480 0.000000,
        2.381890 -1.043307 0.000000,
        1.674048 -1.751149 0.000000,
        2.381890 -0.000480 0.000000,
        1.223850 -1.300951 0.000000,
        0.049228 -0.000480 0.000000,
        0.052390 -0.000923 0.000000,
        -0.032419 -2.224409 0.000000,
        0.059174 -0.000480 0.000000,
        0.054543 -0.000960 0.000000,
        0.694912 -1.829889 0.000000,
        1.089432 -2.224409 0.000000,
        -0.024737 0.008642 0.000000,
        -0.024737 0.000000 0.000000,
        -0.032419 -0.000480 0.000000,
        0.017514 0.000000 0.000000,
        -0.032419 2.224409 0.000000,
        1.089432 2.224409 0.000000,
        0.694912 1.829889 0.000000,
        0.032878 0.004081 0.000000,
        0.032878 0.012723 0.000000,
        0.017514 0.078740 0.000000,
        -1.089432 -2.224409 0.000000,
        -0.694912 -1.829889 0.000000,
        0.041271 0.000635 0.000000,
        0.032878 0.066017 0.000000,
        0.041747 0.069815 0.000000,
        0.034289 0.011942 0.000000,
        0.051317 0.071058 0.000000,
        0.059071 0.070187 0.000000,
        -0.020896 0.035529 0.000000,
        0.006951 0.035529 0.000000,
        0.006951 0.008642 0.000000,
        0.138505 0.078740 0.000000,
        1.674048 1.751149 0.000000,
        0.138505 0.000000 0.000000,
        2.381890 1.043307 0.000000,
        0.127942 0.078740 0.000000,
        0.127942 0.008642 0.000000,
        0.098174 0.008642 0.000000,
        -0.020896 0.044171 0.000000,
        -0.022817 0.070098 0.000000,
        0.006951 0.044171 0.000000,
        0.006951 0.070098 0.000000,
        0.064965 0.068061 0.000000,
        0.070415 0.064415 0.000000,
        0.075169 0.059165 0.000000,
        0.080890 0.038530 0.000000,
        0.080093 0.030006 0.000000,
        0.077954 0.023233 0.000000,
        0.060432 0.008506 0.000000,
        0.053088 0.007682 0.000000,
        0.066169 0.010618 0.000000,
        0.071002 0.013875 0.000000,
        0.074697 0.017773 0.000000,
        0.042636 0.008842 0.000000,
        0.078415 0.053086 0.000000,
        0.080515 0.044656 0.000000,
        0.071879 0.002673 0.000000,
        0.078213 0.006717 0.000000,
        0.098174 0.000000 0.000000,
        0.084127 0.012944 0.000000,
        0.064247 0.000046 0.000000,
        0.088322 0.020431 0.000000,
        0.090691 0.028766 0.000000,
        0.091453 0.037885 0.000000,
        0.075573 0.072200 0.000000,
        0.068094 0.076505 0.000000,
        0.059316 0.079055 0.000000,
        -0.022817 0.078740 0.000000,
        0.090320 0.049079 0.000000,
        0.087297 0.058001 0.000000,
        0.082682 0.065363 0.000000,
        0.051407 0.079700 0.000000,
        0.041981 0.079050 0.000000,
        0.032878 0.076580 0.000000,
        1.223850 1.300951 0.000000,
        -0.120762 0.000000 0.000000,
        -0.109239 0.000000 0.000000,
        -0.180297 0.000000 0.000000,
        -0.168774 0.000000 0.000000,
        -0.099545 0.021581 0.000000,
        -0.095030 0.014538 0.000000,
        -0.088549 0.008333 0.000000,
        -0.080327 0.003555 0.000000,
        -2.381890 1.043307 0.000000,
        -1.674048 1.751149 0.000000,
        -1.223850 1.300951 0.000000,
        -0.160807 0.022086 0.000000,
        -0.128279 0.022086 0.000000,
        -0.040101 0.078740 0.000000,
        -0.149569 0.078740 0.000000,
        -0.139006 0.078740 0.000000,
        -0.071254 0.000850 0.000000,
        -0.061511 0.000000 0.000000,
        -0.040101 0.000000 0.000000,
        -0.082910 0.074289 0.000000,
        -0.091480 0.068546 0.000000,
        -1.089432 2.224409 0.000000,
        -0.694912 1.829889 0.000000,
        -0.062322 0.078740 0.000000,
        -0.073698 0.077524 0.000000,
        -0.091563 0.068473 0.000000,
        -0.097131 0.062299 0.000000,
        -0.100790 0.055527 0.000000,
        -0.102905 0.047769 0.000000,
        -0.103477 0.040360 0.000000,
        -0.102372 0.029822 0.000000,
        1.200787 2.224409 1.885827,
        1.200787 2.224409 0.629921,
        1.089432 2.224409 0.629921,
        -1.200787 2.224409 0.629921,
        -1.200787 2.224409 1.885827,
        -1.089432 2.224409 0.629921,
        -0.118110 2.224409 0.433071,
        -0.118110 2.224409 0.354331,
        0.118110 2.224409 0.433071,
        0.118110 2.224409 0.354331,
        1.200787 -2.224409 1.885827,
        1.200787 -2.224409 0.629921,
        2.381890 -1.043307 1.885827,
        1.674048 -1.751149 0.629921,
        2.121208 -1.303989 0.433071,
        2.121208 -1.303989 0.354331,
        2.288241 -1.136956 0.354331,
        2.288241 -1.136956 0.433071,
        1.674048 1.751149 0.629921,
        1.904672 1.520524 0.433071,
        1.904672 1.520524 0.354331,
        2.071706 1.353491 0.354331,
        2.071706 1.353491 0.433071,
        2.381890 1.043307 1.885827,
        -2.071706 -1.353491 0.433071,
        -1.904672 -1.520524 0.433071,
        -1.200787 -2.224409 1.885827,
        -2.381890 -1.043307 1.885827,
        -2.071706 -1.353491 0.354331,
        -1.904672 -1.520524 0.354331,
        -1.674048 -1.751149 0.629921,
        -1.200787 -2.224409 0.629921,
        -1.674048 1.751149 0.629921,
        -1.904672 1.520524 0.433071,
        -2.381890 1.043307 1.885827,
        -2.071706 1.353491 0.433071,
        -2.071706 1.353491 0.354331,
        -1.904672 1.520524 0.354331,
        1.089432 -2.224409 0.629921,
        -1.089432 -2.224409 0.629921,
        1.223850 1.300951 0.629921,
        0.694912 1.829889 0.629921,
        1.223850 -1.300951 0.629921,
        0.694912 -1.829889 0.629921,
        -0.694912 -1.829889 0.629921,
        -1.223850 -1.300951 0.629921,
        -1.223850 1.300951 0.629921,
        -0.694912 1.829889 0.629921,
      ]
    }
    coordIndex [
      0, 1, 2, -1,
      2, 1, 3, -1,
      4, 5, 6, -1,
      6, 5, 7, -1,
      8, 9, 10, -1,
      11, 6, 12, -1,
      12, 6, 7, -1,
      12, 7, 9, -1,
      9, 7, 13, -1,
      9, 13, 10, -1,
      10, 13, 14, -1,
      15, 16, 17, -1,
      17, 16, 18, -1,
      19, 20, 21, -1,
      22, 18, 23, -1,
      23, 18, 24, -1,
      25, 26, 10, -1,
      10, 26, 17, -1,
      10, 17, 8, -1,
      8, 17, 18, -1,
      8, 18, 27, -1,
      27, 18, 22, -1,
      24, 28, 23, -1,
      23, 28, 29, -1,
      23, 29, 30, -1,
      30, 29, 31, -1,
      30, 31, 32, -1,
      33, 34, 35, -1,
      36, 37, 38, -1,
      38, 37, 39, -1,
      40, 41, 42, -1,
      35, 15, 33, -1,
      33, 15, 17, -1,
      33, 17, 43, -1,
      43, 17, 44, -1,
      43, 44, 45, -1,
      45, 44, 46, -1,
      32, 47, 30, -1,
      30, 47, 48, -1,
      30, 48, 49, -1,
      50, 51, 30, -1,
      30, 51, 52, -1,
      53, 54, 55, -1,
      55, 54, 56, -1,
      52, 57, 30, -1,
      30, 57, 56, -1,
      30, 56, 58, -1,
      58, 56, 54, -1,
      49, 59, 30, -1,
      30, 59, 60, -1,
      30, 60, 50, -1,
      61, 62, 63, -1,
      63, 62, 64, -1,
      63, 64, 42, -1,
      39, 6, 38, -1,
      38, 6, 11, -1,
      38, 11, 63, -1,
      63, 11, 65, -1,
      63, 65, 61, -1,
      64, 66, 42, -1,
      42, 66, 67, -1,
      42, 67, 68, -1,
      69, 70, 19, -1,
      19, 70, 71, -1,
      24, 72, 19, -1,
      73, 74, 19, -1,
      19, 74, 75, -1,
      19, 75, 69, -1,
      71, 76, 19, -1,
      19, 76, 77, -1,
      19, 77, 24, -1,
      24, 77, 78, -1,
      24, 78, 28, -1,
      68, 73, 42, -1,
      42, 73, 19, -1,
      42, 19, 40, -1,
      40, 19, 21, -1,
      40, 21, 36, -1,
      36, 21, 79, -1,
      36, 79, 37, -1,
      80, 81, 17, -1,
      82, 83, 17, -1,
      84, 85, 81, -1,
      81, 85, 86, -1,
      81, 86, 87, -1,
      88, 89, 3, -1,
      3, 89, 90, -1,
      17, 83, 80, -1,
      80, 83, 91, -1,
      80, 91, 92, -1,
      93, 19, 17, -1,
      17, 19, 72, -1,
      17, 72, 44, -1,
      26, 2, 17, -1,
      17, 2, 3, -1,
      17, 3, 82, -1,
      82, 3, 90, -1,
      82, 90, 94, -1,
      94, 90, 95, -1,
      87, 96, 81, -1,
      81, 96, 97, -1,
      81, 97, 17, -1,
      17, 97, 98, -1,
      17, 98, 93, -1,
      95, 99, 100, -1,
      101, 19, 102, -1,
      102, 19, 93, -1,
      102, 93, 90, -1,
      90, 93, 103, -1,
      90, 103, 95, -1,
      95, 103, 104, -1,
      95, 104, 99, -1,
      100, 105, 95, -1,
      95, 105, 106, -1,
      95, 106, 107, -1,
      107, 108, 95, -1,
      95, 108, 109, -1,
      95, 109, 81, -1,
      81, 109, 110, -1,
      81, 110, 84, -1,
      111, 112, 113, -1,
      114, 115, 116, -1,
      116, 115, 111, -1,
      117, 118, 101, -1,
      101, 116, 117, -1,
      117, 116, 111, -1,
      117, 111, 119, -1,
      119, 111, 113, -1,
      119, 113, 120, -1,
      120, 113, 20, -1,
      120, 20, 118, -1,
      118, 20, 19, -1,
      118, 19, 101, -1,
      121, 122, 123, -1,
      123, 122, 124, -1,
      125, 124, 126, -1,
      126, 124, 5, -1,
      126, 5, 127, -1,
      127, 5, 4, -1,
      127, 4, 128, -1,
      128, 4, 123, -1,
      128, 123, 125, -1,
      125, 123, 124, -1,
      129, 112, 111, -1,
      130, 131, 37, -1,
      37, 131, 39, -1,
      39, 131, 132, -1,
      39, 132, 133, -1,
      37, 129, 130, -1,
      130, 129, 111, -1,
      130, 111, 133, -1,
      133, 111, 134, -1,
      133, 134, 39, -1,
      135, 136, 137, -1,
      137, 138, 135, -1,
      135, 138, 1, -1,
      135, 1, 139, -1,
      136, 140, 137, -1,
      137, 140, 141, -1,
      137, 141, 142, -1,
      139, 1, 140, -1,
      140, 1, 0, -1,
      140, 0, 141, -1,
      114, 143, 115, -1,
      115, 143, 144, -1,
      115, 144, 145, -1,
      145, 144, 146, -1,
      145, 146, 88, -1,
      88, 146, 147, -1,
      88, 147, 89, -1,
      89, 147, 148, -1,
      89, 148, 143, -1,
      143, 148, 144, -1,
      1, 138, 3, -1,
      3, 138, 145, -1,
      3, 145, 88, -1,
      39, 134, 6, -1,
      6, 134, 123, -1,
      6, 123, 4, -1,
      149, 122, 121, -1,
      150, 25, 10, -1,
      137, 142, 121, -1,
      121, 142, 150, -1,
      121, 150, 149, -1,
      149, 150, 10, -1,
      149, 10, 14, -1,
      123, 134, 121, -1,
      121, 134, 111, -1,
      121, 111, 137, -1,
      137, 111, 115, -1,
      137, 115, 138, -1,
      138, 115, 145, -1,
      112, 129, 113, -1,
      113, 129, 151, -1,
      113, 151, 152, -1,
      21, 20, 152, -1,
      152, 20, 113, -1,
      151, 129, 79, -1,
      79, 129, 37, -1,
      152, 151, 21, -1,
      21, 151, 79, -1,
      124, 122, 153, -1,
      153, 122, 149, -1,
      153, 149, 154, -1,
      7, 5, 153, -1,
      153, 5, 124, -1,
      154, 149, 13, -1,
      13, 149, 14, -1,
      153, 154, 7, -1,
      7, 154, 13, -1,
      155, 150, 156, -1,
      156, 150, 142, -1,
      156, 142, 141, -1,
      26, 25, 155, -1,
      155, 25, 150, -1,
      156, 141, 2, -1,
      2, 141, 0, -1,
      155, 156, 26, -1,
      26, 156, 2, -1,
      143, 114, 157, -1,
      157, 114, 116, -1,
      157, 116, 158, -1,
      90, 89, 157, -1,
      157, 89, 143, -1,
      158, 116, 102, -1,
      102, 116, 101, -1,
      157, 158, 90, -1,
      90, 158, 102, -1,
    ]
  }
}

Shape {
  appearance Appearance {
    material Material {
      diffuseColor 0.7765 0.7569 0.7373
      specularColor 0.3882 0.3765 0.3686
      ambientIntensity 0.2
      transparency 0.0000
      shininess 0.5
    }
  }
  geometry IndexedFaceSet {
    ccw TRUE
    solid FALSE
    coord DEF co Coordinate {
      point [
        -0.118110 2.224409 0.433071,
        -0.118110 2.224409 0.354331,
        0.118110 2.224409 0.433071,
        0.118110 2.224409 0.354331,
        2.121208 -1.303989 0.433071,
        2.121208 -1.303989 0.354331,
        2.288241 -1.136956 0.354331,
        2.288241 -1.136956 0.433071,
        1.904672 1.520524 0.433071,
        1.904672 1.520524 0.354331,
        2.071706 1.353491 0.354331,
        2.071706 1.353491 0.433071,
        -2.071706 -1.353491 0.433071,
        -1.904672 -1.520524 0.433071,
        -2.071706 -1.353491 0.354331,
        -1.904672 -1.520524 0.354331,
        -1.904672 1.520524 0.433071,
        -2.071706 1.353491 0.433071,
        -2.071706 1.353491 0.354331,
        -1.904672 1.520524 0.354331,
        -2.183061 1.464847 0.354331,
        -2.016028 1.631880 0.354331,
        -2.183061 1.464847 0.433071,
        -2.016028 1.631880 0.433071,
        -2.099544 1.715396 -1.181102,
        -2.266578 1.548363 -1.181102,
        -2.155222 1.771074 -1.181102,
        -2.322255 1.604041 -1.181102,
        -2.099544 1.715396 0.236220,
        -2.266578 1.548363 0.236220,
        -2.322255 1.604041 0.236220,
        -2.155222 1.771074 0.236220,
        -2.263731 1.545518 0.266790,
        -2.096698 1.712550 0.266790,
        -2.255389 1.537174 0.295276,
        -2.088355 1.704207 0.295276,
        -2.242116 1.523902 0.319737,
        -2.075083 1.690935 0.319737,
        -2.224819 1.506605 0.338507,
        -2.057786 1.673638 0.338507,
        -2.204677 1.486463 0.350306,
        -2.037643 1.653496 0.350306,
        -2.219087 1.500873 0.426363,
        -2.252658 1.534444 0.406698,
        -2.281486 1.563272 0.375415,
        -2.303607 1.585393 0.334646,
        -2.317512 1.599298 0.287169,
        -2.052054 1.667906 0.426363,
        -2.085625 1.701477 0.406698,
        -2.114453 1.730305 0.375415,
        -2.136574 1.752426 0.334646,
        -2.150479 1.766331 0.287169,
        -2.183061 -1.464847 0.433071,
        -2.016028 -1.631880 0.433071,
        -2.183061 -1.464847 0.354331,
        -2.016028 -1.631880 0.354331,
        -2.266578 -1.548363 -1.181102,
        -2.099544 -1.715396 -1.181102,
        -2.322255 -1.604041 -1.181102,
        -2.155222 -1.771074 -1.181102,
        -2.155222 -1.771074 0.236220,
        -2.322255 -1.604041 0.236220,
        -2.266578 -1.548363 0.236220,
        -2.099544 -1.715396 0.236220,
        -2.219087 -1.500873 0.426363,
        -2.052054 -1.667906 0.426363,
        -2.252658 -1.534444 0.406698,
        -2.085625 -1.701477 0.406698,
        -2.281486 -1.563272 0.375415,
        -2.114453 -1.730305 0.375415,
        -2.303607 -1.585393 0.334646,
        -2.136574 -1.752426 0.334646,
        -2.317512 -1.599298 0.287169,
        -2.150479 -1.766331 0.287169,
        -2.263731 -1.545518 0.266790,
        -2.255389 -1.537174 0.295276,
        -2.242116 -1.523902 0.319737,
        -2.224819 -1.506605 0.338507,
        -2.204677 -1.486463 0.350306,
        -2.096698 -1.712550 0.266790,
        -2.088355 -1.704207 0.295276,
        -2.075083 -1.690935 0.319737,
        -2.057786 -1.673638 0.338507,
        -2.037643 -1.653496 0.350306,
        2.183061 1.464847 0.354331,
        2.016028 1.631880 0.354331,
        2.183061 1.464847 0.433071,
        2.016028 1.631880 0.433071,
        2.266578 1.548363 -1.181102,
        2.099544 1.715396 -1.181102,
        2.322255 1.604041 -1.181102,
        2.155222 1.771074 -1.181102,
        2.099544 1.715396 0.236220,
        2.266578 1.548363 0.236220,
        2.322255 1.604041 0.236220,
        2.155222 1.771074 0.236220,
        2.204677 1.486463 0.350306,
        2.037643 1.653496 0.350306,
        2.224819 1.506605 0.338507,
        2.057786 1.673638 0.338507,
        2.242116 1.523902 0.319737,
        2.075083 1.690935 0.319737,
        2.255389 1.537174 0.295276,
        2.088355 1.704207 0.295276,
        2.263731 1.545518 0.266790,
        2.096698 1.712550 0.266790,
        2.317512 1.599298 0.287169,
        2.303607 1.585393 0.334646,
        2.281486 1.563272 0.375415,
        2.252658 1.534444 0.406698,
        2.219087 1.500873 0.426363,
        2.150479 1.766331 0.287169,
        2.136574 1.752426 0.334646,
        2.114453 1.730305 0.375415,
        2.085625 1.701477 0.406698,
        2.052054 1.667906 0.426363,
        2.231165 -1.413945 -1.181102,
        2.398198 -1.246912 -1.181102,
        2.286842 -1.469623 -1.181102,
        2.453875 -1.302590 -1.181102,
        2.314681 -1.163396 0.354331,
        2.147648 -1.330429 0.354331,
        2.147648 -1.330429 0.433071,
        2.314681 -1.163396 0.433071,
        2.169263 -1.352044 0.350306,
        2.336296 -1.185011 0.350306,
        2.189406 -1.372187 0.338507,
        2.356439 -1.205154 0.338507,
        2.206703 -1.389484 0.319737,
        2.373736 -1.222451 0.319737,
        2.219975 -1.402756 0.295276,
        2.387008 -1.235723 0.295276,
        2.228319 -1.411100 0.266790,
        2.395352 -1.244067 0.266790,
        2.231165 -1.413945 0.236220,
        2.398198 -1.246912 0.236220,
        2.286842 -1.469623 0.236220,
        2.282099 -1.464880 0.287169,
        2.268193 -1.450975 0.334646,
        2.246073 -1.428854 0.375415,
        2.217245 -1.400026 0.406698,
        2.183674 -1.366455 0.426363,
        2.453875 -1.302590 0.236220,
        2.449132 -1.297847 0.287169,
        2.435227 -1.283942 0.334646,
        2.413106 -1.261821 0.375415,
        2.384278 -1.232993 0.406698,
        2.350707 -1.199422 0.426363,
        0.118110 2.736220 -1.181102,
        0.118110 2.657480 -1.181102,
        -0.118110 2.736220 -1.181102,
        -0.118110 2.657480 -1.181102,
        0.118110 2.539370 0.433071,
        0.118110 2.539370 0.354331,
        -0.118110 2.539370 0.354331,
        -0.118110 2.539370 0.433071,
        0.118110 2.657480 0.236220,
        0.118110 2.736220 0.236220,
        0.118110 2.654519 0.262502,
        0.118110 2.731285 0.280024,
        0.118110 2.645784 0.287467,
        0.118110 2.716726 0.321631,
        0.118110 2.631713 0.309861,
        0.118110 2.693274 0.358955,
        0.118110 2.613011 0.328563,
        0.118110 2.662104 0.390124,
        0.118110 2.590616 0.342634,
        0.118110 2.624780 0.413577,
        0.118110 2.565652 0.351369,
        0.118110 2.583174 0.428135,
        -0.118110 2.565652 0.351369,
        -0.118110 2.590616 0.342634,
        -0.118110 2.613011 0.328563,
        -0.118110 2.631713 0.309861,
        -0.118110 2.645784 0.287467,
        -0.118110 2.654519 0.262502,
        -0.118110 2.657480 0.236220,
        -0.118110 2.583174 0.428135,
        -0.118110 2.624780 0.413577,
        -0.118110 2.662104 0.390124,
        -0.118110 2.693274 0.358955,
        -0.118110 2.716726 0.321631,
        -0.118110 2.731285 0.280024,
        -0.118110 2.736220 0.236220,
      ]
    }
    coordIndex [
      18, 20, 19, -1,
      19, 20, 21, -1,
      17, 22, 18, -1,
      18, 22, 20, -1,
      16, 23, 17, -1,
      17, 23, 22, -1,
      19, 21, 16, -1,
      16, 21, 23, -1,
      24, 25, 26, -1,
      26, 25, 27, -1,
      24, 28, 25, -1,
      25, 28, 29, -1,
      25, 29, 27, -1,
      27, 29, 30, -1,
      27, 30, 26, -1,
      26, 30, 31, -1,
      24, 26, 28, -1,
      28, 26, 31, -1,
      29, 28, 32, -1,
      32, 28, 33, -1,
      32, 33, 34, -1,
      34, 33, 35, -1,
      34, 35, 36, -1,
      36, 35, 37, -1,
      36, 37, 38, -1,
      38, 37, 39, -1,
      38, 39, 40, -1,
      40, 39, 41, -1,
      40, 41, 20, -1,
      20, 41, 21, -1,
      20, 22, 40, -1,
      40, 22, 42, -1,
      40, 42, 38, -1,
      38, 42, 43, -1,
      38, 43, 36, -1,
      36, 43, 44, -1,
      36, 44, 34, -1,
      34, 44, 45, -1,
      34, 45, 32, -1,
      32, 45, 46, -1,
      32, 46, 29, -1,
      29, 46, 30, -1,
      22, 23, 47, -1,
      22, 47, 42, -1,
      42, 47, 48, -1,
      42, 48, 43, -1,
      43, 48, 49, -1,
      43, 49, 44, -1,
      44, 49, 50, -1,
      44, 50, 45, -1,
      45, 50, 51, -1,
      45, 51, 46, -1,
      46, 51, 31, -1,
      46, 31, 30, -1,
      28, 31, 33, -1,
      33, 31, 51, -1,
      33, 51, 35, -1,
      35, 51, 50, -1,
      35, 50, 37, -1,
      37, 50, 49, -1,
      37, 49, 39, -1,
      39, 49, 48, -1,
      39, 48, 41, -1,
      41, 48, 47, -1,
      41, 47, 21, -1,
      21, 47, 23, -1,
      12, 52, 13, -1,
      13, 52, 53, -1,
      14, 54, 12, -1,
      12, 54, 52, -1,
      15, 55, 14, -1,
      14, 55, 54, -1,
      13, 53, 15, -1,
      15, 53, 55, -1,
      56, 57, 58, -1,
      58, 57, 59, -1,
      59, 60, 58, -1,
      58, 60, 61, -1,
      58, 61, 56, -1,
      56, 61, 62, -1,
      56, 62, 57, -1,
      57, 62, 63, -1,
      59, 57, 60, -1,
      60, 57, 63, -1,
      53, 52, 64, -1,
      53, 64, 65, -1,
      65, 64, 66, -1,
      65, 66, 67, -1,
      67, 66, 68, -1,
      67, 68, 69, -1,
      69, 68, 70, -1,
      69, 70, 71, -1,
      71, 70, 72, -1,
      71, 72, 73, -1,
      73, 72, 61, -1,
      73, 61, 60, -1,
      62, 61, 74, -1,
      74, 61, 72, -1,
      74, 72, 75, -1,
      75, 72, 70, -1,
      75, 70, 76, -1,
      76, 70, 68, -1,
      76, 68, 77, -1,
      77, 68, 66, -1,
      77, 66, 78, -1,
      78, 66, 64, -1,
      78, 64, 54, -1,
      54, 64, 52, -1,
      63, 62, 79, -1,
      79, 62, 74, -1,
      79, 74, 80, -1,
      80, 74, 75, -1,
      80, 75, 81, -1,
      81, 75, 76, -1,
      81, 76, 82, -1,
      82, 76, 77, -1,
      82, 77, 83, -1,
      83, 77, 78, -1,
      83, 78, 55, -1,
      55, 78, 54, -1,
      55, 53, 83, -1,
      83, 53, 65, -1,
      83, 65, 82, -1,
      82, 65, 67, -1,
      82, 67, 81, -1,
      81, 67, 69, -1,
      81, 69, 80, -1,
      80, 69, 71, -1,
      80, 71, 79, -1,
      79, 71, 73, -1,
      79, 73, 63, -1,
      63, 73, 60, -1,
      84, 10, 85, -1,
      85, 10, 9, -1,
      86, 11, 84, -1,
      84, 11, 10, -1,
      87, 8, 86, -1,
      86, 8, 11, -1,
      85, 9, 87, -1,
      87, 9, 8, -1,
      88, 89, 90, -1,
      90, 89, 91, -1,
      92, 89, 93, -1,
      93, 89, 88, -1,
      93, 88, 94, -1,
      94, 88, 90, -1,
      94, 90, 95, -1,
      95, 90, 91, -1,
      91, 89, 95, -1,
      95, 89, 92, -1,
      84, 85, 96, -1,
      96, 85, 97, -1,
      96, 97, 98, -1,
      98, 97, 99, -1,
      98, 99, 100, -1,
      100, 99, 101, -1,
      100, 101, 102, -1,
      102, 101, 103, -1,
      102, 103, 104, -1,
      104, 103, 105, -1,
      104, 105, 93, -1,
      93, 105, 92, -1,
      93, 94, 104, -1,
      104, 94, 106, -1,
      104, 106, 102, -1,
      102, 106, 107, -1,
      102, 107, 100, -1,
      100, 107, 108, -1,
      100, 108, 98, -1,
      98, 108, 109, -1,
      98, 109, 96, -1,
      96, 109, 110, -1,
      96, 110, 84, -1,
      84, 110, 86, -1,
      94, 95, 111, -1,
      94, 111, 106, -1,
      106, 111, 112, -1,
      106, 112, 107, -1,
      107, 112, 113, -1,
      107, 113, 108, -1,
      108, 113, 114, -1,
      108, 114, 109, -1,
      109, 114, 115, -1,
      109, 115, 110, -1,
      110, 115, 87, -1,
      110, 87, 86, -1,
      85, 87, 97, -1,
      97, 87, 115, -1,
      97, 115, 99, -1,
      99, 115, 114, -1,
      99, 114, 101, -1,
      101, 114, 113, -1,
      101, 113, 103, -1,
      103, 113, 112, -1,
      103, 112, 105, -1,
      105, 112, 111, -1,
      105, 111, 92, -1,
      92, 111, 95, -1,
      116, 117, 118, -1,
      118, 117, 119, -1,
      6, 120, 5, -1,
      5, 120, 121, -1,
      5, 121, 4, -1,
      4, 121, 122, -1,
      4, 122, 7, -1,
      7, 122, 123, -1,
      6, 7, 120, -1,
      120, 7, 123, -1,
      121, 120, 124, -1,
      124, 120, 125, -1,
      124, 125, 126, -1,
      126, 125, 127, -1,
      126, 127, 128, -1,
      128, 127, 129, -1,
      128, 129, 130, -1,
      130, 129, 131, -1,
      130, 131, 132, -1,
      132, 131, 133, -1,
      132, 133, 134, -1,
      134, 133, 135, -1,
      134, 136, 132, -1,
      132, 136, 137, -1,
      132, 137, 130, -1,
      130, 137, 138, -1,
      130, 138, 128, -1,
      128, 138, 139, -1,
      128, 139, 126, -1,
      126, 139, 140, -1,
      126, 140, 124, -1,
      124, 140, 141, -1,
      124, 141, 121, -1,
      121, 141, 122, -1,
      136, 142, 143, -1,
      136, 143, 137, -1,
      137, 143, 144, -1,
      137, 144, 138, -1,
      138, 144, 145, -1,
      138, 145, 139, -1,
      139, 145, 146, -1,
      139, 146, 140, -1,
      140, 146, 147, -1,
      140, 147, 141, -1,
      141, 147, 123, -1,
      141, 123, 122, -1,
      120, 123, 125, -1,
      125, 123, 147, -1,
      125, 147, 127, -1,
      127, 147, 146, -1,
      127, 146, 129, -1,
      129, 146, 145, -1,
      129, 145, 131, -1,
      131, 145, 144, -1,
      131, 144, 133, -1,
      133, 144, 143, -1,
      133, 143, 135, -1,
      135, 143, 142, -1,
      135, 117, 134, -1,
      134, 117, 116, -1,
      134, 116, 136, -1,
      136, 116, 118, -1,
      136, 118, 142, -1,
      142, 118, 119, -1,
      135, 142, 117, -1,
      117, 142, 119, -1,
      148, 149, 150, -1,
      150, 149, 151, -1,
      152, 2, 153, -1,
      153, 2, 3, -1,
      153, 3, 154, -1,
      154, 3, 1, -1,
      154, 1, 155, -1,
      155, 1, 0, -1,
      0, 2, 155, -1,
      155, 2, 152, -1,
      156, 157, 158, -1,
      158, 157, 159, -1,
      158, 159, 160, -1,
      160, 159, 161, -1,
      160, 161, 162, -1,
      162, 161, 163, -1,
      162, 163, 164, -1,
      164, 163, 165, -1,
      164, 165, 166, -1,
      166, 165, 167, -1,
      166, 167, 168, -1,
      168, 167, 169, -1,
      168, 169, 153, -1,
      153, 169, 152, -1,
      153, 154, 168, -1,
      168, 154, 170, -1,
      168, 170, 166, -1,
      166, 170, 171, -1,
      166, 171, 164, -1,
      164, 171, 172, -1,
      164, 172, 162, -1,
      162, 172, 173, -1,
      162, 173, 160, -1,
      160, 173, 174, -1,
      160, 174, 158, -1,
      158, 174, 175, -1,
      158, 175, 156, -1,
      156, 175, 176, -1,
      154, 155, 170, -1,
      170, 155, 177, -1,
      170, 177, 171, -1,
      171, 177, 178, -1,
      171, 178, 172, -1,
      172, 178, 179, -1,
      172, 179, 173, -1,
      173, 179, 180, -1,
      173, 180, 174, -1,
      174, 180, 181, -1,
      174, 181, 175, -1,
      175, 181, 182, -1,
      175, 182, 176, -1,
      176, 182, 183, -1,
      157, 183, 182, -1,
      157, 182, 159, -1,
      159, 182, 181, -1,
      159, 181, 161, -1,
      161, 181, 180, -1,
      161, 180, 163, -1,
      163, 180, 179, -1,
      163, 179, 165, -1,
      165, 179, 178, -1,
      165, 178, 167, -1,
      167, 178, 177, -1,
      167, 177, 169, -1,
      169, 177, 155, -1,
      169, 155, 152, -1,
      148, 157, 149, -1,
      149, 157, 156, -1,
      149, 156, 151, -1,
      151, 156, 176, -1,
      151, 176, 150, -1,
      150, 176, 183, -1,
      183, 157, 150, -1,
      150, 157, 148, -1,
    ]
  }
}

Shape {
  appearance Appearance {
    material Material {
      diffuseColor 1.0000 1.0000 1.0000
      specularColor 0.8784 0.8784 0.8784
      ambientIntensity 0.2
      transparency 0.0000
      shininess 0.5
    }
  }
  geometry IndexedFaceSet {
    ccw TRUE
    solid FALSE
    coord DEF co Coordinate {
      point [
        0.049228 -0.000480 0.000000,
        0.052390 -0.000923 0.000000,
        0.059174 -0.000480 0.000000,
        0.054543 -0.000960 0.000000,
        -0.024737 0.008642 0.000000,
        -0.024737 0.000000 0.000000,
        0.017514 0.000000 0.000000,
        0.032878 0.004081 0.000000,
        0.032878 0.012723 0.000000,
        0.017514 0.078740 0.000000,
        0.041271 0.000635 0.000000,
        0.032878 0.066017 0.000000,
        0.041747 0.069815 0.000000,
        0.034289 0.011942 0.000000,
        0.051317 0.071058 0.000000,
        0.059071 0.070187 0.000000,
        -0.020896 0.035529 0.000000,
        0.006951 0.035529 0.000000,
        0.006951 0.008642 0.000000,
        0.138505 0.078740 0.000000,
        0.138505 0.000000 0.000000,
        0.127942 0.078740 0.000000,
        0.127942 0.008642 0.000000,
        0.098174 0.008642 0.000000,
        -0.020896 0.044171 0.000000,
        -0.022817 0.070098 0.000000,
        0.006951 0.044171 0.000000,
        0.006951 0.070098 0.000000,
        0.064965 0.068061 0.000000,
        0.070415 0.064415 0.000000,
        0.075169 0.059165 0.000000,
        0.080890 0.038530 0.000000,
        0.080093 0.030006 0.000000,
        0.077954 0.023233 0.000000,
        0.060432 0.008506 0.000000,
        0.053088 0.007682 0.000000,
        0.066169 0.010618 0.000000,
        0.071002 0.013875 0.000000,
        0.074697 0.017773 0.000000,
        0.042636 0.008842 0.000000,
        0.078415 0.053086 0.000000,
        0.080515 0.044656 0.000000,
        0.071879 0.002673 0.000000,
        0.078213 0.006717 0.000000,
        0.098174 0.000000 0.000000,
        0.084127 0.012944 0.000000,
        0.064247 0.000046 0.000000,
        0.088322 0.020431 0.000000,
        0.090691 0.028766 0.000000,
        0.091453 0.037885 0.000000,
        0.075573 0.072200 0.000000,
        0.068094 0.076505 0.000000,
        0.059316 0.079055 0.000000,
        -0.022817 0.078740 0.000000,
        0.090320 0.049079 0.000000,
        0.087297 0.058001 0.000000,
        0.082682 0.065363 0.000000,
        0.051407 0.079700 0.000000,
        0.041981 0.079050 0.000000,
        0.032878 0.076580 0.000000,
        -0.120762 0.000000 0.000000,
        -0.109239 0.000000 0.000000,
        -0.180297 0.000000 0.000000,
        -0.168774 0.000000 0.000000,
        -0.099545 0.021581 0.000000,
        -0.095030 0.014538 0.000000,
        -0.088549 0.008333 0.000000,
        -0.080327 0.003555 0.000000,
        -0.160807 0.022086 0.000000,
        -0.128279 0.022086 0.000000,
        -0.040101 0.078740 0.000000,
        -0.149569 0.078740 0.000000,
        -0.139006 0.078740 0.000000,
        -0.071254 0.000850 0.000000,
        -0.061511 0.000000 0.000000,
        -0.040101 0.000000 0.000000,
        -0.082910 0.074289 0.000000,
        -0.091480 0.068546 0.000000,
        -0.062322 0.078740 0.000000,
        -0.073698 0.077524 0.000000,
        -0.091563 0.068473 0.000000,
        -0.097131 0.062299 0.000000,
        -0.100790 0.055527 0.000000,
        -0.102905 0.047769 0.000000,
        -0.103477 0.040360 0.000000,
        -0.102372 0.029822 0.000000,
        -0.130934 0.030728 0.003937,
        -0.128279 0.022086 0.003937,
        -0.157266 0.030728 0.003937,
        -0.160807 0.022086 0.003937,
        -0.142682 0.063616 0.003937,
        -0.139006 0.078740 0.003937,
        -0.109239 0.000000 0.003937,
        -0.120762 0.000000 0.003937,
        -0.143440 0.066347 0.003937,
        -0.143943 0.069138 0.003937,
        -0.149569 0.078740 0.003937,
        -0.144198 0.069138 0.003937,
        -0.144711 0.066356 0.003937,
        -0.145413 0.063616 0.003937,
        -0.180297 0.000000 0.003937,
        -0.168774 0.000000 0.003937,
        -0.145413 0.063616 0.000000,
        -0.144711 0.066356 0.000000,
        -0.144198 0.069138 0.000000,
        -0.143943 0.069138 0.000000,
        -0.143440 0.066347 0.000000,
        -0.142682 0.063616 0.000000,
        -0.130934 0.030728 0.000000,
        -0.157266 0.030728 0.000000,
        -0.062322 0.078740 0.003937,
        -0.040101 0.078740 0.003937,
        -0.073698 0.077524 0.003937,
        -0.082910 0.074289 0.003937,
        -0.091480 0.068546 0.003937,
        -0.091563 0.068473 0.003937,
        -0.097131 0.062299 0.003937,
        -0.100790 0.055527 0.003937,
        -0.102905 0.047769 0.003937,
        -0.103477 0.040360 0.003937,
        -0.102372 0.029822 0.003937,
        -0.099545 0.021581 0.003937,
        -0.095030 0.014538 0.003937,
        -0.088549 0.008333 0.003937,
        -0.080327 0.003555 0.003937,
        -0.071254 0.000850 0.003937,
        -0.061511 0.000000 0.003937,
        -0.040101 0.000000 0.003937,
        -0.087672 0.059056 0.003937,
        -0.083847 0.063117 0.003937,
        -0.078096 0.066833 0.003937,
        -0.071596 0.069107 0.003937,
        -0.062277 0.070098 0.003937,
        -0.050664 0.070098 0.003937,
        -0.050664 0.008642 0.003937,
        -0.061842 0.008642 0.003937,
        -0.070149 0.009415 0.003937,
        -0.076775 0.011484 0.003937,
        -0.082145 0.014672 0.003937,
        -0.086561 0.019035 0.003937,
        -0.089882 0.024463 0.003937,
        -0.092192 0.031865 0.003937,
        -0.092915 0.040135 0.003937,
        -0.092246 0.047972 0.003937,
        -0.090407 0.054200 0.003937,
        -0.061842 0.008642 0.000000,
        -0.050664 0.008642 0.000000,
        -0.070149 0.009415 0.000000,
        -0.076775 0.011484 0.000000,
        -0.082145 0.014672 0.000000,
        -0.086561 0.019035 0.000000,
        -0.089882 0.024463 0.000000,
        -0.092192 0.031865 0.000000,
        -0.092915 0.040135 0.000000,
        -0.092246 0.047972 0.000000,
        -0.090407 0.054200 0.000000,
        -0.087672 0.059056 0.000000,
        -0.083847 0.063117 0.000000,
        -0.078096 0.066833 0.000000,
        -0.071596 0.069107 0.000000,
        -0.062277 0.070098 0.000000,
        -0.050664 0.070098 0.000000,
        0.017514 0.078740 0.003937,
        0.017514 0.000000 0.003937,
        -0.022817 0.078740 0.003937,
        -0.022817 0.070098 0.003937,
        0.006951 0.070098 0.003937,
        0.006951 0.044171 0.003937,
        -0.020896 0.044171 0.003937,
        -0.020896 0.035529 0.003937,
        0.006951 0.035529 0.003937,
        0.006951 0.008642 0.003937,
        -0.024737 0.008642 0.003937,
        -0.024737 0.000000 0.003937,
        0.054543 -0.000960 0.003937,
        0.064247 0.000046 0.003937,
        0.071879 0.002673 0.003937,
        0.078213 0.006717 0.003937,
        0.084127 0.012944 0.003937,
        0.088322 0.020431 0.003937,
        0.090691 0.028766 0.003937,
        0.091453 0.037885 0.003937,
        0.090320 0.049079 0.003937,
        0.087297 0.058001 0.003937,
        0.082682 0.065363 0.003937,
        0.075573 0.072200 0.003937,
        0.068094 0.076505 0.003937,
        0.059316 0.079055 0.003937,
        0.051407 0.079700 0.003937,
        0.041981 0.079050 0.003937,
        0.032878 0.076580 0.003937,
        0.032878 0.066017 0.003937,
        0.041747 0.069815 0.003937,
        0.051317 0.071058 0.003937,
        0.059071 0.070187 0.003937,
        0.064965 0.068061 0.003937,
        0.070415 0.064415 0.003937,
        0.075169 0.059165 0.003937,
        0.078415 0.053086 0.003937,
        0.080515 0.044656 0.003937,
        0.080890 0.038530 0.003937,
        0.080093 0.030006 0.003937,
        0.077954 0.023233 0.003937,
        0.074697 0.017773 0.003937,
        0.071002 0.013875 0.003937,
        0.066169 0.010618 0.003937,
        0.060432 0.008506 0.003937,
        0.053088 0.007682 0.003937,
        0.042636 0.008842 0.003937,
        0.034289 0.011942 0.003937,
        0.032878 0.012723 0.003937,
        0.032878 0.004081 0.003937,
        0.041271 0.000635 0.003937,
        0.052390 -0.000923 0.003937,
        0.138505 0.078740 0.003937,
        0.138505 0.000000 0.003937,
        0.127942 0.078740 0.003937,
        0.127942 0.008642 0.003937,
        0.098174 0.008642 0.003937,
        0.098174 0.000000 0.003937,
      ]
    }
    coordIndex [
      86, 87, 88, -1,
      88, 87, 89, -1,
      90, 91, 86, -1,
      86, 91, 92, -1,
      86, 92, 87, -1,
      87, 92, 93, -1,
      90, 94, 91, -1,
      91, 94, 95, -1,
      91, 95, 96, -1,
      96, 95, 97, -1,
      96, 97, 98, -1,
      98, 99, 96, -1,
      96, 99, 88, -1,
      96, 88, 100, -1,
      100, 88, 89, -1,
      100, 89, 101, -1,
      89, 68, 101, -1,
      101, 68, 63, -1,
      87, 69, 89, -1,
      89, 69, 68, -1,
      93, 60, 87, -1,
      87, 60, 69, -1,
      92, 61, 93, -1,
      93, 61, 60, -1,
      91, 72, 92, -1,
      92, 72, 61, -1,
      96, 71, 91, -1,
      91, 71, 72, -1,
      100, 62, 96, -1,
      96, 62, 71, -1,
      100, 101, 62, -1,
      62, 101, 63, -1,
      102, 99, 98, -1,
      102, 98, 103, -1,
      103, 98, 97, -1,
      103, 97, 104, -1,
      95, 105, 97, -1,
      97, 105, 104, -1,
      105, 95, 94, -1,
      105, 94, 106, -1,
      106, 94, 90, -1,
      106, 90, 107, -1,
      86, 108, 90, -1,
      90, 108, 107, -1,
      88, 109, 86, -1,
      86, 109, 108, -1,
      102, 109, 99, -1,
      99, 109, 88, -1,
      110, 78, 111, -1,
      111, 78, 70, -1,
      78, 110, 112, -1,
      78, 112, 79, -1,
      79, 112, 113, -1,
      79, 113, 76, -1,
      76, 113, 114, -1,
      76, 114, 77, -1,
      77, 114, 115, -1,
      77, 115, 80, -1,
      80, 115, 116, -1,
      80, 116, 81, -1,
      81, 116, 117, -1,
      81, 117, 82, -1,
      82, 117, 118, -1,
      82, 118, 83, -1,
      83, 118, 119, -1,
      83, 119, 84, -1,
      84, 119, 120, -1,
      84, 120, 85, -1,
      85, 120, 121, -1,
      85, 121, 64, -1,
      64, 121, 122, -1,
      64, 122, 65, -1,
      65, 122, 123, -1,
      65, 123, 66, -1,
      66, 123, 124, -1,
      66, 124, 67, -1,
      67, 124, 125, -1,
      67, 125, 73, -1,
      73, 125, 126, -1,
      73, 126, 74, -1,
      127, 75, 126, -1,
      126, 75, 74, -1,
      127, 111, 75, -1,
      75, 111, 70, -1,
      117, 116, 128, -1,
      128, 116, 115, -1,
      128, 115, 129, -1,
      129, 115, 114, -1,
      129, 114, 130, -1,
      130, 114, 113, -1,
      130, 113, 131, -1,
      131, 113, 112, -1,
      131, 112, 132, -1,
      132, 112, 110, -1,
      132, 110, 133, -1,
      133, 110, 111, -1,
      133, 111, 134, -1,
      134, 111, 127, -1,
      134, 127, 135, -1,
      135, 127, 126, -1,
      135, 126, 136, -1,
      136, 126, 125, -1,
      136, 125, 137, -1,
      137, 125, 124, -1,
      137, 124, 138, -1,
      138, 124, 123, -1,
      138, 123, 139, -1,
      139, 123, 122, -1,
      139, 122, 140, -1,
      140, 122, 121, -1,
      140, 121, 141, -1,
      141, 121, 120, -1,
      141, 120, 142, -1,
      142, 120, 119, -1,
      142, 119, 143, -1,
      143, 119, 118, -1,
      143, 118, 144, -1,
      144, 118, 117, -1,
      144, 117, 128, -1,
      135, 145, 134, -1,
      134, 145, 146, -1,
      145, 135, 136, -1,
      145, 136, 147, -1,
      147, 136, 137, -1,
      147, 137, 148, -1,
      148, 137, 138, -1,
      148, 138, 149, -1,
      149, 138, 139, -1,
      149, 139, 150, -1,
      150, 139, 140, -1,
      150, 140, 151, -1,
      151, 140, 141, -1,
      151, 141, 152, -1,
      152, 141, 142, -1,
      152, 142, 153, -1,
      153, 142, 143, -1,
      153, 143, 154, -1,
      154, 143, 144, -1,
      154, 144, 155, -1,
      155, 144, 128, -1,
      155, 128, 156, -1,
      156, 128, 129, -1,
      156, 129, 157, -1,
      157, 129, 130, -1,
      157, 130, 158, -1,
      158, 130, 131, -1,
      158, 131, 159, -1,
      159, 131, 132, -1,
      159, 132, 160, -1,
      133, 161, 132, -1,
      132, 161, 160, -1,
      146, 161, 134, -1,
      134, 161, 133, -1,
      162, 9, 163, -1,
      163, 9, 6, -1,
      164, 53, 162, -1,
      162, 53, 9, -1,
      165, 25, 164, -1,
      164, 25, 53, -1,
      166, 27, 165, -1,
      165, 27, 25, -1,
      167, 26, 166, -1,
      166, 26, 27, -1,
      168, 24, 167, -1,
      167, 24, 26, -1,
      169, 16, 168, -1,
      168, 16, 24, -1,
      170, 17, 169, -1,
      169, 17, 16, -1,
      171, 18, 170, -1,
      170, 18, 17, -1,
      172, 4, 171, -1,
      171, 4, 18, -1,
      173, 5, 172, -1,
      172, 5, 4, -1,
      173, 163, 5, -1,
      5, 163, 6, -1,
      163, 173, 172, -1,
      172, 171, 163, -1,
      163, 171, 170, -1,
      163, 170, 162, -1,
      165, 164, 166, -1,
      166, 164, 162, -1,
      166, 162, 167, -1,
      167, 162, 170, -1,
      167, 170, 168, -1,
      168, 170, 169, -1,
      2, 3, 174, -1,
      2, 174, 46, -1,
      174, 175, 46, -1,
      46, 175, 176, -1,
      46, 176, 42, -1,
      42, 176, 177, -1,
      42, 177, 43, -1,
      43, 177, 178, -1,
      43, 178, 45, -1,
      45, 178, 179, -1,
      45, 179, 47, -1,
      47, 179, 180, -1,
      47, 180, 48, -1,
      48, 180, 181, -1,
      48, 181, 49, -1,
      49, 181, 182, -1,
      49, 182, 54, -1,
      54, 182, 183, -1,
      54, 183, 55, -1,
      55, 183, 184, -1,
      55, 184, 56, -1,
      56, 184, 185, -1,
      56, 185, 50, -1,
      50, 185, 186, -1,
      50, 186, 51, -1,
      51, 186, 187, -1,
      51, 187, 52, -1,
      52, 187, 188, -1,
      52, 188, 57, -1,
      57, 188, 189, -1,
      57, 189, 58, -1,
      58, 189, 190, -1,
      58, 190, 59, -1,
      191, 11, 190, -1,
      190, 11, 59, -1,
      11, 191, 192, -1,
      11, 192, 12, -1,
      12, 192, 193, -1,
      12, 193, 14, -1,
      14, 193, 194, -1,
      14, 194, 15, -1,
      15, 194, 195, -1,
      15, 195, 28, -1,
      28, 195, 196, -1,
      28, 196, 29, -1,
      29, 196, 197, -1,
      29, 197, 30, -1,
      30, 197, 198, -1,
      30, 198, 40, -1,
      40, 198, 199, -1,
      40, 199, 41, -1,
      41, 199, 200, -1,
      41, 200, 31, -1,
      31, 200, 201, -1,
      31, 201, 32, -1,
      32, 201, 202, -1,
      32, 202, 33, -1,
      33, 202, 203, -1,
      33, 203, 38, -1,
      38, 203, 204, -1,
      38, 204, 37, -1,
      37, 204, 205, -1,
      37, 205, 36, -1,
      36, 205, 206, -1,
      36, 206, 34, -1,
      34, 206, 207, -1,
      34, 207, 35, -1,
      35, 207, 208, -1,
      35, 208, 39, -1,
      39, 208, 209, -1,
      39, 209, 13, -1,
      13, 209, 210, -1,
      13, 210, 8, -1,
      211, 7, 210, -1,
      210, 7, 8, -1,
      10, 7, 212, -1,
      212, 7, 211, -1,
      10, 212, 0, -1,
      0, 212, 213, -1,
      0, 213, 1, -1,
      1, 213, 174, -1,
      1, 174, 3, -1,
      206, 174, 207, -1,
      207, 174, 213, -1,
      207, 213, 208, -1,
      208, 213, 212, -1,
      208, 212, 209, -1,
      209, 212, 211, -1,
      209, 211, 210, -1,
      191, 190, 192, -1,
      192, 190, 189, -1,
      192, 189, 193, -1,
      193, 189, 188, -1,
      193, 188, 194, -1,
      194, 188, 187, -1,
      194, 187, 195, -1,
      195, 187, 186, -1,
      195, 186, 196, -1,
      196, 186, 185, -1,
      196, 185, 197, -1,
      197, 185, 184, -1,
      197, 184, 198, -1,
      198, 184, 183, -1,
      198, 183, 199, -1,
      199, 183, 182, -1,
      199, 182, 200, -1,
      200, 182, 181, -1,
      200, 181, 201, -1,
      201, 181, 180, -1,
      201, 180, 202, -1,
      202, 180, 179, -1,
      202, 179, 203, -1,
      203, 179, 178, -1,
      203, 178, 204, -1,
      204, 178, 177, -1,
      204, 177, 205, -1,
      205, 177, 176, -1,
      205, 176, 206, -1,
      206, 176, 175, -1,
      206, 175, 174, -1,
      214, 19, 215, -1,
      215, 19, 20, -1,
      216, 21, 214, -1,
      214, 21, 19, -1,
      217, 22, 216, -1,
      216, 22, 21, -1,
      218, 23, 217, -1,
      217, 23, 22, -1,
      219, 44, 218, -1,
      218, 44, 23, -1,
      219, 215, 44, -1,
      44, 215, 20, -1,
      216, 214, 217, -1,
      217, 214, 215, -1,
      217, 215, 218, -1,
      218, 215, 219, -1,
    ]
  }
}

Shape {
  appearance Appearance {
    material Material {
      diffuseColor 0.1098 0.1098 0.1098
      specularColor 0.0784 0.0784 0.0784
      ambientIntensity 0.2
      transparency 0.0000
      shininess 0.5
    }
  }
  geometry IndexedFaceSet {
    ccw TRUE
    solid FALSE
    coord DEF co Coordinate {
      point [
        -0.145413 0.063616 0.000000,
        -0.144711 0.066356 0.000000,
        -0.144198 0.069138 0.000000,
        -0.143943 0.069138 0.000000,
        -0.143440 0.066347 0.000000,
        -0.142682 0.063616 0.000000,
        -0.130934 0.030728 0.000000,
        -0.157266 0.030728 0.000000,
        -0.061842 0.008642 0.000000,
        -0.050664 0.008642 0.000000,
        -0.070149 0.009415 0.000000,
        -0.076775 0.011484 0.000000,
        -0.082145 0.014672 0.000000,
        -0.086561 0.019035 0.000000,
        -0.089882 0.024463 0.000000,
        -0.092192 0.031865 0.000000,
        -0.092915 0.040135 0.000000,
        -0.092246 0.047972 0.000000,
        -0.090407 0.054200 0.000000,
        -0.087672 0.059056 0.000000,
        -0.083847 0.063117 0.000000,
        -0.078096 0.066833 0.000000,
        -0.071596 0.069107 0.000000,
        -0.062277 0.070098 0.000000,
        -0.050664 0.070098 0.000000,
      ]
    }
    coordIndex [
      6, 7, 5, -1,
      5, 7, 0, -1,
      5, 0, 4, -1,
      4, 0, 1, -1,
      4, 1, 3, -1,
      3, 1, 2, -1,
      24, 9, 23, -1,
      23, 9, 8, -1,
      23, 8, 10, -1,
      16, 17, 23, -1,
      23, 17, 18, -1,
      23, 18, 22, -1,
      10, 11, 23, -1,
      23, 11, 12, -1,
      23, 12, 13, -1,
      13, 14, 23, -1,
      23, 14, 15, -1,
      23, 15, 16, -1,
      19, 20, 18, -1,
      18, 20, 21, -1,
      18, 21, 22, -1,
    ]
  }
}

Shape {
  appearance Appearance {
    material Material {
      diffuseColor 0.7765 0.7569 0.7373
      specularColor 0.3882 0.3765 0.3686
      ambientIntensity 0.2
      transparency 0.0000
      shininess 0.5
    }
  }
  geometry IndexedFaceSet {
    ccw TRUE
    solid FALSE
    coord DEF co Coordinate {
      point [
        -2.460630 0.492685 1.811024,
        -2.381890 0.492685 1.811024,
        -2.460630 0.492685 1.051357,
        -2.381890 0.492685 1.051357,
        -2.381890 -0.491567 1.811024,
        -2.460630 -0.491567 1.811024,
        -2.381890 -0.491567 1.051357,
        -2.460630 -0.491567 1.051357,
        -2.460630 0.491567 1.051357,
        -2.460630 0.393701 0.496333,
        -2.460630 0.393701 -1.141732,
        -2.460630 -0.393701 -1.141732,
        -2.460630 -0.393701 0.496333,
        -2.460630 0.148826 -1.448796,
        -2.460630 0.078740 -1.456693,
        -2.460630 0.385804 -1.211818,
        -2.460630 0.324986 -1.338107,
        -2.460630 0.275115 -1.387978,
        -2.460630 0.215396 -1.425502,
        -2.460630 -0.275115 -1.387978,
        -2.460630 -0.324986 -1.338107,
        -2.460630 -0.362510 -1.278389,
        -2.460630 0.362510 -1.278389,
        -2.460630 -0.078740 -1.456693,
        -2.460630 -0.148826 -1.448796,
        -2.460630 -0.215396 -1.425502,
        -2.460630 -0.385804 -1.211818,
        -2.381890 0.491567 1.051357,
        -2.381890 -0.362510 -1.278389,
        -2.381890 -0.324986 -1.338107,
        -2.381890 -0.275115 -1.387978,
        -2.381890 -0.148826 -1.448796,
        -2.381890 -0.078740 -1.456693,
        -2.381890 -0.393701 -1.141732,
        -2.381890 0.393701 -1.141732,
        -2.381890 -0.393701 0.496333,
        -2.381890 0.393701 0.496333,
        -2.381890 -0.385804 -1.211818,
        -2.381890 -0.215396 -1.425502,
        -2.381890 0.215396 -1.425502,
        -2.381890 0.275115 -1.387978,
        -2.381890 0.324986 -1.338107,
        -2.381890 0.078740 -1.456693,
        -2.381890 0.148826 -1.448796,
        -2.381890 0.385804 -1.211818,
        -2.381890 0.362510 -1.278389,
        -1.168172 2.191794 1.968504,
        -2.349274 1.010692 1.968504,
        -2.321436 0.982853 1.968504,
        2.349274 1.010692 1.968504,
        1.168172 2.191794 1.968504,
        1.140333 2.163956 1.968504,
        -1.223850 -2.303150 1.968504,
        1.223850 -2.303150 1.968504,
        -1.112494 -2.191794 1.968504,
        1.112494 -2.191794 1.968504,
        1.168172 -2.191794 1.968504,
        2.349274 -1.010692 1.968504,
        2.321436 -0.982853 1.968504,
        2.321436 0.982853 1.968504,
        1.241493 0.597871 1.968504,
        2.349274 0.955014 1.968504,
        1.328295 0.366586 1.968504,
        1.223850 2.303150 1.968504,
        -1.223850 2.303150 1.968504,
        1.112494 2.191794 1.968504,
        -1.112494 2.191794 1.968504,
        -2.460630 1.066370 1.968504,
        -2.460630 0.532056 1.968504,
        -2.349274 0.955014 1.968504,
        -2.263780 0.532056 1.968504,
        1.140333 -2.163956 1.968504,
        -2.303150 -0.491567 1.968504,
        -2.263780 -0.491567 1.968504,
        -2.303150 0.492685 1.968504,
        -2.263780 0.492685 1.968504,
        -1.355808 0.246043 1.968504,
        -1.290087 0.484178 1.968504,
        -1.140333 2.163956 1.968504,
        -1.182902 0.706751 1.968504,
        -1.037697 0.906609 1.968504,
        0.306623 1.343405 1.968504,
        0.541570 1.267066 1.968504,
        -2.349274 -1.010692 1.968504,
        -1.168172 -2.191794 1.968504,
        -2.321436 -0.982853 1.968504,
        -1.140333 -2.163956 1.968504,
        -0.184967 -1.365482 1.968504,
        0.061822 -1.376565 1.968504,
        0.306623 -1.343405 1.968504,
        1.328295 -0.366586 1.968504,
        1.241493 -0.597871 1.968504,
        2.263780 -0.530937 1.968504,
        1.114787 -0.809941 1.968504,
        2.303150 -0.491567 1.968504,
        2.303150 0.491567 1.968504,
        2.263780 0.491567 1.968504,
        -1.377953 -0.000000 1.968504,
        -2.263780 -0.530937 1.968504,
        -0.652969 -1.213419 1.968504,
        -0.859139 -1.077327 1.968504,
        0.759110 -1.150002 1.968504,
        0.541570 -1.267066 1.968504,
        2.460630 -1.066370 1.968504,
        2.460630 -0.530937 1.968504,
        2.349274 -0.955014 1.968504,
        0.952252 -0.995977 1.968504,
        2.263780 -0.491567 1.968504,
        2.460630 0.530937 1.968504,
        2.460630 1.066370 1.968504,
        2.263780 0.530937 1.968504,
        1.372406 0.123519 1.968504,
        -0.859139 1.077327 1.968504,
        -0.652969 1.213419 1.968504,
        0.759110 1.150002 1.968504,
        0.952252 0.995977 1.968504,
        1.114787 0.809941 1.968504,
        -1.037697 -0.906609 1.968504,
        -1.182902 -0.706751 1.968504,
        -1.290087 -0.484178 1.968504,
        -1.355808 -0.246043 1.968504,
        1.372406 -0.123519 1.968504,
        -0.425811 1.310511 1.968504,
        -0.184967 1.365482 1.968504,
        0.061822 1.376565 1.968504,
        -2.460630 -0.530937 1.968504,
        -2.460630 -1.066370 1.968504,
        -2.349274 -0.955014 1.968504,
        -0.425811 -1.310511 1.968504,
        -1.112494 2.191794 1.889764,
        -1.223850 2.303150 1.889764,
        1.223850 2.303150 1.889764,
        -1.140333 -2.163956 1.889764,
        -1.168172 -2.191794 1.889764,
        -2.349274 -1.010692 1.889764,
        2.349274 -1.010692 1.889764,
        1.168172 -2.191794 1.889764,
        2.321436 -0.982853 1.889764,
        1.140333 -2.163956 1.889764,
        1.223850 -2.303150 1.889764,
        -1.223850 -2.303150 1.889764,
        1.112494 -2.191794 1.889764,
        -1.112494 -2.191794 1.889764,
        2.460630 -0.530937 1.889764,
        2.460630 -1.066370 1.889764,
        2.263780 -0.530937 1.889764,
        2.349274 -0.955014 1.889764,
        -2.460630 -1.066370 1.889764,
        -2.460630 -0.530937 1.889764,
        -2.349274 -0.955014 1.889764,
        -2.263780 -0.530937 1.889764,
        -2.321436 -0.982853 1.889764,
        -2.263780 -0.491567 1.889764,
        -2.303150 -0.491567 1.889764,
        -2.303150 0.492685 1.889764,
        -1.140333 2.163956 1.889764,
        -2.263780 0.492685 1.889764,
        2.460630 1.066370 1.889764,
        2.460630 0.530937 1.889764,
        2.349274 0.955014 1.889764,
        2.263780 0.530937 1.889764,
        2.321436 0.982853 1.889764,
        1.140333 2.163956 1.889764,
        2.349274 1.010692 1.889764,
        1.168172 2.191794 1.889764,
        1.112494 2.191794 1.889764,
        2.263780 0.491567 1.889764,
        -2.460630 0.532056 1.889764,
        -2.460630 1.066370 1.889764,
        -2.263780 0.532056 1.889764,
        -2.349274 0.955014 1.889764,
        -2.321436 0.982853 1.889764,
        -2.349274 1.010692 1.889764,
        -1.168172 2.191794 1.889764,
        2.303150 0.491567 1.889764,
        2.303150 -0.491567 1.889764,
        2.263780 -0.491567 1.889764,
        2.381890 -0.078740 -1.456693,
        2.381890 0.078740 -1.456693,
        2.460630 -0.078740 -1.456693,
        2.460630 0.078740 -1.456693,
        -1.279528 2.303150 1.811024,
        -1.223850 2.247472 1.811024,
        -1.279528 2.303150 0.669291,
        -1.223850 2.247472 0.669291,
        -2.460630 1.122047 1.102362,
        -2.460630 1.122047 1.811024,
        -1.697110 1.885567 1.102362,
        -1.697110 1.885567 0.669291,
        -1.641433 1.829889 0.669291,
        -1.641433 1.829889 1.102362,
        -2.404952 1.066370 1.102362,
        -2.404952 1.066370 1.811024,
        1.223850 2.247472 1.811024,
        1.279528 2.303150 1.811024,
        1.223850 2.247472 0.669291,
        1.279528 2.303150 0.669291,
        1.697110 1.885567 0.669291,
        1.697110 1.885567 1.102362,
        2.460630 1.122047 1.102362,
        2.460630 1.122047 1.811024,
        2.404952 1.066370 1.102362,
        2.404952 1.066370 1.811024,
        1.641433 1.829889 1.102362,
        1.641433 1.829889 0.669291,
        1.279528 -2.303150 1.811024,
        1.223850 -2.247472 1.811024,
        1.279528 -2.303150 0.669291,
        1.223850 -2.247472 0.669291,
        2.460630 -1.122047 1.102362,
        2.460630 -1.122047 1.811024,
        1.697110 -1.885567 1.102362,
        1.697110 -1.885567 0.669291,
        1.641433 -1.829889 0.669291,
        1.641433 -1.829889 1.102362,
        2.404952 -1.066370 1.102362,
        2.404952 -1.066370 1.811024,
        -1.223850 -2.247472 1.811024,
        -1.279528 -2.303150 1.811024,
        -1.223850 -2.247472 0.669291,
        -1.279528 -2.303150 0.669291,
        -1.697110 -1.885567 0.669291,
        -1.697110 -1.885567 1.102362,
        -2.460630 -1.122047 1.102362,
        -2.460630 -1.122047 1.811024,
        -2.404952 -1.066370 1.102362,
        -2.404952 -1.066370 1.811024,
        -1.641433 -1.829889 1.102362,
        -1.641433 -1.829889 0.669291,
        -1.275733 -2.299356 1.851783,
        -1.222454 -2.246076 1.828545,
        -1.264609 -2.288231 1.889764,
        -1.218336 -2.241958 1.845188,
        -1.246912 -2.270534 1.922379,
        -1.180561 -2.204184 1.887789,
        -1.196993 -2.220615 1.963138,
        -1.192330 -2.215952 1.881966,
        -1.223850 -2.247472 1.947406,
        -1.202887 -2.226509 1.872585,
        -1.211703 -2.235325 1.860117,
        -2.378095 -1.039513 1.963138,
        -2.361664 -1.023081 1.887789,
        -2.404952 -1.066370 1.947406,
        -2.373432 -1.034850 1.881966,
        -2.428015 -1.089432 1.922379,
        -2.403556 -1.064974 1.828545,
        -2.456835 -1.118253 1.851783,
        -2.399438 -1.060856 1.845188,
        -2.445711 -1.107128 1.889764,
        -2.392805 -1.054222 1.860117,
        -2.383989 -1.045406 1.872585,
        2.363685 -1.025102 1.887081,
        2.378095 -1.039513 1.963138,
        2.377113 -1.038531 1.879215,
        2.404952 -1.066370 1.947406,
        2.388644 -1.050062 1.866701,
        2.428015 -1.089432 1.922379,
        2.397493 -1.058910 1.850394,
        2.445711 -1.107128 1.889764,
        2.403055 -1.064472 1.831403,
        2.456835 -1.118253 1.851783,
        1.221953 -2.245575 1.831403,
        1.275733 -2.299356 1.851783,
        1.216391 -2.240012 1.850394,
        1.264609 -2.288231 1.889764,
        1.207542 -2.231165 1.866701,
        1.246912 -2.270534 1.922379,
        1.196011 -2.219633 1.879215,
        1.223850 -2.247472 1.947406,
        1.182583 -2.206205 1.887081,
        1.196993 -2.220615 1.963138,
        1.182583 2.206205 1.887081,
        1.196993 2.220615 1.963138,
        1.196011 2.219633 1.879215,
        1.223850 2.247472 1.947406,
        1.207542 2.231165 1.866701,
        1.246912 2.270534 1.922379,
        1.216391 2.240012 1.850394,
        1.264609 2.288231 1.889764,
        1.221953 2.245575 1.831403,
        1.275733 2.299356 1.851783,
        2.403055 1.064472 1.831403,
        2.456835 1.118253 1.851783,
        2.397493 1.058910 1.850394,
        2.445711 1.107128 1.889764,
        2.388644 1.050062 1.866701,
        2.428015 1.089432 1.922379,
        2.377113 1.038531 1.879215,
        2.404952 1.066370 1.947406,
        2.363685 1.025102 1.887081,
        2.378095 1.039513 1.963138,
        -2.363685 1.025102 1.887081,
        -2.378095 1.039513 1.963138,
        -2.377113 1.038531 1.879215,
        -2.404952 1.066370 1.947406,
        -2.388644 1.050062 1.866701,
        -2.428015 1.089432 1.922379,
        -2.397493 1.058910 1.850394,
        -2.445711 1.107128 1.889764,
        -2.403055 1.064472 1.831403,
        -2.456835 1.118253 1.851783,
        -1.221953 2.245575 1.831403,
        -1.275733 2.299356 1.851783,
        -1.216391 2.240012 1.850394,
        -1.264609 2.288231 1.889764,
        -1.207542 2.231165 1.866701,
        -1.246912 2.270534 1.922379,
        -1.196011 2.219633 1.879215,
        -1.223850 2.247472 1.947406,
        -1.182583 2.206205 1.887081,
        -1.196993 2.220615 1.963138,
        -1.168172 -2.191794 0.511811,
        -1.168172 -2.191794 0.590551,
        -1.196993 -2.220615 0.517177,
        -1.180561 -2.204184 0.592525,
        -1.223850 -2.247472 0.532909,
        -1.192330 -2.215952 0.598349,
        -1.246912 -2.270534 0.557936,
        -1.222454 -2.246076 0.651770,
        -1.275733 -2.299356 0.628532,
        -1.218336 -2.241958 0.635127,
        -1.264609 -2.288231 0.590551,
        -1.211703 -2.235325 0.620198,
        -1.202887 -2.226509 0.607730,
        -1.693316 -1.881772 0.628532,
        -1.640037 -1.828493 0.651770,
        -1.682192 -1.870648 0.590551,
        -1.635919 -1.824376 0.635127,
        -1.664495 -1.852952 0.557936,
        -1.585755 -1.774211 0.590551,
        -1.585755 -1.774211 0.511811,
        -1.598144 -1.786601 0.592525,
        -1.614576 -1.803032 0.517177,
        -1.609913 -1.798369 0.598349,
        -1.641433 -1.829889 0.532909,
        -1.620469 -1.808926 0.607730,
        -1.629285 -1.817742 0.620198,
        -1.223850 -1.412306 0.590551,
        -1.223850 -1.412306 0.511811,
        -0.806267 -1.829889 0.511811,
        -0.806267 -1.829889 0.590551,
        1.639535 -1.827992 0.648912,
        1.693316 -1.881772 0.628532,
        1.633973 -1.822430 0.629921,
        1.682192 -1.870648 0.590551,
        1.625125 -1.813581 0.613614,
        1.664495 -1.852952 0.557936,
        1.613594 -1.802050 0.601100,
        1.641433 -1.829889 0.532909,
        1.600165 -1.788622 0.593234,
        1.614576 -1.803032 0.517177,
        1.585755 -1.774211 0.590551,
        1.585755 -1.774211 0.511811,
        1.168172 -2.191794 0.590551,
        1.168172 -2.191794 0.511811,
        1.182583 -2.206205 0.593234,
        1.196993 -2.220615 0.517177,
        1.196011 -2.219633 0.601100,
        1.223850 -2.247472 0.532909,
        1.207542 -2.231165 0.613614,
        1.246912 -2.270534 0.557936,
        1.216391 -2.240012 0.629921,
        1.264609 -2.288231 0.590551,
        1.221953 -2.245575 0.648912,
        1.275733 -2.299356 0.628532,
        0.806267 -1.829889 0.590551,
        0.806267 -1.829889 0.511811,
        1.223850 -1.412306 0.511811,
        1.223850 -1.412306 0.590551,
        1.221953 2.245575 0.648912,
        1.275733 2.299356 0.628532,
        1.216391 2.240012 0.629921,
        1.264609 2.288231 0.590551,
        1.207542 2.231165 0.613614,
        1.246912 2.270534 0.557936,
        1.196011 2.219633 0.601100,
        1.223850 2.247472 0.532909,
        1.182583 2.206205 0.593234,
        1.196993 2.220615 0.517177,
        1.168172 2.191794 0.590551,
        1.168172 2.191794 0.511811,
        1.585755 1.774211 0.590551,
        1.585755 1.774211 0.511811,
        1.600165 1.788622 0.593234,
        1.614576 1.803032 0.517177,
        1.613594 1.802050 0.601100,
        1.641433 1.829889 0.532909,
        1.625125 1.813581 0.613614,
        1.664495 1.852952 0.557936,
        1.633973 1.822430 0.629921,
        1.682192 1.870648 0.590551,
        1.639535 1.827992 0.648912,
        1.693316 1.881772 0.628532,
        1.223850 1.412306 0.590551,
        1.223850 1.412306 0.511811,
        0.806267 1.829889 0.511811,
        0.806267 1.829889 0.590551,
        -1.639535 1.827992 0.648912,
        -1.693316 1.881772 0.628532,
        -1.633973 1.822430 0.629921,
        -1.682192 1.870648 0.590551,
        -1.625125 1.813581 0.613614,
        -1.664495 1.852952 0.557936,
        -1.613594 1.802050 0.601100,
        -1.641433 1.829889 0.532909,
        -1.600165 1.788622 0.593234,
        -1.614576 1.803032 0.517177,
        -1.585755 1.774211 0.590551,
        -1.585755 1.774211 0.511811,
        -1.168172 2.191794 0.590551,
        -1.168172 2.191794 0.511811,
        -1.182583 2.206205 0.593234,
        -1.196993 2.220615 0.517177,
        -1.196011 2.219633 0.601100,
        -1.223850 2.247472 0.532909,
        -1.207542 2.231165 0.613614,
        -1.246912 2.270534 0.557936,
        -1.216391 2.240012 0.629921,
        -1.264609 2.288231 0.590551,
        -1.221953 2.245575 0.648912,
        -1.275733 2.299356 0.628532,
        -0.806267 1.829889 0.590551,
        -0.806267 1.829889 0.511811,
        -1.223850 1.412306 0.511811,
        -1.223850 1.412306 0.590551,
        2.323529 0.491567 1.887081,
        2.343908 0.491567 1.963138,
        2.342520 0.491567 1.879215,
        2.381890 0.491567 1.947406,
        2.358827 0.491567 1.866701,
        2.414505 0.491567 1.922379,
        2.371341 0.491567 1.850394,
        2.439531 0.491567 1.889764,
        2.379207 0.491567 1.831403,
        2.455264 0.491567 1.851783,
        2.381890 0.491567 1.811024,
        2.460630 0.491567 1.811024,
        2.381890 -0.491567 1.811024,
        2.460630 -0.491567 1.811024,
        2.379207 -0.491567 1.831403,
        2.455264 -0.491567 1.851783,
        2.371341 -0.491567 1.850394,
        2.439531 -0.491567 1.889764,
        2.358827 -0.491567 1.866701,
        2.414505 -0.491567 1.922379,
        2.342520 -0.491567 1.879215,
        2.381890 -0.491567 1.947406,
        2.323529 -0.491567 1.887081,
        2.343908 -0.491567 1.963138,
        2.460630 -0.491567 1.051357,
        2.381890 -0.491567 1.051357,
        2.381890 0.491567 1.051357,
        2.460630 0.491567 1.051357,
        2.460630 0.393701 0.496333,
        2.460630 -0.393701 0.496333,
        2.460630 0.393701 -1.141732,
        2.460630 -0.393701 -1.141732,
        2.460630 0.362510 -1.278389,
        2.460630 0.148826 -1.448796,
        2.460630 0.324986 -1.338107,
        2.460630 0.215396 -1.425502,
        2.460630 0.275115 -1.387978,
        2.460630 -0.215396 -1.425502,
        2.460630 -0.362510 -1.278389,
        2.460630 -0.275115 -1.387978,
        2.460630 -0.324986 -1.338107,
        2.460630 -0.385804 -1.211818,
        2.460630 -0.148826 -1.448796,
        2.460630 0.385804 -1.211818,
        2.381890 0.362510 -1.278389,
        2.381890 0.324986 -1.338107,
        2.381890 -0.393701 -1.141732,
        2.381890 -0.393701 0.496333,
        2.381890 0.393701 0.496333,
        2.381890 0.393701 -1.141732,
        2.381890 0.385804 -1.211818,
        2.381890 0.275115 -1.387978,
        2.381890 0.215396 -1.425502,
        2.381890 0.148826 -1.448796,
        2.381890 -0.148826 -1.448796,
        2.381890 -0.362510 -1.278389,
        2.381890 -0.385804 -1.211818,
        2.381890 -0.215396 -1.425502,
        2.381890 -0.275115 -1.387978,
        2.381890 -0.324986 -1.338107,
        -2.323529 -0.491567 1.887081,
        -2.343908 -0.491567 1.963138,
        -2.342520 -0.491567 1.879215,
        -2.381890 -0.491567 1.947406,
        -2.358827 -0.491567 1.866701,
        -2.414505 -0.491567 1.922379,
        -2.371341 -0.491567 1.850394,
        -2.439531 -0.491567 1.889764,
        -2.379207 -0.491567 1.831403,
        -2.455264 -0.491567 1.851783,
        -2.379207 0.492685 1.831403,
        -2.455264 0.492685 1.851783,
        -2.371341 0.492685 1.850394,
        -2.439531 0.492685 1.889764,
        -2.358827 0.492685 1.866701,
        -2.414505 0.492685 1.922379,
        -2.342520 0.492685 1.879215,
        -2.381890 0.492685 1.947406,
        -2.323529 0.492685 1.887081,
        -2.343908 0.492685 1.963138,
        1.377953 0.000000 3.444882,
        1.372406 -0.123519 3.444882,
        1.328295 -0.366586 3.444882,
        1.241493 -0.597871 3.444882,
        1.114787 -0.809941 3.444882,
        0.952252 -0.995977 3.444882,
        0.759110 -1.150002 3.444882,
        0.541570 -1.267066 3.444882,
        0.306623 -1.343405 3.444882,
        0.061822 -1.376565 3.444882,
        -0.184967 -1.365482 3.444882,
        -0.425811 -1.310511 3.444882,
        -0.652969 -1.213419 3.444882,
        -0.859139 -1.077327 3.444882,
        -1.037697 -0.906609 3.444882,
        -1.182902 -0.706751 3.444882,
        -1.290087 -0.484178 3.444882,
        -1.355808 -0.246043 3.444882,
        -1.377953 0.000000 3.444882,
        -1.355808 0.246043 3.444882,
        -1.290087 0.484178 3.444882,
        -1.182902 0.706751 3.444882,
        -1.037697 0.906609 3.444882,
        -0.859139 1.077327 3.444882,
        -0.652969 1.213419 3.444882,
        -0.425811 1.310511 3.444882,
        -0.184967 1.365482 3.444882,
        0.061822 1.376565 3.444882,
        0.306623 1.343405 3.444882,
        0.541570 1.267066 3.444882,
        0.759110 1.150002 3.444882,
        0.952252 0.995977 3.444882,
        1.114787 0.809941 3.444882,
        1.241493 0.597871 3.444882,
        1.328295 0.366586 3.444882,
        1.372406 0.123519 3.444882,
        -1.258965 -0.228469 3.543307,
        -1.257741 -0.235113 4.330709,
        -1.279528 0.000000 4.330709,
        -1.257174 -0.234956 3.543307,
        -1.197938 -0.449594 3.543307,
        -1.193124 -0.462219 4.330709,
        -1.192097 -0.461724 3.543307,
        -1.098409 -0.656269 3.543307,
        -1.087876 -0.673584 4.330709,
        -1.086536 -0.672611 3.543307,
        -0.963576 -0.841851 3.543307,
        -0.945582 -0.862012 4.330709,
        -0.944105 -0.860467 3.543307,
        -0.797772 -1.000375 3.543307,
        -0.771087 -1.021085 4.330709,
        -0.769664 -1.018929 3.543307,
        -0.606328 -1.126746 3.543307,
        -0.570335 -1.145386 4.330709,
        -0.569158 -1.142633 3.543307,
        -0.395396 -1.216903 3.543307,
        -0.350159 -1.230682 4.330709,
        -0.349410 -1.227399 3.543307,
        -0.171755 -1.267948 3.543307,
        -0.118060 -1.274069 4.330709,
        -0.117894 -1.270367 3.543307,
        0.057406 -1.278239 3.543307,
        0.118060 -1.274069 4.330709,
        0.117522 -1.270096 3.543307,
        0.284722 -1.247447 3.543307,
        0.350159 -1.230682 4.330709,
        0.348838 -1.226615 3.543307,
        0.502886 -1.176561 3.543307,
        0.570335 -1.145386 4.330709,
        0.568198 -1.141415 3.543307,
        0.704888 -1.067859 3.543307,
        0.771087 -1.021085 4.330709,
        0.768154 -1.017406 3.543307,
        0.884234 -0.924836 3.543307,
        0.945582 -0.862012 4.330709,
        0.941918 -0.858811 3.543307,
        1.035159 -0.752087 3.543307,
        1.087876 -0.673584 4.330709,
        1.083592 -0.671025 3.543307,
        1.152815 -0.555166 3.543307,
        1.193124 -0.462219 4.330709,
        1.188368 -0.460434 3.543307,
        1.233417 -0.340402 3.543307,
        1.257741 -0.235113 4.330709,
        1.252691 -0.234196 3.543307,
        1.274376 -0.114696 3.543307,
        1.279528 0.000000 4.330709,
        1.279528 0.000000 3.543307,
        1.274376 0.114696 3.543307,
        1.257741 0.235113 4.330709,
        1.252691 0.234196 3.543307,
        1.233417 0.340402 3.543307,
        1.193124 0.462219 4.330709,
        1.188368 0.460434 3.543307,
        1.152815 0.555166 3.543307,
        1.087876 0.673584 4.330709,
        1.083592 0.671025 3.543307,
        1.035159 0.752087 3.543307,
        0.945582 0.862012 4.330709,
        0.941918 0.858811 3.543307,
        0.884234 0.924836 3.543307,
        0.771087 1.021085 4.330709,
        0.768154 1.017406 3.543307,
        0.704888 1.067859 3.543307,
        0.570335 1.145386 4.330709,
        0.568198 1.141415 3.543307,
        0.502886 1.176561 3.543307,
        0.350159 1.230682 4.330709,
        0.348838 1.226615 3.543307,
        0.284722 1.247447 3.543307,
        0.118060 1.274069 4.330709,
        0.117522 1.270096 3.543307,
        0.057406 1.278239 3.543307,
        -0.118060 1.274069 4.330709,
        -0.117894 1.270367 3.543307,
        -0.171755 1.267948 3.543307,
        -0.350159 1.230682 4.330709,
        -0.349410 1.227399 3.543307,
        -0.395396 1.216903 3.543307,
        -0.570335 1.145386 4.330709,
        -0.569158 1.142633 3.543307,
        -0.606328 1.126746 3.543307,
        -0.771087 1.021085 4.330709,
        -0.769664 1.018929 3.543307,
        -0.797772 1.000375 3.543307,
        -0.945582 0.862012 4.330709,
        -0.944105 0.860467 3.543307,
        -0.963576 0.841851 3.543307,
        -1.087876 0.673584 4.330709,
        -1.086536 0.672611 3.543307,
        -1.098409 0.656269 3.543307,
        -1.193124 0.462219 4.330709,
        -1.192097 0.461724 3.543307,
        -1.197938 0.449594 3.543307,
        -1.257741 0.235113 4.330709,
        -1.257174 0.234956 3.543307,
        -1.258965 0.228469 3.543307,
        -1.279528 0.000000 3.543307,
        1.175754 0.112271 4.330709,
        1.133259 0.332755 4.330709,
        1.049806 0.541213 4.330709,
        0.928409 0.730109 4.330709,
        0.773457 0.892618 4.330709,
        0.590551 1.022865 4.330709,
        0.386301 1.116143 4.330709,
        0.168089 1.169080 4.330709,
        -0.056199 1.179765 4.330709,
        -0.278456 1.147809 4.330709,
        -0.490648 1.074369 4.330709,
        -0.685107 0.962098 4.330709,
        -0.854804 0.815054 4.330709,
        -0.993607 0.638552 4.330709,
        -1.096498 0.438971 4.330709,
        -1.159758 0.223525 4.330709,
        -1.181102 0.000000 4.330709,
        -1.159758 -0.223525 4.330709,
        -1.096498 -0.438971 4.330709,
        -0.993607 -0.638552 4.330709,
        -0.854804 -0.815054 4.330709,
        -0.685107 -0.962098 4.330709,
        -0.490648 -1.074369 4.330709,
        -0.278456 -1.147809 4.330709,
        -0.056199 -1.179765 4.330709,
        0.168089 -1.169080 4.330709,
        0.386301 -1.116143 4.330709,
        0.590551 -1.022865 4.330709,
        0.773457 -0.892618 4.330709,
        0.928409 -0.730109 4.330709,
        1.049806 -0.541213 4.330709,
        1.133259 -0.332755 4.330709,
        1.175754 -0.112271 4.330709,
        1.181102 0.000000 4.330709,
      ]
    }
    coordIndex [
      0, 1, 2, -1,
      2, 1, 3, -1,
      4, 5, 6, -1,
      6, 5, 7, -1,
      0, 2, 5, -1,
      5, 2, 8, -1,
      5, 8, 7, -1,
      7, 8, 9, -1,
      10, 11, 9, -1,
      9, 11, 12, -1,
      9, 12, 7, -1,
      13, 14, 15, -1,
      15, 14, 10, -1,
      16, 17, 18, -1,
      19, 20, 21, -1,
      13, 15, 18, -1,
      18, 15, 22, -1,
      18, 22, 16, -1,
      10, 14, 11, -1,
      11, 14, 23, -1,
      11, 23, 24, -1,
      24, 25, 11, -1,
      11, 25, 19, -1,
      11, 19, 26, -1,
      26, 19, 21, -1,
      27, 3, 1, -1,
      28, 29, 30, -1,
      31, 32, 33, -1,
      33, 32, 34, -1,
      33, 34, 35, -1,
      35, 34, 36, -1,
      35, 36, 6, -1,
      6, 36, 27, -1,
      6, 27, 4, -1,
      4, 27, 1, -1,
      28, 30, 37, -1,
      37, 30, 33, -1,
      33, 30, 38, -1,
      33, 38, 31, -1,
      39, 40, 41, -1,
      32, 42, 34, -1,
      34, 42, 43, -1,
      34, 43, 44, -1,
      44, 43, 39, -1,
      44, 39, 45, -1,
      45, 39, 41, -1,
      32, 23, 42, -1,
      42, 23, 14, -1,
      46, 47, 48, -1,
      49, 50, 51, -1,
      52, 53, 54, -1,
      54, 53, 55, -1,
      56, 57, 58, -1,
      59, 60, 61, -1,
      61, 60, 62, -1,
      49, 51, 59, -1,
      63, 64, 65, -1,
      65, 64, 66, -1,
      67, 68, 69, -1,
      69, 68, 70, -1,
      69, 70, 48, -1,
      56, 58, 71, -1,
      72, 73, 74, -1,
      74, 73, 75, -1,
      76, 77, 78, -1,
      78, 77, 79, -1,
      78, 79, 80, -1,
      65, 81, 82, -1,
      83, 84, 85, -1,
      85, 84, 86, -1,
      85, 86, 87, -1,
      87, 86, 54, -1,
      87, 54, 88, -1,
      88, 54, 55, -1,
      88, 55, 89, -1,
      90, 91, 92, -1,
      92, 91, 93, -1,
      94, 95, 96, -1,
      65, 82, 51, -1,
      75, 97, 70, -1,
      70, 97, 76, -1,
      70, 76, 48, -1,
      48, 76, 78, -1,
      48, 78, 46, -1,
      98, 99, 100, -1,
      71, 101, 55, -1,
      55, 101, 102, -1,
      55, 102, 89, -1,
      103, 104, 105, -1,
      105, 104, 92, -1,
      105, 92, 58, -1,
      58, 92, 93, -1,
      58, 93, 71, -1,
      71, 93, 106, -1,
      71, 106, 101, -1,
      94, 96, 107, -1,
      108, 109, 110, -1,
      110, 109, 61, -1,
      110, 61, 111, -1,
      111, 61, 62, -1,
      80, 112, 78, -1,
      78, 112, 113, -1,
      78, 113, 66, -1,
      82, 114, 51, -1,
      51, 114, 115, -1,
      51, 115, 59, -1,
      59, 115, 116, -1,
      59, 116, 60, -1,
      100, 117, 98, -1,
      98, 117, 118, -1,
      98, 118, 73, -1,
      73, 118, 119, -1,
      73, 119, 75, -1,
      75, 119, 120, -1,
      75, 120, 97, -1,
      90, 92, 121, -1,
      121, 92, 107, -1,
      121, 107, 111, -1,
      111, 107, 96, -1,
      111, 96, 110, -1,
      113, 122, 66, -1,
      66, 122, 123, -1,
      66, 123, 65, -1,
      65, 123, 124, -1,
      65, 124, 81, -1,
      125, 126, 98, -1,
      98, 126, 127, -1,
      98, 127, 99, -1,
      99, 127, 85, -1,
      99, 85, 128, -1,
      128, 85, 87, -1,
      129, 130, 131, -1,
      132, 133, 134, -1,
      135, 136, 137, -1,
      137, 136, 138, -1,
      139, 140, 141, -1,
      141, 140, 142, -1,
      141, 142, 138, -1,
      143, 144, 145, -1,
      145, 144, 146, -1,
      147, 148, 149, -1,
      149, 148, 150, -1,
      149, 150, 151, -1,
      152, 153, 154, -1,
      142, 132, 138, -1,
      138, 132, 155, -1,
      138, 155, 129, -1,
      154, 156, 152, -1,
      152, 156, 155, -1,
      152, 155, 150, -1,
      150, 155, 132, -1,
      150, 132, 151, -1,
      151, 132, 134, -1,
      157, 158, 159, -1,
      159, 158, 160, -1,
      159, 160, 161, -1,
      161, 160, 162, -1,
      161, 162, 163, -1,
      163, 162, 164, -1,
      131, 165, 129, -1,
      129, 165, 162, -1,
      129, 162, 138, -1,
      138, 162, 160, -1,
      138, 160, 166, -1,
      167, 168, 169, -1,
      169, 168, 170, -1,
      169, 170, 171, -1,
      172, 173, 171, -1,
      171, 173, 155, -1,
      171, 155, 169, -1,
      169, 155, 156, -1,
      174, 175, 166, -1,
      166, 175, 176, -1,
      166, 176, 138, -1,
      138, 176, 145, -1,
      138, 145, 137, -1,
      137, 145, 146, -1,
      68, 67, 167, -1,
      167, 67, 168, -1,
      148, 147, 125, -1,
      125, 147, 126, -1,
      177, 178, 179, -1,
      179, 178, 180, -1,
      104, 103, 143, -1,
      143, 103, 144, -1,
      158, 157, 108, -1,
      108, 157, 109, -1,
      181, 182, 183, -1,
      183, 182, 184, -1,
      185, 186, 187, -1,
      187, 186, 181, -1,
      187, 181, 188, -1,
      188, 181, 183, -1,
      189, 184, 190, -1,
      190, 184, 182, -1,
      190, 182, 191, -1,
      191, 182, 192, -1,
      190, 187, 189, -1,
      189, 187, 188, -1,
      193, 194, 195, -1,
      195, 194, 196, -1,
      197, 196, 198, -1,
      198, 196, 194, -1,
      198, 194, 199, -1,
      199, 194, 200, -1,
      201, 202, 203, -1,
      203, 202, 193, -1,
      203, 193, 204, -1,
      204, 193, 195, -1,
      198, 203, 197, -1,
      197, 203, 204, -1,
      205, 206, 207, -1,
      207, 206, 208, -1,
      209, 210, 211, -1,
      211, 210, 205, -1,
      211, 205, 212, -1,
      212, 205, 207, -1,
      213, 208, 214, -1,
      214, 208, 206, -1,
      214, 206, 215, -1,
      215, 206, 216, -1,
      214, 211, 213, -1,
      213, 211, 212, -1,
      217, 218, 219, -1,
      219, 218, 220, -1,
      221, 220, 222, -1,
      222, 220, 218, -1,
      222, 218, 223, -1,
      223, 218, 224, -1,
      225, 226, 227, -1,
      227, 226, 217, -1,
      227, 217, 228, -1,
      228, 217, 219, -1,
      222, 227, 221, -1,
      221, 227, 228, -1,
      191, 185, 190, -1,
      190, 185, 187, -1,
      199, 201, 198, -1,
      198, 201, 203, -1,
      215, 209, 214, -1,
      214, 209, 211, -1,
      223, 225, 222, -1,
      222, 225, 227, -1,
      64, 63, 130, -1,
      130, 63, 131, -1,
      53, 52, 139, -1,
      139, 52, 140, -1,
      126, 147, 127, -1,
      127, 147, 149, -1,
      127, 149, 85, -1,
      85, 149, 151, -1,
      85, 151, 83, -1,
      83, 151, 134, -1,
      84, 133, 86, -1,
      86, 133, 132, -1,
      86, 132, 54, -1,
      54, 132, 142, -1,
      54, 142, 52, -1,
      52, 142, 140, -1,
      53, 139, 55, -1,
      55, 139, 141, -1,
      55, 141, 71, -1,
      71, 141, 138, -1,
      71, 138, 56, -1,
      56, 138, 136, -1,
      57, 135, 58, -1,
      58, 135, 137, -1,
      58, 137, 105, -1,
      105, 137, 146, -1,
      105, 146, 103, -1,
      103, 146, 144, -1,
      61, 159, 59, -1,
      59, 159, 161, -1,
      59, 161, 49, -1,
      49, 161, 163, -1,
      50, 164, 51, -1,
      51, 164, 162, -1,
      51, 162, 65, -1,
      65, 162, 165, -1,
      109, 157, 61, -1,
      61, 157, 159, -1,
      65, 165, 63, -1,
      63, 165, 131, -1,
      66, 129, 78, -1,
      78, 129, 155, -1,
      78, 155, 46, -1,
      46, 155, 173, -1,
      47, 172, 48, -1,
      48, 172, 171, -1,
      48, 171, 69, -1,
      69, 171, 170, -1,
      64, 130, 66, -1,
      66, 130, 129, -1,
      69, 170, 67, -1,
      67, 170, 168, -1,
      218, 217, 229, -1,
      229, 217, 230, -1,
      229, 230, 231, -1,
      231, 230, 232, -1,
      231, 232, 233, -1,
      133, 84, 234, -1,
      234, 84, 235, -1,
      234, 235, 236, -1,
      236, 235, 237, -1,
      236, 237, 238, -1,
      238, 237, 233, -1,
      238, 233, 239, -1,
      239, 233, 232, -1,
      83, 134, 240, -1,
      240, 134, 241, -1,
      240, 241, 242, -1,
      242, 241, 243, -1,
      242, 243, 244, -1,
      226, 224, 245, -1,
      245, 224, 246, -1,
      245, 246, 247, -1,
      247, 246, 248, -1,
      247, 248, 249, -1,
      249, 248, 244, -1,
      249, 244, 250, -1,
      250, 244, 243, -1,
      84, 83, 240, -1,
      84, 240, 235, -1,
      235, 240, 242, -1,
      235, 242, 237, -1,
      237, 242, 244, -1,
      237, 244, 233, -1,
      233, 244, 248, -1,
      233, 248, 231, -1,
      231, 248, 246, -1,
      231, 246, 229, -1,
      229, 246, 224, -1,
      229, 224, 218, -1,
      217, 226, 230, -1,
      230, 226, 245, -1,
      230, 245, 232, -1,
      232, 245, 247, -1,
      232, 247, 239, -1,
      239, 247, 249, -1,
      239, 249, 238, -1,
      238, 249, 250, -1,
      238, 250, 236, -1,
      236, 250, 243, -1,
      236, 243, 234, -1,
      234, 243, 241, -1,
      234, 241, 133, -1,
      133, 241, 134, -1,
      225, 223, 226, -1,
      226, 223, 224, -1,
      135, 57, 251, -1,
      251, 57, 252, -1,
      251, 252, 253, -1,
      253, 252, 254, -1,
      253, 254, 255, -1,
      255, 254, 256, -1,
      255, 256, 257, -1,
      257, 256, 258, -1,
      257, 258, 259, -1,
      259, 258, 260, -1,
      259, 260, 216, -1,
      216, 260, 210, -1,
      206, 205, 261, -1,
      261, 205, 262, -1,
      261, 262, 263, -1,
      263, 262, 264, -1,
      263, 264, 265, -1,
      265, 264, 266, -1,
      265, 266, 267, -1,
      267, 266, 268, -1,
      267, 268, 269, -1,
      269, 268, 270, -1,
      269, 270, 136, -1,
      136, 270, 56, -1,
      57, 56, 270, -1,
      57, 270, 252, -1,
      252, 270, 268, -1,
      252, 268, 254, -1,
      254, 268, 266, -1,
      254, 266, 256, -1,
      256, 266, 264, -1,
      256, 264, 258, -1,
      258, 264, 262, -1,
      258, 262, 260, -1,
      260, 262, 205, -1,
      260, 205, 210, -1,
      216, 206, 259, -1,
      259, 206, 261, -1,
      259, 261, 257, -1,
      257, 261, 263, -1,
      257, 263, 255, -1,
      255, 263, 265, -1,
      255, 265, 253, -1,
      253, 265, 267, -1,
      253, 267, 251, -1,
      251, 267, 269, -1,
      251, 269, 135, -1,
      135, 269, 136, -1,
      209, 215, 210, -1,
      210, 215, 216, -1,
      164, 50, 271, -1,
      271, 50, 272, -1,
      271, 272, 273, -1,
      273, 272, 274, -1,
      273, 274, 275, -1,
      275, 274, 276, -1,
      275, 276, 277, -1,
      277, 276, 278, -1,
      277, 278, 279, -1,
      279, 278, 280, -1,
      279, 280, 193, -1,
      193, 280, 194, -1,
      202, 200, 281, -1,
      281, 200, 282, -1,
      281, 282, 283, -1,
      283, 282, 284, -1,
      283, 284, 285, -1,
      285, 284, 286, -1,
      285, 286, 287, -1,
      287, 286, 288, -1,
      287, 288, 289, -1,
      289, 288, 290, -1,
      289, 290, 163, -1,
      163, 290, 49, -1,
      50, 49, 290, -1,
      50, 290, 272, -1,
      272, 290, 288, -1,
      272, 288, 274, -1,
      274, 288, 286, -1,
      274, 286, 276, -1,
      276, 286, 284, -1,
      276, 284, 278, -1,
      278, 284, 282, -1,
      278, 282, 280, -1,
      280, 282, 200, -1,
      280, 200, 194, -1,
      193, 202, 279, -1,
      279, 202, 281, -1,
      279, 281, 277, -1,
      277, 281, 283, -1,
      277, 283, 275, -1,
      275, 283, 285, -1,
      275, 285, 273, -1,
      273, 285, 287, -1,
      273, 287, 271, -1,
      271, 287, 289, -1,
      271, 289, 164, -1,
      164, 289, 163, -1,
      201, 199, 202, -1,
      202, 199, 200, -1,
      172, 47, 291, -1,
      291, 47, 292, -1,
      291, 292, 293, -1,
      293, 292, 294, -1,
      293, 294, 295, -1,
      295, 294, 296, -1,
      295, 296, 297, -1,
      297, 296, 298, -1,
      297, 298, 299, -1,
      299, 298, 300, -1,
      299, 300, 192, -1,
      192, 300, 186, -1,
      182, 181, 301, -1,
      301, 181, 302, -1,
      301, 302, 303, -1,
      303, 302, 304, -1,
      303, 304, 305, -1,
      305, 304, 306, -1,
      305, 306, 307, -1,
      307, 306, 308, -1,
      307, 308, 309, -1,
      309, 308, 310, -1,
      309, 310, 173, -1,
      173, 310, 46, -1,
      47, 46, 310, -1,
      47, 310, 292, -1,
      292, 310, 308, -1,
      292, 308, 294, -1,
      294, 308, 306, -1,
      294, 306, 296, -1,
      296, 306, 304, -1,
      296, 304, 298, -1,
      298, 304, 302, -1,
      298, 302, 300, -1,
      300, 302, 181, -1,
      300, 181, 186, -1,
      192, 182, 299, -1,
      299, 182, 301, -1,
      299, 301, 297, -1,
      297, 301, 303, -1,
      297, 303, 295, -1,
      295, 303, 305, -1,
      295, 305, 293, -1,
      293, 305, 307, -1,
      293, 307, 291, -1,
      291, 307, 309, -1,
      291, 309, 172, -1,
      172, 309, 173, -1,
      185, 191, 186, -1,
      186, 191, 192, -1,
      311, 312, 313, -1,
      313, 312, 314, -1,
      313, 314, 315, -1,
      315, 314, 316, -1,
      315, 316, 317, -1,
      219, 220, 318, -1,
      318, 220, 319, -1,
      318, 319, 320, -1,
      320, 319, 321, -1,
      320, 321, 322, -1,
      322, 321, 317, -1,
      322, 317, 323, -1,
      323, 317, 316, -1,
      221, 228, 324, -1,
      324, 228, 325, -1,
      324, 325, 326, -1,
      326, 325, 327, -1,
      326, 327, 328, -1,
      329, 330, 331, -1,
      331, 330, 332, -1,
      331, 332, 333, -1,
      333, 332, 334, -1,
      333, 334, 335, -1,
      335, 334, 328, -1,
      335, 328, 336, -1,
      336, 328, 327, -1,
      220, 221, 324, -1,
      220, 324, 319, -1,
      319, 324, 326, -1,
      319, 326, 321, -1,
      321, 326, 328, -1,
      321, 328, 317, -1,
      317, 328, 334, -1,
      317, 334, 315, -1,
      315, 334, 332, -1,
      315, 332, 313, -1,
      313, 332, 330, -1,
      313, 330, 311, -1,
      312, 329, 314, -1,
      314, 329, 331, -1,
      314, 331, 316, -1,
      316, 331, 333, -1,
      316, 333, 323, -1,
      323, 333, 335, -1,
      323, 335, 322, -1,
      322, 335, 336, -1,
      322, 336, 320, -1,
      320, 336, 327, -1,
      320, 327, 318, -1,
      318, 327, 325, -1,
      318, 325, 219, -1,
      219, 325, 228, -1,
      337, 338, 329, -1,
      329, 338, 330, -1,
      339, 340, 311, -1,
      311, 340, 312, -1,
      338, 339, 330, -1,
      330, 339, 311, -1,
      312, 340, 329, -1,
      329, 340, 337, -1,
      339, 338, 340, -1,
      340, 338, 337, -1,
      213, 212, 341, -1,
      341, 212, 342, -1,
      341, 342, 343, -1,
      343, 342, 344, -1,
      343, 344, 345, -1,
      345, 344, 346, -1,
      345, 346, 347, -1,
      347, 346, 348, -1,
      347, 348, 349, -1,
      349, 348, 350, -1,
      349, 350, 351, -1,
      351, 350, 352, -1,
      353, 354, 355, -1,
      355, 354, 356, -1,
      355, 356, 357, -1,
      357, 356, 358, -1,
      357, 358, 359, -1,
      359, 358, 360, -1,
      359, 360, 361, -1,
      361, 360, 362, -1,
      361, 362, 363, -1,
      363, 362, 364, -1,
      363, 364, 208, -1,
      208, 364, 207, -1,
      212, 207, 364, -1,
      212, 364, 342, -1,
      342, 364, 362, -1,
      342, 362, 344, -1,
      344, 362, 360, -1,
      344, 360, 346, -1,
      346, 360, 358, -1,
      346, 358, 348, -1,
      348, 358, 356, -1,
      348, 356, 350, -1,
      350, 356, 354, -1,
      350, 354, 352, -1,
      351, 353, 349, -1,
      349, 353, 355, -1,
      349, 355, 347, -1,
      347, 355, 357, -1,
      347, 357, 345, -1,
      345, 357, 359, -1,
      345, 359, 343, -1,
      343, 359, 361, -1,
      343, 361, 341, -1,
      341, 361, 363, -1,
      341, 363, 213, -1,
      213, 363, 208, -1,
      365, 366, 353, -1,
      353, 366, 354, -1,
      367, 368, 352, -1,
      352, 368, 351, -1,
      366, 367, 354, -1,
      354, 367, 352, -1,
      351, 368, 353, -1,
      353, 368, 365, -1,
      367, 366, 368, -1,
      368, 366, 365, -1,
      195, 196, 369, -1,
      369, 196, 370, -1,
      369, 370, 371, -1,
      371, 370, 372, -1,
      371, 372, 373, -1,
      373, 372, 374, -1,
      373, 374, 375, -1,
      375, 374, 376, -1,
      375, 376, 377, -1,
      377, 376, 378, -1,
      377, 378, 379, -1,
      379, 378, 380, -1,
      381, 382, 383, -1,
      383, 382, 384, -1,
      383, 384, 385, -1,
      385, 384, 386, -1,
      385, 386, 387, -1,
      387, 386, 388, -1,
      387, 388, 389, -1,
      389, 388, 390, -1,
      389, 390, 391, -1,
      391, 390, 392, -1,
      391, 392, 204, -1,
      204, 392, 197, -1,
      196, 197, 392, -1,
      196, 392, 370, -1,
      370, 392, 390, -1,
      370, 390, 372, -1,
      372, 390, 388, -1,
      372, 388, 374, -1,
      374, 388, 386, -1,
      374, 386, 376, -1,
      376, 386, 384, -1,
      376, 384, 378, -1,
      378, 384, 382, -1,
      378, 382, 380, -1,
      379, 381, 377, -1,
      377, 381, 383, -1,
      377, 383, 375, -1,
      375, 383, 385, -1,
      375, 385, 373, -1,
      373, 385, 387, -1,
      373, 387, 371, -1,
      371, 387, 389, -1,
      371, 389, 369, -1,
      369, 389, 391, -1,
      369, 391, 195, -1,
      195, 391, 204, -1,
      393, 394, 381, -1,
      381, 394, 382, -1,
      395, 396, 380, -1,
      380, 396, 379, -1,
      394, 395, 382, -1,
      382, 395, 380, -1,
      379, 396, 381, -1,
      381, 396, 393, -1,
      395, 394, 396, -1,
      396, 394, 393, -1,
      189, 188, 397, -1,
      397, 188, 398, -1,
      397, 398, 399, -1,
      399, 398, 400, -1,
      399, 400, 401, -1,
      401, 400, 402, -1,
      401, 402, 403, -1,
      403, 402, 404, -1,
      403, 404, 405, -1,
      405, 404, 406, -1,
      405, 406, 407, -1,
      407, 406, 408, -1,
      409, 410, 411, -1,
      411, 410, 412, -1,
      411, 412, 413, -1,
      413, 412, 414, -1,
      413, 414, 415, -1,
      415, 414, 416, -1,
      415, 416, 417, -1,
      417, 416, 418, -1,
      417, 418, 419, -1,
      419, 418, 420, -1,
      419, 420, 184, -1,
      184, 420, 183, -1,
      188, 183, 420, -1,
      188, 420, 398, -1,
      398, 420, 418, -1,
      398, 418, 400, -1,
      400, 418, 416, -1,
      400, 416, 402, -1,
      402, 416, 414, -1,
      402, 414, 404, -1,
      404, 414, 412, -1,
      404, 412, 406, -1,
      406, 412, 410, -1,
      406, 410, 408, -1,
      407, 409, 405, -1,
      405, 409, 411, -1,
      405, 411, 403, -1,
      403, 411, 413, -1,
      403, 413, 401, -1,
      401, 413, 415, -1,
      401, 415, 399, -1,
      399, 415, 417, -1,
      399, 417, 397, -1,
      397, 417, 419, -1,
      397, 419, 189, -1,
      189, 419, 184, -1,
      421, 422, 409, -1,
      409, 422, 410, -1,
      423, 424, 408, -1,
      408, 424, 407, -1,
      422, 423, 410, -1,
      410, 423, 408, -1,
      407, 424, 409, -1,
      409, 424, 421, -1,
      423, 422, 424, -1,
      424, 422, 421, -1,
      92, 145, 107, -1,
      107, 145, 176, -1,
      107, 176, 94, -1,
      94, 176, 175, -1,
      95, 174, 96, -1,
      96, 174, 166, -1,
      96, 166, 110, -1,
      110, 166, 160, -1,
      104, 143, 92, -1,
      92, 143, 145, -1,
      110, 160, 108, -1,
      108, 160, 158, -1,
      174, 95, 425, -1,
      425, 95, 426, -1,
      425, 426, 427, -1,
      427, 426, 428, -1,
      427, 428, 429, -1,
      429, 428, 430, -1,
      429, 430, 431, -1,
      431, 430, 432, -1,
      431, 432, 433, -1,
      433, 432, 434, -1,
      433, 434, 435, -1,
      435, 434, 436, -1,
      437, 438, 439, -1,
      439, 438, 440, -1,
      439, 440, 441, -1,
      441, 440, 442, -1,
      441, 442, 443, -1,
      443, 442, 444, -1,
      443, 444, 445, -1,
      445, 444, 446, -1,
      445, 446, 447, -1,
      447, 446, 448, -1,
      447, 448, 175, -1,
      175, 448, 94, -1,
      95, 94, 448, -1,
      95, 448, 426, -1,
      426, 448, 446, -1,
      426, 446, 428, -1,
      428, 446, 444, -1,
      428, 444, 430, -1,
      430, 444, 442, -1,
      430, 442, 432, -1,
      432, 442, 440, -1,
      432, 440, 434, -1,
      434, 440, 438, -1,
      434, 438, 436, -1,
      435, 437, 433, -1,
      433, 437, 439, -1,
      433, 439, 431, -1,
      431, 439, 441, -1,
      431, 441, 429, -1,
      429, 441, 443, -1,
      429, 443, 427, -1,
      427, 443, 445, -1,
      427, 445, 425, -1,
      425, 445, 447, -1,
      425, 447, 174, -1,
      174, 447, 175, -1,
      449, 438, 450, -1,
      450, 438, 437, -1,
      451, 435, 452, -1,
      452, 435, 436, -1,
      436, 438, 452, -1,
      452, 438, 449, -1,
      452, 449, 453, -1,
      453, 449, 454, -1,
      453, 454, 455, -1,
      455, 454, 456, -1,
      455, 456, 179, -1,
      457, 458, 459, -1,
      459, 458, 460, -1,
      459, 460, 461, -1,
      462, 463, 464, -1,
      464, 463, 465, -1,
      456, 466, 179, -1,
      179, 466, 463, -1,
      179, 463, 467, -1,
      467, 463, 462, -1,
      179, 180, 455, -1,
      455, 180, 458, -1,
      455, 458, 468, -1,
      468, 458, 457, -1,
      469, 470, 178, -1,
      178, 177, 471, -1,
      437, 435, 450, -1,
      450, 435, 451, -1,
      450, 451, 472, -1,
      472, 451, 473, -1,
      472, 473, 471, -1,
      471, 473, 474, -1,
      471, 474, 178, -1,
      178, 474, 475, -1,
      178, 475, 469, -1,
      476, 477, 470, -1,
      470, 477, 478, -1,
      470, 478, 178, -1,
      479, 480, 177, -1,
      177, 480, 481, -1,
      177, 481, 471, -1,
      479, 482, 480, -1,
      480, 482, 483, -1,
      480, 483, 484, -1,
      474, 455, 468, -1,
      474, 468, 475, -1,
      475, 468, 457, -1,
      475, 457, 469, -1,
      469, 457, 459, -1,
      469, 459, 470, -1,
      470, 459, 461, -1,
      470, 461, 476, -1,
      476, 461, 460, -1,
      476, 460, 477, -1,
      477, 460, 458, -1,
      477, 458, 478, -1,
      478, 458, 180, -1,
      478, 180, 178, -1,
      473, 451, 453, -1,
      453, 451, 452, -1,
      474, 473, 455, -1,
      455, 473, 453, -1,
      450, 472, 449, -1,
      449, 472, 454, -1,
      472, 471, 454, -1,
      454, 471, 456, -1,
      177, 179, 467, -1,
      177, 467, 479, -1,
      479, 467, 462, -1,
      479, 462, 482, -1,
      482, 462, 464, -1,
      482, 464, 483, -1,
      483, 464, 465, -1,
      483, 465, 484, -1,
      484, 465, 463, -1,
      484, 463, 480, -1,
      480, 463, 466, -1,
      480, 466, 481, -1,
      481, 466, 456, -1,
      481, 456, 471, -1,
      70, 169, 75, -1,
      75, 169, 156, -1,
      75, 156, 74, -1,
      74, 156, 154, -1,
      72, 153, 73, -1,
      73, 153, 152, -1,
      73, 152, 98, -1,
      98, 152, 150, -1,
      68, 167, 70, -1,
      70, 167, 169, -1,
      98, 150, 125, -1,
      125, 150, 148, -1,
      153, 72, 485, -1,
      485, 72, 486, -1,
      485, 486, 487, -1,
      487, 486, 488, -1,
      487, 488, 489, -1,
      489, 488, 490, -1,
      489, 490, 491, -1,
      491, 490, 492, -1,
      491, 492, 493, -1,
      493, 492, 494, -1,
      493, 494, 4, -1,
      4, 494, 5, -1,
      1, 0, 495, -1,
      495, 0, 496, -1,
      495, 496, 497, -1,
      497, 496, 498, -1,
      497, 498, 499, -1,
      499, 498, 500, -1,
      499, 500, 501, -1,
      501, 500, 502, -1,
      501, 502, 503, -1,
      503, 502, 504, -1,
      503, 504, 154, -1,
      154, 504, 74, -1,
      72, 74, 504, -1,
      72, 504, 486, -1,
      486, 504, 502, -1,
      486, 502, 488, -1,
      488, 502, 500, -1,
      488, 500, 490, -1,
      490, 500, 498, -1,
      490, 498, 492, -1,
      492, 498, 496, -1,
      492, 496, 494, -1,
      494, 496, 0, -1,
      494, 0, 5, -1,
      4, 1, 493, -1,
      493, 1, 495, -1,
      493, 495, 491, -1,
      491, 495, 497, -1,
      491, 497, 489, -1,
      489, 497, 499, -1,
      489, 499, 487, -1,
      487, 499, 501, -1,
      487, 501, 485, -1,
      485, 501, 503, -1,
      485, 503, 153, -1,
      153, 503, 154, -1,
      33, 11, 26, -1,
      33, 26, 37, -1,
      37, 26, 21, -1,
      37, 21, 28, -1,
      28, 21, 20, -1,
      28, 20, 29, -1,
      29, 20, 19, -1,
      29, 19, 30, -1,
      30, 19, 25, -1,
      30, 25, 38, -1,
      38, 25, 24, -1,
      38, 24, 31, -1,
      31, 24, 23, -1,
      31, 23, 32, -1,
      33, 35, 11, -1,
      11, 35, 12, -1,
      35, 6, 12, -1,
      12, 6, 7, -1,
      27, 8, 3, -1,
      3, 8, 2, -1,
      27, 36, 8, -1,
      8, 36, 9, -1,
      36, 34, 9, -1,
      9, 34, 10, -1,
      42, 14, 13, -1,
      42, 13, 43, -1,
      43, 13, 18, -1,
      43, 18, 39, -1,
      39, 18, 17, -1,
      39, 17, 40, -1,
      40, 17, 16, -1,
      40, 16, 41, -1,
      41, 16, 22, -1,
      41, 22, 45, -1,
      45, 22, 15, -1,
      45, 15, 44, -1,
      44, 15, 10, -1,
      44, 10, 34, -1,
      505, 506, 121, -1,
      121, 506, 507, -1,
      121, 507, 90, -1,
      90, 507, 508, -1,
      90, 508, 91, -1,
      91, 508, 509, -1,
      91, 509, 93, -1,
      93, 509, 510, -1,
      93, 510, 106, -1,
      106, 510, 511, -1,
      106, 511, 101, -1,
      101, 511, 512, -1,
      101, 512, 102, -1,
      102, 512, 513, -1,
      102, 513, 89, -1,
      89, 513, 514, -1,
      89, 514, 88, -1,
      88, 514, 515, -1,
      88, 515, 87, -1,
      87, 515, 516, -1,
      87, 516, 128, -1,
      128, 516, 517, -1,
      128, 517, 99, -1,
      99, 517, 518, -1,
      99, 518, 100, -1,
      100, 518, 519, -1,
      100, 519, 117, -1,
      117, 519, 520, -1,
      117, 520, 118, -1,
      118, 520, 521, -1,
      118, 521, 119, -1,
      119, 521, 522, -1,
      119, 522, 120, -1,
      120, 522, 523, -1,
      120, 523, 97, -1,
      97, 523, 524, -1,
      97, 524, 76, -1,
      76, 524, 525, -1,
      76, 525, 77, -1,
      77, 525, 526, -1,
      77, 526, 79, -1,
      79, 526, 527, -1,
      79, 527, 80, -1,
      80, 527, 528, -1,
      80, 528, 112, -1,
      112, 528, 529, -1,
      112, 529, 113, -1,
      113, 529, 530, -1,
      113, 530, 122, -1,
      122, 530, 531, -1,
      122, 531, 123, -1,
      123, 531, 532, -1,
      123, 532, 124, -1,
      124, 532, 533, -1,
      124, 533, 81, -1,
      81, 533, 534, -1,
      81, 534, 82, -1,
      82, 534, 535, -1,
      82, 535, 114, -1,
      114, 535, 536, -1,
      114, 536, 115, -1,
      115, 536, 537, -1,
      115, 537, 116, -1,
      116, 537, 538, -1,
      116, 538, 60, -1,
      60, 538, 539, -1,
      60, 539, 62, -1,
      62, 539, 540, -1,
      62, 540, 111, -1,
      111, 540, 505, -1,
      111, 505, 121, -1,
      541, 542, 543, -1,
      541, 544, 542, -1,
      542, 544, 545, -1,
      542, 545, 546, -1,
      545, 547, 546, -1,
      546, 547, 548, -1,
      546, 548, 549, -1,
      548, 550, 549, -1,
      549, 550, 551, -1,
      549, 551, 552, -1,
      551, 553, 552, -1,
      552, 553, 554, -1,
      552, 554, 555, -1,
      554, 556, 555, -1,
      555, 556, 557, -1,
      555, 557, 558, -1,
      557, 559, 558, -1,
      558, 559, 560, -1,
      558, 560, 561, -1,
      560, 562, 561, -1,
      561, 562, 563, -1,
      561, 563, 564, -1,
      563, 565, 564, -1,
      564, 565, 566, -1,
      564, 566, 567, -1,
      566, 568, 567, -1,
      567, 568, 569, -1,
      567, 569, 570, -1,
      569, 571, 570, -1,
      570, 571, 572, -1,
      570, 572, 573, -1,
      572, 574, 573, -1,
      573, 574, 575, -1,
      573, 575, 576, -1,
      575, 577, 576, -1,
      576, 577, 578, -1,
      576, 578, 579, -1,
      578, 580, 579, -1,
      579, 580, 581, -1,
      579, 581, 582, -1,
      581, 583, 582, -1,
      582, 583, 584, -1,
      582, 584, 585, -1,
      584, 586, 585, -1,
      585, 586, 587, -1,
      585, 587, 588, -1,
      587, 589, 588, -1,
      588, 589, 590, -1,
      588, 590, 591, -1,
      590, 592, 591, -1,
      591, 592, 593, -1,
      591, 593, 594, -1,
      593, 595, 594, -1,
      594, 595, 596, -1,
      594, 596, 597, -1,
      596, 598, 597, -1,
      597, 598, 599, -1,
      597, 599, 600, -1,
      599, 601, 600, -1,
      600, 601, 602, -1,
      600, 602, 603, -1,
      602, 604, 603, -1,
      603, 604, 605, -1,
      603, 605, 606, -1,
      605, 607, 606, -1,
      606, 607, 608, -1,
      606, 608, 609, -1,
      608, 610, 609, -1,
      609, 610, 611, -1,
      609, 611, 612, -1,
      611, 613, 612, -1,
      612, 613, 614, -1,
      612, 614, 615, -1,
      614, 616, 615, -1,
      615, 616, 617, -1,
      615, 617, 618, -1,
      617, 619, 618, -1,
      618, 619, 620, -1,
      618, 620, 621, -1,
      620, 622, 621, -1,
      621, 622, 623, -1,
      621, 623, 624, -1,
      623, 625, 624, -1,
      624, 625, 626, -1,
      624, 626, 627, -1,
      626, 628, 627, -1,
      627, 628, 629, -1,
      627, 629, 630, -1,
      629, 631, 630, -1,
      630, 631, 632, -1,
      630, 632, 633, -1,
      632, 634, 633, -1,
      633, 634, 635, -1,
      633, 635, 636, -1,
      635, 637, 636, -1,
      636, 637, 638, -1,
      636, 638, 639, -1,
      638, 640, 639, -1,
      639, 640, 641, -1,
      639, 641, 543, -1,
      543, 641, 642, -1,
      543, 642, 541, -1,
      643, 594, 644, -1,
      644, 594, 597, -1,
      644, 597, 645, -1,
      645, 597, 600, -1,
      645, 600, 646, -1,
      646, 600, 603, -1,
      646, 603, 647, -1,
      647, 603, 606, -1,
      647, 606, 648, -1,
      648, 606, 609, -1,
      648, 609, 649, -1,
      649, 609, 612, -1,
      649, 612, 650, -1,
      650, 612, 615, -1,
      650, 615, 651, -1,
      651, 615, 618, -1,
      651, 618, 652, -1,
      652, 618, 621, -1,
      652, 621, 653, -1,
      653, 621, 624, -1,
      653, 624, 654, -1,
      654, 624, 627, -1,
      654, 627, 655, -1,
      655, 627, 630, -1,
      655, 630, 656, -1,
      656, 630, 633, -1,
      656, 633, 657, -1,
      657, 633, 636, -1,
      657, 636, 658, -1,
      658, 636, 639, -1,
      658, 639, 659, -1,
      659, 639, 543, -1,
      659, 543, 660, -1,
      660, 543, 542, -1,
      660, 542, 661, -1,
      661, 542, 546, -1,
      661, 546, 662, -1,
      662, 546, 549, -1,
      662, 549, 663, -1,
      663, 549, 552, -1,
      663, 552, 664, -1,
      664, 552, 555, -1,
      664, 555, 665, -1,
      665, 555, 558, -1,
      665, 558, 666, -1,
      666, 558, 561, -1,
      666, 561, 667, -1,
      667, 561, 564, -1,
      667, 564, 668, -1,
      668, 564, 567, -1,
      668, 567, 669, -1,
      669, 567, 570, -1,
      669, 570, 670, -1,
      670, 570, 573, -1,
      670, 573, 671, -1,
      671, 573, 576, -1,
      671, 576, 672, -1,
      672, 576, 579, -1,
      672, 579, 673, -1,
      673, 579, 582, -1,
      673, 582, 674, -1,
      674, 582, 585, -1,
      674, 585, 675, -1,
      675, 585, 588, -1,
      675, 588, 676, -1,
      676, 588, 591, -1,
      676, 591, 643, -1,
      643, 591, 594, -1,
    ]
  }
}

Shape {
  appearance Appearance {
    material Material {
      diffuseColor 0.1098 0.1098 0.1098
      specularColor 0.0784 0.0784 0.0784
      ambientIntensity 0.2
      transparency 0.0000
      shininess 0.5
    }
  }
  geometry IndexedFaceSet {
    ccw TRUE
    solid FALSE
    coord DEF co Coordinate {
      point [
        1.175754 0.112271 4.330709,
        1.133259 0.332755 4.330709,
        1.049806 0.541213 4.330709,
        0.928409 0.730109 4.330709,
        0.773457 0.892618 4.330709,
        0.590551 1.022865 4.330709,
        0.386301 1.116143 4.330709,
        0.168089 1.169080 4.330709,
        -0.056199 1.179765 4.330709,
        -0.278456 1.147809 4.330709,
        -0.490648 1.074369 4.330709,
        -0.685107 0.962098 4.330709,
        -0.854804 0.815054 4.330709,
        -0.993607 0.638552 4.330709,
        -1.096498 0.438971 4.330709,
        -1.159758 0.223525 4.330709,
        -1.181102 0.000000 4.330709,
        -1.159758 -0.223525 4.330709,
        -1.096498 -0.438971 4.330709,
        -0.993607 -0.638552 4.330709,
        -0.854804 -0.815054 4.330709,
        -0.685107 -0.962098 4.330709,
        -0.490648 -1.074369 4.330709,
        -0.278456 -1.147809 4.330709,
        -0.056199 -1.179765 4.330709,
        0.168089 -1.169080 4.330709,
        0.386301 -1.116143 4.330709,
        0.590551 -1.022865 4.330709,
        0.773457 -0.892618 4.330709,
        0.928409 -0.730109 4.330709,
        1.049806 -0.541213 4.330709,
        1.133259 -0.332755 4.330709,
        1.175754 -0.112271 4.330709,
        1.181102 0.000000 4.330709,
        1.175754 0.112271 4.724409,
        1.181102 0.000000 4.724409,
        1.175754 -0.112271 4.724409,
        1.133259 -0.332755 4.724409,
        1.049806 -0.541213 4.724409,
        0.928409 -0.730109 4.724409,
        0.773457 -0.892618 4.724409,
        0.590551 -1.022865 4.724409,
        0.386301 -1.116143 4.724409,
        0.168089 -1.169080 4.724409,
        -0.056199 -1.179765 4.724409,
        -0.278456 -1.147809 4.724409,
        -0.490648 -1.074369 4.724409,
        -0.685107 -0.962098 4.724409,
        -0.854804 -0.815054 4.724409,
        -0.993607 -0.638552 4.724409,
        -1.096498 -0.438971 4.724409,
        -1.159758 -0.223525 4.724409,
        -1.181102 0.000000 4.724409,
        -1.159758 0.223525 4.724409,
        -1.096498 0.438971 4.724409,
        -0.993607 0.638552 4.724409,
        -0.854804 0.815054 4.724409,
        -0.685107 0.962098 4.724409,
        -0.490648 1.074369 4.724409,
        -0.278456 1.147809 4.724409,
        -0.056199 1.179765 4.724409,
        0.168089 1.169080 4.724409,
        0.386301 1.116143 4.724409,
        0.590551 1.022865 4.724409,
        0.773457 0.892618 4.724409,
        0.928409 0.730109 4.724409,
        1.049806 0.541213 4.724409,
        1.133259 0.332755 4.724409,
        0.000000 0.000000 4.724409,
      ]
    }
    coordIndex [
      34, 35, 33, -1,
      33, 35, 32, -1,
      35, 36, 32, -1,
      32, 36, 37, -1,
      32, 37, 31, -1,
      31, 37, 38, -1,
      31, 38, 30, -1,
      30, 38, 39, -1,
      30, 39, 29, -1,
      29, 39, 40, -1,
      29, 40, 28, -1,
      28, 40, 41, -1,
      28, 41, 27, -1,
      27, 41, 42, -1,
      27, 42, 26, -1,
      26, 42, 43, -1,
      26, 43, 25, -1,
      25, 43, 44, -1,
      25, 44, 24, -1,
      24, 44, 45, -1,
      24, 45, 23, -1,
      23, 45, 46, -1,
      23, 46, 22, -1,
      22, 46, 47, -1,
      22, 47, 21, -1,
      21, 47, 48, -1,
      21, 48, 20, -1,
      20, 48, 49, -1,
      20, 49, 19, -1,
      19, 49, 50, -1,
      19, 50, 18, -1,
      18, 50, 51, -1,
      18, 51, 17, -1,
      17, 51, 52, -1,
      17, 52, 16, -1,
      16, 52, 53, -1,
      16, 53, 15, -1,
      15, 53, 54, -1,
      15, 54, 14, -1,
      14, 54, 55, -1,
      14, 55, 13, -1,
      13, 55, 56, -1,
      13, 56, 12, -1,
      12, 56, 57, -1,
      12, 57, 11, -1,
      11, 57, 58, -1,
      11, 58, 10, -1,
      10, 58, 59, -1,
      10, 59, 9, -1,
      9, 59, 60, -1,
      9, 60, 8, -1,
      8, 60, 61, -1,
      8, 61, 7, -1,
      7, 61, 62, -1,
      7, 62, 6, -1,
      6, 62, 63, -1,
      6, 63, 5, -1,
      5, 63, 64, -1,
      5, 64, 4, -1,
      4, 64, 65, -1,
      4, 65, 3, -1,
      3, 65, 66, -1,
      3, 66, 2, -1,
      2, 66, 67, -1,
      2, 67, 1, -1,
      1, 67, 34, -1,
      1, 34, 0, -1,
      0, 34, 33, -1,
      35, 34, 68, -1,
      38, 37, 68, -1,
      68, 37, 36, -1,
      68, 36, 35, -1,
      41, 40, 68, -1,
      68, 40, 39, -1,
      68, 39, 38, -1,
      44, 43, 68, -1,
      68, 43, 42, -1,
      68, 42, 41, -1,
      47, 46, 68, -1,
      68, 46, 45, -1,
      68, 45, 44, -1,
      50, 49, 68, -1,
      68, 49, 48, -1,
      68, 48, 47, -1,
      53, 52, 68, -1,
      68, 52, 51, -1,
      68, 51, 50, -1,
      56, 55, 68, -1,
      68, 55, 54, -1,
      68, 54, 53, -1,
      59, 58, 68, -1,
      68, 58, 57, -1,
      68, 57, 56, -1,
      62, 61, 68, -1,
      68, 61, 60, -1,
      68, 60, 59, -1,
      65, 64, 68, -1,
      68, 64, 63, -1,
      68, 63, 62, -1,
      34, 67, 68, -1,
      68, 67, 66, -1,
      68, 66, 65, -1,
    ]
  }
}

Shape {
  appearance Appearance {
    material Material {
      diffuseColor 0.7765 0.7569 0.7373
      specularColor 0.3882 0.3765 0.3686
      ambientIntensity 0.2
      transparency 0.0000
      shininess 0.5
    }
  }
  geometry IndexedFaceSet {
    ccw TRUE
    solid FALSE
    coord DEF co Coordinate {
      point [
        1.377953 0.000000 3.444882,
        1.372406 -0.123519 3.444882,
        1.328295 -0.366586 3.444882,
        1.241493 -0.597871 3.444882,
        1.114787 -0.809941 3.444882,
        0.952252 -0.995977 3.444882,
        0.759110 -1.150002 3.444882,
        0.541570 -1.267066 3.444882,
        0.306623 -1.343405 3.444882,
        0.061822 -1.376565 3.444882,
        -0.184967 -1.365482 3.444882,
        -0.425811 -1.310511 3.444882,
        -0.652969 -1.213419 3.444882,
        -0.859139 -1.077327 3.444882,
        -1.037697 -0.906609 3.444882,
        -1.182902 -0.706751 3.444882,
        -1.290087 -0.484178 3.444882,
        -1.355808 -0.246043 3.444882,
        -1.377953 0.000000 3.444882,
        -1.355808 0.246043 3.444882,
        -1.290087 0.484178 3.444882,
        -1.182902 0.706751 3.444882,
        -1.037697 0.906609 3.444882,
        -0.859139 1.077327 3.444882,
        -0.652969 1.213419 3.444882,
        -0.425811 1.310511 3.444882,
        -0.184967 1.365482 3.444882,
        0.061822 1.376565 3.444882,
        0.306623 1.343405 3.444882,
        0.541570 1.267066 3.444882,
        0.759110 1.150002 3.444882,
        0.952252 0.995977 3.444882,
        1.114787 0.809941 3.444882,
        1.241493 0.597871 3.444882,
        1.328295 0.366586 3.444882,
        1.372406 0.123519 3.444882,
        -1.258965 -0.228469 3.543307,
        -1.257174 -0.234956 3.543307,
        -1.197938 -0.449594 3.543307,
        -1.192097 -0.461724 3.543307,
        -1.098409 -0.656269 3.543307,
        -1.086536 -0.672611 3.543307,
        -0.963576 -0.841851 3.543307,
        -0.944105 -0.860467 3.543307,
        -0.797772 -1.000375 3.543307,
        -0.769664 -1.018929 3.543307,
        -0.606328 -1.126746 3.543307,
        -0.569158 -1.142633 3.543307,
        -0.395396 -1.216903 3.543307,
        -0.349410 -1.227399 3.543307,
        -0.171755 -1.267948 3.543307,
        -0.117894 -1.270367 3.543307,
        0.057406 -1.278239 3.543307,
        0.117522 -1.270096 3.543307,
        0.284722 -1.247447 3.543307,
        0.348838 -1.226615 3.543307,
        0.502886 -1.176561 3.543307,
        0.568198 -1.141415 3.543307,
        0.704888 -1.067859 3.543307,
        0.768154 -1.017406 3.543307,
        0.884234 -0.924836 3.543307,
        0.941918 -0.858811 3.543307,
        1.035159 -0.752087 3.543307,
        1.083592 -0.671025 3.543307,
        1.152815 -0.555166 3.543307,
        1.188368 -0.460434 3.543307,
        1.233417 -0.340402 3.543307,
        1.252691 -0.234196 3.543307,
        1.274376 -0.114696 3.543307,
        1.279528 0.000000 3.543307,
        1.274376 0.114696 3.543307,
        1.252691 0.234196 3.543307,
        1.233417 0.340402 3.543307,
        1.188368 0.460434 3.543307,
        1.152815 0.555166 3.543307,
        1.083592 0.671025 3.543307,
        1.035159 0.752087 3.543307,
        0.941918 0.858811 3.543307,
        0.884234 0.924836 3.543307,
        0.768154 1.017406 3.543307,
        0.704888 1.067859 3.543307,
        0.568198 1.141415 3.543307,
        0.502886 1.176561 3.543307,
        0.348838 1.226615 3.543307,
        0.284722 1.247447 3.543307,
        0.117522 1.270096 3.543307,
        0.057406 1.278239 3.543307,
        -0.117894 1.270367 3.543307,
        -0.171755 1.267948 3.543307,
        -0.349410 1.227399 3.543307,
        -0.395396 1.216903 3.543307,
        -0.569158 1.142633 3.543307,
        -0.606328 1.126746 3.543307,
        -0.769664 1.018929 3.543307,
        -0.797772 1.000375 3.543307,
        -0.944105 0.860467 3.543307,
        -0.963576 0.841851 3.543307,
        -1.086536 0.672611 3.543307,
        -1.098409 0.656269 3.543307,
        -1.192097 0.461724 3.543307,
        -1.197938 0.449594 3.543307,
        -1.257174 0.234956 3.543307,
        -1.258965 0.228469 3.543307,
        -1.279528 0.000000 3.543307,
      ]
    }
    coordIndex [
      38, 37, 16, -1,
      16, 37, 17, -1,
      38, 16, 39, -1,
      39, 16, 15, -1,
      39, 15, 40, -1,
      40, 15, 41, -1,
      41, 15, 14, -1,
      41, 14, 42, -1,
      42, 14, 43, -1,
      43, 14, 13, -1,
      43, 13, 44, -1,
      44, 13, 45, -1,
      45, 13, 12, -1,
      45, 12, 46, -1,
      46, 12, 47, -1,
      47, 12, 11, -1,
      47, 11, 48, -1,
      48, 11, 49, -1,
      49, 11, 10, -1,
      49, 10, 50, -1,
      50, 10, 51, -1,
      51, 10, 9, -1,
      51, 9, 52, -1,
      52, 9, 53, -1,
      53, 9, 8, -1,
      53, 8, 54, -1,
      54, 8, 55, -1,
      55, 8, 7, -1,
      55, 7, 56, -1,
      6, 58, 7, -1,
      7, 58, 57, -1,
      7, 57, 56, -1,
      5, 4, 62, -1,
      62, 61, 5, -1,
      5, 61, 60, -1,
      5, 60, 6, -1,
      6, 60, 59, -1,
      6, 59, 58, -1,
      3, 2, 66, -1,
      66, 65, 3, -1,
      3, 65, 64, -1,
      3, 64, 4, -1,
      4, 64, 63, -1,
      4, 63, 62, -1,
      34, 71, 35, -1,
      35, 71, 70, -1,
      35, 70, 0, -1,
      0, 70, 69, -1,
      0, 69, 1, -1,
      1, 69, 68, -1,
      1, 68, 2, -1,
      2, 68, 67, -1,
      2, 67, 66, -1,
      33, 73, 34, -1,
      34, 73, 72, -1,
      34, 72, 71, -1,
      32, 75, 33, -1,
      33, 75, 74, -1,
      33, 74, 73, -1,
      31, 77, 32, -1,
      32, 77, 76, -1,
      32, 76, 75, -1,
      30, 79, 31, -1,
      31, 79, 78, -1,
      31, 78, 77, -1,
      29, 81, 30, -1,
      30, 81, 80, -1,
      30, 80, 79, -1,
      28, 83, 29, -1,
      29, 83, 82, -1,
      29, 82, 81, -1,
      27, 85, 28, -1,
      28, 85, 84, -1,
      28, 84, 83, -1,
      26, 87, 27, -1,
      27, 87, 86, -1,
      27, 86, 85, -1,
      25, 89, 26, -1,
      26, 89, 88, -1,
      26, 88, 87, -1,
      24, 91, 25, -1,
      25, 91, 90, -1,
      25, 90, 89, -1,
      23, 93, 24, -1,
      24, 93, 92, -1,
      24, 92, 91, -1,
      22, 95, 23, -1,
      23, 95, 94, -1,
      23, 94, 93, -1,
      21, 97, 22, -1,
      22, 97, 96, -1,
      22, 96, 95, -1,
      20, 99, 21, -1,
      21, 99, 98, -1,
      21, 98, 97, -1,
      37, 36, 17, -1,
      17, 36, 103, -1,
      17, 103, 18, -1,
      18, 103, 102, -1,
      18, 102, 19, -1,
      19, 102, 101, -1,
      19, 101, 20, -1,
      20, 101, 100, -1,
      20, 100, 99, -1,
    ]
  }
}

Shape {
  appearance Appearance {
    material Material {
      diffuseColor 0.1098 0.1098 0.1098
      specularColor 0.0784 0.0784 0.0784
      ambientIntensity 0.2
      transparency 0.0000
      shininess 0.5
    }
  }
  geometry IndexedFaceSet {
    ccw TRUE
    solid FALSE
    coord DEF co Coordinate {
      point [
        0.989868 0.644333 4.921260,
        1.028484 0.580709 4.921260,
        1.064137 0.512461 4.728346,
        -0.946552 0.706430 4.728346,
        -0.848444 0.821672 4.921260,
        -0.848444 0.821672 4.728346,
        -0.736405 0.923423 4.921260,
        -0.736405 0.923423 4.728346,
        -0.612275 1.010011 4.921260,
        -0.612275 1.010011 4.728346,
        -0.478091 1.080015 4.921260,
        -0.478091 1.080015 4.728346,
        -0.336056 1.132285 4.921260,
        -0.336056 1.132285 4.728346,
        -0.188504 1.165963 4.921260,
        -0.188504 1.165963 4.728346,
        -0.037856 1.180496 4.921260,
        -0.037856 1.180496 4.728346,
        0.113413 1.175644 4.921260,
        0.113413 1.175644 4.728346,
        0.262820 1.151490 4.921260,
        0.262820 1.151490 4.728346,
        0.407911 1.108427 4.921260,
        0.407911 1.108427 4.728346,
        0.546305 1.047165 4.921260,
        0.546305 1.047165 4.728346,
        0.675728 0.968707 4.921260,
        0.675728 0.968707 4.728346,
        0.794056 0.874344 4.921260,
        0.794056 0.874344 4.728346,
        0.899346 0.765624 4.921260,
        0.899346 0.765624 4.728346,
        0.989868 0.644333 4.728346,
        -1.029117 0.579588 4.728346,
        -1.028484 0.580709 4.921260,
        -0.946552 0.706430 4.921260,
        -1.171406 -0.151036 4.728346,
        -1.170071 -0.150807 6.692913,
        -1.174411 -0.125550 6.692913,
        -1.181102 0.000000 4.728346,
        -1.148960 -0.273667 6.692913,
        -1.142474 -0.299592 4.728346,
        -1.141137 -0.299182 6.692913,
        -1.104907 -0.417354 6.692913,
        -1.094783 -0.443229 4.728346,
        -1.093470 -0.442635 6.692913,
        -1.042963 -0.554283 6.692913,
        -1.029117 -0.579588 4.728346,
        -1.027854 -0.578809 6.692913,
        -0.964134 -0.682238 6.692913,
        -0.946552 -0.706430 4.728346,
        -0.945365 -0.705472 6.692913,
        -0.869694 -0.799147 6.692913,
        -0.848444 -0.821672 4.728346,
        -0.847361 -0.820542 6.692913,
        -0.761172 -0.903117 6.692913,
        -0.736405 -0.923423 4.728346,
        -0.735452 -0.922133 6.692913,
        -0.640327 -0.992464 6.692913,
        -0.612275 -1.010011 4.728346,
        -0.611474 -1.008577 6.692913,
        -0.509113 -1.065742 6.692913,
        -0.478091 -1.080015 4.728346,
        -0.477465 -1.078456 6.692913,
        -0.369657 -1.121765 6.692913,
        -0.336056 -1.132285 4.728346,
        -0.335624 -1.130624 6.692913,
        -0.224216 -1.159625 6.692913,
        -0.188504 -1.165963 4.728346,
        -0.188281 -1.164225 6.692913,
        -0.075144 -1.178709 6.692913,
        -0.037856 -1.180496 4.728346,
        -0.037856 -1.178709 6.692913,
        0.075144 -1.178709 6.692913,
        0.113413 -1.175644 4.728346,
        0.113182 -1.173840 6.692913,
        0.224216 -1.159625 6.692913,
        0.262820 -1.151490 4.728346,
        0.262354 -1.149697 6.692913,
        0.369657 -1.121765 6.692913,
        0.407911 -1.108427 4.728346,
        0.407209 -1.106680 6.692913,
        0.509113 -1.065742 6.692913,
        0.546305 -1.047165 4.728346,
        0.545372 -1.045493 6.692913,
        0.640327 -0.992464 6.692913,
        0.675728 -0.968707 4.728346,
        0.674572 -0.967144 6.692913,
        0.761172 -0.903117 6.692913,
        0.794056 -0.874344 4.728346,
        0.792691 -0.872920 6.692913,
        0.869694 -0.799147 6.692913,
        0.899346 -0.765624 4.728346,
        0.897789 -0.764367 6.692913,
        0.964134 -0.682238 6.692913,
        0.989868 -0.644333 4.728346,
        0.988142 -0.643269 6.692913,
        1.042963 -0.554283 6.692913,
        1.064137 -0.512461 4.728346,
        1.062265 -0.511615 6.692913,
        1.104907 -0.417354 6.692913,
        1.120932 -0.372175 4.728346,
        1.118945 -0.371566 6.692913,
        1.148960 -0.273667 6.692913,
        1.159322 -0.225778 4.728346,
        1.157250 -0.225422 6.692913,
        1.174411 -0.125550 6.692913,
        1.178676 -0.075674 4.728346,
        1.176552 -0.075582 6.692913,
        1.180846 0.024601 6.692913,
        1.181102 0.000000 4.728346,
        1.176536 0.075492 6.692913,
        1.178676 0.075674 4.728346,
        1.168163 0.174353 6.692913,
        1.159322 0.225778 4.728346,
        1.157202 0.225322 6.692913,
        1.136565 0.321282 6.692913,
        1.120932 0.372175 4.728346,
        1.118868 0.371447 6.692913,
        1.086566 0.463010 6.692913,
        1.062549 0.511678 6.692913,
        1.028484 0.580709 6.692913,
        -1.028484 0.580709 6.692913,
        -1.029053 0.579556 6.692913,
        -1.086566 0.463010 6.692913,
        -1.094783 0.443229 4.728346,
        -1.142474 0.299592 4.728346,
        -1.136565 0.321282 6.692913,
        -1.093681 0.442840 6.692913,
        -1.171406 0.151036 4.728346,
        -1.168163 0.174353 6.692913,
        -1.141285 0.299336 6.692913,
        -1.179794 0.000056 6.692913,
        -1.180846 0.024601 6.692913,
        -1.170146 0.150930 6.692913,
        0.794688 0.580709 6.889764,
        -0.794688 0.580709 6.889764,
        0.849144 0.497700 6.889764,
        -0.849144 0.497700 6.889764,
        0.186846 -0.966354 6.889764,
        0.308048 -0.934804 6.889764,
        0.424261 -0.888119 6.889764,
        0.533606 -0.827053 6.889764,
        0.634310 -0.752597 6.889764,
        0.724745 -0.665956 6.889764,
        0.803445 -0.568532 6.889764,
        0.869136 -0.461903 6.889764,
        0.920756 -0.347795 6.889764,
        0.957467 -0.228056 6.889764,
        0.978676 -0.104624 6.889764,
        0.984039 0.020501 6.889764,
        0.973469 0.145294 6.889764,
        0.947138 0.267735 6.889764,
        0.905471 0.385841 6.889764,
        -0.947138 0.267735 6.889764,
        -0.973469 0.145294 6.889764,
        0.062620 -0.982258 6.889764,
        -0.957467 -0.228056 6.889764,
        -0.424261 -0.888119 6.889764,
        -0.978676 -0.104624 6.889764,
        -0.308048 -0.934804 6.889764,
        -0.186846 -0.966354 6.889764,
        -0.905471 0.385841 6.889764,
        -0.920756 -0.347795 6.889764,
        -0.869136 -0.461903 6.889764,
        -0.803445 -0.568532 6.889764,
        -0.984039 0.020501 6.889764,
        -0.062620 -0.982258 6.889764,
        -0.724745 -0.665956 6.889764,
        -0.634310 -0.752597 6.889764,
        -0.533606 -0.827053 6.889764,
        0.000000 0.000000 4.728346,
        0.990768 0.580709 6.725607,
        -0.990768 0.580709 6.725607,
      ]
    }
    coordIndex [
      0, 1, 2, -1,
      3, 4, 5, -1,
      5, 4, 6, -1,
      5, 6, 7, -1,
      7, 6, 8, -1,
      7, 8, 9, -1,
      9, 8, 10, -1,
      9, 10, 11, -1,
      11, 10, 12, -1,
      11, 12, 13, -1,
      13, 12, 14, -1,
      13, 14, 15, -1,
      15, 14, 16, -1,
      15, 16, 17, -1,
      17, 16, 18, -1,
      17, 18, 19, -1,
      19, 18, 20, -1,
      19, 20, 21, -1,
      21, 20, 22, -1,
      21, 22, 23, -1,
      23, 22, 24, -1,
      23, 24, 25, -1,
      25, 24, 26, -1,
      25, 26, 27, -1,
      27, 26, 28, -1,
      27, 28, 29, -1,
      29, 28, 30, -1,
      29, 30, 31, -1,
      31, 30, 0, -1,
      31, 0, 32, -1,
      32, 0, 2, -1,
      33, 34, 3, -1,
      3, 34, 35, -1,
      3, 35, 4, -1,
      36, 37, 38, -1,
      36, 38, 39, -1,
      37, 36, 40, -1,
      40, 36, 41, -1,
      40, 41, 42, -1,
      42, 41, 43, -1,
      43, 41, 44, -1,
      43, 44, 45, -1,
      45, 44, 46, -1,
      46, 44, 47, -1,
      46, 47, 48, -1,
      48, 47, 49, -1,
      49, 47, 50, -1,
      49, 50, 51, -1,
      51, 50, 52, -1,
      52, 50, 53, -1,
      52, 53, 54, -1,
      54, 53, 55, -1,
      55, 53, 56, -1,
      55, 56, 57, -1,
      57, 56, 58, -1,
      58, 56, 59, -1,
      58, 59, 60, -1,
      60, 59, 61, -1,
      61, 59, 62, -1,
      61, 62, 63, -1,
      63, 62, 64, -1,
      64, 62, 65, -1,
      64, 65, 66, -1,
      66, 65, 67, -1,
      67, 65, 68, -1,
      67, 68, 69, -1,
      69, 68, 70, -1,
      70, 68, 71, -1,
      70, 71, 72, -1,
      72, 71, 73, -1,
      73, 71, 74, -1,
      73, 74, 75, -1,
      75, 74, 76, -1,
      76, 74, 77, -1,
      76, 77, 78, -1,
      78, 77, 79, -1,
      79, 77, 80, -1,
      79, 80, 81, -1,
      81, 80, 82, -1,
      82, 80, 83, -1,
      82, 83, 84, -1,
      84, 83, 85, -1,
      85, 83, 86, -1,
      85, 86, 87, -1,
      87, 86, 88, -1,
      88, 86, 89, -1,
      88, 89, 90, -1,
      90, 89, 91, -1,
      91, 89, 92, -1,
      91, 92, 93, -1,
      93, 92, 94, -1,
      94, 92, 95, -1,
      94, 95, 96, -1,
      96, 95, 97, -1,
      97, 95, 98, -1,
      97, 98, 99, -1,
      99, 98, 100, -1,
      100, 98, 101, -1,
      100, 101, 102, -1,
      102, 101, 103, -1,
      103, 101, 104, -1,
      103, 104, 105, -1,
      105, 104, 106, -1,
      106, 104, 107, -1,
      106, 107, 108, -1,
      108, 107, 109, -1,
      109, 107, 110, -1,
      109, 110, 111, -1,
      111, 110, 112, -1,
      111, 112, 113, -1,
      113, 112, 114, -1,
      113, 114, 115, -1,
      115, 114, 116, -1,
      116, 114, 117, -1,
      116, 117, 118, -1,
      118, 117, 119, -1,
      119, 117, 2, -1,
      119, 2, 120, -1,
      120, 2, 1, -1,
      120, 1, 121, -1,
      122, 34, 123, -1,
      123, 34, 33, -1,
      123, 33, 124, -1,
      124, 33, 125, -1,
      126, 127, 125, -1,
      125, 127, 128, -1,
      125, 128, 124, -1,
      129, 130, 126, -1,
      126, 130, 131, -1,
      126, 131, 127, -1,
      38, 132, 39, -1,
      39, 132, 133, -1,
      39, 133, 129, -1,
      129, 133, 134, -1,
      129, 134, 130, -1,
      135, 136, 137, -1,
      137, 136, 138, -1,
      139, 140, 138, -1,
      138, 140, 141, -1,
      138, 141, 142, -1,
      142, 143, 138, -1,
      138, 143, 144, -1,
      138, 144, 145, -1,
      145, 146, 138, -1,
      138, 146, 147, -1,
      138, 147, 148, -1,
      148, 149, 138, -1,
      138, 149, 150, -1,
      138, 150, 151, -1,
      151, 152, 138, -1,
      138, 152, 153, -1,
      138, 153, 137, -1,
      154, 155, 156, -1,
      157, 158, 159, -1,
      159, 158, 160, -1,
      159, 160, 161, -1,
      139, 138, 156, -1,
      156, 138, 162, -1,
      156, 162, 154, -1,
      157, 163, 158, -1,
      158, 163, 164, -1,
      158, 164, 165, -1,
      155, 166, 156, -1,
      156, 166, 159, -1,
      156, 159, 167, -1,
      167, 159, 161, -1,
      165, 168, 158, -1,
      158, 168, 169, -1,
      158, 169, 170, -1,
      110, 107, 171, -1,
      110, 171, 112, -1,
      2, 117, 171, -1,
      171, 117, 114, -1,
      171, 114, 112, -1,
      29, 31, 171, -1,
      171, 31, 32, -1,
      171, 32, 2, -1,
      23, 25, 171, -1,
      171, 25, 27, -1,
      171, 27, 29, -1,
      17, 19, 171, -1,
      171, 19, 21, -1,
      171, 21, 23, -1,
      11, 13, 171, -1,
      171, 13, 15, -1,
      171, 15, 17, -1,
      5, 7, 171, -1,
      171, 7, 9, -1,
      171, 9, 11, -1,
      125, 33, 171, -1,
      171, 33, 3, -1,
      171, 3, 5, -1,
      39, 129, 171, -1,
      171, 129, 126, -1,
      171, 126, 125, -1,
      44, 41, 171, -1,
      171, 41, 36, -1,
      171, 36, 39, -1,
      53, 50, 171, -1,
      171, 50, 47, -1,
      171, 47, 44, -1,
      62, 59, 171, -1,
      171, 59, 56, -1,
      171, 56, 53, -1,
      71, 68, 171, -1,
      171, 68, 65, -1,
      171, 65, 62, -1,
      80, 77, 171, -1,
      171, 77, 74, -1,
      171, 74, 71, -1,
      89, 86, 171, -1,
      171, 86, 83, -1,
      171, 83, 80, -1,
      98, 95, 171, -1,
      171, 95, 92, -1,
      171, 92, 89, -1,
      107, 104, 171, -1,
      171, 104, 101, -1,
      171, 101, 98, -1,
      34, 1, 0, -1,
      22, 20, 35, -1,
      35, 20, 18, -1,
      10, 8, 6, -1,
      34, 0, 35, -1,
      35, 0, 30, -1,
      35, 30, 28, -1,
      18, 16, 35, -1,
      35, 16, 14, -1,
      35, 14, 4, -1,
      28, 26, 35, -1,
      35, 26, 24, -1,
      35, 24, 22, -1,
      4, 14, 6, -1,
      6, 14, 12, -1,
      6, 12, 10, -1,
      172, 121, 1, -1,
      34, 122, 1, -1,
      1, 122, 173, -1,
      173, 136, 1, -1,
      1, 136, 135, -1,
      1, 135, 172, -1,
      173, 138, 136, -1,
      135, 137, 172, -1,
      137, 153, 172, -1,
      172, 153, 120, -1,
      172, 120, 121, -1,
      173, 122, 138, -1,
      138, 122, 123, -1,
      138, 123, 162, -1,
      123, 124, 162, -1,
      162, 124, 128, -1,
      162, 128, 154, -1,
      128, 127, 154, -1,
      154, 127, 131, -1,
      154, 131, 155, -1,
      131, 130, 155, -1,
      155, 130, 134, -1,
      155, 134, 166, -1,
      134, 133, 166, -1,
      166, 133, 132, -1,
      166, 132, 159, -1,
      132, 38, 159, -1,
      159, 38, 37, -1,
      159, 37, 157, -1,
      37, 40, 157, -1,
      157, 40, 42, -1,
      157, 42, 163, -1,
      42, 43, 163, -1,
      163, 43, 45, -1,
      163, 45, 164, -1,
      45, 46, 164, -1,
      164, 46, 48, -1,
      164, 48, 165, -1,
      48, 49, 165, -1,
      165, 49, 51, -1,
      165, 51, 168, -1,
      51, 52, 168, -1,
      168, 52, 54, -1,
      168, 54, 169, -1,
      54, 55, 169, -1,
      169, 55, 57, -1,
      169, 57, 170, -1,
      57, 58, 170, -1,
      170, 58, 60, -1,
      170, 60, 158, -1,
      60, 61, 158, -1,
      158, 61, 63, -1,
      158, 63, 160, -1,
      63, 64, 160, -1,
      160, 64, 66, -1,
      160, 66, 161, -1,
      66, 67, 161, -1,
      161, 67, 69, -1,
      161, 69, 167, -1,
      69, 70, 167, -1,
      167, 70, 72, -1,
      167, 72, 156, -1,
      72, 73, 156, -1,
      156, 73, 75, -1,
      156, 75, 139, -1,
      75, 76, 139, -1,
      139, 76, 78, -1,
      139, 78, 140, -1,
      78, 79, 140, -1,
      140, 79, 81, -1,
      140, 81, 141, -1,
      81, 82, 141, -1,
      141, 82, 84, -1,
      141, 84, 142, -1,
      84, 85, 142, -1,
      142, 85, 87, -1,
      142, 87, 143, -1,
      87, 88, 143, -1,
      143, 88, 90, -1,
      143, 90, 144, -1,
      90, 91, 144, -1,
      144, 91, 93, -1,
      144, 93, 145, -1,
      93, 94, 145, -1,
      145, 94, 96, -1,
      145, 96, 146, -1,
      96, 97, 146, -1,
      146, 97, 99, -1,
      146, 99, 147, -1,
      99, 100, 147, -1,
      147, 100, 102, -1,
      147, 102, 148, -1,
      102, 103, 148, -1,
      148, 103, 105, -1,
      148, 105, 149, -1,
      105, 106, 149, -1,
      149, 106, 108, -1,
      149, 108, 150, -1,
      108, 109, 150, -1,
      150, 109, 111, -1,
      150, 111, 151, -1,
      111, 113, 151, -1,
      151, 113, 115, -1,
      151, 115, 152, -1,
      115, 116, 152, -1,
      152, 116, 118, -1,
      152, 118, 153, -1,
      153, 118, 119, -1,
      153, 119, 120, -1,
    ]
  }
}
