ISO-10303-21;
HEADER;
FILE_DESCRIPTION (( 'STEP AP214' ),
    '1' );
FILE_NAME ('IND-SMD_L1.6-W0.8-1.STEP',
    '2021-09-17T08:59:56',
    ( '' ),
    ( '' ),
    'SwSTEP 2.0',
    'SolidWorks 2020',
    '' );
FILE_SCHEMA (( 'AUTOMOTIVE_DESIGN' ));
ENDSEC;

DATA;
#1 = CARTESIAN_POINT ( 'NONE',  ( 0.7194025466274532876, 0.04114767199714070012, -0.6999999999999999556 ) ) ;
#2 = CARTESIAN_POINT ( 'NONE',  ( 0.7621733954194025440, 0.05410302369630527741, -0.6999999999999998446 ) ) ;
#3 = CARTESIAN_POINT ( 'NONE',  ( 0.8019999999999994911, -0.1800000000000000211, -0.09999999999999988065 ) ) ;
#5 = EDGE_LOOP ( 'NONE', ( #1951, #1081, #7593, #7114 ) ) ;
#4 = SURFACE_STYLE_FILL_AREA ( #7907 ) ;
#6 = CARTESIAN_POINT ( 'NONE',  ( 0.7624920339306752171, -0.03908192238418306541, -0.7000000000000000666 ) ) ;
#7 = COLOUR_RGB ( '',0.7529411764705882248, 0.7529411764705882248, 0.7529411764705882248 ) ;
#8 = SURFACE_SIDE_STYLE ('',( #922 ) ) ;
#9 = DIRECTION ( 'NONE',  ( 0.000000000000000000, -0.000000000000000000, 1.000000000000000000 ) ) ;
#10 = AXIS2_PLACEMENT_3D ( 'NONE', #4257, #649, #2652 ) ;
#11 = CARTESIAN_POINT ( 'NONE',  ( 0.7257537652829413322, -0.03345974045676376046, -0.6999999999999997335 ) ) ;
#12 = ORIENTED_EDGE ( 'NONE', *, *, #9417, .F. ) ;
#13 = ORIENTED_EDGE ( 'NONE', *, *, #10272, .T. ) ;
#14 = AXIS2_PLACEMENT_3D ( 'NONE', #11422, #10603, #8796 ) ;
#15 = AXIS2_PLACEMENT_3D ( 'NONE', #6052, #6987, #10673 ) ;
#16 = ORIENTED_EDGE ( 'NONE', *, *, #11601, .F. ) ;
#17 = CARTESIAN_POINT ( 'NONE',  ( 0.7366623055724448310, -0.05449282851183354093, -0.6999999999999998446 ) ) ;
#18 = SURFACE_STYLE_USAGE ( .BOTH. , #7435 ) ;
#19 = COLOUR_RGB ( '',0.9098039215686274384, 0.4431372549019607643, 0.03137254901960784270 ) ;
#20 = AXIS2_PLACEMENT_3D ( 'NONE', #1049, #2904, #9948 ) ;
#21 =( GEOMETRIC_REPRESENTATION_CONTEXT ( 3 ) GLOBAL_UNCERTAINTY_ASSIGNED_CONTEXT ( ( #5264 ) ) GLOBAL_UNIT_ASSIGNED_CONTEXT ( ( #5027, #1370, #10390 ) ) REPRESENTATION_CONTEXT ( 'NONE', 'WORKASPACE' ) );
#22 = LINE ( 'NONE', #7100, #3487 ) ;
#23 = PRESENTATION_STYLE_ASSIGNMENT (( #8098 ) ) ;
#24 = EDGE_CURVE ( 'NONE', #619, #1945, #8869, .T. ) ;
#25 = UNCERTAINTY_MEASURE_WITH_UNIT (LENGTH_MEASURE( 1.000000000000000082E-05 ), #10996, 'distance_accuracy_value', 'NONE');
#26 = ORIENTED_EDGE ( 'NONE', *, *, #4718, .T. ) ;
#27 = ORIENTED_EDGE ( 'NONE', *, *, #8326, .T. ) ;
#28 = CARTESIAN_POINT ( 'NONE',  ( 0.8019999999999994911, -0.1800000000000000211, -0.4999999999999998890 ) ) ;
#29 = SURFACE_STYLE_USAGE ( .BOTH. , #9833 ) ;
#30 = MECHANICAL_DESIGN_GEOMETRIC_PRESENTATION_REPRESENTATION (  '', ( #1936 ), #7945 ) ;
#31 =( GEOMETRIC_REPRESENTATION_CONTEXT ( 3 ) GLOBAL_UNCERTAINTY_ASSIGNED_CONTEXT ( ( #474 ) ) GLOBAL_UNIT_ASSIGNED_CONTEXT ( ( #9029, #1352, #10311 ) ) REPRESENTATION_CONTEXT ( 'NONE', 'WORKASPACE' ) );
#32 = SURFACE_STYLE_USAGE ( .BOTH. , #10792 ) ;
#33 =( GEOMETRIC_REPRESENTATION_CONTEXT ( 3 ) GLOBAL_UNCERTAINTY_ASSIGNED_CONTEXT ( ( #7254 ) ) GLOBAL_UNIT_ASSIGNED_CONTEXT ( ( #9030, #796, #2730 ) ) REPRESENTATION_CONTEXT ( 'NONE', 'WORKASPACE' ) );
#34 = CARTESIAN_POINT ( 'NONE',  ( -0.1199999999999999956, -0.1800000000000001876, -0.04999999999999969746 ) ) ;
#35 = CARTESIAN_POINT ( 'NONE',  ( 0.7291371930625031306, 0.05503284455404348907, -0.6990000000000000657 ) ) ;
#36 = DIRECTION ( 'NONE',  ( 0.000000000000000000, 2.464095846557963117E-15, 1.000000000000000000 ) ) ;
#37 = SURFACE_SIDE_STYLE ('',( #8113 ) ) ;
#38 = CARTESIAN_POINT ( 'NONE',  ( 0.7705863324201811526, 0.04285799291129834682, -0.6989999999999998437 ) ) ;
#39 =( NAMED_UNIT ( * ) SI_UNIT ( $, .STERADIAN. ) SOLID_ANGLE_UNIT ( ) );
#40 = EDGE_CURVE ( 'NONE', #9245, #3416, #310, .T. ) ;
#41 = SURFACE_STYLE_USAGE ( .BOTH. , #6453 ) ;
#42 = ORIENTED_EDGE ( 'NONE', *, *, #11043, .F. ) ;
#43 = VECTOR ( 'NONE', #6134, 1000.000000000000000 ) ;
#44 = FACE_OUTER_BOUND ( 'NONE', #810, .T. ) ;
#45 = VERTEX_POINT ( 'NONE', #1191 ) ;
#46 =( LENGTH_UNIT ( ) NAMED_UNIT ( * ) SI_UNIT ( .MILLI., .METRE. ) );
#47 = EDGE_CURVE ( 'NONE', #4716, #11532, #1316, .T. ) ;
#48 = SURFACE_SIDE_STYLE ('',( #4769 ) ) ;
#50 = ORIENTED_EDGE ( 'NONE', *, *, #9628, .T. ) ;
#49 = PRESENTATION_STYLE_ASSIGNMENT (( #8124 ) ) ;
#51 = COLOUR_RGB ( '',0.9098039215686274384, 0.4431372549019607643, 0.03137254901960784270 ) ;
#52 = SURFACE_SIDE_STYLE ('',( #9013 ) ) ;
#53 = CARTESIAN_POINT ( 'NONE',  ( 0.7248780487804876715, 0.04280678353658522867, -0.6989999999999999547 ) ) ;
#54 = CARTESIAN_POINT ( 'NONE',  ( 0.7999999999999996003, -0.3999999999999999112, -0.5999999999999998668 ) ) ;
#55 = ADVANCED_FACE ( 'NONE', ( #2840 ), #3774, .T. ) ;
#56 = SURFACE_STYLE_FILL_AREA ( #4554 ) ;
#57 = FILL_AREA_STYLE_COLOUR ( '', #4624 ) ;
#58 = EDGE_LOOP ( 'NONE', ( #625, #557, #8831, #2787 ) ) ;
#59 = CARTESIAN_POINT ( 'NONE',  ( -0.2399999999999999911, 0.1800000000000000766, 0.005000000000000256843 ) ) ;
#60 = PRESENTATION_LAYER_ASSIGNMENT (  '', '', ( #7970 ) ) ;
#61 = EDGE_CURVE ( 'NONE', #6546, #10670, #9255, .T. ) ;
#62 = AXIS2_PLACEMENT_3D ( 'NONE', #3920, #1451, #5985 ) ;
#63 = CARTESIAN_POINT ( 'NONE',  ( 0.7195045665907430221, 0.03948270974870713573, -0.7000000000000000666 ) ) ;
#64 = FACE_OUTER_BOUND ( 'NONE', #959, .T. ) ;
#65 = SURFACE_SIDE_STYLE ('',( #3607 ) ) ;
#67 = ORIENTED_EDGE ( 'NONE', *, *, #10867, .F. ) ;
#66 = FACE_OUTER_BOUND ( 'NONE', #933, .T. ) ;
#68 = EDGE_CURVE ( 'NONE', #4482, #997, #6423, .T. ) ;
#69 = CARTESIAN_POINT ( 'NONE',  ( 0.7510021929839223453, -0.04808276008781538907, -0.7000000000000001776 ) ) ;
#70 = COLOUR_RGB ( '',0.000000000000000000, 0.000000000000000000, 0.000000000000000000 ) ;
#71 = VECTOR ( 'NONE', #1468, 1000.000000000000000 ) ;
#72 = FILL_AREA_STYLE ('',( #9195 ) ) ;
#73 = CIRCLE ( 'NONE', #6647, 0.05500000000000000722 ) ;
#74 = DIRECTION ( 'NONE',  ( 0.000000000000000000, 1.000000000000000000, -5.646886315028668105E-17 ) ) ;
#75 = SURFACE_STYLE_USAGE ( .BOTH. , #7857 ) ;
#76 = VERTEX_POINT ( 'NONE', #10215 ) ;
#77 = SHAPE_DEFINITION_REPRESENTATION ( #11344, #9392 ) ;
#78 = VECTOR ( 'NONE', #1466, 1000.000000000000000 ) ;
#79 =( NAMED_UNIT ( * ) SI_UNIT ( $, .STERADIAN. ) SOLID_ANGLE_UNIT ( ) );
#80 = AXIS2_PLACEMENT_3D ( 'NONE', #7151, #2515, #7984 ) ;
#81 = DIRECTION ( 'NONE',  ( 0.000000000000000000, -0.000000000000000000, 1.000000000000000000 ) ) ;
#82 = STYLED_ITEM ( 'NONE', ( #6196 ), #9405 ) ;
#83 = FILL_AREA_STYLE_COLOUR ( '', #2593 ) ;
#84 = CARTESIAN_POINT ( 'NONE',  ( -0.1429128784747968339, -0.1800000000000000211, -0.4999999999999998890 ) ) ;
#85 = ORIENTED_EDGE ( 'NONE', *, *, #5729, .F. ) ;
#86 = EDGE_CURVE ( 'NONE', #3190, #4192, #4845, .T. ) ;
#87 = LINE ( 'NONE', #9824, #7408 ) ;
#88 = CIRCLE ( 'NONE', #4238, 0.09999999999999999167 ) ;
#89 =( LENGTH_UNIT ( ) NAMED_UNIT ( * ) SI_UNIT ( .MILLI., .METRE. ) );
#90 = AXIS2_PLACEMENT_3D ( 'NONE', #10020, #1943, #11420 ) ;
#91 =( NAMED_UNIT ( * ) SI_UNIT ( $, .STERADIAN. ) SOLID_ANGLE_UNIT ( ) );
#92 = CARTESIAN_POINT ( 'NONE',  ( 0.7199999999999998623, -0.07804878048780501676, -0.6989999999999999547 ) ) ;
#93 = AXIS2_PLACEMENT_3D ( 'NONE', #10229, #203, #2153 ) ;
#94 = PRESENTATION_LAYER_ASSIGNMENT (  '', '', ( #1222 ) ) ;
#95 = VERTEX_POINT ( 'NONE', #2139 ) ;
#96 = DIRECTION ( 'NONE',  ( -1.000000000000000000, -0.000000000000000000, -0.000000000000000000 ) ) ;
#97 = CARTESIAN_POINT ( 'NONE',  ( 0.7449704764724988104, 0.06827080260235057763, -0.7000000000000000666 ) ) ;
#98 = AXIS2_PLACEMENT_3D ( 'NONE', #11227, #4434, #4266 ) ;
#99 = COLOUR_RGB ( '',1.000000000000000000, 1.000000000000000000, 1.000000000000000000 ) ;
#100 = CIRCLE ( 'NONE', #7625, 0.1000000000000000056 ) ;
#101 = LINE ( 'NONE', #4698, #2839 ) ;
#102 = DIRECTION ( 'NONE',  ( -1.355252715606880543E-16, -1.000000000000000000, 0.000000000000000000 ) ) ;
#103 = SURFACE_SIDE_STYLE ('',( #10132 ) ) ;
#104 = PRESENTATION_LAYER_ASSIGNMENT (  '', '', ( #7815 ) ) ;
#105 =( NAMED_UNIT ( * ) SI_UNIT ( $, .STERADIAN. ) SOLID_ANGLE_UNIT ( ) );
#106 = ORIENTED_EDGE ( 'NONE', *, *, #7548, .F. ) ;
#107 = AXIS2_PLACEMENT_3D ( 'NONE', #5060, #3997, #3101 ) ;
#108 = VERTEX_POINT ( 'NONE', #3344 ) ;
#109 =( NAMED_UNIT ( * ) PLANE_ANGLE_UNIT ( ) SI_UNIT ( $, .RADIAN. ) );
#110 = CYLINDRICAL_SURFACE ( 'NONE', #3020, 0.05499999999999997946 ) ;
#111 = EDGE_CURVE ( 'NONE', #11009, #8901, #8581, .T. ) ;
#112 = DIRECTION ( 'NONE',  ( 0.000000000000000000, 0.000000000000000000, 1.000000000000000000 ) ) ;
#114 = ORIENTED_EDGE ( 'NONE', *, *, #7634, .T. ) ;
#113 = CYLINDRICAL_SURFACE ( 'NONE', #2236, 0.05499999999999997946 ) ;
#115 = LINE ( 'NONE', #1075, #4627 ) ;
#116 = DIRECTION ( 'NONE',  ( 0.3536223923290756077, -0.9353882635801357148, 0.000000000000000000 ) ) ;
#117 = CARTESIAN_POINT ( 'NONE',  ( 0.7699999999999999067, 0.09817073170731704934, -0.6989999999999999547 ) ) ;
#118 = FILL_AREA_STYLE_COLOUR ( '', #6077 ) ;
#119 = CARTESIAN_POINT ( 'NONE',  ( 0.7649379954151360739, 0.04038117729642018428, -0.6989999999999998437 ) ) ;
#120 = VERTEX_POINT ( 'NONE', #7775 ) ;
#121 = UNCERTAINTY_MEASURE_WITH_UNIT (LENGTH_MEASURE( 1.000000000000000082E-05 ), #1100, 'distance_accuracy_value', 'NONE');
#122 = VECTOR ( 'NONE', #1706, 1000.000000000000000 ) ;
#123 = DIRECTION ( 'NONE',  ( 1.000000000000000000, 0.000000000000000000, 0.000000000000000000 ) ) ;
#124 = FACE_OUTER_BOUND ( 'NONE', #5732, .T. ) ;
#125 = FILL_AREA_STYLE ('',( #9025 ) ) ;
#126 = COLOUR_RGB ( '',0.000000000000000000, 0.000000000000000000, 0.000000000000000000 ) ;
#127 = EDGE_LOOP ( 'NONE', ( #8033, #9361, #4766, #5376 ) ) ;
#128 =( NAMED_UNIT ( * ) PLANE_ANGLE_UNIT ( ) SI_UNIT ( $, .RADIAN. ) );
#129 =( GEOMETRIC_REPRESENTATION_CONTEXT ( 3 ) GLOBAL_UNCERTAINTY_ASSIGNED_CONTEXT ( ( #2016 ) ) GLOBAL_UNIT_ASSIGNED_CONTEXT ( ( #3872, #8565, #11259 ) ) REPRESENTATION_CONTEXT ( 'NONE', 'WORKASPACE' ) );
#130 = DIRECTION ( 'NONE',  ( -1.000000000000000000, 0.000000000000000000, 0.000000000000000000 ) ) ;
#131 = ADVANCED_FACE ( 'NONE', ( #3228 ), #9430, .T. ) ;
#132 = DIRECTION ( 'NONE',  ( 0.000000000000000000, -2.464095846557964300E-15, -1.000000000000000000 ) ) ;
#133 = CARTESIAN_POINT ( 'NONE',  ( 0.7632365409369397113, -0.03732202826893632475, -0.7000000000000000666 ) ) ;
#134 = ORIENTED_EDGE ( 'NONE', *, *, #10457, .T. ) ;
#135 = SURFACE_SIDE_STYLE ('',( #4569 ) ) ;
#136 = UNCERTAINTY_MEASURE_WITH_UNIT (LENGTH_MEASURE( 1.000000000000000082E-05 ), #927, 'distance_accuracy_value', 'NONE');
#137 = PRESENTATION_STYLE_ASSIGNMENT (( #7426 ) ) ;
#138 = COLOUR_RGB ( '',0.9098039215686274384, 0.4431372549019607643, 0.03137254901960784270 ) ;
#139 = CARTESIAN_POINT ( 'NONE',  ( -0.5000000000000004441, -0.4000000000000000222, -0.5999999999999999778 ) ) ;
#140 = CARTESIAN_POINT ( 'NONE',  ( 0.3829128784747955483, 0.2800000000000000266, -0.1999999999999998723 ) ) ;
#141 = CARTESIAN_POINT ( 'NONE',  ( 0.7612163867557177888, -0.04980930357180442247, -0.6990000000000001767 ) ) ;
#142 = ORIENTED_EDGE ( 'NONE', *, *, #367, .F. ) ;
#143 = PRESENTATION_LAYER_ASSIGNMENT (  '', '', ( #4294 ) ) ;
#144 =( LENGTH_UNIT ( ) NAMED_UNIT ( * ) SI_UNIT ( .MILLI., .METRE. ) );
#145 = FILL_AREA_STYLE ('',( #9097 ) ) ;
#146 = EDGE_CURVE ( 'NONE', #95, #11138, #2424, .T. ) ;
#147 = FILL_AREA_STYLE_COLOUR ( '', #5894 ) ;
#148 = MECHANICAL_DESIGN_GEOMETRIC_PRESENTATION_REPRESENTATION (  '', ( #11455 ), #1651 ) ;
#149 = UNCERTAINTY_MEASURE_WITH_UNIT (LENGTH_MEASURE( 1.000000000000000082E-05 ), #10958, 'distance_accuracy_value', 'NONE');
#150 = EDGE_CURVE ( 'NONE', #9117, #5190, #6827, .T. ) ;
#151 = ORIENTED_EDGE ( 'NONE', *, *, #10608, .T. ) ;
#152 = COLOUR_RGB ( '',0.000000000000000000, 0.000000000000000000, 0.000000000000000000 ) ;
#153 = DIRECTION ( 'NONE',  ( 0.000000000000000000, -1.000000000000000000, 2.634710515969108204E-15 ) ) ;
#154 = SURFACE_STYLE_USAGE ( .BOTH. , #271 ) ;
#155 =( NAMED_UNIT ( * ) PLANE_ANGLE_UNIT ( ) SI_UNIT ( $, .RADIAN. ) );
#156 = LINE ( 'NONE', #1874, #4122 ) ;
#157 = PRESENTATION_STYLE_ASSIGNMENT (( #1822 ) ) ;
#158 = FILL_AREA_STYLE ('',( #1010 ) ) ;
#159 = CARTESIAN_POINT ( 'NONE',  ( 0.7255310389470817078, -0.03142673164704604810, -0.6990000000000000657 ) ) ;
#160 = CIRCLE ( 'NONE', #3544, 0.09999999999999999167 ) ;
#161 = EDGE_LOOP ( 'NONE', ( #2220, #6193, #4408, #7968 ) ) ;
#162 = SURFACE_SIDE_STYLE ('',( #8170 ) ) ;
#163 = ORIENTED_EDGE ( 'NONE', *, *, #9003, .F. ) ;
#164 = DIRECTION ( 'NONE',  ( -0.000000000000000000, -0.000000000000000000, -1.000000000000000000 ) ) ;
#165 = DIRECTION ( 'NONE',  ( -0.000000000000000000, -0.000000000000000000, -1.000000000000000000 ) ) ;
#166 = COLOUR_RGB ( '',0.7529411764705882248, 0.7529411764705882248, 0.7529411764705882248 ) ;
#167 = COLOUR_RGB ( '',0.7921568627450980005, 0.8196078431372548767, 0.9333333333333333481 ) ;
#168 = SURFACE_STYLE_USAGE ( .BOTH. , #6351 ) ;
#170 = ORIENTED_EDGE ( 'NONE', *, *, #6181, .T. ) ;
#169 =( LENGTH_UNIT ( ) NAMED_UNIT ( * ) SI_UNIT ( .MILLI., .METRE. ) );
#171 = PRESENTATION_LAYER_ASSIGNMENT (  '', '', ( #4877 ) ) ;
#172 = FACE_OUTER_BOUND ( 'NONE', #5646, .T. ) ;
#173 = PRESENTATION_STYLE_ASSIGNMENT (( #232 ) ) ;
#174 = CARTESIAN_POINT ( 'NONE',  ( 0.7536016119071953234, 0.06040308745227634946, -0.6999999999999998446 ) ) ;
#175 = FILL_AREA_STYLE ('',( #6305 ) ) ;
#176 =( GEOMETRIC_REPRESENTATION_CONTEXT ( 3 ) GLOBAL_UNCERTAINTY_ASSIGNED_CONTEXT ( ( #7218 ) ) GLOBAL_UNIT_ASSIGNED_CONTEXT ( ( #9660, #5648, #8269 ) ) REPRESENTATION_CONTEXT ( 'NONE', 'WORKASPACE' ) );
#177 = PLANE ( 'NONE',  #3066 ) ;
#178 = SURFACE_STYLE_FILL_AREA ( #8229 ) ;
#179 = ORIENTED_EDGE ( 'NONE', *, *, #3482, .T. ) ;
#180 = EDGE_CURVE ( 'NONE', #9200, #8013, #11326, .T. ) ;
#181 = DIRECTION ( 'NONE',  ( 0.000000000000000000, 1.000000000000000000, -5.646886315028668105E-17 ) ) ;
#182 = UNCERTAINTY_MEASURE_WITH_UNIT (LENGTH_MEASURE( 1.000000000000000082E-05 ), #7497, 'distance_accuracy_value', 'NONE');
#183 =( LENGTH_UNIT ( ) NAMED_UNIT ( * ) SI_UNIT ( .MILLI., .METRE. ) );
#184 = CARTESIAN_POINT ( 'NONE',  ( 0.7650728970373957827, 0.04583433388316385249, -0.6989999999999998437 ) ) ;
#185 = SURFACE_STYLE_FILL_AREA ( #8343 ) ;
#186 = STYLED_ITEM ( 'NONE', ( #4947 ), #7749 ) ;
#187 = CARTESIAN_POINT ( 'NONE',  ( -0.09708712152522103178, -0.1800000000000000211, -0.09999999999999988065 ) ) ;
#188 = DIRECTION ( 'NONE',  ( 0.000000000000000000, 1.000000000000000000, -5.646886315028668105E-17 ) ) ;
#189 = STYLED_ITEM ( 'NONE', ( #11333 ), #5790 ) ;
#190 = CARTESIAN_POINT ( 'NONE',  ( 0.3599999999999999867, -0.1800000000000001321, -0.04999999999999975298 ) ) ;
#191 = PLANE ( 'NONE',  #3084 ) ;
#192 = ORIENTED_EDGE ( 'NONE', *, *, #6807, .F. ) ;
#193 = ADVANCED_FACE ( 'NONE', ( #8699 ), #5202, .T. ) ;
#194 = PRESENTATION_LAYER_ASSIGNMENT (  '', '', ( #2459 ) ) ;
#195 = CARTESIAN_POINT ( 'NONE',  ( 0.7253046841980790305, 0.03816842251632428934, -0.6990000000000000657 ) ) ;
#196 = DIRECTION ( 'NONE',  ( -0.000000000000000000, -0.000000000000000000, -1.000000000000000000 ) ) ;
#197 = EDGE_CURVE ( 'NONE', #4545, #8654, #1425, .T. ) ;
#198 = SURFACE_STYLE_USAGE ( .BOTH. , #7430 ) ;
#199 = AXIS2_PLACEMENT_3D ( 'NONE', #7997, #9649, #3394 ) ;
#200 = ORIENTED_EDGE ( 'NONE', *, *, #8306, .F. ) ;
#201 = TOROIDAL_SURFACE ( 'NONE', #1333, 0.1500000000000000777, 0.05500000000000000028 ) ;
#202 = CARTESIAN_POINT ( 'NONE',  ( 0.7283034278699966890, -0.04980423451713075073, -0.7000000000000000666 ) ) ;
#203 = DIRECTION ( 'NONE',  ( -5.689178983264832254E-13, 3.140195167995686332E-13, -1.000000000000000000 ) ) ;
#204 = EDGE_CURVE ( 'NONE', #10175, #7156, #6964, .T. ) ;
#205 = PRESENTATION_LAYER_ASSIGNMENT (  '', '', ( #11131 ) ) ;
#206 = COLOUR_RGB ( '',0.9098039215686274384, 0.4431372549019607643, 0.03137254901960784270 ) ;
#207 = ORIENTED_EDGE ( 'NONE', *, *, #7899, .T. ) ;
#208 = CIRCLE ( 'NONE', #15, 0.09999999999999999167 ) ;
#209 =( NAMED_UNIT ( * ) PLANE_ANGLE_UNIT ( ) SI_UNIT ( $, .RADIAN. ) );
#210 = EDGE_CURVE ( 'NONE', #1171, #7643, #3471, .T. ) ;
#211 = SURFACE_STYLE_USAGE ( .BOTH. , #4695 ) ;
#212 = SURFACE_STYLE_FILL_AREA ( #7225 ) ;
#213 = CIRCLE ( 'NONE', #1161, 0.09999999999999999167 ) ;
#214 = MECHANICAL_DESIGN_GEOMETRIC_PRESENTATION_REPRESENTATION (  '', ( #9618 ), #8283 ) ;
#215 = DIRECTION ( 'NONE',  ( 1.000000000000000000, 1.355252715606880296E-16, 0.000000000000000000 ) ) ;
#216 = EDGE_CURVE ( 'NONE', #7768, #7843, #10752, .T. ) ;
#217 = PLANE ( 'NONE',  #307 ) ;
#218 =( NAMED_UNIT ( * ) SI_UNIT ( $, .STERADIAN. ) SOLID_ANGLE_UNIT ( ) );
#219 = VERTEX_POINT ( 'NONE', #6304 ) ;
#220 = CARTESIAN_POINT ( 'NONE',  ( -0.1199999999999999956, -0.3300000000000002376, -0.3999999999999999667 ) ) ;
#221 = ORIENTED_EDGE ( 'NONE', *, *, #2572, .F. ) ;
#222 = AXIS2_PLACEMENT_3D ( 'NONE', #11183, #10285, #2211 ) ;
#223 =( GEOMETRIC_REPRESENTATION_CONTEXT ( 3 ) GLOBAL_UNCERTAINTY_ASSIGNED_CONTEXT ( ( #2633 ) ) GLOBAL_UNIT_ASSIGNED_CONTEXT ( ( #8275, #2675, #1241 ) ) REPRESENTATION_CONTEXT ( 'NONE', 'WORKASPACE' ) );
#224 = MECHANICAL_DESIGN_GEOMETRIC_PRESENTATION_REPRESENTATION (  '', ( #8288 ), #4750 ) ;
#225 = DIRECTION ( 'NONE',  ( -1.000000000000000000, -0.000000000000000000, -0.000000000000000000 ) ) ;
#226 = FILL_AREA_STYLE_COLOUR ( '', #10012 ) ;
#227 = PRESENTATION_LAYER_ASSIGNMENT (  '', '', ( #3638 ) ) ;
#228 = FACE_OUTER_BOUND ( 'NONE', #3333, .T. ) ;
#229 = DIRECTION ( 'NONE',  ( -1.000000000000000000, 0.000000000000000000, -0.000000000000000000 ) ) ;
#230 = CARTESIAN_POINT ( 'NONE',  ( 0.1199999999999999956, 0.3299999999999999600, -0.3999999999999999667 ) ) ;
#231 =( GEOMETRIC_REPRESENTATION_CONTEXT ( 3 ) GLOBAL_UNCERTAINTY_ASSIGNED_CONTEXT ( ( #2749 ) ) GLOBAL_UNIT_ASSIGNED_CONTEXT ( ( #10911, #5488, #1766 ) ) REPRESENTATION_CONTEXT ( 'NONE', 'WORKASPACE' ) );
#232 = SURFACE_STYLE_USAGE ( .BOTH. , #1242 ) ;
#233 = CARTESIAN_POINT ( 'NONE',  ( 0.7517465603482156311, 0.06093370453716204921, -0.6989999999999999547 ) ) ;
#234 = AXIS2_PLACEMENT_3D ( 'NONE', #8541, #493, #1325 ) ;
#235 = VERTEX_POINT ( 'NONE', #4431 ) ;
#236 = ORIENTED_EDGE ( 'NONE', *, *, #5335, .F. ) ;
#237 = UNCERTAINTY_MEASURE_WITH_UNIT (LENGTH_MEASURE( 1.000000000000000082E-05 ), #2756, 'distance_accuracy_value', 'NONE');
#238 = CYLINDRICAL_SURFACE ( 'NONE', #9573, 0.05500000000000003497 ) ;
#239 = CARTESIAN_POINT ( 'NONE',  ( -0.8000000000000004885, 0.4000000000000001332, 0.1000000000000000056 ) ) ;
#240 = COLOUR_RGB ( '',0.9098039215686274384, 0.4431372549019607643, 0.03137254901960784270 ) ;
#241 = CARTESIAN_POINT ( 'NONE',  ( 0.7195045665907430221, 0.03948270974870713573, -0.7000000000000000666 ) ) ;
#242 = FILL_AREA_STYLE_COLOUR ( '', #2401 ) ;
#243 = LINE ( 'NONE', #7473, #4882 ) ;
#244 = SURFACE_STYLE_USAGE ( .BOTH. , #8290 ) ;
#245 = ORIENTED_EDGE ( 'NONE', *, *, #9542, .F. ) ;
#246 = CARTESIAN_POINT ( 'NONE',  ( 0.7281628382558920087, -0.08172553295144954766, -0.6990000000000001767 ) ) ;
#247 = CARTESIAN_POINT ( 'NONE',  ( -0.2399999999999999911, 0.3299999999999999600, -0.1999999999999999001 ) ) ;
#248 = ORIENTED_EDGE ( 'NONE', *, *, #3482, .F. ) ;
#249 =( NAMED_UNIT ( * ) PLANE_ANGLE_UNIT ( ) SI_UNIT ( $, .RADIAN. ) );
#250 = MECHANICAL_DESIGN_GEOMETRIC_PRESENTATION_REPRESENTATION (  '', ( #7013 ), #5892 ) ;
#251 =( GEOMETRIC_REPRESENTATION_CONTEXT ( 3 ) GLOBAL_UNCERTAINTY_ASSIGNED_CONTEXT ( ( #9448 ) ) GLOBAL_UNIT_ASSIGNED_CONTEXT ( ( #263, #7373, #10115 ) ) REPRESENTATION_CONTEXT ( 'NONE', 'WORKASPACE' ) );
#252 = SURFACE_STYLE_FILL_AREA ( #4793 ) ;
#253 = FILL_AREA_STYLE_COLOUR ( '', #9613 ) ;
#254 = CARTESIAN_POINT ( 'NONE',  ( -0.3599999999999999867, 0.1799999999999997435, -0.6049999999999999822 ) ) ;
#255 = FILL_AREA_STYLE_COLOUR ( '', #8379 ) ;
#256 = CARTESIAN_POINT ( 'NONE',  ( 0.7699999999999999067, 0.07256097560975606486, -0.6999999999999999556 ) ) ;
#257 = CIRCLE ( 'NONE', #7779, 0.05500000000000000722 ) ;
#258 = ADVANCED_FACE ( 'NONE', ( #8128 ), #8472, .T. ) ;
#259 = ORIENTED_EDGE ( 'NONE', *, *, #11396, .F. ) ;
#260 = VECTOR ( 'NONE', #7566, 1000.000000000000000 ) ;
#261 = SURFACE_STYLE_USAGE ( .BOTH. , #4745 ) ;
#262 = PRESENTATION_STYLE_ASSIGNMENT (( #11003 ) ) ;
#263 =( LENGTH_UNIT ( ) NAMED_UNIT ( * ) SI_UNIT ( .MILLI., .METRE. ) );
#264 = EDGE_CURVE ( 'NONE', #1562, #2734, #2550, .T. ) ;
#265 = AXIS2_PLACEMENT_3D ( 'NONE', #9813, #5338, #8843 ) ;
#266 = UNCERTAINTY_MEASURE_WITH_UNIT (LENGTH_MEASURE( 1.000000000000000082E-05 ), #5318, 'distance_accuracy_value', 'NONE');
#267 =( GEOMETRIC_REPRESENTATION_CONTEXT ( 3 ) GLOBAL_UNCERTAINTY_ASSIGNED_CONTEXT ( ( #784 ) ) GLOBAL_UNIT_ASSIGNED_CONTEXT ( ( #7405, #10980, #8446 ) ) REPRESENTATION_CONTEXT ( 'NONE', 'WORKASPACE' ) );
#268 = VECTOR ( 'NONE', #4457, 1000.000000000000000 ) ;
#269 = ORIENTED_EDGE ( 'NONE', *, *, #4464, .T. ) ;
#270 = UNCERTAINTY_MEASURE_WITH_UNIT (LENGTH_MEASURE( 1.000000000000000082E-05 ), #5907, 'distance_accuracy_value', 'NONE');
#271 = SURFACE_SIDE_STYLE ('',( #9711 ) ) ;
#272 = AXIS2_PLACEMENT_3D ( 'NONE', #5091, #8651, #3970 ) ;
#273 = DIRECTION ( 'NONE',  ( -0.000000000000000000, 1.000000000000000000, -0.000000000000000000 ) ) ;
#274 = COLOUR_RGB ( '',0.7529411764705882248, 0.7529411764705882248, 0.7529411764705882248 ) ;
#275 = STYLED_ITEM ( 'NONE', ( #4228 ), #1147 ) ;
#276 = CARTESIAN_POINT ( 'NONE',  ( -0.5000000000000004441, -0.2800000000000000266, -0.1999999999999999001 ) ) ;
#277 = CARTESIAN_POINT ( 'NONE',  ( 0.7194112551541139711, 0.04376700701676918687, -0.6999999999999999556 ) ) ;
#278 = SURFACE_STYLE_USAGE ( .BOTH. , #10858 ) ;
#279 = ADVANCED_FACE ( 'NONE', ( #3537 ), #8641, .T. ) ;
#280 = CARTESIAN_POINT ( 'NONE',  ( -0.06499999999999997446, 0.3299999999999999600, -0.3999999999999999667 ) ) ;
#281 = EDGE_CURVE ( 'NONE', #3093, #3010, #5253, .T. ) ;
#282 = DIRECTION ( 'NONE',  ( -0.000000000000000000, -0.000000000000000000, 1.000000000000000000 ) ) ;
#283 = ORIENTED_EDGE ( 'NONE', *, *, #6055, .F. ) ;
#284 = VECTOR ( 'NONE', #11680, 1000.000000000000000 ) ;
#285 = EDGE_LOOP ( 'NONE', ( #667, #4834, #3866, #6888 ) ) ;
#286 = PRESENTATION_LAYER_ASSIGNMENT (  '', '', ( #4049 ) ) ;
#287 = DIRECTION ( 'NONE',  ( 0.000000000000000000, 0.000000000000000000, -1.000000000000000000 ) ) ;
#288 = VECTOR ( 'NONE', #7459, 1000.000000000000000 ) ;
#289 = FILL_AREA_STYLE ('',( #2820 ) ) ;
#290 = CARTESIAN_POINT ( 'NONE',  ( 0.000000000000000000, -0.3850000000000002309, -0.1999999999999997891 ) ) ;
#291 = APPLICATION_CONTEXT ( 'automotive_design' ) ;
#292 = CIRCLE ( 'NONE', #4060, 0.09999999999999999167 ) ;
#293 = CARTESIAN_POINT ( 'NONE',  ( 0.7254878048780486477, 0.01463414634146333569, -0.6989999999999999547 ) ) ;
#294 = VECTOR ( 'NONE', #1051, 1000.000000000000000 ) ;
#295 =( LENGTH_UNIT ( ) NAMED_UNIT ( * ) SI_UNIT ( .MILLI., .METRE. ) );
#296 = PRESENTATION_STYLE_ASSIGNMENT (( #10036 ) ) ;
#297 =( NAMED_UNIT ( * ) SI_UNIT ( $, .STERADIAN. ) SOLID_ANGLE_UNIT ( ) );
#298 = EDGE_CURVE ( 'NONE', #1708, #5937, #5499, .T. ) ;
#299 = AXIS2_PLACEMENT_3D ( 'NONE', #890, #4476, #4417 ) ;
#300 =( NAMED_UNIT ( * ) SI_UNIT ( $, .STERADIAN. ) SOLID_ANGLE_UNIT ( ) );
#301 = ORIENTED_EDGE ( 'NONE', *, *, #6458, .F. ) ;
#302 = ORIENTED_EDGE ( 'NONE', *, *, #4253, .T. ) ;
#303 = ADVANCED_FACE ( 'NONE', ( #3877 ), #8276, .T. ) ;
#304 =( GEOMETRIC_REPRESENTATION_CONTEXT ( 3 ) GLOBAL_UNCERTAINTY_ASSIGNED_CONTEXT ( ( #5903 ) ) GLOBAL_UNIT_ASSIGNED_CONTEXT ( ( #7423, #10161, #1974 ) ) REPRESENTATION_CONTEXT ( 'NONE', 'WORKASPACE' ) );
#305 = FILL_AREA_STYLE ('',( #11425 ) ) ;
#306 = CARTESIAN_POINT ( 'NONE',  ( 0.7638678876234555881, 0.06194335204848247511, -0.6999999999999998446 ) ) ;
#307 = AXIS2_PLACEMENT_3D ( 'NONE', #2866, #6448, #1997 ) ;
#308 = SURFACE_SIDE_STYLE ('',( #185 ) ) ;
#309 = FILL_AREA_STYLE ('',( #2891 ) ) ;
#310 = LINE ( 'NONE', #5781, #4937 ) ;
#311 = PRESENTATION_STYLE_ASSIGNMENT (( #10157 ) ) ;
#312 = ORIENTED_EDGE ( 'NONE', *, *, #2673, .T. ) ;
#313 = DIRECTION ( 'NONE',  ( 0.000000000000000000, -1.000000000000000000, 2.397541290737904109E-15 ) ) ;
#314 = DIRECTION ( 'NONE',  ( 1.000000000000000000, -3.614007241618349264E-16, 0.000000000000000000 ) ) ;
#315 = AXIS2_PLACEMENT_3D ( 'NONE', #1341, #455, #4940 ) ;
#316 = SURFACE_STYLE_FILL_AREA ( #9092 ) ;
#317 = CARTESIAN_POINT ( 'NONE',  ( 0.7471668386321200783, -0.05542832968376411318, -0.6989999999999998437 ) ) ;
#318 = VERTEX_POINT ( 'NONE', #6638 ) ;
#319 = LINE ( 'NONE', #10339, #995 ) ;
#320 = SURFACE_SIDE_STYLE ('',( #10284 ) ) ;
#321 = FILL_AREA_STYLE ('',( #4687 ) ) ;
#322 = LINE ( 'NONE', #9099, #8180 ) ;
#323 = PRESENTATION_LAYER_ASSIGNMENT (  '', '', ( #3891 ) ) ;
#324 = ADVANCED_FACE ( 'NONE', ( #3709 ), #7298, .T. ) ;
#325 = ORIENTED_EDGE ( 'NONE', *, *, #9477, .F. ) ;
#326 = CARTESIAN_POINT ( 'NONE',  ( -0.02291287847477917888, -0.2800000000000000266, -0.3999999999999999112 ) ) ;
#327 = SURFACE_STYLE_USAGE ( .BOTH. , #603 ) ;
#328 = LINE ( 'NONE', #6624, #4167 ) ;
#329 = FACE_OUTER_BOUND ( 'NONE', #8985, .T. ) ;
#330 = CARTESIAN_POINT ( 'NONE',  ( 0.8019999999999994911, -0.1800000000000000211, -0.1999999999999998723 ) ) ;
#331 =( NAMED_UNIT ( * ) SI_UNIT ( $, .STERADIAN. ) SOLID_ANGLE_UNIT ( ) );
#332 = MECHANICAL_DESIGN_GEOMETRIC_PRESENTATION_REPRESENTATION (  '', ( #2608 ), #3141 ) ;
#333 = VERTEX_POINT ( 'NONE', #10430 ) ;
#334 = EDGE_CURVE ( 'NONE', #45, #8573, #2296, .T. ) ;
#335 = PLANE ( 'NONE',  #4739 ) ;
#336 = ORIENTED_EDGE ( 'NONE', *, *, #7774, .T. ) ;
#337 = PRESENTATION_LAYER_ASSIGNMENT (  '', '', ( #5439 ) ) ;
#338 = DIRECTION ( 'NONE',  ( -1.000000000000000000, 0.000000000000000000, 0.000000000000000000 ) ) ;
#339 = CARTESIAN_POINT ( 'NONE',  ( -0.8000000000000003775, 0.4000000000000000777, -0.6700000000000000400 ) ) ;
#340 = CARTESIAN_POINT ( 'NONE',  ( 0.7260975609756096238, -0.08118330792682940111, -0.6989999999999999547 ) ) ;
#341 = ADVANCED_FACE ( 'NONE', ( #3104 ), #6810, .T. ) ;
#342 = SURFACE_SIDE_STYLE ('',( #4948 ) ) ;
#343 = AXIS2_PLACEMENT_3D ( 'NONE', #9587, #8744, #6222 ) ;
#344 = PLANE ( 'NONE',  #107 ) ;
#345 = DIRECTION ( 'NONE',  ( 0.000000000000000000, -1.000000000000000000, 0.000000000000000000 ) ) ;
#346 = CARTESIAN_POINT ( 'NONE',  ( 0.7651053963153177095, 0.04457335509202411949, -0.6999999999999997335 ) ) ;
#347 = PLANE ( 'NONE',  #2521 ) ;
#348 = FILL_AREA_STYLE ('',( #5719 ) ) ;
#349 = CARTESIAN_POINT ( 'NONE',  ( 0.7254878048780486477, -0.004268292682926912857, -0.6989999999999999547 ) ) ;
#350 = ORIENTED_EDGE ( 'NONE', *, *, #7780, .T. ) ;
#351 = VERTEX_POINT ( 'NONE', #8510 ) ;
#352 = EDGE_CURVE ( 'NONE', #8241, #235, #9427, .T. ) ;
#353 = UNCERTAINTY_MEASURE_WITH_UNIT (LENGTH_MEASURE( 1.000000000000000082E-05 ), #525, 'distance_accuracy_value', 'NONE');
#354 = COLOUR_RGB ( '',0.7529411764705882248, 0.7529411764705882248, 0.7529411764705882248 ) ;
#355 = CIRCLE ( 'NONE', #7128, 0.09999999999999999167 ) ;
#356 = SURFACE_STYLE_FILL_AREA ( #305 ) ;
#357 = VECTOR ( 'NONE', #9152, 1000.000000000000000 ) ;
#358 = CARTESIAN_POINT ( 'NONE',  ( 0.7638678876234555881, 0.06194335204848247511, -0.6989999999999998437 ) ) ;
#359 = EDGE_CURVE ( 'NONE', #3403, #2164, #10385, .T. ) ;
#360 = CARTESIAN_POINT ( 'NONE',  ( 0.7645121951219512324, 0.09146341463414631168, -0.6999999999999999556 ) ) ;
#361 = DIRECTION ( 'NONE',  ( -1.000000000000000000, -0.000000000000000000, -0.000000000000000000 ) ) ;
#362 = CARTESIAN_POINT ( 'NONE',  ( 0.5300000000000002487, 0.3699999999999999956, -0.6999999999999999556 ) ) ;
#363 =( GEOMETRIC_REPRESENTATION_CONTEXT ( 3 ) GLOBAL_UNCERTAINTY_ASSIGNED_CONTEXT ( ( #1303 ) ) GLOBAL_UNIT_ASSIGNED_CONTEXT ( ( #9480, #11218, #11095 ) ) REPRESENTATION_CONTEXT ( 'NONE', 'WORKASPACE' ) );
#364 = STYLED_ITEM ( 'NONE', ( #9253 ), #5682 ) ;
#365 =( LENGTH_UNIT ( ) NAMED_UNIT ( * ) SI_UNIT ( .MILLI., .METRE. ) );
#366 = DIRECTION ( 'NONE',  ( 0.000000000000000000, -2.464095846557964300E-15, -1.000000000000000000 ) ) ;
#367 = EDGE_CURVE ( 'NONE', #8176, #95, #9532, .T. ) ;
#368 = CARTESIAN_POINT ( 'NONE',  ( 0.7281628382558920087, -0.08172553295144954766, -0.7000000000000000666 ) ) ;
#369 = AXIS2_PLACEMENT_3D ( 'NONE', #10095, #2720, #1031 ) ;
#370 = ORIENTED_EDGE ( 'NONE', *, *, #8528, .F. ) ;
#371 = SURFACE_STYLE_USAGE ( .BOTH. , #11283 ) ;
#372 = AXIS2_PLACEMENT_3D ( 'NONE', #6935, #225, #3810 ) ;
#373 = PRESENTATION_STYLE_ASSIGNMENT (( #9438 ) ) ;
#374 = FILL_AREA_STYLE ('',( #83 ) ) ;
#375 = CARTESIAN_POINT ( 'NONE',  ( -0.02291287847477939399, 0.2800000000000000266, -0.1999999999999999001 ) ) ;
#376 = ORIENTED_EDGE ( 'NONE', *, *, #6822, .F. ) ;
#377 = SURFACE_STYLE_FILL_AREA ( #9503 ) ;
#378 =( NAMED_UNIT ( * ) SI_UNIT ( $, .STERADIAN. ) SOLID_ANGLE_UNIT ( ) );
#379 = FACE_OUTER_BOUND ( 'NONE', #5191, .T. ) ;
#380 = AXIS2_PLACEMENT_3D ( 'NONE', #6166, #8931, #9774 ) ;
#381 = VECTOR ( 'NONE', #3796, 1000.000000000000000 ) ;
#382 = LINE ( 'NONE', #10405, #3837 ) ;
#383 = DIRECTION ( 'NONE',  ( -1.000000000000000000, 1.355252715606881036E-16, 0.000000000000000000 ) ) ;
#384 = UNCERTAINTY_MEASURE_WITH_UNIT (LENGTH_MEASURE( 1.000000000000000082E-05 ), #9391, 'distance_accuracy_value', 'NONE');
#385 = ORIENTED_EDGE ( 'NONE', *, *, #3613, .T. ) ;
#386 = COLOUR_RGB ( '',0.000000000000000000, 0.000000000000000000, 0.000000000000000000 ) ;
#387 = DIRECTION ( 'NONE',  ( -0.9417224702971438433, -0.3363908276654480334, 0.000000000000000000 ) ) ;
#388 = CARTESIAN_POINT ( 'NONE',  ( 0.7699999999999999067, -0.01524390243902451134, -0.6999999999999999556 ) ) ;
#389 = DIRECTION ( 'NONE',  ( 0.000000000000000000, 0.000000000000000000, -1.000000000000000000 ) ) ;
#390 = AXIS2_PLACEMENT_3D ( 'NONE', #4455, #1918, #5519 ) ;
#391 = VERTEX_POINT ( 'NONE', #5122 ) ;
#392 =( NAMED_UNIT ( * ) SI_UNIT ( $, .STERADIAN. ) SOLID_ANGLE_UNIT ( ) );
#393 = DIRECTION ( 'NONE',  ( -0.000000000000000000, -0.000000000000000000, -1.000000000000000000 ) ) ;
#394 = AXIS2_PLACEMENT_3D ( 'NONE', #11087, #2824, #1891 ) ;
#395 = CARTESIAN_POINT ( 'NONE',  ( 0.7559756097560973442, -0.07123666158536599846, -0.6989999999999999547 ) ) ;
#396 = COLOUR_RGB ( '',0.9098039215686274384, 0.4431372549019607643, 0.03137254901960784270 ) ;
#397 =( LENGTH_UNIT ( ) NAMED_UNIT ( * ) SI_UNIT ( .MILLI., .METRE. ) );
#398 = ORIENTED_EDGE ( 'NONE', *, *, #7239, .T. ) ;
#399 = SURFACE_SIDE_STYLE ('',( #11080 ) ) ;
#400 = ORIENTED_EDGE ( 'NONE', *, *, #2632, .F. ) ;
#401 = VECTOR ( 'NONE', #7450, 1000.000000000000000 ) ;
#402 = CARTESIAN_POINT ( 'NONE',  ( 0.7293760032380109948, -0.08045954843172781201, -0.6999999999999999556 ) ) ;
#403 = CARTESIAN_POINT ( 'NONE',  ( 0.7213719512195120309, 0.03109756097560961718, -0.6999999999999999556 ) ) ;
#404 = ADVANCED_FACE ( 'NONE', ( #8682 ), #7587, .F. ) ;
#405 = DIRECTION ( 'NONE',  ( -1.000000000000000000, -0.000000000000000000, -0.000000000000000000 ) ) ;
#406 = SURFACE_STYLE_FILL_AREA ( #10552 ) ;
#407 = DIRECTION ( 'NONE',  ( 1.000000000000000000, 0.000000000000000000, 0.000000000000000000 ) ) ;
#408 = DIRECTION ( 'NONE',  ( -1.000000000000000000, -0.000000000000000000, -0.000000000000000000 ) ) ;
#409 = VECTOR ( 'NONE', #10614, 1000.000000000000000 ) ;
#410 = PRESENTATION_LAYER_ASSIGNMENT (  '', '', ( #6601 ) ) ;
#411 = SURFACE_STYLE_FILL_AREA ( #348 ) ;
#412 = ORIENTED_EDGE ( 'NONE', *, *, #7042, .T. ) ;
#413 = ORIENTED_EDGE ( 'NONE', *, *, #6947, .T. ) ;
#414 = EDGE_CURVE ( 'NONE', #9265, #2091, #213, .T. ) ;
#415 = DIRECTION ( 'NONE',  ( 0.000000000000000000, 0.000000000000000000, 1.000000000000000000 ) ) ;
#416 = DIRECTION ( 'NONE',  ( 0.000000000000000000, 0.000000000000000000, -1.000000000000000000 ) ) ;
#417 = VECTOR ( 'NONE', #1520, 1000.000000000000000 ) ;
#418 = STYLED_ITEM ( 'NONE', ( #10694 ), #258 ) ;
#419 =( GEOMETRIC_REPRESENTATION_CONTEXT ( 3 ) GLOBAL_UNCERTAINTY_ASSIGNED_CONTEXT ( ( #11046 ) ) GLOBAL_UNIT_ASSIGNED_CONTEXT ( ( #7910, #9991, #1090 ) ) REPRESENTATION_CONTEXT ( 'NONE', 'WORKASPACE' ) );
#420 = CARTESIAN_POINT ( 'NONE',  ( 0.2170871215251533592, -0.1800000000000000211, -0.09999999999999988065 ) ) ;
#421 = DIRECTION ( 'NONE',  ( -1.000000000000000000, -0.000000000000000000, -0.000000000000000000 ) ) ;
#422 = DIRECTION ( 'NONE',  ( -0.000000000000000000, -1.000000000000000000, -0.000000000000000000 ) ) ;
#423 = DIRECTION ( 'NONE',  ( 0.000000000000000000, 1.000000000000000000, -2.578241652818821251E-15 ) ) ;
#424 = ORIENTED_EDGE ( 'NONE', *, *, #10104, .F. ) ;
#425 = EDGE_CURVE ( 'NONE', #5093, #11092, #9241, .T. ) ;
#426 = MECHANICAL_DESIGN_GEOMETRIC_PRESENTATION_REPRESENTATION (  '', ( #1537 ), #9081 ) ;
#427 = PRESENTATION_STYLE_ASSIGNMENT (( #542 ) ) ;
#428 = UNCERTAINTY_MEASURE_WITH_UNIT (LENGTH_MEASURE( 1.000000000000000082E-05 ), #4187, 'distance_accuracy_value', 'NONE');
#429 =( NAMED_UNIT ( * ) SI_UNIT ( $, .STERADIAN. ) SOLID_ANGLE_UNIT ( ) );
#430 = EDGE_CURVE ( 'NONE', #3869, #873, #3791, .T. ) ;
#431 =( NAMED_UNIT ( * ) PLANE_ANGLE_UNIT ( ) SI_UNIT ( $, .RADIAN. ) );
#432 = CARTESIAN_POINT ( 'NONE',  ( 0.7706097560975608829, 0.04485518292682912772, -0.6999999999999999556 ) ) ;
#433 = ORIENTED_EDGE ( 'NONE', *, *, #8778, .F. ) ;
#434 = CIRCLE ( 'NONE', #6628, 0.05500000000000003497 ) ;
#435 = DIRECTION ( 'NONE',  ( -1.355252715606880543E-16, -1.000000000000000000, 0.000000000000000000 ) ) ;
#436 = LINE ( 'NONE', #7554, #6091 ) ;
#437 = CIRCLE ( 'NONE', #10618, 0.05499999999999997946 ) ;
#438 = CARTESIAN_POINT ( 'NONE',  ( 0.7559756097560973442, -0.07123666158536599846, -0.6989999999999999547 ) ) ;
#439 = LINE ( 'NONE', #11240, #11644 ) ;
#440 = FILL_AREA_STYLE ('',( #5917 ) ) ;
#441 = ORIENTED_EDGE ( 'NONE', *, *, #210, .T. ) ;
#442 = DIRECTION ( 'NONE',  ( 0.000000000000000000, 1.000000000000000000, 0.000000000000000000 ) ) ;
#443 = VECTOR ( 'NONE', #5306, 1000.000000000000000 ) ;
#444 = CARTESIAN_POINT ( 'NONE',  ( -0.1199999999999999956, 0.1799999999999998823, -0.5499999999999999334 ) ) ;
#445 = ADVANCED_FACE ( 'NONE', ( #9903 ), #10790, .T. ) ;
#446 = PRESENTATION_LAYER_ASSIGNMENT (  '', '', ( #8906 ) ) ;
#447 = DIRECTION ( 'NONE',  ( 0.000000000000000000, 0.000000000000000000, -1.000000000000000000 ) ) ;
#448 = ORIENTED_EDGE ( 'NONE', *, *, #197, .T. ) ;
#449 =( NAMED_UNIT ( * ) PLANE_ANGLE_UNIT ( ) SI_UNIT ( $, .RADIAN. ) );
#450 = PRESENTATION_LAYER_ASSIGNMENT (  '', '', ( #6459 ) ) ;
#451 = SURFACE_STYLE_FILL_AREA ( #5109 ) ;
#452 =( LENGTH_UNIT ( ) NAMED_UNIT ( * ) SI_UNIT ( .MILLI., .METRE. ) );
#453 =( GEOMETRIC_REPRESENTATION_CONTEXT ( 3 ) GLOBAL_UNCERTAINTY_ASSIGNED_CONTEXT ( ( #428 ) ) GLOBAL_UNIT_ASSIGNED_CONTEXT ( ( #4187, #3215, #7765 ) ) REPRESENTATION_CONTEXT ( 'NONE', 'WORKASPACE' ) );
#454 = CIRCLE ( 'NONE', #7980, 0.05500000000000003497 ) ;
#455 = DIRECTION ( 'NONE',  ( 0.000000000000000000, -2.216840928656986572E-15, -1.000000000000000000 ) ) ;
#456 = ORIENTED_EDGE ( 'NONE', *, *, #6547, .T. ) ;
#457 = SURFACE_STYLE_FILL_AREA ( #10248 ) ;
#458 = ORIENTED_EDGE ( 'NONE', *, *, #2225, .T. ) ;
#459 = COLOUR_RGB ( '',0.7529411764705882248, 0.7529411764705882248, 0.7529411764705882248 ) ;
#460 = AXIS2_PLACEMENT_3D ( 'NONE', #8003, #2646, #764 ) ;
#461 = VECTOR ( 'NONE', #10576, 1000.000000000000000 ) ;
#462 =( NAMED_UNIT ( * ) PLANE_ANGLE_UNIT ( ) SI_UNIT ( $, .RADIAN. ) );
#463 = DIRECTION ( 'NONE',  ( -1.000000000000000000, -0.000000000000000000, -0.000000000000000000 ) ) ;
#464 = DIRECTION ( 'NONE',  ( 0.000000000000000000, -2.216840928656986572E-15, -1.000000000000000000 ) ) ;
#465 = DIRECTION ( 'NONE',  ( 0.000000000000000000, 2.464095846557963117E-15, 1.000000000000000000 ) ) ;
#466 = SURFACE_STYLE_USAGE ( .BOTH. , #6577 ) ;
#467 = VECTOR ( 'NONE', #6262, 1000.000000000000000 ) ;
#468 = STYLED_ITEM ( 'NONE', ( #5227 ), #11428 ) ;
#469 = FACE_OUTER_BOUND ( 'NONE', #9463, .T. ) ;
#470 = DIRECTION ( 'NONE',  ( 0.000000000000000000, 0.000000000000000000, 1.000000000000000000 ) ) ;
#471 = ORIENTED_EDGE ( 'NONE', *, *, #1018, .F. ) ;
#472 = EDGE_LOOP ( 'NONE', ( #2101, #10748, #1728, #1272 ) ) ;
#473 = PRESENTATION_LAYER_ASSIGNMENT (  '', '', ( #11216 ) ) ;
#474 = UNCERTAINTY_MEASURE_WITH_UNIT (LENGTH_MEASURE( 1.000000000000000082E-05 ), #9029, 'distance_accuracy_value', 'NONE');
#475 = MECHANICAL_DESIGN_GEOMETRIC_PRESENTATION_REPRESENTATION (  '', ( #10071 ), #1052 ) ;
#476 = ORIENTED_EDGE ( 'NONE', *, *, #1632, .T. ) ;
#477 = EDGE_CURVE ( 'NONE', #9688, #2659, #2536, .T. ) ;
#478 = SURFACE_STYLE_FILL_AREA ( #1364 ) ;
#479 = AXIS2_PLACEMENT_3D ( 'NONE', #781, #5442, #10925 ) ;
#480 = SURFACE_STYLE_FILL_AREA ( #309 ) ;
#481 = AXIS2_PLACEMENT_3D ( 'NONE', #10503, #3227, #4966 ) ;
#482 = FACE_OUTER_BOUND ( 'NONE', #10448, .T. ) ;
#483 = DIRECTION ( 'NONE',  ( 1.000000000000000000, 0.000000000000000000, 0.000000000000000000 ) ) ;
#484 = VERTEX_POINT ( 'NONE', #8937 ) ;
#485 = UNCERTAINTY_MEASURE_WITH_UNIT (LENGTH_MEASURE( 1.000000000000000082E-05 ), #6961, 'distance_accuracy_value', 'NONE');
#486 = CARTESIAN_POINT ( 'NONE',  ( 0.7304467449252083355, 0.05638306837902337665, -0.7000000000000001776 ) ) ;
#487 = CIRCLE ( 'NONE', #10467, 0.1000000000000000056 ) ;
#488 = CARTESIAN_POINT ( 'NONE',  ( 0.7199999999999998623, -0.01524390243902449919, -0.6999999999999999556 ) ) ;
#489 = FACE_OUTER_BOUND ( 'NONE', #1829, .T. ) ;
#490 = EDGE_LOOP ( 'NONE', ( #9088, #11202, #5404, #4801 ) ) ;
#491 = EDGE_CURVE ( 'NONE', #4574, #11136, #7745, .T. ) ;
#492 = DIRECTION ( 'NONE',  ( -1.000000000000000000, 0.000000000000000000, 0.000000000000000000 ) ) ;
#493 = DIRECTION ( 'NONE',  ( 0.000000000000000000, 1.000000000000000000, -5.646886315028668105E-17 ) ) ;
#494 = PRESENTATION_STYLE_ASSIGNMENT (( #1266 ) ) ;
#495 = PRESENTATION_STYLE_ASSIGNMENT (( #2095 ) ) ;
#496 = CARTESIAN_POINT ( 'NONE',  ( -0.3599999999999999867, 0.3300000000000000155, -0.1999999999999999001 ) ) ;
#497 =( NAMED_UNIT ( * ) SI_UNIT ( $, .STERADIAN. ) SOLID_ANGLE_UNIT ( ) );
#498 = UNCERTAINTY_MEASURE_WITH_UNIT (LENGTH_MEASURE( 1.000000000000000082E-05 ), #10123, 'distance_accuracy_value', 'NONE');
#499 = EDGE_LOOP ( 'NONE', ( #10619, #3219, #7314, #5067 ) ) ;
#500 = VECTOR ( 'NONE', #4258, 1000.000000000000000 ) ;
#501 = FILL_AREA_STYLE_COLOUR ( '', #5835 ) ;
#502 = DIRECTION ( 'NONE',  ( 0.000000000000000000, 2.464095846557963117E-15, 1.000000000000000000 ) ) ;
#503 = FILL_AREA_STYLE_COLOUR ( '', #3525 ) ;
#504 = CARTESIAN_POINT ( 'NONE',  ( 0.7225389263043131560, -0.04193364994488177344, -0.6989999999999997327 ) ) ;
#505 = B_SPLINE_CURVE_WITH_KNOTS ( 'NONE', 3,
 ( #10152, #3947, #7530, #3889, #6650, #9189, #9367, #10099, #11161, #7471, #2022, #7359, #10269, #11049, #2942, #6586, #1188, #2136, #5725 ),
 .UNSPECIFIED., .F., .F.,
 ( 4, 1, 1, 1, 1, 1, 1, 1, 1, 1, 1, 1, 1, 1, 1, 1, 4 ),
 ( 0.000000000000000000, 0.06784007953421120063, 0.1326688954490677919, 0.1950705264521366555, 0.2556086712886452839, 0.3148315357450776064, 0.3734254151318251447, 0.4325732796242875433, 0.4922844451246902731, 0.5525311382752621236, 0.6123789528069559784, 0.6724822110039964107, 0.7338115657770705180, 0.7965737547970173082, 0.8614358467332322578, 0.9291918124022553460, 1.000000000000000000 ),
 .UNSPECIFIED. ) ;
#506 = ORIENTED_EDGE ( 'NONE', *, *, #9477, .T. ) ;
#507 = EDGE_CURVE ( 'NONE', #11629, #1736, #8058, .T. ) ;
#508 =( GEOMETRIC_REPRESENTATION_CONTEXT ( 3 ) GLOBAL_UNCERTAINTY_ASSIGNED_CONTEXT ( ( #5206 ) ) GLOBAL_UNIT_ASSIGNED_CONTEXT ( ( #5933, #4171, #11368 ) ) REPRESENTATION_CONTEXT ( 'NONE', 'WORKASPACE' ) );
#509 = DIRECTION ( 'NONE',  ( 0.000000000000000000, 2.464095846557963117E-15, 1.000000000000000000 ) ) ;
#510 = TOROIDAL_SURFACE ( 'NONE', #7091, 0.1500000000000000777, 0.05500000000000000028 ) ;
#511 =( LENGTH_UNIT ( ) NAMED_UNIT ( * ) SI_UNIT ( .MILLI., .METRE. ) );
#512 =( NAMED_UNIT ( * ) PLANE_ANGLE_UNIT ( ) SI_UNIT ( $, .RADIAN. ) );
#513 = ADVANCED_FACE ( 'NONE', ( #827 ), #8810, .T. ) ;
#514 = CARTESIAN_POINT ( 'NONE',  ( 0.8019999999999994911, 0.1800000000000000766, -0.4999999999999998890 ) ) ;
#515 = ORIENTED_EDGE ( 'NONE', *, *, #3958, .T. ) ;
#516 = DIRECTION ( 'NONE',  ( 0.000000000000000000, 0.000000000000000000, 1.000000000000000000 ) ) ;
#517 = ORIENTED_EDGE ( 'NONE', *, *, #3115, .T. ) ;
#518 = FILL_AREA_STYLE ('',( #8380 ) ) ;
#519 = CARTESIAN_POINT ( 'NONE',  ( -0.2399999999999999911, -0.1800000000000000488, 0.005000000000000304548 ) ) ;
#520 = CARTESIAN_POINT ( 'NONE',  ( 0.7264539635790802086, -0.08112664459560360586, -0.6989999999999998437 ) ) ;
#521 = CARTESIAN_POINT ( 'NONE',  ( 0.7547097790745465051, -0.04677719511181372553, -0.6989999999999999547 ) ) ;
#522 = MECHANICAL_DESIGN_GEOMETRIC_PRESENTATION_REPRESENTATION (  '', ( #10133 ), #7104 ) ;
#523 = DIRECTION ( 'NONE',  ( -1.000000000000000000, -0.000000000000000000, -0.000000000000000000 ) ) ;
#524 =( NAMED_UNIT ( * ) SI_UNIT ( $, .STERADIAN. ) SOLID_ANGLE_UNIT ( ) );
#525 =( LENGTH_UNIT ( ) NAMED_UNIT ( * ) SI_UNIT ( .MILLI., .METRE. ) );
#526 =( GEOMETRIC_REPRESENTATION_CONTEXT ( 3 ) GLOBAL_UNCERTAINTY_ASSIGNED_CONTEXT ( ( #1963 ) ) GLOBAL_UNIT_ASSIGNED_CONTEXT ( ( #5642, #4870, #8431 ) ) REPRESENTATION_CONTEXT ( 'NONE', 'WORKASPACE' ) );
#527 = ORIENTED_EDGE ( 'NONE', *, *, #7501, .F. ) ;
#528 = VERTEX_POINT ( 'NONE', #8420 ) ;
#529 = ORIENTED_EDGE ( 'NONE', *, *, #8186, .F. ) ;
#530 = PRESENTATION_STYLE_ASSIGNMENT (( #5559 ) ) ;
#531 = MECHANICAL_DESIGN_GEOMETRIC_PRESENTATION_REPRESENTATION (  '', ( #11275 ), #10138 ) ;
#532 = CARTESIAN_POINT ( 'NONE',  ( 0.7705904026310761434, 0.04572313887565492702, -0.6989999999999999547 ) ) ;
#533 = STYLED_ITEM ( 'NONE', ( #4757 ), #2292 ) ;
#534 = CARTESIAN_POINT ( 'NONE',  ( 0.7699999999999997957, -0.1042682926829269635, -0.6999999999999999556 ) ) ;
#535 = DIRECTION ( 'NONE',  ( -1.000000000000000000, -0.000000000000000000, -0.000000000000000000 ) ) ;
#536 = CARTESIAN_POINT ( 'NONE',  ( 0.2399999999999999911, 0.1799999999999999378, -0.04999999999999975298 ) ) ;
#537 = ADVANCED_FACE ( 'NONE', ( #7436 ), #8481, .T. ) ;
#538 =( LENGTH_UNIT ( ) NAMED_UNIT ( * ) SI_UNIT ( .MILLI., .METRE. ) );
#539 = PRESENTATION_STYLE_ASSIGNMENT (( #8635 ) ) ;
#540 = ORIENTED_EDGE ( 'NONE', *, *, #6604, .F. ) ;
#541 = MECHANICAL_DESIGN_GEOMETRIC_PRESENTATION_REPRESENTATION (  '', ( #7681 ), #8996 ) ;
#542 = SURFACE_STYLE_USAGE ( .BOTH. , #4204 ) ;
#543 = LINE ( 'NONE', #2204, #1277 ) ;
#544 = CARTESIAN_POINT ( 'NONE',  ( 0.8000000000000003775, 0.3999999999999998557, -2.154400374531753037 ) ) ;
#545 =( GEOMETRIC_REPRESENTATION_CONTEXT ( 3 ) GLOBAL_UNCERTAINTY_ASSIGNED_CONTEXT ( ( #10264 ) ) GLOBAL_UNIT_ASSIGNED_CONTEXT ( ( #8079, #7015, #1605 ) ) REPRESENTATION_CONTEXT ( 'NONE', 'WORKASPACE' ) );
#546 = EDGE_LOOP ( 'NONE', ( #7614, #3691, #9808, #8855, #6325, #10422 ) ) ;
#547 = VECTOR ( 'NONE', #5265, 1000.000000000000000 ) ;
#548 = DIRECTION ( 'NONE',  ( 0.000000000000000000, 0.000000000000000000, -1.000000000000000000 ) ) ;
#549 = ADVANCED_FACE ( 'NONE', ( #3969 ), #2907, .T. ) ;
#550 = CARTESIAN_POINT ( 'NONE',  ( 0.09708712152522080974, 0.1800000000000000766, -0.4999999999999998890 ) ) ;
#551 =( LENGTH_UNIT ( ) NAMED_UNIT ( * ) SI_UNIT ( .MILLI., .METRE. ) );
#552 = DIRECTION ( 'NONE',  ( -1.000000000000000000, 0.000000000000000000, 0.000000000000000000 ) ) ;
#553 = CARTESIAN_POINT ( 'NONE',  ( -0.2629128784747788994, -0.1800000000000001321, -0.09999999999999988065 ) ) ;
#554 = DIRECTION ( 'NONE',  ( 0.000000000000000000, -2.216840928656986572E-15, -1.000000000000000000 ) ) ;
#555 = AXIS2_PLACEMENT_3D ( 'NONE', #2990, #10206, #2132 ) ;
#556 = EDGE_CURVE ( 'NONE', #2594, #5707, #11150, .T. ) ;
#557 = ORIENTED_EDGE ( 'NONE', *, *, #1869, .T. ) ;
#558 = CARTESIAN_POINT ( 'NONE',  ( 0.7453156052972959023, -0.05546771318230794834, -0.6999999999999999556 ) ) ;
#559 = LINE ( 'NONE', #3133, #6539 ) ;
#560 = LINE ( 'NONE', #4933, #5778 ) ;
#561 = LINE ( 'NONE', #11362, #635 ) ;
#562 = ORIENTED_EDGE ( 'NONE', *, *, #11167, .F. ) ;
#563 = VECTOR ( 'NONE', #8157, 1000.000000000000000 ) ;
#564 = CARTESIAN_POINT ( 'NONE',  ( -0.2399999999999999911, 0.1799999999999999101, -0.3999999999999999112 ) ) ;
#565 = EDGE_CURVE ( 'NONE', #904, #5130, #1327, .T. ) ;
#566 =( NAMED_UNIT ( * ) SI_UNIT ( $, .STERADIAN. ) SOLID_ANGLE_UNIT ( ) );
#567 = DIRECTION ( 'NONE',  ( -1.000000000000000000, -0.000000000000000000, -0.000000000000000000 ) ) ;
#568 = COLOUR_RGB ( '',1.000000000000000000, 1.000000000000000000, 1.000000000000000000 ) ;
#569 = ORIENTED_EDGE ( 'NONE', *, *, #1568, .T. ) ;
#570 = SURFACE_STYLE_FILL_AREA ( #5935 ) ;
#571 = ADVANCED_FACE ( 'NONE', ( #4805 ), #9210, .T. ) ;
#572 = ORIENTED_EDGE ( 'NONE', *, *, #9213, .F. ) ;
#573 = STYLED_ITEM ( 'NONE', ( #5979 ), #8202 ) ;
#574 = CARTESIAN_POINT ( 'NONE',  ( 0.7524306449157140975, -0.05449248086361530019, -0.6989999999999997327 ) ) ;
#575 = UNCERTAINTY_MEASURE_WITH_UNIT (LENGTH_MEASURE( 1.000000000000000082E-05 ), #3494, 'distance_accuracy_value', 'NONE');
#576 = CARTESIAN_POINT ( 'NONE',  ( 0.3370871215252214115, -0.2800000000000000266, -0.1999999999999999001 ) ) ;
#577 = EDGE_CURVE ( 'NONE', #6537, #9688, #10027, .T. ) ;
#578 = SURFACE_STYLE_USAGE ( .BOTH. , #5879 ) ;
#579 = MECHANICAL_DESIGN_GEOMETRIC_PRESENTATION_REPRESENTATION (  '', ( #4158 ), #3184 ) ;
#580 = CARTESIAN_POINT ( 'NONE',  ( 0.8019999999999994911, -0.1800000000000000211, -0.4999999999999998890 ) ) ;
#581 = PRESENTATION_STYLE_ASSIGNMENT (( #7822 ) ) ;
#582 = CARTESIAN_POINT ( 'NONE',  ( 0.000000000000000000, -0.1800000000000001876, -0.04999999999999969746 ) ) ;
#583 =( LENGTH_UNIT ( ) NAMED_UNIT ( * ) SI_UNIT ( .MILLI., .METRE. ) );
#584 = CARTESIAN_POINT ( 'NONE',  ( 0.7254878048780486477, 0.01463414634146333569, -0.6999999999999999556 ) ) ;
#585 = ORIENTED_EDGE ( 'NONE', *, *, #8047, .F. ) ;
#586 = ORIENTED_EDGE ( 'NONE', *, *, #2000, .T. ) ;
#587 = ORIENTED_EDGE ( 'NONE', *, *, #10226, .T. ) ;
#588 = MECHANICAL_DESIGN_GEOMETRIC_PRESENTATION_REPRESENTATION (  '', ( #8450 ), #3972 ) ;
#589 = CARTESIAN_POINT ( 'NONE',  ( 0.1199999999999999956, -0.1800000000000001876, -0.3999999999999999112 ) ) ;
#590 = FACE_OUTER_BOUND ( 'NONE', #9128, .T. ) ;
#591 = FACE_OUTER_BOUND ( 'NONE', #10073, .T. ) ;
#592 = DIRECTION ( 'NONE',  ( -0.000000000000000000, 2.710505431213761085E-16, -1.000000000000000000 ) ) ;
#593 = TOROIDAL_SURFACE ( 'NONE', #9242, 0.1500000000000000222, 0.05500000000000000028 ) ;
#594 = CIRCLE ( 'NONE', #11336, 0.09999999999999999167 ) ;
#595 = SURFACE_SIDE_STYLE ('',( #7719 ) ) ;
#596 = PRESENTATION_STYLE_ASSIGNMENT (( #8530 ) ) ;
#597 = ORIENTED_EDGE ( 'NONE', *, *, #10745, .F. ) ;
#598 = CARTESIAN_POINT ( 'NONE',  ( 0.7455335365853656970, 0.06158536585365840393, -0.6989999999999999547 ) ) ;
#599 = AXIS2_PLACEMENT_3D ( 'NONE', #5513, #10049, #8083 ) ;
#600 = AXIS2_PLACEMENT_3D ( 'NONE', #4982, #5969, #3070 ) ;
#601 = CARTESIAN_POINT ( 'NONE',  ( -0.09708712152522058769, 0.2800000000000000266, -0.1999999999999998723 ) ) ;
#602 =( NAMED_UNIT ( * ) SI_UNIT ( $, .STERADIAN. ) SOLID_ANGLE_UNIT ( ) );
#604 = ORIENTED_EDGE ( 'NONE', *, *, #7833, .F. ) ;
#603 = SURFACE_SIDE_STYLE ('',( #2964 ) ) ;
#605 = PRESENTATION_STYLE_ASSIGNMENT (( #5084 ) ) ;
#606 = CYLINDRICAL_SURFACE ( 'NONE', #234, 0.05500000000000000028 ) ;
#607 = SURFACE_SIDE_STYLE ('',( #3362 ) ) ;
#608 =( GEOMETRIC_REPRESENTATION_CONTEXT ( 3 ) GLOBAL_UNCERTAINTY_ASSIGNED_CONTEXT ( ( #1601 ) ) GLOBAL_UNIT_ASSIGNED_CONTEXT ( ( #8968, #862, #10938 ) ) REPRESENTATION_CONTEXT ( 'NONE', 'WORKASPACE' ) );
#609 =( LENGTH_UNIT ( ) NAMED_UNIT ( * ) SI_UNIT ( .MILLI., .METRE. ) );
#610 = CARTESIAN_POINT ( 'NONE',  ( 0.7193902439024388862, 0.04286394817073157365, -0.6989999999999999547 ) ) ;
#611 = ORIENTED_EDGE ( 'NONE', *, *, #2094, .F. ) ;
#612 = STYLED_ITEM ( 'NONE', ( #10037 ), #1695 ) ;
#613 = VERTEX_POINT ( 'NONE', #4215 ) ;
#614 = EDGE_LOOP ( 'NONE', ( #6578, #1656, #1287, #3492 ) ) ;
#615 = EDGE_CURVE ( 'NONE', #5129, #4148, #6417, .T. ) ;
#616 = CARTESIAN_POINT ( 'NONE',  ( 0.7305992759659483138, 0.06429486745722559626, -0.6989999999999998437 ) ) ;
#617 = DIRECTION ( 'NONE',  ( 1.355252715606880296E-16, -1.000000000000000000, 0.000000000000000000 ) ) ;
#618 = CIRCLE ( 'NONE', #7576, 0.09999999999999999167 ) ;
#619 = VERTEX_POINT ( 'NONE', #8594 ) ;
#620 = SURFACE_STYLE_USAGE ( .BOTH. , #1680 ) ;
#621 = CARTESIAN_POINT ( 'NONE',  ( 0.8019999999999994911, 0.1800000000000000766, -0.4999999999999998890 ) ) ;
#622 = PLANE ( 'NONE',  #3639 ) ;
#623 = DIRECTION ( 'NONE',  ( -1.000000000000000000, -0.000000000000000000, -0.000000000000000000 ) ) ;
#624 = CARTESIAN_POINT ( 'NONE',  ( 0.7699999999999997957, -0.06646341463414648376, -0.6989999999999999547 ) ) ;
#625 = ORIENTED_EDGE ( 'NONE', *, *, #2373, .F. ) ;
#626 = AXIS2_PLACEMENT_3D ( 'NONE', #11493, #10489, #3399 ) ;
#627 = SURFACE_STYLE_USAGE ( .BOTH. , #6162 ) ;
#628 = AXIS2_PLACEMENT_3D ( 'NONE', #7868, #5288, #747 ) ;
#629 = ORIENTED_EDGE ( 'NONE', *, *, #2632, .T. ) ;
#630 = CARTESIAN_POINT ( 'NONE',  ( 0.7699999999999997957, -0.05914634146341476995, -0.6989999999999999547 ) ) ;
#631 =( NAMED_UNIT ( * ) PLANE_ANGLE_UNIT ( ) SI_UNIT ( $, .RADIAN. ) );
#632 = DIRECTION ( 'NONE',  ( 0.000000000000000000, -1.000000000000000000, 2.956915015869558659E-15 ) ) ;
#633 = ADVANCED_FACE ( 'NONE', ( #2566, #6145 ), #6778, .F. ) ;
#634 = ADVANCED_FACE ( 'NONE', ( #5153 ), #8296, .T. ) ;
#635 = VECTOR ( 'NONE', #617, 1000.000000000000000 ) ;
#636 = CARTESIAN_POINT ( 'NONE',  ( 0.3599999999999999867, -0.1800000000000001321, 0.005000000000000249904 ) ) ;
#637 = SURFACE_STYLE_USAGE ( .BOTH. , #4951 ) ;
#638 = DIRECTION ( 'NONE',  ( 0.000000000000000000, -2.710505431213761085E-16, 1.000000000000000000 ) ) ;
#639 = CARTESIAN_POINT ( 'NONE',  ( 0.8019999999999994911, 0.1800000000000000766, -0.09999999999999988065 ) ) ;
#640 = CARTESIAN_POINT ( 'NONE',  ( 0.7193902439024388862, 0.04286394817073157365, -0.6999999999999999556 ) ) ;
#641 = PRESENTATION_STYLE_ASSIGNMENT (( #8627 ) ) ;
#642 = ORIENTED_EDGE ( 'NONE', *, *, #11371, .F. ) ;
#643 = ORIENTED_EDGE ( 'NONE', *, *, #6017, .T. ) ;
#644 = EDGE_LOOP ( 'NONE', ( #9639, #1819, #1859, #4273 ) ) ;
#645 = VECTOR ( 'NONE', #6956, 1000.000000000000000 ) ;
#646 = DIRECTION ( 'NONE',  ( 0.000000000000000000, 0.000000000000000000, 1.000000000000000000 ) ) ;
#647 = MECHANICAL_DESIGN_GEOMETRIC_PRESENTATION_REPRESENTATION (  '', ( #1220 ), #3657 ) ;
#648 = AXIS2_PLACEMENT_3D ( 'NONE', #5964, #7014, #9501 ) ;
#649 = DIRECTION ( 'NONE',  ( 0.000000000000000000, 0.000000000000000000, -1.000000000000000000 ) ) ;
#650 = LINE ( 'NONE', #1474, #2940 ) ;
#651 = LINE ( 'NONE', #3340, #10719 ) ;
#652 = MECHANICAL_DESIGN_GEOMETRIC_PRESENTATION_REPRESENTATION (  '', ( #1591 ), #7609 ) ;
#653 = TOROIDAL_SURFACE ( 'NONE', #9677, 0.1500000000000000777, 0.05500000000000000028 ) ;
#654 = PRESENTATION_LAYER_ASSIGNMENT (  '', '', ( #9488 ) ) ;
#655 = SURFACE_STYLE_FILL_AREA ( #5140 ) ;
#656 =( GEOMETRIC_REPRESENTATION_CONTEXT ( 3 ) GLOBAL_UNCERTAINTY_ASSIGNED_CONTEXT ( ( #1105 ) ) GLOBAL_UNIT_ASSIGNED_CONTEXT ( ( #9987, #6418, #7081 ) ) REPRESENTATION_CONTEXT ( 'NONE', 'WORKASPACE' ) );
#657 = LINE ( 'NONE', #7901, #284 ) ;
#658 = VERTEX_POINT ( 'NONE', #6898 ) ;
#659 = ADVANCED_FACE ( 'NONE', ( #5398 ), #1732, .T. ) ;
#660 = CARTESIAN_POINT ( 'NONE',  ( 0.2170871215252210829, -0.1800000000000001321, -0.09999999999999988065 ) ) ;
#661 = MECHANICAL_DESIGN_GEOMETRIC_PRESENTATION_REPRESENTATION (  '', ( #5572 ), #3675 ) ;
#662 = COLOUR_RGB ( '',0.7529411764705882248, 0.7529411764705882248, 0.7529411764705882248 ) ;
#663 = SURFACE_SIDE_STYLE ('',( #9614 ) ) ;
#664 = COLOUR_RGB ( '',0.9098039215686274384, 0.4431372549019607643, 0.03137254901960784270 ) ;
#665 = CARTESIAN_POINT ( 'NONE',  ( 0.7646965844493845976, 0.03868066585732940488, -0.7000000000000001776 ) ) ;
#667 = ORIENTED_EDGE ( 'NONE', *, *, #6097, .F. ) ;
#666 = SURFACE_SIDE_STYLE ('',( #6024 ) ) ;
#668 = FILL_AREA_STYLE_COLOUR ( '', #6615 ) ;
#669 = VECTOR ( 'NONE', #5986, 1000.000000000000000 ) ;
#670 = COLOUR_RGB ( '',0.9098039215686274384, 0.4431372549019607643, 0.03137254901960784270 ) ;
#671 = AXIS2_PLACEMENT_3D ( 'NONE', #7654, #3216, #11322 ) ;
#672 = DIRECTION ( 'NONE',  ( 0.000000000000000000, 1.000000000000000000, -1.971276677246372308E-15 ) ) ;
#673 = CARTESIAN_POINT ( 'NONE',  ( 0.7345013710645637017, -0.04672310973373296206, -0.7000000000000001776 ) ) ;
#674 = CARTESIAN_POINT ( 'NONE',  ( 0.7199999999999999734, 0.09817073170731704934, -0.6999999999999999556 ) ) ;
#675 = AXIS2_PLACEMENT_3D ( 'NONE', #10612, #10551, #8056 ) ;
#676 = ORIENTED_EDGE ( 'NONE', *, *, #11028, .F. ) ;
#677 = SURFACE_STYLE_FILL_AREA ( #3371 ) ;
#678 = DIRECTION ( 'NONE',  ( -1.000000000000000000, -0.000000000000000000, -0.000000000000000000 ) ) ;
#679 = COLOUR_RGB ( '',0.7921568627450980005, 0.8196078431372548767, 0.9333333333333333481 ) ;
#680 = LINE ( 'NONE', #11361, #1268 ) ;
#681 = B_SPLINE_CURVE_WITH_KNOTS ( 'NONE', 3,
 ( #10944, #7429, #2740, #6489, #1200, #11058, #10109, #4797, #1856, #1920, #4741 ),
 .UNSPECIFIED., .F., .F.,
 ( 4, 1, 1, 1, 1, 1, 1, 1, 4 ),
 ( 0.000000000000000000, 0.1451868664724695890, 0.2834426109197293875, 0.4165243659288279110, 0.5431811235350815226, 0.6651530826377132222, 0.7813602063127137454, 0.8927566556418080612, 1.000000000000000000 ),
 .UNSPECIFIED. ) ;
#682 = ORIENTED_EDGE ( 'NONE', *, *, #7541, .T. ) ;
#683 = CARTESIAN_POINT ( 'NONE',  ( 0.1199999999999999956, 0.1799999999999998823, -0.5499999999999999334 ) ) ;
#684 = DIRECTION ( 'NONE',  ( 0.000000000000000000, -1.000000000000000000, 2.956915015869558659E-15 ) ) ;
#685 = DIRECTION ( 'NONE',  ( -1.000000000000000000, -0.000000000000000000, -0.000000000000000000 ) ) ;
#686 = CARTESIAN_POINT ( 'NONE',  ( 0.8019999999999994911, -0.2800000000000000266, -0.1999999999999999001 ) ) ;
#687 = EDGE_CURVE ( 'NONE', #10529, #1072, #3617, .T. ) ;
#688 = VECTOR ( 'NONE', #7772, 1000.000000000000000 ) ;
#689 = ORIENTED_EDGE ( 'NONE', *, *, #367, .T. ) ;
#690 = ORIENTED_EDGE ( 'NONE', *, *, #10104, .T. ) ;
#691 = CARTESIAN_POINT ( 'NONE',  ( 0.5000000000000004441, -0.4000000000000001332, -0.5999999999999998668 ) ) ;
#692 = FACE_OUTER_BOUND ( 'NONE', #4601, .T. ) ;
#693 = UNCERTAINTY_MEASURE_WITH_UNIT (LENGTH_MEASURE( 1.000000000000000082E-05 ), #4185, 'distance_accuracy_value', 'NONE');
#694 =( GEOMETRIC_REPRESENTATION_CONTEXT ( 3 ) GLOBAL_UNCERTAINTY_ASSIGNED_CONTEXT ( ( #7076 ) ) GLOBAL_UNIT_ASSIGNED_CONTEXT ( ( #397, #5761, #331 ) ) REPRESENTATION_CONTEXT ( 'NONE', 'WORKASPACE' ) );
#695 = FILL_AREA_STYLE_COLOUR ( '', #3912 ) ;
#696 = STYLED_ITEM ( 'NONE', ( #7119 ), #3068 ) ;
#697 = PRESENTATION_STYLE_ASSIGNMENT (( #8745 ) ) ;
#698 = PRESENTATION_STYLE_ASSIGNMENT (( #5183 ) ) ;
#699 = SURFACE_STYLE_USAGE ( .BOTH. , #10616 ) ;
#700 = DIRECTION ( 'NONE',  ( -0.9406672605435406620, 0.3393303772748770819, 0.000000000000000000 ) ) ;
#701 = FACE_OUTER_BOUND ( 'NONE', #7674, .T. ) ;
#702 = ORIENTED_EDGE ( 'NONE', *, *, #10348, .F. ) ;
#703 = PRESENTATION_LAYER_ASSIGNMENT (  '', '', ( #2213 ) ) ;
#704 = EDGE_LOOP ( 'NONE', ( #9339, #9895, #5948, #9563 ) ) ;
#705 = ORIENTED_EDGE ( 'NONE', *, *, #10126, .F. ) ;
#706 = ADVANCED_FACE ( 'NONE', ( #2677 ), #7139, .T. ) ;
#707 = CARTESIAN_POINT ( 'NONE',  ( 0.8019999999999994911, 0.1800000000000000766, -0.4999999999999998890 ) ) ;
#708 = DIRECTION ( 'NONE',  ( -1.000000000000000000, -0.000000000000000000, -0.000000000000000000 ) ) ;
#710 = ORIENTED_EDGE ( 'NONE', *, *, #3854, .F. ) ;
#709 = PLANE ( 'NONE',  #2227 ) ;
#711 = AXIS2_PLACEMENT_3D ( 'NONE', #4324, #4271, #1787 ) ;
#712 = FILL_AREA_STYLE_COLOUR ( '', #2108 ) ;
#713 = SURFACE_SIDE_STYLE ('',( #4369 ) ) ;
#714 = CIRCLE ( 'NONE', #9360, 0.09999999999999999167 ) ;
#715 =( LENGTH_UNIT ( ) NAMED_UNIT ( * ) SI_UNIT ( .MILLI., .METRE. ) );
#716 = DIRECTION ( 'NONE',  ( 0.000000000000000000, -1.000000000000000000, 0.000000000000000000 ) ) ;
#717 = EDGE_CURVE ( 'NONE', #6016, #8539, #9875, .T. ) ;
#718 = FACE_OUTER_BOUND ( 'NONE', #5414, .T. ) ;
#719 = DIRECTION ( 'NONE',  ( 0.000000000000000000, -0.000000000000000000, 1.000000000000000000 ) ) ;
#720 = ORIENTED_EDGE ( 'NONE', *, *, #7199, .T. ) ;
#721 = UNCERTAINTY_MEASURE_WITH_UNIT (LENGTH_MEASURE( 1.000000000000000082E-05 ), #9452, 'distance_accuracy_value', 'NONE');
#722 = AXIS2_PLACEMENT_3D ( 'NONE', #10627, #7836, #8821 ) ;
#723 =( NAMED_UNIT ( * ) PLANE_ANGLE_UNIT ( ) SI_UNIT ( $, .RADIAN. ) );
#724 = EDGE_CURVE ( 'NONE', #4971, #5129, #7193, .T. ) ;
#725 = CARTESIAN_POINT ( 'NONE',  ( 0.7497762242559824486, 0.06131126674932559778, -0.7000000000000001776 ) ) ;
#726 =( NAMED_UNIT ( * ) PLANE_ANGLE_UNIT ( ) SI_UNIT ( $, .RADIAN. ) );
#727 = ORIENTED_EDGE ( 'NONE', *, *, #2707, .T. ) ;
#728 = ADVANCED_FACE ( 'NONE', ( #1850 ), #3670, .T. ) ;
#729 = MECHANICAL_DESIGN_GEOMETRIC_PRESENTATION_REPRESENTATION (  '', ( #7118 ), #11281 ) ;
#730 = FILL_AREA_STYLE ('',( #7021 ) ) ;
#731 = DIRECTION ( 'NONE',  ( 0.000000000000000000, 0.000000000000000000, 1.000000000000000000 ) ) ;
#732 = DIRECTION ( 'NONE',  ( 0.000000000000000000, -2.464095846557964300E-15, -1.000000000000000000 ) ) ;
#733 = VECTOR ( 'NONE', #4350, 1000.000000000000000 ) ;
#734 = CARTESIAN_POINT ( 'NONE',  ( 0.2629128784747786773, -0.2800000000000000266, -0.3999999999999999112 ) ) ;
#735 =( NAMED_UNIT ( * ) PLANE_ANGLE_UNIT ( ) SI_UNIT ( $, .RADIAN. ) );
#736 = CARTESIAN_POINT ( 'NONE',  ( 0.09708712152522103178, -0.2800000000000000266, -0.1999999999999999001 ) ) ;
#737 = ORIENTED_EDGE ( 'NONE', *, *, #7740, .T. ) ;
#738 =( GEOMETRIC_REPRESENTATION_CONTEXT ( 3 ) GLOBAL_UNCERTAINTY_ASSIGNED_CONTEXT ( ( #5473 ) ) GLOBAL_UNIT_ASSIGNED_CONTEXT ( ( #1129, #9139, #5445 ) ) REPRESENTATION_CONTEXT ( 'NONE', 'WORKASPACE' ) );
#739 = CIRCLE ( 'NONE', #8238, 0.09999999999999999167 ) ;
#740 =( NAMED_UNIT ( * ) PLANE_ANGLE_UNIT ( ) SI_UNIT ( $, .RADIAN. ) );
#741 = DIRECTION ( 'NONE',  ( 0.000000000000000000, -2.216840928656986572E-15, -1.000000000000000000 ) ) ;
#742 = DIRECTION ( 'NONE',  ( 0.000000000000000000, 0.000000000000000000, -1.000000000000000000 ) ) ;
#743 = PRESENTATION_LAYER_ASSIGNMENT (  '', '', ( #1114 ) ) ;
#744 = ORIENTED_EDGE ( 'NONE', *, *, #8972, .F. ) ;
#745 = SURFACE_SIDE_STYLE ('',( #1505 ) ) ;
#746 = CARTESIAN_POINT ( 'NONE',  ( -0.1199999999999999956, 0.1799999999999998823, -0.5499999999999999334 ) ) ;
#747 = DIRECTION ( 'NONE',  ( 0.000000000000000000, -1.000000000000000000, 2.464095846557965483E-15 ) ) ;
#748 = STYLED_ITEM ( 'NONE', ( #3163 ), #7456 ) ;
#749 = FILL_AREA_STYLE_COLOUR ( '', #7813 ) ;
#750 = PLANE ( 'NONE',  #11594 ) ;
#751 = UNCERTAINTY_MEASURE_WITH_UNIT (LENGTH_MEASURE( 1.000000000000000082E-05 ), #5237, 'distance_accuracy_value', 'NONE');
#752 = VERTEX_POINT ( 'NONE', #2083 ) ;
#753 = SURFACE_SIDE_STYLE ('',( #11372 ) ) ;
#754 = ORIENTED_EDGE ( 'NONE', *, *, #7761, .T. ) ;
#755 = CARTESIAN_POINT ( 'NONE',  ( 0.7699999999999996847, -0.3999999999999998557, -0.6999999999999999556 ) ) ;
#756 = CIRCLE ( 'NONE', #11678, 0.05499999999999997946 ) ;
#757 = CARTESIAN_POINT ( 'NONE',  ( -0.8000000000000003775, -0.3999999999999999112, 0.000000000000000000 ) ) ;
#758 = PRESENTATION_STYLE_ASSIGNMENT (( #4244 ) ) ;
#759 = LINE ( 'NONE', #6991, #5582 ) ;
#760 = DIRECTION ( 'NONE',  ( 0.000000000000000000, -1.000000000000000000, 2.956915015869558659E-15 ) ) ;
#761 = PRESENTATION_STYLE_ASSIGNMENT (( #5241 ) ) ;
#762 = DIRECTION ( 'NONE',  ( 0.000000000000000000, 0.000000000000000000, 1.000000000000000000 ) ) ;
#763 = MECHANICAL_DESIGN_GEOMETRIC_PRESENTATION_REPRESENTATION (  '', ( #8836 ), #1701 ) ;
#764 = DIRECTION ( 'NONE',  ( 0.000000000000000000, 0.000000000000000000, 1.000000000000000000 ) ) ;
#765 = PRESENTATION_STYLE_ASSIGNMENT (( #7766 ) ) ;
#766 = ORIENTED_EDGE ( 'NONE', *, *, #352, .T. ) ;
#767 = ORIENTED_EDGE ( 'NONE', *, *, #6298, .T. ) ;
#768 = ORIENTED_EDGE ( 'NONE', *, *, #4147, .F. ) ;
#769 = CARTESIAN_POINT ( 'NONE',  ( 0.7999999999999996003, 0.4000000000000001332, 0.000000000000000000 ) ) ;
#770 =( GEOMETRIC_REPRESENTATION_CONTEXT ( 3 ) GLOBAL_UNCERTAINTY_ASSIGNED_CONTEXT ( ( #7524 ) ) GLOBAL_UNIT_ASSIGNED_CONTEXT ( ( #6808, #4887, #3153 ) ) REPRESENTATION_CONTEXT ( 'NONE', 'WORKASPACE' ) );
#771 = FILL_AREA_STYLE ('',( #11441 ) ) ;
#772 = ADVANCED_FACE ( 'NONE', ( #3952 ), #10494, .T. ) ;
#773 = CARTESIAN_POINT ( 'NONE',  ( 0.7645121951219511214, 0.01463414634146333569, -0.6999999999999999556 ) ) ;
#775 = ORIENTED_EDGE ( 'NONE', *, *, #3589, .F. ) ;
#774 = CARTESIAN_POINT ( 'NONE',  ( 0.7410604730903581627, 0.06129680645552306600, -0.6999999999999998446 ) ) ;
#776 =( GEOMETRIC_REPRESENTATION_CONTEXT ( 3 ) GLOBAL_UNCERTAINTY_ASSIGNED_CONTEXT ( ( #1931 ) ) GLOBAL_UNIT_ASSIGNED_CONTEXT ( ( #10687, #7064, #11559 ) ) REPRESENTATION_CONTEXT ( 'NONE', 'WORKASPACE' ) );
#777 = DIRECTION ( 'NONE',  ( 0.000000000000000000, 0.000000000000000000, 1.000000000000000000 ) ) ;
#778 = DIRECTION ( 'NONE',  ( -1.000000000000000000, -0.000000000000000000, -0.000000000000000000 ) ) ;
#779 = CARTESIAN_POINT ( 'NONE',  ( 0.000000000000000000, -0.3300000000000002931, -0.3999999999999999112 ) ) ;
#780 = ADVANCED_FACE ( 'NONE', ( #8349 ), #11107, .T. ) ;
#781 = CARTESIAN_POINT ( 'NONE',  ( -0.1199999999999999956, -0.3300000000000002931, -0.1999999999999999001 ) ) ;
#782 = ORIENTED_EDGE ( 'NONE', *, *, #9064, .F. ) ;
#783 = PRESENTATION_STYLE_ASSIGNMENT (( #7130 ) ) ;
#784 = UNCERTAINTY_MEASURE_WITH_UNIT (LENGTH_MEASURE( 1.000000000000000082E-05 ), #7405, 'distance_accuracy_value', 'NONE');
#785 =( LENGTH_UNIT ( ) NAMED_UNIT ( * ) SI_UNIT ( .MILLI., .METRE. ) );
#786 =( GEOMETRIC_REPRESENTATION_CONTEXT ( 3 ) GLOBAL_UNCERTAINTY_ASSIGNED_CONTEXT ( ( #7266 ) ) GLOBAL_UNIT_ASSIGNED_CONTEXT ( ( #4890, #6928, #7824 ) ) REPRESENTATION_CONTEXT ( 'NONE', 'WORKASPACE' ) );
#787 = PLANE ( 'NONE',  #5172 ) ;
#788 =( GEOMETRIC_REPRESENTATION_CONTEXT ( 3 ) GLOBAL_UNCERTAINTY_ASSIGNED_CONTEXT ( ( #9954 ) ) GLOBAL_UNIT_ASSIGNED_CONTEXT ( ( #3012, #3966, #4150 ) ) REPRESENTATION_CONTEXT ( 'NONE', 'WORKASPACE' ) );
#789 = MECHANICAL_DESIGN_GEOMETRIC_PRESENTATION_REPRESENTATION (  '', ( #4555 ), #4738 ) ;
#790 = PRESENTATION_LAYER_ASSIGNMENT (  '', '', ( #9429 ) ) ;
#792 = ORIENTED_EDGE ( 'NONE', *, *, #6051, .T. ) ;
#791 =( LENGTH_UNIT ( ) NAMED_UNIT ( * ) SI_UNIT ( .MILLI., .METRE. ) );
#793 = FACE_OUTER_BOUND ( 'NONE', #4131, .T. ) ;
#794 = EDGE_CURVE ( 'NONE', #3979, #8732, #4319, .T. ) ;
#795 = SURFACE_SIDE_STYLE ('',( #2380 ) ) ;
#796 =( NAMED_UNIT ( * ) PLANE_ANGLE_UNIT ( ) SI_UNIT ( $, .RADIAN. ) );
#797 = EDGE_CURVE ( 'NONE', #7983, #3600, #3414, .T. ) ;
#798 = LINE ( 'NONE', #9558, #7029 ) ;
#799 = DIRECTION ( 'NONE',  ( 0.000000000000000000, -1.000000000000000000, 2.397541290737904109E-15 ) ) ;
#800 = ORIENTED_EDGE ( 'NONE', *, *, #10513, .T. ) ;
#801 = FACE_OUTER_BOUND ( 'NONE', #3199, .T. ) ;
#802 = ORIENTED_EDGE ( 'NONE', *, *, #1282, .F. ) ;
#803 = VECTOR ( 'NONE', #10859, 1000.000000000000000 ) ;
#804 = MECHANICAL_DESIGN_GEOMETRIC_PRESENTATION_REPRESENTATION (  '', ( #5516 ), #1738 ) ;
#805 = CLOSED_SHELL ( 'NONE', ( #1889, #404, #7385, #6907, #5767, #9423 ) ) ;
#806 = CARTESIAN_POINT ( 'NONE',  ( 0.7699999999999997957, -0.02883955792682937544, -0.6999999999999999556 ) ) ;
#807 = CARTESIAN_POINT ( 'NONE',  ( 0.5000000000000002220, 0.4000000000000000222, -0.5999999999999999778 ) ) ;
#808 = SURFACE_STYLE_FILL_AREA ( #3681 ) ;
#809 = CARTESIAN_POINT ( 'NONE',  ( 0.7283034278699966890, -0.04980423451713075073, -0.6990000000000000657 ) ) ;
#810 = EDGE_LOOP ( 'NONE', ( #9931, #2208, #9206, #9077, #3882, #4704, #6491 ) ) ;
#811 = PRESENTATION_LAYER_ASSIGNMENT (  '', '', ( #7755 ) ) ;
#812 = SURFACE_STYLE_FILL_AREA ( #1748 ) ;
#813 = DIRECTION ( 'NONE',  ( 1.355252715606880543E-16, 1.000000000000000000, -0.000000000000000000 ) ) ;
#814 = DIRECTION ( 'NONE',  ( 1.000000000000000000, 7.228014483236716277E-16, 0.000000000000000000 ) ) ;
#815 = ORIENTED_EDGE ( 'NONE', *, *, #216, .F. ) ;
#816 = CARTESIAN_POINT ( 'NONE',  ( 0.7248926155847864594, 0.04348425162981073983, -0.6989999999999999547 ) ) ;
#817 = ADVANCED_FACE ( 'NONE', ( #718 ), #6074, .T. ) ;
#818 = ORIENTED_EDGE ( 'NONE', *, *, #2446, .F. ) ;
#819 = CARTESIAN_POINT ( 'NONE',  ( 0.7391086127223470692, -0.05506426432120017228, -0.7000000000000001776 ) ) ;
#820 = COLOUR_RGB ( '',0.9098039215686274384, 0.4431372549019607643, 0.03137254901960784270 ) ;
#821 =( NAMED_UNIT ( * ) PLANE_ANGLE_UNIT ( ) SI_UNIT ( $, .RADIAN. ) );
#822 = SURFACE_SIDE_STYLE ('',( #10425 ) ) ;
#823 = CARTESIAN_POINT ( 'NONE',  ( 0.7199999999999999734, 0.09146341463414631168, -0.6989999999999999547 ) ) ;
#824 =( NAMED_UNIT ( * ) SI_UNIT ( $, .STERADIAN. ) SOLID_ANGLE_UNIT ( ) );
#825 = CARTESIAN_POINT ( 'NONE',  ( -0.02291287847477915807, 0.1799999999999998823, -0.4999999999999998890 ) ) ;
#826 = FILL_AREA_STYLE ('',( #11609 ) ) ;
#827 = FACE_OUTER_BOUND ( 'NONE', #8403, .T. ) ;
#828 = LINE ( 'NONE', #8811, #3243 ) ;
#829 = STYLED_ITEM ( 'NONE', ( #2038 ), #10611 ) ;
#830 = FACE_OUTER_BOUND ( 'NONE', #2030, .T. ) ;
#831 = PLANE ( 'NONE',  #9341 ) ;
#832 = VERTEX_POINT ( 'NONE', #9548 ) ;
#833 = ORIENTED_EDGE ( 'NONE', *, *, #7469, .T. ) ;
#834 = CARTESIAN_POINT ( 'NONE',  ( -0.5000000000000003331, 0.4000000000000000222, -0.6999999999999999556 ) ) ;
#835 = PRESENTATION_STYLE_ASSIGNMENT (( #10623 ) ) ;
#836 = AXIS2_PLACEMENT_3D ( 'NONE', #496, #5972, #11354 ) ;
#837 = SURFACE_STYLE_USAGE ( .BOTH. , #8883 ) ;
#838 = CIRCLE ( 'NONE', #11562, 0.05499999999999997946 ) ;
#840 = EDGE_LOOP ( 'NONE', ( #529, #6247, #8304, #200 ) ) ;
#839 = FILL_AREA_STYLE_COLOUR ( '', #5624 ) ;
#841 =( NAMED_UNIT ( * ) SI_UNIT ( $, .STERADIAN. ) SOLID_ANGLE_UNIT ( ) );
#842 = SURFACE_STYLE_FILL_AREA ( #7007 ) ;
#843 = CARTESIAN_POINT ( 'NONE',  ( 0.7273075889406347416, 0.03242558045063144434, -0.6989999999999999547 ) ) ;
#844 = CARTESIAN_POINT ( 'NONE',  ( 0.7699999999999997957, -0.005487804878048864292, -0.6989999999999999547 ) ) ;
#845 = MECHANICAL_DESIGN_GEOMETRIC_PRESENTATION_REPRESENTATION (  '', ( #10833 ), #5547 ) ;
#846 = LINE ( 'NONE', #7125, #8913 ) ;
#847 = PRESENTATION_STYLE_ASSIGNMENT (( #5324 ) ) ;
#848 = ORIENTED_EDGE ( 'NONE', *, *, #1919, .F. ) ;
#849 = STYLED_ITEM ( 'NONE', ( #2188 ), #938 ) ;
#850 = ADVANCED_FACE ( 'NONE', ( #8529 ), #8661, .T. ) ;
#851 = UNCERTAINTY_MEASURE_WITH_UNIT (LENGTH_MEASURE( 1.000000000000000082E-05 ), #511, 'distance_accuracy_value', 'NONE');
#852 =( GEOMETRIC_REPRESENTATION_CONTEXT ( 3 ) GLOBAL_UNCERTAINTY_ASSIGNED_CONTEXT ( ( #1209 ) ) GLOBAL_UNIT_ASSIGNED_CONTEXT ( ( #9884, #5577, #8976 ) ) REPRESENTATION_CONTEXT ( 'NONE', 'WORKASPACE' ) );
#853 = DIRECTION ( 'NONE',  ( 0.000000000000000000, -2.216840928656986572E-15, -1.000000000000000000 ) ) ;
#854 = VERTEX_POINT ( 'NONE', #6187 ) ;
#855 =( NAMED_UNIT ( * ) SI_UNIT ( $, .STERADIAN. ) SOLID_ANGLE_UNIT ( ) );
#856 = VECTOR ( 'NONE', #10131, 1000.000000000000000 ) ;
#857 = CARTESIAN_POINT ( 'NONE',  ( 0.7455335365853656970, 0.06158536585365840393, -0.6989999999999999547 ) ) ;
#858 = SURFACE_STYLE_USAGE ( .BOTH. , #65 ) ;
#859 = ORIENTED_EDGE ( 'NONE', *, *, #3680, .F. ) ;
#860 = CARTESIAN_POINT ( 'NONE',  ( 0.7645121951219511214, -0.02904916158536596446, -0.6989999999999999547 ) ) ;
#861 = SURFACE_STYLE_USAGE ( .BOTH. , #607 ) ;
#862 =( NAMED_UNIT ( * ) PLANE_ANGLE_UNIT ( ) SI_UNIT ( $, .RADIAN. ) );
#863 = DIRECTION ( 'NONE',  ( -1.000000000000000000, 3.614007241618349264E-16, -0.000000000000000000 ) ) ;
#864 = ORIENTED_EDGE ( 'NONE', *, *, #6312, .T. ) ;
#865 = EDGE_CURVE ( 'NONE', #1155, #9154, #3677, .T. ) ;
#866 = VECTOR ( 'NONE', #1550, 1000.000000000000000 ) ;
#867 = ORIENTED_EDGE ( 'NONE', *, *, #7303, .T. ) ;
#868 = CIRCLE ( 'NONE', #8725, 0.09999999999999999167 ) ;
#869 = MECHANICAL_DESIGN_GEOMETRIC_PRESENTATION_REPRESENTATION (  '', ( #9900 ), #7805 ) ;
#870 = CARTESIAN_POINT ( 'NONE',  ( 0.8019999999999994911, -0.2800000000000000266, -0.3999999999999999112 ) ) ;
#871 = EDGE_CURVE ( 'NONE', #832, #9968, #594, .T. ) ;
#872 =( NAMED_UNIT ( * ) SI_UNIT ( $, .STERADIAN. ) SOLID_ANGLE_UNIT ( ) );
#873 = VERTEX_POINT ( 'NONE', #9798 ) ;
#874 = COLOUR_RGB ( '',1.000000000000000000, 1.000000000000000000, 1.000000000000000000 ) ;
#875 = CARTESIAN_POINT ( 'NONE',  ( 0.7236942639257597509, -0.04409394269008758138, -0.7000000000000001776 ) ) ;
#876 = CARTESIAN_POINT ( 'NONE',  ( -0.8000000000000003775, -0.3999999999999999112, -0.6700000000000000400 ) ) ;
#877 = AXIS2_PLACEMENT_3D ( 'NONE', #4773, #8330, #11088 ) ;
#878 = DIRECTION ( 'NONE',  ( 1.000000000000000000, -5.421010862427520198E-16, 0.000000000000000000 ) ) ;
#879 = DIRECTION ( 'NONE',  ( 0.000000000000000000, 0.000000000000000000, 1.000000000000000000 ) ) ;
#880 = UNCERTAINTY_MEASURE_WITH_UNIT (LENGTH_MEASURE( 1.000000000000000082E-05 ), #7508, 'distance_accuracy_value', 'NONE');
#881 = ORIENTED_EDGE ( 'NONE', *, *, #6126, .T. ) ;
#882 = COLOUR_RGB ( '',0.7529411764705882248, 0.7529411764705882248, 0.7529411764705882248 ) ;
#883 = EDGE_LOOP ( 'NONE', ( #2937, #11631, #4435, #1536 ) ) ;
#884 =( GEOMETRIC_REPRESENTATION_CONTEXT ( 3 ) GLOBAL_UNCERTAINTY_ASSIGNED_CONTEXT ( ( #485 ) ) GLOBAL_UNIT_ASSIGNED_CONTEXT ( ( #6961, #5218, #2569 ) ) REPRESENTATION_CONTEXT ( 'NONE', 'WORKASPACE' ) );
#885 = CARTESIAN_POINT ( 'NONE',  ( -0.3599999999999999867, -0.3850000000000001754, -0.3999999999999998557 ) ) ;
#886 =( NAMED_UNIT ( * ) SI_UNIT ( $, .STERADIAN. ) SOLID_ANGLE_UNIT ( ) );
#887 = MECHANICAL_DESIGN_GEOMETRIC_PRESENTATION_REPRESENTATION (  '', ( #11048 ), #10475 ) ;
#888 = FILL_AREA_STYLE_COLOUR ( '', #6227 ) ;
#889 = ADVANCED_FACE ( 'NONE', ( #11679 ), #7073, .T. ) ;
#890 = CARTESIAN_POINT ( 'NONE',  ( 0.8019999999999994911, -0.1800000000000000211, -0.3999999999999999112 ) ) ;
#891 =( NAMED_UNIT ( * ) PLANE_ANGLE_UNIT ( ) SI_UNIT ( $, .RADIAN. ) );
#892 = DIRECTION ( 'NONE',  ( 0.000000000000000000, 0.000000000000000000, 1.000000000000000000 ) ) ;
#893 = CARTESIAN_POINT ( 'NONE',  ( -0.1199999999999999956, 0.3300000000000000155, -0.1999999999999999001 ) ) ;
#894 = SURFACE_STYLE_USAGE ( .BOTH. , #8812 ) ;
#895 = FILL_AREA_STYLE_COLOUR ( '', #5598 ) ;
#896 = VERTEX_POINT ( 'NONE', #2603 ) ;
#897 = DIRECTION ( 'NONE',  ( 0.000000000000000000, 0.000000000000000000, -1.000000000000000000 ) ) ;
#898 = ORIENTED_EDGE ( 'NONE', *, *, #8236, .F. ) ;
#899 =( NAMED_UNIT ( * ) PLANE_ANGLE_UNIT ( ) SI_UNIT ( $, .RADIAN. ) );
#900 = SURFACE_STYLE_FILL_AREA ( #771 ) ;
#901 = AXIS2_PLACEMENT_3D ( 'NONE', #2766, #902, #9065 ) ;
#902 = DIRECTION ( 'NONE',  ( -0.3393303772748771929, -0.9406672605435407730, 0.000000000000000000 ) ) ;
#904 = VERTEX_POINT ( 'NONE', #5323 ) ;
#903 = FILL_AREA_STYLE_COLOUR ( '', #152 ) ;
#905 = FILL_AREA_STYLE ('',( #7837 ) ) ;
#906 = DIRECTION ( 'NONE',  ( -1.000000000000000000, -0.000000000000000000, -0.000000000000000000 ) ) ;
#907 = COLOUR_RGB ( '',1.000000000000000000, 1.000000000000000000, 1.000000000000000000 ) ;
#908 = CARTESIAN_POINT ( 'NONE',  ( 0.7250638536624379737, 0.03968518678333547711, -0.6989999999999997327 ) ) ;
#909 = SURFACE_SIDE_STYLE ('',( #8952 ) ) ;
#910 = PRESENTATION_STYLE_ASSIGNMENT (( #8953 ) ) ;
#911 = COLOUR_RGB ( '',0.7529411764705882248, 0.7529411764705882248, 0.7529411764705882248 ) ;
#912 = ORIENTED_EDGE ( 'NONE', *, *, #7376, .T. ) ;
#913 =( NAMED_UNIT ( * ) SI_UNIT ( $, .STERADIAN. ) SOLID_ANGLE_UNIT ( ) );
#914 = MECHANICAL_DESIGN_GEOMETRIC_PRESENTATION_REPRESENTATION (  '', ( #4294 ), #7461 ) ;
#915 = CARTESIAN_POINT ( 'NONE',  ( 0.7198735831134467356, 0.03638328332527657194, -0.6989999999999997327 ) ) ;
#916 = CARTESIAN_POINT ( 'NONE',  ( 0.7497762242559824486, 0.06131126674932559778, -0.6990000000000001767 ) ) ;
#917 =( NAMED_UNIT ( * ) SI_UNIT ( $, .STERADIAN. ) SOLID_ANGLE_UNIT ( ) );
#918 = EDGE_CURVE ( 'NONE', #2594, #4267, #846, .T. ) ;
#920 = EDGE_LOOP ( 'NONE', ( #11397, #9162, #5443, #2620 ) ) ;
#919 = DIRECTION ( 'NONE',  ( 1.000000000000000000, 0.000000000000000000, 0.000000000000000000 ) ) ;
#921 = CARTESIAN_POINT ( 'NONE',  ( 0.7642117025471891756, -0.03341399861316855097, -0.6989999999999998437 ) ) ;
#922 = SURFACE_STYLE_FILL_AREA ( #8082 ) ;
#923 = CARTESIAN_POINT ( 'NONE',  ( 0.7254878048780486477, -0.02932545731707328004, -0.6989999999999999547 ) ) ;
#924 = FILL_AREA_STYLE ('',( #1796 ) ) ;
#925 = ORIENTED_EDGE ( 'NONE', *, *, #2656, .F. ) ;
#926 =( GEOMETRIC_REPRESENTATION_CONTEXT ( 3 ) GLOBAL_UNCERTAINTY_ASSIGNED_CONTEXT ( ( #10040 ) ) GLOBAL_UNIT_ASSIGNED_CONTEXT ( ( #1071, #2877, #4708 ) ) REPRESENTATION_CONTEXT ( 'NONE', 'WORKASPACE' ) );
#927 =( LENGTH_UNIT ( ) NAMED_UNIT ( * ) SI_UNIT ( .MILLI., .METRE. ) );
#928 = ORIENTED_EDGE ( 'NONE', *, *, #8924, .T. ) ;
#929 = CARTESIAN_POINT ( 'NONE',  ( 0.7193902439024388862, 0.04286394817073157365, -0.6989999999999999547 ) ) ;
#930 = SURFACE_STYLE_USAGE ( .BOTH. , #9883 ) ;
#931 = CARTESIAN_POINT ( 'NONE',  ( 0.7676674990688603373, 0.03156673051435907734, -0.6989999999999999547 ) ) ;
#932 = ADVANCED_FACE ( 'NONE', ( #6246 ), #10815, .F. ) ;
#933 = EDGE_LOOP ( 'NONE', ( #7577, #6004, #11062, #10871 ) ) ;
#934 = AXIS2_PLACEMENT_3D ( 'NONE', #4456, #741, #8786 ) ;
#935 = CARTESIAN_POINT ( 'NONE',  ( 0.8019999999999994911, 0.2800000000000000266, -0.3999999999999999112 ) ) ;
#936 =( NAMED_UNIT ( * ) SI_UNIT ( $, .STERADIAN. ) SOLID_ANGLE_UNIT ( ) );
#937 = CARTESIAN_POINT ( 'NONE',  ( -0.8000000000000004885, 0.4000000000000001332, 0.1000000000000000056 ) ) ;
#938 = ADVANCED_FACE ( 'NONE', ( #3819 ), #177, .F. ) ;
#939 = ORIENTED_EDGE ( 'NONE', *, *, #3522, .F. ) ;
#940 = ORIENTED_EDGE ( 'NONE', *, *, #10146, .T. ) ;
#941 = PRESENTATION_LAYER_ASSIGNMENT (  '', '', ( #1678 ) ) ;
#942 = CARTESIAN_POINT ( 'NONE',  ( -0.3599999999999999867, -0.3300000000000002931, -0.1999999999999999001 ) ) ;
#943 = DIRECTION ( 'NONE',  ( 0.000000000000000000, 2.397541290737903714E-15, 1.000000000000000000 ) ) ;
#944 = CARTESIAN_POINT ( 'NONE',  ( 0.7999999999999996003, -0.3999999999999999112, -0.5999999999999999778 ) ) ;
#945 = EDGE_CURVE ( 'NONE', #9868, #5660, #4028, .T. ) ;
#946 = FILL_AREA_STYLE ('',( #3800 ) ) ;
#947 = CIRCLE ( 'NONE', #6007, 0.05499999999999997946 ) ;
#948 = LINE ( 'NONE', #4533, #10672 ) ;
#949 = PLANE ( 'NONE',  #8719 ) ;
#950 = CARTESIAN_POINT ( 'NONE',  ( 0.7445141006097559799, -0.04878048780487816150, -0.6989999999999999547 ) ) ;
#951 = EDGE_CURVE ( 'NONE', #11323, #6394, #9136, .T. ) ;
#952 =( LENGTH_UNIT ( ) NAMED_UNIT ( * ) SI_UNIT ( .MILLI., .METRE. ) );
#953 = ORIENTED_EDGE ( 'NONE', *, *, #1587, .F. ) ;
#954 = CARTESIAN_POINT ( 'NONE',  ( 0.7468492808175086761, 0.06827703384259359298, -0.6999999999999999556 ) ) ;
#955 = VERTEX_POINT ( 'NONE', #2013 ) ;
#956 = COLOUR_RGB ( '',0.7529411764705882248, 0.7529411764705882248, 0.7529411764705882248 ) ;
#957 = EDGE_CURVE ( 'NONE', #6088, #3880, #1079, .T. ) ;
#959 = EDGE_LOOP ( 'NONE', ( #2562, #2057, #4855, #11154 ) ) ;
#958 = PRESENTATION_STYLE_ASSIGNMENT (( #5601 ) ) ;
#960 = PRESENTATION_STYLE_ASSIGNMENT (( #1711 ) ) ;
#961 = STYLED_ITEM ( 'NONE', ( #5235 ), #8805 ) ;
#962 = FACE_OUTER_BOUND ( 'NONE', #2142, .T. ) ;
#963 = CARTESIAN_POINT ( 'NONE',  ( 0.7249018219829856946, 0.04123440683672699447, -0.6990000000000001767 ) ) ;
#964 = CARTESIAN_POINT ( 'NONE',  ( -0.2399999999999999911, 0.3300000000000000155, -0.1999999999999999001 ) ) ;
#965 = CARTESIAN_POINT ( 'NONE',  ( 0.7619207317073168895, 0.03109756097560961718, -0.6999999999999999556 ) ) ;
#966 = DIRECTION ( 'NONE',  ( 2.130706760700809532E-12, 1.655200335013311758E-13, -1.000000000000000000 ) ) ;
#967 = ORIENTED_EDGE ( 'NONE', *, *, #9494, .T. ) ;
#968 = UNCERTAINTY_MEASURE_WITH_UNIT (LENGTH_MEASURE( 1.000000000000000082E-05 ), #11392, 'distance_accuracy_value', 'NONE');
#969 =( GEOMETRIC_REPRESENTATION_CONTEXT ( 3 ) GLOBAL_UNCERTAINTY_ASSIGNED_CONTEXT ( ( #10785 ) ) GLOBAL_UNIT_ASSIGNED_CONTEXT ( ( #6651, #8524, #2250 ) ) REPRESENTATION_CONTEXT ( 'NONE', 'WORKASPACE' ) );
#970 = ADVANCED_FACE ( 'NONE', ( #7352 ), #3938, .T. ) ;
#971 = PRESENTATION_LAYER_ASSIGNMENT (  '', '', ( #573 ) ) ;
#972 = CARTESIAN_POINT ( 'NONE',  ( 0.7193902439024388862, 0.04286394817073157365, -0.6999999999999999556 ) ) ;
#973 = FACE_OUTER_BOUND ( 'NONE', #10271, .T. ) ;
#975 = ORIENTED_EDGE ( 'NONE', *, *, #4511, .T. ) ;
#974 = DIRECTION ( 'NONE',  ( 0.000000000000000000, 2.464095846557963117E-15, 1.000000000000000000 ) ) ;
#976 = CARTESIAN_POINT ( 'NONE',  ( 0.7563672063010525859, -0.04588116811452071231, -0.6999999999999999556 ) ) ;
#977 = COLOUR_RGB ( '',0.9098039215686274384, 0.4431372549019607643, 0.03137254901960784270 ) ;
#978 = AXIS2_PLACEMENT_3D ( 'NONE', #7705, #5880, #11261 ) ;
#979 = FILL_AREA_STYLE ('',( #10048 ) ) ;
#980 = VECTOR ( 'NONE', #314, 1000.000000000000000 ) ;
#981 = FILL_AREA_STYLE ('',( #5456 ) ) ;
#982 = CARTESIAN_POINT ( 'NONE',  ( -0.02291287847479696327, -0.1800000000000000211, -0.4999999999999998890 ) ) ;
#983 = ORIENTED_EDGE ( 'NONE', *, *, #5802, .T. ) ;
#984 =( NAMED_UNIT ( * ) SI_UNIT ( $, .STERADIAN. ) SOLID_ANGLE_UNIT ( ) );
#985 = COLOUR_RGB ( '',0.9098039215686274384, 0.4431372549019607643, 0.03137254901960784270 ) ;
#986 = AXIS2_PLACEMENT_3D ( 'NONE', #9343, #5755, #2966 ) ;
#987 = PRESENTATION_LAYER_ASSIGNMENT (  '', '', ( #6045 ) ) ;
#988 = FACE_OUTER_BOUND ( 'NONE', #8080, .T. ) ;
#989 = CYLINDRICAL_SURFACE ( 'NONE', #1094, 0.05499999999999997946 ) ;
#990 = CARTESIAN_POINT ( 'NONE',  ( 0.7693881098347494785, 0.03561380406335675625, -0.7000000000000000666 ) ) ;
#991 = ORIENTED_EDGE ( 'NONE', *, *, #2019, .T. ) ;
#992 = CARTESIAN_POINT ( 'NONE',  ( 0.7443711890243900342, -0.05548780487804889222, -0.6989999999999999547 ) ) ;
#993 =( NAMED_UNIT ( * ) PLANE_ANGLE_UNIT ( ) SI_UNIT ( $, .RADIAN. ) );
#994 = AXIS2_PLACEMENT_3D ( 'NONE', #438, #1384, #6612 ) ;
#995 = VECTOR ( 'NONE', #3904, 1000.000000000000000 ) ;
#996 = UNCERTAINTY_MEASURE_WITH_UNIT (LENGTH_MEASURE( 1.000000000000000082E-05 ), #8066, 'distance_accuracy_value', 'NONE');
#997 = VERTEX_POINT ( 'NONE', #9535 ) ;
#998 = ADVANCED_FACE ( 'NONE', ( #4303 ), #4956, .F. ) ;
#999 = EDGE_LOOP ( 'NONE', ( #8169, #7523, #3306, #458 ) ) ;
#1000 = CARTESIAN_POINT ( 'NONE',  ( 0.05500000000000000028, 0.3299999999999999600, -0.1999999999999999001 ) ) ;
#1001 = CARTESIAN_POINT ( 'NONE',  ( -0.7700000000000003508, 0.4000000000000000777, -0.6999999999999999556 ) ) ;
#1002 = PRESENTATION_LAYER_ASSIGNMENT (  '', '', ( #1537 ) ) ;
#1003 = VECTOR ( 'NONE', #4504, 1000.000000000000000 ) ;
#1004 = SURFACE_STYLE_FILL_AREA ( #10068 ) ;
#1005 = COLOUR_RGB ( '',0.000000000000000000, 0.000000000000000000, 0.000000000000000000 ) ;
#1006 = AXIS2_PLACEMENT_3D ( 'NONE', #3486, #1794, #9 ) ;
#1007 =( LENGTH_UNIT ( ) NAMED_UNIT ( * ) SI_UNIT ( .MILLI., .METRE. ) );
#1008 = CARTESIAN_POINT ( 'NONE',  ( 0.02291287847477918235, -0.1800000000000001876, -0.3999999999999999112 ) ) ;
#1009 = DIRECTION ( 'NONE',  ( 0.000000000000000000, 1.000000000000000000, -2.578241652818821251E-15 ) ) ;
#1010 = FILL_AREA_STYLE_COLOUR ( '', #1413 ) ;
#1011 =( LENGTH_UNIT ( ) NAMED_UNIT ( * ) SI_UNIT ( .MILLI., .METRE. ) );
#1012 = MECHANICAL_DESIGN_GEOMETRIC_PRESENTATION_REPRESENTATION (  '', ( #8671 ), #6620 ) ;
#1013 = FACE_OUTER_BOUND ( 'NONE', #5748, .T. ) ;
#1014 = ORIENTED_EDGE ( 'NONE', *, *, #3680, .T. ) ;
#1015 = DIRECTION ( 'NONE',  ( 0.000000000000000000, -1.000000000000000000, 0.000000000000000000 ) ) ;
#1016 = ORIENTED_EDGE ( 'NONE', *, *, #1169, .F. ) ;
#1017 = CARTESIAN_POINT ( 'NONE',  ( 0.5000000000000004441, -0.2800000000000000266, -0.3999999999999999112 ) ) ;
#1018 = EDGE_CURVE ( 'NONE', #5660, #3725, #2298, .T. ) ;
#1020 = ORIENTED_EDGE ( 'NONE', *, *, #10659, .T. ) ;
#1019 = SURFACE_STYLE_FILL_AREA ( #10917 ) ;
#1021 = VECTOR ( 'NONE', #7708, 1000.000000000000000 ) ;
#1022 =( LENGTH_UNIT ( ) NAMED_UNIT ( * ) SI_UNIT ( .MILLI., .METRE. ) );
#1023 = CARTESIAN_POINT ( 'NONE',  ( -0.5000000000000004441, -0.2800000000000000266, -0.3999999999999999112 ) ) ;
#1024 = DIRECTION ( 'NONE',  ( 0.000000000000000000, 2.397541290737903714E-15, 1.000000000000000000 ) ) ;
#1025 = SURFACE_SIDE_STYLE ('',( #10088 ) ) ;
#1026 = CARTESIAN_POINT ( 'NONE',  ( 0.7650983941625791873, 0.04213677138847082143, -0.6999999999999999556 ) ) ;
#1027 = ORIENTED_EDGE ( 'NONE', *, *, #2811, .T. ) ;
#1028 = SURFACE_STYLE_FILL_AREA ( #9080 ) ;
#1029 = AXIS2_PLACEMENT_3D ( 'NONE', #1438, #3364, #552 ) ;
#1030 = PRESENTATION_LAYER_ASSIGNMENT (  '', '', ( #2878 ) ) ;
#1031 = DIRECTION ( 'NONE',  ( 0.000000000000000000, -2.464095846557964300E-15, -1.000000000000000000 ) ) ;
#1032 = EDGE_CURVE ( 'NONE', #8955, #10699, #5016, .T. ) ;
#1033 =( NAMED_UNIT ( * ) PLANE_ANGLE_UNIT ( ) SI_UNIT ( $, .RADIAN. ) );
#1034 = CARTESIAN_POINT ( 'NONE',  ( 0.09708712152522058769, 0.2800000000000000266, -0.1999999999999998723 ) ) ;
#1036 = VERTEX_POINT ( 'NONE', #5188 ) ;
#1035 = SURFACE_SIDE_STYLE ('',( #5617 ) ) ;
#1037 =( GEOMETRIC_REPRESENTATION_CONTEXT ( 3 ) GLOBAL_UNCERTAINTY_ASSIGNED_CONTEXT ( ( #4021 ) ) GLOBAL_UNIT_ASSIGNED_CONTEXT ( ( #9623, #2500, #6144 ) ) REPRESENTATION_CONTEXT ( 'NONE', 'WORKASPACE' ) );
#1038 = PRESENTATION_STYLE_ASSIGNMENT (( #4566 ) ) ;
#1039 = EDGE_CURVE ( 'NONE', #528, #7103, #4789, .T. ) ;
#1040 = SURFACE_SIDE_STYLE ('',( #9992 ) ) ;
#1041 = CARTESIAN_POINT ( 'NONE',  ( 0.8019999999999994911, 0.2800000000000000266, -0.1999999999999998723 ) ) ;
#1042 = ORIENTED_EDGE ( 'NONE', *, *, #5417, .F. ) ;
#1043 = CARTESIAN_POINT ( 'NONE',  ( 0.7256213226969656649, 0.04860535721198352282, -0.6990000000000000657 ) ) ;
#1044 = PRESENTATION_LAYER_ASSIGNMENT (  '', '', ( #4795 ) ) ;
#1045 = DIRECTION ( 'NONE',  ( 1.000000000000000000, 0.000000000000000000, 0.000000000000000000 ) ) ;
#1046 = AXIS2_PLACEMENT_3D ( 'NONE', #683, #7637, #10415 ) ;
#1047 = SURFACE_SIDE_STYLE ('',( #316 ) ) ;
#1048 = ORIENTED_EDGE ( 'NONE', *, *, #7740, .F. ) ;
#1049 = CARTESIAN_POINT ( 'NONE',  ( 0.02291287847477900541, 0.1799999999999999101, -0.1999999999999998723 ) ) ;
#1050 = AXIS2_PLACEMENT_3D ( 'NONE', #9876, #4449, #7140 ) ;
#1051 = DIRECTION ( 'NONE',  ( -9.486769009248167742E-16, -1.000000000000000000, 0.000000000000000000 ) ) ;
#1052 =( GEOMETRIC_REPRESENTATION_CONTEXT ( 3 ) GLOBAL_UNCERTAINTY_ASSIGNED_CONTEXT ( ( #6616 ) ) GLOBAL_UNIT_ASSIGNED_CONTEXT ( ( #7969, #5511, #4620 ) ) REPRESENTATION_CONTEXT ( 'NONE', 'WORKASPACE' ) );
#1053 = ORIENTED_EDGE ( 'NONE', *, *, #6664, .F. ) ;
#1054 = CARTESIAN_POINT ( 'NONE',  ( 0.7673076820622032335, -0.04185497277515054515, -0.6990000000000001767 ) ) ;
#1055 = MECHANICAL_DESIGN_GEOMETRIC_PRESENTATION_REPRESENTATION (  '', ( #10852 ), #1799 ) ;
#1056 = FACE_OUTER_BOUND ( 'NONE', #1289, .T. ) ;
#1057 = DIRECTION ( 'NONE',  ( 0.000000000000000000, -1.000000000000000000, 0.000000000000000000 ) ) ;
#1058 = ADVANCED_FACE ( 'NONE', ( #469 ), #10490, .F. ) ;
#1059 = CARTESIAN_POINT ( 'NONE',  ( 0.7389855423570554915, 0.06088684825404806072, -0.6989999999999999547 ) ) ;
#1060 = DIRECTION ( 'NONE',  ( -1.000000000000000000, -0.000000000000000000, -0.000000000000000000 ) ) ;
#1061 = FACE_OUTER_BOUND ( 'NONE', #5252, .T. ) ;
#1062 = DIRECTION ( 'NONE',  ( 0.000000000000000000, -0.000000000000000000, -1.000000000000000000 ) ) ;
#1063 = CARTESIAN_POINT ( 'NONE',  ( 0.7291203291871539705, -0.04204990802678269107, -0.6989999999999998437 ) ) ;
#1064 = VECTOR ( 'NONE', #685, 1000.000000000000000 ) ;
#1065 = ORIENTED_EDGE ( 'NONE', *, *, #3964, .F. ) ;
#1066 = AXIS2_PLACEMENT_3D ( 'NONE', #8807, #8111, #36 ) ;
#1067 = EDGE_LOOP ( 'NONE', ( #7752, #11593, #8224, #441 ) ) ;
#1068 = PRESENTATION_STYLE_ASSIGNMENT (( #9122 ) ) ;
#1069 = LINE ( 'NONE', #10914, #9822 ) ;
#1070 = CARTESIAN_POINT ( 'NONE',  ( 0.8000000000000003775, 0.3699999999999998290, -0.6999999999999999556 ) ) ;
#1072 = VERTEX_POINT ( 'NONE', #10737 ) ;
#1071 =( LENGTH_UNIT ( ) NAMED_UNIT ( * ) SI_UNIT ( .MILLI., .METRE. ) );
#1073 = ADVANCED_FACE ( 'NONE', ( #9720 ), #6468, .T. ) ;
#1074 = DIRECTION ( 'NONE',  ( -1.807003620809174139E-16, -1.000000000000000000, 0.000000000000000000 ) ) ;
#1075 = CARTESIAN_POINT ( 'NONE',  ( -0.3370871215252208009, 0.1799999999999998823, -0.4999999999999998890 ) ) ;
#1076 =( NAMED_UNIT ( * ) PLANE_ANGLE_UNIT ( ) SI_UNIT ( $, .RADIAN. ) );
#1077 =( NAMED_UNIT ( * ) SI_UNIT ( $, .STERADIAN. ) SOLID_ANGLE_UNIT ( ) );
#1078 = DIRECTION ( 'NONE',  ( -9.486769009248167742E-16, -1.000000000000000000, 0.000000000000000000 ) ) ;
#1079 = LINE ( 'NONE', #9183, #8154 ) ;
#1080 = DIRECTION ( 'NONE',  ( 0.000000000000000000, 0.000000000000000000, 1.000000000000000000 ) ) ;
#1081 = ORIENTED_EDGE ( 'NONE', *, *, #334, .F. ) ;
#1082 = UNCERTAINTY_MEASURE_WITH_UNIT (LENGTH_MEASURE( 1.000000000000000082E-05 ), #7293, 'distance_accuracy_value', 'NONE');
#1083 = ADVANCED_FACE ( 'NONE', ( #830 ), #2343, .T. ) ;
#1084 = DIRECTION ( 'NONE',  ( 0.000000000000000000, -1.000000000000000000, 0.000000000000000000 ) ) ;
#1085 = SURFACE_SIDE_STYLE ('',( #10930 ) ) ;
#1086 = SURFACE_SIDE_STYLE ('',( #4722 ) ) ;
#1087 = PRESENTATION_STYLE_ASSIGNMENT (( #3481 ) ) ;
#1088 = EDGE_CURVE ( 'NONE', #1101, #4574, #10598, .T. ) ;
#1089 = CARTESIAN_POINT ( 'NONE',  ( 0.8019999999999994911, -0.2800000000000000266, -0.3999999999999999112 ) ) ;
#1090 =( NAMED_UNIT ( * ) SI_UNIT ( $, .STERADIAN. ) SOLID_ANGLE_UNIT ( ) );
#1091 = ORIENTED_EDGE ( 'NONE', *, *, #11097, .F. ) ;
#1092 = UNCERTAINTY_MEASURE_WITH_UNIT (LENGTH_MEASURE( 1.000000000000000082E-05 ), #5975, 'distance_accuracy_value', 'NONE');
#1093 = EDGE_CURVE ( 'NONE', #76, #1171, #7689, .T. ) ;
#1094 = AXIS2_PLACEMENT_3D ( 'NONE', #8146, #2625, #4572 ) ;
#1095 = CARTESIAN_POINT ( 'NONE',  ( 0.7252016757353521026, 0.04675398755289486563, -0.6999999999999999556 ) ) ;
#1096 = MECHANICAL_DESIGN_GEOMETRIC_PRESENTATION_REPRESENTATION (  '', ( #7291 ), #7465 ) ;
#1097 =( LENGTH_UNIT ( ) NAMED_UNIT ( * ) SI_UNIT ( .MILLI., .METRE. ) );
#1098 = DIRECTION ( 'NONE',  ( 1.000000000000000000, -1.807003620809173892E-16, 0.000000000000000000 ) ) ;
#1099 = EDGE_CURVE ( 'NONE', #10003, #1101, #9456, .T. ) ;
#1100 =( LENGTH_UNIT ( ) NAMED_UNIT ( * ) SI_UNIT ( .MILLI., .METRE. ) );
#1101 = VERTEX_POINT ( 'NONE', #4052 ) ;
#1102 = CARTESIAN_POINT ( 'NONE',  ( 0.7321918957421209573, -0.05263027398615484354, -0.7000000000000000666 ) ) ;
#1103 =( LENGTH_UNIT ( ) NAMED_UNIT ( * ) SI_UNIT ( .MILLI., .METRE. ) );
#1104 = PRESENTATION_STYLE_ASSIGNMENT (( #10169 ) ) ;
#1105 = UNCERTAINTY_MEASURE_WITH_UNIT (LENGTH_MEASURE( 1.000000000000000082E-05 ), #9987, 'distance_accuracy_value', 'NONE');
#1106 = ORIENTED_EDGE ( 'NONE', *, *, #4464, .F. ) ;
#1107 =( GEOMETRIC_REPRESENTATION_CONTEXT ( 3 ) GLOBAL_UNCERTAINTY_ASSIGNED_CONTEXT ( ( #2831 ) ) GLOBAL_UNIT_ASSIGNED_CONTEXT ( ( #4366, #1647, #8696 ) ) REPRESENTATION_CONTEXT ( 'NONE', 'WORKASPACE' ) );
#1108 = LINE ( 'NONE', #5476, #381 ) ;
#1109 = STYLED_ITEM ( 'NONE', ( #2573 ), #2499 ) ;
#1110 = CARTESIAN_POINT ( 'NONE',  ( 0.7194524739749985631, 0.04553858261821144837, -0.6999999999999999556 ) ) ;
#1111 = LINE ( 'NONE', #4817, #856 ) ;
#1112 = CARTESIAN_POINT ( 'NONE',  ( 0.7273218492877338015, -0.03892747557430973476, -0.6989999999999999547 ) ) ;
#1113 = CARTESIAN_POINT ( 'NONE',  ( 0.7645121951219511214, -0.02904916158536596446, -0.6989999999999999547 ) ) ;
#1114 = STYLED_ITEM ( 'NONE', ( #4853 ), #2728 ) ;
#1115 = ORIENTED_EDGE ( 'NONE', *, *, #9116, .F. ) ;
#1116 = CARTESIAN_POINT ( 'NONE',  ( -0.02291287847477918235, -0.1800000000000001876, -0.3999999999999999112 ) ) ;
#1117 = VERTEX_POINT ( 'NONE', #3250 ) ;
#1118 = CARTESIAN_POINT ( 'NONE',  ( 0.7254878048780486477, -0.02932545731707328004, -0.6999999999999999556 ) ) ;
#1119 = MECHANICAL_DESIGN_GEOMETRIC_PRESENTATION_REPRESENTATION (  '', ( #6923 ), #10733 ) ;
#1120 = FILL_AREA_STYLE_COLOUR ( '', #3903 ) ;
#1121 = LINE ( 'NONE', #11146, #288 ) ;
#1122 = B_SPLINE_CURVE_WITH_KNOTS ( 'NONE', 3,
 ( #2537, #8998, #10798, #6229, #2697, #10860, #11492, #3398, #38, #6289, #7943 ),
 .UNSPECIFIED., .F., .F.,
 ( 4, 1, 1, 1, 1, 1, 1, 1, 4 ),
 ( 0.000000000000000000, 0.1124483899088019601, 0.2265276752126784698, 0.3444019493260280229, 0.4658649724874588949, 0.5916594493521172282, 0.7221684870248874510, 0.8586063875549264646, 1.000000000000000000 ),
 .UNSPECIFIED. ) ;
#1123 = CARTESIAN_POINT ( 'NONE',  ( 0.3599999999999999867, 0.1799999999999999101, -0.1999999999999998723 ) ) ;
#1124 =( LENGTH_UNIT ( ) NAMED_UNIT ( * ) SI_UNIT ( .MILLI., .METRE. ) );
#1125 = SURFACE_STYLE_USAGE ( .BOTH. , #4551 ) ;
#1126 = FILL_AREA_STYLE ('',( #2935 ) ) ;
#1127 = VERTEX_POINT ( 'NONE', #4995 ) ;
#1128 = ORIENTED_EDGE ( 'NONE', *, *, #9663, .T. ) ;
#1129 =( LENGTH_UNIT ( ) NAMED_UNIT ( * ) SI_UNIT ( .MILLI., .METRE. ) );
#1130 = EDGE_CURVE ( 'NONE', #1832, #5934, #3840, .T. ) ;
#1131 = VECTOR ( 'NONE', #11545, 1000.000000000000000 ) ;
#1132 = DIRECTION ( 'NONE',  ( -1.000000000000000000, 0.000000000000000000, 0.000000000000000000 ) ) ;
#1133 = ADVANCED_FACE ( 'NONE', ( #4286 ), #7748, .T. ) ;
#1134 = FILL_AREA_STYLE ('',( #2024 ) ) ;
#1135 = SURFACE_SIDE_STYLE ('',( #6482 ) ) ;
#1136 = SURFACE_STYLE_FILL_AREA ( #3671 ) ;
#1137 = ORIENTED_EDGE ( 'NONE', *, *, #6978, .F. ) ;
#1138 =( GEOMETRIC_REPRESENTATION_CONTEXT ( 3 ) GLOBAL_UNCERTAINTY_ASSIGNED_CONTEXT ( ( #11598 ) ) GLOBAL_UNIT_ASSIGNED_CONTEXT ( ( #11528, #8600, #10656 ) ) REPRESENTATION_CONTEXT ( 'NONE', 'WORKASPACE' ) );
#1139 = CARTESIAN_POINT ( 'NONE',  ( 0.7999999999999996003, -0.3999999999999999112, -0.5999999999999998668 ) ) ;
#1140 = DIRECTION ( 'NONE',  ( 0.000000000000000000, 0.000000000000000000, -1.000000000000000000 ) ) ;
#1141 = CARTESIAN_POINT ( 'NONE',  ( 0.7651219512195119865, 0.04393102134146327498, -0.6989999999999999547 ) ) ;
#1142 = CARTESIAN_POINT ( 'NONE',  ( 0.7673076820622032335, -0.04185497277515054515, -0.6990000000000001767 ) ) ;
#1143 = CARTESIAN_POINT ( 'NONE',  ( 0.7705863324201811526, 0.04285799291129834682, -0.6989999999999998437 ) ) ;
#1144 = AXIS2_PLACEMENT_3D ( 'NONE', #3327, #2467, #2587 ) ;
#1145 = EDGE_CURVE ( 'NONE', #2736, #6088, #9395, .T. ) ;
#1146 = ORIENTED_EDGE ( 'NONE', *, *, #2143, .F. ) ;
#1147 = ADVANCED_FACE ( 'NONE', ( #2397 ), #1393, .T. ) ;
#1148 = VECTOR ( 'NONE', #3558, 1000.000000000000000 ) ;
#1149 = CARTESIAN_POINT ( 'NONE',  ( 0.7474390243902437891, -0.003048780487804958819, -0.6989999999999999547 ) ) ;
#1150 =( NAMED_UNIT ( * ) PLANE_ANGLE_UNIT ( ) SI_UNIT ( $, .RADIAN. ) );
#1151 = FILL_AREA_STYLE ('',( #4922 ) ) ;
#1152 = CARTESIAN_POINT ( 'NONE',  ( -0.1429128784747790704, 0.1799999999999999101, -0.3999999999999999112 ) ) ;
#1153 = COLOUR_RGB ( '',0.000000000000000000, 0.000000000000000000, 0.000000000000000000 ) ;
#1154 = COLOUR_RGB ( '',0.9098039215686274384, 0.4431372549019607643, 0.03137254901960784270 ) ;
#1155 = VERTEX_POINT ( 'NONE', #876 ) ;
#1156 = MECHANICAL_DESIGN_GEOMETRIC_PRESENTATION_REPRESENTATION (  '', ( #10581 ), #8625 ) ;
#1157 = CARTESIAN_POINT ( 'NONE',  ( 0.3599999999999999867, 0.1799999999999997435, -0.6049999999999999822 ) ) ;
#1158 = CARTESIAN_POINT ( 'NONE',  ( 0.7305992759659483138, 0.06429486745722559626, -0.6989999999999998437 ) ) ;
#1159 = DIRECTION ( 'NONE',  ( 0.000000000000000000, -1.000000000000000000, 2.397541290737904109E-15 ) ) ;
#1160 = DIRECTION ( 'NONE',  ( -1.000000000000000000, 0.000000000000000000, -0.000000000000000000 ) ) ;
#1161 = AXIS2_PLACEMENT_3D ( 'NONE', #10313, #5369, #3519 ) ;
#1162 =( GEOMETRIC_REPRESENTATION_CONTEXT ( 3 ) GLOBAL_UNCERTAINTY_ASSIGNED_CONTEXT ( ( #4639 ) ) GLOBAL_UNIT_ASSIGNED_CONTEXT ( ( #3178, #2956, #5685 ) ) REPRESENTATION_CONTEXT ( 'NONE', 'WORKASPACE' ) );
#1163 = MECHANICAL_DESIGN_GEOMETRIC_PRESENTATION_REPRESENTATION (  '', ( #10782 ), #9617 ) ;
#1164 = PRESENTATION_LAYER_ASSIGNMENT (  '', '', ( #189 ) ) ;
#1165 = CARTESIAN_POINT ( 'NONE',  ( -0.09708712152522080974, -0.1800000000000001876, -0.3999999999999999112 ) ) ;
#1166 = CARTESIAN_POINT ( 'NONE',  ( 0.7351471617025384653, 0.06655304213625787280, -0.6999999999999999556 ) ) ;
#1167 = PRESENTATION_STYLE_ASSIGNMENT (( #7447 ) ) ;
#1168 = CARTESIAN_POINT ( 'NONE',  ( 0.8019999999999994911, 0.2800000000000000266, -0.1999999999999998723 ) ) ;
#1169 = EDGE_CURVE ( 'NONE', #8377, #2599, #3687, .T. ) ;
#1170 = CARTESIAN_POINT ( 'NONE',  ( 0.5000000000000003331, 0.4000000000000000222, -2.154400374531753037 ) ) ;
#1171 = VERTEX_POINT ( 'NONE', #7036 ) ;
#1172 = ORIENTED_EDGE ( 'NONE', *, *, #717, .F. ) ;
#1173 = AXIS2_PLACEMENT_3D ( 'NONE', #11610, #7942, #892 ) ;
#1174 = CYLINDRICAL_SURFACE ( 'NONE', #9209, 0.05500000000000000722 ) ;
#1175 = DIRECTION ( 'NONE',  ( -1.000000000000000000, -0.000000000000000000, -0.000000000000000000 ) ) ;
#1176 = FILL_AREA_STYLE_COLOUR ( '', #8766 ) ;
#1177 =( NAMED_UNIT ( * ) SI_UNIT ( $, .STERADIAN. ) SOLID_ANGLE_UNIT ( ) );
#1178 = SURFACE_SIDE_STYLE ('',( #11033 ) ) ;
#1179 = DIRECTION ( 'NONE',  ( 0.000000000000000000, -2.464095846557964300E-15, -1.000000000000000000 ) ) ;
#1180 = CIRCLE ( 'NONE', #5694, 0.05499999999999997946 ) ;
#1181 = FILL_AREA_STYLE_COLOUR ( '', #10034 ) ;
#1182 = CARTESIAN_POINT ( 'NONE',  ( 0.7598504397977695612, 0.05673533901101516369, -0.7000000000000002887 ) ) ;
#1183 = EDGE_LOOP ( 'NONE', ( #11387, #302, #4650, #5530, #10926, #2490, #7955 ) ) ;
#1184 = ORIENTED_EDGE ( 'NONE', *, *, #4466, .T. ) ;
#1185 = UNCERTAINTY_MEASURE_WITH_UNIT (LENGTH_MEASURE( 1.000000000000000082E-05 ), #5830, 'distance_accuracy_value', 'NONE');
#1186 =( NAMED_UNIT ( * ) SI_UNIT ( $, .STERADIAN. ) SOLID_ANGLE_UNIT ( ) );
#1187 = VECTOR ( 'NONE', #5064, 1000.000000000000000 ) ;
#1188 = CARTESIAN_POINT ( 'NONE',  ( 0.7486223531738225301, 0.06824641023563420006, -0.6989999999999998437 ) ) ;
#1189 = CARTESIAN_POINT ( 'NONE',  ( 0.4149999999999999800, 0.3299999999999999600, -0.1999999999999999001 ) ) ;
#1190 = SURFACE_SIDE_STYLE ('',( #10934 ) ) ;
#1191 = CARTESIAN_POINT ( 'NONE',  ( 0.7419512195121950038, 0.01463414634146333569, -0.6989999999999999547 ) ) ;
#1192 = ADVANCED_FACE ( 'NONE', ( #4460 ), #2629, .T. ) ;
#1193 = CARTESIAN_POINT ( 'NONE',  ( 0.8019999999999994911, -0.2800000000000000266, -0.1999999999999999001 ) ) ;
#1194 = CARTESIAN_POINT ( 'NONE',  ( 0.7271911556569312651, -0.08154254375408004352, -0.6989999999999999547 ) ) ;
#1195 = CARTESIAN_POINT ( 'NONE',  ( 0.7578916391204381098, -0.04481669907508958883, -0.7000000000000000666 ) ) ;
#1196 = EDGE_LOOP ( 'NONE', ( #2830, #207, #6592, #10777 ) ) ;
#1197 = COLOUR_RGB ( '',1.000000000000000000, 1.000000000000000000, 1.000000000000000000 ) ;
#1198 = SURFACE_SIDE_STYLE ('',( #10220 ) ) ;
#1199 = PRESENTATION_STYLE_ASSIGNMENT (( #7366 ) ) ;
#1200 = CARTESIAN_POINT ( 'NONE',  ( 0.7196487520266511284, 0.03789534589230535155, -0.6990000000000001767 ) ) ;
#1201 =( NAMED_UNIT ( * ) SI_UNIT ( $, .STERADIAN. ) SOLID_ANGLE_UNIT ( ) );
#1202 = CYLINDRICAL_SURFACE ( 'NONE', #648, 0.05500000000000000722 ) ;
#1203 = PRESENTATION_LAYER_ASSIGNMENT (  '', '', ( #9274 ) ) ;
#1204 = ORIENTED_EDGE ( 'NONE', *, *, #2486, .F. ) ;
#1205 = CARTESIAN_POINT ( 'NONE',  ( 0.7271911556569312651, -0.08154254375408004352, -0.6999999999999999556 ) ) ;
#1206 = B_SPLINE_CURVE_WITH_KNOTS ( 'NONE', 3,
 ( #5294, #9524, #9582, #11374, #7932, #2526, #6109, #3261, #8866, #6865, #2402, #1513, #6050, #9710, #6164, #819, #5115, #6983, #9771 ),
 .UNSPECIFIED., .F., .F.,
 ( 4, 1, 1, 1, 1, 1, 1, 1, 1, 1, 1, 1, 1, 1, 1, 1, 4 ),
 ( 0.000000000000000000, 0.06863281452251175641, 0.1345696734730735256, 0.1983328812253325468, 0.2607959826476439757, 0.3220068264360581578, 0.3827308687972301171, 0.4435480458920922908, 0.5051454695004217177, 0.5662273706519549421, 0.6261207880494010780, 0.6853656576789719512, 0.7449101527780602749, 0.8054112038394390938, 0.8676331114143818191, 0.9323061688368516897, 1.000000000000000000 ),
 .UNSPECIFIED. ) ;
#1207 = FILL_AREA_STYLE_COLOUR ( '', #10462 ) ;
#1208 = TOROIDAL_SURFACE ( 'NONE', #9289, 0.1500000000000001055, 0.05500000000000000028 ) ;
#1209 = UNCERTAINTY_MEASURE_WITH_UNIT (LENGTH_MEASURE( 1.000000000000000082E-05 ), #9884, 'distance_accuracy_value', 'NONE');
#1210 = COLOUR_RGB ( '',0.7529411764705882248, 0.7529411764705882248, 0.7529411764705882248 ) ;
#1211 = EDGE_CURVE ( 'NONE', #235, #6841, #87, .T. ) ;
#1212 = COLOUR_RGB ( '',0.9098039215686274384, 0.4431372549019607643, 0.03137254901960784270 ) ;
#1213 = ORIENTED_EDGE ( 'NONE', *, *, #10221, .T. ) ;
#1214 = CARTESIAN_POINT ( 'NONE',  ( -0.1429128784747971670, 0.2800000000000000266, -0.3999999999999999112 ) ) ;
#1215 = CARTESIAN_POINT ( 'NONE',  ( 0.7376454134560617160, 0.06732979804127568746, -0.6990000000000002878 ) ) ;
#1216 = CARTESIAN_POINT ( 'NONE',  ( 0.000000000000000000, 0.3299999999999999600, -0.1999999999999999001 ) ) ;
#1217 = MECHANICAL_DESIGN_GEOMETRIC_PRESENTATION_REPRESENTATION (  '', ( #6849 ), #9889 ) ;
#1218 = DIRECTION ( 'NONE',  ( 0.000000000000000000, 0.000000000000000000, -1.000000000000000000 ) ) ;
#1219 = VECTOR ( 'NONE', #9904, 1000.000000000000000 ) ;
#1220 = STYLED_ITEM ( 'NONE', ( #10779 ), #1230 ) ;
#1221 = CARTESIAN_POINT ( 'NONE',  ( -0.1199999999999999956, 0.1799999999999999101, -0.3999999999999999112 ) ) ;
#1222 = STYLED_ITEM ( 'NONE', ( #11050 ), #9641 ) ;
#1223 = CARTESIAN_POINT ( 'NONE',  ( 0.2170871215252210273, 0.1800000000000000766, -0.09999999999999988065 ) ) ;
#1224 = CYLINDRICAL_SURFACE ( 'NONE', #4662, 0.05499999999999997946 ) ;
#1225 = PRESENTATION_STYLE_ASSIGNMENT (( #7337 ) ) ;
#1226 = B_SPLINE_CURVE_WITH_KNOTS ( 'NONE', 3,
 ( #11184, #10286, #1851, #11585, #5339, #6146, #673, #10586, #11639, #8907, #6960, #3552, #2503, #1612, #1733, #11, #1671, #8084, #6087 ),
 .UNSPECIFIED., .F., .F.,
 ( 4, 1, 1, 1, 1, 1, 1, 1, 1, 1, 1, 1, 1, 1, 1, 1, 4 ),
 ( 0.000000000000000000, 0.07429619169027668057, 0.1443788321467846247, 0.2104779521626766736, 0.2735146103050159483, 0.3337905786993319301, 0.3923332665120537466, 0.4498851578508357707, 0.5076124060056993459, 0.5652508075195160631, 0.6231872918394525396, 0.6813298109894393439, 0.7409400148196144675, 0.8018760316168763724, 0.8652550298431294085, 0.9309487249441326107, 1.000000000000000000 ),
 .UNSPECIFIED. ) ;
#1227 = PLANE ( 'NONE',  #9733 ) ;
#1228 = ORIENTED_EDGE ( 'NONE', *, *, #6890, .F. ) ;
#1229 = FACE_OUTER_BOUND ( 'NONE', #5720, .T. ) ;
#1230 = ADVANCED_FACE ( 'NONE', ( #7273 ), #8791, .T. ) ;
#1231 = TOROIDAL_SURFACE ( 'NONE', #9130, 0.1500000000000000222, 0.05500000000000000028 ) ;
#1232 = ORIENTED_EDGE ( 'NONE', *, *, #5314, .T. ) ;
#1233 = CIRCLE ( 'NONE', #5746, 0.05499999999999997946 ) ;
#1234 = DIRECTION ( 'NONE',  ( 0.000000000000000000, 2.464095846557963117E-15, 1.000000000000000000 ) ) ;
#1235 = ADVANCED_FACE ( 'NONE', ( #8041 ), #9887, .T. ) ;
#1236 = CARTESIAN_POINT ( 'NONE',  ( 0.7645121951219511214, -0.02904916158536596446, -0.6989999999999999547 ) ) ;
#1237 = DIRECTION ( 'NONE',  ( 0.000000000000000000, -1.000000000000000000, 0.000000000000000000 ) ) ;
#1238 = AXIS2_PLACEMENT_3D ( 'NONE', #7869, #10845, #8045 ) ;
#1239 = DIRECTION ( 'NONE',  ( -1.000000000000000000, -0.000000000000000000, -0.000000000000000000 ) ) ;
#1240 = VECTOR ( 'NONE', #11293, 1000.000000000000000 ) ;
#1241 =( NAMED_UNIT ( * ) SI_UNIT ( $, .STERADIAN. ) SOLID_ANGLE_UNIT ( ) );
#1242 = SURFACE_SIDE_STYLE ('',( #10254 ) ) ;
#1243 = CARTESIAN_POINT ( 'NONE',  ( 0.7462645968701541177, 0.06157147486115205348, -0.6999999999999999556 ) ) ;
#1244 = FILL_AREA_STYLE ('',( #4071 ) ) ;
#1245 = PRESENTATION_LAYER_ASSIGNMENT (  '', '', ( #7255 ) ) ;
#1246 = PRESENTATION_STYLE_ASSIGNMENT (( #2189 ) ) ;
#1247 = EDGE_LOOP ( 'NONE', ( #245, #11349, #3313, #9723 ) ) ;
#1248 = ORIENTED_EDGE ( 'NONE', *, *, #1515, .T. ) ;
#1249 = SURFACE_STYLE_USAGE ( .BOTH. , #2991 ) ;
#1250 = CARTESIAN_POINT ( 'NONE',  ( 0.7689549183009489752, 0.05445673911640658282, -0.6999999999999998446 ) ) ;
#1251 = CARTESIAN_POINT ( 'NONE',  ( 0.7699999999999996847, -0.3999999999999998557, -0.6999999999999999556 ) ) ;
#1252 = CARTESIAN_POINT ( 'NONE',  ( 0.2949999999999999845, 0.3299999999999999600, -0.1999999999999999001 ) ) ;
#1253 = DIRECTION ( 'NONE',  ( 0.000000000000000000, -1.000000000000000000, 2.464095846557965483E-15 ) ) ;
#1254 = SURFACE_STYLE_USAGE ( .BOTH. , #1190 ) ;
#1255 = VERTEX_POINT ( 'NONE', #3790 ) ;
#1256 = SURFACE_SIDE_STYLE ('',( #8405 ) ) ;
#1257 = FILL_AREA_STYLE ('',( #7539 ) ) ;
#1258 = VERTEX_POINT ( 'NONE', #3905 ) ;
#1259 = CARTESIAN_POINT ( 'NONE',  ( 0.7266653994693299534, 0.03381595203132144872, -0.6989999999999999547 ) ) ;
#1260 = EDGE_CURVE ( 'NONE', #613, #10026, #3953, .T. ) ;
#1261 = CARTESIAN_POINT ( 'NONE',  ( -0.2629128784747791769, 0.1799999999999998823, -0.4999999999999998890 ) ) ;
#1262 = CARTESIAN_POINT ( 'NONE',  ( 0.7592345086843248492, -0.05132606452439918143, -0.6989999999999997327 ) ) ;
#1263 = SURFACE_STYLE_FILL_AREA ( #9325 ) ;
#1264 = ORIENTED_EDGE ( 'NONE', *, *, #5113, .T. ) ;
#1265 = CARTESIAN_POINT ( 'NONE',  ( -0.1199999999999999956, 0.1799999999999999378, -0.04999999999999975298 ) ) ;
#1266 = SURFACE_STYLE_USAGE ( .BOTH. , #320 ) ;
#1267 = CYLINDRICAL_SURFACE ( 'NONE', #3684, 0.05500000000000000028 ) ;
#1268 = VECTOR ( 'NONE', #5099, 1000.000000000000000 ) ;
#1269 = FACE_OUTER_BOUND ( 'NONE', #8194, .T. ) ;
#1270 =( BOUNDED_CURVE ( )  B_SPLINE_CURVE ( 3, ( #6937, #10744, #7834, #3588 ),
 .UNSPECIFIED., .F., .T. ) 
 B_SPLINE_CURVE_WITH_KNOTS ( ( 4, 4 ),
 ( 3.141592653589793116, 4.712388980384691450 ),
 .UNSPECIFIED. ) 
 CURVE ( )  GEOMETRIC_REPRESENTATION_ITEM ( )  RATIONAL_B_SPLINE_CURVE ( ( 1.000000000000000000, 0.8047378541243646044, 0.8047378541243646044, 1.000000000000000000 ) ) 
 REPRESENTATION_ITEM ( '' )  );
#1271 = AXIS2_PLACEMENT_3D ( 'NONE', #5993, #9645, #7818 ) ;
#1272 = ORIENTED_EDGE ( 'NONE', *, *, #2924, .T. ) ;
#1273 = LINE ( 'NONE', #10290, #11126 ) ;
#1274 = ADVANCED_FACE ( 'NONE', ( #4803 ), #7488, .T. ) ;
#1275 = CARTESIAN_POINT ( 'NONE',  ( 0.7222027919708049470, 0.05519480577089237727, -0.6989999999999999547 ) ) ;
#1276 =( NAMED_UNIT ( * ) PLANE_ANGLE_UNIT ( ) SI_UNIT ( $, .RADIAN. ) );
#1277 = VECTOR ( 'NONE', #7727, 1000.000000000000000 ) ;
#1278 = VERTEX_POINT ( 'NONE', #5741 ) ;
#1279 = SURFACE_STYLE_USAGE ( .BOTH. , #7851 ) ;
#1280 = AXIS2_PLACEMENT_3D ( 'NONE', #5759, #9637, #4055 ) ;
#1281 = FILL_AREA_STYLE_COLOUR ( '', #9817 ) ;
#1282 = EDGE_CURVE ( 'NONE', #11369, #9642, #4636, .T. ) ;
#1283 = CARTESIAN_POINT ( 'NONE',  ( -0.5300000000000003597, -0.3699999999999999956, -0.6999999999999999556 ) ) ;
#1284 =( NAMED_UNIT ( * ) SI_UNIT ( $, .STERADIAN. ) SOLID_ANGLE_UNIT ( ) );
#1285 = DIRECTION ( 'NONE',  ( 0.000000000000000000, -1.000000000000000000, 2.464095846557965483E-15 ) ) ;
#1286 = CARTESIAN_POINT ( 'NONE',  ( 0.7650983941625791873, 0.04213677138847082143, -0.6989999999999999547 ) ) ;
#1287 = ORIENTED_EDGE ( 'NONE', *, *, #11247, .T. ) ;
#1288 = SURFACE_STYLE_USAGE ( .BOTH. , #399 ) ;
#1289 = EDGE_LOOP ( 'NONE', ( #9313, #562, #4941, #4142 ) ) ;
#1290 =( NAMED_UNIT ( * ) SI_UNIT ( $, .STERADIAN. ) SOLID_ANGLE_UNIT ( ) );
#1291 = LINE ( 'NONE', #403, #6910 ) ;
#1292 = COLOUR_RGB ( '',0.9098039215686274384, 0.4431372549019607643, 0.03137254901960784270 ) ;
#1293 = CYLINDRICAL_SURFACE ( 'NONE', #978, 0.1000000000000000056 ) ;
#1294 = EDGE_CURVE ( 'NONE', #11438, #1472, #10895, .T. ) ;
#1295 = FILL_AREA_STYLE ('',( #9409 ) ) ;
#1296 =( GEOMETRIC_REPRESENTATION_CONTEXT ( 3 ) GLOBAL_UNCERTAINTY_ASSIGNED_CONTEXT ( ( #182 ) ) GLOBAL_UNIT_ASSIGNED_CONTEXT ( ( #7497, #209, #3797 ) ) REPRESENTATION_CONTEXT ( 'NONE', 'WORKASPACE' ) );
#1297 = SURFACE_STYLE_FILL_AREA ( #2184 ) ;
#1298 = CARTESIAN_POINT ( 'NONE',  ( 0.7476923403598408902, 0.06154434608049075273, -0.6999999999999998446 ) ) ;
#1299 =( NAMED_UNIT ( * ) PLANE_ANGLE_UNIT ( ) SI_UNIT ( $, .RADIAN. ) );
#1300 = DIRECTION ( 'NONE',  ( -0.000000000000000000, -0.000000000000000000, -1.000000000000000000 ) ) ;
#1301 = ORIENTED_EDGE ( 'NONE', *, *, #4147, .T. ) ;
#1302 = ORIENTED_EDGE ( 'NONE', *, *, #4300, .T. ) ;
#1303 = UNCERTAINTY_MEASURE_WITH_UNIT (LENGTH_MEASURE( 1.000000000000000082E-05 ), #9480, 'distance_accuracy_value', 'NONE');
#1304 = ADVANCED_FACE ( 'NONE', ( #1925 ), #5526, .T. ) ;
#1305 = AXIS2_PLACEMENT_3D ( 'NONE', #8706, #11512, #9863 ) ;
#1306 =( GEOMETRIC_REPRESENTATION_CONTEXT ( 3 ) GLOBAL_UNCERTAINTY_ASSIGNED_CONTEXT ( ( #2519 ) ) GLOBAL_UNIT_ASSIGNED_CONTEXT ( ( #8026, #5269, #10823 ) ) REPRESENTATION_CONTEXT ( 'NONE', 'WORKASPACE' ) );
#1307 = PLANE ( 'NONE',  #9203 ) ;
#1308 = FACE_OUTER_BOUND ( 'NONE', #11555, .T. ) ;
#1309 = VECTOR ( 'NONE', #10514, 1000.000000000000000 ) ;
#1310 = CARTESIAN_POINT ( 'NONE',  ( 0.7668383388795901867, 0.05848019271889627613, -0.6999999999999999556 ) ) ;
#1311 = DIRECTION ( 'NONE',  ( -1.000000000000000000, 0.000000000000000000, 0.000000000000000000 ) ) ;
#1312 =( NAMED_UNIT ( * ) PLANE_ANGLE_UNIT ( ) SI_UNIT ( $, .RADIAN. ) );
#1313 = CARTESIAN_POINT ( 'NONE',  ( -0.2629128784747789549, 0.2800000000000000266, -0.3999999999999999112 ) ) ;
#1314 = VECTOR ( 'NONE', #2476, 1000.000000000000000 ) ;
#1315 = CIRCLE ( 'NONE', #9385, 0.05499999999999997946 ) ;
#1316 = LINE ( 'NONE', #7419, #9835 ) ;
#1317 = FILL_AREA_STYLE ('',( #7667 ) ) ;
#1318 = COLOUR_RGB ( '',0.7529411764705882248, 0.7529411764705882248, 0.7529411764705882248 ) ;
#1319 = VERTEX_POINT ( 'NONE', #7617 ) ;
#1320 = ADVANCED_FACE ( 'NONE', ( #11238 ), #606, .T. ) ;
#1321 = CARTESIAN_POINT ( 'NONE',  ( 0.7318949001140355737, 0.05761349786781598536, -0.7000000000000000666 ) ) ;
#1322 = COLOUR_RGB ( '',0.7529411764705882248, 0.7529411764705882248, 0.7529411764705882248 ) ;
#1323 = SURFACE_SIDE_STYLE ('',( #10165 ) ) ;
#1324 = ORIENTED_EDGE ( 'NONE', *, *, #2607, .T. ) ;
#1325 = DIRECTION ( 'NONE',  ( 0.000000000000000000, 0.000000000000000000, 1.000000000000000000 ) ) ;
#1326 = AXIS2_PLACEMENT_3D ( 'NONE', #5923, #10589, #6092 ) ;
#1327 = LINE ( 'NONE', #10116, #2484 ) ;
#1328 = LINE ( 'NONE', #5039, #5375 ) ;
#1329 = UNCERTAINTY_MEASURE_WITH_UNIT (LENGTH_MEASURE( 1.000000000000000082E-05 ), #4916, 'distance_accuracy_value', 'NONE');
#1330 = ORIENTED_EDGE ( 'NONE', *, *, #11519, .F. ) ;
#1331 = AXIS2_PLACEMENT_3D ( 'NONE', #6404, #3649, #10032 ) ;
#1332 = CARTESIAN_POINT ( 'NONE',  ( 0.7222027919708049470, 0.05519480577089237727, -0.6989999999999999547 ) ) ;
#1333 = AXIS2_PLACEMENT_3D ( 'NONE', #3678, #11591, #1804 ) ;
#1334 = VERTEX_POINT ( 'NONE', #550 ) ;
#1335 = FILL_AREA_STYLE ('',( #2333 ) ) ;
#1336 = DIRECTION ( 'NONE',  ( 0.000000000000000000, -1.000000000000000000, 0.000000000000000000 ) ) ;
#1337 = AXIS2_PLACEMENT_3D ( 'NONE', #10388, #778, #9796 ) ;
#1338 = CARTESIAN_POINT ( 'NONE',  ( 0.2399999999999999911, -0.1800000000000002154, -0.5499999999999999334 ) ) ;
#1339 = EDGE_CURVE ( 'NONE', #7509, #9642, #4920, .T. ) ;
#1340 = STYLED_ITEM ( 'NONE', ( #9176 ), #8542 ) ;
#1341 = CARTESIAN_POINT ( 'NONE',  ( 0.2399999999999999911, -0.3300000000000002376, -0.3999999999999999667 ) ) ;
#1342 = ORIENTED_EDGE ( 'NONE', *, *, #7911, .T. ) ;
#1343 = ORIENTED_EDGE ( 'NONE', *, *, #7178, .F. ) ;
#1344 = CARTESIAN_POINT ( 'NONE',  ( -0.2170871215252209718, 0.1799999999999999101, -0.1999999999999998723 ) ) ;
#1345 = PRESENTATION_LAYER_ASSIGNMENT (  '', '', ( #5500 ) ) ;
#1346 = CARTESIAN_POINT ( 'NONE',  ( 0.5000000000000003331, 0.2800000000000000266, -0.3999999999999999112 ) ) ;
#1347 = VECTOR ( 'NONE', #2580, 1000.000000000000000 ) ;
#1348 = SURFACE_SIDE_STYLE ('',( #3149 ) ) ;
#1349 = CARTESIAN_POINT ( 'NONE',  ( 0.7445141006097559799, -0.04878048780487816150, -0.6989999999999999547 ) ) ;
#1350 = FILL_AREA_STYLE ('',( #3038 ) ) ;
#1351 = SURFACE_SIDE_STYLE ('',( #4888 ) ) ;
#1352 =( NAMED_UNIT ( * ) PLANE_ANGLE_UNIT ( ) SI_UNIT ( $, .RADIAN. ) );
#1353 = SURFACE_SIDE_STYLE ('',( #406 ) ) ;
#1354 = DIRECTION ( 'NONE',  ( 0.000000000000000000, 1.000000000000000000, 0.000000000000000000 ) ) ;
#1355 = EDGE_CURVE ( 'NONE', #6388, #7990, #8873, .T. ) ;
#1356 = PRESENTATION_LAYER_ASSIGNMENT (  '', '', ( #2288 ) ) ;
#1357 =( NAMED_UNIT ( * ) SI_UNIT ( $, .STERADIAN. ) SOLID_ANGLE_UNIT ( ) );
#1358 =( NAMED_UNIT ( * ) PLANE_ANGLE_UNIT ( ) SI_UNIT ( $, .RADIAN. ) );
#1359 = COLOUR_RGB ( '',0.9098039215686274384, 0.4431372549019607643, 0.03137254901960784270 ) ;
#1360 = ORIENTED_EDGE ( 'NONE', *, *, #10307, .F. ) ;
#1361 = VERTEX_POINT ( 'NONE', #5086 ) ;
#1362 = PRESENTATION_STYLE_ASSIGNMENT (( #2361 ) ) ;
#1363 = ADVANCED_FACE ( 'NONE', ( #8648 ), #10459, .T. ) ;
#1364 = FILL_AREA_STYLE ('',( #3887 ) ) ;
#1365 = DIRECTION ( 'NONE',  ( -9.486769009248167742E-16, -1.000000000000000000, 0.000000000000000000 ) ) ;
#1366 = PRESENTATION_STYLE_ASSIGNMENT (( #10383 ) ) ;
#1367 = SURFACE_STYLE_FILL_AREA ( #4138 ) ;
#1368 = CARTESIAN_POINT ( 'NONE',  ( 0.3829128784747788949, -0.1800000000000001321, -0.09999999999999988065 ) ) ;
#1369 = SURFACE_SIDE_STYLE ('',( #2425 ) ) ;
#1370 =( NAMED_UNIT ( * ) PLANE_ANGLE_UNIT ( ) SI_UNIT ( $, .RADIAN. ) );
#1371 = SURFACE_SIDE_STYLE ('',( #11339 ) ) ;
#1372 = EDGE_LOOP ( 'NONE', ( #42, #1204, #4117, #3434 ) ) ;
#1373 = CARTESIAN_POINT ( 'NONE',  ( 0.7389855423570554915, 0.06088684825404806072, -0.6999999999999999556 ) ) ;
#1374 = PRESENTATION_LAYER_ASSIGNMENT (  '', '', ( #4198 ) ) ;
#1375 = ADVANCED_FACE ( 'NONE', ( #4445 ), #6955, .F. ) ;
#1376 = CARTESIAN_POINT ( 'NONE',  ( 0.7695998273911768273, -0.03441520244609141965, -0.6989999999999997327 ) ) ;
#1377 = FACE_OUTER_BOUND ( 'NONE', #3019, .T. ) ;
#1378 = ORIENTED_EDGE ( 'NONE', *, *, #204, .F. ) ;
#1379 = EDGE_CURVE ( 'NONE', #4864, #2283, #5274, .T. ) ;
#1380 = SURFACE_STYLE_USAGE ( .BOTH. , #9442 ) ;
#1381 = CARTESIAN_POINT ( 'NONE',  ( 0.7681891798986252295, 0.03251187419298101622, -0.7000000000000000666 ) ) ;
#1382 = CARTESIAN_POINT ( 'NONE',  ( -0.2399999999999999911, -0.1800000000000001876, -0.1999999999999998723 ) ) ;
#1383 = CIRCLE ( 'NONE', #11191, 0.05500000000000003497 ) ;
#1384 = DIRECTION ( 'NONE',  ( -0.3222024856061126985, 0.9466707760722534726, 0.000000000000000000 ) ) ;
#1385 = LINE ( 'NONE', #2267, #8359 ) ;
#1386 = PRESENTATION_STYLE_ASSIGNMENT (( #11356 ) ) ;
#1387 = ORIENTED_EDGE ( 'NONE', *, *, #9495, .F. ) ;
#1388 = DIRECTION ( 'NONE',  ( -0.000000000000000000, -1.000000000000000000, 5.646886315028668105E-17 ) ) ;
#1389 = CARTESIAN_POINT ( 'NONE',  ( 0.7194112551541139711, 0.04376700701676918687, -0.6989999999999999547 ) ) ;
#1390 = MECHANICAL_DESIGN_GEOMETRIC_PRESENTATION_REPRESENTATION (  '', ( #8906 ), #5163 ) ;
#1391 = CARTESIAN_POINT ( 'NONE',  ( 0.7208947507368492769, -0.03723473558547921169, -0.6989999999999999547 ) ) ;
#1392 = ORIENTED_EDGE ( 'NONE', *, *, #2989, .T. ) ;
#1393 = PLANE ( 'NONE',  #1789 ) ;
#1394 = AXIS2_PLACEMENT_3D ( 'NONE', #8649, #5275, #4212 ) ;
#1395 = LINE ( 'NONE', #4998, #6492 ) ;
#1396 = CARTESIAN_POINT ( 'NONE',  ( 0.8019999999999994911, -0.2800000000000000266, -0.1999999999999998723 ) ) ;
#1397 = STYLED_ITEM ( 'NONE', ( #11151 ), #970 ) ;
#1398 =( GEOMETRIC_REPRESENTATION_CONTEXT ( 3 ) GLOBAL_UNCERTAINTY_ASSIGNED_CONTEXT ( ( #6498 ) ) GLOBAL_UNIT_ASSIGNED_CONTEXT ( ( #5331, #1905, #917 ) ) REPRESENTATION_CONTEXT ( 'NONE', 'WORKASPACE' ) );
#1399 = ORIENTED_EDGE ( 'NONE', *, *, #3185, .T. ) ;
#1400 = FACE_OUTER_BOUND ( 'NONE', #11497, .T. ) ;
#1401 = EDGE_LOOP ( 'NONE', ( #7908, #8629, #800, #11623 ) ) ;
#1402 = LINE ( 'NONE', #8561, #3948 ) ;
#1403 = MECHANICAL_DESIGN_GEOMETRIC_PRESENTATION_REPRESENTATION (  '', ( #5554 ), #2167 ) ;
#1404 = MECHANICAL_DESIGN_GEOMETRIC_PRESENTATION_REPRESENTATION (  '', ( #275 ), #10847 ) ;
#1405 = EDGE_CURVE ( 'NONE', #10830, #4716, #7729, .T. ) ;
#1406 = AXIS2_PLACEMENT_3D ( 'NONE', #6363, #5508, #8959 ) ;
#1407 =( NAMED_UNIT ( * ) SI_UNIT ( $, .STERADIAN. ) SOLID_ANGLE_UNIT ( ) );
#1408 =( LENGTH_UNIT ( ) NAMED_UNIT ( * ) SI_UNIT ( .MILLI., .METRE. ) );
#1409 = DIRECTION ( 'NONE',  ( 0.000000000000000000, -0.000000000000000000, -1.000000000000000000 ) ) ;
#1410 = SURFACE_SIDE_STYLE ('',( #1465 ) ) ;
#1411 = DIRECTION ( 'NONE',  ( -1.000000000000000000, -0.000000000000000000, -0.000000000000000000 ) ) ;
#1412 = DIRECTION ( 'NONE',  ( 0.000000000000000000, 1.000000000000000000, -2.578241652818821251E-15 ) ) ;
#1413 = COLOUR_RGB ( '',0.7529411764705882248, 0.7529411764705882248, 0.7529411764705882248 ) ;
#1414 = LINE ( 'NONE', #4894, #6131 ) ;
#1415 = EDGE_LOOP ( 'NONE', ( #5609, #10604, #2823, #10143 ) ) ;
#1416 = ORIENTED_EDGE ( 'NONE', *, *, #11143, .T. ) ;
#1417 = MECHANICAL_DESIGN_GEOMETRIC_PRESENTATION_REPRESENTATION (  '', ( #11590 ), #7996 ) ;
#1418 = ORIENTED_EDGE ( 'NONE', *, *, #9852, .F. ) ;
#1419 = EDGE_CURVE ( 'NONE', #7466, #3160, #9932, .T. ) ;
#1420 = PRESENTATION_STYLE_ASSIGNMENT (( #11100 ) ) ;
#1421 =( GEOMETRIC_REPRESENTATION_CONTEXT ( 3 ) GLOBAL_UNCERTAINTY_ASSIGNED_CONTEXT ( ( #10510 ) ) GLOBAL_UNIT_ASSIGNED_CONTEXT ( ( #6497, #2958, #3130 ) ) REPRESENTATION_CONTEXT ( 'NONE', 'WORKASPACE' ) );
#1422 = CARTESIAN_POINT ( 'NONE',  ( 0.7291371930625031306, 0.05503284455404348907, -0.7000000000000000666 ) ) ;
#1423 = FACE_OUTER_BOUND ( 'NONE', #8814, .T. ) ;
#1424 = VECTOR ( 'NONE', #7165, 1000.000000000000000 ) ;
#1425 = LINE ( 'NONE', #7602, #4946 ) ;
#1426 = EDGE_CURVE ( 'NONE', #9047, #7156, #9873, .T. ) ;
#1427 = DIRECTION ( 'NONE',  ( 0.000000000000000000, -1.000000000000000000, 2.464095846557965483E-15 ) ) ;
#1428 = ORIENTED_EDGE ( 'NONE', *, *, #6318, .F. ) ;
#1429 = AXIS2_PLACEMENT_3D ( 'NONE', #8922, #7927, #879 ) ;
#1430 = VECTOR ( 'NONE', #1336, 1000.000000000000000 ) ;
#1431 = ADVANCED_FACE ( 'NONE', ( #3360 ), #10583, .T. ) ;
#1432 =( NAMED_UNIT ( * ) PLANE_ANGLE_UNIT ( ) SI_UNIT ( $, .RADIAN. ) );
#1433 = CARTESIAN_POINT ( 'NONE',  ( 0.7650983941625791873, 0.04213677138847082143, -0.6999999999999999556 ) ) ;
#1434 = ORIENTED_EDGE ( 'NONE', *, *, #10153, .F. ) ;
#1435 = CARTESIAN_POINT ( 'NONE',  ( 0.3599999999999999867, -0.1800000000000001876, -0.1999999999999998723 ) ) ;
#1436 =( LENGTH_UNIT ( ) NAMED_UNIT ( * ) SI_UNIT ( .MILLI., .METRE. ) );
#1437 = ADVANCED_FACE ( 'NONE', ( #10103 ), #2027, .T. ) ;
#1438 = CARTESIAN_POINT ( 'NONE',  ( 0.000000000000000000, 0.000000000000000000, -0.6999999999999999556 ) ) ;
#1439 = DIRECTION ( 'NONE',  ( -1.000000000000000000, -0.000000000000000000, -0.000000000000000000 ) ) ;
#1440 = COLOUR_RGB ( '',0.7529411764705882248, 0.7529411764705882248, 0.7529411764705882248 ) ;
#1441 = EDGE_CURVE ( 'NONE', #3159, #7354, #5620, .T. ) ;
#1442 = EDGE_LOOP ( 'NONE', ( #5889, #5911, #8943, #9403, #1053, #10293 ) ) ;
#1443 = DIRECTION ( 'NONE',  ( -1.000000000000000000, -0.000000000000000000, -0.000000000000000000 ) ) ;
#1444 = CARTESIAN_POINT ( 'NONE',  ( 0.7198048703803778814, 0.04813554755907670235, -0.7000000000000000666 ) ) ;
#1445 = CARTESIAN_POINT ( 'NONE',  ( 0.7559756097560973442, -0.09189214939024403783, -0.6989999999999999547 ) ) ;
#1446 = CARTESIAN_POINT ( 'NONE',  ( 0.1429128784747786263, -0.2800000000000000266, -0.3999999999999999112 ) ) ;
#1447 = EDGE_LOOP ( 'NONE', ( #11681, #8879, #7540, #11042 ) ) ;
#1448 =( GEOMETRIC_REPRESENTATION_CONTEXT ( 3 ) GLOBAL_UNCERTAINTY_ASSIGNED_CONTEXT ( ( #2606 ) ) GLOBAL_UNIT_ASSIGNED_CONTEXT ( ( #4513, #9820, #8916 ) ) REPRESENTATION_CONTEXT ( 'NONE', 'WORKASPACE' ) );
#1449 = SURFACE_SIDE_STYLE ('',( #4112 ) ) ;
#1450 = DIRECTION ( 'NONE',  ( 0.000000000000000000, 0.000000000000000000, -1.000000000000000000 ) ) ;
#1451 = DIRECTION ( 'NONE',  ( 0.000000000000000000, -2.216840928656986572E-15, -1.000000000000000000 ) ) ;
#1452 = AXIS2_PLACEMENT_3D ( 'NONE', #6989, #2406, #6112 ) ;
#1453 = ORIENTED_EDGE ( 'NONE', *, *, #7893, .T. ) ;
#1454 = CARTESIAN_POINT ( 'NONE',  ( 0.7248780487804876715, 0.04280678353658522867, -0.6989999999999999547 ) ) ;
#1455 = ORIENTED_EDGE ( 'NONE', *, *, #8306, .T. ) ;
#1456 = COLOUR_RGB ( '',0.7529411764705882248, 0.7529411764705882248, 0.7529411764705882248 ) ;
#1457 = DIRECTION ( 'NONE',  ( -0.000000000000000000, -0.000000000000000000, -1.000000000000000000 ) ) ;
#1458 = LINE ( 'NONE', #5709, #2661 ) ;
#1459 = CIRCLE ( 'NONE', #11258, 0.05499999999999997946 ) ;
#1460 = FILL_AREA_STYLE ('',( #3446 ) ) ;
#1461 = CARTESIAN_POINT ( 'NONE',  ( 0.7529224795137733350, -0.04751678783719726074, -0.6990000000000000657 ) ) ;
#1462 = LINE ( 'NONE', #580, #2651 ) ;
#1463 =( NAMED_UNIT ( * ) PLANE_ANGLE_UNIT ( ) SI_UNIT ( $, .RADIAN. ) );
#1464 = MECHANICAL_DESIGN_GEOMETRIC_PRESENTATION_REPRESENTATION (  '', ( #6173 ), #8988 ) ;
#1465 = SURFACE_STYLE_FILL_AREA ( #4000 ) ;
#1466 = DIRECTION ( 'NONE',  ( 0.000000000000000000, -2.710505431213761085E-16, 1.000000000000000000 ) ) ;
#1467 = CARTESIAN_POINT ( 'NONE',  ( -0.2629128784747791769, 0.1800000000000000766, -0.4999999999999998890 ) ) ;
#1468 = DIRECTION ( 'NONE',  ( 0.000000000000000000, 1.000000000000000000, 0.000000000000000000 ) ) ;
#1469 = SURFACE_STYLE_USAGE ( .BOTH. , #9536 ) ;
#1470 = PRESENTATION_LAYER_ASSIGNMENT (  '', '', ( #11455 ) ) ;
#1471 = ORIENTED_EDGE ( 'NONE', *, *, #10893, .F. ) ;
#1472 = VERTEX_POINT ( 'NONE', #9256 ) ;
#1473 = ORIENTED_EDGE ( 'NONE', *, *, #957, .T. ) ;
#1474 = CARTESIAN_POINT ( 'NONE',  ( 0.7199999999999998623, -0.07804878048780501676, -0.6999999999999999556 ) ) ;
#1475 =( NAMED_UNIT ( * ) PLANE_ANGLE_UNIT ( ) SI_UNIT ( $, .RADIAN. ) );
#1476 = AXIS2_PLACEMENT_3D ( 'NONE', #3244, #11246, #7564 ) ;
#1477 = LINE ( 'NONE', #6763, #10453 ) ;
#1478 = CARTESIAN_POINT ( 'NONE',  ( -0.3049999999999999933, 0.3299999999999999600, -0.1999999999999999001 ) ) ;
#1479 = DIRECTION ( 'NONE',  ( -1.000000000000000000, -0.000000000000000000, -0.000000000000000000 ) ) ;
#1480 = ORIENTED_EDGE ( 'NONE', *, *, #8667, .T. ) ;
#1481 = AXIS2_PLACEMENT_3D ( 'NONE', #10125, #8259, #2915 ) ;
#1482 = ADVANCED_FACE ( 'NONE', ( #5730 ), #6593, .F. ) ;
#1483 = CARTESIAN_POINT ( 'NONE',  ( 0.7370286761635985728, 0.06031887329182945845, -0.6990000000000000657 ) ) ;
#1484 =( LENGTH_UNIT ( ) NAMED_UNIT ( * ) SI_UNIT ( .MILLI., .METRE. ) );
#1485 = EDGE_CURVE ( 'NONE', #5988, #11165, #5524, .T. ) ;
#1486 = SURFACE_STYLE_USAGE ( .BOTH. , #2496 ) ;
#1487 = VECTOR ( 'NONE', #2662, 1000.000000000000000 ) ;
#1489 = ORIENTED_EDGE ( 'NONE', *, *, #1792, .T. ) ;
#1488 = PLANE ( 'NONE',  #4134 ) ;
#1490 = MECHANICAL_DESIGN_GEOMETRIC_PRESENTATION_REPRESENTATION (  '', ( #6379 ), #10540 ) ;
#1491 = CARTESIAN_POINT ( 'NONE',  ( 0.7256637425191414525, 0.03668698776661510202, -0.6999999999999998446 ) ) ;
#1492 =( LENGTH_UNIT ( ) NAMED_UNIT ( * ) SI_UNIT ( .MILLI., .METRE. ) );
#1493 = DIRECTION ( 'NONE',  ( -0.000000000000000000, -0.000000000000000000, -1.000000000000000000 ) ) ;
#1494 = CARTESIAN_POINT ( 'NONE',  ( 0.7706097560975608829, 0.04485518292682912772, -0.6999999999999999556 ) ) ;
#1495 = DIRECTION ( 'NONE',  ( 1.000000000000000000, 0.000000000000000000, 0.000000000000000000 ) ) ;
#1496 = CARTESIAN_POINT ( 'NONE',  ( -0.2399999999999999911, -0.3300000000000002931, -0.1999999999999999001 ) ) ;
#1497 = ORIENTED_EDGE ( 'NONE', *, *, #3871, .T. ) ;
#1498 = PRESENTATION_LAYER_ASSIGNMENT (  '', '', ( #4697 ) ) ;
#1499 = EDGE_LOOP ( 'NONE', ( #7642, #1852, #7798, #471, #2006, #192, #3441, #10352 ) ) ;
#1500 = EDGE_CURVE ( 'NONE', #8789, #9416, #3229, .T. ) ;
#1501 = DIRECTION ( 'NONE',  ( 0.000000000000000000, -2.464095846557964300E-15, -1.000000000000000000 ) ) ;
#1502 = EDGE_CURVE ( 'NONE', #11579, #4988, #11166, .T. ) ;
#1503 = ORIENTED_EDGE ( 'NONE', *, *, #7092, .T. ) ;
#1504 = AXIS2_PLACEMENT_3D ( 'NONE', #1344, #2117, #4824 ) ;
#1505 = SURFACE_STYLE_FILL_AREA ( #5984 ) ;
#1506 = DIRECTION ( 'NONE',  ( 0.000000000000000000, -1.000000000000000000, 0.000000000000000000 ) ) ;
#1507 =( NAMED_UNIT ( * ) SI_UNIT ( $, .STERADIAN. ) SOLID_ANGLE_UNIT ( ) );
#1508 = CARTESIAN_POINT ( 'NONE',  ( 0.02291287847477915807, 0.1799999999999998823, -0.4999999999999998890 ) ) ;
#1509 = DIRECTION ( 'NONE',  ( 2.710505431213760592E-16, -1.000000000000000000, 0.000000000000000000 ) ) ;
#1510 = ORIENTED_EDGE ( 'NONE', *, *, #2543, .T. ) ;
#1511 = ORIENTED_EDGE ( 'NONE', *, *, #9417, .T. ) ;
#1512 = MECHANICAL_DESIGN_GEOMETRIC_PRESENTATION_REPRESENTATION (  '', ( #6575 ), #1709 ) ;
#1513 = CARTESIAN_POINT ( 'NONE',  ( 0.7301817374440764397, -0.05132407974441315773, -0.6999999999999999556 ) ) ;
#1514 =( LENGTH_UNIT ( ) NAMED_UNIT ( * ) SI_UNIT ( .MILLI., .METRE. ) );
#1515 = EDGE_CURVE ( 'NONE', #5190, #6123, #5885, .T. ) ;
#1516 = CARTESIAN_POINT ( 'NONE',  ( -0.3370871215252210784, -0.1800000000000001321, -0.09999999999999988065 ) ) ;
#1517 = DIRECTION ( 'NONE',  ( 0.000000000000000000, 2.578241652818821251E-15, 1.000000000000000000 ) ) ;
#1518 = EDGE_CURVE ( 'NONE', #5647, #6745, #9260, .T. ) ;
#1519 = VECTOR ( 'NONE', #5575, 1000.000000000000000 ) ;
#1520 = DIRECTION ( 'NONE',  ( -1.000000000000000000, -0.000000000000000000, -0.000000000000000000 ) ) ;
#1521 = DIRECTION ( 'NONE',  ( 0.000000000000000000, 0.000000000000000000, 1.000000000000000000 ) ) ;
#1522 = ORIENTED_EDGE ( 'NONE', *, *, #4525, .F. ) ;
#1523 = ORIENTED_EDGE ( 'NONE', *, *, #8186, .T. ) ;
#1524 = VERTEX_POINT ( 'NONE', #4968 ) ;
#1525 = AXIS2_PLACEMENT_3D ( 'NONE', #1123, #4713, #5655 ) ;
#1526 = PRESENTATION_LAYER_ASSIGNMENT (  '', '', ( #9428 ) ) ;
#1527 = COLOUR_RGB ( '',0.7529411764705882248, 0.7529411764705882248, 0.7529411764705882248 ) ;
#1528 = DIRECTION ( 'NONE',  ( -1.000000000000000000, -0.000000000000000000, -0.000000000000000000 ) ) ;
#1529 =( GEOMETRIC_REPRESENTATION_CONTEXT ( 3 ) GLOBAL_UNCERTAINTY_ASSIGNED_CONTEXT ( ( #9334 ) ) GLOBAL_UNIT_ASSIGNED_CONTEXT ( ( #3510, #7106, #5117 ) ) REPRESENTATION_CONTEXT ( 'NONE', 'WORKASPACE' ) );
#1530 = LINE ( 'NONE', #10499, #500 ) ;
#1531 = CARTESIAN_POINT ( 'NONE',  ( 0.7999999999999996003, 0.4000000000000001332, 0.1000000000000000056 ) ) ;
#1532 = COLOUR_RGB ( '',0.9098039215686274384, 0.4431372549019607643, 0.03137254901960784270 ) ;
#1533 =( NAMED_UNIT ( * ) PLANE_ANGLE_UNIT ( ) SI_UNIT ( $, .RADIAN. ) );
#1534 = FILL_AREA_STYLE_COLOUR ( '', #820 ) ;
#1535 = CARTESIAN_POINT ( 'NONE',  ( 0.7651219512195119865, 0.04393102134146327498, -0.6999999999999999556 ) ) ;
#1536 = ORIENTED_EDGE ( 'NONE', *, *, #10166, .T. ) ;
#1537 = STYLED_ITEM ( 'NONE', ( #4567 ), #706 ) ;
#1538 = PRESENTATION_LAYER_ASSIGNMENT (  '', '', ( #8660 ) ) ;
#1539 = AXIS2_PLACEMENT_3D ( 'NONE', #4388, #10827, #8967 ) ;
#1540 =( NAMED_UNIT ( * ) PLANE_ANGLE_UNIT ( ) SI_UNIT ( $, .RADIAN. ) );
#1541 = CARTESIAN_POINT ( 'NONE',  ( -0.5300000000000003597, 0.3700000000000000511, -0.6999999999999999556 ) ) ;
#1542 = EDGE_CURVE ( 'NONE', #1708, #2750, #5839, .T. ) ;
#1544 = ORIENTED_EDGE ( 'NONE', *, *, #9628, .F. ) ;
#1543 = CARTESIAN_POINT ( 'NONE',  ( 0.2399999999999999911, -0.3300000000000002931, -0.1999999999999999001 ) ) ;
#1545 =( NAMED_UNIT ( * ) PLANE_ANGLE_UNIT ( ) SI_UNIT ( $, .RADIAN. ) );
#1546 = CARTESIAN_POINT ( 'NONE',  ( -0.06499999999999997446, 0.3299999999999999600, -0.1999999999999999001 ) ) ;
#1547 = AXIS2_PLACEMENT_3D ( 'NONE', #2732, #6321, #9933 ) ;
#1548 = DIRECTION ( 'NONE',  ( 0.000000000000000000, 1.000000000000000000, -2.578241652818821251E-15 ) ) ;
#1549 = DIRECTION ( 'NONE',  ( 0.000000000000000000, -2.216840928656986572E-15, -1.000000000000000000 ) ) ;
#1550 = DIRECTION ( 'NONE',  ( 0.000000000000000000, -1.000000000000000000, 0.000000000000000000 ) ) ;
#1551 = ORIENTED_EDGE ( 'NONE', *, *, #9874, .T. ) ;
#1552 = CARTESIAN_POINT ( 'NONE',  ( 0.8019999999999994911, 0.2800000000000000266, -0.1999999999999998723 ) ) ;
#1553 = ORIENTED_EDGE ( 'NONE', *, *, #2946, .T. ) ;
#1554 = DIRECTION ( 'NONE',  ( 0.000000000000000000, 1.000000000000000000, 0.000000000000000000 ) ) ;
#1555 = PRESENTATION_STYLE_ASSIGNMENT (( #4046 ) ) ;
#1556 = CARTESIAN_POINT ( 'NONE',  ( 0.7288846358387974789, -0.08062476270952481650, -0.7000000000000000666 ) ) ;
#1557 = ORIENTED_EDGE ( 'NONE', *, *, #3022, .T. ) ;
#1558 = CARTESIAN_POINT ( 'NONE',  ( 0.7200204745964046138, -0.03027263284014452757, -0.6990000000000000657 ) ) ;
#1559 = DIRECTION ( 'NONE',  ( 1.000000000000000000, 0.000000000000000000, 0.000000000000000000 ) ) ;
#1560 = ADVANCED_FACE ( 'NONE', ( #6828 ), #8582, .F. ) ;
#1561 = UNCERTAINTY_MEASURE_WITH_UNIT (LENGTH_MEASURE( 1.000000000000000082E-05 ), #3006, 'distance_accuracy_value', 'NONE');
#1562 = VERTEX_POINT ( 'NONE', #9372 ) ;
#1563 = STYLED_ITEM ( 'NONE', ( #4517 ), #10591 ) ;
#1564 = ORIENTED_EDGE ( 'NONE', *, *, #7809, .T. ) ;
#1565 = DIRECTION ( 'NONE',  ( 0.000000000000000000, 0.000000000000000000, 1.000000000000000000 ) ) ;
#1566 = LINE ( 'NONE', #5179, #10170 ) ;
#1567 = CARTESIAN_POINT ( 'NONE',  ( 0.000000000000000000, 0.3299999999999999600, -0.3999999999999999667 ) ) ;
#1568 = EDGE_CURVE ( 'NONE', #95, #9301, #2505, .T. ) ;
#1569 = PRESENTATION_STYLE_ASSIGNMENT (( #578 ) ) ;
#1570 = AXIS2_PLACEMENT_3D ( 'NONE', #8889, #2772, #10696 ) ;
#1571 = CARTESIAN_POINT ( 'NONE',  ( -0.2399999999999999911, 0.3299999999999999600, -0.3999999999999999667 ) ) ;
#1572 = CIRCLE ( 'NONE', #8155, 0.05499999999999997946 ) ;
#1573 = DIRECTION ( 'NONE',  ( -0.000000000000000000, -0.000000000000000000, -1.000000000000000000 ) ) ;
#1574 = CYLINDRICAL_SURFACE ( 'NONE', #10212, 0.05500000000000003497 ) ;
#1575 = DIRECTION ( 'NONE',  ( 0.000000000000000000, 2.464095846557963117E-15, 1.000000000000000000 ) ) ;
#1576 = PRESENTATION_STYLE_ASSIGNMENT (( #9592 ) ) ;
#1577 = CARTESIAN_POINT ( 'NONE',  ( 0.5000000000000004441, -0.4000000000000001332, -0.6999999999999999556 ) ) ;
#1578 = ADVANCED_FACE ( 'NONE', ( #4016 ), #3285, .T. ) ;
#1579 = PRESENTATION_STYLE_ASSIGNMENT (( #10374 ) ) ;
#1580 = DIRECTION ( 'NONE',  ( 1.000000000000000000, 0.000000000000000000, 0.000000000000000000 ) ) ;
#1581 = VERTEX_POINT ( 'NONE', #10569 ) ;
#1582 = EDGE_LOOP ( 'NONE', ( #8218, #10992, #2692, #1330, #11643, #9823 ) ) ;
#1583 = ORIENTED_EDGE ( 'NONE', *, *, #10573, .T. ) ;
#1584 = VECTOR ( 'NONE', #7110, 1000.000000000000000 ) ;
#1585 = SURFACE_STYLE_USAGE ( .BOTH. , #9851 ) ;
#1586 = AXIS2_PLACEMENT_3D ( 'NONE', #746, #5287, #4400 ) ;
#1587 = EDGE_CURVE ( 'NONE', #11436, #8918, #9607, .T. ) ;
#1588 = COLOUR_RGB ( '',0.7529411764705882248, 0.7529411764705882248, 0.7529411764705882248 ) ;
#1590 = ORIENTED_EDGE ( 'NONE', *, *, #11111, .F. ) ;
#1589 = FILL_AREA_STYLE ('',( #6939 ) ) ;
#1591 = STYLED_ITEM ( 'NONE', ( #6597 ), #4104 ) ;
#1592 = DIRECTION ( 'NONE',  ( -1.355252715606880296E-16, 1.000000000000000000, 0.000000000000000000 ) ) ;
#1593 = AXIS2_PLACEMENT_3D ( 'NONE', #2920, #10186, #9169 ) ;
#1594 =( NAMED_UNIT ( * ) PLANE_ANGLE_UNIT ( ) SI_UNIT ( $, .RADIAN. ) );
#1595 = VECTOR ( 'NONE', #10006, 1000.000000000000000 ) ;
#1596 = FILL_AREA_STYLE_COLOUR ( '', #9697 ) ;
#1597 = EDGE_LOOP ( 'NONE', ( #7026, #10376, #833, #10468 ) ) ;
#1598 = CARTESIAN_POINT ( 'NONE',  ( 0.3370871215252208009, 0.1799999999999998823, -0.4999999999999998890 ) ) ;
#1599 = VECTOR ( 'NONE', #5784, 1000.000000000000000 ) ;
#1600 = STYLED_ITEM ( 'NONE', ( #7375 ), #11513 ) ;
#1601 = UNCERTAINTY_MEASURE_WITH_UNIT (LENGTH_MEASURE( 1.000000000000000082E-05 ), #8968, 'distance_accuracy_value', 'NONE');
#1602 = CARTESIAN_POINT ( 'NONE',  ( 0.7699999999999999067, 0.07256097560975606486, -0.6999999999999999556 ) ) ;
#1603 = CARTESIAN_POINT ( 'NONE',  ( 0.7651053963153177095, 0.04457335509202411949, -0.6999999999999997335 ) ) ;
#1604 = CARTESIAN_POINT ( 'NONE',  ( -0.5000000000000003331, 0.4000000000000000222, -0.6700000000000000400 ) ) ;
#1606 = ORIENTED_EDGE ( 'NONE', *, *, #3504, .F. ) ;
#1605 =( NAMED_UNIT ( * ) SI_UNIT ( $, .STERADIAN. ) SOLID_ANGLE_UNIT ( ) );
#1607 = MANIFOLD_SOLID_BREP ( 'ÇÐ³ý-À­Éì1', #4371 ) ;
#1608 = FILL_AREA_STYLE_COLOUR ( '', #4936 ) ;
#1609 = VECTOR ( 'NONE', #5868, 1000.000000000000000 ) ;
#1610 = COLOUR_RGB ( '',0.7529411764705882248, 0.7529411764705882248, 0.7529411764705882248 ) ;
#1611 = SURFACE_SIDE_STYLE ('',( #7915 ) ) ;
#1612 = CARTESIAN_POINT ( 'NONE',  ( 0.7266468903127225598, -0.03721057763459360151, -0.6999999999999999556 ) ) ;
#1613 = VERTEX_POINT ( 'NONE', #2552 ) ;
#1614 = CARTESIAN_POINT ( 'NONE',  ( 0.3370871215252205788, 0.2800000000000000266, -0.1999999999999999001 ) ) ;
#1615 = STYLED_ITEM ( 'NONE', ( #9589 ), #10074 ) ;
#1616 = ORIENTED_EDGE ( 'NONE', *, *, #8374, .F. ) ;
#1617 = SURFACE_SIDE_STYLE ('',( #1741 ) ) ;
#1618 = FACE_OUTER_BOUND ( 'NONE', #5901, .T. ) ;
#1619 = EDGE_LOOP ( 'NONE', ( #1228, #7874, #9549, #9938 ) ) ;
#1620 = PRESENTATION_STYLE_ASSIGNMENT (( #11538 ) ) ;
#1621 = SURFACE_STYLE_USAGE ( .BOTH. , #3501 ) ;
#1622 = SURFACE_SIDE_STYLE ('',( #7152 ) ) ;
#1623 = ORIENTED_EDGE ( 'NONE', *, *, #10893, .T. ) ;
#1624 = ADVANCED_FACE ( 'NONE', ( #1653 ), #10632, .T. ) ;
#1625 = LINE ( 'NONE', #4292, #5670 ) ;
#1626 = EDGE_LOOP ( 'NONE', ( #10684, #2571, #5514, #9150 ) ) ;
#1627 = CARTESIAN_POINT ( 'NONE',  ( 0.7559756097560973442, -0.09189214939024403783, -0.6999999999999999556 ) ) ;
#1628 = CARTESIAN_POINT ( 'NONE',  ( 0.7645121951219511214, -0.005487804878048864292, -0.6989999999999999547 ) ) ;
#1629 = SURFACE_STYLE_FILL_AREA ( #7936 ) ;
#1630 = PRESENTATION_LAYER_ASSIGNMENT (  '', '', ( #10482 ) ) ;
#1631 = SURFACE_STYLE_USAGE ( .BOTH. , #7702 ) ;
#1632 = EDGE_CURVE ( 'NONE', #7440, #10400, #5203, .T. ) ;
#1633 = LINE ( 'NONE', #10795, #6765 ) ;
#1634 = DIRECTION ( 'NONE',  ( -0.000000000000000000, -0.000000000000000000, -1.000000000000000000 ) ) ;
#1635 = SURFACE_SIDE_STYLE ('',( #4420 ) ) ;
#1636 = FILL_AREA_STYLE_COLOUR ( '', #5148 ) ;
#1637 = FILL_AREA_STYLE_COLOUR ( '', #3449 ) ;
#1638 = ORIENTED_EDGE ( 'NONE', *, *, #4243, .T. ) ;
#1639 =( GEOMETRIC_REPRESENTATION_CONTEXT ( 3 ) GLOBAL_UNCERTAINTY_ASSIGNED_CONTEXT ( ( #10875 ) ) GLOBAL_UNIT_ASSIGNED_CONTEXT ( ( #2510, #2683, #1676 ) ) REPRESENTATION_CONTEXT ( 'NONE', 'WORKASPACE' ) );
#1640 = ORIENTED_EDGE ( 'NONE', *, *, #8778, .T. ) ;
#1641 = ORIENTED_EDGE ( 'NONE', *, *, #6513, .F. ) ;
#1642 = PRESENTATION_LAYER_ASSIGNMENT (  '', '', ( #4851 ) ) ;
#1643 = CARTESIAN_POINT ( 'NONE',  ( 0.7459432164634144380, 0.06829268292682913466, -0.6999999999999999556 ) ) ;
#1644 = CARTESIAN_POINT ( 'NONE',  ( -0.1199999999999999956, 0.3299999999999999600, -0.1999999999999999001 ) ) ;
#1645 = SURFACE_STYLE_USAGE ( .BOTH. , #8693 ) ;
#1646 = EDGE_CURVE ( 'NONE', #9989, #7440, #4494, .T. ) ;
#1648 = ORIENTED_EDGE ( 'NONE', *, *, #3208, .F. ) ;
#1647 =( NAMED_UNIT ( * ) PLANE_ANGLE_UNIT ( ) SI_UNIT ( $, .RADIAN. ) );
#1649 = MECHANICAL_DESIGN_GEOMETRIC_PRESENTATION_REPRESENTATION (  '', ( #4665 ), #3897 ) ;
#1650 = FACE_OUTER_BOUND ( 'NONE', #1619, .T. ) ;
#1651 =( GEOMETRIC_REPRESENTATION_CONTEXT ( 3 ) GLOBAL_UNCERTAINTY_ASSIGNED_CONTEXT ( ( #4782 ) ) GLOBAL_UNIT_ASSIGNED_CONTEXT ( ( #8373, #5699, #11194 ) ) REPRESENTATION_CONTEXT ( 'NONE', 'WORKASPACE' ) );
#1652 = DIRECTION ( 'NONE',  ( -0.000000000000000000, -0.000000000000000000, -1.000000000000000000 ) ) ;
#1653 = FACE_OUTER_BOUND ( 'NONE', #9911, .T. ) ;
#1654 = CARTESIAN_POINT ( 'NONE',  ( 0.7621796094162187618, 0.03155717748205144613, -0.6999999999999998446 ) ) ;
#1655 = PRESENTATION_STYLE_ASSIGNMENT (( #5258 ) ) ;
#1656 = ORIENTED_EDGE ( 'NONE', *, *, #1379, .F. ) ;
#1657 = UNCERTAINTY_MEASURE_WITH_UNIT (LENGTH_MEASURE( 1.000000000000000082E-05 ), #10951, 'distance_accuracy_value', 'NONE');
#1658 = PRESENTATION_LAYER_ASSIGNMENT (  '', '', ( #2608 ) ) ;
#1659 = FILL_AREA_STYLE ('',( #9802 ) ) ;
#1660 = STYLED_ITEM ( 'NONE', ( #3630 ), #2248 ) ;
#1661 = CARTESIAN_POINT ( 'NONE',  ( 0.7645121951219512324, 0.09146341463414631168, -0.6989999999999999547 ) ) ;
#1662 = CARTESIAN_POINT ( 'NONE',  ( 0.7517465603482156311, 0.06093370453716204921, -0.6999999999999999556 ) ) ;
#1663 = EDGE_LOOP ( 'NONE', ( #10707, #10493, #6336, #1553 ) ) ;
#1664 = CARTESIAN_POINT ( 'NONE',  ( 0.7638072358545767715, -0.03543013813032105941, -0.6990000000000000657 ) ) ;
#1665 = VECTOR ( 'NONE', #5711, 1000.000000000000000 ) ;
#1666 = LINE ( 'NONE', #5273, #10791 ) ;
#1667 =( NAMED_UNIT ( * ) SI_UNIT ( $, .STERADIAN. ) SOLID_ANGLE_UNIT ( ) );
#1668 = EDGE_CURVE ( 'NONE', #8539, #5807, #2655, .T. ) ;
#1669 = DIRECTION ( 'NONE',  ( 0.000000000000000000, -1.000000000000000000, 2.464095846557965483E-15 ) ) ;
#1670 = VECTOR ( 'NONE', #2391, 1000.000000000000000 ) ;
#1671 = CARTESIAN_POINT ( 'NONE',  ( 0.7255310389470817078, -0.03142673164704604810, -0.7000000000000000666 ) ) ;
#1672 = DIRECTION ( 'NONE',  ( -0.000000000000000000, -0.000000000000000000, 1.000000000000000000 ) ) ;
#1673 = ORIENTED_EDGE ( 'NONE', *, *, #11452, .T. ) ;
#1674 =( GEOMETRIC_REPRESENTATION_CONTEXT ( 3 ) GLOBAL_UNCERTAINTY_ASSIGNED_CONTEXT ( ( #10145 ) ) GLOBAL_UNIT_ASSIGNED_CONTEXT ( ( #9278, #4207, #5966 ) ) REPRESENTATION_CONTEXT ( 'NONE', 'WORKASPACE' ) );
#1675 = DIRECTION ( 'NONE',  ( 0.000000000000000000, 1.000000000000000000, -5.646886315028668105E-17 ) ) ;
#1676 =( NAMED_UNIT ( * ) SI_UNIT ( $, .STERADIAN. ) SOLID_ANGLE_UNIT ( ) );
#1677 = CARTESIAN_POINT ( 'NONE',  ( 0.7293760032380109948, -0.08045954843172781201, -0.6999999999999999556 ) ) ;
#1678 = STYLED_ITEM ( 'NONE', ( #8301 ), #2650 ) ;
#1679 = EDGE_LOOP ( 'NONE', ( #5578, #3401, #3458, #6566 ) ) ;
#1680 = SURFACE_SIDE_STYLE ('',( #11537 ) ) ;
#1681 = DIRECTION ( 'NONE',  ( 0.000000000000000000, 0.000000000000000000, -1.000000000000000000 ) ) ;
#1682 = CARTESIAN_POINT ( 'NONE',  ( 0.8019999999999994911, -0.1800000000000000211, -0.4999999999999998890 ) ) ;
#1683 = TOROIDAL_SURFACE ( 'NONE', #8245, 0.1500000000000001055, 0.05500000000000000028 ) ;
#1684 = DIRECTION ( 'NONE',  ( 1.000000000000000000, 0.000000000000000000, 0.000000000000000000 ) ) ;
#1685 = UNCERTAINTY_MEASURE_WITH_UNIT (LENGTH_MEASURE( 1.000000000000000082E-05 ), #8790, 'distance_accuracy_value', 'NONE');
#1686 = ORIENTED_EDGE ( 'NONE', *, *, #3674, .T. ) ;
#1687 =( LENGTH_UNIT ( ) NAMED_UNIT ( * ) SI_UNIT ( .MILLI., .METRE. ) );
#1688 = EDGE_LOOP ( 'NONE', ( #1818, #6125, #6932, #7498, #9708, #3548 ) ) ;
#1689 = LINE ( 'NONE', #10480, #11302 ) ;
#1690 = LINE ( 'NONE', #1628, #3908 ) ;
#1691 = CARTESIAN_POINT ( 'NONE',  ( -0.05500000000000000028, 0.3299999999999999600, -0.1999999999999999001 ) ) ;
#1692 = TOROIDAL_SURFACE ( 'NONE', #3174, 0.1500000000000000500, 0.05500000000000000028 ) ;
#1693 = DIRECTION ( 'NONE',  ( 0.000000000000000000, 0.000000000000000000, -1.000000000000000000 ) ) ;
#1694 = CYLINDRICAL_SURFACE ( 'NONE', #3337, 0.02999999999999997113 ) ;
#1695 = ADVANCED_FACE ( 'NONE', ( #10814 ), #2124, .T. ) ;
#1696 =( NAMED_UNIT ( * ) PLANE_ANGLE_UNIT ( ) SI_UNIT ( $, .RADIAN. ) );
#1697 = CARTESIAN_POINT ( 'NONE',  ( 0.8019999999999994911, 0.1800000000000000766, -0.3999999999999999112 ) ) ;
#1698 = STYLED_ITEM ( 'NONE', ( #8760 ), #5869 ) ;
#1699 = FILL_AREA_STYLE_COLOUR ( '', #5319 ) ;
#1700 = PRESENTATION_STYLE_ASSIGNMENT (( #699 ) ) ;
#1701 =( GEOMETRIC_REPRESENTATION_CONTEXT ( 3 ) GLOBAL_UNCERTAINTY_ASSIGNED_CONTEXT ( ( #149 ) ) GLOBAL_UNIT_ASSIGNED_CONTEXT ( ( #10958, #9958, #5416 ) ) REPRESENTATION_CONTEXT ( 'NONE', 'WORKASPACE' ) );
#1702 = ORIENTED_EDGE ( 'NONE', *, *, #5610, .F. ) ;
#1703 = ORIENTED_EDGE ( 'NONE', *, *, #9622, .T. ) ;
#1704 = MECHANICAL_DESIGN_GEOMETRIC_PRESENTATION_REPRESENTATION (  '', ( #4345 ), #770 ) ;
#1705 = LINE ( 'NONE', #707, #11506 ) ;
#1706 = DIRECTION ( 'NONE',  ( 0.000000000000000000, 0.000000000000000000, -1.000000000000000000 ) ) ;
#1708 = VERTEX_POINT ( 'NONE', #6014 ) ;
#1707 = CARTESIAN_POINT ( 'NONE',  ( 0.2399999999999999911, -0.1800000000000003542, -0.6049999999999999822 ) ) ;
#1709 =( GEOMETRIC_REPRESENTATION_CONTEXT ( 3 ) GLOBAL_UNCERTAINTY_ASSIGNED_CONTEXT ( ( #4521 ) ) GLOBAL_UNIT_ASSIGNED_CONTEXT ( ( #5462, #6327, #79 ) ) REPRESENTATION_CONTEXT ( 'NONE', 'WORKASPACE' ) );
#1710 = ADVANCED_FACE ( 'NONE', ( #9240 ), #3761, .T. ) ;
#1711 = SURFACE_STYLE_USAGE ( .BOTH. , #3342 ) ;
#1712 = FACE_OUTER_BOUND ( 'NONE', #3643, .T. ) ;
#1713 = CARTESIAN_POINT ( 'NONE',  ( 0.7261083925606253153, 0.03523311418886904134, -0.6989999999999999547 ) ) ;
#1714 = DIRECTION ( 'NONE',  ( 0.000000000000000000, -2.710505431213761085E-16, 1.000000000000000000 ) ) ;
#1715 = VECTOR ( 'NONE', #5073, 1000.000000000000000 ) ;
#1716 = DIRECTION ( 'NONE',  ( 0.000000000000000000, 1.000000000000000000, 0.000000000000000000 ) ) ;
#1717 = ORIENTED_EDGE ( 'NONE', *, *, #2752, .T. ) ;
#1718 = EDGE_CURVE ( 'NONE', #5791, #4716, #4605, .T. ) ;
#1719 = MECHANICAL_DESIGN_GEOMETRIC_PRESENTATION_REPRESENTATION (  '', ( #6595 ), #7731 ) ;
#1720 = SURFACE_SIDE_STYLE ('',( #6946 ) ) ;
#1721 = ORIENTED_EDGE ( 'NONE', *, *, #2076, .F. ) ;
#1722 =( LENGTH_UNIT ( ) NAMED_UNIT ( * ) SI_UNIT ( .MILLI., .METRE. ) );
#1723 = FACE_OUTER_BOUND ( 'NONE', #2458, .T. ) ;
#1724 = PRESENTATION_LAYER_ASSIGNMENT (  '', '', ( #6780 ) ) ;
#1725 = AXIS2_PLACEMENT_3D ( 'NONE', #8477, #5792, #8360 ) ;
#1726 =( GEOMETRIC_REPRESENTATION_CONTEXT ( 3 ) GLOBAL_UNCERTAINTY_ASSIGNED_CONTEXT ( ( #7131 ) ) GLOBAL_UNIT_ASSIGNED_CONTEXT ( ( #4791, #8464, #5783 ) ) REPRESENTATION_CONTEXT ( 'NONE', 'WORKASPACE' ) );
#1728 = ORIENTED_EDGE ( 'NONE', *, *, #7841, .T. ) ;
#1727 = FILL_AREA_STYLE ('',( #1845 ) ) ;
#1729 = FILL_AREA_STYLE ('',( #9810 ) ) ;
#1730 = CARTESIAN_POINT ( 'NONE',  ( 0.7875735931288068148, -0.3875735931288070701, -0.6999999999999998446 ) ) ;
#1731 = CARTESIAN_POINT ( 'NONE',  ( 0.000000000000000000, 0.000000000000000000, 0.000000000000000000 ) ) ;
#1732 = PLANE ( 'NONE',  #8659 ) ;
#1733 = CARTESIAN_POINT ( 'NONE',  ( 0.7261195992618044714, -0.03538633868103985280, -0.7000000000000000666 ) ) ;
#1734 = CARTESIAN_POINT ( 'NONE',  ( -0.09708712152522083749, 0.1799999999999998823, -0.4999999999999998890 ) ) ;
#1735 = ADVANCED_FACE ( 'NONE', ( #6464 ), #5607, .T. ) ;
#1736 = VERTEX_POINT ( 'NONE', #4892 ) ;
#1737 = AXIS2_PLACEMENT_3D ( 'NONE', #10231, #5795, #4859 ) ;
#1738 =( GEOMETRIC_REPRESENTATION_CONTEXT ( 3 ) GLOBAL_UNCERTAINTY_ASSIGNED_CONTEXT ( ( #8449 ) ) GLOBAL_UNIT_ASSIGNED_CONTEXT ( ( #3816, #5654, #11637 ) ) REPRESENTATION_CONTEXT ( 'NONE', 'WORKASPACE' ) );
#1739 = UNCERTAINTY_MEASURE_WITH_UNIT (LENGTH_MEASURE( 1.000000000000000082E-05 ), #7490, 'distance_accuracy_value', 'NONE');
#1740 = CARTESIAN_POINT ( 'NONE',  ( 0.3829128784747790615, 0.1799999999999999101, -0.3999999999999999112 ) ) ;
#1741 = SURFACE_STYLE_FILL_AREA ( #7863 ) ;
#1742 = EDGE_CURVE ( 'NONE', #5147, #3160, #434, .T. ) ;
#1743 = FACE_OUTER_BOUND ( 'NONE', #5432, .T. ) ;
#1744 = DIRECTION ( 'NONE',  ( 0.000000000000000000, -2.216840928656986572E-15, -1.000000000000000000 ) ) ;
#1745 = ORIENTED_EDGE ( 'NONE', *, *, #6963, .T. ) ;
#1746 =( GEOMETRIC_REPRESENTATION_CONTEXT ( 3 ) GLOBAL_UNCERTAINTY_ASSIGNED_CONTEXT ( ( #7645 ) ) GLOBAL_UNIT_ASSIGNED_CONTEXT ( ( #8348, #3723, #10990 ) ) REPRESENTATION_CONTEXT ( 'NONE', 'WORKASPACE' ) );
#1747 = CARTESIAN_POINT ( 'NONE',  ( 0.7208947507368492769, -0.03723473558547921169, -0.6989999999999999547 ) ) ;
#1748 = FILL_AREA_STYLE ('',( #8096 ) ) ;
#1749 = CARTESIAN_POINT ( 'NONE',  ( 0.5000000000000002220, 0.4000000000000000222, -0.6999999999999999556 ) ) ;
#1750 = SURFACE_SIDE_STYLE ('',( #10723 ) ) ;
#1751 = DIRECTION ( 'NONE',  ( -0.000000000000000000, -0.000000000000000000, -1.000000000000000000 ) ) ;
#1752 = ORIENTED_EDGE ( 'NONE', *, *, #9213, .T. ) ;
#1753 = ORIENTED_EDGE ( 'NONE', *, *, #4124, .F. ) ;
#1754 = DIRECTION ( 'NONE',  ( -1.000000000000000000, -0.000000000000000000, -0.000000000000000000 ) ) ;
#1755 = MECHANICAL_DESIGN_GEOMETRIC_PRESENTATION_REPRESENTATION (  '', ( #4198 ), #9644 ) ;
#1756 = SURFACE_STYLE_FILL_AREA ( #6220 ) ;
#1757 = SURFACE_STYLE_FILL_AREA ( #11607 ) ;
#1758 =( NAMED_UNIT ( * ) SI_UNIT ( $, .STERADIAN. ) SOLID_ANGLE_UNIT ( ) );
#1759 = DIRECTION ( 'NONE',  ( 1.000000000000000000, 0.000000000000000000, -0.000000000000000000 ) ) ;
#1760 = SURFACE_STYLE_FILL_AREA ( #2534 ) ;
#1761 = DIRECTION ( 'NONE',  ( 0.000000000000000000, -2.710505431213761085E-16, 1.000000000000000000 ) ) ;
#1762 = LINE ( 'NONE', #6994, #5539 ) ;
#1763 = LINE ( 'NONE', #10789, #6167 ) ;
#1764 = SURFACE_STYLE_USAGE ( .BOTH. , #8750 ) ;
#1765 = ORIENTED_EDGE ( 'NONE', *, *, #3736, .T. ) ;
#1766 =( NAMED_UNIT ( * ) SI_UNIT ( $, .STERADIAN. ) SOLID_ANGLE_UNIT ( ) );
#1767 = EDGE_LOOP ( 'NONE', ( #7655, #11325, #4307, #5019, #370, #11421, #5692 ) ) ;
#1768 =( LENGTH_UNIT ( ) NAMED_UNIT ( * ) SI_UNIT ( .MILLI., .METRE. ) );
#1769 = ADVANCED_FACE ( 'NONE', ( #5014 ), #6640, .T. ) ;
#1770 = CARTESIAN_POINT ( 'NONE',  ( -0.1199999999999999956, 0.3299999999999999600, -0.3999999999999999667 ) ) ;
#1771 = AXIS2_PLACEMENT_3D ( 'NONE', #8167, #8263, #11667 ) ;
#1772 =( NAMED_UNIT ( * ) SI_UNIT ( $, .STERADIAN. ) SOLID_ANGLE_UNIT ( ) );
#1774 = ORIENTED_EDGE ( 'NONE', *, *, #264, .T. ) ;
#1773 = DIRECTION ( 'NONE',  ( 1.000000000000000000, 0.000000000000000000, -0.000000000000000000 ) ) ;
#1775 = DIRECTION ( 'NONE',  ( 0.000000000000000000, 0.000000000000000000, -1.000000000000000000 ) ) ;
#1776 = B_SPLINE_CURVE_WITH_KNOTS ( 'NONE', 3,
 ( #3444, #4409, #8617, #7993, #574, #4295, #7817, #7876, #11424, #3322, #6918, #11485, #1054, #5531, #10013, #3692, #9896, #10066, #8052 ),
 .UNSPECIFIED., .F., .F.,
 ( 4, 1, 1, 1, 1, 1, 1, 1, 1, 1, 1, 1, 1, 1, 1, 1, 4 ),
 ( 0.000000000000000000, 0.06807022544602515934, 0.1334304311243613705, 0.1961504414953044173, 0.2571279473187753628, 0.3168673125347738484, 0.3761731906999619679, 0.4359476605849043618, 0.4965239232888286058, 0.5574553990935481318, 0.6176782722867170117, 0.6779364036295142393, 0.7387994153869098524, 0.8009448638132562470, 0.8648116296622977428, 0.9310232311067556665, 1.000000000000000000 ),
 .UNSPECIFIED. ) ;
#1777 =( NAMED_UNIT ( * ) SI_UNIT ( $, .STERADIAN. ) SOLID_ANGLE_UNIT ( ) );
#1778 =( NAMED_UNIT ( * ) PLANE_ANGLE_UNIT ( ) SI_UNIT ( $, .RADIAN. ) );
#1779 = CYLINDRICAL_SURFACE ( 'NONE', #1280, 0.05500000000000000722 ) ;
#1780 = COLOUR_RGB ( '',0.000000000000000000, 0.000000000000000000, 0.000000000000000000 ) ;
#1781 = FILL_AREA_STYLE ('',( #9860 ) ) ;
#1782 = ORIENTED_EDGE ( 'NONE', *, *, #10042, .F. ) ;
#1783 = UNCERTAINTY_MEASURE_WITH_UNIT (LENGTH_MEASURE( 1.000000000000000082E-05 ), #4107, 'distance_accuracy_value', 'NONE');
#1784 = CARTESIAN_POINT ( 'NONE',  ( 0.3599999999999999867, 0.3300000000000000155, -0.1999999999999999001 ) ) ;
#1785 = EDGE_CURVE ( 'NONE', #3667, #95, #11179, .T. ) ;
#1786 = COLOUR_RGB ( '',0.000000000000000000, 0.000000000000000000, 0.000000000000000000 ) ;
#1787 = DIRECTION ( 'NONE',  ( 0.000000000000000000, 0.000000000000000000, 1.000000000000000000 ) ) ;
#1788 = CARTESIAN_POINT ( 'NONE',  ( -0.5000000000000004441, -0.1800000000000000211, -0.09999999999999988065 ) ) ;
#1789 = AXIS2_PLACEMENT_3D ( 'NONE', #8149, #6332, #1811 ) ;
#1791 = ORIENTED_EDGE ( 'NONE', *, *, #1869, .F. ) ;
#1790 = PRESENTATION_STYLE_ASSIGNMENT (( #3422 ) ) ;
#1792 = EDGE_CURVE ( 'NONE', #10566, #4164, #3937, .T. ) ;
#1793 = VECTOR ( 'NONE', #4013, 1000.000000000000000 ) ;
#1794 = DIRECTION ( 'NONE',  ( -0.000000000000000000, 1.000000000000000000, 0.000000000000000000 ) ) ;
#1795 = DIRECTION ( 'NONE',  ( 0.000000000000000000, -1.000000000000000000, 2.634710515969108204E-15 ) ) ;
#1796 = FILL_AREA_STYLE_COLOUR ( '', #10451 ) ;
#1797 = ORIENTED_EDGE ( 'NONE', *, *, #10659, .F. ) ;
#1798 = CYLINDRICAL_SURFACE ( 'NONE', #2922, 0.09999999999999999167 ) ;
#1799 =( GEOMETRIC_REPRESENTATION_CONTEXT ( 3 ) GLOBAL_UNCERTAINTY_ASSIGNED_CONTEXT ( ( #5661 ) ) GLOBAL_UNIT_ASSIGNED_CONTEXT ( ( #11510, #9737, #11627 ) ) REPRESENTATION_CONTEXT ( 'NONE', 'WORKASPACE' ) );
#1800 = ORIENTED_EDGE ( 'NONE', *, *, #6169, .T. ) ;
#1801 = MECHANICAL_DESIGN_GEOMETRIC_PRESENTATION_REPRESENTATION (  '', ( #1986 ), #9691 ) ;
#1802 = EDGE_CURVE ( 'NONE', #1155, #8865, #5718, .T. ) ;
#1803 = MECHANICAL_DESIGN_GEOMETRIC_PRESENTATION_REPRESENTATION (  '', ( #7247 ), #8547 ) ;
#1804 = DIRECTION ( 'NONE',  ( 0.000000000000000000, 0.000000000000000000, 1.000000000000000000 ) ) ;
#1805 = CYLINDRICAL_SURFACE ( 'NONE', #7662, 0.09999999999999997780 ) ;
#1806 = ORIENTED_EDGE ( 'NONE', *, *, #8601, .F. ) ;
#1807 = EDGE_CURVE ( 'NONE', #11658, #2356, #9297, .T. ) ;
#1808 = STYLED_ITEM ( 'NONE', ( #9447 ), #11533 ) ;
#1809 =( GEOMETRIC_REPRESENTATION_CONTEXT ( 3 ) GLOBAL_UNCERTAINTY_ASSIGNED_CONTEXT ( ( #1185 ) ) GLOBAL_UNIT_ASSIGNED_CONTEXT ( ( #5830, #1358, #8514 ) ) REPRESENTATION_CONTEXT ( 'NONE', 'WORKASPACE' ) );
#1810 =( NAMED_UNIT ( * ) SI_UNIT ( $, .STERADIAN. ) SOLID_ANGLE_UNIT ( ) );
#1811 = DIRECTION ( 'NONE',  ( 0.000000000000000000, -0.000000000000000000, 1.000000000000000000 ) ) ;
#1812 = PRESENTATION_LAYER_ASSIGNMENT (  '', '', ( #6866 ) ) ;
#1813 = SURFACE_STYLE_FILL_AREA ( #3500 ) ;
#1814 = FACE_OUTER_BOUND ( 'NONE', #6216, .T. ) ;
#1815 = CARTESIAN_POINT ( 'NONE',  ( 0.09708712152522092076, 0.1799999999999999101, -0.3999999999999999112 ) ) ;
#1816 = EDGE_CURVE ( 'NONE', #108, #5960, #618, .T. ) ;
#1817 = UNCERTAINTY_MEASURE_WITH_UNIT (LENGTH_MEASURE( 1.000000000000000082E-05 ), #4394, 'distance_accuracy_value', 'NONE');
#1818 = ORIENTED_EDGE ( 'NONE', *, *, #4884, .F. ) ;
#1819 = ORIENTED_EDGE ( 'NONE', *, *, #2996, .T. ) ;
#1820 = SURFACE_STYLE_FILL_AREA ( #9772 ) ;
#1821 =( GEOMETRIC_REPRESENTATION_CONTEXT ( 3 ) GLOBAL_UNCERTAINTY_ASSIGNED_CONTEXT ( ( #10174 ) ) GLOBAL_UNIT_ASSIGNED_CONTEXT ( ( #1878, #5592, #7445 ) ) REPRESENTATION_CONTEXT ( 'NONE', 'WORKASPACE' ) );
#1822 = SURFACE_STYLE_USAGE ( .BOTH. , #10018 ) ;
#1823 =( LENGTH_UNIT ( ) NAMED_UNIT ( * ) SI_UNIT ( .MILLI., .METRE. ) );
#1824 = FACE_OUTER_BOUND ( 'NONE', #10910, .T. ) ;
#1825 = CARTESIAN_POINT ( 'NONE',  ( 0.7380861385654303719, -0.04806892693087000401, -0.6990000000000001767 ) ) ;
#1826 = FACE_OUTER_BOUND ( 'NONE', #6931, .T. ) ;
#1827 = VERTEX_POINT ( 'NONE', #1467 ) ;
#1828 = CARTESIAN_POINT ( 'NONE',  ( 0.1849999999999999700, 0.3299999999999999600, -0.3999999999999999667 ) ) ;
#1829 = EDGE_LOOP ( 'NONE', ( #4835, #325, #5597, #8689 ) ) ;
#1830 = FILL_AREA_STYLE ('',( #6296 ) ) ;
#1831 = CARTESIAN_POINT ( 'NONE',  ( -0.2399999999999999911, 0.1799999999999998823, -0.5499999999999999334 ) ) ;
#1832 = VERTEX_POINT ( 'NONE', #11149 ) ;
#1833 = DIRECTION ( 'NONE',  ( 0.000000000000000000, 0.000000000000000000, 1.000000000000000000 ) ) ;
#1834 = PRESENTATION_LAYER_ASSIGNMENT (  '', '', ( #9939 ) ) ;
#1835 = CARTESIAN_POINT ( 'NONE',  ( 0.7253046841980790305, 0.03816842251632428934, -0.6990000000000000657 ) ) ;
#1836 = LINE ( 'NONE', #4552, #10504 ) ;
#1837 = SURFACE_SIDE_STYLE ('',( #56 ) ) ;
#1838 = EDGE_LOOP ( 'NONE', ( #10318, #3260, #5291, #4649 ) ) ;
#1839 = UNCERTAINTY_MEASURE_WITH_UNIT (LENGTH_MEASURE( 1.000000000000000082E-05 ), #3612, 'distance_accuracy_value', 'NONE');
#1840 = COLOUR_RGB ( '',0.7529411764705882248, 0.7529411764705882248, 0.7529411764705882248 ) ;
#1841 = CARTESIAN_POINT ( 'NONE',  ( 0.7213719512195120309, 0.03109756097560961718, -0.6989999999999999547 ) ) ;
#1842 = CARTESIAN_POINT ( 'NONE',  ( 0.7610872224032768640, 0.05546881159329738326, -0.7000000000000000666 ) ) ;
#1843 = CARTESIAN_POINT ( 'NONE',  ( -0.02291287847479717837, 0.2800000000000000266, -0.3999999999999999112 ) ) ;
#1844 = MECHANICAL_DESIGN_GEOMETRIC_PRESENTATION_REPRESENTATION (  '', ( #4851 ), #2951 ) ;
#1846 = VERTEX_POINT ( 'NONE', #5771 ) ;
#1845 = FILL_AREA_STYLE_COLOUR ( '', #7484 ) ;
#1847 = CARTESIAN_POINT ( 'NONE',  ( 0.7644959231613360773, -0.02980254604948500211, -0.6990000000000000657 ) ) ;
#1848 = FACE_OUTER_BOUND ( 'NONE', #6402, .T. ) ;
#1849 = ADVANCED_FACE ( 'NONE', ( #8512 ), #347, .F. ) ;
#1850 = FACE_OUTER_BOUND ( 'NONE', #285, .T. ) ;
#1851 = CARTESIAN_POINT ( 'NONE',  ( 0.7422594223682116299, -0.04873223324765559028, -0.7000000000000000666 ) ) ;
#1852 = ORIENTED_EDGE ( 'NONE', *, *, #4033, .F. ) ;
#1853 = ORIENTED_EDGE ( 'NONE', *, *, #61, .T. ) ;
#1854 = COLOUR_RGB ( '',1.000000000000000000, 1.000000000000000000, 1.000000000000000000 ) ;
#1855 = FILL_AREA_STYLE ('',( #8974 ) ) ;
#1856 = CARTESIAN_POINT ( 'NONE',  ( 0.7208810162235778085, 0.03230699268645654404, -0.6989999999999998437 ) ) ;
#1857 = CARTESIAN_POINT ( 'NONE',  ( 0.7693881098347494785, 0.03561380406335675625, -0.6990000000000000657 ) ) ;
#1858 = PRESENTATION_LAYER_ASSIGNMENT (  '', '', ( #6727 ) ) ;
#1859 = ORIENTED_EDGE ( 'NONE', *, *, #430, .T. ) ;
#1860 = PRESENTATION_LAYER_ASSIGNMENT (  '', '', ( #533 ) ) ;
#1861 = PLANE ( 'NONE',  #1725 ) ;
#1862 = SURFACE_SIDE_STYLE ('',( #10722 ) ) ;
#1863 = SURFACE_STYLE_FILL_AREA ( #9098 ) ;
#1864 =( LENGTH_UNIT ( ) NAMED_UNIT ( * ) SI_UNIT ( .MILLI., .METRE. ) );
#1865 = LINE ( 'NONE', #10896, #294 ) ;
#1866 = MECHANICAL_DESIGN_GEOMETRIC_PRESENTATION_REPRESENTATION (  '', ( #2622 ), #6553 ) ;
#1867 = EDGE_CURVE ( 'NONE', #4467, #9449, #6279, .T. ) ;
#1868 = EDGE_LOOP ( 'NONE', ( #4458, #10134, #350, #7082 ) ) ;
#1869 = EDGE_CURVE ( 'NONE', #11484, #11092, #828, .T. ) ;
#1870 = ORIENTED_EDGE ( 'NONE', *, *, #4974, .F. ) ;
#1871 =( GEOMETRIC_REPRESENTATION_CONTEXT ( 3 ) GLOBAL_UNCERTAINTY_ASSIGNED_CONTEXT ( ( #7224 ) ) GLOBAL_UNIT_ASSIGNED_CONTEXT ( ( #1484, #1432, #2203 ) ) REPRESENTATION_CONTEXT ( 'NONE', 'WORKASPACE' ) );
#1872 = PLANE ( 'NONE',  #7305 ) ;
#1873 = UNCERTAINTY_MEASURE_WITH_UNIT (LENGTH_MEASURE( 1.000000000000000082E-05 ), #715, 'distance_accuracy_value', 'NONE');
#1874 = CARTESIAN_POINT ( 'NONE',  ( 0.000000000000000000, 0.1799999999999998823, -0.6049999999999999822 ) ) ;
#1875 = AXIS2_PLACEMENT_3D ( 'NONE', #8754, #7770, #9600 ) ;
#1876 = AXIS2_PLACEMENT_3D ( 'NONE', #8193, #8401, #5667 ) ;
#1877 = CARTESIAN_POINT ( 'NONE',  ( 0.7270282100781700896, 0.05201472030125456336, -0.6989999999999998437 ) ) ;
#1878 =( LENGTH_UNIT ( ) NAMED_UNIT ( * ) SI_UNIT ( .MILLI., .METRE. ) );
#1879 = PRESENTATION_LAYER_ASSIGNMENT (  '', '', ( #6379 ) ) ;
#1880 = SURFACE_STYLE_FILL_AREA ( #7884 ) ;
#1881 = DIRECTION ( 'NONE',  ( -9.486769009248167742E-16, -1.000000000000000000, 0.000000000000000000 ) ) ;
#1882 = ORIENTED_EDGE ( 'NONE', *, *, #9804, .F. ) ;
#1883 = LINE ( 'NONE', #9118, #2686 ) ;
#1884 = EDGE_CURVE ( 'NONE', #4291, #8176, #1762, .T. ) ;
#1885 = ORIENTED_EDGE ( 'NONE', *, *, #10355, .F. ) ;
#1886 = MECHANICAL_DESIGN_GEOMETRIC_PRESENTATION_REPRESENTATION (  '', ( #4529 ), #5080 ) ;
#1887 = FACE_OUTER_BOUND ( 'NONE', #1442, .T. ) ;
#1888 = SURFACE_STYLE_FILL_AREA ( #11030 ) ;
#1889 = ADVANCED_FACE ( 'NONE', ( #7056 ), #7944, .F. ) ;
#1890 = ORIENTED_EDGE ( 'NONE', *, *, #11357, .F. ) ;
#1891 = DIRECTION ( 'NONE',  ( 0.000000000000000000, -1.000000000000000000, 2.464095846557965483E-15 ) ) ;
#1892 =( GEOMETRIC_REPRESENTATION_CONTEXT ( 3 ) GLOBAL_UNCERTAINTY_ASSIGNED_CONTEXT ( ( #11242 ) ) GLOBAL_UNIT_ASSIGNED_CONTEXT ( ( #6921, #631, #7819 ) ) REPRESENTATION_CONTEXT ( 'NONE', 'WORKASPACE' ) );
#1893 = CARTESIAN_POINT ( 'NONE',  ( 0.09708712152522058769, 0.2800000000000000266, -0.1999999999999999001 ) ) ;
#1894 = MECHANICAL_DESIGN_GEOMETRIC_PRESENTATION_REPRESENTATION (  '', ( #2459 ), #2086 ) ;
#1895 = FILL_AREA_STYLE ('',( #6354 ) ) ;
#1896 =( LENGTH_UNIT ( ) NAMED_UNIT ( * ) SI_UNIT ( .MILLI., .METRE. ) );
#1897 = CARTESIAN_POINT ( 'NONE',  ( 0.7621796094162187618, 0.03155717748205144613, -0.6989999999999998437 ) ) ;
#1898 = FILL_AREA_STYLE_COLOUR ( '', #2363 ) ;
#1899 = ORIENTED_EDGE ( 'NONE', *, *, #8387, .F. ) ;
#1900 = UNCERTAINTY_MEASURE_WITH_UNIT (LENGTH_MEASURE( 1.000000000000000082E-05 ), #2586, 'distance_accuracy_value', 'NONE');
#1901 = VECTOR ( 'NONE', #3757, 1000.000000000000000 ) ;
#1902 = VECTOR ( 'NONE', #1045, 1000.000000000000000 ) ;
#1903 = CARTESIAN_POINT ( 'NONE',  ( 0.7196487520266511284, 0.03789534589230535155, -0.7000000000000001776 ) ) ;
#1904 = CYLINDRICAL_SURFACE ( 'NONE', #7671, 0.1000000000000000056 ) ;
#1905 =( NAMED_UNIT ( * ) PLANE_ANGLE_UNIT ( ) SI_UNIT ( $, .RADIAN. ) );
#1907 = VERTEX_POINT ( 'NONE', #640 ) ;
#1906 = CARTESIAN_POINT ( 'NONE',  ( 0.7504878048780487809, -0.08964367378048795909, -0.6999999999999999556 ) ) ;
#1908 = CYLINDRICAL_SURFACE ( 'NONE', #7410, 0.09999999999999999167 ) ;
#1909 = DIRECTION ( 'NONE',  ( 0.000000000000000000, -1.000000000000000000, 2.956915015869558659E-15 ) ) ;
#1910 = STYLED_ITEM ( 'NONE', ( #2178 ), #8721 ) ;
#1911 = FILL_AREA_STYLE ('',( #7263 ) ) ;
#1912 =( NAMED_UNIT ( * ) PLANE_ANGLE_UNIT ( ) SI_UNIT ( $, .RADIAN. ) );
#1913 = ORIENTED_EDGE ( 'NONE', *, *, #9556, .F. ) ;
#1914 = DIRECTION ( 'NONE',  ( 0.000000000000000000, 0.000000000000000000, 1.000000000000000000 ) ) ;
#1915 = STYLED_ITEM ( 'NONE', ( #1955 ), #324 ) ;
#1916 =( GEOMETRIC_REPRESENTATION_CONTEXT ( 3 ) GLOBAL_UNCERTAINTY_ASSIGNED_CONTEXT ( ( #9829 ) ) GLOBAL_UNIT_ASSIGNED_CONTEXT ( ( #5865, #10353, #7687 ) ) REPRESENTATION_CONTEXT ( 'NONE', 'WORKASPACE' ) );
#1917 =( GEOMETRIC_REPRESENTATION_CONTEXT ( 3 ) GLOBAL_UNCERTAINTY_ASSIGNED_CONTEXT ( ( #6047 ) ) GLOBAL_UNIT_ASSIGNED_CONTEXT ( ( #8559, #3094, #3989 ) ) REPRESENTATION_CONTEXT ( 'NONE', 'WORKASPACE' ) );
#1918 = DIRECTION ( 'NONE',  ( 1.000000000000000000, 0.000000000000000000, 0.000000000000000000 ) ) ;
#1919 = EDGE_CURVE ( 'NONE', #10832, #8767, #3637, .T. ) ;
#1920 = CARTESIAN_POINT ( 'NONE',  ( 0.7212103917379684148, 0.03149556715114231603, -0.6989999999999999547 ) ) ;
#1921 = CARTESIAN_POINT ( 'NONE',  ( 0.7630333142538905378, -0.04806385596417656753, -0.6990000000000001767 ) ) ;
#1922 = CARTESIAN_POINT ( 'NONE',  ( 0.000000000000000000, 0.1799999999999999378, -0.04999999999999975298 ) ) ;
#1923 = ORIENTED_EDGE ( 'NONE', *, *, #2008, .T. ) ;
#1924 = CARTESIAN_POINT ( 'NONE',  ( 0.7434648022826922942, -0.05546794696927411644, -0.6999999999999999556 ) ) ;
#1925 = FACE_OUTER_BOUND ( 'NONE', #9893, .T. ) ;
#1926 = FACE_OUTER_BOUND ( 'NONE', #3108, .T. ) ;
#1927 = MECHANICAL_DESIGN_GEOMETRIC_PRESENTATION_REPRESENTATION (  '', ( #6986 ), #788 ) ;
#1928 = AXIS2_PLACEMENT_3D ( 'NONE', #11051, #421, #8463 ) ;
#1929 =( NAMED_UNIT ( * ) SI_UNIT ( $, .STERADIAN. ) SOLID_ANGLE_UNIT ( ) );
#1930 = DIRECTION ( 'NONE',  ( 1.000000000000000000, 0.000000000000000000, 0.000000000000000000 ) ) ;
#1931 = UNCERTAINTY_MEASURE_WITH_UNIT (LENGTH_MEASURE( 1.000000000000000082E-05 ), #10687, 'distance_accuracy_value', 'NONE');
#1932 = EDGE_LOOP ( 'NONE', ( #4608, #1503, #9879, #400, #6755, #9400 ) ) ;
#1933 = LINE ( 'NONE', #28, #7143 ) ;
#1934 = UNCERTAINTY_MEASURE_WITH_UNIT (LENGTH_MEASURE( 1.000000000000000082E-05 ), #2610, 'distance_accuracy_value', 'NONE');
#1935 = EDGE_CURVE ( 'NONE', #2164, #4961, #3059, .T. ) ;
#1936 = STYLED_ITEM ( 'NONE', ( #4153 ), #634 ) ;
#1937 = PRESENTATION_LAYER_ASSIGNMENT (  '', '', ( #5516 ) ) ;
#1938 = DIRECTION ( 'NONE',  ( 0.000000000000000000, -2.464095846557964300E-15, -1.000000000000000000 ) ) ;
#1939 = CARTESIAN_POINT ( 'NONE',  ( -0.3599999999999999867, 0.1799999999999998823, -0.5499999999999999334 ) ) ;
#1940 = CARTESIAN_POINT ( 'NONE',  ( 0.7304467449252083355, 0.05638306837902337665, -0.6990000000000001767 ) ) ;
#1941 = EDGE_CURVE ( 'NONE', #5292, #2286, #9783, .T. ) ;
#1942 =( NAMED_UNIT ( * ) SI_UNIT ( $, .STERADIAN. ) SOLID_ANGLE_UNIT ( ) );
#1943 = DIRECTION ( 'NONE',  ( 0.000000000000000000, -1.000000000000000000, 0.000000000000000000 ) ) ;
#1944 = SURFACE_STYLE_FILL_AREA ( #10023 ) ;
#1945 = VERTEX_POINT ( 'NONE', #10554 ) ;
#1946 =( GEOMETRIC_REPRESENTATION_CONTEXT ( 3 ) GLOBAL_UNCERTAINTY_ASSIGNED_CONTEXT ( ( #9247 ) ) GLOBAL_UNIT_ASSIGNED_CONTEXT ( ( #538, #11226, #7604 ) ) REPRESENTATION_CONTEXT ( 'NONE', 'WORKASPACE' ) );
#1947 = CARTESIAN_POINT ( 'NONE',  ( -0.3370871215252213560, -0.2800000000000000266, -0.3999999999999999112 ) ) ;
#1948 = ORIENTED_EDGE ( 'NONE', *, *, #11663, .T. ) ;
#1949 = ADVANCED_FACE ( 'NONE', ( #8876 ), #10736, .T. ) ;
#1950 = LINE ( 'NONE', #1070, #5965 ) ;
#1951 = ORIENTED_EDGE ( 'NONE', *, *, #10997, .F. ) ;
#1952 =( NAMED_UNIT ( * ) SI_UNIT ( $, .STERADIAN. ) SOLID_ANGLE_UNIT ( ) );
#1953 = ADVANCED_FACE ( 'NONE', ( #10861 ), #6789, .T. ) ;
#1954 = DIRECTION ( 'NONE',  ( 0.000000000000000000, -1.000000000000000000, 2.634710515969108204E-15 ) ) ;
#1955 = PRESENTATION_STYLE_ASSIGNMENT (( #10035 ) ) ;
#1956 = CARTESIAN_POINT ( 'NONE',  ( 0.7699999999999996847, -0.3999999999999998557, -0.6999999999999999556 ) ) ;
#1957 = DIRECTION ( 'NONE',  ( 1.000000000000000000, 0.000000000000000000, 0.000000000000000000 ) ) ;
#1958 = PLANE ( 'NONE',  #1992 ) ;
#1959 = ORIENTED_EDGE ( 'NONE', *, *, #5886, .F. ) ;
#1960 = EDGE_CURVE ( 'NONE', #6090, #1708, #4406, .T. ) ;
#1961 = SURFACE_SIDE_STYLE ('',( #1028 ) ) ;
#1962 = VECTOR ( 'NONE', #11248, 1000.000000000000000 ) ;
#1963 = UNCERTAINTY_MEASURE_WITH_UNIT (LENGTH_MEASURE( 1.000000000000000082E-05 ), #5642, 'distance_accuracy_value', 'NONE');
#1964 = CARTESIAN_POINT ( 'NONE',  ( 0.7201412210830413496, 0.03494659985123469564, -0.6990000000000000657 ) ) ;
#1965 = CARTESIAN_POINT ( 'NONE',  ( 0.7630800117609415345, 0.05263499968943442797, -0.6990000000000001767 ) ) ;
#1966 = SURFACE_STYLE_FILL_AREA ( #125 ) ;
#1967 = CARTESIAN_POINT ( 'NONE',  ( -0.2399999999999999911, -0.1800000000000001876, -0.04999999999999969746 ) ) ;
#1968 =( NAMED_UNIT ( * ) SI_UNIT ( $, .STERADIAN. ) SOLID_ANGLE_UNIT ( ) );
#1969 = AXIS2_PLACEMENT_3D ( 'NONE', #11268, #9414, #4128 ) ;
#1970 = SURFACE_STYLE_FILL_AREA ( #979 ) ;
#1971 = VECTOR ( 'NONE', #7906, 1000.000000000000000 ) ;
#1972 = SURFACE_STYLE_FILL_AREA ( #1911 ) ;
#1973 = EDGE_LOOP ( 'NONE', ( #3720, #527, #3852, #3198, #5990 ) ) ;
#1974 =( NAMED_UNIT ( * ) SI_UNIT ( $, .STERADIAN. ) SOLID_ANGLE_UNIT ( ) );
#1975 = CARTESIAN_POINT ( 'NONE',  ( 0.7248780487804876715, 0.04280678353658522867, -0.6989999999999999547 ) ) ;
#1976 = MECHANICAL_DESIGN_GEOMETRIC_PRESENTATION_REPRESENTATION (  '', ( #4795 ), #5187 ) ;
#1977 = UNCERTAINTY_MEASURE_WITH_UNIT (LENGTH_MEASURE( 1.000000000000000082E-05 ), #2155, 'distance_accuracy_value', 'NONE');
#1978 = SURFACE_STYLE_FILL_AREA ( #1855 ) ;
#1979 = COLOUR_RGB ( '',0.9098039215686274384, 0.4431372549019607643, 0.03137254901960784270 ) ;
#1980 = LINE ( 'NONE', #5576, #357 ) ;
#1981 = PRESENTATION_LAYER_ASSIGNMENT (  '', '', ( #3834 ) ) ;
#1982 = ORIENTED_EDGE ( 'NONE', *, *, #2776, .F. ) ;
#1983 = DIRECTION ( 'NONE',  ( -1.000000000000000000, -0.000000000000000000, -0.000000000000000000 ) ) ;
#1984 = VECTOR ( 'NONE', #9687, 1000.000000000000000 ) ;
#1985 = DIRECTION ( 'NONE',  ( 0.000000000000000000, 1.000000000000000000, -2.578241652818821251E-15 ) ) ;
#1986 = STYLED_ITEM ( 'NONE', ( #1225 ), #11186 ) ;
#1987 = FILL_AREA_STYLE ('',( #4860 ) ) ;
#1988 = SURFACE_SIDE_STYLE ('',( #6334 ) ) ;
#1989 = AXIS2_PLACEMENT_3D ( 'NONE', #11447, #9546, #3343 ) ;
#1990 = EDGE_LOOP ( 'NONE', ( #16, #6952, #7723, #1416 ) ) ;
#1991 = CARTESIAN_POINT ( 'NONE',  ( 0.7559756097560973442, -0.09189214939024403783, -0.6989999999999999547 ) ) ;
#1992 = AXIS2_PLACEMENT_3D ( 'NONE', #3655, #966, #4607 ) ;
#1993 = VECTOR ( 'NONE', #5401, 1000.000000000000000 ) ;
#1994 = LINE ( 'NONE', #944, #2887 ) ;
#1995 = CARTESIAN_POINT ( 'NONE',  ( 0.7645121951219511214, -0.02195121951219523165, -0.6989999999999999547 ) ) ;
#1996 = PRESENTATION_STYLE_ASSIGNMENT (( #6559 ) ) ;
#1997 = DIRECTION ( 'NONE',  ( 1.000000000000000000, 0.000000000000000000, -0.000000000000000000 ) ) ;
#1998 = DIRECTION ( 'NONE',  ( -0.000000000000000000, -0.000000000000000000, -1.000000000000000000 ) ) ;
#1999 = CARTESIAN_POINT ( 'NONE',  ( 0.7302363157561868601, -0.04344919019915643998, -0.6989999999999998437 ) ) ;
#2000 = EDGE_CURVE ( 'NONE', #2634, #2927, #5902, .T. ) ;
#2001 = MECHANICAL_DESIGN_GEOMETRIC_PRESENTATION_REPRESENTATION (  '', ( #10470 ), #7252 ) ;
#2002 =( LENGTH_UNIT ( ) NAMED_UNIT ( * ) SI_UNIT ( .MILLI., .METRE. ) );
#2003 = ORIENTED_EDGE ( 'NONE', *, *, #5602, .F. ) ;
#2004 = CARTESIAN_POINT ( 'NONE',  ( 0.7700000000000000178, 0.05088549064387543064, -0.6999999999999999556 ) ) ;
#2005 = PRESENTATION_LAYER_ASSIGNMENT (  '', '', ( #1615 ) ) ;
#2006 = ORIENTED_EDGE ( 'NONE', *, *, #945, .F. ) ;
#2007 = PLANE ( 'NONE',  #11487 ) ;
#2008 = EDGE_CURVE ( 'NONE', #9522, #5555, #2321, .T. ) ;
#2009 = CARTESIAN_POINT ( 'NONE',  ( 0.8019999999999994911, -0.1800000000000000211, -0.1999999999999998723 ) ) ;
#2010 = CARTESIAN_POINT ( 'NONE',  ( -0.2629128784747791769, -0.1800000000000000211, -0.4999999999999998890 ) ) ;
#2011 = CARTESIAN_POINT ( 'NONE',  ( -0.3370871215252030928, -0.1800000000000000211, -0.4999999999999998890 ) ) ;
#2012 =( LENGTH_UNIT ( ) NAMED_UNIT ( * ) SI_UNIT ( .MILLI., .METRE. ) );
#2013 = CARTESIAN_POINT ( 'NONE',  ( 0.5000000000000002220, 0.4000000000000000222, -0.5999999999999998668 ) ) ;
#2014 =( NAMED_UNIT ( * ) PLANE_ANGLE_UNIT ( ) SI_UNIT ( $, .RADIAN. ) );
#2015 = ORIENTED_EDGE ( 'NONE', *, *, #8374, .T. ) ;
#2016 = UNCERTAINTY_MEASURE_WITH_UNIT (LENGTH_MEASURE( 1.000000000000000082E-05 ), #3872, 'distance_accuracy_value', 'NONE');
#2017 = CARTESIAN_POINT ( 'NONE',  ( 0.2629128784747787329, -0.2800000000000000266, -0.1999999999999999001 ) ) ;
#2018 = EDGE_CURVE ( 'NONE', #8013, #10346, #257, .T. ) ;
#2019 = EDGE_CURVE ( 'NONE', #10701, #3585, #11189, .T. ) ;
#2020 = CARTESIAN_POINT ( 'NONE',  ( 0.8019999999999994911, 0.1800000000000000766, -0.09999999999999988065 ) ) ;
#2021 = SURFACE_SIDE_STYLE ('',( #3888 ) ) ;
#2022 = CARTESIAN_POINT ( 'NONE',  ( 0.7621108927475157557, 0.06343357961259252220, -0.6990000000000001767 ) ) ;
#2023 = DIRECTION ( 'NONE',  ( 0.000000000000000000, 0.000000000000000000, 1.000000000000000000 ) ) ;
#2024 = FILL_AREA_STYLE_COLOUR ( '', #3842 ) ;
#2025 = CIRCLE ( 'NONE', #2774, 0.09999999999999999167 ) ;
#2026 = FILL_AREA_STYLE ('',( #2945 ) ) ;
#2027 = CYLINDRICAL_SURFACE ( 'NONE', #4381, 0.03000000000000002318 ) ;
#2028 = CARTESIAN_POINT ( 'NONE',  ( 0.7289487912345843368, -0.08191217334991188204, -0.6989999999999997327 ) ) ;
#2029 =( NAMED_UNIT ( * ) PLANE_ANGLE_UNIT ( ) SI_UNIT ( $, .RADIAN. ) );
#2030 = EDGE_LOOP ( 'NONE', ( #2909, #4076, #10947, #9924, #4358, #881 ) ) ;
#2031 =( NAMED_UNIT ( * ) PLANE_ANGLE_UNIT ( ) SI_UNIT ( $, .RADIAN. ) );
#2032 = CARTESIAN_POINT ( 'NONE',  ( 0.7199999999999999734, 0.09817073170731704934, -0.6989999999999999547 ) ) ;
#2033 = CARTESIAN_POINT ( 'NONE',  ( 0.7698308523128180036, 0.03729713468732482468, -0.6989999999999999547 ) ) ;
#2034 = ORIENTED_EDGE ( 'NONE', *, *, #1802, .F. ) ;
#2035 = EDGE_CURVE ( 'NONE', #3763, #3416, #10725, .T. ) ;
#2036 = CARTESIAN_POINT ( 'NONE',  ( 0.7391086127223470692, -0.05506426432120017228, -0.7000000000000001776 ) ) ;
#2037 = CARTESIAN_POINT ( 'NONE',  ( 0.7289487912345843368, -0.08191217334991188204, -0.6999999999999997335 ) ) ;
#2038 = PRESENTATION_STYLE_ASSIGNMENT (( #18 ) ) ;
#2039 = DIRECTION ( 'NONE',  ( -1.000000000000000000, 5.421010862427520198E-16, -0.000000000000000000 ) ) ;
#2040 = CYLINDRICAL_SURFACE ( 'NONE', #7620, 0.05499999999999997946 ) ;
#2041 = UNCERTAINTY_MEASURE_WITH_UNIT (LENGTH_MEASURE( 1.000000000000000082E-05 ), #8963, 'distance_accuracy_value', 'NONE');
#2042 = ORIENTED_EDGE ( 'NONE', *, *, #8521, .T. ) ;
#2043 = CARTESIAN_POINT ( 'NONE',  ( 0.7260975609756096238, -0.08134527439024404061, -0.6989999999999999547 ) ) ;
#2044 = CARTESIAN_POINT ( 'NONE',  ( 0.7285477268807140083, 0.06282389116350436953, -0.6989999999999999547 ) ) ;
#2045 =( NAMED_UNIT ( * ) SI_UNIT ( $, .STERADIAN. ) SOLID_ANGLE_UNIT ( ) );
#2046 = MECHANICAL_DESIGN_GEOMETRIC_PRESENTATION_REPRESENTATION (  '', ( #9560 ), #4500 ) ;
#2047 =( NAMED_UNIT ( * ) PLANE_ANGLE_UNIT ( ) SI_UNIT ( $, .RADIAN. ) );
#2048 = CARTESIAN_POINT ( 'NONE',  ( 0.7262355085609101257, 0.05035959877791465478, -0.6989999999999999547 ) ) ;
#2049 = DIRECTION ( 'NONE',  ( 0.000000000000000000, 0.000000000000000000, -1.000000000000000000 ) ) ;
#2050 = DIRECTION ( 'NONE',  ( -1.000000000000000000, -0.000000000000000000, -0.000000000000000000 ) ) ;
#2051 = MECHANICAL_DESIGN_GEOMETRIC_PRESENTATION_REPRESENTATION (  '', ( #5059 ), #8794 ) ;
#2052 = LINE ( 'NONE', #9224, #6850 ) ;
#2053 = CARTESIAN_POINT ( 'NONE',  ( 0.7422594223682116299, -0.04873223324765559028, -0.7000000000000000666 ) ) ;
#2054 = PRESENTATION_LAYER_ASSIGNMENT (  '', '', ( #9380 ) ) ;
#2055 = ORIENTED_EDGE ( 'NONE', *, *, #8469, .F. ) ;
#2056 = CARTESIAN_POINT ( 'NONE',  ( 0.7700000518793064241, 0.03816066169076080122, -0.6999999999999999556 ) ) ;
#2057 = ORIENTED_EDGE ( 'NONE', *, *, #6889, .T. ) ;
#2058 = CARTESIAN_POINT ( 'NONE',  ( 0.7999999999999996003, -0.3999999999999999112, 0.1000000000000000056 ) ) ;
#2059 = SURFACE_STYLE_USAGE ( .BOTH. , #2876 ) ;
#2060 = VECTOR ( 'NONE', #11454, 1000.000000000000114 ) ;
#2061 = CIRCLE ( 'NONE', #4321, 0.09999999999999999167 ) ;
#2062 = ADVANCED_FACE ( 'NONE', ( #3181 ), #10343, .T. ) ;
#2063 =( NAMED_UNIT ( * ) PLANE_ANGLE_UNIT ( ) SI_UNIT ( $, .RADIAN. ) );
#2064 = SURFACE_STYLE_USAGE ( .BOTH. , #7346 ) ;
#2065 = STYLED_ITEM ( 'NONE', ( #1420 ), #2886 ) ;
#2066 = CYLINDRICAL_SURFACE ( 'NONE', #1331, 0.09999999999999999167 ) ;
#2067 = DIRECTION ( 'NONE',  ( 0.000000000000000000, 0.000000000000000000, 1.000000000000000000 ) ) ;
#2068 = DIRECTION ( 'NONE',  ( -1.000000000000000000, -0.000000000000000000, -0.000000000000000000 ) ) ;
#2069 =( NAMED_UNIT ( * ) SI_UNIT ( $, .STERADIAN. ) SOLID_ANGLE_UNIT ( ) );
#2070 = CARTESIAN_POINT ( 'NONE',  ( 0.7645121951219511214, -0.005487804878048864292, -0.6989999999999999547 ) ) ;
#2071 =( GEOMETRIC_REPRESENTATION_CONTEXT ( 3 ) GLOBAL_UNCERTAINTY_ASSIGNED_CONTEXT ( ( #6159 ) ) GLOBAL_UNIT_ASSIGNED_CONTEXT ( ( #1768, #899, #11558 ) ) REPRESENTATION_CONTEXT ( 'NONE', 'WORKASPACE' ) );
#2072 = ORIENTED_EDGE ( 'NONE', *, *, #8054, .T. ) ;
#2073 = EDGE_LOOP ( 'NONE', ( #6148, #6239, #5870, #8839 ) ) ;
#2074 = CARTESIAN_POINT ( 'NONE',  ( 0.3599999999999999867, 0.1799999999999998823, -0.5499999999999999334 ) ) ;
#2075 = UNCERTAINTY_MEASURE_WITH_UNIT (LENGTH_MEASURE( 1.000000000000000082E-05 ), #10937, 'distance_accuracy_value', 'NONE');
#2076 = EDGE_CURVE ( 'NONE', #120, #1907, #6845, .T. ) ;
#2077 = SURFACE_SIDE_STYLE ('',( #10151 ) ) ;
#2078 = DIRECTION ( 'NONE',  ( 0.000000000000000000, 0.000000000000000000, -1.000000000000000000 ) ) ;
#2079 = VECTOR ( 'NONE', #4581, 1000.000000000000000 ) ;
#2080 = DIRECTION ( 'NONE',  ( 0.000000000000000000, 0.000000000000000000, 1.000000000000000000 ) ) ;
#2081 = CARTESIAN_POINT ( 'NONE',  ( 0.7296036585365851534, -0.08038300304878062685, -0.6989999999999999547 ) ) ;
#2082 = EDGE_CURVE ( 'NONE', #4979, #5988, #8482, .T. ) ;
#2083 = CARTESIAN_POINT ( 'NONE',  ( 0.3370871215252210784, -0.1800000000000002709, -0.09999999999999982514 ) ) ;
#2084 = CARTESIAN_POINT ( 'NONE',  ( 0.7624920339306752171, -0.03908192238418306541, -0.7000000000000000666 ) ) ;
#2085 = ORIENTED_EDGE ( 'NONE', *, *, #8643, .T. ) ;
#2086 =( GEOMETRIC_REPRESENTATION_CONTEXT ( 3 ) GLOBAL_UNCERTAINTY_ASSIGNED_CONTEXT ( ( #4404 ) ) GLOBAL_UNIT_ASSIGNED_CONTEXT ( ( #5693, #3853, #7627 ) ) REPRESENTATION_CONTEXT ( 'NONE', 'WORKASPACE' ) );
#2087 = CARTESIAN_POINT ( 'NONE',  ( 0.7261083925606253153, 0.03523311418886904134, -0.6989999999999999547 ) ) ;
#2088 =( NAMED_UNIT ( * ) SI_UNIT ( $, .STERADIAN. ) SOLID_ANGLE_UNIT ( ) );
#2089 = PRESENTATION_STYLE_ASSIGNMENT (( #4799 ) ) ;
#2090 = MECHANICAL_DESIGN_GEOMETRIC_PRESENTATION_REPRESENTATION (  '', ( #7721 ), #8451 ) ;
#2091 = VERTEX_POINT ( 'NONE', #11407 ) ;
#2092 = VECTOR ( 'NONE', #6375, 1000.000000000000000 ) ;
#2093 =( NAMED_UNIT ( * ) PLANE_ANGLE_UNIT ( ) SI_UNIT ( $, .RADIAN. ) );
#2094 = EDGE_CURVE ( 'NONE', #5001, #8093, #7622, .T. ) ;
#2095 = SURFACE_STYLE_USAGE ( .BOTH. , #3907 ) ;
#2096 = SURFACE_SIDE_STYLE ('',( #6438 ) ) ;
#2097 =( GEOMETRIC_REPRESENTATION_CONTEXT ( 3 ) GLOBAL_UNCERTAINTY_ASSIGNED_CONTEXT ( ( #9773 ) ) GLOBAL_UNIT_ASSIGNED_CONTEXT ( ( #2012, #1076, #4659 ) ) REPRESENTATION_CONTEXT ( 'NONE', 'WORKASPACE' ) );
#2098 =( GEOMETRIC_REPRESENTATION_CONTEXT ( 3 ) GLOBAL_UNCERTAINTY_ASSIGNED_CONTEXT ( ( #1685 ) ) GLOBAL_UNIT_ASSIGNED_CONTEXT ( ( #8790, #7804, #6858 ) ) REPRESENTATION_CONTEXT ( 'NONE', 'WORKASPACE' ) );
#2099 = AXIS2_PLACEMENT_3D ( 'NONE', #2950, #6540, #4736 ) ;
#2100 = EDGE_CURVE ( 'NONE', #5489, #11436, #6534, .T. ) ;
#2101 = ORIENTED_EDGE ( 'NONE', *, *, #5161, .T. ) ;
#2102 = MECHANICAL_DESIGN_GEOMETRIC_PRESENTATION_REPRESENTATION (  '', ( #9234 ), #1529 ) ;
#2103 = DIRECTION ( 'NONE',  ( 1.355252715606880296E-16, 1.000000000000000000, 0.000000000000000000 ) ) ;
#2104 = CARTESIAN_POINT ( 'NONE',  ( 0.7449704764724988104, 0.06827080260235057763, -0.6990000000000000657 ) ) ;
#2105 =( NAMED_UNIT ( * ) SI_UNIT ( $, .STERADIAN. ) SOLID_ANGLE_UNIT ( ) );
#2106 = SURFACE_STYLE_FILL_AREA ( #2166 ) ;
#2107 = PRESENTATION_LAYER_ASSIGNMENT (  '', '', ( #6986 ) ) ;
#2108 = COLOUR_RGB ( '',1.000000000000000000, 1.000000000000000000, 1.000000000000000000 ) ;
#2109 = CARTESIAN_POINT ( 'NONE',  ( 0.7999999999999996003, 0.4000000000000001332, 0.1000000000000000056 ) ) ;
#2110 = CARTESIAN_POINT ( 'NONE',  ( -0.2399999999999999911, 0.1799999999999998823, -0.5499999999999999334 ) ) ;
#2111 = FACE_OUTER_BOUND ( 'NONE', #4130, .T. ) ;
#2112 = DIRECTION ( 'NONE',  ( -0.000000000000000000, 0.000000000000000000, -1.000000000000000000 ) ) ;
#2113 = EDGE_LOOP ( 'NONE', ( #3626, #10811, #1648, #4029 ) ) ;
#2114 = DIRECTION ( 'NONE',  ( 0.000000000000000000, 0.000000000000000000, -1.000000000000000000 ) ) ;
#2115 = VERTEX_POINT ( 'NONE', #7856 ) ;
#2116 =( GEOMETRIC_REPRESENTATION_CONTEXT ( 3 ) GLOBAL_UNCERTAINTY_ASSIGNED_CONTEXT ( ( #7810 ) ) GLOBAL_UNIT_ASSIGNED_CONTEXT ( ( #11431, #5769, #9590 ) ) REPRESENTATION_CONTEXT ( 'NONE', 'WORKASPACE' ) );
#2117 = DIRECTION ( 'NONE',  ( -1.000000000000000000, -0.000000000000000000, -0.000000000000000000 ) ) ;
#2118 =( NAMED_UNIT ( * ) SI_UNIT ( $, .STERADIAN. ) SOLID_ANGLE_UNIT ( ) );
#2119 = SURFACE_STYLE_FILL_AREA ( #5820 ) ;
#2120 = DIRECTION ( 'NONE',  ( 0.000000000000000000, -2.710505431213761085E-16, 1.000000000000000000 ) ) ;
#2121 = LINE ( 'NONE', #6517, #1901 ) ;
#2122 = LINE ( 'NONE', #9237, #3214 ) ;
#2123 = CARTESIAN_POINT ( 'NONE',  ( 0.06499999999999997446, 0.3299999999999999600, -0.1999999999999999001 ) ) ;
#2124 = TOROIDAL_SURFACE ( 'NONE', #3044, 0.1500000000000001055, 0.05500000000000000028 ) ;
#2125 = CARTESIAN_POINT ( 'NONE',  ( 0.000000000000000000, 0.000000000000000000, 0.000000000000000000 ) ) ;
#2126 = CARTESIAN_POINT ( 'NONE',  ( -0.1199999999999999956, -0.1800000000000002154, -0.5499999999999999334 ) ) ;
#2127 = VERTEX_POINT ( 'NONE', #6959 ) ;
#2128 = B_SPLINE_CURVE_WITH_KNOTS ( 'NONE', 3,
 ( #4965, #4078, #7661, #9544, #11277, #2306, #5895, #3222, #1422, #8579, #7717, #6824, #4260, #8884, #3466, #774, #11504, #6238, #2421 ),
 .UNSPECIFIED., .F., .F.,
 ( 4, 1, 1, 1, 1, 1, 1, 1, 1, 1, 1, 1, 1, 1, 1, 1, 4 ),
 ( 0.000000000000000000, 0.06460397028839218181, 0.1267024139629471524, 0.1867568140356181683, 0.2455056873654366256, 0.3036520244499758547, 0.3615030739706251439, 0.4202402229284681323, 0.4800333407766950722, 0.5406781347755144074, 0.6011918063807817347, 0.6623335024774418267, 0.7247395102972300496, 0.7894677361728849041, 0.8565048600438298632, 0.9263120958391908299, 1.000000000000000000 ),
 .UNSPECIFIED. ) ;
#2129 = VERTEX_POINT ( 'NONE', #10585 ) ;
#2130 = EDGE_CURVE ( 'NONE', #1278, #11001, #439, .T. ) ;
#2131 = UNCERTAINTY_MEASURE_WITH_UNIT (LENGTH_MEASURE( 1.000000000000000082E-05 ), #8933, 'distance_accuracy_value', 'NONE');
#2132 = DIRECTION ( 'NONE',  ( 0.000000000000000000, 0.000000000000000000, 1.000000000000000000 ) ) ;
#2133 = SURFACE_STYLE_USAGE ( .BOTH. , #2192 ) ;
#2134 = CARTESIAN_POINT ( 'NONE',  ( 0.7705525547535493347, 0.04742052422395919009, -0.6989999999999999547 ) ) ;
#2135 = CARTESIAN_POINT ( 'NONE',  ( 0.7648205185720077237, 0.04767545418744438546, -0.6990000000000001767 ) ) ;
#2136 = CARTESIAN_POINT ( 'NONE',  ( 0.7468492808175086761, 0.06827703384259359298, -0.6989999999999999547 ) ) ;
#2137 =( LENGTH_UNIT ( ) NAMED_UNIT ( * ) SI_UNIT ( .MILLI., .METRE. ) );
#2138 = PRESENTATION_STYLE_ASSIGNMENT (( #1254 ) ) ;
#2139 = CARTESIAN_POINT ( 'NONE',  ( 0.3829128784747788949, -0.1800000000000000211, -0.09999999999999988065 ) ) ;
#2140 = FILL_AREA_STYLE ('',( #4672 ) ) ;
#2141 =( NAMED_UNIT ( * ) SI_UNIT ( $, .STERADIAN. ) SOLID_ANGLE_UNIT ( ) );
#2142 = EDGE_LOOP ( 'NONE', ( #10492, #8086, #2199, #1640 ) ) ;
#2143 = EDGE_CURVE ( 'NONE', #11136, #7354, #3426, .T. ) ;
#2144 = UNCERTAINTY_MEASURE_WITH_UNIT (LENGTH_MEASURE( 1.000000000000000082E-05 ), #6174, 'distance_accuracy_value', 'NONE');
#2145 = VECTOR ( 'NONE', #11418, 1000.000000000000000 ) ;
#2146 = FILL_AREA_STYLE_COLOUR ( '', #7163 ) ;
#2147 = CARTESIAN_POINT ( 'NONE',  ( 0.7248860258103043686, 0.04227917705111410712, -0.6989999999999998437 ) ) ;
#2148 = SURFACE_STYLE_USAGE ( .BOTH. , #3233 ) ;
#2149 = ADVANCED_FACE ( 'NONE', ( #7024 ), #9368, .T. ) ;
#2150 =( NAMED_UNIT ( * ) PLANE_ANGLE_UNIT ( ) SI_UNIT ( $, .RADIAN. ) );
#2151 = ORIENTED_EDGE ( 'NONE', *, *, #6584, .F. ) ;
#2152 = COLOUR_RGB ( '',0.7529411764705882248, 0.7529411764705882248, 0.7529411764705882248 ) ;
#2153 = DIRECTION ( 'NONE',  ( -1.000000000000000000, 0.000000000000000000, 5.689178983264832254E-13 ) ) ;
#2154 =( NAMED_UNIT ( * ) PLANE_ANGLE_UNIT ( ) SI_UNIT ( $, .RADIAN. ) );
#2155 =( LENGTH_UNIT ( ) NAMED_UNIT ( * ) SI_UNIT ( .MILLI., .METRE. ) );
#2156 = EDGE_CURVE ( 'NONE', #8553, #3963, #11522, .T. ) ;
#2157 = CIRCLE ( 'NONE', #7594, 0.05499999999999997946 ) ;
#2158 = UNCERTAINTY_MEASURE_WITH_UNIT (LENGTH_MEASURE( 1.000000000000000082E-05 ), #11430, 'distance_accuracy_value', 'NONE');
#2159 = ORIENTED_EDGE ( 'NONE', *, *, #3874, .F. ) ;
#2160 = DIRECTION ( 'NONE',  ( 0.000000000000000000, 0.000000000000000000, 1.000000000000000000 ) ) ;
#2161 = CARTESIAN_POINT ( 'NONE',  ( 0.7203735655063407961, 0.05060815312215081324, -0.6990000000000000657 ) ) ;
#2162 = ADVANCED_FACE ( 'NONE', ( #7571 ), #3802, .T. ) ;
#2163 = CARTESIAN_POINT ( 'NONE',  ( 0.7200204745964046138, -0.03027263284014452757, -0.6990000000000000657 ) ) ;
#2164 = VERTEX_POINT ( 'NONE', #9111 ) ;
#2165 =( GEOMETRIC_REPRESENTATION_CONTEXT ( 3 ) GLOBAL_UNCERTAINTY_ASSIGNED_CONTEXT ( ( #8832 ) ) GLOBAL_UNIT_ASSIGNED_CONTEXT ( ( #6372, #2029, #11054 ) ) REPRESENTATION_CONTEXT ( 'NONE', 'WORKASPACE' ) );
#2166 = FILL_AREA_STYLE ('',( #3025 ) ) ;
#2167 =( GEOMETRIC_REPRESENTATION_CONTEXT ( 3 ) GLOBAL_UNCERTAINTY_ASSIGNED_CONTEXT ( ( #2144 ) ) GLOBAL_UNIT_ASSIGNED_CONTEXT ( ( #6174, #4479, #3580 ) ) REPRESENTATION_CONTEXT ( 'NONE', 'WORKASPACE' ) );
#2168 = MECHANICAL_DESIGN_GEOMETRIC_PRESENTATION_REPRESENTATION (  '', ( #7050 ), #6429 ) ;
#2169 = CARTESIAN_POINT ( 'NONE',  ( -0.8000000000000003775, -0.3999999999999999112, -0.5999999999999998668 ) ) ;
#2170 = CARTESIAN_POINT ( 'NONE',  ( 0.7430667284974442621, 0.06822798065218037278, -0.7000000000000000666 ) ) ;
#2171 = EDGE_CURVE ( 'NONE', #9138, #7509, #10182, .T. ) ;
#2172 = DIRECTION ( 'NONE',  ( 0.000000000000000000, 2.397541290737903714E-15, 1.000000000000000000 ) ) ;
#2173 = SURFACE_SIDE_STYLE ('',( #7693 ) ) ;
#2174 = ORIENTED_EDGE ( 'NONE', *, *, #7845, .F. ) ;
#2175 = EDGE_LOOP ( 'NONE', ( #10031, #6726, #7027, #6456 ) ) ;
#2176 = VECTOR ( 'NONE', #11656, 1000.000000000000000 ) ;
#2177 = LINE ( 'NONE', #6631, #6384 ) ;
#2178 = PRESENTATION_STYLE_ASSIGNMENT (( #2233 ) ) ;
#2179 = CARTESIAN_POINT ( 'NONE',  ( 0.7592789774979515904, -0.04359542309886068473, -0.6989999999999997327 ) ) ;
#2180 = MECHANICAL_DESIGN_GEOMETRIC_PRESENTATION_REPRESENTATION (  '', ( #9513 ), #4446 ) ;
#2181 = EDGE_CURVE ( 'NONE', #7507, #1907, #6291, .T. ) ;
#2182 =( NAMED_UNIT ( * ) SI_UNIT ( $, .STERADIAN. ) SOLID_ANGLE_UNIT ( ) );
#2183 = VECTOR ( 'NONE', #3045, 1000.000000000000000 ) ;
#2184 = FILL_AREA_STYLE ('',( #9411 ) ) ;
#2185 = FILL_AREA_STYLE_COLOUR ( '', #7162 ) ;
#2186 = PRESENTATION_STYLE_ASSIGNMENT (( #7519 ) ) ;
#2187 =( GEOMETRIC_REPRESENTATION_CONTEXT ( 3 ) GLOBAL_UNCERTAINTY_ASSIGNED_CONTEXT ( ( #7438 ) ) GLOBAL_UNIT_ASSIGNED_CONTEXT ( ( #10086, #7762, #2182 ) ) REPRESENTATION_CONTEXT ( 'NONE', 'WORKASPACE' ) );
#2188 = PRESENTATION_STYLE_ASSIGNMENT (( #10259 ) ) ;
#2189 = SURFACE_STYLE_USAGE ( .BOTH. , #3106 ) ;
#2190 = EDGE_LOOP ( 'NONE', ( #4623, #6700, #1752, #7992 ) ) ;
#2191 = ORIENTED_EDGE ( 'NONE', *, *, #8311, .F. ) ;
#2192 = SURFACE_SIDE_STYLE ('',( #10266 ) ) ;
#2193 = DIRECTION ( 'NONE',  ( -1.000000000000000000, -0.000000000000000000, -0.000000000000000000 ) ) ;
#2194 = LINE ( 'NONE', #4902, #8225 ) ;
#2195 = CARTESIAN_POINT ( 'NONE',  ( 0.3829128784747791725, 0.1800000000000000766, -0.4999999999999998890 ) ) ;
#2196 =( NAMED_UNIT ( * ) SI_UNIT ( $, .STERADIAN. ) SOLID_ANGLE_UNIT ( ) );
#2197 = CARTESIAN_POINT ( 'NONE',  ( 0.8019999999999994911, 0.1800000000000000766, -0.3999999999999999112 ) ) ;
#2198 = VERTEX_POINT ( 'NONE', #11074 ) ;
#2199 = ORIENTED_EDGE ( 'NONE', *, *, #10162, .F. ) ;
#2200 = CARTESIAN_POINT ( 'NONE',  ( -0.3829128784748462855, -0.2800000000000000266, -0.3999999999999999112 ) ) ;
#2201 = DIRECTION ( 'NONE',  ( 0.000000000000000000, -2.464095846557964300E-15, -1.000000000000000000 ) ) ;
#2202 =( GEOMETRIC_REPRESENTATION_CONTEXT ( 3 ) GLOBAL_UNCERTAINTY_ASSIGNED_CONTEXT ( ( #6248 ) ) GLOBAL_UNIT_ASSIGNED_CONTEXT ( ( #7828, #3331, #7947 ) ) REPRESENTATION_CONTEXT ( 'NONE', 'WORKASPACE' ) );
#2203 =( NAMED_UNIT ( * ) SI_UNIT ( $, .STERADIAN. ) SOLID_ANGLE_UNIT ( ) );
#2204 = CARTESIAN_POINT ( 'NONE',  ( 0.7699999999999996847, -0.3999999999999998557, -0.6999999999999999556 ) ) ;
#2205 = DIRECTION ( 'NONE',  ( 0.000000000000000000, 0.000000000000000000, 1.000000000000000000 ) ) ;
#2206 =( GEOMETRIC_REPRESENTATION_CONTEXT ( 3 ) GLOBAL_UNCERTAINTY_ASSIGNED_CONTEXT ( ( #3764 ) ) GLOBAL_UNIT_ASSIGNED_CONTEXT ( ( #9351, #2063, #9404 ) ) REPRESENTATION_CONTEXT ( 'NONE', 'WORKASPACE' ) );
#2207 = EDGE_CURVE ( 'NONE', #7730, #4538, #1763, .T. ) ;
#2208 = ORIENTED_EDGE ( 'NONE', *, *, #1742, .T. ) ;
#2209 = SURFACE_SIDE_STYLE ('',( #3301 ) ) ;
#2210 = FACE_OUTER_BOUND ( 'NONE', #1582, .T. ) ;
#2211 = DIRECTION ( 'NONE',  ( 0.000000000000000000, -1.000000000000000000, 0.000000000000000000 ) ) ;
#2212 =( LENGTH_UNIT ( ) NAMED_UNIT ( * ) SI_UNIT ( .MILLI., .METRE. ) );
#2213 = STYLED_ITEM ( 'NONE', ( #9694 ), #4901 ) ;
#2214 = VECTOR ( 'NONE', #4770, 1000.000000000000000 ) ;
#2215 = ORIENTED_EDGE ( 'NONE', *, *, #8025, .F. ) ;
#2216 = CARTESIAN_POINT ( 'NONE',  ( 0.7699999999999997957, -0.1042682926829269635, -0.6999999999999999556 ) ) ;
#2217 = LINE ( 'NONE', #4160, #11652 ) ;
#2218 = DIRECTION ( 'NONE',  ( 0.000000000000000000, -1.000000000000000000, 2.956915015869558659E-15 ) ) ;
#2219 = PRESENTATION_STYLE_ASSIGNMENT (( #9338 ) ) ;
#2220 = ORIENTED_EDGE ( 'NONE', *, *, #4024, .F. ) ;
#2221 = DIRECTION ( 'NONE',  ( 0.000000000000000000, 1.000000000000000000, -2.578241652818821251E-15 ) ) ;
#2222 = DIRECTION ( 'NONE',  ( -1.000000000000000000, 0.000000000000000000, 0.000000000000000000 ) ) ;
#2223 = CARTESIAN_POINT ( 'NONE',  ( 0.7645121951219512324, 0.07256097560975606486, -0.6989999999999999547 ) ) ;
#2224 =( NAMED_UNIT ( * ) SI_UNIT ( $, .STERADIAN. ) SOLID_ANGLE_UNIT ( ) );
#2225 = EDGE_CURVE ( 'NONE', #9989, #8250, #1690, .T. ) ;
#2226 = CARTESIAN_POINT ( 'NONE',  ( 0.7619207317073168895, 0.03109756097560961718, -0.6989999999999999547 ) ) ;
#2227 = AXIS2_PLACEMENT_3D ( 'NONE', #2767, #6300, #229 ) ;
#2228 = EDGE_LOOP ( 'NONE', ( #10572, #4058, #7714, #8427 ) ) ;
#2229 = FILL_AREA_STYLE_COLOUR ( '', #8860 ) ;
#2230 = ORIENTED_EDGE ( 'NONE', *, *, #11329, .F. ) ;
#2231 = VECTOR ( 'NONE', #5216, 1000.000000000000000 ) ;
#2232 = FACE_OUTER_BOUND ( 'NONE', #1247, .T. ) ;
#2233 = SURFACE_STYLE_USAGE ( .BOTH. , #8503 ) ;
#2234 = FACE_OUTER_BOUND ( 'NONE', #4568, .T. ) ;
#2235 = CARTESIAN_POINT ( 'NONE',  ( 0.7644641796929366739, -0.03127225437137612363, -0.6990000000000000657 ) ) ;
#2236 = AXIS2_PLACEMENT_3D ( 'NONE', #5008, #9466, #5821 ) ;
#2237 = SURFACE_STYLE_USAGE ( .BOTH. , #5009 ) ;
#2238 = AXIS2_PLACEMENT_3D ( 'NONE', #3509, #2637, #9897 ) ;
#2239 = LINE ( 'NONE', #10429, #417 ) ;
#2240 = CARTESIAN_POINT ( 'NONE',  ( -0.2629128784747791769, -0.1800000000000001876, -0.3999999999999999112 ) ) ;
#2241 = ADVANCED_FACE ( 'NONE', ( #692 ), #4119, .T. ) ;
#2242 = CARTESIAN_POINT ( 'NONE',  ( -0.3829128784747790060, 0.1799999999999999101, -0.1999999999999998723 ) ) ;
#2243 = ORIENTED_EDGE ( 'NONE', *, *, #3789, .T. ) ;
#2244 = ORIENTED_EDGE ( 'NONE', *, *, #2100, .T. ) ;
#2245 = UNCERTAINTY_MEASURE_WITH_UNIT (LENGTH_MEASURE( 1.000000000000000082E-05 ), #10241, 'distance_accuracy_value', 'NONE');
#2246 = VECTOR ( 'NONE', #123, 1000.000000000000000 ) ;
#2247 = AXIS2_PLACEMENT_3D ( 'NONE', #5146, #11402, #8709 ) ;
#2248 = ADVANCED_FACE ( 'NONE', ( #8990 ), #11486, .T. ) ;
#2249 = AXIS2_PLACEMENT_3D ( 'NONE', #11647, #2624, #6152 ) ;
#2250 =( NAMED_UNIT ( * ) SI_UNIT ( $, .STERADIAN. ) SOLID_ANGLE_UNIT ( ) );
#2251 = DIRECTION ( 'NONE',  ( 1.000000000000000000, 0.000000000000000000, -0.000000000000000000 ) ) ;
#2252 = CIRCLE ( 'NONE', #1875, 0.05499999999999997946 ) ;
#2253 = SURFACE_STYLE_FILL_AREA ( #9667 ) ;
#2254 = CARTESIAN_POINT ( 'NONE',  ( 0.2399999999999999911, 0.3299999999999999600, -0.3999999999999999667 ) ) ;
#2255 = ORIENTED_EDGE ( 'NONE', *, *, #10146, .F. ) ;
#2256 =( LENGTH_UNIT ( ) NAMED_UNIT ( * ) SI_UNIT ( .MILLI., .METRE. ) );
#2257 = COLOUR_RGB ( '',0.9098039215686274384, 0.4431372549019607643, 0.03137254901960784270 ) ;
#2258 = SURFACE_STYLE_FILL_AREA ( #6770 ) ;
#2259 = LINE ( 'NONE', #5845, #8039 ) ;
#2260 = ORIENTED_EDGE ( 'NONE', *, *, #1419, .T. ) ;
#2261 = DIRECTION ( 'NONE',  ( 0.000000000000000000, -1.000000000000000000, 2.634710515969108204E-15 ) ) ;
#2262 = PRESENTATION_STYLE_ASSIGNMENT (( #2381 ) ) ;
#2263 = SURFACE_SIDE_STYLE ('',( #5794 ) ) ;
#2264 = AXIS2_PLACEMENT_3D ( 'NONE', #6500, #8425, #4931 ) ;
#2265 = SURFACE_STYLE_USAGE ( .BOTH. , #4749 ) ;
#2266 = DIRECTION ( 'NONE',  ( 0.000000000000000000, -1.000000000000000000, 0.000000000000000000 ) ) ;
#2267 = CARTESIAN_POINT ( 'NONE',  ( 0.8019999999999994911, 0.2800000000000000266, -0.1999999999999998723 ) ) ;
#2268 = FILL_AREA_STYLE_COLOUR ( '', #874 ) ;
#2269 = UNCERTAINTY_MEASURE_WITH_UNIT (LENGTH_MEASURE( 1.000000000000000082E-05 ), #4344, 'distance_accuracy_value', 'NONE');
#2270 = EDGE_CURVE ( 'NONE', #8816, #10956, #2422, .T. ) ;
#2271 = ORIENTED_EDGE ( 'NONE', *, *, #2663, .T. ) ;
#2272 = COLOUR_RGB ( '',0.9098039215686274384, 0.4431372549019607643, 0.03137254901960784270 ) ;
#2273 = LINE ( 'NONE', #5858, #3179 ) ;
#2274 = CARTESIAN_POINT ( 'NONE',  ( 0.7449704764724988104, 0.06827080260235057763, -0.6990000000000000657 ) ) ;
#2275 = SURFACE_SIDE_STYLE ('',( #9277 ) ) ;
#2276 = CIRCLE ( 'NONE', #9410, 0.05499999999999997946 ) ;
#2277 = ORIENTED_EDGE ( 'NONE', *, *, #8054, .F. ) ;
#2278 = PRESENTATION_STYLE_ASSIGNMENT (( #4869 ) ) ;
#2279 = DIRECTION ( 'NONE',  ( 0.000000000000000000, -2.710505431213761085E-16, 1.000000000000000000 ) ) ;
#2280 = MECHANICAL_DESIGN_GEOMETRIC_PRESENTATION_REPRESENTATION (  '', ( #9428 ), #9420 ) ;
#2281 = PLANE ( 'NONE',  #5579 ) ;
#2282 = SURFACE_STYLE_FILL_AREA ( #3254 ) ;
#2283 = VERTEX_POINT ( 'NONE', #10730 ) ;
#2284 = EDGE_CURVE ( 'NONE', #7949, #8335, #6339, .T. ) ;
#2285 = LINE ( 'NONE', #11023, #11517 ) ;
#2286 = VERTEX_POINT ( 'NONE', #7933 ) ;
#2287 =( NAMED_UNIT ( * ) PLANE_ANGLE_UNIT ( ) SI_UNIT ( $, .RADIAN. ) );
#2288 = STYLED_ITEM ( 'NONE', ( #605 ), #6529 ) ;
#2289 = DIRECTION ( 'NONE',  ( -0.000000000000000000, -0.000000000000000000, -1.000000000000000000 ) ) ;
#2290 =( GEOMETRIC_REPRESENTATION_CONTEXT ( 3 ) GLOBAL_UNCERTAINTY_ASSIGNED_CONTEXT ( ( #8048 ) ) GLOBAL_UNIT_ASSIGNED_CONTEXT ( ( #6916, #7873, #10421 ) ) REPRESENTATION_CONTEXT ( 'NONE', 'WORKASPACE' ) );
#2291 = CARTESIAN_POINT ( 'NONE',  ( 0.8019999999999994911, -0.2800000000000000266, -0.1999999999999998723 ) ) ;
#2292 = ADVANCED_FACE ( 'NONE', ( #9959 ), #1872, .F. ) ;
#2293 = LINE ( 'NONE', #6634, #1665 ) ;
#2294 = SURFACE_STYLE_FILL_AREA ( #4181 ) ;
#2295 = CARTESIAN_POINT ( 'NONE',  ( 0.7273218492877338015, -0.03892747557430973476, -0.6989999999999999547 ) ) ;
#2296 = LINE ( 'NONE', #2469, #6044 ) ;
#2297 = CARTESIAN_POINT ( 'NONE',  ( 0.1429128784747790148, 0.1799999999999999101, -0.1999999999999998723 ) ) ;
#2298 = LINE ( 'NONE', #9655, #71 ) ;
#2299 = CARTESIAN_POINT ( 'NONE',  ( 0.8019999999999994911, -0.2800000000000000266, -0.1999999999999999001 ) ) ;
#2300 = ORIENTED_EDGE ( 'NONE', *, *, #9874, .F. ) ;
#2301 = ORIENTED_EDGE ( 'NONE', *, *, #8037, .F. ) ;
#2302 = EDGE_CURVE ( 'NONE', #1736, #5848, #160, .T. ) ;
#2303 = VERTEX_POINT ( 'NONE', #4582 ) ;
#2304 = CARTESIAN_POINT ( 'NONE',  ( 0.7468492808175086761, 0.06827703384259359298, -0.6989999999999999547 ) ) ;
#2305 = EDGE_CURVE ( 'NONE', #9154, #4367, #10014, .T. ) ;
#2306 = CARTESIAN_POINT ( 'NONE',  ( 0.7262355085609101257, 0.05035959877791465478, -0.6999999999999999556 ) ) ;
#2307 = AXIS2_PLACEMENT_3D ( 'NONE', #4703, #11670, #3642 ) ;
#2308 = VECTOR ( 'NONE', #5336, 1000.000000000000000 ) ;
#2309 = CARTESIAN_POINT ( 'NONE',  ( -0.5000000000000004441, -0.1800000000000000211, -0.09999999999999988065 ) ) ;
#2310 = ADVANCED_FACE ( 'NONE', ( #9275 ), #8576, .T. ) ;
#2311 = CARTESIAN_POINT ( 'NONE',  ( 0.1199999999999999956, 0.3300000000000000155, -0.1999999999999999001 ) ) ;
#2312 = ORIENTED_EDGE ( 'NONE', *, *, #1032, .F. ) ;
#2313 = CARTESIAN_POINT ( 'NONE',  ( 0.7389855423570554915, 0.06088684825404806072, -0.6989999999999999547 ) ) ;
#2314 =( GEOMETRIC_REPRESENTATION_CONTEXT ( 3 ) GLOBAL_UNCERTAINTY_ASSIGNED_CONTEXT ( ( #10929 ) ) GLOBAL_UNIT_ASSIGNED_CONTEXT ( ( #8129, #8181, #3879 ) ) REPRESENTATION_CONTEXT ( 'NONE', 'WORKASPACE' ) );
#2315 = CARTESIAN_POINT ( 'NONE',  ( -0.2399999999999999911, -0.3850000000000002309, -0.1999999999999997891 ) ) ;
#2316 = LINE ( 'NONE', #7849, #9683 ) ;
#2317 = ORIENTED_EDGE ( 'NONE', *, *, #4838, .T. ) ;
#2318 = FILL_AREA_STYLE_COLOUR ( '', #2668 ) ;
#2319 = PRESENTATION_STYLE_ASSIGNMENT (( #9504 ) ) ;
#2320 = PRESENTATION_LAYER_ASSIGNMENT (  '', '', ( #829 ) ) ;
#2321 = LINE ( 'NONE', #11292, #5355 ) ;
#2322 = DIRECTION ( 'NONE',  ( 0.000000000000000000, -1.000000000000000000, 2.464095846557965483E-15 ) ) ;
#2323 =( NAMED_UNIT ( * ) PLANE_ANGLE_UNIT ( ) SI_UNIT ( $, .RADIAN. ) );
#2324 = ORIENTED_EDGE ( 'NONE', *, *, #2607, .F. ) ;
#2325 = CARTESIAN_POINT ( 'NONE',  ( 0.7695998273911768273, -0.03441520244609141965, -0.6999999999999997335 ) ) ;
#2326 = PRESENTATION_LAYER_ASSIGNMENT (  '', '', ( #6082 ) ) ;
#2327 = DIRECTION ( 'NONE',  ( 0.000000000000000000, 1.000000000000000000, -2.578241652818821251E-15 ) ) ;
#2328 = VECTOR ( 'NONE', #3495, 1000.000000000000000 ) ;
#2329 = DIRECTION ( 'NONE',  ( 3.614007241618349757E-16, 1.000000000000000000, 0.000000000000000000 ) ) ;
#2330 = FILL_AREA_STYLE_COLOUR ( '', #6452 ) ;
#2331 = EDGE_LOOP ( 'NONE', ( #3382, #9214, #864, #9739 ) ) ;
#2332 = DIRECTION ( 'NONE',  ( -1.000000000000000000, -0.000000000000000000, -0.000000000000000000 ) ) ;
#2333 = FILL_AREA_STYLE_COLOUR ( '', #1979 ) ;
#2334 = CARTESIAN_POINT ( 'NONE',  ( -0.1199999999999999956, -0.1800000000000001321, -0.04999999999999975298 ) ) ;
#2335 = VECTOR ( 'NONE', #5151, 1000.000000000000000 ) ;
#2336 = SURFACE_STYLE_USAGE ( .BOTH. , #11253 ) ;
#2337 = ORIENTED_EDGE ( 'NONE', *, *, #1515, .F. ) ;
#2338 = CARTESIAN_POINT ( 'NONE',  ( 0.7199999999999998623, -0.004268292682926912857, -0.6989999999999999547 ) ) ;
#2339 = ORIENTED_EDGE ( 'NONE', *, *, #8911, .F. ) ;
#2340 = FILL_AREA_STYLE_COLOUR ( '', #2257 ) ;
#2341 = UNCERTAINTY_MEASURE_WITH_UNIT (LENGTH_MEASURE( 1.000000000000000082E-05 ), #3595, 'distance_accuracy_value', 'NONE');
#2342 = CARTESIAN_POINT ( 'NONE',  ( 0.3599999999999999867, -0.3850000000000002309, -0.1999999999999997891 ) ) ;
#2343 = TOROIDAL_SURFACE ( 'NONE', #5556, 0.1500000000000000222, 0.05500000000000000028 ) ;
#2344 = FACE_OUTER_BOUND ( 'NONE', #2647, .T. ) ;
#2345 = PRESENTATION_LAYER_ASSIGNMENT (  '', '', ( #9125 ) ) ;
#2346 = CARTESIAN_POINT ( 'NONE',  ( -0.2399999999999999911, -0.3300000000000002931, -0.3999999999999999112 ) ) ;
#2347 = EDGE_CURVE ( 'NONE', #1072, #9515, #9566, .T. ) ;
#2348 = DIRECTION ( 'NONE',  ( 0.000000000000000000, 0.000000000000000000, -1.000000000000000000 ) ) ;
#2349 = LINE ( 'NONE', #10310, #6132 ) ;
#2350 = CARTESIAN_POINT ( 'NONE',  ( 0.7260975609756096238, -0.08134527439024404061, -0.6989999999999999547 ) ) ;
#2351 = CARTESIAN_POINT ( 'NONE',  ( 0.8019999999999994911, 0.1800000000000000766, -0.3999999999999999112 ) ) ;
#2352 = PRESENTATION_STYLE_ASSIGNMENT (( #466 ) ) ;
#2353 = VECTOR ( 'NONE', #6322, 1000.000000000000000 ) ;
#2354 = CIRCLE ( 'NONE', #4615, 0.05499999999999997946 ) ;
#2355 =( NAMED_UNIT ( * ) SI_UNIT ( $, .STERADIAN. ) SOLID_ANGLE_UNIT ( ) );
#2356 = VERTEX_POINT ( 'NONE', #10469 ) ;
#2357 = ORIENTED_EDGE ( 'NONE', *, *, #1339, .T. ) ;
#2358 = EDGE_CURVE ( 'NONE', #2472, #9510, #10291, .T. ) ;
#2359 = AXIS2_PLACEMENT_3D ( 'NONE', #5652, #11035, #5552 ) ;
#2360 = VERTEX_POINT ( 'NONE', #3186 ) ;
#2361 = SURFACE_STYLE_USAGE ( .BOTH. , #10438 ) ;
#2362 =( NAMED_UNIT ( * ) PLANE_ANGLE_UNIT ( ) SI_UNIT ( $, .RADIAN. ) );
#2363 = COLOUR_RGB ( '',0.9098039215686274384, 0.4431372549019607643, 0.03137254901960784270 ) ;
#2364 =( GEOMETRIC_REPRESENTATION_CONTEXT ( 3 ) GLOBAL_UNCERTAINTY_ASSIGNED_CONTEXT ( ( #6018 ) ) GLOBAL_UNIT_ASSIGNED_CONTEXT ( ( #10345, #4925, #497 ) ) REPRESENTATION_CONTEXT ( 'NONE', 'WORKASPACE' ) );
#2365 = MECHANICAL_DESIGN_GEOMETRIC_PRESENTATION_REPRESENTATION (  '', ( #6866 ), #2187 ) ;
#2366 = CYLINDRICAL_SURFACE ( 'NONE', #4996, 0.09999999999999997780 ) ;
#2367 = DIRECTION ( 'NONE',  ( 0.000000000000000000, -0.000000000000000000, -1.000000000000000000 ) ) ;
#2368 =( LENGTH_UNIT ( ) NAMED_UNIT ( * ) SI_UNIT ( .MILLI., .METRE. ) );
#2369 = CYLINDRICAL_SURFACE ( 'NONE', #8179, 0.09999999999999999167 ) ;
#2370 = ORIENTED_EDGE ( 'NONE', *, *, #7261, .F. ) ;
#2371 = EDGE_CURVE ( 'NONE', #9994, #5132, #2217, .T. ) ;
#2372 = UNCERTAINTY_MEASURE_WITH_UNIT (LENGTH_MEASURE( 1.000000000000000082E-05 ), #5185, 'distance_accuracy_value', 'NONE');
#2373 = EDGE_CURVE ( 'NONE', #11484, #9047, #10525, .T. ) ;
#2374 = STYLED_ITEM ( 'NONE', ( #3689 ), #3812 ) ;
#2375 =( LENGTH_UNIT ( ) NAMED_UNIT ( * ) SI_UNIT ( .MILLI., .METRE. ) );
#2376 = DIRECTION ( 'NONE',  ( 0.000000000000000000, 0.000000000000000000, -1.000000000000000000 ) ) ;
#2377 =( LENGTH_UNIT ( ) NAMED_UNIT ( * ) SI_UNIT ( .MILLI., .METRE. ) );
#2378 = CARTESIAN_POINT ( 'NONE',  ( 0.7626995910960899794, 0.03248036304379750550, -0.7000000000000000666 ) ) ;
#2379 = ORIENTED_EDGE ( 'NONE', *, *, #2857, .F. ) ;
#2380 = SURFACE_STYLE_FILL_AREA ( #6027 ) ;
#2381 = SURFACE_STYLE_USAGE ( .BOTH. , #9382 ) ;
#2382 = PRESENTATION_STYLE_ASSIGNMENT (( #6086 ) ) ;
#2383 = DIRECTION ( 'NONE',  ( 0.000000000000000000, 1.000000000000000000, 0.000000000000000000 ) ) ;
#2384 = SURFACE_STYLE_FILL_AREA ( #440 ) ;
#2385 = ORIENTED_EDGE ( 'NONE', *, *, #6878, .F. ) ;
#2386 = SURFACE_STYLE_USAGE ( .BOTH. , #10466 ) ;
#2387 = EDGE_CURVE ( 'NONE', #10400, #1278, #4045, .T. ) ;
#2388 = ORIENTED_EDGE ( 'NONE', *, *, #9963, .T. ) ;
#2389 = STYLED_ITEM ( 'NONE', ( #4707 ), #3091 ) ;
#2390 = SURFACE_SIDE_STYLE ('',( #677 ) ) ;
#2391 = DIRECTION ( 'NONE',  ( -0.000000000000000000, -1.000000000000000000, 5.646886315028668105E-17 ) ) ;
#2392 = EDGE_CURVE ( 'NONE', #6537, #8013, #559, .T. ) ;
#2393 = SURFACE_STYLE_USAGE ( .BOTH. , #6040 ) ;
#2394 = ORIENTED_EDGE ( 'NONE', *, *, #10766, .F. ) ;
#2395 = STYLED_ITEM ( 'NONE', ( #9944 ), #4897 ) ;
#2396 = DIRECTION ( 'NONE',  ( 0.000000000000000000, -2.710505431213761085E-16, 1.000000000000000000 ) ) ;
#2397 = FACE_OUTER_BOUND ( 'NONE', #7575, .T. ) ;
#2398 = CARTESIAN_POINT ( 'NONE',  ( -0.8000000000000003775, -0.3999999999999999112, -0.6700000000000000400 ) ) ;
#2399 = VERTEX_POINT ( 'NONE', #6906 ) ;
#2400 = ORIENTED_EDGE ( 'NONE', *, *, #8733, .F. ) ;
#2401 = COLOUR_RGB ( '',0.9098039215686274384, 0.4431372549019607643, 0.03137254901960784270 ) ;
#2402 = CARTESIAN_POINT ( 'NONE',  ( 0.7283034278699966890, -0.04980423451713075073, -0.7000000000000000666 ) ) ;
#2403 = DIRECTION ( 'NONE',  ( -1.000000000000000000, -0.000000000000000000, -0.000000000000000000 ) ) ;
#2404 = SURFACE_SIDE_STYLE ('',( #1757 ) ) ;
#2405 = COLOUR_RGB ( '',0.9098039215686274384, 0.4431372549019607643, 0.03137254901960784270 ) ;
#2406 = DIRECTION ( 'NONE',  ( 0.000000000000000000, -1.000000000000000000, 2.397541290737904109E-15 ) ) ;
#2407 = SURFACE_STYLE_USAGE ( .BOTH. , #5881 ) ;
#2408 = DIRECTION ( 'NONE',  ( 0.000000000000000000, -1.000000000000000000, 0.000000000000000000 ) ) ;
#2409 = STYLED_ITEM ( 'NONE', ( #958 ), #5242 ) ;
#2410 = SURFACE_STYLE_USAGE ( .BOTH. , #1410 ) ;
#2411 = SURFACE_STYLE_FILL_AREA ( #10556 ) ;
#2412 =( NAMED_UNIT ( * ) PLANE_ANGLE_UNIT ( ) SI_UNIT ( $, .RADIAN. ) );
#2413 = VECTOR ( 'NONE', #393, 1000.000000000000000 ) ;
#2414 = EDGE_LOOP ( 'NONE', ( #6799, #7896, #1745, #7102 ) ) ;
#2415 = VERTEX_POINT ( 'NONE', #388 ) ;
#2416 = ORIENTED_EDGE ( 'NONE', *, *, #6817, .F. ) ;
#2417 = EDGE_CURVE ( 'NONE', #11192, #8241, #9761, .T. ) ;
#2418 = CARTESIAN_POINT ( 'NONE',  ( 0.7199999999999999734, 0.09817073170731704934, -0.6989999999999999547 ) ) ;
#2419 = VECTOR ( 'NONE', #9961, 1000.000000000000000 ) ;
#2420 = CARTESIAN_POINT ( 'NONE',  ( 0.1749999999999999889, 0.3299999999999999600, -0.1999999999999999001 ) ) ;
#2421 = CARTESIAN_POINT ( 'NONE',  ( 0.7455335365853656970, 0.06158536585365840393, -0.6999999999999999556 ) ) ;
#2422 = CIRCLE ( 'NONE', #5626, 0.05499999999999997946 ) ;
#2423 =( LENGTH_UNIT ( ) NAMED_UNIT ( * ) SI_UNIT ( .MILLI., .METRE. ) );
#2424 = LINE ( 'NONE', #1368, #1715 ) ;
#2425 = SURFACE_STYLE_FILL_AREA ( #6764 ) ;
#2426 = VECTOR ( 'NONE', #181, 1000.000000000000000 ) ;
#2427 = CARTESIAN_POINT ( 'NONE',  ( 0.7619207317073168895, 0.03109756097560961718, -0.6989999999999999547 ) ) ;
#2428 = CARTESIAN_POINT ( 'NONE',  ( 0.5000000000000004441, 0.1800000000000000766, -0.09999999999999988065 ) ) ;
#2429 = ORIENTED_EDGE ( 'NONE', *, *, #1169, .T. ) ;
#2430 = MECHANICAL_DESIGN_GEOMETRIC_PRESENTATION_REPRESENTATION (  '', ( #1678 ), #5261 ) ;
#2431 =( NAMED_UNIT ( * ) PLANE_ANGLE_UNIT ( ) SI_UNIT ( $, .RADIAN. ) );
#2432 = CARTESIAN_POINT ( 'NONE',  ( -0.3049999999999999378, 0.3299999999999999600, -0.3999999999999999667 ) ) ;
#2433 = CARTESIAN_POINT ( 'NONE',  ( 0.7682895406593494014, -0.03950711555366386019, -0.7000000000000000666 ) ) ;
#2434 = AXIS2_PLACEMENT_3D ( 'NONE', #589, #5776, #415 ) ;
#2435 = PRESENTATION_LAYER_ASSIGNMENT (  '', '', ( #364 ) ) ;
#2437 = EDGE_LOOP ( 'NONE', ( #2003, #9493, #7295, #2379 ) ) ;
#2436 = FILL_AREA_STYLE_COLOUR ( '', #4690 ) ;
#2438 = EDGE_CURVE ( 'NONE', #4895, #10701, #11089, .T. ) ;
#2439 = DIRECTION ( 'NONE',  ( -1.000000000000000000, -0.000000000000000000, -0.000000000000000000 ) ) ;
#2440 = SURFACE_SIDE_STYLE ('',( #4329 ) ) ;
#2441 = CARTESIAN_POINT ( 'NONE',  ( 0.7700000000000000178, 0.05088549064387543064, -0.6999999999999999556 ) ) ;
#2442 = DIRECTION ( 'NONE',  ( 0.000000000000000000, 0.000000000000000000, 1.000000000000000000 ) ) ;
#2443 = ORIENTED_EDGE ( 'NONE', *, *, #2523, .F. ) ;
#2444 = SURFACE_STYLE_FILL_AREA ( #11586 ) ;
#2445 = ORIENTED_EDGE ( 'NONE', *, *, #1718, .F. ) ;
#2446 = EDGE_CURVE ( 'NONE', #5857, #120, #11650, .T. ) ;
#2447 = CARTESIAN_POINT ( 'NONE',  ( 0.7699826847323777423, -0.02979659377850145049, -0.6999999999999998446 ) ) ;
#2448 = LINE ( 'NONE', #8091, #9743 ) ;
#2449 = ORIENTED_EDGE ( 'NONE', *, *, #4758, .F. ) ;
#2450 = EDGE_CURVE ( 'NONE', #2768, #10529, #9819, .T. ) ;
#2451 = PRESENTATION_LAYER_ASSIGNMENT (  '', '', ( #5478 ) ) ;
#2452 = SURFACE_STYLE_USAGE ( .BOTH. , #8727 ) ;
#2453 = LINE ( 'NONE', #6046, #6313 ) ;
#2454 = DIRECTION ( 'NONE',  ( -1.000000000000000000, -0.000000000000000000, -0.000000000000000000 ) ) ;
#2455 = EDGE_CURVE ( 'NONE', #10474, #1736, #4675, .T. ) ;
#2456 = ORIENTED_EDGE ( 'NONE', *, *, #1294, .F. ) ;
#2457 = DIRECTION ( 'NONE',  ( -0.000000000000000000, -0.000000000000000000, -1.000000000000000000 ) ) ;
#2458 = EDGE_LOOP ( 'NONE', ( #8927, #1853, #8220, #7886 ) ) ;
#2459 = STYLED_ITEM ( 'NONE', ( #2962 ), #8139 ) ;
#2460 = DIRECTION ( 'NONE',  ( -9.486769009248167742E-16, -1.000000000000000000, 0.000000000000000000 ) ) ;
#2461 =( NAMED_UNIT ( * ) PLANE_ANGLE_UNIT ( ) SI_UNIT ( $, .RADIAN. ) );
#2462 = UNCERTAINTY_MEASURE_WITH_UNIT (LENGTH_MEASURE( 1.000000000000000082E-05 ), #4526, 'distance_accuracy_value', 'NONE');
#2463 = DIRECTION ( 'NONE',  ( -1.000000000000000000, 0.000000000000000000, -0.000000000000000000 ) ) ;
#2464 =( NAMED_UNIT ( * ) SI_UNIT ( $, .STERADIAN. ) SOLID_ANGLE_UNIT ( ) );
#2465 = PRESENTATION_LAYER_ASSIGNMENT (  '', '', ( #9045 ) ) ;
#2466 = PRESENTATION_LAYER_ASSIGNMENT (  '', '', ( #4345 ) ) ;
#2467 = DIRECTION ( 'NONE',  ( 0.000000000000000000, -1.000000000000000000, 2.397541290737904109E-15 ) ) ;
#2468 = DIRECTION ( 'NONE',  ( 0.000000000000000000, 1.000000000000000000, 0.000000000000000000 ) ) ;
#2469 = CARTESIAN_POINT ( 'NONE',  ( 0.7419512195121950038, 0.01463414634146333569, -0.6989999999999999547 ) ) ;
#2470 = SURFACE_STYLE_FILL_AREA ( #6930 ) ;
#2471 = FACE_OUTER_BOUND ( 'NONE', #3707, .T. ) ;
#2472 = VERTEX_POINT ( 'NONE', #9881 ) ;
#2473 = ORIENTED_EDGE ( 'NONE', *, *, #4612, .F. ) ;
#2474 = ORIENTED_EDGE ( 'NONE', *, *, #1426, .T. ) ;
#2475 = AXIS2_PLACEMENT_3D ( 'NONE', #1008, #8163, #8994 ) ;
#2476 = DIRECTION ( 'NONE',  ( -0.000000000000000000, -0.000000000000000000, 1.000000000000000000 ) ) ;
#2477 = AXIS2_PLACEMENT_3D ( 'NONE', #7579, #3202, #9526 ) ;
#2478 = CARTESIAN_POINT ( 'NONE',  ( 0.8019999999999994911, 0.2800000000000000266, -0.3999999999999999112 ) ) ;
#2479 = LINE ( 'NONE', #11561, #11244 ) ;
#2481 = VERTEX_POINT ( 'NONE', #10590 ) ;
#2480 = PRESENTATION_STYLE_ASSIGNMENT (( #11443 ) ) ;
#2482 = DIRECTION ( 'NONE',  ( 0.000000000000000000, 0.000000000000000000, 1.000000000000000000 ) ) ;
#2483 = CARTESIAN_POINT ( 'NONE',  ( 0.5000000000000004441, -0.4000000000000001332, 0.000000000000000000 ) ) ;
#2484 = VECTOR ( 'NONE', #2039, 1000.000000000000000 ) ;
#2485 = AXIS2_PLACEMENT_3D ( 'NONE', #1435, #6896, #9557 ) ;
#2486 = EDGE_CURVE ( 'NONE', #8171, #4792, #8914, .T. ) ;
#2487 = SURFACE_SIDE_STYLE ('',( #655 ) ) ;
#2488 = SURFACE_SIDE_STYLE ('',( #7722 ) ) ;
#2489 = LINE ( 'NONE', #2604, #5936 ) ;
#2490 = ORIENTED_EDGE ( 'NONE', *, *, #9246, .F. ) ;
#2491 = UNCERTAINTY_MEASURE_WITH_UNIT (LENGTH_MEASURE( 1.000000000000000082E-05 ), #2002, 'distance_accuracy_value', 'NONE');
#2492 = DIRECTION ( 'NONE',  ( -0.000000000000000000, 1.000000000000000000, -0.000000000000000000 ) ) ;
#2493 = STYLED_ITEM ( 'NONE', ( #5716 ), #6609 ) ;
#2494 =( GEOMETRIC_REPRESENTATION_CONTEXT ( 3 ) GLOBAL_UNCERTAINTY_ASSIGNED_CONTEXT ( ( #9899 ) ) GLOBAL_UNIT_ASSIGNED_CONTEXT ( ( #4967, #1594, #10568 ) ) REPRESENTATION_CONTEXT ( 'NONE', 'WORKASPACE' ) );
#2495 = CARTESIAN_POINT ( 'NONE',  ( 0.7455335365853656970, 0.06158536585365840393, -0.6999999999999999556 ) ) ;
#2496 = SURFACE_SIDE_STYLE ('',( #9746 ) ) ;
#2497 = EDGE_LOOP ( 'NONE', ( #8210, #5003, #3298, #768 ) ) ;
#2498 = LINE ( 'NONE', #8647, #10588 ) ;
#2499 = ADVANCED_FACE ( 'NONE', ( #8975 ), #10657, .T. ) ;
#2500 =( NAMED_UNIT ( * ) PLANE_ANGLE_UNIT ( ) SI_UNIT ( $, .RADIAN. ) );
#2501 = AXIS2_PLACEMENT_3D ( 'NONE', #190, #4731, #5731 ) ;
#2502 = CARTESIAN_POINT ( 'NONE',  ( 0.7700698550584006430, 0.05056625575874039435, -0.7000000000000000666 ) ) ;
#2503 = CARTESIAN_POINT ( 'NONE',  ( 0.7273218492877338015, -0.03892747557430973476, -0.6999999999999999556 ) ) ;
#2504 = SURFACE_STYLE_USAGE ( .BOTH. , #8716 ) ;
#2505 = CIRCLE ( 'NONE', #3624, 0.05500000000000000722 ) ;
#2506 = ORIENTED_EDGE ( 'NONE', *, *, #6902, .T. ) ;
#2507 = ADVANCED_FACE ( 'NONE', ( #7919 ), #7122, .T. ) ;
#2508 = CARTESIAN_POINT ( 'NONE',  ( 0.7661059628956315981, -0.04407022501981101847, -0.6999999999999998446 ) ) ;
#2509 =( NAMED_UNIT ( * ) SI_UNIT ( $, .STERADIAN. ) SOLID_ANGLE_UNIT ( ) );
#2510 =( LENGTH_UNIT ( ) NAMED_UNIT ( * ) SI_UNIT ( .MILLI., .METRE. ) );
#2511 = AXIS2_PLACEMENT_3D ( 'NONE', #4127, #408, #6697 ) ;
#2512 = EDGE_LOOP ( 'NONE', ( #3368, #11557, #4043, #9696 ) ) ;
#2513 =( GEOMETRIC_REPRESENTATION_CONTEXT ( 3 ) GLOBAL_UNCERTAINTY_ASSIGNED_CONTEXT ( ( #2269 ) ) GLOBAL_UNIT_ASSIGNED_CONTEXT ( ( #4344, #2630, #8664 ) ) REPRESENTATION_CONTEXT ( 'NONE', 'WORKASPACE' ) );
#2514 = FILL_AREA_STYLE_COLOUR ( '', #1154 ) ;
#2515 = DIRECTION ( 'NONE',  ( 0.000000000000000000, 0.000000000000000000, -1.000000000000000000 ) ) ;
#2516 = DIRECTION ( 'NONE',  ( -0.000000000000000000, -0.000000000000000000, -1.000000000000000000 ) ) ;
#2517 = PRESENTATION_STYLE_ASSIGNMENT (( #1621 ) ) ;
#2518 = LINE ( 'NONE', #7217, #2176 ) ;
#2519 = UNCERTAINTY_MEASURE_WITH_UNIT (LENGTH_MEASURE( 1.000000000000000082E-05 ), #8026, 'distance_accuracy_value', 'NONE');
#2520 = ORIENTED_EDGE ( 'NONE', *, *, #5450, .T. ) ;
#2521 = AXIS2_PLACEMENT_3D ( 'NONE', #1577, #4247, #2591 ) ;
#2522 = FILL_AREA_STYLE ('',( #7696 ) ) ;
#2523 = EDGE_CURVE ( 'NONE', #8614, #7407, #4337, .T. ) ;
#2524 = VECTOR ( 'NONE', #6275, 1000.000000000000000 ) ;
#2525 = ORIENTED_EDGE ( 'NONE', *, *, #10745, .T. ) ;
#2526 = CARTESIAN_POINT ( 'NONE',  ( 0.7216166758995572472, -0.03964004144171595634, -0.7000000000000000666 ) ) ;
#2527 = CARTESIAN_POINT ( 'NONE',  ( 0.000000000000000000, 0.3300000000000000155, -0.1999999999999999001 ) ) ;
#2528 = LINE ( 'NONE', #10484, #11252 ) ;
#2529 = EDGE_CURVE ( 'NONE', #9748, #1524, #5282, .T. ) ;
#2530 =( LENGTH_UNIT ( ) NAMED_UNIT ( * ) SI_UNIT ( .MILLI., .METRE. ) );
#2531 = PRESENTATION_LAYER_ASSIGNMENT (  '', '', ( #4596 ) ) ;
#2532 =( GEOMETRIC_REPRESENTATION_CONTEXT ( 3 ) GLOBAL_UNCERTAINTY_ASSIGNED_CONTEXT ( ( #11174 ) ) GLOBAL_UNIT_ASSIGNED_CONTEXT ( ( #9358, #1299, #7463 ) ) REPRESENTATION_CONTEXT ( 'NONE', 'WORKASPACE' ) );
#2533 = SURFACE_STYLE_FILL_AREA ( #10550 ) ;
#2534 = FILL_AREA_STYLE ('',( #9839 ) ) ;
#2535 = CARTESIAN_POINT ( 'NONE',  ( 0.7255024536640922728, -0.03003742171845526221, -0.6989999999999999547 ) ) ;
#2536 = LINE ( 'NONE', #6993, #409 ) ;
#2537 = CARTESIAN_POINT ( 'NONE',  ( 0.7674085365853656748, 0.03109756097560961718, -0.6989999999999999547 ) ) ;
#2538 =( NAMED_UNIT ( * ) SI_UNIT ( $, .STERADIAN. ) SOLID_ANGLE_UNIT ( ) );
#2539 = ORIENTED_EDGE ( 'NONE', *, *, #5747, .T. ) ;
#2540 = ORIENTED_EDGE ( 'NONE', *, *, #7513, .F. ) ;
#2541 = ORIENTED_EDGE ( 'NONE', *, *, #1884, .F. ) ;
#2542 = CARTESIAN_POINT ( 'NONE',  ( 0.000000000000000000, 0.1799999999999999101, -0.3999999999999999112 ) ) ;
#2543 = EDGE_CURVE ( 'NONE', #1127, #11651, #4678, .T. ) ;
#2545 = EDGE_LOOP ( 'NONE', ( #3158, #8498, #7377, #4118 ) ) ;
#2544 = DIRECTION ( 'NONE',  ( 1.000000000000000000, 0.000000000000000000, 0.000000000000000000 ) ) ;
#2546 = DIRECTION ( 'NONE',  ( 0.000000000000000000, 1.000000000000000000, -2.578241652818821251E-15 ) ) ;
#2547 = AXIS2_PLACEMENT_3D ( 'NONE', #3182, #10527, #5796 ) ;
#2548 = SURFACE_STYLE_USAGE ( .BOTH. , #10630 ) ;
#2549 = AXIS2_PLACEMENT_3D ( 'NONE', #6449, #11076, #8166 ) ;
#2550 = LINE ( 'NONE', #6133, #4543 ) ;
#2551 = COLOUR_RGB ( '',0.000000000000000000, 0.000000000000000000, 0.000000000000000000 ) ;
#2552 = CARTESIAN_POINT ( 'NONE',  ( 0.1429128784747790704, 0.2800000000000000266, -0.3999999999999999112 ) ) ;
#2553 =( GEOMETRIC_REPRESENTATION_CONTEXT ( 3 ) GLOBAL_UNCERTAINTY_ASSIGNED_CONTEXT ( ( #8364 ) ) GLOBAL_UNIT_ASSIGNED_CONTEXT ( ( #3771, #10046, #5564 ) ) REPRESENTATION_CONTEXT ( 'NONE', 'WORKASPACE' ) );
#2554 = CARTESIAN_POINT ( 'NONE',  ( -0.2399999999999999911, -0.1800000000000001321, -0.04999999999999975298 ) ) ;
#2555 = LINE ( 'NONE', #8017, #8724 ) ;
#2556 = VERTEX_POINT ( 'NONE', #1141 ) ;
#2557 = LINE ( 'NONE', #5142, #1487 ) ;
#2558 = STYLED_ITEM ( 'NONE', ( #1386 ), #11589 ) ;
#2559 = AXIS2_PLACEMENT_3D ( 'NONE', #4827, #1954, #1179 ) ;
#2560 = CYLINDRICAL_SURFACE ( 'NONE', #4849, 0.05499999999999997946 ) ;
#2561 = CARTESIAN_POINT ( 'NONE',  ( 0.7633377455154187752, 0.03394609096654166436, -0.6999999999999999556 ) ) ;
#2562 = ORIENTED_EDGE ( 'NONE', *, *, #2270, .F. ) ;
#2563 = CARTESIAN_POINT ( 'NONE',  ( 0.7632365409369397113, -0.03732202826893632475, -0.6990000000000000657 ) ) ;
#2564 = CARTESIAN_POINT ( 'NONE',  ( -0.2950000000000000400, 0.3299999999999999600, -0.1999999999999999001 ) ) ;
#2565 = FILL_AREA_STYLE ('',( #10461 ) ) ;
#2566 = FACE_BOUND ( 'NONE', #1688, .T. ) ;
#2567 = PRESENTATION_STYLE_ASSIGNMENT (( #10649 ) ) ;
#2568 = ORIENTED_EDGE ( 'NONE', *, *, #4579, .F. ) ;
#2569 =( NAMED_UNIT ( * ) SI_UNIT ( $, .STERADIAN. ) SOLID_ANGLE_UNIT ( ) );
#2570 = COLOUR_RGB ( '',1.000000000000000000, 1.000000000000000000, 1.000000000000000000 ) ;
#2571 = ORIENTED_EDGE ( 'NONE', *, *, #4818, .F. ) ;
#2572 = EDGE_CURVE ( 'NONE', #8767, #8864, #4629, .T. ) ;
#2573 = PRESENTATION_STYLE_ASSIGNMENT (( #10717 ) ) ;
#2574 = ORIENTED_EDGE ( 'NONE', *, *, #7615, .F. ) ;
#2575 = DIRECTION ( 'NONE',  ( 0.000000000000000000, 0.000000000000000000, -1.000000000000000000 ) ) ;
#2576 = PRESENTATION_STYLE_ASSIGNMENT (( #9827 ) ) ;
#2577 = LINE ( 'NONE', #9765, #6671 ) ;
#2578 =( GEOMETRIC_REPRESENTATION_CONTEXT ( 3 ) GLOBAL_UNCERTAINTY_ASSIGNED_CONTEXT ( ( #9078 ) ) GLOBAL_UNIT_ASSIGNED_CONTEXT ( ( #10564, #2362, #10625 ) ) REPRESENTATION_CONTEXT ( 'NONE', 'WORKASPACE' ) );
#2579 = ORIENTED_EDGE ( 'NONE', *, *, #10272, .F. ) ;
#2580 = DIRECTION ( 'NONE',  ( 9.486769009248167742E-16, 1.000000000000000000, 0.000000000000000000 ) ) ;
#2581 = VERTEX_POINT ( 'NONE', #254 ) ;
#2582 = DIRECTION ( 'NONE',  ( 0.000000000000000000, -2.464095846557964300E-15, -1.000000000000000000 ) ) ;
#2583 = PLANE ( 'NONE',  #7537 ) ;
#2584 = MECHANICAL_DESIGN_GEOMETRIC_PRESENTATION_REPRESENTATION (  '', ( #11250 ), #508 ) ;
#2585 = LINE ( 'NONE', #6867, #9738 ) ;
#2586 =( LENGTH_UNIT ( ) NAMED_UNIT ( * ) SI_UNIT ( .MILLI., .METRE. ) );
#2587 = DIRECTION ( 'NONE',  ( 0.000000000000000000, -2.464095846557964300E-15, -1.000000000000000000 ) ) ;
#2588 = EDGE_CURVE ( 'NONE', #9510, #8125, #8808, .T. ) ;
#2589 =( NAMED_UNIT ( * ) PLANE_ANGLE_UNIT ( ) SI_UNIT ( $, .RADIAN. ) );
#2590 =( LENGTH_UNIT ( ) NAMED_UNIT ( * ) SI_UNIT ( .MILLI., .METRE. ) );
#2591 = DIRECTION ( 'NONE',  ( -2.710505431213760592E-16, 1.000000000000000000, 0.000000000000000000 ) ) ;
#2592 =( LENGTH_UNIT ( ) NAMED_UNIT ( * ) SI_UNIT ( .MILLI., .METRE. ) );
#2593 = COLOUR_RGB ( '',0.7529411764705882248, 0.7529411764705882248, 0.7529411764705882248 ) ;
#2594 = VERTEX_POINT ( 'NONE', #140 ) ;
#2595 = ORIENTED_EDGE ( 'NONE', *, *, #146, .F. ) ;
#2596 = CARTESIAN_POINT ( 'NONE',  ( -0.2170871215252209718, -0.1800000000000001876, -0.1999999999999998723 ) ) ;
#2597 = FACE_OUTER_BOUND ( 'NONE', #2228, .T. ) ;
#2598 = FILL_AREA_STYLE_COLOUR ( '', #3505 ) ;
#2599 = VERTEX_POINT ( 'NONE', #3731 ) ;
#2600 = CARTESIAN_POINT ( 'NONE',  ( -0.3370871215252205788, 0.2800000000000000266, -0.1999999999999999001 ) ) ;
#2601 = EDGE_CURVE ( 'NONE', #5308, #5001, #3679, .T. ) ;
#2602 = SURFACE_SIDE_STYLE ('',( #7072 ) ) ;
#2603 = CARTESIAN_POINT ( 'NONE',  ( 0.7254878048780486477, -0.02195121951219523165, -0.6999999999999977351 ) ) ;
#2604 = CARTESIAN_POINT ( 'NONE',  ( -0.1199999999999999956, -0.1800000000000001321, 0.005000000000000249904 ) ) ;
#2605 = ORIENTED_EDGE ( 'NONE', *, *, #9894, .F. ) ;
#2606 = UNCERTAINTY_MEASURE_WITH_UNIT (LENGTH_MEASURE( 1.000000000000000082E-05 ), #4513, 'distance_accuracy_value', 'NONE');
#2607 = EDGE_CURVE ( 'NONE', #5223, #11243, #5627, .T. ) ;
#2608 = STYLED_ITEM ( 'NONE', ( #8523 ), #5135 ) ;
#2609 = ORIENTED_EDGE ( 'NONE', *, *, #6732, .F. ) ;
#2610 =( LENGTH_UNIT ( ) NAMED_UNIT ( * ) SI_UNIT ( .MILLI., .METRE. ) );
#2611 = CARTESIAN_POINT ( 'NONE',  ( 0.7630800117609415345, 0.05263499968943442797, -0.7000000000000001776 ) ) ;
#2612 = FACE_OUTER_BOUND ( 'NONE', #7371, .T. ) ;
#2614 = ORIENTED_EDGE ( 'NONE', *, *, #1919, .T. ) ;
#2613 = DIRECTION ( 'NONE',  ( 0.000000000000000000, 1.000000000000000000, -2.578241652818821251E-15 ) ) ;
#2615 = CARTESIAN_POINT ( 'NONE',  ( 0.7510021929839223453, -0.04808276008781538907, -0.6990000000000001767 ) ) ;
#2616 = AXIS2_PLACEMENT_3D ( 'NONE', #2346, #2120, #8441 ) ;
#2617 = DIRECTION ( 'NONE',  ( 0.000000000000000000, 0.000000000000000000, 1.000000000000000000 ) ) ;
#2618 = SURFACE_STYLE_FILL_AREA ( #2565 ) ;
#2619 = FILL_AREA_STYLE_COLOUR ( '', #2905 ) ;
#2620 = ORIENTED_EDGE ( 'NONE', *, *, #6978, .T. ) ;
#2621 = ORIENTED_EDGE ( 'NONE', *, *, #3659, .T. ) ;
#2622 = STYLED_ITEM ( 'NONE', ( #9554 ), #5490 ) ;
#2623 = CARTESIAN_POINT ( 'NONE',  ( -0.8000000000000003775, -0.3999999999999999112, 0.000000000000000000 ) ) ;
#2624 = DIRECTION ( 'NONE',  ( -1.000000000000000000, -0.000000000000000000, -0.000000000000000000 ) ) ;
#2625 = DIRECTION ( 'NONE',  ( 0.000000000000000000, -2.710505431213761085E-16, 1.000000000000000000 ) ) ;
#2626 = AXIS2_PLACEMENT_3D ( 'NONE', #4613, #9928, #8188 ) ;
#2627 = ORIENTED_EDGE ( 'NONE', *, *, #8984, .T. ) ;
#2628 = CARTESIAN_POINT ( 'NONE',  ( 0.7200204745964046138, -0.03027263284014452757, -0.7000000000000000666 ) ) ;
#2629 = CYLINDRICAL_SURFACE ( 'NONE', #80, 0.05499999999999997946 ) ;
#2630 =( NAMED_UNIT ( * ) PLANE_ANGLE_UNIT ( ) SI_UNIT ( $, .RADIAN. ) );
#2631 = CARTESIAN_POINT ( 'NONE',  ( -0.1199999999999999956, 0.3299999999999999600, -0.3999999999999999667 ) ) ;
#2632 = EDGE_CURVE ( 'NONE', #3136, #10509, #9770, .T. ) ;
#2633 = UNCERTAINTY_MEASURE_WITH_UNIT (LENGTH_MEASURE( 1.000000000000000082E-05 ), #8275, 'distance_accuracy_value', 'NONE');
#2634 = VERTEX_POINT ( 'NONE', #2900 ) ;
#2635 = ORIENTED_EDGE ( 'NONE', *, *, #4033, .T. ) ;
#2636 = CARTESIAN_POINT ( 'NONE',  ( 0.7281628382558920087, -0.08172553295144954766, -0.6990000000000001767 ) ) ;
#2637 = DIRECTION ( 'NONE',  ( 0.000000000000000000, -1.000000000000000000, 0.000000000000000000 ) ) ;
#2638 = SURFACE_STYLE_USAGE ( .BOTH. , #822 ) ;
#2639 = LINE ( 'NONE', #5424, #1424 ) ;
#2640 = PRESENTATION_LAYER_ASSIGNMENT (  '', '', ( #4534 ) ) ;
#2641 = LINE ( 'NONE', #6992, #11535 ) ;
#2642 = CARTESIAN_POINT ( 'NONE',  ( 0.3599999999999999867, 0.3299999999999999600, -0.3999999999999999667 ) ) ;
#2643 = DIRECTION ( 'NONE',  ( 0.000000000000000000, 2.464095846557963117E-15, 1.000000000000000000 ) ) ;
#2644 = EDGE_CURVE ( 'NONE', #120, #2198, #681, .T. ) ;
#2645 = VECTOR ( 'NONE', #4524, 1000.000000000000114 ) ;
#2646 = DIRECTION ( 'NONE',  ( -1.000000000000000000, -0.000000000000000000, -0.000000000000000000 ) ) ;
#2647 = EDGE_LOOP ( 'NONE', ( #8885, #6352, #7791, #1016 ) ) ;
#2648 = ORIENTED_EDGE ( 'NONE', *, *, #1718, .T. ) ;
#2649 = DIRECTION ( 'NONE',  ( 1.000000000000000000, -0.000000000000000000, 0.000000000000000000 ) ) ;
#2650 = ADVANCED_FACE ( 'NONE', ( #988 ), #6376, .T. ) ;
#2651 = VECTOR ( 'NONE', #4180, 1000.000000000000000 ) ;
#2652 = DIRECTION ( 'NONE',  ( -1.000000000000000000, 0.000000000000000000, -0.000000000000000000 ) ) ;
#2654 = ORIENTED_EDGE ( 'NONE', *, *, #8743, .F. ) ;
#2653 = SURFACE_STYLE_FILL_AREA ( #4312 ) ;
#2655 = LINE ( 'NONE', #8071, #4002 ) ;
#2656 = EDGE_CURVE ( 'NONE', #8423, #10107, #9998, .T. ) ;
#2657 = AXIS2_PLACEMENT_3D ( 'NONE', #7651, #4183, #4125 ) ;
#2658 = CARTESIAN_POINT ( 'NONE',  ( -0.8000000000000003775, -0.3999999999999999112, -0.6700000000000000400 ) ) ;
#2659 = VERTEX_POINT ( 'NONE', #10054 ) ;
#2660 = COLOUR_RGB ( '',1.000000000000000000, 1.000000000000000000, 1.000000000000000000 ) ;
#2661 = VECTOR ( 'NONE', #2289, 1000.000000000000000 ) ;
#2662 = DIRECTION ( 'NONE',  ( -1.000000000000000000, 3.614007241618349757E-16, 0.000000000000000000 ) ) ;
#2663 = EDGE_CURVE ( 'NONE', #2581, #4005, #1980, .T. ) ;
#2664 = UNCERTAINTY_MEASURE_WITH_UNIT (LENGTH_MEASURE( 1.000000000000000082E-05 ), #6885, 'distance_accuracy_value', 'NONE');
#2665 =( LENGTH_UNIT ( ) NAMED_UNIT ( * ) SI_UNIT ( .MILLI., .METRE. ) );
#2666 = AXIS2_PLACEMENT_3D ( 'NONE', #9591, #11265, #1521 ) ;
#2667 = FILL_AREA_STYLE ('',( #7197 ) ) ;
#2668 = COLOUR_RGB ( '',0.9098039215686274384, 0.4431372549019607643, 0.03137254901960784270 ) ;
#2669 = VECTOR ( 'NONE', #7009, 1000.000000000000000 ) ;
#2670 = MECHANICAL_DESIGN_GEOMETRIC_PRESENTATION_REPRESENTATION (  '', ( #1698 ), #5285 ) ;
#2672 = ORIENTED_EDGE ( 'NONE', *, *, #7827, .F. ) ;
#2671 =( NAMED_UNIT ( * ) SI_UNIT ( $, .STERADIAN. ) SOLID_ANGLE_UNIT ( ) );
#2673 = EDGE_CURVE ( 'NONE', #5960, #1827, #5032, .T. ) ;
#2674 = CARTESIAN_POINT ( 'NONE',  ( 0.7452832285693393732, -0.04876323329596568557, -0.7000000000000000666 ) ) ;
#2675 =( NAMED_UNIT ( * ) PLANE_ANGLE_UNIT ( ) SI_UNIT ( $, .RADIAN. ) );
#2676 = SURFACE_SIDE_STYLE ('',( #3425 ) ) ;
#2677 = FACE_OUTER_BOUND ( 'NONE', #4048, .T. ) ;
#2678 = CARTESIAN_POINT ( 'NONE',  ( -0.3599999999999999867, -0.1800000000000003542, -0.6049999999999999822 ) ) ;
#2679 = ORIENTED_EDGE ( 'NONE', *, *, #4548, .F. ) ;
#2680 = DIRECTION ( 'NONE',  ( -0.000000000000000000, -0.000000000000000000, 1.000000000000000000 ) ) ;
#2681 = VERTEX_POINT ( 'NONE', #7481 ) ;
#2682 = CARTESIAN_POINT ( 'NONE',  ( -0.2170871215252043185, 0.2800000000000000266, -0.1999999999999998723 ) ) ;
#2683 =( NAMED_UNIT ( * ) PLANE_ANGLE_UNIT ( ) SI_UNIT ( $, .RADIAN. ) );
#2684 = DIRECTION ( 'NONE',  ( 0.000000000000000000, 2.464095846557963117E-15, 1.000000000000000000 ) ) ;
#2685 = ORIENTED_EDGE ( 'NONE', *, *, #3884, .T. ) ;
#2686 = VECTOR ( 'NONE', #4821, 1000.000000000000000 ) ;
#2687 = CARTESIAN_POINT ( 'NONE',  ( 0.7434648022826922942, -0.05546794696927411644, -0.6989999999999999547 ) ) ;
#2688 = CARTESIAN_POINT ( 'NONE',  ( 0.2399999999999999911, 0.3299999999999999600, -0.3999999999999999667 ) ) ;
#2689 = DIRECTION ( 'NONE',  ( -1.000000000000000000, -0.000000000000000000, -0.000000000000000000 ) ) ;
#2690 = SURFACE_STYLE_USAGE ( .BOTH. , #1622 ) ;
#2691 = EDGE_LOOP ( 'NONE', ( #4328, #2520, #2574, #424 ) ) ;
#2692 = ORIENTED_EDGE ( 'NONE', *, *, #4365, .T. ) ;
#2693 = COLOUR_RGB ( '',0.000000000000000000, 0.000000000000000000, 0.000000000000000000 ) ;
#2694 = PRESENTATION_STYLE_ASSIGNMENT (( #32 ) ) ;
#2695 = FACE_OUTER_BOUND ( 'NONE', #9455, .T. ) ;
#2696 = SURFACE_SIDE_STYLE ('',( #2533 ) ) ;
#2697 = CARTESIAN_POINT ( 'NONE',  ( 0.7693881098347494785, 0.03561380406335675625, -0.6990000000000000657 ) ) ;
#2698 = CARTESIAN_POINT ( 'NONE',  ( 0.7329249606971804942, -0.04580818649670304055, -0.6989999999999998437 ) ) ;
#2699 = VECTOR ( 'NONE', #10433, 1000.000000000000000 ) ;
#2700 = CARTESIAN_POINT ( 'NONE',  ( -0.09708712152522135097, -0.2800000000000000266, -0.1999999999999999001 ) ) ;
#2701 = ORIENTED_EDGE ( 'NONE', *, *, #1355, .T. ) ;
#2702 = SURFACE_STYLE_USAGE ( .BOTH. , #162 ) ;
#2703 = ORIENTED_EDGE ( 'NONE', *, *, #11083, .T. ) ;
#2704 = FACE_OUTER_BOUND ( 'NONE', #1990, .T. ) ;
#2705 =( NAMED_UNIT ( * ) PLANE_ANGLE_UNIT ( ) SI_UNIT ( $, .RADIAN. ) );
#2706 = AXIS2_PLACEMENT_3D ( 'NONE', #6000, #10680, #2643 ) ;
#2707 = EDGE_CURVE ( 'NONE', #3010, #5791, #7547, .T. ) ;
#2708 = CIRCLE ( 'NONE', #5357, 0.05500000000000003497 ) ;
#2709 = ORIENTED_EDGE ( 'NONE', *, *, #2130, .F. ) ;
#2710 = DIRECTION ( 'NONE',  ( -1.000000000000000000, -0.000000000000000000, -0.000000000000000000 ) ) ;
#2711 = LINE ( 'NONE', #3410, #2908 ) ;
#2712 = CARTESIAN_POINT ( 'NONE',  ( 0.7999999999999996003, -0.3999999999999999112, 0.000000000000000000 ) ) ;
#2713 = AXIS2_PLACEMENT_3D ( 'NONE', #8308, #8150, #4637 ) ;
#2714 = CARTESIAN_POINT ( 'NONE',  ( 0.7643412487132871247, 0.03704262831464852357, -0.6989999999999998437 ) ) ;
#2715 = ORIENTED_EDGE ( 'NONE', *, *, #5561, .F. ) ;
#2716 = PRESENTATION_LAYER_ASSIGNMENT (  '', '', ( #849 ) ) ;
#2717 = UNCERTAINTY_MEASURE_WITH_UNIT (LENGTH_MEASURE( 1.000000000000000082E-05 ), #3064, 'distance_accuracy_value', 'NONE');
#2718 = AXIS2_PLACEMENT_3D ( 'NONE', #5738, #7550, #2205 ) ;
#2719 =( NAMED_UNIT ( * ) PLANE_ANGLE_UNIT ( ) SI_UNIT ( $, .RADIAN. ) );
#2720 = DIRECTION ( 'NONE',  ( 0.000000000000000000, -1.000000000000000000, 2.634710515969108204E-15 ) ) ;
#2721 = VECTOR ( 'NONE', #863, 1000.000000000000000 ) ;
#2722 = AXIS2_PLACEMENT_3D ( 'NONE', #582, #11432, #4184 ) ;
#2723 = PRESENTATION_STYLE_ASSIGNMENT (( #5392 ) ) ;
#2724 = PRESENTATION_STYLE_ASSIGNMENT (( #858 ) ) ;
#2725 = COLOUR_RGB ( '',0.9098039215686274384, 0.4431372549019607643, 0.03137254901960784270 ) ;
#2726 = EDGE_LOOP ( 'NONE', ( #8365, #6348, #7474, #928 ) ) ;
#2727 =( GEOMETRIC_REPRESENTATION_CONTEXT ( 3 ) GLOBAL_UNCERTAINTY_ASSIGNED_CONTEXT ( ( #9212 ) ) GLOBAL_UNIT_ASSIGNED_CONTEXT ( ( #9254, #8459, #10324 ) ) REPRESENTATION_CONTEXT ( 'NONE', 'WORKASPACE' ) );
#2728 = ADVANCED_FACE ( 'NONE', ( #6663 ), #6837, .T. ) ;
#2729 = CARTESIAN_POINT ( 'NONE',  ( 0.7199999999999998623, -0.07804878048780501676, -0.6989999999999999547 ) ) ;
#2730 =( NAMED_UNIT ( * ) SI_UNIT ( $, .STERADIAN. ) SOLID_ANGLE_UNIT ( ) );
#2731 = ADVANCED_FACE ( 'NONE', ( #5963 ), #11113, .T. ) ;
#2732 = CARTESIAN_POINT ( 'NONE',  ( 0.000000000000000000, -0.1800000000000002154, -0.5499999999999999334 ) ) ;
#2733 = DIRECTION ( 'NONE',  ( 1.000000000000000000, 0.000000000000000000, -0.000000000000000000 ) ) ;
#2734 = VERTEX_POINT ( 'NONE', #488 ) ;
#2735 = AXIS2_PLACEMENT_3D ( 'NONE', #5204, #1716, #719 ) ;
#2736 = VERTEX_POINT ( 'NONE', #4089 ) ;
#2737 = AXIS2_PLACEMENT_3D ( 'NONE', #2631, #3380, #6103 ) ;
#2738 = CIRCLE ( 'NONE', #3275, 0.05499999999999997946 ) ;
#2739 = CARTESIAN_POINT ( 'NONE',  ( 0.2950000000000000400, 0.3299999999999999600, -0.1999999999999999001 ) ) ;
#2740 = CARTESIAN_POINT ( 'NONE',  ( 0.7194025466274532876, 0.04114767199714070012, -0.6989999999999999547 ) ) ;
#2741 = DIRECTION ( 'NONE',  ( 0.000000000000000000, 0.000000000000000000, 1.000000000000000000 ) ) ;
#2742 = CARTESIAN_POINT ( 'NONE',  ( 0.2399999999999999911, -0.3300000000000002931, -0.1999999999999999001 ) ) ;
#2743 = ORIENTED_EDGE ( 'NONE', *, *, #4542, .F. ) ;
#2744 = AXIS2_PLACEMENT_3D ( 'NONE', #1496, #7736, #10406 ) ;
#2745 = AXIS2_PLACEMENT_3D ( 'NONE', #4004, #7591, #470 ) ;
#2746 =( NAMED_UNIT ( * ) SI_UNIT ( $, .STERADIAN. ) SOLID_ANGLE_UNIT ( ) );
#2747 = ADVANCED_FACE ( 'NONE', ( #10332 ), #3062, .F. ) ;
#2748 = COLOUR_RGB ( '',0.7529411764705882248, 0.7529411764705882248, 0.7529411764705882248 ) ;
#2749 = UNCERTAINTY_MEASURE_WITH_UNIT (LENGTH_MEASURE( 1.000000000000000082E-05 ), #10911, 'distance_accuracy_value', 'NONE');
#2750 = VERTEX_POINT ( 'NONE', #2432 ) ;
#2751 = MECHANICAL_DESIGN_GEOMETRIC_PRESENTATION_REPRESENTATION (  '', ( #9914 ), #3262 ) ;
#2752 = EDGE_CURVE ( 'NONE', #9245, #2115, #8897, .T. ) ;
#2753 = ORIENTED_EDGE ( 'NONE', *, *, #7565, .F. ) ;
#2754 = SURFACE_SIDE_STYLE ('',( #10900 ) ) ;
#2755 = FILL_AREA_STYLE_COLOUR ( '', #2152 ) ;
#2756 =( LENGTH_UNIT ( ) NAMED_UNIT ( * ) SI_UNIT ( .MILLI., .METRE. ) );
#2757 = CARTESIAN_POINT ( 'NONE',  ( 0.7248780487804876715, 0.04280678353658522867, -0.6989999999999999547 ) ) ;
#2758 = FILL_AREA_STYLE_COLOUR ( '', #4822 ) ;
#2759 = PRESENTATION_STYLE_ASSIGNMENT (( #10679 ) ) ;
#2760 = CARTESIAN_POINT ( 'NONE',  ( 0.7345013710645637017, -0.04672310973373296206, -0.7000000000000001776 ) ) ;
#2761 = PRESENTATION_STYLE_ASSIGNMENT (( #9967 ) ) ;
#2762 = ORIENTED_EDGE ( 'NONE', *, *, #8311, .T. ) ;
#2763 = DIRECTION ( 'NONE',  ( 0.000000000000000000, 1.000000000000000000, -1.971276677246372308E-15 ) ) ;
#2764 = VERTEX_POINT ( 'NONE', #3353 ) ;
#2765 = CYLINDRICAL_SURFACE ( 'NONE', #7920, 0.05500000000000003497 ) ;
#2766 = CARTESIAN_POINT ( 'NONE',  ( 0.7699999999999997957, -0.09695121951219526357, -0.6989999999999999547 ) ) ;
#2768 = VERTEX_POINT ( 'NONE', #10702 ) ;
#2767 = CARTESIAN_POINT ( 'NONE',  ( 0.8019999999999994911, -0.1800000000000000211, -0.09999999999999988065 ) ) ;
#2769 =( NAMED_UNIT ( * ) PLANE_ANGLE_UNIT ( ) SI_UNIT ( $, .RADIAN. ) );
#2770 = PRESENTATION_LAYER_ASSIGNMENT (  '', '', ( #4842 ) ) ;
#2771 =( NAMED_UNIT ( * ) PLANE_ANGLE_UNIT ( ) SI_UNIT ( $, .RADIAN. ) );
#2772 = DIRECTION ( 'NONE',  ( 0.000000000000000000, 1.000000000000000000, -5.646886315028668105E-17 ) ) ;
#2773 = PLANE ( 'NONE',  #7425 ) ;
#2774 = AXIS2_PLACEMENT_3D ( 'NONE', #3265, #4298, #11488 ) ;
#2775 = ORIENTED_EDGE ( 'NONE', *, *, #7212, .F. ) ;
#2776 = EDGE_CURVE ( 'NONE', #2736, #854, #6022, .T. ) ;
#2777 = SURFACE_STYLE_USAGE ( .BOTH. , #11044 ) ;
#2778 = MECHANICAL_DESIGN_GEOMETRIC_PRESENTATION_REPRESENTATION (  '', ( #7859 ), #3716 ) ;
#2779 = CARTESIAN_POINT ( 'NONE',  ( 0.7196487520266511284, 0.03789534589230535155, -0.7000000000000001776 ) ) ;
#2780 = CARTESIAN_POINT ( 'NONE',  ( 0.000000000000000000, 0.3299999999999999600, -0.1999999999999999001 ) ) ;
#2781 = CIRCLE ( 'NONE', #6524, 0.05499999999999997946 ) ;
#2783 = EDGE_LOOP ( 'NONE', ( #2974, #10375, #8230, #4397 ) ) ;
#2782 = CARTESIAN_POINT ( 'NONE',  ( 0.09708712152522099015, -0.1800000000000001876, -0.1999999999999998723 ) ) ;
#2784 = CARTESIAN_POINT ( 'NONE',  ( 0.7644641796929366739, -0.03127225437137612363, -0.7000000000000000666 ) ) ;
#2785 = DIRECTION ( 'NONE',  ( 1.000000000000000000, -5.421010862427522170E-16, 0.000000000000000000 ) ) ;
#2786 = FILL_AREA_STYLE_COLOUR ( '', #5125 ) ;
#2787 = ORIENTED_EDGE ( 'NONE', *, *, #5886, .T. ) ;
#2788 = COLOUR_RGB ( '',0.9098039215686274384, 0.4431372549019607643, 0.03137254901960784270 ) ;
#2789 = ADVANCED_FACE ( 'NONE', ( #6078 ), #8022, .T. ) ;
#2790 =( LENGTH_UNIT ( ) NAMED_UNIT ( * ) SI_UNIT ( .MILLI., .METRE. ) );
#2791 = LINE ( 'NONE', #3619, #2092 ) ;
#2792 = CARTESIAN_POINT ( 'NONE',  ( 0.3599999999999999867, 0.1799999999999998823, -0.5499999999999999334 ) ) ;
#2793 = EDGE_CURVE ( 'NONE', #1361, #7786, #3294, .T. ) ;
#2794 = CARTESIAN_POINT ( 'NONE',  ( 0.7524306449157140975, -0.05449248086361530019, -0.6999999999999997335 ) ) ;
#2795 = CARTESIAN_POINT ( 'NONE',  ( 0.000000000000000000, 0.000000000000000000, -0.6999999999999999556 ) ) ;
#2796 = PRESENTATION_LAYER_ASSIGNMENT (  '', '', ( #2961 ) ) ;
#2797 = ORIENTED_EDGE ( 'NONE', *, *, #9542, .T. ) ;
#2798 = AXIS2_PLACEMENT_3D ( 'NONE', #11360, #9337, #1501 ) ;
#2799 = CARTESIAN_POINT ( 'NONE',  ( -0.2170871215252212771, -0.2800000000000000266, -0.3999999999999999112 ) ) ;
#2800 = DIRECTION ( 'NONE',  ( 0.000000000000000000, -2.710505431213761085E-16, 1.000000000000000000 ) ) ;
#2801 =( NAMED_UNIT ( * ) SI_UNIT ( $, .STERADIAN. ) SOLID_ANGLE_UNIT ( ) );
#2802 = EDGE_CURVE ( 'NONE', #5816, #2659, #5466, .T. ) ;
#2803 = COLOUR_RGB ( '',0.000000000000000000, 0.000000000000000000, 1.000000000000000000 ) ;
#2804 = ORIENTED_EDGE ( 'NONE', *, *, #5625, .T. ) ;
#2805 = MECHANICAL_DESIGN_GEOMETRIC_PRESENTATION_REPRESENTATION (  '', ( #4877 ), #11099 ) ;
#2806 = CARTESIAN_POINT ( 'NONE',  ( 0.000000000000000000, -0.3300000000000002931, -0.1999999999999999001 ) ) ;
#2807 = CARTESIAN_POINT ( 'NONE',  ( 0.7328074109539512992, 0.06552210436449266984, -0.6989999999999997327 ) ) ;
#2808 = ADVANCED_FACE ( 'NONE', ( #7132 ), #9342, .T. ) ;
#2809 = VECTOR ( 'NONE', #3529, 1000.000000000000000 ) ;
#2810 = CIRCLE ( 'NONE', #11478, 0.05500000000000000722 ) ;
#2811 = EDGE_CURVE ( 'NONE', #1907, #2127, #7553, .T. ) ;
#2812 = SURFACE_STYLE_FILL_AREA ( #2968 ) ;
#2813 = MECHANICAL_DESIGN_GEOMETRIC_PRESENTATION_REPRESENTATION (  '', ( #2065 ), #9726 ) ;
#2814 = CARTESIAN_POINT ( 'NONE',  ( 0.7437480597336908472, -0.04876409302064340506, -0.6999999999999998446 ) ) ;
#2815 = SURFACE_STYLE_FILL_AREA ( #8061 ) ;
#2816 = EDGE_LOOP ( 'NONE', ( #569, #6782, #7232, #5065, #8723, #3713 ) ) ;
#2817 = FILL_AREA_STYLE_COLOUR ( '', #6801 ) ;
#2818 = EDGE_LOOP ( 'NONE', ( #2034, #179, #3248, #27 ) ) ;
#2819 = PRESENTATION_LAYER_ASSIGNMENT (  '', '', ( #186 ) ) ;
#2820 = FILL_AREA_STYLE_COLOUR ( '', #10776 ) ;
#2821 = CARTESIAN_POINT ( 'NONE',  ( 0.1199999999999999956, 0.1799999999999999101, -0.3999999999999999112 ) ) ;
#2823 = ORIENTED_EDGE ( 'NONE', *, *, #10836, .T. ) ;
#2822 =( LENGTH_UNIT ( ) NAMED_UNIT ( * ) SI_UNIT ( .MILLI., .METRE. ) );
#2824 = DIRECTION ( 'NONE',  ( 0.000000000000000000, 2.397541290737903714E-15, 1.000000000000000000 ) ) ;
#2825 = DIRECTION ( 'NONE',  ( 0.000000000000000000, 2.464095846557963117E-15, 1.000000000000000000 ) ) ;
#2826 = AXIS2_PLACEMENT_3D ( 'NONE', #10347, #4809, #387 ) ;
#2827 = CARTESIAN_POINT ( 'NONE',  ( 0.7638318068050117260, 0.05107842865561856849, -0.6989999999999999547 ) ) ;
#2828 =( NAMED_UNIT ( * ) PLANE_ANGLE_UNIT ( ) SI_UNIT ( $, .RADIAN. ) );
#2829 = FACE_OUTER_BOUND ( 'NONE', #4580, .T. ) ;
#2830 = ORIENTED_EDGE ( 'NONE', *, *, #1419, .F. ) ;
#2831 = UNCERTAINTY_MEASURE_WITH_UNIT (LENGTH_MEASURE( 1.000000000000000082E-05 ), #4366, 'distance_accuracy_value', 'NONE');
#2832 =( GEOMETRIC_REPRESENTATION_CONTEXT ( 3 ) GLOBAL_UNCERTAINTY_ASSIGNED_CONTEXT ( ( #5585 ) ) GLOBAL_UNIT_ASSIGNED_CONTEXT ( ( #4710, #10920, #10140 ) ) REPRESENTATION_CONTEXT ( 'NONE', 'WORKASPACE' ) );
#2833 = STYLED_ITEM ( 'NONE', ( #9791 ), #8504 ) ;
#2834 = CARTESIAN_POINT ( 'NONE',  ( 0.000000000000000000, 0.000000000000000000, 0.000000000000000000 ) ) ;
#2836 = ORIENTED_EDGE ( 'NONE', *, *, #5549, .F. ) ;
#2835 = LINE ( 'NONE', #1089, #6374 ) ;
#2837 = FILL_AREA_STYLE_COLOUR ( '', #9305 ) ;
#2838 = PRESENTATION_LAYER_ASSIGNMENT (  '', '', ( #418 ) ) ;
#2839 = VECTOR ( 'NONE', #8260, 1000.000000000000000 ) ;
#2840 = FACE_OUTER_BOUND ( 'NONE', #8394, .T. ) ;
#2841 = PRESENTATION_LAYER_ASSIGNMENT (  '', '', ( #10581 ) ) ;
#2842 = SURFACE_STYLE_USAGE ( .BOTH. , #7421 ) ;
#2843 = ORIENTED_EDGE ( 'NONE', *, *, #3361, .F. ) ;
#2844 = CARTESIAN_POINT ( 'NONE',  ( 0.7262355085609101257, 0.05035959877791465478, -0.6989999999999999547 ) ) ;
#2845 =( GEOMETRIC_REPRESENTATION_CONTEXT ( 3 ) GLOBAL_UNCERTAINTY_ASSIGNED_CONTEXT ( ( #3729 ) ) GLOBAL_UNIT_ASSIGNED_CONTEXT ( ( #7763, #4952, #10371 ) ) REPRESENTATION_CONTEXT ( 'NONE', 'WORKASPACE' ) );
#2846 = CIRCLE ( 'NONE', #6590, 0.05500000000000003497 ) ;
#2847 = VECTOR ( 'NONE', #5231, 1000.000000000000000 ) ;
#2848 = SURFACE_SIDE_STYLE ('',( #10943 ) ) ;
#2849 = CARTESIAN_POINT ( 'NONE',  ( -0.5000000000000004441, -0.4000000000000000222, 0.000000000000000000 ) ) ;
#2850 = DIRECTION ( 'NONE',  ( -1.000000000000000000, -0.000000000000000000, -0.000000000000000000 ) ) ;
#2851 = CARTESIAN_POINT ( 'NONE',  ( 0.7999999999999996003, 0.4000000000000001332, 0.1000000000000000056 ) ) ;
#2852 = EDGE_CURVE ( 'NONE', #997, #10940, #7694, .T. ) ;
#2853 = ORIENTED_EDGE ( 'NONE', *, *, #5271, .F. ) ;
#2854 = STYLED_ITEM ( 'NONE', ( #495 ), #537 ) ;
#2855 = DIRECTION ( 'NONE',  ( 0.000000000000000000, -1.000000000000000000, 0.000000000000000000 ) ) ;
#2856 = FACE_OUTER_BOUND ( 'NONE', #5358, .T. ) ;
#2857 = EDGE_CURVE ( 'NONE', #10346, #7754, #10821, .T. ) ;
#2858 = UNCERTAINTY_MEASURE_WITH_UNIT (LENGTH_MEASURE( 1.000000000000000082E-05 ), #5779, 'distance_accuracy_value', 'NONE');
#2859 = ORIENTED_EDGE ( 'NONE', *, *, #9870, .F. ) ;
#2860 = DIRECTION ( 'NONE',  ( -0.000000000000000000, 0.000000000000000000, 1.000000000000000000 ) ) ;
#2861 = COLOUR_RGB ( '',0.9098039215686274384, 0.4431372549019607643, 0.03137254901960784270 ) ;
#2862 = FILL_AREA_STYLE ('',( #7380 ) ) ;
#2863 = DIRECTION ( 'NONE',  ( 0.000000000000000000, -1.000000000000000000, 2.397541290737904109E-15 ) ) ;
#2864 = CARTESIAN_POINT ( 'NONE',  ( 0.7280024004437755103, 0.05356928650119074931, -0.6989999999999999547 ) ) ;
#2865 = CARTESIAN_POINT ( 'NONE',  ( 0.7249538577103696868, 0.05929556515090685098, -0.6999999999999999556 ) ) ;
#2866 = CARTESIAN_POINT ( 'NONE',  ( 0.000000000000000000, 0.000000000000000000, -0.6989999999999999547 ) ) ;
#2867 = EDGE_CURVE ( 'NONE', #7156, #3475, #4693, .T. ) ;
#2868 =( NAMED_UNIT ( * ) PLANE_ANGLE_UNIT ( ) SI_UNIT ( $, .RADIAN. ) );
#2869 = CARTESIAN_POINT ( 'NONE',  ( 0.7266468903127225598, -0.03721057763459360151, -0.6999999999999999556 ) ) ;
#2870 = ADVANCED_FACE ( 'NONE', ( #124 ), #3717, .T. ) ;
#2871 = CARTESIAN_POINT ( 'NONE',  ( 0.8019999999999994911, -0.1800000000000000211, -0.3999999999999999112 ) ) ;
#2872 = ORIENTED_EDGE ( 'NONE', *, *, #3278, .F. ) ;
#2873 = PRESENTATION_LAYER_ASSIGNMENT (  '', '', ( #612 ) ) ;
#2874 = ORIENTED_EDGE ( 'NONE', *, *, #6442, .F. ) ;
#2875 = SURFACE_STYLE_USAGE ( .BOTH. , #5599 ) ;
#2876 = SURFACE_SIDE_STYLE ('',( #1888 ) ) ;
#2877 =( NAMED_UNIT ( * ) PLANE_ANGLE_UNIT ( ) SI_UNIT ( $, .RADIAN. ) );
#2878 = STYLED_ITEM ( 'NONE', ( #7572 ), #10432 ) ;
#2879 = CARTESIAN_POINT ( 'NONE',  ( -0.09708712152522099015, -0.1800000000000001876, -0.1999999999999998723 ) ) ;
#2880 = CARTESIAN_POINT ( 'NONE',  ( 0.8019999999999994911, 0.1800000000000000766, -0.3999999999999999112 ) ) ;
#2881 = CARTESIAN_POINT ( 'NONE',  ( 0.7569653292537050771, 0.05887538488854230506, -0.6999999999999997335 ) ) ;
#2882 =( NAMED_UNIT ( * ) SI_UNIT ( $, .STERADIAN. ) SOLID_ANGLE_UNIT ( ) );
#2883 = ORIENTED_EDGE ( 'NONE', *, *, #4194, .F. ) ;
#2884 = SURFACE_STYLE_FILL_AREA ( #6311 ) ;
#2885 = COLOUR_RGB ( '',0.000000000000000000, 0.000000000000000000, 0.000000000000000000 ) ;
#2886 = ADVANCED_FACE ( 'NONE', ( #10381 ), #3122, .T. ) ;
#2887 = VECTOR ( 'NONE', #8258, 1000.000000000000000 ) ;
#2888 = UNCERTAINTY_MEASURE_WITH_UNIT (LENGTH_MEASURE( 1.000000000000000082E-05 ), #1436, 'distance_accuracy_value', 'NONE');
#2889 = CARTESIAN_POINT ( 'NONE',  ( 0.7201412210830413496, 0.03494659985123469564, -0.7000000000000000666 ) ) ;
#2890 = CYLINDRICAL_SURFACE ( 'NONE', #9957, 0.05499999999999997946 ) ;
#2891 = FILL_AREA_STYLE_COLOUR ( '', #10927 ) ;
#2892 = MECHANICAL_DESIGN_GEOMETRIC_PRESENTATION_REPRESENTATION (  '', ( #7977 ), #10633 ) ;
#2893 = CARTESIAN_POINT ( 'NONE',  ( 0.1199999999999999956, -0.1800000000000001321, 0.005000000000000249904 ) ) ;
#2894 = ORIENTED_EDGE ( 'NONE', *, *, #1502, .F. ) ;
#2895 = APPLICATION_PROTOCOL_DEFINITION ( 'draft international standard', 'automotive_design', 1998, #291 ) ;
#2896 = DIRECTION ( 'NONE',  ( 0.000000000000000000, -2.464095846557964300E-15, -1.000000000000000000 ) ) ;
#2897 = VECTOR ( 'NONE', #1761, 1000.000000000000000 ) ;
#2898 = DIRECTION ( 'NONE',  ( 0.000000000000000000, 1.000000000000000000, -2.578241652818821251E-15 ) ) ;
#2899 = PRESENTATION_LAYER_ASSIGNMENT (  '', '', ( #11394 ) ) ;
#2900 = CARTESIAN_POINT ( 'NONE',  ( 0.3599999999999999867, -0.1800000000000003542, -0.6049999999999999822 ) ) ;
#2901 = CARTESIAN_POINT ( 'NONE',  ( 0.7646596330595478719, -0.04613399156977066734, -0.6999999999999998446 ) ) ;
#2902 = CARTESIAN_POINT ( 'NONE',  ( 0.7674085365853656748, 0.03109756097560961718, -0.6999999999999999556 ) ) ;
#2903 = ORIENTED_EDGE ( 'NONE', *, *, #10307, .T. ) ;
#2904 = DIRECTION ( 'NONE',  ( -1.000000000000000000, -0.000000000000000000, -0.000000000000000000 ) ) ;
#2905 = COLOUR_RGB ( '',0.000000000000000000, 0.000000000000000000, 0.000000000000000000 ) ;
#2906 = CIRCLE ( 'NONE', #1593, 0.09999999999999999167 ) ;
#2907 = CYLINDRICAL_SURFACE ( 'NONE', #222, 0.05499999999999997946 ) ;
#2908 = VECTOR ( 'NONE', #5438, 1000.000000000000000 ) ;
#2909 = ORIENTED_EDGE ( 'NONE', *, *, #10355, .T. ) ;
#2910 = CARTESIAN_POINT ( 'NONE',  ( 0.8000000000000002665, 0.3999999999999998002, -0.6875735931288072811 ) ) ;
#2911 = VECTOR ( 'NONE', #483, 1000.000000000000000 ) ;
#2912 = TOROIDAL_SURFACE ( 'NONE', #6121, 0.1500000000000000500, 0.05500000000000000028 ) ;
#2913 = CARTESIAN_POINT ( 'NONE',  ( 0.7474390243902437891, 0.01463414634146333569, -0.6989999999999999547 ) ) ;
#2914 = VECTOR ( 'NONE', #6056, 1000.000000000000000 ) ;
#2915 = DIRECTION ( 'NONE',  ( 0.000000000000000000, -0.000000000000000000, -1.000000000000000000 ) ) ;
#2916 = CARTESIAN_POINT ( 'NONE',  ( 0.7256213226969656649, 0.04860535721198352282, -0.6990000000000000657 ) ) ;
#2917 = CARTESIAN_POINT ( 'NONE',  ( 0.7449704764724988104, 0.06827080260235057763, -0.7000000000000000666 ) ) ;
#2918 = CARTESIAN_POINT ( 'NONE',  ( 0.7419512195121950038, 0.01463414634146333569, -0.6989999999999999547 ) ) ;
#2919 = DIRECTION ( 'NONE',  ( 1.000000000000000000, -3.614007241618349757E-16, 0.000000000000000000 ) ) ;
#2920 = CARTESIAN_POINT ( 'NONE',  ( 0.3370871215252209119, 0.1799999999999999101, -0.3999999999999999112 ) ) ;
#2921 = FILL_AREA_STYLE_COLOUR ( '', #2885 ) ;
#2922 = AXIS2_PLACEMENT_3D ( 'NONE', #6324, #9995, #1914 ) ;
#2923 = ORIENTED_EDGE ( 'NONE', *, *, #4691, .F. ) ;
#2924 = EDGE_CURVE ( 'NONE', #2283, #11658, #3465, .T. ) ;
#2925 = CARTESIAN_POINT ( 'NONE',  ( -0.8000000000000003775, -0.3999999999999999112, -0.5999999999999998668 ) ) ;
#2926 = CIRCLE ( 'NONE', #62, 0.05499999999999997946 ) ;
#2927 = VERTEX_POINT ( 'NONE', #5069 ) ;
#2928 = LINE ( 'NONE', #2058, #4893 ) ;
#2929 = CARTESIAN_POINT ( 'NONE',  ( 0.7419512195121950038, 0.01463414634146333569, -0.6999999999999999556 ) ) ;
#2930 = CARTESIAN_POINT ( 'NONE',  ( 0.7296036585365851534, -0.08038300304878062685, -0.6999999999999999556 ) ) ;
#2931 = EDGE_CURVE ( 'NONE', #7843, #3093, #2479, .T. ) ;
#2932 = DIRECTION ( 'NONE',  ( 0.000000000000000000, 2.578241652818821251E-15, 1.000000000000000000 ) ) ;
#2933 = DIRECTION ( 'NONE',  ( -0.000000000000000000, -0.000000000000000000, -1.000000000000000000 ) ) ;
#2934 = CARTESIAN_POINT ( 'NONE',  ( -0.1199999999999999956, -0.1800000000000000488, 0.005000000000000304548 ) ) ;
#2935 = FILL_AREA_STYLE_COLOUR ( '', #3645 ) ;
#2936 = DIRECTION ( 'NONE',  ( -1.000000000000000000, 0.000000000000000000, 0.000000000000000000 ) ) ;
#2937 = ORIENTED_EDGE ( 'NONE', *, *, #8234, .F. ) ;
#2938 = ORIENTED_EDGE ( 'NONE', *, *, #9937, .T. ) ;
#2939 = UNCERTAINTY_MEASURE_WITH_UNIT (LENGTH_MEASURE( 1.000000000000000082E-05 ), #3859, 'distance_accuracy_value', 'NONE');
#2940 = VECTOR ( 'NONE', #6010, 1000.000000000000000 ) ;
#2941 = CARTESIAN_POINT ( 'NONE',  ( 0.7195045665907430221, 0.03948270974870713573, -0.6990000000000000657 ) ) ;
#2942 = CARTESIAN_POINT ( 'NONE',  ( 0.7536623412683363110, 0.06744094723216220721, -0.6990000000000001767 ) ) ;
#2943 = STYLED_ITEM ( 'NONE', ( #1555 ), #4753 ) ;
#2944 = FILL_AREA_STYLE ('',( #5562 ) ) ;
#2945 = FILL_AREA_STYLE_COLOUR ( '', #1359 ) ;
#2946 = EDGE_CURVE ( 'NONE', #2556, #9831, #9543, .T. ) ;
#2947 = SURFACE_STYLE_FILL_AREA ( #2140 ) ;
#2948 = ORIENTED_EDGE ( 'NONE', *, *, #2802, .T. ) ;
#2949 = UNCERTAINTY_MEASURE_WITH_UNIT (LENGTH_MEASURE( 1.000000000000000082E-05 ), #1124, 'distance_accuracy_value', 'NONE');
#2950 = CARTESIAN_POINT ( 'NONE',  ( -0.7700000000000003508, 0.000000000000000000, -0.6700000000000000400 ) ) ;
#2951 =( GEOMETRIC_REPRESENTATION_CONTEXT ( 3 ) GLOBAL_UNCERTAINTY_ASSIGNED_CONTEXT ( ( #5326 ) ) GLOBAL_UNIT_ASSIGNED_CONTEXT ( ( #11132, #3862, #1284 ) ) REPRESENTATION_CONTEXT ( 'NONE', 'WORKASPACE' ) );
#2952 = LINE ( 'NONE', #6488, #980 ) ;
#2953 = CARTESIAN_POINT ( 'NONE',  ( 0.7474390243902437891, -0.003048780487804958819, -0.6989999999999999547 ) ) ;
#2954 = ORIENTED_EDGE ( 'NONE', *, *, #8434, .F. ) ;
#2955 = MECHANICAL_DESIGN_GEOMETRIC_PRESENTATION_REPRESENTATION (  '', ( #3726 ), #1107 ) ;
#2956 =( NAMED_UNIT ( * ) PLANE_ANGLE_UNIT ( ) SI_UNIT ( $, .RADIAN. ) );
#2957 = SURFACE_STYLE_FILL_AREA ( #5583 ) ;
#2958 =( NAMED_UNIT ( * ) PLANE_ANGLE_UNIT ( ) SI_UNIT ( $, .RADIAN. ) );
#2959 = UNCERTAINTY_MEASURE_WITH_UNIT (LENGTH_MEASURE( 1.000000000000000082E-05 ), #5302, 'distance_accuracy_value', 'NONE');
#2960 = VERTEX_POINT ( 'NONE', #2420 ) ;
#2961 = STYLED_ITEM ( 'NONE', ( #1569 ), #5356 ) ;
#2962 = PRESENTATION_STYLE_ASSIGNMENT (( #8313 ) ) ;
#2963 =( LENGTH_UNIT ( ) NAMED_UNIT ( * ) SI_UNIT ( .MILLI., .METRE. ) );
#2964 = SURFACE_STYLE_FILL_AREA ( #11071 ) ;
#2965 = EDGE_CURVE ( 'NONE', #5415, #3742, #1530, .T. ) ;
#2966 = DIRECTION ( 'NONE',  ( 0.000000000000000000, 1.000000000000000000, 0.000000000000000000 ) ) ;
#2967 = FILL_AREA_STYLE_COLOUR ( '', #1854 ) ;
#2968 = FILL_AREA_STYLE ('',( #9113 ) ) ;
#2969 = VECTOR ( 'NONE', #8385, 1000.000000000000000 ) ;
#2970 = CARTESIAN_POINT ( 'NONE',  ( 0.8019999999999994911, 0.2800000000000000266, -0.3999999999999999112 ) ) ;
#2971 = FILL_AREA_STYLE_COLOUR ( '', #126 ) ;
#2972 = ORIENTED_EDGE ( 'NONE', *, *, #4219, .F. ) ;
#2973 = CARTESIAN_POINT ( 'NONE',  ( -0.7700000000000003508, 0.3700000000000001066, -0.6999999999999999556 ) ) ;
#2974 = ORIENTED_EDGE ( 'NONE', *, *, #10288, .T. ) ;
#2975 = DIRECTION ( 'NONE',  ( -0.000000000000000000, -0.000000000000000000, -1.000000000000000000 ) ) ;
#2976 = FACE_OUTER_BOUND ( 'NONE', #8085, .T. ) ;
#2977 =( GEOMETRIC_REPRESENTATION_CONTEXT ( 3 ) GLOBAL_UNCERTAINTY_ASSIGNED_CONTEXT ( ( #3048 ) ) GLOBAL_UNIT_ASSIGNED_CONTEXT ( ( #4611, #2719, #7355 ) ) REPRESENTATION_CONTEXT ( 'NONE', 'WORKASPACE' ) );
#2978 = CARTESIAN_POINT ( 'NONE',  ( 0.7563672063010525859, -0.04588116811452071231, -0.6989999999999999547 ) ) ;
#2979 = EDGE_CURVE ( 'NONE', #2481, #3010, #650, .T. ) ;
#2980 = SURFACE_SIDE_STYLE ('',( #5651 ) ) ;
#2981 = CARTESIAN_POINT ( 'NONE',  ( 0.7455335365853656970, 0.06158536585365840393, -0.6999999999999999556 ) ) ;
#2982 =( NAMED_UNIT ( * ) SI_UNIT ( $, .STERADIAN. ) SOLID_ANGLE_UNIT ( ) );
#2983 = CARTESIAN_POINT ( 'NONE',  ( 0.7584712718354248429, 0.05787608400088531391, -0.6989999999999999547 ) ) ;
#2984 = CARTESIAN_POINT ( 'NONE',  ( 0.7199999999999999734, 0.09146341463414631168, -0.6989999999999999547 ) ) ;
#2985 = AXIS2_PLACEMENT_3D ( 'NONE', #3461, #10685, #5133 ) ;
#2986 = FILL_AREA_STYLE_COLOUR ( '', #7632 ) ;
#2987 = EDGE_LOOP ( 'NONE', ( #4465, #4820, #8257, #11288, #10247, #11482, #737 ) ) ;
#2988 = ORIENTED_EDGE ( 'NONE', *, *, #8251, .T. ) ;
#2989 = EDGE_CURVE ( 'NONE', #11138, #2594, #5413, .T. ) ;
#2990 = CARTESIAN_POINT ( 'NONE',  ( 0.8019999999999994911, 0.1800000000000000766, -0.1999999999999998723 ) ) ;
#2991 = SURFACE_SIDE_STYLE ('',( #356 ) ) ;
#2992 = AXIS2_PLACEMENT_3D ( 'NONE', #9218, #3694, #5639 ) ;
#2993 = CARTESIAN_POINT ( 'NONE',  ( 0.1199999999999999956, -0.3850000000000002309, -0.1999999999999997891 ) ) ;
#2994 = DIRECTION ( 'NONE',  ( 0.000000000000000000, 0.000000000000000000, 1.000000000000000000 ) ) ;
#2995 = CIRCLE ( 'NONE', #9594, 0.05499999999999997946 ) ;
#2996 = EDGE_CURVE ( 'NONE', #5707, #3869, #5315, .T. ) ;
#2997 = DIRECTION ( 'NONE',  ( 0.000000000000000000, -1.000000000000000000, 2.397541290737904109E-15 ) ) ;
#2998 = DIRECTION ( 'NONE',  ( -1.000000000000000000, -0.000000000000000000, -0.000000000000000000 ) ) ;
#2999 =( NAMED_UNIT ( * ) SI_UNIT ( $, .STERADIAN. ) SOLID_ANGLE_UNIT ( ) );
#3000 = CIRCLE ( 'NONE', #10562, 0.05500000000000003497 ) ;
#3001 =( LENGTH_UNIT ( ) NAMED_UNIT ( * ) SI_UNIT ( .MILLI., .METRE. ) );
#3002 = DIRECTION ( 'NONE',  ( 0.000000000000000000, -0.000000000000000000, -1.000000000000000000 ) ) ;
#3003 = ORIENTED_EDGE ( 'NONE', *, *, #7501, .T. ) ;
#3004 = ADVANCED_FACE ( 'NONE', ( #590 ), #4084, .T. ) ;
#3005 = MECHANICAL_DESIGN_GEOMETRIC_PRESENTATION_REPRESENTATION (  '', ( #6030 ), #11494 ) ;
#3006 =( LENGTH_UNIT ( ) NAMED_UNIT ( * ) SI_UNIT ( .MILLI., .METRE. ) );
#3007 =( NAMED_UNIT ( * ) SI_UNIT ( $, .STERADIAN. ) SOLID_ANGLE_UNIT ( ) );
#3008 = DIRECTION ( 'NONE',  ( 0.000000000000000000, 0.000000000000000000, -1.000000000000000000 ) ) ;
#3009 = CARTESIAN_POINT ( 'NONE',  ( 0.3599999999999999867, 0.3299999999999999600, -0.3999999999999999667 ) ) ;
#3010 = VERTEX_POINT ( 'NONE', #11442 ) ;
#3011 = CIRCLE ( 'NONE', #7913, 0.09999999999999997780 ) ;
#3012 =( LENGTH_UNIT ( ) NAMED_UNIT ( * ) SI_UNIT ( .MILLI., .METRE. ) );
#3013 =( NAMED_UNIT ( * ) PLANE_ANGLE_UNIT ( ) SI_UNIT ( $, .RADIAN. ) );
#3014 = FILL_AREA_STYLE ('',( #11064 ) ) ;
#3015 = SURFACE_SIDE_STYLE ('',( #8255 ) ) ;
#3016 = CARTESIAN_POINT ( 'NONE',  ( 0.3599999999999999867, -0.3300000000000002931, -0.1999999999999999001 ) ) ;
#3017 = CIRCLE ( 'NONE', #2475, 0.09999999999999999167 ) ;
#3018 = AXIS2_PLACEMENT_3D ( 'NONE', #5174, #11483, #8734 ) ;
#3019 = EDGE_LOOP ( 'NONE', ( #2540, #8008, #2836, #9956 ) ) ;
#3020 = AXIS2_PLACEMENT_3D ( 'NONE', #3099, #10193, #6632 ) ;
#3021 = CARTESIAN_POINT ( 'NONE',  ( 0.5000000000000004441, -0.1800000000000000211, -0.09999999999999988065 ) ) ;
#3022 = EDGE_CURVE ( 'NONE', #9478, #8250, #9727, .T. ) ;
#3023 = DIRECTION ( 'NONE',  ( 0.000000000000000000, 0.000000000000000000, -1.000000000000000000 ) ) ;
#3024 = ORIENTED_EDGE ( 'NONE', *, *, #565, .T. ) ;
#3025 = FILL_AREA_STYLE_COLOUR ( '', #167 ) ;
#3026 = AXIS2_PLACEMENT_3D ( 'NONE', #4478, #9717, #11551 ) ;
#3027 = STYLED_ITEM ( 'NONE', ( #5469 ), #6396 ) ;
#3028 = DIRECTION ( 'NONE',  ( 0.000000000000000000, -2.464095846557964300E-15, -1.000000000000000000 ) ) ;
#3029 = CARTESIAN_POINT ( 'NONE',  ( -0.5124264068711931186, -0.3875735931288070701, -0.6999999999999998446 ) ) ;
#3030 = DIRECTION ( 'NONE',  ( -1.000000000000000000, -0.000000000000000000, -0.000000000000000000 ) ) ;
#3031 = CARTESIAN_POINT ( 'NONE',  ( -0.3829128784747793390, 0.2800000000000000266, -0.1999999999999999001 ) ) ;
#3032 = ORIENTED_EDGE ( 'NONE', *, *, #352, .F. ) ;
#3033 = ORIENTED_EDGE ( 'NONE', *, *, #4818, .T. ) ;
#3034 = AXIS2_PLACEMENT_3D ( 'NONE', #5395, #2068, #8389 ) ;
#3035 = CARTESIAN_POINT ( 'NONE',  ( 0.1429128784747789038, 0.1799999999999997990, -0.09999999999999988065 ) ) ;
#3036 = VECTOR ( 'NONE', #5455, 1000.000000000000000 ) ;
#3037 = DIRECTION ( 'NONE',  ( 0.000000000000000000, -1.000000000000000000, 2.956915015869558659E-15 ) ) ;
#3038 = FILL_AREA_STYLE_COLOUR ( '', #10763 ) ;
#3039 = CARTESIAN_POINT ( 'NONE',  ( 0.000000000000000000, 0.3299999999999999600, -0.3999999999999999667 ) ) ;
#3040 = PRESENTATION_LAYER_ASSIGNMENT (  '', '', ( #5136 ) ) ;
#3041 =( LENGTH_UNIT ( ) NAMED_UNIT ( * ) SI_UNIT ( .MILLI., .METRE. ) );
#3042 = CARTESIAN_POINT ( 'NONE',  ( 0.7476923403598408902, 0.06154434608049075273, -0.6989999999999998437 ) ) ;
#3043 = FILL_AREA_STYLE_COLOUR ( '', #2693 ) ;
#3044 = AXIS2_PLACEMENT_3D ( 'NONE', #10978, #5656, #7300 ) ;
#3045 = DIRECTION ( 'NONE',  ( -1.000000000000000000, -0.000000000000000000, -0.000000000000000000 ) ) ;
#3046 = ORIENTED_EDGE ( 'NONE', *, *, #6119, .T. ) ;
#3047 = VERTEX_POINT ( 'NONE', #7894 ) ;
#3048 = UNCERTAINTY_MEASURE_WITH_UNIT (LENGTH_MEASURE( 1.000000000000000082E-05 ), #4611, 'distance_accuracy_value', 'NONE');
#3049 = EDGE_CURVE ( 'NONE', #7440, #4359, #6127, .T. ) ;
#3050 = FILL_AREA_STYLE ('',( #6919 ) ) ;
#3051 = SURFACE_SIDE_STYLE ('',( #478 ) ) ;
#3052 =( NAMED_UNIT ( * ) SI_UNIT ( $, .STERADIAN. ) SOLID_ANGLE_UNIT ( ) );
#3053 = FACE_OUTER_BOUND ( 'NONE', #6076, .T. ) ;
#3054 = DIRECTION ( 'NONE',  ( -0.000000000000000000, -0.000000000000000000, 1.000000000000000000 ) ) ;
#3055 = ORIENTED_EDGE ( 'NONE', *, *, #6161, .F. ) ;
#3056 = CARTESIAN_POINT ( 'NONE',  ( -0.2399999999999999911, -0.3850000000000002309, -0.3999999999999999112 ) ) ;
#3057 = LINE ( 'NONE', #10391, #2911 ) ;
#3058 = VERTEX_POINT ( 'NONE', #11621 ) ;
#3059 = CIRCLE ( 'NONE', #2706, 0.05500000000000003497 ) ;
#3060 = COLOUR_RGB ( '',0.9098039215686274384, 0.4431372549019607643, 0.03137254901960784270 ) ;
#3061 = CARTESIAN_POINT ( 'NONE',  ( 0.7256637425191414525, 0.03668698776661510202, -0.6989999999999998437 ) ) ;
#3062 = PLANE ( 'NONE',  #11473 ) ;
#3063 = PRESENTATION_LAYER_ASSIGNMENT (  '', '', ( #4787 ) ) ;
#3064 =( LENGTH_UNIT ( ) NAMED_UNIT ( * ) SI_UNIT ( .MILLI., .METRE. ) );
#3065 = CARTESIAN_POINT ( 'NONE',  ( 0.8000000000000003775, 0.3999999999999998557, -0.6999999999999999556 ) ) ;
#3066 = AXIS2_PLACEMENT_3D ( 'NONE', #7590, #5608, #11212 ) ;
#3067 = ORIENTED_EDGE ( 'NONE', *, *, #8643, .F. ) ;
#3068 = ADVANCED_FACE ( 'NONE', ( #3531 ), #7065, .T. ) ;
#3069 = PRESENTATION_LAYER_ASSIGNMENT (  '', '', ( #9284 ) ) ;
#3070 = DIRECTION ( 'NONE',  ( 0.000000000000000000, -1.000000000000000000, 0.000000000000000000 ) ) ;
#3071 = CARTESIAN_POINT ( 'NONE',  ( 0.7504878048780486699, -0.08964367378048794521, -0.6999999999999999556 ) ) ;
#3072 = SURFACE_SIDE_STYLE ('',( #2384 ) ) ;
#3073 = LINE ( 'NONE', #7624, #1240 ) ;
#3074 = VECTOR ( 'NONE', #4246, 1000.000000000000000 ) ;
#3075 = UNCERTAINTY_MEASURE_WITH_UNIT (LENGTH_MEASURE( 1.000000000000000082E-05 ), #10296, 'distance_accuracy_value', 'NONE');
#3076 = VECTOR ( 'NONE', #1506, 1000.000000000000000 ) ;
#3077 = VECTOR ( 'NONE', #5846, 1000.000000000000000 ) ;
#3078 = ORIENTED_EDGE ( 'NONE', *, *, #11043, .T. ) ;
#3079 = DIRECTION ( 'NONE',  ( 0.000000000000000000, -1.000000000000000000, 2.956915015869558659E-15 ) ) ;
#3080 = CARTESIAN_POINT ( 'NONE',  ( 0.7198048703803778814, 0.04813554755907670235, -0.6990000000000000657 ) ) ;
#3081 = CARTESIAN_POINT ( 'NONE',  ( -0.1849999999999999700, 0.3299999999999999600, -0.1999999999999999001 ) ) ;
#3082 = ORIENTED_EDGE ( 'NONE', *, *, #9271, .F. ) ;
#3083 = ADVANCED_FACE ( 'NONE', ( #228 ), #3706, .T. ) ;
#3084 = AXIS2_PLACEMENT_3D ( 'NONE', #1041, #11108, #3002 ) ;
#3085 =( GEOMETRIC_REPRESENTATION_CONTEXT ( 3 ) GLOBAL_UNCERTAINTY_ASSIGNED_CONTEXT ( ( #8467 ) ) GLOBAL_UNIT_ASSIGNED_CONTEXT ( ( #4999, #512, #5932 ) ) REPRESENTATION_CONTEXT ( 'NONE', 'WORKASPACE' ) );
#3086 = DIRECTION ( 'NONE',  ( -0.000000000000000000, -0.000000000000000000, -1.000000000000000000 ) ) ;
#3087 = STYLED_ITEM ( 'NONE', ( #1087 ), #9468 ) ;
#3088 = SURFACE_SIDE_STYLE ('',( #10416 ) ) ;
#3089 = FACE_OUTER_BOUND ( 'NONE', #4485, .T. ) ;
#3090 = SURFACE_STYLE_USAGE ( .BOTH. , #11197 ) ;
#3091 = ADVANCED_FACE ( 'NONE', ( #8122 ), #7284, .T. ) ;
#3092 = CARTESIAN_POINT ( 'NONE',  ( 0.7645121951219511214, -0.02195121951219523165, -0.6989999999999999547 ) ) ;
#3093 = VERTEX_POINT ( 'NONE', #10973 ) ;
#3094 =( NAMED_UNIT ( * ) PLANE_ANGLE_UNIT ( ) SI_UNIT ( $, .RADIAN. ) );
#3095 = VECTOR ( 'NONE', #9671, 1000.000000000000114 ) ;
#3096 = ORIENTED_EDGE ( 'NONE', *, *, #2857, .T. ) ;
#3097 = MECHANICAL_DESIGN_GEOMETRIC_PRESENTATION_REPRESENTATION (  '', ( #1808 ), #9318 ) ;
#3098 = COLOUR_RGB ( '',0.7529411764705882248, 0.7529411764705882248, 0.7529411764705882248 ) ;
#3099 = CARTESIAN_POINT ( 'NONE',  ( -0.3599999999999999867, -0.3300000000000002931, -0.3999999999999999112 ) ) ;
#3100 = PRESENTATION_STYLE_ASSIGNMENT (( #2237 ) ) ;
#3101 = DIRECTION ( 'NONE',  ( -1.000000000000000000, 0.000000000000000000, -0.000000000000000000 ) ) ;
#3102 = PRESENTATION_LAYER_ASSIGNMENT (  '', '', ( #8938 ) ) ;
#3103 = CARTESIAN_POINT ( 'NONE',  ( 0.7315017940385823980, -0.04471082710358808415, -0.6990000000000000657 ) ) ;
#3104 = FACE_OUTER_BOUND ( 'NONE', #127, .T. ) ;
#3105 = LINE ( 'NONE', #11266, #9299 ) ;
#3106 = SURFACE_SIDE_STYLE ('',( #8572 ) ) ;
#3107 = ORIENTED_EDGE ( 'NONE', *, *, #8264, .T. ) ;
#3108 = EDGE_LOOP ( 'NONE', ( #5430, #10691, #3750, #7852 ) ) ;
#3109 = SURFACE_STYLE_FILL_AREA ( #6819 ) ;
#3110 = VECTOR ( 'NONE', #1672, 1000.000000000000000 ) ;
#3111 = PRESENTATION_STYLE_ASSIGNMENT (( #2133 ) ) ;
#3112 = SURFACE_STYLE_USAGE ( .BOTH. , #10502 ) ;
#3113 = FACE_OUTER_BOUND ( 'NONE', #2437, .T. ) ;
#3114 =( NAMED_UNIT ( * ) SI_UNIT ( $, .STERADIAN. ) SOLID_ANGLE_UNIT ( ) );
#3115 = EDGE_CURVE ( 'NONE', #6330, #11669, #1950, .T. ) ;
#3116 = DIRECTION ( 'NONE',  ( 0.000000000000000000, 0.000000000000000000, -1.000000000000000000 ) ) ;
#3117 = CARTESIAN_POINT ( 'NONE',  ( 0.7264819296741593657, -0.08141460919036369592, -0.6989999999999998437 ) ) ;
#3118 =( NAMED_UNIT ( * ) PLANE_ANGLE_UNIT ( ) SI_UNIT ( $, .RADIAN. ) );
#3119 = ORIENTED_EDGE ( 'NONE', *, *, #425, .T. ) ;
#3120 = FILL_AREA_STYLE ('',( #3290 ) ) ;
#3121 = MECHANICAL_DESIGN_GEOMETRIC_PRESENTATION_REPRESENTATION (  '', ( #4088 ), #7839 ) ;
#3122 = B_SPLINE_SURFACE_WITH_KNOTS ( 'NONE', 3, 1, ( 
 ( #9422, #5020 ),
 ( #532, #10209 ),
 ( #2134, #9365 ),
 ( #4783, #11159 ),
 ( #7660, #4963 ),
 ( #10320, #1250 ),
 ( #8398, #7716 ),
 ( #5834, #1310 ),
 ( #4011, #11276 ),
 ( #358, #306 ),
 ( #4900, #6821 ),
 ( #3944, #5893 ),
 ( #3165, #3221 ),
 ( #11331, #9483 ),
 ( #6760, #4136 ),
 ( #8456, #8578 ),
 ( #11220, #8522 ),
 ( #2304, #10442 ),
 ( #8340, #11503 ) ),
 .UNSPECIFIED., .F., .F., .F.,
 ( 4, 1, 1, 1, 1, 1, 1, 1, 1, 1, 1, 1, 1, 1, 1, 1, 4 ),
 ( 2, 2 ),
 ( 0.000000000000000000, 0.06784007953421120063, 0.1326688954490677919, 0.1950705264521366555, 0.2556086712886452839, 0.3148315357450776064, 0.3734254151318251447, 0.4325732796242875433, 0.4922844451246902731, 0.5525311382752621236, 0.6123789528069559784, 0.6724822110039964107, 0.7338115657770705180, 0.7965737547970173082, 0.8614358467332322578, 0.9291918124022553460, 1.000000000000000000 ),
 ( 0.000000000000000000, 1.000000000000000000 ),
 .UNSPECIFIED. ) ;
#3123 =( NAMED_UNIT ( * ) PLANE_ANGLE_UNIT ( ) SI_UNIT ( $, .RADIAN. ) );
#3124 = STYLED_ITEM ( 'NONE', ( #3325 ), #3231 ) ;
#3125 = ORIENTED_EDGE ( 'NONE', *, *, #7020, .F. ) ;
#3126 = SURFACE_STYLE_FILL_AREA ( #4031 ) ;
#3127 = PRESENTATION_STYLE_ASSIGNMENT (( #7557 ) ) ;
#3128 = DIRECTION ( 'NONE',  ( 0.000000000000000000, -2.464095846557964300E-15, -1.000000000000000000 ) ) ;
#3129 = COLOUR_RGB ( '',0.7529411764705882248, 0.7529411764705882248, 0.7529411764705882248 ) ;
#3130 =( NAMED_UNIT ( * ) SI_UNIT ( $, .STERADIAN. ) SOLID_ANGLE_UNIT ( ) );
#3131 = ADVANCED_FACE ( 'NONE', ( #2234 ), #3982, .T. ) ;
#3132 = ORIENTED_EDGE ( 'NONE', *, *, #4017, .T. ) ;
#3133 = CARTESIAN_POINT ( 'NONE',  ( 0.2399999999999999911, -0.1800000000000001321, 0.005000000000000249904 ) ) ;
#3134 = DIRECTION ( 'NONE',  ( -1.000000000000000000, -0.000000000000000000, -0.000000000000000000 ) ) ;
#3135 = CARTESIAN_POINT ( 'NONE',  ( -0.3599999999999999867, 0.1800000000000000766, 0.005000000000000256843 ) ) ;
#3136 = VERTEX_POINT ( 'NONE', #290 ) ;
#3137 = ADVANCED_FACE ( 'NONE', ( #6633 ), #5710, .F. ) ;
#3138 = FACE_OUTER_BOUND ( 'NONE', #1196, .T. ) ;
#3139 = FILL_AREA_STYLE ('',( #4939 ) ) ;
#3140 = CARTESIAN_POINT ( 'NONE',  ( -0.1849999999999999700, 0.3299999999999999600, -0.1999999999999999001 ) ) ;
#3141 =( GEOMETRIC_REPRESENTATION_CONTEXT ( 3 ) GLOBAL_UNCERTAINTY_ASSIGNED_CONTEXT ( ( #968 ) ) GLOBAL_UNIT_ASSIGNED_CONTEXT ( ( #11392, #6761, #11223 ) ) REPRESENTATION_CONTEXT ( 'NONE', 'WORKASPACE' ) );
#3142 = ORIENTED_EDGE ( 'NONE', *, *, #6513, .T. ) ;
#3143 = CARTESIAN_POINT ( 'NONE',  ( -0.7875735931288073699, 0.3875735931288071812, -0.6999999999999999556 ) ) ;
#3144 = EDGE_CURVE ( 'NONE', #8901, #613, #7396, .T. ) ;
#3145 = ORIENTED_EDGE ( 'NONE', *, *, #1668, .F. ) ;
#3146 = CARTESIAN_POINT ( 'NONE',  ( 0.2399999999999999911, 0.3299999999999999600, -0.1999999999999999001 ) ) ;
#3147 = UNCERTAINTY_MEASURE_WITH_UNIT (LENGTH_MEASURE( 1.000000000000000082E-05 ), #6812, 'distance_accuracy_value', 'NONE');
#3148 = CARTESIAN_POINT ( 'NONE',  ( 0.000000000000000000, 0.3299999999999999600, -0.3999999999999999667 ) ) ;
#3149 = SURFACE_STYLE_FILL_AREA ( #3932 ) ;
#3150 = EDGE_CURVE ( 'NONE', #4005, #7141, #6894, .T. ) ;
#3151 = FACE_OUTER_BOUND ( 'NONE', #1372, .T. ) ;
#3152 =( GEOMETRIC_REPRESENTATION_CONTEXT ( 3 ) GLOBAL_UNCERTAINTY_ASSIGNED_CONTEXT ( ( #5557 ) ) GLOBAL_UNIT_ASSIGNED_CONTEXT ( ( #2530, #5180, #10675 ) ) REPRESENTATION_CONTEXT ( 'NONE', 'WORKASPACE' ) );
#3153 =( NAMED_UNIT ( * ) SI_UNIT ( $, .STERADIAN. ) SOLID_ANGLE_UNIT ( ) );
#3154 = FILL_AREA_STYLE_COLOUR ( '', #2748 ) ;
#3155 = VECTOR ( 'NONE', #4395, 1000.000000000000000 ) ;
#3156 = DIRECTION ( 'NONE',  ( -1.000000000000000000, 3.614007241618349264E-16, 0.000000000000000000 ) ) ;
#3157 = FILL_AREA_STYLE ('',( #1898 ) ) ;
#3158 = ORIENTED_EDGE ( 'NONE', *, *, #7092, .F. ) ;
#3159 = VERTEX_POINT ( 'NONE', #576 ) ;
#3160 = VERTEX_POINT ( 'NONE', #7938 ) ;
#3161 = COLOUR_RGB ( '',0.000000000000000000, 0.000000000000000000, 0.000000000000000000 ) ;
#3162 = AXIS2_PLACEMENT_3D ( 'NONE', #1543, #5697, #3356 ) ;
#3163 = PRESENTATION_STYLE_ASSIGNMENT (( #11156 ) ) ;
#3164 = VECTOR ( 'NONE', #4914, 1000.000000000000114 ) ;
#3165 = CARTESIAN_POINT ( 'NONE',  ( 0.7581595582235475250, 0.06583755813996583495, -0.6990000000000001767 ) ) ;
#3166 = CARTESIAN_POINT ( 'NONE',  ( 0.7699999999999999067, 0.09817073170731704934, -0.6989999999999999547 ) ) ;
#3167 = SURFACE_STYLE_USAGE ( .BOTH. , #9485 ) ;
#3168 = AXIS2_PLACEMENT_3D ( 'NONE', #5248, #2649, #6066 ) ;
#3169 = SURFACE_SIDE_STYLE ('',( #11338 ) ) ;
#3170 =( LENGTH_UNIT ( ) NAMED_UNIT ( * ) SI_UNIT ( .MILLI., .METRE. ) );
#3171 = ORIENTED_EDGE ( 'NONE', *, *, #4194, .T. ) ;
#3172 = UNCERTAINTY_MEASURE_WITH_UNIT (LENGTH_MEASURE( 1.000000000000000082E-05 ), #452, 'distance_accuracy_value', 'NONE');
#3173 = CARTESIAN_POINT ( 'NONE',  ( 0.7351925446519371743, 0.05958547439563629394, -0.6989999999999999547 ) ) ;
#3174 = AXIS2_PLACEMENT_3D ( 'NONE', #10729, #7105, #1565 ) ;
#3175 = LINE ( 'NONE', #3065, #8327 ) ;
#3176 = ORIENTED_EDGE ( 'NONE', *, *, #10288, .F. ) ;
#3177 = VECTOR ( 'NONE', #1775, 1000.000000000000000 ) ;
#3178 =( LENGTH_UNIT ( ) NAMED_UNIT ( * ) SI_UNIT ( .MILLI., .METRE. ) );
#3179 = VECTOR ( 'NONE', #7441, 1000.000000000000000 ) ;
#3180 = DIRECTION ( 'NONE',  ( 1.000000000000000000, 0.000000000000000000, 0.000000000000000000 ) ) ;
#3181 = FACE_OUTER_BOUND ( 'NONE', #9348, .T. ) ;
#3182 = CARTESIAN_POINT ( 'NONE',  ( 0.8019999999999994911, -0.1800000000000000211, -0.4999999999999998890 ) ) ;
#3183 = ORIENTED_EDGE ( 'NONE', *, *, #1807, .T. ) ;
#3184 =( GEOMETRIC_REPRESENTATION_CONTEXT ( 3 ) GLOBAL_UNCERTAINTY_ASSIGNED_CONTEXT ( ( #5353 ) ) GLOBAL_UNIT_ASSIGNED_CONTEXT ( ( #7458, #11145, #10366 ) ) REPRESENTATION_CONTEXT ( 'NONE', 'WORKASPACE' ) );
#3185 = EDGE_CURVE ( 'NONE', #2734, #4717, #6806, .T. ) ;
#3186 = CARTESIAN_POINT ( 'NONE',  ( -0.1429128784747790704, -0.1800000000000000211, -0.09999999999999988065 ) ) ;
#3187 = DIRECTION ( 'NONE',  ( -0.000000000000000000, -0.000000000000000000, 1.000000000000000000 ) ) ;
#3188 = DIRECTION ( 'NONE',  ( 0.000000000000000000, 0.000000000000000000, 1.000000000000000000 ) ) ;
#3189 = STYLED_ITEM ( 'NONE', ( #835 ), #8534 ) ;
#3190 = VERTEX_POINT ( 'NONE', #8677 ) ;
#3191 = PLANE ( 'NONE',  #10773 ) ;
#3192 = EDGE_CURVE ( 'NONE', #5017, #9449, #7658, .T. ) ;
#3193 = FILL_AREA_STYLE ('',( #4871 ) ) ;
#3194 = CIRCLE ( 'NONE', #986, 0.09999999999999996392 ) ;
#3195 = CARTESIAN_POINT ( 'NONE',  ( 0.2170871215252209163, 0.1799999999999999101, -0.3999999999999999112 ) ) ;
#3196 = DIRECTION ( 'NONE',  ( 0.9466707760722534726, 0.3222024856061127540, 0.000000000000000000 ) ) ;
#3197 = VECTOR ( 'NONE', #8676, 1000.000000000000000 ) ;
#3198 = ORIENTED_EDGE ( 'NONE', *, *, #7688, .T. ) ;
#3199 = EDGE_LOOP ( 'NONE', ( #5510, #10535, #5045, #3526 ) ) ;
#3200 = AXIS2_PLACEMENT_3D ( 'NONE', #2880, #4069, #5062 ) ;
#3201 = VECTOR ( 'NONE', #10057, 1000.000000000000000 ) ;
#3202 = DIRECTION ( 'NONE',  ( 0.000000000000000000, 1.000000000000000000, -5.646886315028668105E-17 ) ) ;
#3203 = VECTOR ( 'NONE', #3442, 1000.000000000000000 ) ;
#3204 = FILL_AREA_STYLE ('',( #9775 ) ) ;
#3205 = CARTESIAN_POINT ( 'NONE',  ( 0.7619207317073168895, 0.03109756097560961718, -0.6989999999999999547 ) ) ;
#3206 = EDGE_CURVE ( 'NONE', #9946, #6388, #8742, .T. ) ;
#3207 = CARTESIAN_POINT ( 'NONE',  ( -0.09708712152522058769, 0.2800000000000000266, -0.3999999999999998557 ) ) ;
#3208 = EDGE_CURVE ( 'NONE', #5647, #1101, #6515, .T. ) ;
#3209 = LINE ( 'NONE', #9470, #3991 ) ;
#3210 = CARTESIAN_POINT ( 'NONE',  ( -0.8000000000000004885, 0.4000000000000001332, 0.1000000000000000056 ) ) ;
#3211 = LINE ( 'NONE', #5943, #7235 ) ;
#3212 = DIRECTION ( 'NONE',  ( 0.000000000000000000, 0.000000000000000000, -1.000000000000000000 ) ) ;
#3213 = PRESENTATION_LAYER_ASSIGNMENT (  '', '', ( #8470 ) ) ;
#3214 = VECTOR ( 'NONE', #345, 1000.000000000000000 ) ;
#3215 =( NAMED_UNIT ( * ) PLANE_ANGLE_UNIT ( ) SI_UNIT ( $, .RADIAN. ) );
#3216 = DIRECTION ( 'NONE',  ( 0.000000000000000000, -1.000000000000000000, 0.000000000000000000 ) ) ;
#3217 = ORIENTED_EDGE ( 'NONE', *, *, #11143, .F. ) ;
#3218 = VERTEX_POINT ( 'NONE', #9527 ) ;
#3219 = ORIENTED_EDGE ( 'NONE', *, *, #556, .F. ) ;
#3220 = PRODUCT_DEFINITION ( 'Î´Öª', '', #4448, #5078 ) ;
#3221 = CARTESIAN_POINT ( 'NONE',  ( 0.7581595582235475250, 0.06583755813996583495, -0.7000000000000001776 ) ) ;
#3222 = CARTESIAN_POINT ( 'NONE',  ( 0.7280024004437755103, 0.05356928650119074931, -0.6999999999999999556 ) ) ;
#3223 = STYLED_ITEM ( 'NONE', ( #3724 ), #659 ) ;
#3224 = MECHANICAL_DESIGN_GEOMETRIC_PRESENTATION_REPRESENTATION (  '', ( #10801 ), #231 ) ;
#3225 = MECHANICAL_DESIGN_GEOMETRIC_PRESENTATION_REPRESENTATION (  '', ( #7560 ), #419 ) ;
#3226 = SURFACE_STYLE_FILL_AREA ( #9369 ) ;
#3227 = DIRECTION ( 'NONE',  ( 0.000000000000000000, -1.000000000000000000, 2.397541290737904109E-15 ) ) ;
#3228 = FACE_OUTER_BOUND ( 'NONE', #4957, .T. ) ;
#3229 = LINE ( 'NONE', #2309, #6252 ) ;
#3230 = ORIENTED_EDGE ( 'NONE', *, *, #9953, .F. ) ;
#3231 = ADVANCED_FACE ( 'NONE', ( #2344 ), #11427, .F. ) ;
#3232 = MECHANICAL_DESIGN_GEOMETRIC_PRESENTATION_REPRESENTATION (  '', ( #8673 ), #9855 ) ;
#3233 = SURFACE_SIDE_STYLE ('',( #5736 ) ) ;
#3234 = CARTESIAN_POINT ( 'NONE',  ( 0.000000000000000000, 0.1799999999999997435, -0.6049999999999999822 ) ) ;
#3235 = ORIENTED_EDGE ( 'NONE', *, *, #10228, .F. ) ;
#3236 = CARTESIAN_POINT ( 'NONE',  ( 0.7700000518793064241, 0.03816066169076080122, -0.6999999999999999556 ) ) ;
#3237 = DIRECTION ( 'NONE',  ( -1.000000000000000000, -0.000000000000000000, -0.000000000000000000 ) ) ;
#3238 = CARTESIAN_POINT ( 'NONE',  ( 0.7702942519975604085, 0.04943152952192118865, -0.7000000000000001776 ) ) ;
#3239 = DIRECTION ( 'NONE',  ( 0.000000000000000000, -2.216840928656986572E-15, -1.000000000000000000 ) ) ;
#3240 = ORIENTED_EDGE ( 'NONE', *, *, #9943, .T. ) ;
#3241 = ORIENTED_EDGE ( 'NONE', *, *, #11234, .T. ) ;
#3242 = CARTESIAN_POINT ( 'NONE',  ( 0.7471668386321200783, -0.05542832968376411318, -0.6999999999999998446 ) ) ;
#3243 = VECTOR ( 'NONE', #11382, 1000.000000000000000 ) ;
#3244 = CARTESIAN_POINT ( 'NONE',  ( 0.2399999999999999911, 0.3300000000000000155, -0.1999999999999999001 ) ) ;
#3245 = MECHANICAL_DESIGN_GEOMETRIC_PRESENTATION_REPRESENTATION (  '', ( #8320 ), #7781 ) ;
#3246 = DIRECTION ( 'NONE',  ( 1.000000000000000000, -1.807003620809173892E-16, 0.000000000000000000 ) ) ;
#3247 = FILL_AREA_STYLE ('',( #5222 ) ) ;
#3248 = ORIENTED_EDGE ( 'NONE', *, *, #7565, .T. ) ;
#3249 = CARTESIAN_POINT ( 'NONE',  ( 0.5300000000000002487, 0.3699999999999999956, -0.6999999999999999556 ) ) ;
#3250 = CARTESIAN_POINT ( 'NONE',  ( 0.7559756097560973442, -0.09189214939024403783, -0.6989999999999999547 ) ) ;
#3251 = LINE ( 'NONE', #4461, #9865 ) ;
#3252 =( GEOMETRIC_REPRESENTATION_CONTEXT ( 3 ) GLOBAL_UNCERTAINTY_ASSIGNED_CONTEXT ( ( #7670 ) ) GLOBAL_UNIT_ASSIGNED_CONTEXT ( ( #11239, #2154, #4096 ) ) REPRESENTATION_CONTEXT ( 'NONE', 'WORKASPACE' ) );
#3253 = CARTESIAN_POINT ( 'NONE',  ( 0.1199999999999999956, -0.3300000000000002376, -0.3999999999999999667 ) ) ;
#3254 = FILL_AREA_STYLE ('',( #7573 ) ) ;
#3255 = COLOUR_RGB ( '',0.7529411764705882248, 0.7529411764705882248, 0.7529411764705882248 ) ;
#3256 = EDGE_CURVE ( 'NONE', #9515, #10509, #2025, .T. ) ;
#3257 = VECTOR ( 'NONE', #8474, 1000.000000000000000 ) ;
#3258 = VERTEX_POINT ( 'NONE', #4178 ) ;
#3259 = SURFACE_STYLE_USAGE ( .BOTH. , #753 ) ;
#3260 = ORIENTED_EDGE ( 'NONE', *, *, #3924, .F. ) ;
#3261 = CARTESIAN_POINT ( 'NONE',  ( 0.7236942639257597509, -0.04409394269008758138, -0.7000000000000001776 ) ) ;
#3262 =( GEOMETRIC_REPRESENTATION_CONTEXT ( 3 ) GLOBAL_UNCERTAINTY_ASSIGNED_CONTEXT ( ( #4498 ) ) GLOBAL_UNIT_ASSIGNED_CONTEXT ( ( #2212, #8483, #4036 ) ) REPRESENTATION_CONTEXT ( 'NONE', 'WORKASPACE' ) );
#3263 = UNCERTAINTY_MEASURE_WITH_UNIT (LENGTH_MEASURE( 1.000000000000000082E-05 ), #9653, 'distance_accuracy_value', 'NONE');
#3264 = VECTOR ( 'NONE', #8494, 1000.000000000000000 ) ;
#3265 = CARTESIAN_POINT ( 'NONE',  ( -0.02291287847477900541, -0.1800000000000001876, -0.1999999999999998723 ) ) ;
#3266 = PRESENTATION_LAYER_ASSIGNMENT (  '', '', ( #10071 ) ) ;
#3267 = SURFACE_STYLE_FILL_AREA ( #10485 ) ;
#3268 = CARTESIAN_POINT ( 'NONE',  ( 0.7260975609756096238, -0.08134527439024404061, -0.6999999999999999556 ) ) ;
#3269 = CARTESIAN_POINT ( 'NONE',  ( 0.7437480597336908472, -0.04876409302064340506, -0.6989999999999998437 ) ) ;
#3270 = DIRECTION ( 'NONE',  ( 0.000000000000000000, -2.710505431213761085E-16, 1.000000000000000000 ) ) ;
#3271 = EDGE_CURVE ( 'NONE', #10739, #9245, #2585, .T. ) ;
#3272 = FILL_AREA_STYLE ('',( #5189 ) ) ;
#3273 = EDGE_LOOP ( 'NONE', ( #1641, #10807, #4692, #8407 ) ) ;
#3274 = ORIENTED_EDGE ( 'NONE', *, *, #8757, .T. ) ;
#3275 = AXIS2_PLACEMENT_3D ( 'NONE', #5138, #5023, #7600 ) ;
#3276 = EDGE_LOOP ( 'NONE', ( #6876, #11373, #10741, #7063 ) ) ;
#3277 = LINE ( 'NONE', #8818, #5072 ) ;
#3278 = EDGE_CURVE ( 'NONE', #6512, #11658, #2528, .T. ) ;
#3279 = PRESENTATION_LAYER_ASSIGNMENT (  '', '', ( #2558 ) ) ;
#3280 = CARTESIAN_POINT ( 'NONE',  ( 0.7254878048780486477, 0.01463414634146333569, -0.6989999999999999547 ) ) ;
#3281 =( NAMED_UNIT ( * ) SI_UNIT ( $, .STERADIAN. ) SOLID_ANGLE_UNIT ( ) );
#3282 =( GEOMETRIC_REPRESENTATION_CONTEXT ( 3 ) GLOBAL_UNCERTAINTY_ASSIGNED_CONTEXT ( ( #2158 ) ) GLOBAL_UNIT_ASSIGNED_CONTEXT ( ( #11430, #10253, #5998 ) ) REPRESENTATION_CONTEXT ( 'NONE', 'WORKASPACE' ) );
#3283 = CARTESIAN_POINT ( 'NONE',  ( 0.3599999999999999867, 0.1799999999999998823, -0.6049999999999999822 ) ) ;
#3284 = DIRECTION ( 'NONE',  ( -1.000000000000000000, 0.000000000000000000, 0.000000000000000000 ) ) ;
#3285 = CYLINDRICAL_SURFACE ( 'NONE', #10043, 0.05499999999999997946 ) ;
#3286 = FILL_AREA_STYLE_COLOUR ( '', #5855 ) ;
#3287 = LINE ( 'NONE', #5028, #6303 ) ;
#3288 = ORIENTED_EDGE ( 'NONE', *, *, #6969, .F. ) ;
#3289 = AXIS2_PLACEMENT_3D ( 'NONE', #11355, #9625, #2322 ) ;
#3290 = FILL_AREA_STYLE_COLOUR ( '', #166 ) ;
#3291 = EDGE_CURVE ( 'NONE', #4436, #8560, #8870, .T. ) ;
#3292 = CIRCLE ( 'NONE', #6495, 0.05500000000000003497 ) ;
#3293 = UNCERTAINTY_MEASURE_WITH_UNIT (LENGTH_MEASURE( 1.000000000000000082E-05 ), #183, 'distance_accuracy_value', 'NONE');
#3294 = LINE ( 'NONE', #1661, #547 ) ;
#3295 = SURFACE_STYLE_FILL_AREA ( #4026 ) ;
#3296 = CARTESIAN_POINT ( 'NONE',  ( 0.8019999999999994911, 0.2800000000000000266, -0.3999999999999999112 ) ) ;
#3298 = ORIENTED_EDGE ( 'NONE', *, *, #6126, .F. ) ;
#3297 = CARTESIAN_POINT ( 'NONE',  ( 0.8019999999999994911, -0.2800000000000000266, -0.3999999999999999112 ) ) ;
#3299 = EDGE_CURVE ( 'NONE', #4482, #8377, #10698, .T. ) ;
#3300 =( LENGTH_UNIT ( ) NAMED_UNIT ( * ) SI_UNIT ( .MILLI., .METRE. ) );
#3301 = SURFACE_STYLE_FILL_AREA ( #7788 ) ;
#3302 = CARTESIAN_POINT ( 'NONE',  ( 0.000000000000000000, 0.000000000000000000, -0.6989999999999999547 ) ) ;
#3303 = DIRECTION ( 'NONE',  ( 0.000000000000000000, 2.464095846557963117E-15, 1.000000000000000000 ) ) ;
#3304 = SURFACE_STYLE_USAGE ( .BOTH. , #3072 ) ;
#3305 = DIRECTION ( 'NONE',  ( -0.000000000000000000, 0.000000000000000000, -1.000000000000000000 ) ) ;
#3306 = ORIENTED_EDGE ( 'NONE', *, *, #5668, .T. ) ;
#3307 = STYLED_ITEM ( 'NONE', ( #7231 ), #4634 ) ;
#3308 = ORIENTED_EDGE ( 'NONE', *, *, #281, .T. ) ;
#3309 =( NAMED_UNIT ( * ) SI_UNIT ( $, .STERADIAN. ) SOLID_ANGLE_UNIT ( ) );
#3310 = CARTESIAN_POINT ( 'NONE',  ( 0.7249538577103696868, 0.05929556515090685098, -0.6989999999999999547 ) ) ;
#3311 = DIRECTION ( 'NONE',  ( 0.000000000000000000, 1.000000000000000000, -1.971276677246372308E-15 ) ) ;
#3312 = CARTESIAN_POINT ( 'NONE',  ( 0.7366623055724448310, -0.05449282851183354093, -0.6989999999999998437 ) ) ;
#3313 = ORIENTED_EDGE ( 'NONE', *, *, #7279, .T. ) ;
#3314 =( NAMED_UNIT ( * ) PLANE_ANGLE_UNIT ( ) SI_UNIT ( $, .RADIAN. ) );
#3315 = LINE ( 'NONE', #5350, #6636 ) ;
#3316 = CIRCLE ( 'NONE', #9940, 0.05499999999999997946 ) ;
#3317 = PLANE ( 'NONE',  #8930 ) ;
#3318 = UNCERTAINTY_MEASURE_WITH_UNIT (LENGTH_MEASURE( 1.000000000000000082E-05 ), #7108, 'distance_accuracy_value', 'NONE');
#3319 = ORIENTED_EDGE ( 'NONE', *, *, #2965, .F. ) ;
#3320 = LINE ( 'NONE', #2338, #2847 ) ;
#3321 = ORIENTED_EDGE ( 'NONE', *, *, #1441, .T. ) ;
#3322 = CARTESIAN_POINT ( 'NONE',  ( 0.7630333142538905378, -0.04806385596417656753, -0.6990000000000001767 ) ) ;
#3323 = PRESENTATION_LAYER_ASSIGNMENT (  '', '', ( #7291 ) ) ;
#3324 = EDGE_CURVE ( 'NONE', #1334, #2164, #9713, .T. ) ;
#3325 = PRESENTATION_STYLE_ASSIGNMENT (( #1631 ) ) ;
#3326 = CARTESIAN_POINT ( 'NONE',  ( 0.7419512195121950038, 0.01463414634146333569, -0.6989999999999999547 ) ) ;
#3327 = CARTESIAN_POINT ( 'NONE',  ( -0.1199999999999999956, -0.1800000000000001876, -0.04999999999999969746 ) ) ;
#3328 = DIRECTION ( 'NONE',  ( 0.000000000000000000, -1.000000000000000000, 0.000000000000000000 ) ) ;
#3329 = PRESENTATION_STYLE_ASSIGNMENT (( #5370 ) ) ;
#3330 = FILL_AREA_STYLE_COLOUR ( '', #1210 ) ;
#3331 =( NAMED_UNIT ( * ) PLANE_ANGLE_UNIT ( ) SI_UNIT ( $, .RADIAN. ) );
#3332 = ORIENTED_EDGE ( 'NONE', *, *, #9116, .T. ) ;
#3333 = EDGE_LOOP ( 'NONE', ( #2312, #4930, #1497, #3033 ) ) ;
#3334 = VERTEX_POINT ( 'NONE', #757 ) ;
#3335 = FACE_OUTER_BOUND ( 'NONE', #5034, .T. ) ;
#3336 = SURFACE_STYLE_USAGE ( .BOTH. , #8819 ) ;
#3337 = AXIS2_PLACEMENT_3D ( 'NONE', #5298, #8871, #8678 ) ;
#3338 = ADVANCED_FACE ( 'NONE', ( #6168 ), #510, .T. ) ;
#3339 = PRESENTATION_STYLE_ASSIGNMENT (( #1645 ) ) ;
#3341 = ORIENTED_EDGE ( 'NONE', *, *, #10507, .F. ) ;
#3340 = CARTESIAN_POINT ( 'NONE',  ( 0.7199999999999998623, -0.004268292682926912857, -0.6999999999999999556 ) ) ;
#3342 = SURFACE_SIDE_STYLE ('',( #11565 ) ) ;
#3343 = DIRECTION ( 'NONE',  ( 0.000000000000000000, 1.000000000000000000, -1.971276677246372308E-15 ) ) ;
#3344 = CARTESIAN_POINT ( 'NONE',  ( -0.2629128784747787329, -0.2800000000000000266, -0.3999999999999999112 ) ) ;
#3345 = EDGE_CURVE ( 'NONE', #7103, #8789, #9586, .T. ) ;
#3346 = MECHANICAL_DESIGN_GEOMETRIC_PRESENTATION_REPRESENTATION (  '', ( #5068 ), #738 ) ;
#3347 = CARTESIAN_POINT ( 'NONE',  ( 0.7651140241921409180, 0.04332725031317544856, -0.7000000000000000666 ) ) ;
#3348 =( LENGTH_UNIT ( ) NAMED_UNIT ( * ) SI_UNIT ( .MILLI., .METRE. ) );
#3349 = EDGE_LOOP ( 'NONE', ( #8103, #376, #3078, #398 ) ) ;
#3350 = CIRCLE ( 'NONE', #3162, 0.05499999999999997946 ) ;
#3351 = DIRECTION ( 'NONE',  ( 0.000000000000000000, 1.000000000000000000, -1.971276677246372308E-15 ) ) ;
#3352 = EDGE_CURVE ( 'NONE', #219, #1562, #4899, .T. ) ;
#3353 = CARTESIAN_POINT ( 'NONE',  ( 0.7699999999999997957, -0.02883955792682937544, -0.6989999999999999547 ) ) ;
#3354 = CARTESIAN_POINT ( 'NONE',  ( 0.7651219512195119865, 0.04393102134146327498, -0.6999999999999999556 ) ) ;
#3355 = AXIS2_PLACEMENT_3D ( 'NONE', #7532, #1132, #2080 ) ;
#3357 = ORIENTED_EDGE ( 'NONE', *, *, #2644, .T. ) ;
#3356 = DIRECTION ( 'NONE',  ( 0.000000000000000000, 1.000000000000000000, -1.971276677246372308E-15 ) ) ;
#3358 = COLOUR_RGB ( '',0.000000000000000000, 0.000000000000000000, 0.000000000000000000 ) ;
#3359 = CARTESIAN_POINT ( 'NONE',  ( 0.7213719512195120309, 0.03109756097560961718, -0.6989999999999999547 ) ) ;
#3360 = FACE_OUTER_BOUND ( 'NONE', #883, .T. ) ;
#3361 = EDGE_CURVE ( 'NONE', #4545, #6263, #3316, .T. ) ;
#3362 = SURFACE_STYLE_FILL_AREA ( #7086 ) ;
#3363 = FILL_AREA_STYLE_COLOUR ( '', #5873 ) ;
#3364 = DIRECTION ( 'NONE',  ( 0.000000000000000000, 0.000000000000000000, -1.000000000000000000 ) ) ;
#3365 = SURFACE_SIDE_STYLE ('',( #10768 ) ) ;
#3366 = ORIENTED_EDGE ( 'NONE', *, *, #10507, .T. ) ;
#3367 = DIRECTION ( 'NONE',  ( 0.000000000000000000, -1.000000000000000000, 0.000000000000000000 ) ) ;
#3368 = ORIENTED_EDGE ( 'NONE', *, *, #298, .F. ) ;
#3369 = STYLED_ITEM ( 'NONE', ( #5434 ), #7679 ) ;
#3370 = EDGE_CURVE ( 'NONE', #8553, #658, #4844, .T. ) ;
#3371 = FILL_AREA_STYLE ('',( #11359 ) ) ;
#3372 =( NAMED_UNIT ( * ) PLANE_ANGLE_UNIT ( ) SI_UNIT ( $, .RADIAN. ) );
#3373 = DIRECTION ( 'NONE',  ( -1.000000000000000000, 3.614007241618349757E-16, 0.000000000000000000 ) ) ;
#3374 = LINE ( 'NONE', #11531, #2328 ) ;
#3375 = ORIENTED_EDGE ( 'NONE', *, *, #68, .F. ) ;
#3376 = PRESENTATION_LAYER_ASSIGNMENT (  '', '', ( #3945 ) ) ;
#3377 =( NAMED_UNIT ( * ) SI_UNIT ( $, .STERADIAN. ) SOLID_ANGLE_UNIT ( ) );
#3378 = PLANE ( 'NONE',  #7379 ) ;
#3379 = CARTESIAN_POINT ( 'NONE',  ( 0.8019999999999994911, -0.2800000000000000266, -0.3999999999999999112 ) ) ;
#3380 = DIRECTION ( 'NONE',  ( 0.000000000000000000, 2.578241652818821251E-15, 1.000000000000000000 ) ) ;
#3381 = AXIS2_PLACEMENT_3D ( 'NONE', #9129, #9976, #1074 ) ;
#3382 = ORIENTED_EDGE ( 'NONE', *, *, #8882, .F. ) ;
#3383 = FILL_AREA_STYLE_COLOUR ( '', #10194 ) ;
#3384 = EDGE_CURVE ( 'NONE', #11369, #6357, #9583, .T. ) ;
#3385 = VERTEX_POINT ( 'NONE', #4237 ) ;
#3386 = MECHANICAL_DESIGN_GEOMETRIC_PRESENTATION_REPRESENTATION (  '', ( #2833 ), #776 ) ;
#3387 = CARTESIAN_POINT ( 'NONE',  ( 0.7199999999999998623, -0.07804878048780501676, -0.6989999999999999547 ) ) ;
#3388 = CARTESIAN_POINT ( 'NONE',  ( 0.2399999999999999911, -0.1800000000000001876, -0.3999999999999999112 ) ) ;
#3389 = UNCERTAINTY_MEASURE_WITH_UNIT (LENGTH_MEASURE( 1.000000000000000082E-05 ), #4983, 'distance_accuracy_value', 'NONE');
#3390 = PLANE ( 'NONE',  #380 ) ;
#3391 = DIRECTION ( 'NONE',  ( -0.000000000000000000, -0.000000000000000000, -1.000000000000000000 ) ) ;
#3392 = PRESENTATION_LAYER_ASSIGNMENT (  '', '', ( #8450 ) ) ;
#3393 = AXIS2_PLACEMENT_3D ( 'NONE', #3516, #8806, #3578 ) ;
#3394 = DIRECTION ( 'NONE',  ( 0.000000000000000000, -0.000000000000000000, -1.000000000000000000 ) ) ;
#3395 = CARTESIAN_POINT ( 'NONE',  ( -0.3370871215252213560, -0.2800000000000000266, -0.1999999999999999001 ) ) ;
#3396 = AXIS2_PLACEMENT_3D ( 'NONE', #4064, #6747, #11204 ) ;
#3397 = SURFACE_SIDE_STYLE ('',( #6228 ) ) ;
#3398 = CARTESIAN_POINT ( 'NONE',  ( 0.7704276832696107524, 0.04091822946474093364, -0.6990000000000001767 ) ) ;
#3399 = DIRECTION ( 'NONE',  ( 0.000000000000000000, 0.000000000000000000, -1.000000000000000000 ) ) ;
#3400 = SURFACE_SIDE_STYLE ('',( #10738 ) ) ;
#3401 = ORIENTED_EDGE ( 'NONE', *, *, #11376, .F. ) ;
#3402 = ORIENTED_EDGE ( 'NONE', *, *, #957, .F. ) ;
#3403 = VERTEX_POINT ( 'NONE', #6530 ) ;
#3404 = PRESENTATION_LAYER_ASSIGNMENT (  '', '', ( #7728 ) ) ;
#3405 = PRESENTATION_LAYER_ASSIGNMENT (  '', '', ( #8462 ) ) ;
#3406 = PRESENTATION_LAYER_ASSIGNMENT (  '', '', ( #4363 ) ) ;
#3407 = CARTESIAN_POINT ( 'NONE',  ( 0.3370871215252210784, -0.1800000000000001321, -0.09999999999999988065 ) ) ;
#3408 = SURFACE_SIDE_STYLE ('',( #7179 ) ) ;
#3409 = ORIENTED_EDGE ( 'NONE', *, *, #3632, .F. ) ;
#3410 = CARTESIAN_POINT ( 'NONE',  ( 0.7645121951219511214, -0.02195121951219523165, -0.6989999999999999547 ) ) ;
#3411 = AXIS2_PLACEMENT_3D ( 'NONE', #7971, #11404, #548 ) ;
#3412 = CARTESIAN_POINT ( 'NONE',  ( 0.7261083925606253153, 0.03523311418886904134, -0.6999999999999999556 ) ) ;
#3413 = FILL_AREA_STYLE_COLOUR ( '', #4767 ) ;
#3414 = LINE ( 'NONE', #6944, #2669 ) ;
#3415 = DIRECTION ( 'NONE',  ( 0.000000000000000000, 0.000000000000000000, -1.000000000000000000 ) ) ;
#3416 = VERTEX_POINT ( 'NONE', #4781 ) ;
#3417 = ADVANCED_FACE ( 'NONE', ( #3886 ), #7528, .T. ) ;
#3418 = UNCERTAINTY_MEASURE_WITH_UNIT (LENGTH_MEASURE( 1.000000000000000082E-05 ), #3170, 'distance_accuracy_value', 'NONE');
#3419 = DIRECTION ( 'NONE',  ( -0.000000000000000000, -0.000000000000000000, -1.000000000000000000 ) ) ;
#3420 = SURFACE_STYLE_USAGE ( .BOTH. , #11514 ) ;
#3421 = FILL_AREA_STYLE_COLOUR ( '', #8520 ) ;
#3423 = ORIENTED_EDGE ( 'NONE', *, *, #1441, .F. ) ;
#3422 = SURFACE_STYLE_USAGE ( .BOTH. , #6198 ) ;
#3424 = CARTESIAN_POINT ( 'NONE',  ( 0.7592789774979515904, -0.04359542309886068473, -0.6989999999999997327 ) ) ;
#3425 = SURFACE_STYLE_FILL_AREA ( #6320 ) ;
#3426 = LINE ( 'NONE', #734, #2231 ) ;
#3427 =( NAMED_UNIT ( * ) SI_UNIT ( $, .STERADIAN. ) SOLID_ANGLE_UNIT ( ) );
#3428 = FACE_OUTER_BOUND ( 'NONE', #9799, .T. ) ;
#3429 = VECTOR ( 'NONE', #5899, 1000.000000000000000 ) ;
#3430 = EDGE_LOOP ( 'NONE', ( #11659, #1616, #1428, #7094 ) ) ;
#3431 =( LENGTH_UNIT ( ) NAMED_UNIT ( * ) SI_UNIT ( .MILLI., .METRE. ) );
#3432 = ADVANCED_FACE ( 'NONE', ( #1308 ), #6306, .T. ) ;
#3433 = DIRECTION ( 'NONE',  ( 0.000000000000000000, -1.000000000000000000, 0.000000000000000000 ) ) ;
#3434 = ORIENTED_EDGE ( 'NONE', *, *, #11386, .T. ) ;
#3435 = CYLINDRICAL_SURFACE ( 'NONE', #10017, 0.05499999999999997946 ) ;
#3436 =( NAMED_UNIT ( * ) PLANE_ANGLE_UNIT ( ) SI_UNIT ( $, .RADIAN. ) );
#3437 = LINE ( 'NONE', #10663, #10238 ) ;
#3438 = DIRECTION ( 'NONE',  ( 0.000000000000000000, 1.000000000000000000, -1.971276677246372308E-15 ) ) ;
#3439 = DIRECTION ( 'NONE',  ( 0.000000000000000000, -1.000000000000000000, 2.956915015869558659E-15 ) ) ;
#3440 = UNCERTAINTY_MEASURE_WITH_UNIT (LENGTH_MEASURE( 1.000000000000000082E-05 ), #8567, 'distance_accuracy_value', 'NONE');
#3441 = ORIENTED_EDGE ( 'NONE', *, *, #10221, .F. ) ;
#3442 = DIRECTION ( 'NONE',  ( 0.000000000000000000, 1.000000000000000000, 0.000000000000000000 ) ) ;
#3443 = ORIENTED_EDGE ( 'NONE', *, *, #11391, .F. ) ;
#3444 = CARTESIAN_POINT ( 'NONE',  ( 0.7443711890243900342, -0.05548780487804889222, -0.6989999999999999547 ) ) ;
#3445 = ADVANCED_FACE ( 'NONE', ( #3089 ), #1224, .T. ) ;
#3446 = FILL_AREA_STYLE_COLOUR ( '', #911 ) ;
#3447 = SURFACE_STYLE_USAGE ( .BOTH. , #10549 ) ;
#3448 = PRESENTATION_LAYER_ASSIGNMENT (  '', '', ( #7977 ) ) ;
#3449 = COLOUR_RGB ( '',0.9098039215686274384, 0.4431372549019607643, 0.03137254901960784270 ) ;
#3450 = DIRECTION ( 'NONE',  ( 0.000000000000000000, -1.000000000000000000, 2.397541290737904109E-15 ) ) ;
#3451 = EDGE_CURVE ( 'NONE', #6546, #832, #2781, .T. ) ;
#3452 = MECHANICAL_DESIGN_GEOMETRIC_PRESENTATION_REPRESENTATION (  '', ( #8711 ), #4610 ) ;
#3453 = FILL_AREA_STYLE ('',( #4354 ) ) ;
#3454 = CARTESIAN_POINT ( 'NONE',  ( 0.7419512195121950038, -0.003048780487804958819, -0.6999999999999999556 ) ) ;
#3455 = SURFACE_SIDE_STYLE ('',( #4357 ) ) ;
#3456 = CARTESIAN_POINT ( 'NONE',  ( 0.8019999999999994911, -0.1800000000000000211, -0.4999999999999998890 ) ) ;
#3457 = ORIENTED_EDGE ( 'NONE', *, *, #6890, .T. ) ;
#3458 = ORIENTED_EDGE ( 'NONE', *, *, #9003, .T. ) ;
#3459 = ORIENTED_EDGE ( 'NONE', *, *, #4403, .F. ) ;
#3460 = AXIS2_PLACEMENT_3D ( 'NONE', #7588, #9471, #465 ) ;
#3461 = CARTESIAN_POINT ( 'NONE',  ( 0.3829128784747791725, -0.1800000000000001876, -0.3999999999999999112 ) ) ;
#3462 =( GEOMETRIC_REPRESENTATION_CONTEXT ( 3 ) GLOBAL_UNCERTAINTY_ASSIGNED_CONTEXT ( ( #6111 ) ) GLOBAL_UNIT_ASSIGNED_CONTEXT ( ( #4480, #6996, #566 ) ) REPRESENTATION_CONTEXT ( 'NONE', 'WORKASPACE' ) );
#3463 = VECTOR ( 'NONE', #2078, 1000.000000000000000 ) ;
#3464 = FACE_OUTER_BOUND ( 'NONE', #9539, .T. ) ;
#3465 = LINE ( 'NONE', #11390, #688 ) ;
#3467 = ORIENTED_EDGE ( 'NONE', *, *, #1405, .F. ) ;
#3466 = CARTESIAN_POINT ( 'NONE',  ( 0.7389855423570554915, 0.06088684825404806072, -0.6999999999999999556 ) ) ;
#3468 =( GEOMETRIC_REPRESENTATION_CONTEXT ( 3 ) GLOBAL_UNCERTAINTY_ASSIGNED_CONTEXT ( ( #3418 ) ) GLOBAL_UNIT_ASSIGNED_CONTEXT ( ( #3170, #8636, #4141 ) ) REPRESENTATION_CONTEXT ( 'NONE', 'WORKASPACE' ) );
#3469 = SURFACE_STYLE_USAGE ( .BOTH. , #52 ) ;
#3470 = MECHANICAL_DESIGN_GEOMETRIC_PRESENTATION_REPRESENTATION (  '', ( #4049 ), #6661 ) ;
#3471 = LINE ( 'NONE', #2712, #6036 ) ;
#3472 = VECTOR ( 'NONE', #1592, 1000.000000000000000 ) ;
#3473 = CARTESIAN_POINT ( 'NONE',  ( 0.7638964485707876451, 0.03546144861576509821, -0.6999999999999998446 ) ) ;
#3474 = FACE_OUTER_BOUND ( 'NONE', #7340, .T. ) ;
#3475 = VERTEX_POINT ( 'NONE', #4815 ) ;
#3476 = CARTESIAN_POINT ( 'NONE',  ( -0.3599999999999999867, 0.3299999999999999600, -0.3999999999999999667 ) ) ;
#3477 = PRESENTATION_LAYER_ASSIGNMENT (  '', '', ( #8002 ) ) ;
#3478 = MECHANICAL_DESIGN_GEOMETRIC_PRESENTATION_REPRESENTATION (  '', ( #8187 ), #9329 ) ;
#3479 = CIRCLE ( 'NONE', #9700, 0.05499999999999997946 ) ;
#3480 = DIRECTION ( 'NONE',  ( 0.000000000000000000, 0.000000000000000000, -1.000000000000000000 ) ) ;
#3481 = SURFACE_STYLE_USAGE ( .BOTH. , #9146 ) ;
#3482 = EDGE_CURVE ( 'NONE', #1155, #3058, #1836, .T. ) ;
#3484 = ORIENTED_EDGE ( 'NONE', *, *, #3256, .F. ) ;
#3483 = CARTESIAN_POINT ( 'NONE',  ( 0.8019999999999994911, 0.1800000000000000766, -0.3999999999999999112 ) ) ;
#3485 = CARTESIAN_POINT ( 'NONE',  ( 0.7632365409369397113, -0.03732202826893632475, -0.7000000000000000666 ) ) ;
#3486 = CARTESIAN_POINT ( 'NONE',  ( 0.8019999999999994911, -0.2800000000000000266, -0.1999999999999998723 ) ) ;
#3487 = VECTOR ( 'NONE', #9951, 1000.000000000000000 ) ;
#3488 = CARTESIAN_POINT ( 'NONE',  ( 0.7455335365853656970, 0.06158536585365840393, -0.6989999999999999547 ) ) ;
#3489 = MECHANICAL_DESIGN_GEOMETRIC_PRESENTATION_REPRESENTATION (  '', ( #10869 ), #10471 ) ;
#3490 = FACE_OUTER_BOUND ( 'NONE', #6903, .T. ) ;
#3491 = STYLED_ITEM ( 'NONE', ( #581 ), #10022 ) ;
#3492 = ORIENTED_EDGE ( 'NONE', *, *, #3278, .T. ) ;
#3493 = PRESENTATION_STYLE_ASSIGNMENT (( #6267 ) ) ;
#3494 =( LENGTH_UNIT ( ) NAMED_UNIT ( * ) SI_UNIT ( .MILLI., .METRE. ) );
#3495 = DIRECTION ( 'NONE',  ( -1.000000000000000000, -0.000000000000000000, -0.000000000000000000 ) ) ;
#3496 = EDGE_CURVE ( 'NONE', #7121, #1171, #3985, .T. ) ;
#3497 = ORIENTED_EDGE ( 'NONE', *, *, #7476, .F. ) ;
#3498 = CARTESIAN_POINT ( 'NONE',  ( 0.7199999999999998623, -0.02935403963414644907, -0.6999999999999999556 ) ) ;
#3499 = FILL_AREA_STYLE_COLOUR ( '', #4986 ) ;
#3500 = FILL_AREA_STYLE ('',( #10537 ) ) ;
#3501 = SURFACE_SIDE_STYLE ('',( #4519 ) ) ;
#3502 = PRESENTATION_LAYER_ASSIGNMENT (  '', '', ( #3307 ) ) ;
#3503 =( LENGTH_UNIT ( ) NAMED_UNIT ( * ) SI_UNIT ( .MILLI., .METRE. ) );
#3504 = EDGE_CURVE ( 'NONE', #7831, #7121, #8131, .T. ) ;
#3505 = COLOUR_RGB ( '',0.7529411764705882248, 0.7529411764705882248, 0.7529411764705882248 ) ;
#3506 = ORIENTED_EDGE ( 'NONE', *, *, #2018, .F. ) ;
#3507 = ORIENTED_EDGE ( 'NONE', *, *, #7853, .F. ) ;
#3508 = CARTESIAN_POINT ( 'NONE',  ( 0.7264819296741593657, -0.08141460919036369592, -0.6989999999999998437 ) ) ;
#3509 = CARTESIAN_POINT ( 'NONE',  ( 0.1199999999999999956, 0.1799999999999998823, -0.5499999999999999334 ) ) ;
#3510 =( LENGTH_UNIT ( ) NAMED_UNIT ( * ) SI_UNIT ( .MILLI., .METRE. ) );
#3511 = STYLED_ITEM ( 'NONE', ( #765 ), #4590 ) ;
#3512 =( NAMED_UNIT ( * ) PLANE_ANGLE_UNIT ( ) SI_UNIT ( $, .RADIAN. ) );
#3513 = ADVANCED_FACE ( 'NONE', ( #3652 ), #1779, .T. ) ;
#3514 = FACE_OUTER_BOUND ( 'NONE', #5, .T. ) ;
#3515 = AXIS2_PLACEMENT_3D ( 'NONE', #5297, #1693, #2463 ) ;
#3516 = CARTESIAN_POINT ( 'NONE',  ( 0.8019999999999994911, -0.1800000000000000211, -0.09999999999999988065 ) ) ;
#3517 = CARTESIAN_POINT ( 'NONE',  ( 0.5000000000000004441, 0.1800000000000000766, -0.3999999999999999112 ) ) ;
#3518 = FILL_AREA_STYLE_COLOUR ( '', #3618 ) ;
#3519 = DIRECTION ( 'NONE',  ( 0.000000000000000000, 0.000000000000000000, -1.000000000000000000 ) ) ;
#3520 = CARTESIAN_POINT ( 'NONE',  ( 0.7199999999999999734, 0.09146341463414631168, -0.6999999999999999556 ) ) ;
#3521 = SURFACE_STYLE_FILL_AREA ( #11612 ) ;
#3522 = EDGE_CURVE ( 'NONE', #8918, #10474, #1459, .T. ) ;
#3523 = FILL_AREA_STYLE ('',( #11613 ) ) ;
#3524 = CARTESIAN_POINT ( 'NONE',  ( 0.2629128784747969405, -0.1800000000000000211, -0.4999999999999998890 ) ) ;
#3525 = COLOUR_RGB ( '',0.9098039215686274384, 0.4431372549019607643, 0.03137254901960784270 ) ;
#3526 = ORIENTED_EDGE ( 'NONE', *, *, #6269, .T. ) ;
#3527 = ORIENTED_EDGE ( 'NONE', *, *, #2018, .T. ) ;
#3528 = STYLED_ITEM ( 'NONE', ( #8674 ), #3417 ) ;
#3529 = DIRECTION ( 'NONE',  ( -0.000000000000000000, -1.000000000000000000, 5.646886315028668105E-17 ) ) ;
#3530 = EDGE_CURVE ( 'NONE', #4574, #5230, #8044, .T. ) ;
#3531 = FACE_OUTER_BOUND ( 'NONE', #9760, .T. ) ;
#3533 = EDGE_LOOP ( 'NONE', ( #1378, #5978, #7778, #2474 ) ) ;
#3532 = SURFACE_SIDE_STYLE ('',( #7004 ) ) ;
#3534 = COLOUR_RGB ( '',0.9098039215686274384, 0.4431372549019607643, 0.03137254901960784270 ) ;
#3535 =( NAMED_UNIT ( * ) SI_UNIT ( $, .STERADIAN. ) SOLID_ANGLE_UNIT ( ) );
#3536 = CARTESIAN_POINT ( 'NONE',  ( 0.8019999999999994911, 0.1800000000000000766, -0.1999999999999998723 ) ) ;
#3537 = FACE_OUTER_BOUND ( 'NONE', #8577, .T. ) ;
#3538 = PRESENTATION_STYLE_ASSIGNMENT (( #7185 ) ) ;
#3539 = CARTESIAN_POINT ( 'NONE',  ( -0.2629128784747790104, 0.1799999999999999101, -0.1999999999999998723 ) ) ;
#3540 = CARTESIAN_POINT ( 'NONE',  ( -0.7700000000000003508, 0.3700000000000001066, -0.6999999999999999556 ) ) ;
#3541 = EDGE_LOOP ( 'NONE', ( #9286, #5545, #5799, #6323 ) ) ;
#3542 = UNCERTAINTY_MEASURE_WITH_UNIT (LENGTH_MEASURE( 1.000000000000000082E-05 ), #1864, 'distance_accuracy_value', 'NONE');
#3543 = DIRECTION ( 'NONE',  ( 0.000000000000000000, -1.000000000000000000, 2.956915015869558659E-15 ) ) ;
#3544 = AXIS2_PLACEMENT_3D ( 'NONE', #3914, #11125, #8367 ) ;
#3545 = DIRECTION ( 'NONE',  ( 0.000000000000000000, 0.000000000000000000, 1.000000000000000000 ) ) ;
#3546 = CARTESIAN_POINT ( 'NONE',  ( 0.7536016119071953234, 0.06040308745227634946, -0.6989999999999998437 ) ) ;
#3548 = ORIENTED_EDGE ( 'NONE', *, *, #111, .F. ) ;
#3547 = SURFACE_SIDE_STYLE ('',( #8775 ) ) ;
#3549 = CARTESIAN_POINT ( 'NONE',  ( 0.7467776719568329780, -0.04872970716233938210, -0.6990000000000000657 ) ) ;
#3550 = PRESENTATION_LAYER_ASSIGNMENT (  '', '', ( #8599 ) ) ;
#3551 = PLANE ( 'NONE',  #5126 ) ;
#3552 = CARTESIAN_POINT ( 'NONE',  ( 0.7281472711831726841, -0.04054300060450933413, -0.6999999999999999556 ) ) ;
#3553 = ORIENTED_EDGE ( 'NONE', *, *, #5467, .T. ) ;
#3554 = DIRECTION ( 'NONE',  ( 0.000000000000000000, -0.000000000000000000, -1.000000000000000000 ) ) ;
#3555 = ORIENTED_EDGE ( 'NONE', *, *, #11028, .T. ) ;
#3556 = MECHANICAL_DESIGN_GEOMETRIC_PRESENTATION_REPRESENTATION (  '', ( #5634 ), #2977 ) ;
#3557 =( GEOMETRIC_REPRESENTATION_CONTEXT ( 3 ) GLOBAL_UNCERTAINTY_ASSIGNED_CONTEXT ( ( #237 ) ) GLOBAL_UNIT_ASSIGNED_CONTEXT ( ( #2756, #2047, #4472 ) ) REPRESENTATION_CONTEXT ( 'NONE', 'WORKASPACE' ) );
#3558 = DIRECTION ( 'NONE',  ( -1.000000000000000000, 3.614007241618349264E-16, 0.000000000000000000 ) ) ;
#3559 = DIRECTION ( 'NONE',  ( 0.000000000000000000, 1.000000000000000000, -5.646886315028668105E-17 ) ) ;
#3560 = DIRECTION ( 'NONE',  ( -1.000000000000000000, -0.000000000000000000, -0.000000000000000000 ) ) ;
#3561 = LINE ( 'NONE', #9094, #10441 ) ;
#3562 = ORIENTED_EDGE ( 'NONE', *, *, #9346, .F. ) ;
#3563 = CARTESIAN_POINT ( 'NONE',  ( 0.7321918957421209573, -0.05263027398615484354, -0.6990000000000000657 ) ) ;
#3564 = DIRECTION ( 'NONE',  ( 0.000000000000000000, 1.000000000000000000, -5.646886315028668105E-17 ) ) ;
#3565 = VECTOR ( 'NONE', #6236, 1000.000000000000000 ) ;
#3566 = FILL_AREA_STYLE_COLOUR ( '', #882 ) ;
#3567 = DIRECTION ( 'NONE',  ( -1.000000000000000000, -0.000000000000000000, -0.000000000000000000 ) ) ;
#3568 = UNCERTAINTY_MEASURE_WITH_UNIT (LENGTH_MEASURE( 1.000000000000000082E-05 ), #2790, 'distance_accuracy_value', 'NONE');
#3569 = VERTEX_POINT ( 'NONE', #2223 ) ;
#3570 = EDGE_CURVE ( 'NONE', #9138, #11369, #7751, .T. ) ;
#3571 = ORIENTED_EDGE ( 'NONE', *, *, #5182, .F. ) ;
#3572 = FILL_AREA_STYLE ('',( #10851 ) ) ;
#3573 =( NAMED_UNIT ( * ) PLANE_ANGLE_UNIT ( ) SI_UNIT ( $, .RADIAN. ) );
#3574 = MECHANICAL_DESIGN_GEOMETRIC_PRESENTATION_REPRESENTATION (  '', ( #961 ), #1892 ) ;
#3575 = VECTOR ( 'NONE', #2460, 1000.000000000000000 ) ;
#3576 = EDGE_CURVE ( 'NONE', #3160, #5475, #714, .T. ) ;
#3577 = DIRECTION ( 'NONE',  ( 0.000000000000000000, -1.000000000000000000, 0.000000000000000000 ) ) ;
#3578 = DIRECTION ( 'NONE',  ( -1.000000000000000000, 0.000000000000000000, -0.000000000000000000 ) ) ;
#3579 = AXIS2_PLACEMENT_3D ( 'NONE', #8950, #2710, #2482 ) ;
#3580 =( NAMED_UNIT ( * ) SI_UNIT ( $, .STERADIAN. ) SOLID_ANGLE_UNIT ( ) );
#3581 = CARTESIAN_POINT ( 'NONE',  ( 0.7380861385654303719, -0.04806892693087000401, -0.7000000000000001776 ) ) ;
#3582 = CIRCLE ( 'NONE', #10179, 0.05499999999999997946 ) ;
#3583 = EDGE_LOOP ( 'NONE', ( #7551, #6217, #10728, #1523 ) ) ;
#3584 = CARTESIAN_POINT ( 'NONE',  ( 0.7680150423433829143, 0.05654042563492368140, -0.6999999999999998446 ) ) ;
#3585 = VERTEX_POINT ( 'NONE', #4230 ) ;
#3586 = LINE ( 'NONE', #1118, #6567 ) ;
#3587 = AXIS2_PLACEMENT_3D ( 'NONE', #6870, #4123, #11317 ) ;
#3588 = CARTESIAN_POINT ( 'NONE',  ( 0.5300000000000003597, -0.3700000000000001066, -0.6999999999999999556 ) ) ;
#3589 = EDGE_CURVE ( 'NONE', #8732, #1155, #6737, .T. ) ;
#3590 =( NAMED_UNIT ( * ) PLANE_ANGLE_UNIT ( ) SI_UNIT ( $, .RADIAN. ) );
#3591 = EDGE_CURVE ( 'NONE', #1736, #318, #10417, .T. ) ;
#3593 = ORIENTED_EDGE ( 'NONE', *, *, #7703, .F. ) ;
#3592 = FILL_AREA_STYLE ('',( #903 ) ) ;
#3594 = CARTESIAN_POINT ( 'NONE',  ( 0.7699999999999997957, -0.05914634146341476995, -0.6989999999999999547 ) ) ;
#3595 =( LENGTH_UNIT ( ) NAMED_UNIT ( * ) SI_UNIT ( .MILLI., .METRE. ) );
#3596 = DIRECTION ( 'NONE',  ( 0.000000000000000000, 0.000000000000000000, 1.000000000000000000 ) ) ;
#3597 = AXIS2_PLACEMENT_3D ( 'NONE', #9238, #1024, #6462 ) ;
#3598 = COLOUR_RGB ( '',0.9098039215686274384, 0.4431372549019607643, 0.03137254901960784270 ) ;
#3599 = DIRECTION ( 'NONE',  ( 0.000000000000000000, 0.000000000000000000, -1.000000000000000000 ) ) ;
#3600 = VERTEX_POINT ( 'NONE', #5810 ) ;
#3601 = DIRECTION ( 'NONE',  ( 0.000000000000000000, 1.000000000000000000, -1.971276677246372308E-15 ) ) ;
#3602 = UNCERTAINTY_MEASURE_WITH_UNIT (LENGTH_MEASURE( 1.000000000000000082E-05 ), #609, 'distance_accuracy_value', 'NONE');
#3603 = CARTESIAN_POINT ( 'NONE',  ( 0.7193944111242190909, 0.04228260513954050503, -0.6999999999999998446 ) ) ;
#3604 = ADVANCED_FACE ( 'NONE', ( #3138 ), #2281, .F. ) ;
#3605 = CARTESIAN_POINT ( 'NONE',  ( 0.7610872224032768640, 0.05546881159329738326, -0.6990000000000000657 ) ) ;
#3606 =( GEOMETRIC_REPRESENTATION_CONTEXT ( 3 ) GLOBAL_UNCERTAINTY_ASSIGNED_CONTEXT ( ( #4677 ) ) GLOBAL_UNIT_ASSIGNED_CONTEXT ( ( #3850, #8845, #8650 ) ) REPRESENTATION_CONTEXT ( 'NONE', 'WORKASPACE' ) );
#3607 = SURFACE_STYLE_FILL_AREA ( #9929 ) ;
#3608 =( GEOMETRIC_REPRESENTATION_CONTEXT ( 3 ) GLOBAL_UNCERTAINTY_ASSIGNED_CONTEXT ( ( #9418 ) ) GLOBAL_UNIT_ASSIGNED_CONTEXT ( ( #4342, #4227, #11595 ) ) REPRESENTATION_CONTEXT ( 'NONE', 'WORKASPACE' ) );
#3609 = ORIENTED_EDGE ( 'NONE', *, *, #1802, .T. ) ;
#3610 = CARTESIAN_POINT ( 'NONE',  ( 0.7644959231613360773, -0.02980254604948500211, -0.7000000000000000666 ) ) ;
#3611 = SURFACE_STYLE_USAGE ( .BOTH. , #8 ) ;
#3612 =( LENGTH_UNIT ( ) NAMED_UNIT ( * ) SI_UNIT ( .MILLI., .METRE. ) );
#3613 = EDGE_CURVE ( 'NONE', #6357, #3334, #8611, .T. ) ;
#3614 = SURFACE_STYLE_USAGE ( .BOTH. , #3365 ) ;
#3615 = EDGE_LOOP ( 'NONE', ( #6373, #2614, #1184, #10628, #1899, #6711, #10620 ) ) ;
#3616 = ORIENTED_EDGE ( 'NONE', *, *, #9188, .T. ) ;
#3617 = CIRCLE ( 'NONE', #6060, 0.05500000000000000722 ) ;
#3618 = COLOUR_RGB ( '',0.9098039215686274384, 0.4431372549019607643, 0.03137254901960784270 ) ;
#3619 = CARTESIAN_POINT ( 'NONE',  ( 0.7199999999999998623, -0.004268292682926912857, -0.6989999999999999547 ) ) ;
#3620 =( NAMED_UNIT ( * ) SI_UNIT ( $, .STERADIAN. ) SOLID_ANGLE_UNIT ( ) );
#3621 = CARTESIAN_POINT ( 'NONE',  ( 0.8019999999999994911, 0.1800000000000000766, -0.1999999999999998723 ) ) ;
#3622 = CARTESIAN_POINT ( 'NONE',  ( 0.7681891798986252295, 0.03251187419298101622, -0.6990000000000000657 ) ) ;
#3623 = ORIENTED_EDGE ( 'NONE', *, *, #9888, .T. ) ;
#3624 = AXIS2_PLACEMENT_3D ( 'NONE', #11395, #4081, #366 ) ;
#3625 = FACE_OUTER_BOUND ( 'NONE', #11340, .T. ) ;
#3626 = ORIENTED_EDGE ( 'NONE', *, *, #11181, .F. ) ;
#3627 = ORIENTED_EDGE ( 'NONE', *, *, #951, .F. ) ;
#3628 = CARTESIAN_POINT ( 'NONE',  ( -0.3370871215252209119, 0.1800000000000000766, -0.09999999999999988065 ) ) ;
#3629 = STYLED_ITEM ( 'NONE', ( #8277 ), #1735 ) ;
#3630 = PRESENTATION_STYLE_ASSIGNMENT (( #11661 ) ) ;
#3631 = PRESENTATION_STYLE_ASSIGNMENT (( #7333 ) ) ;
#3632 = EDGE_CURVE ( 'NONE', #2164, #4971, #9574, .T. ) ;
#3633 =( LENGTH_UNIT ( ) NAMED_UNIT ( * ) SI_UNIT ( .MILLI., .METRE. ) );
#3634 = DIRECTION ( 'NONE',  ( 0.000000000000000000, 0.000000000000000000, 1.000000000000000000 ) ) ;
#3635 = LINE ( 'NONE', #10615, #1219 ) ;
#3636 = CARTESIAN_POINT ( 'NONE',  ( 0.7329249606971804942, -0.04580818649670304055, -0.6999999999999998446 ) ) ;
#3637 = CIRCLE ( 'NONE', #10624, 0.05499999999999997946 ) ;
#3638 = STYLED_ITEM ( 'NONE', ( #9785 ), #4558 ) ;
#3639 = AXIS2_PLACEMENT_3D ( 'NONE', #1749, #11597, #878 ) ;
#3640 = B_SPLINE_CURVE_WITH_KNOTS ( 'NONE', 3,
 ( #4068, #3269, #7586, #5121, #6694, #9531, #10370, #11208, #3103, #8509, #7650, #11263, #2295, #5882, #8569, #10613, #8936, #2535, #10677 ),
 .UNSPECIFIED., .F., .F.,
 ( 4, 1, 1, 1, 1, 1, 1, 1, 1, 1, 1, 1, 1, 1, 1, 1, 4 ),
 ( 0.000000000000000000, 0.07429619169027668057, 0.1443788321467846247, 0.2104779521626766736, 0.2735146103050159483, 0.3337905786993319301, 0.3923332665120537466, 0.4498851578508357707, 0.5076124060056993459, 0.5652508075195160631, 0.6231872918394525396, 0.6813298109894393439, 0.7409400148196144675, 0.8018760316168763724, 0.8652550298431294085, 0.9309487249441326107, 1.000000000000000000 ),
 .UNSPECIFIED. ) ;
#3641 = ORIENTED_EDGE ( 'NONE', *, *, #2707, .F. ) ;
#3642 = DIRECTION ( 'NONE',  ( 0.000000000000000000, 0.000000000000000000, 1.000000000000000000 ) ) ;
#3643 = EDGE_LOOP ( 'NONE', ( #3892, #6439, #1959, #9362 ) ) ;
#3644 =( NAMED_UNIT ( * ) PLANE_ANGLE_UNIT ( ) SI_UNIT ( $, .RADIAN. ) );
#3645 = COLOUR_RGB ( '',0.9098039215686274384, 0.4431372549019607643, 0.03137254901960784270 ) ;
#3646 =( NAMED_UNIT ( * ) PLANE_ANGLE_UNIT ( ) SI_UNIT ( $, .RADIAN. ) );
#3647 = VECTOR ( 'NONE', #10000, 1000.000000000000000 ) ;
#3648 = ORIENTED_EDGE ( 'NONE', *, *, #1502, .T. ) ;
#3649 = DIRECTION ( 'NONE',  ( -1.000000000000000000, -0.000000000000000000, -0.000000000000000000 ) ) ;
#3650 = SURFACE_STYLE_FILL_AREA ( #1895 ) ;
#3651 = CARTESIAN_POINT ( 'NONE',  ( 0.2399999999999999911, 0.1799999999999998823, -0.5499999999999999334 ) ) ;
#3652 = FACE_OUTER_BOUND ( 'NONE', #1401, .T. ) ;
#3653 =( GEOMETRIC_REPRESENTATION_CONTEXT ( 3 ) GLOBAL_UNCERTAINTY_ASSIGNED_CONTEXT ( ( #11110 ) ) GLOBAL_UNIT_ASSIGNED_CONTEXT ( ( #5087, #6897, #1077 ) ) REPRESENTATION_CONTEXT ( 'NONE', 'WORKASPACE' ) );
#3654 = CARTESIAN_POINT ( 'NONE',  ( 0.7638964485707876451, 0.03546144861576509821, -0.6989999999999998437 ) ) ;
#3655 = CARTESIAN_POINT ( 'NONE',  ( 0.7264846535651372506, -0.04788251265865824113, -0.6989999999999998437 ) ) ;
#3656 = VERTEX_POINT ( 'NONE', #9458 ) ;
#3657 =( GEOMETRIC_REPRESENTATION_CONTEXT ( 3 ) GLOBAL_UNCERTAINTY_ASSIGNED_CONTEXT ( ( #3826 ) ) GLOBAL_UNIT_ASSIGNED_CONTEXT ( ( #6099, #3436, #9699 ) ) REPRESENTATION_CONTEXT ( 'NONE', 'WORKASPACE' ) );
#3658 = UNCERTAINTY_MEASURE_WITH_UNIT (LENGTH_MEASURE( 1.000000000000000082E-05 ), #2822, 'distance_accuracy_value', 'NONE');
#3659 = EDGE_CURVE ( 'NONE', #528, #7172, #8729, .T. ) ;
#3660 = PRESENTATION_LAYER_ASSIGNMENT (  '', '', ( #8711 ) ) ;
#3661 = FACE_OUTER_BOUND ( 'NONE', #6454, .T. ) ;
#3662 = CARTESIAN_POINT ( 'NONE',  ( 0.7204901000093111296, 0.03359067750317596551, -0.6989999999999999547 ) ) ;
#3663 = STYLED_ITEM ( 'NONE', ( #596 ), #4170 ) ;
#3664 = DIRECTION ( 'NONE',  ( -1.000000000000000000, -0.000000000000000000, -0.000000000000000000 ) ) ;
#3665 = EDGE_CURVE ( 'NONE', #8670, #4267, #1395, .T. ) ;
#3667 = VERTEX_POINT ( 'NONE', #8557 ) ;
#3666 = DIRECTION ( 'NONE',  ( -1.000000000000000000, -0.000000000000000000, -0.000000000000000000 ) ) ;
#3668 =( GEOMETRIC_REPRESENTATION_CONTEXT ( 3 ) GLOBAL_UNCERTAINTY_ASSIGNED_CONTEXT ( ( #4862 ) ) GLOBAL_UNIT_ASSIGNED_CONTEXT ( ( #11102, #1312, #6477 ) ) REPRESENTATION_CONTEXT ( 'NONE', 'WORKASPACE' ) );
#3669 = CARTESIAN_POINT ( 'NONE',  ( 0.7467776719568329780, -0.04872970716233938210, -0.7000000000000000666 ) ) ;
#3670 = CYLINDRICAL_SURFACE ( 'NONE', #2501, 0.05500000000000000028 ) ;
#3671 = FILL_AREA_STYLE ('',( #4673 ) ) ;
#3672 = EDGE_LOOP ( 'NONE', ( #4255, #6607, #6861, #5452 ) ) ;
#3673 = FILL_AREA_STYLE ('',( #10051 ) ) ;
#3674 = EDGE_CURVE ( 'NONE', #4359, #6016, #2453, .T. ) ;
#3675 =( GEOMETRIC_REPRESENTATION_CONTEXT ( 3 ) GLOBAL_UNCERTAINTY_ASSIGNED_CONTEXT ( ( #4377 ) ) GLOBAL_UNIT_ASSIGNED_CONTEXT ( ( #7249, #2014, #2882 ) ) REPRESENTATION_CONTEXT ( 'NONE', 'WORKASPACE' ) );
#3676 = CARTESIAN_POINT ( 'NONE',  ( 0.7252016757353521026, 0.04675398755289486563, -0.6989999999999999547 ) ) ;
#3677 =( BOUNDED_CURVE ( )  B_SPLINE_CURVE ( 3, ( #2658, #9922, #5257, #5501 ),
 .UNSPECIFIED., .F., .T. ) 
 B_SPLINE_CURVE_WITH_KNOTS ( ( 4, 4 ),
 ( 0.000000000000000000, 1.570796326794896558 ),
 .UNSPECIFIED. ) 
 CURVE ( )  GEOMETRIC_REPRESENTATION_ITEM ( )  RATIONAL_B_SPLINE_CURVE ( ( 1.000000000000000000, 0.8047378541243649375, 0.8047378541243649375, 1.000000000000000000 ) ) 
 REPRESENTATION_ITEM ( '' )  );
#3678 = CARTESIAN_POINT ( 'NONE',  ( 0.2399999999999999911, 0.1799999999999999101, -0.1999999999999998723 ) ) ;
#3679 = LINE ( 'NONE', #5520, #4682 ) ;
#3680 = EDGE_CURVE ( 'NONE', #1036, #9117, #6862, .T. ) ;
#3681 = FILL_AREA_STYLE ('',( #8852 ) ) ;
#3682 =( NAMED_UNIT ( * ) PLANE_ANGLE_UNIT ( ) SI_UNIT ( $, .RADIAN. ) );
#3683 = EDGE_LOOP ( 'NONE', ( #572, #3024, #9672, #6689 ) ) ;
#3684 = AXIS2_PLACEMENT_3D ( 'NONE', #5745, #9333, #6613 ) ;
#3685 = CIRCLE ( 'NONE', #2744, 0.05499999999999997946 ) ;
#3686 = DIRECTION ( 'NONE',  ( -1.000000000000000000, -0.000000000000000000, -0.000000000000000000 ) ) ;
#3687 = LINE ( 'NONE', #7097, #6654 ) ;
#3688 = AXIS2_PLACEMENT_3D ( 'NONE', #3517, #7940, #2468 ) ;
#3689 = PRESENTATION_STYLE_ASSIGNMENT (( #7437 ) ) ;
#3690 = UNCERTAINTY_MEASURE_WITH_UNIT (LENGTH_MEASURE( 1.000000000000000082E-05 ), #5435, 'distance_accuracy_value', 'NONE');
#3691 = ORIENTED_EDGE ( 'NONE', *, *, #577, .T. ) ;
#3692 = CARTESIAN_POINT ( 'NONE',  ( 0.7695998273911768273, -0.03441520244609141965, -0.6989999999999997327 ) ) ;
#3693 = CARTESIAN_POINT ( 'NONE',  ( 0.7430667284974442621, 0.06822798065218037278, -0.6990000000000000657 ) ) ;
#3694 = DIRECTION ( 'NONE',  ( 0.000000000000000000, 0.000000000000000000, -1.000000000000000000 ) ) ;
#3695 = LINE ( 'NONE', #9053, #2419 ) ;
#3696 =( NAMED_UNIT ( * ) PLANE_ANGLE_UNIT ( ) SI_UNIT ( $, .RADIAN. ) );
#3697 = SURFACE_STYLE_USAGE ( .BOTH. , #4587 ) ;
#3698 = MECHANICAL_DESIGN_GEOMETRIC_PRESENTATION_REPRESENTATION (  '', ( #6505 ), #5959 ) ;
#3699 = PLANE ( 'NONE',  #90 ) ;
#3700 = PRESENTATION_STYLE_ASSIGNMENT (( #7387 ) ) ;
#3701 = ORIENTED_EDGE ( 'NONE', *, *, #2852, .T. ) ;
#3702 = PRESENTATION_STYLE_ASSIGNMENT (( #2702 ) ) ;
#3703 = ORIENTED_EDGE ( 'NONE', *, *, #2529, .F. ) ;
#3704 = LINE ( 'NONE', #11027, #8429 ) ;
#3705 = DIRECTION ( 'NONE',  ( 0.000000000000000000, 1.000000000000000000, 0.000000000000000000 ) ) ;
#3706 = PLANE ( 'NONE',  #901 ) ;
#3707 = EDGE_LOOP ( 'NONE', ( #5279, #412, #11498, #11451 ) ) ;
#3708 = DIRECTION ( 'NONE',  ( 0.000000000000000000, -2.216840928656986572E-15, -1.000000000000000000 ) ) ;
#3709 = FACE_OUTER_BOUND ( 'NONE', #11025, .T. ) ;
#3710 = LINE ( 'NONE', #7973, #645 ) ;
#3711 = PRESENTATION_STYLE_ASSIGNMENT (( #8334 ) ) ;
#3712 = VECTOR ( 'NONE', #11419, 1000.000000000000000 ) ;
#3713 = ORIENTED_EDGE ( 'NONE', *, *, #1785, .T. ) ;
#3714 = FACE_OUTER_BOUND ( 'NONE', #11474, .T. ) ;
#3715 = EDGE_CURVE ( 'NONE', #5816, #5077, #5010, .T. ) ;
#3716 =( GEOMETRIC_REPRESENTATION_CONTEXT ( 3 ) GLOBAL_UNCERTAINTY_ASSIGNED_CONTEXT ( ( #8956 ) ) GLOBAL_UNIT_ASSIGNED_CONTEXT ( ( #2377, #1540, #5033 ) ) REPRESENTATION_CONTEXT ( 'NONE', 'WORKASPACE' ) );
#3717 = CYLINDRICAL_SURFACE ( 'NONE', #11665, 0.09999999999999997780 ) ;
#3718 = SURFACE_STYLE_FILL_AREA ( #2667 ) ;
#3719 = MECHANICAL_DESIGN_GEOMETRIC_PRESENTATION_REPRESENTATION (  '', ( #3528 ), #9747 ) ;
#3720 = ORIENTED_EDGE ( 'NONE', *, *, #2035, .F. ) ;
#3721 = ADVANCED_FACE ( 'NONE', ( #1814 ), #7216, .T. ) ;
#3722 = CARTESIAN_POINT ( 'NONE',  ( 0.7293760032380109948, -0.08045954843172781201, -0.6989999999999999547 ) ) ;
#3723 =( NAMED_UNIT ( * ) PLANE_ANGLE_UNIT ( ) SI_UNIT ( $, .RADIAN. ) );
#3724 = PRESENTATION_STYLE_ASSIGNMENT (( #8196 ) ) ;
#3725 = VERTEX_POINT ( 'NONE', #4577 ) ;
#3726 = STYLED_ITEM ( 'NONE', ( #8012 ), #5228 ) ;
#3727 = STYLED_ITEM ( 'NONE', ( #1996 ), #2162 ) ;
#3728 =( NAMED_UNIT ( * ) PLANE_ANGLE_UNIT ( ) SI_UNIT ( $, .RADIAN. ) );
#3729 = UNCERTAINTY_MEASURE_WITH_UNIT (LENGTH_MEASURE( 1.000000000000000082E-05 ), #7763, 'distance_accuracy_value', 'NONE');
#3730 = CARTESIAN_POINT ( 'NONE',  ( 0.7674085365853656748, 0.03109756097560961718, -0.6989999999999999547 ) ) ;
#3731 = CARTESIAN_POINT ( 'NONE',  ( 0.02291287847477896378, -0.1800000000000000211, -0.09999999999999988065 ) ) ;
#3732 = SURFACE_STYLE_FILL_AREA ( #374 ) ;
#3733 = DIRECTION ( 'NONE',  ( 0.000000000000000000, -2.216840928656986572E-15, -1.000000000000000000 ) ) ;
#3734 = COLOUR_RGB ( '',0.7529411764705882248, 0.7529411764705882248, 0.7529411764705882248 ) ;
#3735 = ORIENTED_EDGE ( 'NONE', *, *, #11234, .F. ) ;
#3736 = EDGE_CURVE ( 'NONE', #5937, #4075, #22, .T. ) ;
#3737 = MECHANICAL_DESIGN_GEOMETRIC_PRESENTATION_REPRESENTATION (  '', ( #1109 ), #4314 ) ;
#3738 = CARTESIAN_POINT ( 'NONE',  ( 0.8019999999999994911, 0.1800000000000000766, -0.1999999999999998723 ) ) ;
#3739 = DIRECTION ( 'NONE',  ( 0.3635424856527062487, 0.9315776194850603487, -0.000000000000000000 ) ) ;
#3740 = SURFACE_STYLE_USAGE ( .BOTH. , #9211 ) ;
#3741 = DIRECTION ( 'NONE',  ( -0.000000000000000000, -0.000000000000000000, -1.000000000000000000 ) ) ;
#3742 = VERTEX_POINT ( 'NONE', #5289 ) ;
#3743 = FACE_OUTER_BOUND ( 'NONE', #1626, .T. ) ;
#3744 = CARTESIAN_POINT ( 'NONE',  ( 0.7459432164634144380, 0.06829268292682913466, -0.6999999999999999556 ) ) ;
#3745 = CARTESIAN_POINT ( 'NONE',  ( 0.8019999999999994911, -0.2800000000000000266, -0.3999999999999999112 ) ) ;
#3746 = SURFACE_STYLE_FILL_AREA ( #8318 ) ;
#3747 = SURFACE_SIDE_STYLE ('',( #3863 ) ) ;
#3748 = CARTESIAN_POINT ( 'NONE',  ( 0.7255310389470817078, -0.03142673164704604810, -0.7000000000000000666 ) ) ;
#3749 = EDGE_CURVE ( 'NONE', #1319, #11467, #10094, .T. ) ;
#3750 = ORIENTED_EDGE ( 'NONE', *, *, #3632, .T. ) ;
#3751 = CARTESIAN_POINT ( 'NONE',  ( 0.7621108927475157557, 0.06343357961259252220, -0.7000000000000001776 ) ) ;
#3752 = EDGE_LOOP ( 'NONE', ( #6257, #9027, #1623, #1324, #4744 ) ) ;
#3753 = VECTOR ( 'NONE', #8739, 1000.000000000000114 ) ;
#3754 = SURFACE_STYLE_FILL_AREA ( #289 ) ;
#3755 = DIRECTION ( 'NONE',  ( 0.000000000000000000, 0.000000000000000000, -1.000000000000000000 ) ) ;
#3756 = AXIS2_PLACEMENT_3D ( 'NONE', #8824, #6241, #6941 ) ;
#3757 = DIRECTION ( 'NONE',  ( 0.000000000000000000, 1.000000000000000000, -5.646886315028668105E-17 ) ) ;
#3758 = FILL_AREA_STYLE ('',( #7514 ) ) ;
#3759 = MECHANICAL_DESIGN_GEOMETRIC_PRESENTATION_REPRESENTATION (  '', ( #573 ), #1138 ) ;
#3760 = CARTESIAN_POINT ( 'NONE',  ( 0.7536016119071953234, 0.06040308745227634946, -0.6989999999999998437 ) ) ;
#3761 = PLANE ( 'NONE',  #8893 ) ;
#3762 = SURFACE_SIDE_STYLE ('',( #178 ) ) ;
#3763 = VERTEX_POINT ( 'NONE', #7038 ) ;
#3764 = UNCERTAINTY_MEASURE_WITH_UNIT (LENGTH_MEASURE( 1.000000000000000082E-05 ), #9351, 'distance_accuracy_value', 'NONE');
#3765 = PRESENTATION_LAYER_ASSIGNMENT (  '', '', ( #8841 ) ) ;
#3766 = FILL_AREA_STYLE ('',( #9927 ) ) ;
#3767 = AXIS2_PLACEMENT_3D ( 'NONE', #8246, #10222, #2201 ) ;
#3768 = CARTESIAN_POINT ( 'NONE',  ( 0.7212103917379684148, 0.03149556715114231603, -0.6999999999999999556 ) ) ;
#3769 = CYLINDRICAL_SURFACE ( 'NONE', #10501, 0.05500000000000000028 ) ;
#3770 = DIRECTION ( 'NONE',  ( 0.000000000000000000, 1.000000000000000000, -1.971276677246372308E-15 ) ) ;
#3771 =( LENGTH_UNIT ( ) NAMED_UNIT ( * ) SI_UNIT ( .MILLI., .METRE. ) );
#3772 = VECTOR ( 'NONE', #8634, 999.9999999999998863 ) ;
#3773 = CIRCLE ( 'NONE', #6773, 0.05500000000000000722 ) ;
#3774 = CYLINDRICAL_SURFACE ( 'NONE', #7558, 0.05499999999999997946 ) ;
#3775 = ADVANCED_FACE ( 'NONE', ( #6102 ), #5351, .T. ) ;
#3776 = AXIS2_PLACEMENT_3D ( 'NONE', #10363, #9290, #9464 ) ;
#3777 = CARTESIAN_POINT ( 'NONE',  ( 0.7510021929839223453, -0.04808276008781538907, -0.7000000000000001776 ) ) ;
#3778 = EDGE_LOOP ( 'NONE', ( #9034, #7127, #3467, #1797 ) ) ;
#3779 = CARTESIAN_POINT ( 'NONE',  ( 0.7256213226969656649, 0.04860535721198352282, -0.7000000000000000666 ) ) ;
#3780 = MECHANICAL_DESIGN_GEOMETRIC_PRESENTATION_REPRESENTATION (  '', ( #6780 ), #6973 ) ;
#3781 =( GEOMETRIC_REPRESENTATION_CONTEXT ( 3 ) GLOBAL_UNCERTAINTY_ASSIGNED_CONTEXT ( ( #9704 ) ) GLOBAL_UNIT_ASSIGNED_CONTEXT ( ( #144, #10113, #1810 ) ) REPRESENTATION_CONTEXT ( 'NONE', 'WORKASPACE' ) );
#3782 = VECTOR ( 'NONE', #11509, 1000.000000000000000 ) ;
#3783 = CARTESIAN_POINT ( 'NONE',  ( -0.8000000000000003775, -0.3999999999999999112, 0.000000000000000000 ) ) ;
#3784 = CARTESIAN_POINT ( 'NONE',  ( 0.7645121951219511214, -0.02195121951219523165, -0.6999999999999999556 ) ) ;
#3785 = CARTESIAN_POINT ( 'NONE',  ( 0.7443711890243900342, -0.05548780487804889222, -0.6989999999999999547 ) ) ;
#3786 = LINE ( 'NONE', #8036, #268 ) ;
#3787 = ORIENTED_EDGE ( 'NONE', *, *, #9606, .F. ) ;
#3788 = CARTESIAN_POINT ( 'NONE',  ( 0.7265866782741136065, -0.04805897454292493154, -0.6999999999999997335 ) ) ;
#3789 = EDGE_CURVE ( 'NONE', #5394, #6108, #11539, .T. ) ;
#3790 = CARTESIAN_POINT ( 'NONE',  ( 0.5000000000000003331, 0.4000000000000000222, 0.000000000000000000 ) ) ;
#3791 = CIRCLE ( 'NONE', #4370, 0.05499999999999997946 ) ;
#3792 =( NAMED_UNIT ( * ) PLANE_ANGLE_UNIT ( ) SI_UNIT ( $, .RADIAN. ) );
#3793 = UNCERTAINTY_MEASURE_WITH_UNIT (LENGTH_MEASURE( 1.000000000000000082E-05 ), #7865, 'distance_accuracy_value', 'NONE');
#3794 = ADVANCED_FACE ( 'NONE', ( #3625 ), #1267, .T. ) ;
#3795 = ORIENTED_EDGE ( 'NONE', *, *, #10030, .F. ) ;
#3796 = DIRECTION ( 'NONE',  ( -1.000000000000000000, -1.807003620809173892E-16, 0.000000000000000000 ) ) ;
#3797 =( NAMED_UNIT ( * ) SI_UNIT ( $, .STERADIAN. ) SOLID_ANGLE_UNIT ( ) );
#3798 = DIRECTION ( 'NONE',  ( 0.000000000000000000, -0.000000000000000000, 1.000000000000000000 ) ) ;
#3799 = PRESENTATION_LAYER_ASSIGNMENT (  '', '', ( #5329 ) ) ;
#3800 = FILL_AREA_STYLE_COLOUR ( '', #1292 ) ;
#3801 = LINE ( 'NONE', #5641, #8270 ) ;
#3802 = PLANE ( 'NONE',  #7472 ) ;
#3803 = CARTESIAN_POINT ( 'NONE',  ( -0.5000000000000004441, 0.1800000000000000766, -0.1999999999999998723 ) ) ;
#3804 =( NAMED_UNIT ( * ) PLANE_ANGLE_UNIT ( ) SI_UNIT ( $, .RADIAN. ) );
#3805 = VERTEX_POINT ( 'NONE', #8309 ) ;
#3806 = PRESENTATION_LAYER_ASSIGNMENT (  '', '', ( #11363 ) ) ;
#3807 = DIRECTION ( 'NONE',  ( 0.000000000000000000, -2.216840928656986572E-15, -1.000000000000000000 ) ) ;
#3808 = ADVANCED_FACE ( 'NONE', ( #10232 ), #7275, .T. ) ;
#3809 = ORIENTED_EDGE ( 'NONE', *, *, #10818, .F. ) ;
#3810 = DIRECTION ( 'NONE',  ( 0.000000000000000000, 0.000000000000000000, 1.000000000000000000 ) ) ;
#3811 = SURFACE_STYLE_FILL_AREA ( #9178 ) ;
#3812 = ADVANCED_FACE ( 'NONE', ( #10117 ), #10060, .T. ) ;
#3813 = CARTESIAN_POINT ( 'NONE',  ( -0.3599999999999999867, 0.3299999999999999600, -0.1999999999999999001 ) ) ;
#3814 = FILL_AREA_STYLE_COLOUR ( '', #5840 ) ;
#3815 = SURFACE_STYLE_FILL_AREA ( #3758 ) ;
#3816 =( LENGTH_UNIT ( ) NAMED_UNIT ( * ) SI_UNIT ( .MILLI., .METRE. ) );
#3817 = CARTESIAN_POINT ( 'NONE',  ( 0.7553396622110218894, 0.05971118219282949002, -0.6989999999999999547 ) ) ;
#3818 =( LENGTH_UNIT ( ) NAMED_UNIT ( * ) SI_UNIT ( .MILLI., .METRE. ) );
#3819 = FACE_OUTER_BOUND ( 'NONE', #4640, .T. ) ;
#3820 = ORIENTED_EDGE ( 'NONE', *, *, #10530, .T. ) ;
#3821 = ORIENTED_EDGE ( 'NONE', *, *, #10831, .T. ) ;
#3822 = SURFACE_SIDE_STYLE ('',( #2884 ) ) ;
#3823 = MECHANICAL_DESIGN_GEOMETRIC_PRESENTATION_REPRESENTATION (  '', ( #6082 ), #7210 ) ;
#3824 = AXIS2_PLACEMENT_3D ( 'NONE', #1216, #389, #3978 ) ;
#3825 = CARTESIAN_POINT ( 'NONE',  ( 0.000000000000000000, 0.1799999999999999101, -0.1999999999999998723 ) ) ;
#3826 = UNCERTAINTY_MEASURE_WITH_UNIT (LENGTH_MEASURE( 1.000000000000000082E-05 ), #6099, 'distance_accuracy_value', 'NONE');
#3827 = CARTESIAN_POINT ( 'NONE',  ( 0.7193944111242190909, 0.04228260513954050503, -0.6999999999999998446 ) ) ;
#3828 = FILL_AREA_STYLE_COLOUR ( '', #1840 ) ;
#3829 = LINE ( 'NONE', #8286, #1793 ) ;
#3830 = DIRECTION ( 'NONE',  ( 0.000000000000000000, 2.397541290737903714E-15, 1.000000000000000000 ) ) ;
#3831 = FACE_OUTER_BOUND ( 'NONE', #6653, .T. ) ;
#3832 = VECTOR ( 'NONE', #9506, 1000.000000000000000 ) ;
#3833 = ORIENTED_EDGE ( 'NONE', *, *, #2270, .T. ) ;
#3834 = STYLED_ITEM ( 'NONE', ( #2724 ), #9423 ) ;
#3835 = DIRECTION ( 'NONE',  ( -1.000000000000000000, 0.000000000000000000, 0.000000000000000000 ) ) ;
#3836 = ORIENTED_EDGE ( 'NONE', *, *, #1742, .F. ) ;
#3837 = VECTOR ( 'NONE', #6723, 1000.000000000000227 ) ;
#3838 = STYLED_ITEM ( 'NONE', ( #761 ), #11117 ) ;
#3839 = CARTESIAN_POINT ( 'NONE',  ( 0.8019999999999994911, 0.1800000000000000766, -0.09999999999999988065 ) ) ;
#3840 = CIRCLE ( 'NONE', #1046, 0.05500000000000003497 ) ;
#3841 = EDGE_CURVE ( 'NONE', #5707, #9435, #10868, .T. ) ;
#3842 = COLOUR_RGB ( '',0.7529411764705882248, 0.7529411764705882248, 0.7529411764705882248 ) ;
#3843 = FILL_AREA_STYLE ('',( #255 ) ) ;
#3844 = DIRECTION ( 'NONE',  ( 0.000000000000000000, 2.578241652818821251E-15, 1.000000000000000000 ) ) ;
#3845 = EDGE_LOOP ( 'NONE', ( #2456, #259, #9537, #9258 ) ) ;
#3846 = PRESENTATION_STYLE_ASSIGNMENT (( #261 ) ) ;
#3847 = VECTOR ( 'NONE', #1495, 1000.000000000000000 ) ;
#3848 = CARTESIAN_POINT ( 'NONE',  ( 0.7199999999999998623, -0.08475609756097575442, -0.6989999999999999547 ) ) ;
#3849 = STYLED_ITEM ( 'NONE', ( #7640 ), #11300 ) ;
#3850 =( LENGTH_UNIT ( ) NAMED_UNIT ( * ) SI_UNIT ( .MILLI., .METRE. ) );
#3851 = DIRECTION ( 'NONE',  ( -1.000000000000000000, -0.000000000000000000, -0.000000000000000000 ) ) ;
#3852 = ORIENTED_EDGE ( 'NONE', *, *, #9495, .T. ) ;
#3853 =( NAMED_UNIT ( * ) PLANE_ANGLE_UNIT ( ) SI_UNIT ( $, .RADIAN. ) );
#3854 = EDGE_CURVE ( 'NONE', #6048, #3258, #1385, .T. ) ;
#3855 = DIRECTION ( 'NONE',  ( 1.000000000000000000, 0.000000000000000000, 0.000000000000000000 ) ) ;
#3856 = COLOUR_RGB ( '',0.000000000000000000, 0.000000000000000000, 0.000000000000000000 ) ;
#3857 = LINE ( 'NONE', #4812, #4030 ) ;
#3858 = CIRCLE ( 'NONE', #1066, 0.05500000000000003497 ) ;
#3859 =( LENGTH_UNIT ( ) NAMED_UNIT ( * ) SI_UNIT ( .MILLI., .METRE. ) );
#3860 = CARTESIAN_POINT ( 'NONE',  ( 0.3599999999999999867, 0.1799999999999999378, -0.04999999999999975298 ) ) ;
#3861 = ADVANCED_FACE ( 'NONE', ( #8546 ), #6900, .F. ) ;
#3862 =( NAMED_UNIT ( * ) PLANE_ANGLE_UNIT ( ) SI_UNIT ( $, .RADIAN. ) );
#3863 = SURFACE_STYLE_FILL_AREA ( #10906 ) ;
#3864 = MECHANICAL_DESIGN_GEOMETRIC_PRESENTATION_REPRESENTATION (  '', ( #2374 ), #9328 ) ;
#3865 = SURFACE_STYLE_USAGE ( .BOTH. , #11308 ) ;
#3866 = ORIENTED_EDGE ( 'NONE', *, *, #7963, .T. ) ;
#3867 = VECTOR ( 'NONE', #10183, 1000.000000000000000 ) ;
#3868 = B_SPLINE_CURVE_WITH_KNOTS ( 'NONE', 3,
 ( #11470, #558, #3242, #6783, #4336, #5281, #4159, #4221, #8850, #9565, #9511, #2508, #5221, #6852, #5159, #2325, #11296, #2447, #7862 ),
 .UNSPECIFIED., .F., .F.,
 ( 4, 1, 1, 1, 1, 1, 1, 1, 1, 1, 1, 1, 1, 1, 1, 1, 4 ),
 ( 0.000000000000000000, 0.06807022544602515934, 0.1334304311243613705, 0.1961504414953044173, 0.2571279473187753628, 0.3168673125347738484, 0.3761731906999619679, 0.4359476605849043618, 0.4965239232888286058, 0.5574553990935481318, 0.6176782722867170117, 0.6779364036295142393, 0.7387994153869098524, 0.8009448638132562470, 0.8648116296622977428, 0.9310232311067556665, 1.000000000000000000 ),
 .UNSPECIFIED. ) ;
#3869 = VERTEX_POINT ( 'NONE', #6033 ) ;
#3870 = SURFACE_STYLE_USAGE ( .BOTH. , #5765 ) ;
#3871 = EDGE_CURVE ( 'NONE', #5555, #1117, #382, .T. ) ;
#3872 =( LENGTH_UNIT ( ) NAMED_UNIT ( * ) SI_UNIT ( .MILLI., .METRE. ) );
#3873 =( NAMED_UNIT ( * ) PLANE_ANGLE_UNIT ( ) SI_UNIT ( $, .RADIAN. ) );
#3874 = EDGE_CURVE ( 'NONE', #11436, #7466, #88, .T. ) ;
#3875 = CARTESIAN_POINT ( 'NONE',  ( 0.7651219512195119865, 0.04393102134146327498, -0.6999999999999999556 ) ) ;
#3876 = FILL_AREA_STYLE ('',( #1181 ) ) ;
#3877 = FACE_OUTER_BOUND ( 'NONE', #10771, .T. ) ;
#3878 = CARTESIAN_POINT ( 'NONE',  ( 0.7630800117609415345, 0.05263499968943442797, -0.7000000000000001776 ) ) ;
#3879 =( NAMED_UNIT ( * ) SI_UNIT ( $, .STERADIAN. ) SOLID_ANGLE_UNIT ( ) );
#3880 = VERTEX_POINT ( 'NONE', #9508 ) ;
#3881 = COLOUR_RGB ( '',0.000000000000000000, 0.000000000000000000, 0.000000000000000000 ) ;
#3882 = ORIENTED_EDGE ( 'NONE', *, *, #8177, .F. ) ;
#3883 = UNCERTAINTY_MEASURE_WITH_UNIT (LENGTH_MEASURE( 1.000000000000000082E-05 ), #9149, 'distance_accuracy_value', 'NONE');
#3884 = EDGE_CURVE ( 'NONE', #9968, #3218, #9446, .T. ) ;
#3885 = MECHANICAL_DESIGN_GEOMETRIC_PRESENTATION_REPRESENTATION (  '', ( #2389 ), #7454 ) ;
#3886 = FACE_OUTER_BOUND ( 'NONE', #5436, .T. ) ;
#3887 = FILL_AREA_STYLE_COLOUR ( '', #6555 ) ;
#3888 = SURFACE_STYLE_FILL_AREA ( #8190 ) ;
#3889 = CARTESIAN_POINT ( 'NONE',  ( 0.7702340657368704768, 0.04990010713600320086, -0.6990000000000001767 ) ) ;
#3890 = DIRECTION ( 'NONE',  ( 0.000000000000000000, -1.000000000000000000, 0.000000000000000000 ) ) ;
#3891 = STYLED_ITEM ( 'NONE', ( #9233 ), #3137 ) ;
#3892 = ORIENTED_EDGE ( 'NONE', *, *, #4511, .F. ) ;
#3893 = CARTESIAN_POINT ( 'NONE',  ( 2.005774019098183942E-16, 0.3700000000000002731, -0.6700000000000000400 ) ) ;
#3894 = CARTESIAN_POINT ( 'NONE',  ( 0.7615813015561463395, -0.04071449877460591588, -0.6999999999999998446 ) ) ;
#3895 = ORIENTED_EDGE ( 'NONE', *, *, #197, .F. ) ;
#3896 = APPLICATION_CONTEXT ( 'automotive_design' ) ;
#3897 =( GEOMETRIC_REPRESENTATION_CONTEXT ( 3 ) GLOBAL_UNCERTAINTY_ASSIGNED_CONTEXT ( ( #9926 ) ) GLOBAL_UNIT_ASSIGNED_CONTEXT ( ( #9986, #1033, #10931 ) ) REPRESENTATION_CONTEXT ( 'NONE', 'WORKASPACE' ) );
#3898 =( GEOMETRIC_REPRESENTATION_CONTEXT ( 3 ) GLOBAL_UNCERTAINTY_ASSIGNED_CONTEXT ( ( #9674 ) ) GLOBAL_UNIT_ASSIGNED_CONTEXT ( ( #3921, #4873, #5384 ) ) REPRESENTATION_CONTEXT ( 'NONE', 'WORKASPACE' ) );
#3899 = CARTESIAN_POINT ( 'NONE',  ( 0.7278212596431088421, 0.03154158025699755480, -0.6989999999999998437 ) ) ;
#3900 = SURFACE_STYLE_USAGE ( .BOTH. , #7672 ) ;
#3901 = CARTESIAN_POINT ( 'NONE',  ( 0.7524306449157140975, -0.05449248086361530019, -0.6989999999999997327 ) ) ;
#3902 = ORIENTED_EDGE ( 'NONE', *, *, #40, .F. ) ;
#3903 = COLOUR_RGB ( '',0.9098039215686274384, 0.4431372549019607643, 0.03137254901960784270 ) ;
#3904 = DIRECTION ( 'NONE',  ( 0.000000000000000000, 0.000000000000000000, -1.000000000000000000 ) ) ;
#3905 = CARTESIAN_POINT ( 'NONE',  ( 0.7999999999999996003, -0.3999999999999999112, 0.1000000000000000056 ) ) ;
#3906 = CARTESIAN_POINT ( 'NONE',  ( 0.2399999999999999911, 0.3299999999999999600, -0.1999999999999999001 ) ) ;
#3907 = SURFACE_SIDE_STYLE ('',( #9268 ) ) ;
#3908 = VECTOR ( 'NONE', #5295, 1000.000000000000000 ) ;
#3909 =( NAMED_UNIT ( * ) PLANE_ANGLE_UNIT ( ) SI_UNIT ( $, .RADIAN. ) );
#3910 = UNCERTAINTY_MEASURE_WITH_UNIT (LENGTH_MEASURE( 1.000000000000000082E-05 ), #10019, 'distance_accuracy_value', 'NONE');
#3911 = ORIENTED_EDGE ( 'NONE', *, *, #6298, .F. ) ;
#3912 = COLOUR_RGB ( '',0.000000000000000000, 0.000000000000000000, 0.000000000000000000 ) ;
#3913 = CARTESIAN_POINT ( 'NONE',  ( -0.5000000000000004441, -0.4000000000000000222, -0.5999999999999999778 ) ) ;
#3914 = CARTESIAN_POINT ( 'NONE',  ( 0.09708712152522080974, -0.1800000000000001876, -0.3999999999999999112 ) ) ;
#3915 = CARTESIAN_POINT ( 'NONE',  ( 0.7999999999999996003, 0.4000000000000001332, 0.000000000000000000 ) ) ;
#3916 = ORIENTED_EDGE ( 'NONE', *, *, #7336, .F. ) ;
#3917 = CARTESIAN_POINT ( 'NONE',  ( 0.7699999999999997957, -0.09695121951219526357, -0.6989999999999999547 ) ) ;
#3918 = SURFACE_SIDE_STYLE ('',( #9517 ) ) ;
#3919 = CARTESIAN_POINT ( 'NONE',  ( 0.000000000000000000, 0.000000000000000000, -0.6999999999999999556 ) ) ;
#3920 = CARTESIAN_POINT ( 'NONE',  ( 0.000000000000000000, -0.3300000000000002376, -0.3999999999999999667 ) ) ;
#3921 =( LENGTH_UNIT ( ) NAMED_UNIT ( * ) SI_UNIT ( .MILLI., .METRE. ) );
#3922 = PRESENTATION_LAYER_ASSIGNMENT (  '', '', ( #2622 ) ) ;
#3923 =( NAMED_UNIT ( * ) SI_UNIT ( $, .STERADIAN. ) SOLID_ANGLE_UNIT ( ) );
#3924 = EDGE_CURVE ( 'NONE', #1827, #1945, #1328, .T. ) ;
#3925 = CARTESIAN_POINT ( 'NONE',  ( 0.7651140241921409180, 0.04332725031317544856, -0.6990000000000000657 ) ) ;
#3926 = ORIENTED_EDGE ( 'NONE', *, *, #3530, .F. ) ;
#3927 = FILL_AREA_STYLE_COLOUR ( '', #4168 ) ;
#3928 = ORIENTED_EDGE ( 'NONE', *, *, #3570, .F. ) ;
#3929 = SURFACE_STYLE_USAGE ( .BOTH. , #4063 ) ;
#3930 =( NAMED_UNIT ( * ) PLANE_ANGLE_UNIT ( ) SI_UNIT ( $, .RADIAN. ) );
#3931 = MECHANICAL_DESIGN_GEOMETRIC_PRESENTATION_REPRESENTATION (  '', ( #4697 ), #5640 ) ;
#3932 = FILL_AREA_STYLE ('',( #9465 ) ) ;
#3933 = SURFACE_SIDE_STYLE ('',( #10309 ) ) ;
#3934 = CARTESIAN_POINT ( 'NONE',  ( -0.2629128784747967185, 0.1800000000000000766, -0.09999999999999988065 ) ) ;
#3935 = SURFACE_STYLE_FILL_AREA ( #3876 ) ;
#3936 = CARTESIAN_POINT ( 'NONE',  ( 0.7621733954194025440, 0.05410302369630527741, -0.6989999999999998437 ) ) ;
#3937 = LINE ( 'NONE', #2123, #1021 ) ;
#3938 = CYLINDRICAL_SURFACE ( 'NONE', #1969, 0.05500000000000000028 ) ;
#3939 = CARTESIAN_POINT ( 'NONE',  ( -0.02291287847477917888, 0.1800000000000000766, -0.4999999999999998890 ) ) ;
#3940 = EDGE_LOOP ( 'NONE', ( #3375, #5333, #912, #2388 ) ) ;
#3941 = ORIENTED_EDGE ( 'NONE', *, *, #1587, .T. ) ;
#3942 = EDGE_CURVE ( 'NONE', #11384, #9478, #6673, .T. ) ;
#3943 = EDGE_CURVE ( 'NONE', #11438, #11579, #6293, .T. ) ;
#3944 = CARTESIAN_POINT ( 'NONE',  ( 0.7602052037581163990, 0.06473758541620304452, -0.6989999999999997327 ) ) ;
#3945 = STYLED_ITEM ( 'NONE', ( #4642 ), #8823 ) ;
#3946 = SURFACE_STYLE_FILL_AREA ( #6649 ) ;
#3947 = CARTESIAN_POINT ( 'NONE',  ( 0.7705904026310761434, 0.04572313887565492702, -0.6989999999999999547 ) ) ;
#3948 = VECTOR ( 'NONE', #10423, 1000.000000000000000 ) ;
#3949 = PLANE ( 'NONE',  #11307 ) ;
#3950 = CARTESIAN_POINT ( 'NONE',  ( -0.2949999999999999845, 0.3299999999999999600, -0.1999999999999999001 ) ) ;
#3951 = SURFACE_STYLE_USAGE ( .BOTH. , #3169 ) ;
#3952 = FACE_OUTER_BOUND ( 'NONE', #1868, .T. ) ;
#3953 = B_SPLINE_CURVE_WITH_KNOTS ( 'NONE', 3,
 ( #11063, #6494, #2037, #9208, #1205, #4746, #10058 ),
 .UNSPECIFIED., .F., .F.,
 ( 4, 1, 1, 1, 4 ),
 ( 0.000000000000000000, 0.1744817153170450941, 0.3982857591281150356, 0.6738978473986464435, 1.000000000000000000 ),
 .UNSPECIFIED. ) ;
#3954 = DIRECTION ( 'NONE',  ( 0.000000000000000000, 0.000000000000000000, 1.000000000000000000 ) ) ;
#3955 = ORIENTED_EDGE ( 'NONE', *, *, #8060, .F. ) ;
#3956 = AXIS2_PLACEMENT_3D ( 'NONE', #6619, #9450, #3079 ) ;
#3957 = CARTESIAN_POINT ( 'NONE',  ( 0.7334912356475478123, 0.05866963938458837069, -0.7000000000000000666 ) ) ;
#3958 = EDGE_CURVE ( 'NONE', #1832, #4878, #10464, .T. ) ;
#3959 = UNCERTAINTY_MEASURE_WITH_UNIT (LENGTH_MEASURE( 1.000000000000000082E-05 ), #4374, 'distance_accuracy_value', 'NONE');
#3960 =( NAMED_UNIT ( * ) PLANE_ANGLE_UNIT ( ) SI_UNIT ( $, .RADIAN. ) );
#3961 = DIRECTION ( 'NONE',  ( -1.000000000000000000, 0.000000000000000000, 0.000000000000000000 ) ) ;
#3962 = SURFACE_SIDE_STYLE ('',( #10333 ) ) ;
#3963 = VERTEX_POINT ( 'NONE', #5155 ) ;
#3964 = EDGE_CURVE ( 'NONE', #1613, #1832, #10257, .T. ) ;
#3965 = VECTOR ( 'NONE', #9997, 1000.000000000000000 ) ;
#3966 =( NAMED_UNIT ( * ) PLANE_ANGLE_UNIT ( ) SI_UNIT ( $, .RADIAN. ) );
#3967 = DIRECTION ( 'NONE',  ( -0.000000000000000000, -0.000000000000000000, -1.000000000000000000 ) ) ;
#3968 = PLANE ( 'NONE',  #7394 ) ;
#3969 = FACE_OUTER_BOUND ( 'NONE', #2073, .T. ) ;
#3970 = DIRECTION ( 'NONE',  ( 0.000000000000000000, 0.000000000000000000, 1.000000000000000000 ) ) ;
#3971 = FILL_AREA_STYLE_COLOUR ( '', #5196 ) ;
#3972 =( GEOMETRIC_REPRESENTATION_CONTEXT ( 3 ) GLOBAL_UNCERTAINTY_ASSIGNED_CONTEXT ( ( #7048 ) ) GLOBAL_UNIT_ASSIGNED_CONTEXT ( ( #295, #4604, #2069 ) ) REPRESENTATION_CONTEXT ( 'NONE', 'WORKASPACE' ) );
#3973 = CIRCLE ( 'NONE', #7924, 0.1000000000000000056 ) ;
#3974 = ORIENTED_EDGE ( 'NONE', *, *, #4333, .T. ) ;
#3975 = PRESENTATION_LAYER_ASSIGNMENT (  '', '', ( #6595 ) ) ;
#3976 = DIRECTION ( 'NONE',  ( 1.000000000000000000, 0.000000000000000000, -0.000000000000000000 ) ) ;
#3977 = CARTESIAN_POINT ( 'NONE',  ( 0.7194112551541139711, 0.04376700701676918687, -0.6989999999999999547 ) ) ;
#3978 = DIRECTION ( 'NONE',  ( -1.000000000000000000, 0.000000000000000000, 0.000000000000000000 ) ) ;
#3979 = VERTEX_POINT ( 'NONE', #7559 ) ;
#3980 = FILL_AREA_STYLE ('',( #2436 ) ) ;
#3981 = COLOUR_RGB ( '',0.9098039215686274384, 0.4431372549019607643, 0.03137254901960784270 ) ;
#3982 = B_SPLINE_SURFACE_WITH_KNOTS ( 'NONE', 3, 1, ( 
 ( #340, #5878 ),
 ( #520, #10252 ),
 ( #4825, #11031 ),
 ( #10306, #7580 ),
 ( #8384, #6749 ),
 ( #4883, #402 ),
 ( #5650, #2930 ) ),
 .UNSPECIFIED., .F., .F., .F.,
 ( 4, 1, 1, 1, 4 ),
 ( 2, 2 ),
 ( 0.000000000000000000, 0.3005748677701881033, 0.5683474126119796299, 0.8000111549537606281, 1.000000000000000000 ),
 ( 0.000000000000000000, 1.000000000000000000 ),
 .UNSPECIFIED. ) ;
#3983 = CARTESIAN_POINT ( 'NONE',  ( 0.7285477268807140083, 0.06282389116350436953, -0.6999999999999999556 ) ) ;
#3984 = SURFACE_STYLE_USAGE ( .BOTH. , #3088 ) ;
#3985 = LINE ( 'NONE', #6685, #10317 ) ;
#3986 = DIRECTION ( 'NONE',  ( 0.000000000000000000, -0.000000000000000000, 1.000000000000000000 ) ) ;
#3987 = DIRECTION ( 'NONE',  ( -1.000000000000000000, -0.000000000000000000, -0.000000000000000000 ) ) ;
#3988 = ORIENTED_EDGE ( 'NONE', *, *, #11329, .T. ) ;
#3989 =( NAMED_UNIT ( * ) SI_UNIT ( $, .STERADIAN. ) SOLID_ANGLE_UNIT ( ) );
#3990 = ORIENTED_EDGE ( 'NONE', *, *, #1339, .F. ) ;
#3991 = VECTOR ( 'NONE', #405, 1000.000000000000000 ) ;
#3992 = CYLINDRICAL_SURFACE ( 'NONE', #2477, 0.05500000000000000028 ) ;
#3993 = EDGE_CURVE ( 'NONE', #9769, #854, #1226, .T. ) ;
#3994 = PRESENTATION_STYLE_ASSIGNMENT (( #6570 ) ) ;
#3995 = CARTESIAN_POINT ( 'NONE',  ( 0.7419512195121950038, -0.003048780487804958819, -0.6999999999999999556 ) ) ;
#3996 = FILL_AREA_STYLE ('',( #8442 ) ) ;
#3997 = DIRECTION ( 'NONE',  ( 0.000000000000000000, 0.000000000000000000, -1.000000000000000000 ) ) ;
#3998 = COLOUR_RGB ( '',0.000000000000000000, 0.000000000000000000, 0.000000000000000000 ) ;
#3999 = CARTESIAN_POINT ( 'NONE',  ( 0.7699999999999999067, 0.09817073170731704934, -0.6989999999999999547 ) ) ;
#4000 = FILL_AREA_STYLE ('',( #6751 ) ) ;
#4001 = CARTESIAN_POINT ( 'NONE',  ( -0.02291287847477937317, 0.2800000000000000822, -0.1999999999999997891 ) ) ;
#4002 = VECTOR ( 'NONE', #5383, 1000.000000000000000 ) ;
#4003 = SURFACE_SIDE_STYLE ('',( #411 ) ) ;
#4004 = CARTESIAN_POINT ( 'NONE',  ( -0.3599999999999999867, 0.1799999999999999101, -0.1999999999999998723 ) ) ;
#4005 = VERTEX_POINT ( 'NONE', #2678 ) ;
#4006 = ORIENTED_EDGE ( 'NONE', *, *, #7331, .F. ) ;
#4007 = UNCERTAINTY_MEASURE_WITH_UNIT (LENGTH_MEASURE( 1.000000000000000082E-05 ), #10749, 'distance_accuracy_value', 'NONE');
#4008 =( NAMED_UNIT ( * ) SI_UNIT ( $, .STERADIAN. ) SOLID_ANGLE_UNIT ( ) );
#4009 = DIRECTION ( 'NONE',  ( 0.000000000000000000, -2.216840928656986572E-15, -1.000000000000000000 ) ) ;
#4010 = COLOUR_RGB ( '',1.000000000000000000, 1.000000000000000000, 1.000000000000000000 ) ;
#4011 = CARTESIAN_POINT ( 'NONE',  ( 0.7654532122333728150, 0.06028362609645688402, -0.6989999999999999547 ) ) ;
#4012 = CARTESIAN_POINT ( 'NONE',  ( -0.3599999999999999867, 0.3299999999999999600, -0.1999999999999999001 ) ) ;
#4013 = DIRECTION ( 'NONE',  ( -1.000000000000000000, -0.000000000000000000, -0.000000000000000000 ) ) ;
#4014 = CARTESIAN_POINT ( 'NONE',  ( -0.8000000000000003775, 0.4000000000000000777, -0.5999999999999998668 ) ) ;
#4015 = ORIENTED_EDGE ( 'NONE', *, *, #9740, .T. ) ;
#4016 = FACE_OUTER_BOUND ( 'NONE', #4423, .T. ) ;
#4017 = EDGE_CURVE ( 'NONE', #10107, #8439, #8714, .T. ) ;
#4018 = CARTESIAN_POINT ( 'NONE',  ( 0.7296036585365852645, -0.08211699695121967013, -0.6990000000000000657 ) ) ;
#4019 = DIRECTION ( 'NONE',  ( 0.000000000000000000, 2.464095846557963117E-15, 1.000000000000000000 ) ) ;
#4020 = ORIENTED_EDGE ( 'NONE', *, *, #146, .T. ) ;
#4021 = UNCERTAINTY_MEASURE_WITH_UNIT (LENGTH_MEASURE( 1.000000000000000082E-05 ), #9623, 'distance_accuracy_value', 'NONE');
#4022 = COLOUR_RGB ( '',0.9098039215686274384, 0.4431372549019607643, 0.03137254901960784270 ) ;
#4023 = DIRECTION ( 'NONE',  ( -0.000000000000000000, 0.000000000000000000, -1.000000000000000000 ) ) ;
#4024 = EDGE_CURVE ( 'NONE', #7141, #9265, #11465, .T. ) ;
#4025 = DIRECTION ( 'NONE',  ( -1.000000000000000000, 0.000000000000000000, 0.000000000000000000 ) ) ;
#4026 = FILL_AREA_STYLE ('',( #7784 ) ) ;
#4027 = DIRECTION ( 'NONE',  ( 0.000000000000000000, 1.000000000000000000, 0.000000000000000000 ) ) ;
#4028 = CIRCLE ( 'NONE', #9673, 0.09999999999999999167 ) ;
#4029 = ORIENTED_EDGE ( 'NONE', *, *, #9740, .F. ) ;
#4030 = VECTOR ( 'NONE', #10351, 1000.000000000000000 ) ;
#4031 = FILL_AREA_STYLE ('',( #4856 ) ) ;
#4032 = SURFACE_STYLE_FILL_AREA ( #145 ) ;
#4033 = EDGE_CURVE ( 'NONE', #7657, #7172, #4331, .T. ) ;
#4034 =( NAMED_UNIT ( * ) PLANE_ANGLE_UNIT ( ) SI_UNIT ( $, .RADIAN. ) );
#4035 =( NAMED_UNIT ( * ) SI_UNIT ( $, .STERADIAN. ) SOLID_ANGLE_UNIT ( ) );
#4036 =( NAMED_UNIT ( * ) SI_UNIT ( $, .STERADIAN. ) SOLID_ANGLE_UNIT ( ) );
#4037 = CARTESIAN_POINT ( 'NONE',  ( -0.2399999999999999911, -0.3850000000000001754, -0.3999999999999998557 ) ) ;
#4038 = MECHANICAL_DESIGN_GEOMETRIC_PRESENTATION_REPRESENTATION (  '', ( #5733 ), #4424 ) ;
#4039 = UNCERTAINTY_MEASURE_WITH_UNIT (LENGTH_MEASURE( 1.000000000000000082E-05 ), #4146, 'distance_accuracy_value', 'NONE');
#4040 =( GEOMETRIC_REPRESENTATION_CONTEXT ( 3 ) GLOBAL_UNCERTAINTY_ASSIGNED_CONTEXT ( ( #5876 ) ) GLOBAL_UNIT_ASSIGNED_CONTEXT ( ( #5930, #3314, #3377 ) ) REPRESENTATION_CONTEXT ( 'NONE', 'WORKASPACE' ) );
#4041 = ADVANCED_FACE ( 'NONE', ( #3490 ), #10829, .T. ) ;
#4042 = VECTOR ( 'NONE', #4027, 1000.000000000000000 ) ;
#4043 = ORIENTED_EDGE ( 'NONE', *, *, #4863, .T. ) ;
#4044 = CARTESIAN_POINT ( 'NONE',  ( 0.8000000000000003775, 0.3999999999999998557, -0.6700000000000000400 ) ) ;
#4045 = LINE ( 'NONE', #4105, #7875 ) ;
#4046 = SURFACE_STYLE_USAGE ( .BOTH. , #6785 ) ;
#4047 = CARTESIAN_POINT ( 'NONE',  ( 0.7203655673090018086, -0.03471494329795044020, -0.6990000000000000657 ) ) ;
#4048 = EDGE_LOOP ( 'NONE', ( #10874, #4172, #8021, #3332 ) ) ;
#4049 = STYLED_ITEM ( 'NONE', ( #7808 ), #11287 ) ;
#4050 = MECHANICAL_DESIGN_GEOMETRIC_PRESENTATION_REPRESENTATION (  '', ( #11216 ), #9692 ) ;
#4051 = LINE ( 'NONE', #7636, #5847 ) ;
#4052 = CARTESIAN_POINT ( 'NONE',  ( 0.2629128784747952197, 0.1800000000000000766, -0.4999999999999998890 ) ) ;
#4053 = AXIS2_PLACEMENT_3D ( 'NONE', #10567, #8525, #2251 ) ;
#4054 = FILL_AREA_STYLE_COLOUR ( '', #5714 ) ;
#4055 = DIRECTION ( 'NONE',  ( -1.000000000000000000, 0.000000000000000000, 0.000000000000000000 ) ) ;
#4056 = DIRECTION ( 'NONE',  ( -1.000000000000000000, -0.000000000000000000, -0.000000000000000000 ) ) ;
#4057 = FILL_AREA_STYLE_COLOUR ( '', #4651 ) ;
#4058 = ORIENTED_EDGE ( 'NONE', *, *, #2572, .T. ) ;
#4059 = CARTESIAN_POINT ( 'NONE',  ( -0.8000000000000003775, 0.4000000000000001332, -0.6875735931288071701 ) ) ;
#4060 = AXIS2_PLACEMENT_3D ( 'NONE', #8830, #10697, #3415 ) ;
#4061 = ORIENTED_EDGE ( 'NONE', *, *, #11541, .T. ) ;
#4062 = VECTOR ( 'NONE', #3367, 1000.000000000000000 ) ;
#4063 = SURFACE_SIDE_STYLE ('',( #5708 ) ) ;
#4064 = CARTESIAN_POINT ( 'NONE',  ( -0.2629128784747790659, 0.1799999999999999101, -0.3999999999999999112 ) ) ;
#4065 = CARTESIAN_POINT ( 'NONE',  ( 0.7632365409369397113, -0.03732202826893632475, -0.6990000000000000657 ) ) ;
#4066 = CYLINDRICAL_SURFACE ( 'NONE', #6487, 0.09999999999999999167 ) ;
#4067 = MECHANICAL_DESIGN_GEOMETRIC_PRESENTATION_REPRESENTATION (  '', ( #8938 ), #1809 ) ;
#4068 = CARTESIAN_POINT ( 'NONE',  ( 0.7445141006097559799, -0.04878048780487816150, -0.6989999999999999547 ) ) ;
#4069 = DIRECTION ( 'NONE',  ( -1.000000000000000000, -0.000000000000000000, -0.000000000000000000 ) ) ;
#4070 = LINE ( 'NONE', #11320, #6295 ) ;
#4071 = FILL_AREA_STYLE_COLOUR ( '', #4010 ) ;
#4072 = CIRCLE ( 'NONE', #877, 0.05500000000000000722 ) ;
#4073 = SURFACE_SIDE_STYLE ('',( #2411 ) ) ;
#4074 = CYLINDRICAL_SURFACE ( 'NONE', #671, 0.05500000000000003497 ) ;
#4075 = VERTEX_POINT ( 'NONE', #7087 ) ;
#4076 = ORIENTED_EDGE ( 'NONE', *, *, #6659, .T. ) ;
#4077 = EDGE_LOOP ( 'NONE', ( #3916, #2923, #5192, #4867, #6511, #10769, #10635, #818, #1387, #1091 ) ) ;
#4078 = CARTESIAN_POINT ( 'NONE',  ( 0.7248926155847864594, 0.04348425162981073983, -0.6999999999999999556 ) ) ;
#4079 = DIRECTION ( 'NONE',  ( -0.000000000000000000, 0.000000000000000000, 1.000000000000000000 ) ) ;
#4080 = FILL_AREA_STYLE_COLOUR ( '', #664 ) ;
#4081 = DIRECTION ( 'NONE',  ( 0.000000000000000000, -1.000000000000000000, 2.397541290737904109E-15 ) ) ;
#4082 =( NAMED_UNIT ( * ) SI_UNIT ( $, .STERADIAN. ) SOLID_ANGLE_UNIT ( ) );
#4083 = SURFACE_SIDE_STYLE ('',( #5841 ) ) ;
#4084 = TOROIDAL_SURFACE ( 'NONE', #10486, 0.1500000000000000500, 0.05500000000000000028 ) ;
#4085 = ORIENTED_EDGE ( 'NONE', *, *, #6387, .T. ) ;
#4086 = EDGE_CURVE ( 'NONE', #7142, #7141, #4794, .T. ) ;
#4087 = CARTESIAN_POINT ( 'NONE',  ( 0.7432572952613161199, 0.06153433058964583729, -0.7000000000000000666 ) ) ;
#4088 = STYLED_ITEM ( 'NONE', ( #10803 ), #4619 ) ;
#4089 = CARTESIAN_POINT ( 'NONE',  ( 0.7254878048780487587, -0.02932545731707328351, -0.6990000000000000657 ) ) ;
#4090 = EDGE_CURVE ( 'NONE', #9994, #9245, #8969, .T. ) ;
#4091 = SURFACE_STYLE_FILL_AREA ( #10280 ) ;
#4092 =( NAMED_UNIT ( * ) PLANE_ANGLE_UNIT ( ) SI_UNIT ( $, .RADIAN. ) );
#4093 = VECTOR ( 'NONE', #11548, 1000.000000000000000 ) ;
#4094 = VERTEX_POINT ( 'NONE', #10711 ) ;
#4095 = LINE ( 'NONE', #7487, #9825 ) ;
#4096 =( NAMED_UNIT ( * ) SI_UNIT ( $, .STERADIAN. ) SOLID_ANGLE_UNIT ( ) );
#4097 =( NAMED_UNIT ( * ) SI_UNIT ( $, .STERADIAN. ) SOLID_ANGLE_UNIT ( ) );
#4098 = DIRECTION ( 'NONE',  ( 0.000000000000000000, -1.000000000000000000, 2.397541290737904109E-15 ) ) ;
#4099 = DIRECTION ( 'NONE',  ( -1.000000000000000000, -0.000000000000000000, -0.000000000000000000 ) ) ;
#4100 = MECHANICAL_DESIGN_GEOMETRIC_PRESENTATION_REPRESENTATION (  '', ( #9939 ), #5605 ) ;
#4101 = CARTESIAN_POINT ( 'NONE',  ( 0.7699999999999997957, -0.01524390243902449919, -0.6999999999999999556 ) ) ;
#4102 = STYLED_ITEM ( 'NONE', ( #9397 ), #3604 ) ;
#4103 = ORIENTED_EDGE ( 'NONE', *, *, #5046, .F. ) ;
#4104 = ADVANCED_FACE ( 'NONE', ( #5399 ), #9814, .T. ) ;
#4105 = CARTESIAN_POINT ( 'NONE',  ( 0.7699999999999997957, 0.02134146341463407162, -0.6989999999999999547 ) ) ;
#4106 = ADVANCED_FACE ( 'NONE', ( #10106 ), #191, .F. ) ;
#4107 =( LENGTH_UNIT ( ) NAMED_UNIT ( * ) SI_UNIT ( .MILLI., .METRE. ) );
#4108 = CARTESIAN_POINT ( 'NONE',  ( 0.7236942639257597509, -0.04409394269008758138, -0.6990000000000001767 ) ) ;
#4109 = STYLED_ITEM ( 'NONE', ( #8342 ), #5094 ) ;
#4110 = EDGE_LOOP ( 'NONE', ( #12, #6816, #11544, #10518 ) ) ;
#4111 = PRESENTATION_LAYER_ASSIGNMENT (  '', '', ( #3727 ) ) ;
#4112 = SURFACE_STYLE_FILL_AREA ( #7502 ) ;
#4113 = CARTESIAN_POINT ( 'NONE',  ( 0.000000000000000000, -0.1800000000000001876, -0.3999999999999999112 ) ) ;
#4114 = DIRECTION ( 'NONE',  ( 0.000000000000000000, -2.464095846557964300E-15, -1.000000000000000000 ) ) ;
#4115 = DIRECTION ( 'NONE',  ( 0.000000000000000000, 1.000000000000000000, -1.971276677246372308E-15 ) ) ;
#4116 = PRESENTATION_LAYER_ASSIGNMENT (  '', '', ( #6173 ) ) ;
#4117 = ORIENTED_EDGE ( 'NONE', *, *, #10418, .F. ) ;
#4118 = ORIENTED_EDGE ( 'NONE', *, *, #2347, .T. ) ;
#4119 = TOROIDAL_SURFACE ( 'NONE', #10330, 0.1500000000000000222, 0.05500000000000000028 ) ;
#4120 = CARTESIAN_POINT ( 'NONE',  ( -0.2629128784747785108, -0.2800000000000000266, -0.1999999999999999001 ) ) ;
#4121 = CARTESIAN_POINT ( 'NONE',  ( 0.7467776719568329780, -0.04872970716233938210, -0.6990000000000000657 ) ) ;
#4122 = VECTOR ( 'NONE', #1057, 1000.000000000000000 ) ;
#4123 = DIRECTION ( 'NONE',  ( 0.000000000000000000, 0.000000000000000000, -1.000000000000000000 ) ) ;
#4124 = EDGE_CURVE ( 'NONE', #11243, #9769, #10367, .T. ) ;
#4125 = DIRECTION ( 'NONE',  ( 0.000000000000000000, -1.000000000000000000, 2.464095846557965483E-15 ) ) ;
#4126 =( NAMED_UNIT ( * ) SI_UNIT ( $, .STERADIAN. ) SOLID_ANGLE_UNIT ( ) );
#4127 = CARTESIAN_POINT ( 'NONE',  ( 0.3829128784747790060, -0.1800000000000001876, -0.1999999999999998723 ) ) ;
#4128 = DIRECTION ( 'NONE',  ( 0.000000000000000000, 0.000000000000000000, 1.000000000000000000 ) ) ;
#4129 = PRESENTATION_STYLE_ASSIGNMENT (( #1469 ) ) ;
#4130 = EDGE_LOOP ( 'NONE', ( #10683, #4015, #9722, #4663 ) ) ;
#4131 = EDGE_LOOP ( 'NONE', ( #5762, #9753, #1065, #11408 ) ) ;
#4132 = ORIENTED_EDGE ( 'NONE', *, *, #6442, .T. ) ;
#4133 = STYLED_ITEM ( 'NONE', ( #427 ), #7153 ) ;
#4134 = AXIS2_PLACEMENT_3D ( 'NONE', #10180, #1218, #1160 ) ;
#4135 = CARTESIAN_POINT ( 'NONE',  ( 0.7699999999999997957, -0.005487804878048864292, -0.6989999999999999547 ) ) ;
#4136 = CARTESIAN_POINT ( 'NONE',  ( 0.7536623412683363110, 0.06744094723216220721, -0.7000000000000001776 ) ) ;
#4137 = SURFACE_STYLE_USAGE ( .BOTH. , #11163 ) ;
#4138 = FILL_AREA_STYLE ('',( #4080 ) ) ;
#4139 = FILL_AREA_STYLE_COLOUR ( '', #1005 ) ;
#4140 = FILL_AREA_STYLE_COLOUR ( '', #6070 ) ;
#4141 =( NAMED_UNIT ( * ) SI_UNIT ( $, .STERADIAN. ) SOLID_ANGLE_UNIT ( ) );
#4142 = ORIENTED_EDGE ( 'NONE', *, *, #7666, .T. ) ;
#4143 =( NAMED_UNIT ( * ) SI_UNIT ( $, .STERADIAN. ) SOLID_ANGLE_UNIT ( ) );
#4144 = MECHANICAL_DESIGN_GEOMETRIC_PRESENTATION_REPRESENTATION (  '', ( #5280 ), #6753 ) ;
#4145 = CARTESIAN_POINT ( 'NONE',  ( 0.7699487483382941866, -0.03167229945764894056, -0.6999999999999999556 ) ) ;
#4146 =( LENGTH_UNIT ( ) NAMED_UNIT ( * ) SI_UNIT ( .MILLI., .METRE. ) );
#4147 = EDGE_CURVE ( 'NONE', #5848, #4971, #4732, .T. ) ;
#4148 = VERTEX_POINT ( 'NONE', #982 ) ;
#4149 = MECHANICAL_DESIGN_GEOMETRIC_PRESENTATION_REPRESENTATION (  '', ( #9801 ), #5484 ) ;
#4150 =( NAMED_UNIT ( * ) SI_UNIT ( $, .STERADIAN. ) SOLID_ANGLE_UNIT ( ) );
#4151 = DIRECTION ( 'NONE',  ( 0.000000000000000000, 0.000000000000000000, 1.000000000000000000 ) ) ;
#4152 = COLOUR_RGB ( '',0.000000000000000000, 0.000000000000000000, 0.000000000000000000 ) ;
#4153 = PRESENTATION_STYLE_ASSIGNMENT (( #5215 ) ) ;
#4154 = CARTESIAN_POINT ( 'NONE',  ( 0.3599999999999999867, -0.1800000000000002154, -0.5499999999999999334 ) ) ;
#4155 = CARTESIAN_POINT ( 'NONE',  ( -0.2399999999999999911, -0.3300000000000002376, -0.3999999999999999667 ) ) ;
#4156 = CARTESIAN_POINT ( 'NONE',  ( -0.5300000000000003597, 7.182839392716471806E-17, -0.6700000000000000400 ) ) ;
#4157 = ORIENTED_EDGE ( 'NONE', *, *, #8548, .T. ) ;
#4158 = STYLED_ITEM ( 'NONE', ( #8329 ), #5962 ) ;
#4159 = CARTESIAN_POINT ( 'NONE',  ( 0.7571192602086550538, -0.05263140837108826187, -0.6999999999999999556 ) ) ;
#4160 = CARTESIAN_POINT ( 'NONE',  ( 0.7699999999999999067, 0.07256097560975606486, -0.6989999999999999547 ) ) ;
#4161 = LINE ( 'NONE', #8604, #10124 ) ;
#4162 =( NAMED_UNIT ( * ) SI_UNIT ( $, .STERADIAN. ) SOLID_ANGLE_UNIT ( ) );
#4163 =( GEOMETRIC_REPRESENTATION_CONTEXT ( 3 ) GLOBAL_UNCERTAINTY_ASSIGNED_CONTEXT ( ( #25 ) ) GLOBAL_UNIT_ASSIGNED_CONTEXT ( ( #10996, #9376, #429 ) ) REPRESENTATION_CONTEXT ( 'NONE', 'WORKASPACE' ) );
#4164 = VERTEX_POINT ( 'NONE', #8141 ) ;
#4165 = SURFACE_SIDE_STYLE ('',( #8663 ) ) ;
#4166 = PRESENTATION_LAYER_ASSIGNMENT (  '', '', ( #8108 ) ) ;
#4167 = VECTOR ( 'NONE', #2332, 1000.000000000000000 ) ;
#4168 = COLOUR_RGB ( '',0.9098039215686274384, 0.4431372549019607643, 0.03137254901960784270 ) ;
#4169 = SURFACE_SIDE_STYLE ('',( #8496 ) ) ;
#4170 = ADVANCED_FACE ( 'NONE', ( #5900 ), #4202, .T. ) ;
#4171 =( NAMED_UNIT ( * ) PLANE_ANGLE_UNIT ( ) SI_UNIT ( $, .RADIAN. ) );
#4172 = ORIENTED_EDGE ( 'NONE', *, *, #10967, .F. ) ;
#4173 = ORIENTED_EDGE ( 'NONE', *, *, #3299, .F. ) ;
#4174 = AXIS2_PLACEMENT_3D ( 'NONE', #4419, #8000, #3634 ) ;
#4175 = MECHANICAL_DESIGN_GEOMETRIC_PRESENTATION_REPRESENTATION (  '', ( #3027 ), #10970 ) ;
#4176 = LINE ( 'NONE', #6805, #10196 ) ;
#4177 = VECTOR ( 'NONE', #592, 1000.000000000000000 ) ;
#4178 = CARTESIAN_POINT ( 'NONE',  ( 0.1429128784748471548, 0.2800000000000000266, -0.1999999999999998723 ) ) ;
#4179 =( NAMED_UNIT ( * ) PLANE_ANGLE_UNIT ( ) SI_UNIT ( $, .RADIAN. ) );
#4180 = DIRECTION ( 'NONE',  ( -1.000000000000000000, -0.000000000000000000, -0.000000000000000000 ) ) ;
#4181 = FILL_AREA_STYLE ('',( #3154 ) ) ;
#4182 = PLANE ( 'NONE',  #8480 ) ;
#4183 = DIRECTION ( 'NONE',  ( 0.000000000000000000, 2.397541290737903714E-15, 1.000000000000000000 ) ) ;
#4184 = DIRECTION ( 'NONE',  ( 0.000000000000000000, -2.464095846557964300E-15, -1.000000000000000000 ) ) ;
#4185 =( LENGTH_UNIT ( ) NAMED_UNIT ( * ) SI_UNIT ( .MILLI., .METRE. ) );
#4186 = ADVANCED_FACE ( 'NONE', ( #8584 ), #2369, .T. ) ;
#4187 =( LENGTH_UNIT ( ) NAMED_UNIT ( * ) SI_UNIT ( .MILLI., .METRE. ) );
#4188 = DIRECTION ( 'NONE',  ( -1.355252715606880296E-16, 1.000000000000000000, 0.000000000000000000 ) ) ;
#4189 = ORIENTED_EDGE ( 'NONE', *, *, #3192, .F. ) ;
#4190 = ORIENTED_EDGE ( 'NONE', *, *, #6249, .T. ) ;
#4191 = VECTOR ( 'NONE', #9443, 1000.000000000000000 ) ;
#4192 = VERTEX_POINT ( 'NONE', #11169 ) ;
#4193 = CYLINDRICAL_SURFACE ( 'NONE', #555, 0.09999999999999997780 ) ;
#4194 = EDGE_CURVE ( 'NONE', #8250, #4359, #3057, .T. ) ;
#4195 = FILL_AREA_STYLE ('',( #5134 ) ) ;
#4196 = FILL_AREA_STYLE_COLOUR ( '', #5239 ) ;
#4197 = AXIS2_PLACEMENT_3D ( 'NONE', #1116, #7233, #897 ) ;
#4198 = STYLED_ITEM ( 'NONE', ( #9735 ), #1607 ) ;
#4199 =( NAMED_UNIT ( * ) PLANE_ANGLE_UNIT ( ) SI_UNIT ( $, .RADIAN. ) );
#4200 = SURFACE_STYLE_USAGE ( .BOTH. , #595 ) ;
#4201 =( NAMED_UNIT ( * ) PLANE_ANGLE_UNIT ( ) SI_UNIT ( $, .RADIAN. ) );
#4202 = PLANE ( 'NONE',  #4994 ) ;
#4203 = EDGE_LOOP ( 'NONE', ( #106, #5922, #7739, #4674 ) ) ;
#4204 = SURFACE_SIDE_STYLE ('',( #11172 ) ) ;
#4205 = CARTESIAN_POINT ( 'NONE',  ( 0.8019999999999994911, -0.2800000000000000266, -0.1999999999999998723 ) ) ;
#4206 = CYLINDRICAL_SURFACE ( 'NONE', #711, 0.09999999999999997780 ) ;
#4208 = ORIENTED_EDGE ( 'NONE', *, *, #5938, .F. ) ;
#4207 =( NAMED_UNIT ( * ) PLANE_ANGLE_UNIT ( ) SI_UNIT ( $, .RADIAN. ) );
#4209 = COLOUR_RGB ( '',1.000000000000000000, 1.000000000000000000, 1.000000000000000000 ) ;
#4210 = FACE_OUTER_BOUND ( 'NONE', #161, .T. ) ;
#4211 = FILL_AREA_STYLE_COLOUR ( '', #4752 ) ;
#4213 = VECTOR ( 'NONE', #5128, 1000.000000000000000 ) ;
#4212 = DIRECTION ( 'NONE',  ( 0.000000000000000000, -1.000000000000000000, 2.956915015869558659E-15 ) ) ;
#4214 = VECTOR ( 'NONE', #2516, 1000.000000000000000 ) ;
#4215 = CARTESIAN_POINT ( 'NONE',  ( 0.7296036585365851534, -0.08211699695121965625, -0.6999999999999999556 ) ) ;
#4216 = CARTESIAN_POINT ( 'NONE',  ( -0.09708712152522058769, 0.2800000000000000266, -0.1999999999999999001 ) ) ;
#4217 = CARTESIAN_POINT ( 'NONE',  ( 0.7699999999999997957, -0.06646341463414648376, -0.6999999999999999556 ) ) ;
#4218 = ORIENTED_EDGE ( 'NONE', *, *, #6368, .T. ) ;
#4219 = EDGE_CURVE ( 'NONE', #2960, #10566, #8341, .T. ) ;
#4220 = ORIENTED_EDGE ( 'NONE', *, *, #9852, .T. ) ;
#4221 = CARTESIAN_POINT ( 'NONE',  ( 0.7592345086843248492, -0.05132606452439918143, -0.6999999999999997335 ) ) ;
#4222 = MECHANICAL_DESIGN_GEOMETRIC_PRESENTATION_REPRESENTATION (  '', ( #7220 ), #453 ) ;
#4223 = CARTESIAN_POINT ( 'NONE',  ( 0.7194112551541139711, 0.04376700701676918687, -0.6999999999999999556 ) ) ;
#4224 = LINE ( 'NONE', #8552, #7846 ) ;
#4225 = PLANE ( 'NONE',  #7221 ) ;
#4226 = VERTEX_POINT ( 'NONE', #6831 ) ;
#4227 =( NAMED_UNIT ( * ) PLANE_ANGLE_UNIT ( ) SI_UNIT ( $, .RADIAN. ) );
#4228 = PRESENTATION_STYLE_ASSIGNMENT (( #5168 ) ) ;
#4229 = LINE ( 'NONE', #7037, #4214 ) ;
#4230 = CARTESIAN_POINT ( 'NONE',  ( -0.3829128784748466741, -0.1800000000000000211, -0.09999999999999988065 ) ) ;
#4231 = DIRECTION ( 'NONE',  ( 0.000000000000000000, 2.397541290737903714E-15, 1.000000000000000000 ) ) ;
#4232 = PRESENTATION_LAYER_ASSIGNMENT (  '', '', ( #6093 ) ) ;
#4233 = EDGE_LOOP ( 'NONE', ( #5018, #8558, #2568, #7744 ) ) ;
#4234 = EDGE_CURVE ( 'NONE', #10940, #8377, #3287, .T. ) ;
#4235 = ORIENTED_EDGE ( 'NONE', *, *, #40, .T. ) ;
#4236 = LINE ( 'NONE', #1627, #6208 ) ;
#4237 = CARTESIAN_POINT ( 'NONE',  ( 0.7699999999999997957, -0.02883955792682937544, -0.6999999999999999556 ) ) ;
#4238 = AXIS2_PLACEMENT_3D ( 'NONE', #9383, #9562, #4924 ) ;
#4240 = UNCERTAINTY_MEASURE_WITH_UNIT (LENGTH_MEASURE( 1.000000000000000082E-05 ), #1103, 'distance_accuracy_value', 'NONE');
#4239 = PRESENTATION_LAYER_ASSIGNMENT (  '', '', ( #10258 ) ) ;
#4241 = COLOUR_RGB ( '',0.000000000000000000, 0.000000000000000000, 0.000000000000000000 ) ;
#4242 = DIRECTION ( 'NONE',  ( -1.000000000000000000, -0.000000000000000000, -0.000000000000000000 ) ) ;
#4243 = EDGE_CURVE ( 'NONE', #5394, #7142, #10447, .T. ) ;
#4244 = SURFACE_STYLE_USAGE ( .BOTH. , #9837 ) ;
#4245 = CARTESIAN_POINT ( 'NONE',  ( 0.8019999999999994911, 0.2800000000000000266, -0.1999999999999998723 ) ) ;
#4246 = DIRECTION ( 'NONE',  ( 0.000000000000000000, 0.000000000000000000, -1.000000000000000000 ) ) ;
#4247 = DIRECTION ( 'NONE',  ( 1.000000000000000000, 2.710505431213760592E-16, 0.000000000000000000 ) ) ;
#4248 = PRESENTATION_LAYER_ASSIGNMENT (  '', '', ( #5572 ) ) ;
#4249 = STYLED_ITEM ( 'NONE', ( #23 ), #11306 ) ;
#4250 = CARTESIAN_POINT ( 'NONE',  ( 0.8019999999999994911, 0.2800000000000000266, -0.1999999999999998723 ) ) ;
#4251 = ORIENTED_EDGE ( 'NONE', *, *, #150, .F. ) ;
#4252 = ORIENTED_EDGE ( 'NONE', *, *, #2601, .T. ) ;
#4253 = EDGE_CURVE ( 'NONE', #8125, #10003, #5389, .T. ) ;
#4254 = CIRCLE ( 'NONE', #4807, 0.09999999999999997780 ) ;
#4255 = ORIENTED_EDGE ( 'NONE', *, *, #8199, .F. ) ;
#4256 = CARTESIAN_POINT ( 'NONE',  ( -0.5000000000000004441, -0.4000000000000000222, -0.6999999999999999556 ) ) ;
#4257 = CARTESIAN_POINT ( 'NONE',  ( 0.8019999999999994911, -0.1800000000000000211, -0.09999999999999988065 ) ) ;
#4258 = DIRECTION ( 'NONE',  ( -0.000000000000000000, -0.000000000000000000, -1.000000000000000000 ) ) ;
#4259 = COLOUR_RGB ( '',0.9098039215686274384, 0.4431372549019607643, 0.03137254901960784270 ) ;
#4260 = CARTESIAN_POINT ( 'NONE',  ( 0.7351925446519371743, 0.05958547439563629394, -0.6999999999999999556 ) ) ;
#4261 = VECTOR ( 'NONE', #6814, 1000.000000000000000 ) ;
#4262 = COLOUR_RGB ( '',0.7529411764705882248, 0.7529411764705882248, 0.7529411764705882248 ) ;
#4263 = CARTESIAN_POINT ( 'NONE',  ( 0.000000000000000000, -0.3850000000000001754, -0.3999999999999998557 ) ) ;
#4264 = EDGE_CURVE ( 'NONE', #3585, #5394, #6120, .T. ) ;
#4265 = CARTESIAN_POINT ( 'NONE',  ( 0.7651140241921409180, 0.04332725031317544856, -0.6990000000000000657 ) ) ;
#4266 = DIRECTION ( 'NONE',  ( 0.000000000000000000, 0.000000000000000000, -1.000000000000000000 ) ) ;
#4267 = VERTEX_POINT ( 'NONE', #7010 ) ;
#4268 = PRESENTATION_LAYER_ASSIGNMENT (  '', '', ( #9914 ) ) ;
#4269 = LINE ( 'NONE', #5208, #2060 ) ;
#4270 = CARTESIAN_POINT ( 'NONE',  ( 0.1429128784747790148, -0.1800000000000001876, -0.1999999999999998723 ) ) ;
#4271 = DIRECTION ( 'NONE',  ( -1.000000000000000000, -0.000000000000000000, -0.000000000000000000 ) ) ;
#4273 = ORIENTED_EDGE ( 'NONE', *, *, #10450, .F. ) ;
#4272 = PRESENTATION_STYLE_ASSIGNMENT (( #9619 ) ) ;
#4274 = CARTESIAN_POINT ( 'NONE',  ( 0.8019999999999994911, 0.1800000000000000766, -0.4999999999999998890 ) ) ;
#4275 = EDGE_CURVE ( 'NONE', #5130, #6141, #2555, .T. ) ;
#4276 = DIRECTION ( 'NONE',  ( 1.355252715606880543E-16, -1.000000000000000000, 0.000000000000000000 ) ) ;
#4277 = DIRECTION ( 'NONE',  ( -0.000000000000000000, -0.000000000000000000, -1.000000000000000000 ) ) ;
#4278 = CARTESIAN_POINT ( 'NONE',  ( 0.7699999999999999067, 0.07256097560975606486, -0.6989999999999999547 ) ) ;
#4279 = EDGE_LOOP ( 'NONE', ( #4910, #7219, #10933, #7034 ) ) ;
#4280 = MECHANICAL_DESIGN_GEOMETRIC_PRESENTATION_REPRESENTATION (  '', ( #10482 ), #694 ) ;
#4281 = CARTESIAN_POINT ( 'NONE',  ( -0.3599999999999999867, -0.3300000000000002931, -0.1999999999999999001 ) ) ;
#4282 = FILL_AREA_STYLE_COLOUR ( '', #9000 ) ;
#4283 = FILL_AREA_STYLE ('',( #503 ) ) ;
#4284 = PRESENTATION_STYLE_ASSIGNMENT (( #10533 ) ) ;
#4285 = VERTEX_POINT ( 'NONE', #7961 ) ;
#4286 = FACE_OUTER_BOUND ( 'NONE', #9302, .T. ) ;
#4287 = FACE_OUTER_BOUND ( 'NONE', #10227, .T. ) ;
#4288 = STYLED_ITEM ( 'NONE', ( #3994 ), #3131 ) ;
#4289 = DIRECTION ( 'NONE',  ( 0.000000000000000000, 1.000000000000000000, 0.000000000000000000 ) ) ;
#4290 = UNCERTAINTY_MEASURE_WITH_UNIT (LENGTH_MEASURE( 1.000000000000000082E-05 ), #9714, 'distance_accuracy_value', 'NONE');
#4291 = VERTEX_POINT ( 'NONE', #2428 ) ;
#4292 = CARTESIAN_POINT ( 'NONE',  ( 0.7504878048780486699, -0.07292301829268306446, -0.6989999999999999547 ) ) ;
#4293 = ORIENTED_EDGE ( 'NONE', *, *, #3271, .T. ) ;
#4294 = STYLED_ITEM ( 'NONE', ( #7357 ), #5074 ) ;
#4295 = CARTESIAN_POINT ( 'NONE',  ( 0.7548402523849156998, -0.05366337093947540909, -0.6989999999999999547 ) ) ;
#4296 = CARTESIAN_POINT ( 'NONE',  ( -0.5000000000000004441, 0.1800000000000000766, -0.09999999999999988065 ) ) ;
#4297 = PRESENTATION_LAYER_ASSIGNMENT (  '', '', ( #3528 ) ) ;
#4298 = DIRECTION ( 'NONE',  ( 1.000000000000000000, 0.000000000000000000, 0.000000000000000000 ) ) ;
#4299 = SURFACE_STYLE_FILL_AREA ( #9776 ) ;
#4300 = EDGE_CURVE ( 'NONE', #2356, #2481, #6015, .T. ) ;
#4301 = CARTESIAN_POINT ( 'NONE',  ( 0.2170871215252206110, 0.2800000000000000822, -0.1999999999999997891 ) ) ;
#4302 = DIRECTION ( 'NONE',  ( 0.000000000000000000, -2.710505431213761085E-16, 1.000000000000000000 ) ) ;
#4303 = FACE_OUTER_BOUND ( 'NONE', #9974, .T. ) ;
#4304 = SURFACE_STYLE_FILL_AREA ( #3272 ) ;
#4305 = ORIENTED_EDGE ( 'NONE', *, *, #2171, .T. ) ;
#4306 = EDGE_LOOP ( 'NONE', ( #9288, #170, #10249, #1264 ) ) ;
#4307 = ORIENTED_EDGE ( 'NONE', *, *, #11471, .T. ) ;
#4308 = SURFACE_STYLE_USAGE ( .BOTH. , #11499 ) ;
#4309 = DIRECTION ( 'NONE',  ( -1.000000000000000000, -0.000000000000000000, -0.000000000000000000 ) ) ;
#4310 = PRESENTATION_LAYER_ASSIGNMENT (  '', '', ( #7681 ) ) ;
#4311 = DIRECTION ( 'NONE',  ( 0.000000000000000000, 0.000000000000000000, 1.000000000000000000 ) ) ;
#4313 = EDGE_LOOP ( 'NONE', ( #9062, #9379, #2339, #10120 ) ) ;
#4312 = FILL_AREA_STYLE ('',( #839 ) ) ;
#4314 =( GEOMETRIC_REPRESENTATION_CONTEXT ( 3 ) GLOBAL_UNCERTAINTY_ASSIGNED_CONTEXT ( ( #575 ) ) GLOBAL_UNIT_ASSIGNED_CONTEXT ( ( #3494, #7031, #2509 ) ) REPRESENTATION_CONTEXT ( 'NONE', 'WORKASPACE' ) );
#4315 = CARTESIAN_POINT ( 'NONE',  ( 0.09708712152522080974, -0.1800000000000000211, -0.4999999999999998890 ) ) ;
#4316 = FILL_AREA_STYLE_COLOUR ( '', #6675 ) ;
#4317 = CARTESIAN_POINT ( 'NONE',  ( 0.7248780487804876715, 0.04280678353658522867, -0.6999999999999999556 ) ) ;
#4318 = SURFACE_SIDE_STYLE ('',( #8888 ) ) ;
#4319 = LINE ( 'NONE', #5075, #3782 ) ;
#4320 = ORIENTED_EDGE ( 'NONE', *, *, #10727, .T. ) ;
#4321 = AXIS2_PLACEMENT_3D ( 'NONE', #5451, #919, #10880 ) ;
#4322 = EDGE_CURVE ( 'NONE', #4367, #6065, #657, .T. ) ;
#4323 = AXIS2_PLACEMENT_3D ( 'NONE', #6715, #3008, #3961 ) ;
#4324 = CARTESIAN_POINT ( 'NONE',  ( 0.8019999999999994911, 0.1800000000000000766, -0.1999999999999998723 ) ) ;
#4325 = CARTESIAN_POINT ( 'NONE',  ( 0.7649379954151360739, 0.04038117729642018428, -0.6999999999999998446 ) ) ;
#4326 = STYLED_ITEM ( 'NONE', ( #10561 ), #7608 ) ;
#4327 = VECTOR ( 'NONE', #8344, 1000.000000000000000 ) ;
#4328 = ORIENTED_EDGE ( 'NONE', *, *, #10082, .F. ) ;
#4329 = SURFACE_STYLE_FILL_AREA ( #10524 ) ;
#4330 = FILL_AREA_STYLE ('',( #9686 ) ) ;
#4331 = LINE ( 'NONE', #8846, #1984 ) ;
#4332 = SURFACE_SIDE_STYLE ('',( #9626 ) ) ;
#4333 = EDGE_CURVE ( 'NONE', #10899, #9502, #2489, .T. ) ;
#4334 = ORIENTED_EDGE ( 'NONE', *, *, #8851, .F. ) ;
#4335 = MECHANICAL_DESIGN_GEOMETRIC_PRESENTATION_REPRESENTATION (  '', ( #186 ), #8826 ) ;
#4336 = CARTESIAN_POINT ( 'NONE',  ( 0.7524306449157140975, -0.05449248086361530019, -0.6999999999999997335 ) ) ;
#4337 = LINE ( 'NONE', #9757, #8606 ) ;
#4338 = ADVANCED_FACE ( 'NONE', ( #6188 ), #9611, .T. ) ;
#4339 = SURFACE_STYLE_USAGE ( .BOTH. , #11592 ) ;
#4340 = ORIENTED_EDGE ( 'NONE', *, *, #951, .T. ) ;
#4341 = VECTOR ( 'NONE', #1554, 1000.000000000000000 ) ;
#4342 =( LENGTH_UNIT ( ) NAMED_UNIT ( * ) SI_UNIT ( .MILLI., .METRE. ) );
#4343 =( NAMED_UNIT ( * ) PLANE_ANGLE_UNIT ( ) SI_UNIT ( $, .RADIAN. ) );
#4344 =( LENGTH_UNIT ( ) NAMED_UNIT ( * ) SI_UNIT ( .MILLI., .METRE. ) );
#4345 = STYLED_ITEM ( 'NONE', ( #9408 ), #5970 ) ;
#4346 = ORIENTED_EDGE ( 'NONE', *, *, #3206, .F. ) ;
#4347 = ORIENTED_EDGE ( 'NONE', *, *, #2486, .T. ) ;
#4348 = MECHANICAL_DESIGN_GEOMETRIC_PRESENTATION_REPRESENTATION (  '', ( #3189 ), #4721 ) ;
#4349 = CARTESIAN_POINT ( 'NONE',  ( 0.7645121951219512324, 0.09146341463414631168, -0.6999999999999999556 ) ) ;
#4350 = DIRECTION ( 'NONE',  ( 0.000000000000000000, 0.000000000000000000, -1.000000000000000000 ) ) ;
#4351 = CARTESIAN_POINT ( 'NONE',  ( 0.7474390243902437891, 0.01463414634146333569, -0.6989999999999999547 ) ) ;
#4352 = CIRCLE ( 'NONE', #8849, 0.05500000000000000722 ) ;
#4353 = CARTESIAN_POINT ( 'NONE',  ( 0.7254878048780486477, -0.02195121951219523165, -0.6989999999999999547 ) ) ;
#4354 = FILL_AREA_STYLE_COLOUR ( '', #6243 ) ;
#4355 = CARTESIAN_POINT ( 'NONE',  ( -0.1199999999999999956, -0.1800000000000003542, -0.6049999999999999822 ) ) ;
#4356 = FILL_AREA_STYLE ('',( #1636 ) ) ;
#4357 = SURFACE_STYLE_FILL_AREA ( #10682 ) ;
#4358 = ORIENTED_EDGE ( 'NONE', *, *, #724, .F. ) ;
#4359 = VERTEX_POINT ( 'NONE', #9861 ) ;
#4360 = ORIENTED_EDGE ( 'NONE', *, *, #10746, .F. ) ;
#4361 = VECTOR ( 'NONE', #492, 1000.000000000000000 ) ;
#4362 = PRESENTATION_LAYER_ASSIGNMENT (  '', '', ( #6234 ) ) ;
#4363 = STYLED_ITEM ( 'NONE', ( #11543 ), #6953 ) ;
#4364 = FACE_OUTER_BOUND ( 'NONE', #10479, .T. ) ;
#4365 = EDGE_CURVE ( 'NONE', #3218, #7698, #292, .T. ) ;
#4367 = VERTEX_POINT ( 'NONE', #3540 ) ;
#4366 =( LENGTH_UNIT ( ) NAMED_UNIT ( * ) SI_UNIT ( .MILLI., .METRE. ) );
#4368 = SURFACE_STYLE_USAGE ( .BOTH. , #8070 ) ;
#4369 = SURFACE_STYLE_FILL_AREA ( #5381 ) ;
#4370 = AXIS2_PLACEMENT_3D ( 'NONE', #2642, #11491, #760 ) ;
#4371 = CLOSED_SHELL ( 'NONE', ( #2062, #9069, #5405, #6953, #1849, #10544, #11428, #9363, #11300, #1437, #11306, #10641, #131, #3083, #7994, #537, #5869, #303, #6617, #633, #4041, #8139, #3131, #5135, #772, #2789, #1431, #193, #11589, #6335, #4949, #4398, #659, #1953, #9551, #4685, #2650, #1710, #4444, #5480, #4634, #5199, #6326, #1147, #5402, #10591, #5682, #8847, #11176, #7439, #780, #9196, #2886, #2310, #2808, #4338, #258, #7129, #10877, #850, #1274, #4170, #8764, #6692, #8453, #1769, #7153, #10295, #1363, #2162 ) ) ;
#4372 = CARTESIAN_POINT ( 'NONE',  ( 0.7248860258103043686, 0.04227917705111410712, -0.6999999999999998446 ) ) ;
#4373 =( GEOMETRIC_REPRESENTATION_CONTEXT ( 3 ) GLOBAL_UNCERTAINTY_ASSIGNED_CONTEXT ( ( #7191 ) ) GLOBAL_UNIT_ASSIGNED_CONTEXT ( ( #9846, #2412, #10491 ) ) REPRESENTATION_CONTEXT ( 'NONE', 'WORKASPACE' ) );
#4374 =( LENGTH_UNIT ( ) NAMED_UNIT ( * ) SI_UNIT ( .MILLI., .METRE. ) );
#4375 = SURFACE_STYLE_FILL_AREA ( #7126 ) ;
#4376 = ORIENTED_EDGE ( 'NONE', *, *, #9784, .T. ) ;
#4377 = UNCERTAINTY_MEASURE_WITH_UNIT (LENGTH_MEASURE( 1.000000000000000082E-05 ), #7249, 'distance_accuracy_value', 'NONE');
#4378 = LINE ( 'NONE', #1598, #7483 ) ;
#4379 = ADVANCED_FACE ( 'NONE', ( #3474 ), #1231, .T. ) ;
#4380 = AXIS2_PLACEMENT_3D ( 'NONE', #4245, #2408, #8681 ) ;
#4381 = AXIS2_PLACEMENT_3D ( 'NONE', #3893, #5512, #7313 ) ;
#4382 = FILL_AREA_STYLE ('',( #10575 ) ) ;
#4383 = CARTESIAN_POINT ( 'NONE',  ( 0.7553396622110218894, 0.05971118219282949002, -0.6999999999999999556 ) ) ;
#4384 = CARTESIAN_POINT ( 'NONE',  ( 0.3599999999999999867, -0.1800000000000000488, 0.005000000000000304548 ) ) ;
#4385 = ORIENTED_EDGE ( 'NONE', *, *, #8684, .T. ) ;
#4386 = EDGE_CURVE ( 'NONE', #4192, #11200, #9308, .T. ) ;
#4387 = CARTESIAN_POINT ( 'NONE',  ( 0.7452832285693393732, -0.04876323329596568557, -0.6990000000000000657 ) ) ;
#4388 = CARTESIAN_POINT ( 'NONE',  ( 0.000000000000000000, 0.000000000000000000, -0.6999999999999999556 ) ) ;
#4389 = ORIENTED_EDGE ( 'NONE', *, *, #9140, .T. ) ;
#4390 = FILL_AREA_STYLE ('',( #8781 ) ) ;
#4391 =( GEOMETRIC_REPRESENTATION_CONTEXT ( 3 ) GLOBAL_UNCERTAINTY_ASSIGNED_CONTEXT ( ( #2341 ) ) GLOBAL_UNIT_ASSIGNED_CONTEXT ( ( #3595, #7124, #7898 ) ) REPRESENTATION_CONTEXT ( 'NONE', 'WORKASPACE' ) );
#4392 = ORIENTED_EDGE ( 'NONE', *, *, #2284, .T. ) ;
#4393 = EDGE_CURVE ( 'NONE', #10474, #5077, #5502, .T. ) ;
#4394 =( LENGTH_UNIT ( ) NAMED_UNIT ( * ) SI_UNIT ( .MILLI., .METRE. ) );
#4395 = DIRECTION ( 'NONE',  ( 1.000000000000000000, -5.421010862427519212E-16, 0.000000000000000000 ) ) ;
#4396 = CARTESIAN_POINT ( 'NONE',  ( 0.7301817374440764397, -0.05132407974441315773, -0.6989999999999999547 ) ) ;
#4397 = ORIENTED_EDGE ( 'NONE', *, *, #4322, .T. ) ;
#4398 = ADVANCED_FACE ( 'NONE', ( #9019, #10816 ), #1958, .T. ) ;
#4399 = PRESENTATION_STYLE_ASSIGNMENT (( #11417 ) ) ;
#4400 = DIRECTION ( 'NONE',  ( 0.000000000000000000, 0.000000000000000000, -1.000000000000000000 ) ) ;
#4401 = CARTESIAN_POINT ( 'NONE',  ( 0.000000000000000000, 0.1800000000000000766, 0.005000000000000256843 ) ) ;
#4402 = LINE ( 'NONE', #4520, #10853 ) ;
#4403 = EDGE_CURVE ( 'NONE', #11532, #6330, #4776, .T. ) ;
#4404 = UNCERTAINTY_MEASURE_WITH_UNIT (LENGTH_MEASURE( 1.000000000000000082E-05 ), #5693, 'distance_accuracy_value', 'NONE');
#4405 = ORIENTED_EDGE ( 'NONE', *, *, #8589, .F. ) ;
#4406 = CIRCLE ( 'NONE', #836, 0.05499999999999997946 ) ;
#4407 = FACE_OUTER_BOUND ( 'NONE', #11309, .T. ) ;
#4408 = ORIENTED_EDGE ( 'NONE', *, *, #1018, .T. ) ;
#4409 = CARTESIAN_POINT ( 'NONE',  ( 0.7453156052972959023, -0.05546771318230794834, -0.6989999999999999547 ) ) ;
#4410 = DIRECTION ( 'NONE',  ( 0.000000000000000000, 0.000000000000000000, 1.000000000000000000 ) ) ;
#4411 = CARTESIAN_POINT ( 'NONE',  ( -0.1749999999999999889, 0.3299999999999999600, -0.1999999999999999001 ) ) ;
#4412 =( LENGTH_UNIT ( ) NAMED_UNIT ( * ) SI_UNIT ( .MILLI., .METRE. ) );
#4413 = PLANE ( 'NONE',  #5800 ) ;
#4414 = AXIS2_PLACEMENT_3D ( 'NONE', #3906, #4921, #11118 ) ;
#4415 = COLOUR_RGB ( '',0.7529411764705882248, 0.7529411764705882248, 0.7529411764705882248 ) ;
#4416 = MECHANICAL_DESIGN_GEOMETRIC_PRESENTATION_REPRESENTATION (  '', ( #7032 ), #10837 ) ;
#4417 = DIRECTION ( 'NONE',  ( 0.000000000000000000, 0.000000000000000000, 1.000000000000000000 ) ) ;
#4418 = CARTESIAN_POINT ( 'NONE',  ( 0.2950000000000000400, 0.3299999999999999600, -0.3999999999999999667 ) ) ;
#4419 = CARTESIAN_POINT ( 'NONE',  ( 0.8019999999999994911, 0.1800000000000000766, -0.1999999999999998723 ) ) ;
#4420 = SURFACE_STYLE_FILL_AREA ( #9718 ) ;
#4421 = FILL_AREA_STYLE_COLOUR ( '', #1440 ) ;
#4422 = ORIENTED_EDGE ( 'NONE', *, *, #4742, .F. ) ;
#4423 = EDGE_LOOP ( 'NONE', ( #6733, #7432, #10824, #1638 ) ) ;
#4424 =( GEOMETRIC_REPRESENTATION_CONTEXT ( 3 ) GLOBAL_UNCERTAINTY_ASSIGNED_CONTEXT ( ( #2949 ) ) GLOBAL_UNIT_ASSIGNED_CONTEXT ( ( #1124, #6521, #9239 ) ) REPRESENTATION_CONTEXT ( 'NONE', 'WORKASPACE' ) );
#4425 = COLOUR_RGB ( '',0.9098039215686274384, 0.4431372549019607643, 0.03137254901960784270 ) ;
#4426 = ORIENTED_EDGE ( 'NONE', *, *, #9693, .F. ) ;
#4427 = CYLINDRICAL_SURFACE ( 'NONE', #3756, 0.03000000000000002318 ) ;
#4428 = MECHANICAL_DESIGN_GEOMETRIC_PRESENTATION_REPRESENTATION (  '', ( #8929 ), #5742 ) ;
#4429 = PLANE ( 'NONE',  #8345 ) ;
#4430 = VECTOR ( 'NONE', #2454, 1000.000000000000000 ) ;
#4431 = CARTESIAN_POINT ( 'NONE',  ( 0.1849999999999999700, 0.3299999999999999600, -0.1999999999999999001 ) ) ;
#4432 = AXIS2_PLACEMENT_3D ( 'NONE', #230, #10198, #6405 ) ;
#4433 = CARTESIAN_POINT ( 'NONE',  ( 0.7646965844493845976, 0.03868066585732940488, -0.6990000000000001767 ) ) ;
#4434 = DIRECTION ( 'NONE',  ( 1.000000000000000000, 0.000000000000000000, 0.000000000000000000 ) ) ;
#4435 = ORIENTED_EDGE ( 'NONE', *, *, #6509, .T. ) ;
#4436 = VERTEX_POINT ( 'NONE', #6356 ) ;
#4437 = CIRCLE ( 'NONE', #5573, 0.05499999999999997946 ) ;
#4438 = FILL_AREA_STYLE_COLOUR ( '', #3358 ) ;
#4439 = CIRCLE ( 'NONE', #5005, 0.05500000000000003497 ) ;
#4440 = CARTESIAN_POINT ( 'NONE',  ( 0.7462645968701541177, 0.06157147486115205348, -0.6989999999999999547 ) ) ;
#4442 = ORIENTED_EDGE ( 'NONE', *, *, #1785, .F. ) ;
#4441 =( NAMED_UNIT ( * ) PLANE_ANGLE_UNIT ( ) SI_UNIT ( $, .RADIAN. ) );
#4443 = CARTESIAN_POINT ( 'NONE',  ( 0.7644641796929366739, -0.03127225437137612363, -0.6990000000000000657 ) ) ;
#4444 = ADVANCED_FACE ( 'NONE', ( #8184 ), #2773, .T. ) ;
#4445 = FACE_OUTER_BOUND ( 'NONE', #4110, .T. ) ;
#4446 =( GEOMETRIC_REPRESENTATION_CONTEXT ( 3 ) GLOBAL_UNCERTAINTY_ASSIGNED_CONTEXT ( ( #10636 ) ) GLOBAL_UNIT_ASSIGNED_CONTEXT ( ( #7374, #5527, #6550 ) ) REPRESENTATION_CONTEXT ( 'NONE', 'WORKASPACE' ) );
#4447 = SURFACE_STYLE_USAGE ( .BOTH. , #6084 ) ;
#4448 = PRODUCT_DEFINITION_FORMATION_WITH_SPECIFIED_SOURCE ( 'ÈÎºÎ', '', #6603, .NOT_KNOWN. ) ;
#4449 = DIRECTION ( 'NONE',  ( 1.000000000000000000, 0.000000000000000000, 0.000000000000000000 ) ) ;
#4450 = ORIENTED_EDGE ( 'NONE', *, *, #2156, .F. ) ;
#4451 =( LENGTH_UNIT ( ) NAMED_UNIT ( * ) SI_UNIT ( .MILLI., .METRE. ) );
#4452 = ORIENTED_EDGE ( 'NONE', *, *, #10368, .F. ) ;
#4453 = UNCERTAINTY_MEASURE_WITH_UNIT (LENGTH_MEASURE( 1.000000000000000082E-05 ), #9248, 'distance_accuracy_value', 'NONE');
#4454 = ADVANCED_FACE ( 'NONE', ( #2829 ), #7816, .T. ) ;
#4455 = CARTESIAN_POINT ( 'NONE',  ( 0.09708712152522099015, 0.1799999999999999101, -0.1999999999999998723 ) ) ;
#4456 = CARTESIAN_POINT ( 'NONE',  ( 0.1199999999999999956, -0.3300000000000002376, -0.3999999999999999667 ) ) ;
#4457 = DIRECTION ( 'NONE',  ( -1.000000000000000000, -0.000000000000000000, -0.000000000000000000 ) ) ;
#4458 = ORIENTED_EDGE ( 'NONE', *, *, #1260, .F. ) ;
#4459 = CARTESIAN_POINT ( 'NONE',  ( 0.7236942639257597509, -0.04409394269008758138, -0.6990000000000001767 ) ) ;
#4460 = FACE_OUTER_BOUND ( 'NONE', #1415, .T. ) ;
#4461 = CARTESIAN_POINT ( 'NONE',  ( -0.3599999999999999867, -0.1800000000000001321, 0.005000000000000249904 ) ) ;
#4462 = VECTOR ( 'NONE', #6795, 1000.000000000000000 ) ;
#4463 = AXIS2_PLACEMENT_3D ( 'NONE', #2009, #10809, #112 ) ;
#4464 = EDGE_CURVE ( 'NONE', #11629, #9060, #11040, .T. ) ;
#4465 = ORIENTED_EDGE ( 'NONE', *, *, #5763, .T. ) ;
#4466 = EDGE_CURVE ( 'NONE', #8767, #1319, #8352, .T. ) ;
#4467 = VERTEX_POINT ( 'NONE', #3939 ) ;
#4468 = DIRECTION ( 'NONE',  ( -1.000000000000000000, 0.000000000000000000, 0.000000000000000000 ) ) ;
#4469 = SURFACE_SIDE_STYLE ('',( #1820 ) ) ;
#4470 = SURFACE_STYLE_USAGE ( .BOTH. , #11426 ) ;
#4471 = PRESENTATION_LAYER_ASSIGNMENT (  '', '', ( #2943 ) ) ;
#4472 =( NAMED_UNIT ( * ) SI_UNIT ( $, .STERADIAN. ) SOLID_ANGLE_UNIT ( ) );
#4473 = VECTOR ( 'NONE', #10547, 1000.000000000000000 ) ;
#4474 = CARTESIAN_POINT ( 'NONE',  ( -0.3370871215252204678, 0.2800000000000000266, -0.1999999999999998723 ) ) ;
#4475 = PRODUCT_RELATED_PRODUCT_CATEGORY ( 'part', '', ( #6603 ) ) ;
#4476 = DIRECTION ( 'NONE',  ( -1.000000000000000000, -0.000000000000000000, -0.000000000000000000 ) ) ;
#4477 = CARTESIAN_POINT ( 'NONE',  ( -0.2399999999999999911, 0.1799999999999998823, -0.5499999999999999334 ) ) ;
#4478 = CARTESIAN_POINT ( 'NONE',  ( 0.2629128784747791769, -0.1800000000000001876, -0.3999999999999999112 ) ) ;
#4479 =( NAMED_UNIT ( * ) PLANE_ANGLE_UNIT ( ) SI_UNIT ( $, .RADIAN. ) );
#4480 =( LENGTH_UNIT ( ) NAMED_UNIT ( * ) SI_UNIT ( .MILLI., .METRE. ) );
#4481 = PRESENTATION_LAYER_ASSIGNMENT (  '', '', ( #10133 ) ) ;
#4482 = VERTEX_POINT ( 'NONE', #10260 ) ;
#4483 = CARTESIAN_POINT ( 'NONE',  ( -0.1199999999999999956, 0.3299999999999999600, -0.1999999999999999001 ) ) ;
#4484 = EDGE_CURVE ( 'NONE', #11505, #10981, #1414, .T. ) ;
#4485 = EDGE_LOOP ( 'NONE', ( #7234, #1885, #6081, #10755 ) ) ;
#4486 = AXIS2_PLACEMENT_3D ( 'NONE', #1338, #6793, #7807 ) ;
#4487 = SURFACE_STYLE_USAGE ( .BOTH. , #5379 ) ;
#4488 = ADVANCED_FACE ( 'NONE', ( #7464 ), #4074, .T. ) ;
#4490 = ORIENTED_EDGE ( 'NONE', *, *, #11396, .T. ) ;
#4489 = SURFACE_STYLE_FILL_AREA ( #1589 ) ;
#4491 = CIRCLE ( 'NONE', #7296, 0.05499999999999997946 ) ;
#4492 = SURFACE_STYLE_FILL_AREA ( #905 ) ;
#4493 = CARTESIAN_POINT ( 'NONE',  ( 0.7278212596431088421, 0.03154158025699755480, -0.6989999999999998437 ) ) ;
#4494 = LINE ( 'NONE', #11567, #10607 ) ;
#4495 = DIRECTION ( 'NONE',  ( 0.000000000000000000, -1.000000000000000000, 2.464095846557965483E-15 ) ) ;
#4496 = CARTESIAN_POINT ( 'NONE',  ( 0.7650983941625791873, 0.04213677138847082143, -0.6989999999999999547 ) ) ;
#4497 = ORIENTED_EDGE ( 'NONE', *, *, #1941, .F. ) ;
#4498 = UNCERTAINTY_MEASURE_WITH_UNIT (LENGTH_MEASURE( 1.000000000000000082E-05 ), #2212, 'distance_accuracy_value', 'NONE');
#4499 = DIRECTION ( 'NONE',  ( 0.000000000000000000, 2.397541290737903714E-15, 1.000000000000000000 ) ) ;
#4500 =( GEOMETRIC_REPRESENTATION_CONTEXT ( 3 ) GLOBAL_UNCERTAINTY_ASSIGNED_CONTEXT ( ( #9525 ) ) GLOBAL_UNIT_ASSIGNED_CONTEXT ( ( #2963, #9217, #5477 ) ) REPRESENTATION_CONTEXT ( 'NONE', 'WORKASPACE' ) );
#4501 = CARTESIAN_POINT ( 'NONE',  ( 0.7198735831134467356, 0.03638328332527657194, -0.6999999999999997335 ) ) ;
#4502 = VERTEX_POINT ( 'NONE', #349 ) ;
#4503 = VECTOR ( 'NONE', #9340, 1000.000000000000000 ) ;
#4504 = DIRECTION ( 'NONE',  ( -0.000000000000000000, -0.000000000000000000, -1.000000000000000000 ) ) ;
#4505 = DIRECTION ( 'NONE',  ( 0.000000000000000000, 0.000000000000000000, 1.000000000000000000 ) ) ;
#4506 = AXIS2_PLACEMENT_3D ( 'NONE', #10531, #9630, #5162 ) ;
#4507 = ORIENTED_EDGE ( 'NONE', *, *, #6829, .F. ) ;
#4508 = EDGE_LOOP ( 'NONE', ( #10918, #2429, #4360, #1106 ) ) ;
#4509 = PRESENTATION_LAYER_ASSIGNMENT (  '', '', ( #5068 ) ) ;
#4510 = CARTESIAN_POINT ( 'NONE',  ( 0.8019999999999994911, -0.1800000000000000211, -0.09999999999999988065 ) ) ;
#4511 = EDGE_CURVE ( 'NONE', #7156, #5190, #7521, .T. ) ;
#4512 = SURFACE_STYLE_FILL_AREA ( #7145 ) ;
#4513 =( LENGTH_UNIT ( ) NAMED_UNIT ( * ) SI_UNIT ( .MILLI., .METRE. ) );
#4514 = CARTESIAN_POINT ( 'NONE',  ( 0.7676674990688603373, 0.03156673051435907734, -0.6999999999999999556 ) ) ;
#4515 = ORIENTED_EDGE ( 'NONE', *, *, #3613, .F. ) ;
#4516 = FILL_AREA_STYLE_COLOUR ( '', #5311 ) ;
#4517 = PRESENTATION_STYLE_ASSIGNMENT (( #7923 ) ) ;
#4518 = STYLED_ITEM ( 'NONE', ( #530 ), #7411 ) ;
#4519 = SURFACE_STYLE_FILL_AREA ( #10600 ) ;
#4520 = CARTESIAN_POINT ( 'NONE',  ( 0.7199999999999998623, -0.02935403963414644907, -0.6989999999999999547 ) ) ;
#4521 = UNCERTAINTY_MEASURE_WITH_UNIT (LENGTH_MEASURE( 1.000000000000000082E-05 ), #5462, 'distance_accuracy_value', 'NONE');
#4522 = ORIENTED_EDGE ( 'NONE', *, *, #491, .T. ) ;
#4523 = ORIENTED_EDGE ( 'NONE', *, *, #2979, .F. ) ;
#4524 = DIRECTION ( 'NONE',  ( 0.9315776194850602376, -0.3635424856527061932, 0.000000000000000000 ) ) ;
#4525 = EDGE_CURVE ( 'NONE', #11092, #9117, #9864, .T. ) ;
#4526 =( LENGTH_UNIT ( ) NAMED_UNIT ( * ) SI_UNIT ( .MILLI., .METRE. ) );
#4527 = COLOUR_RGB ( '',0.000000000000000000, 0.000000000000000000, 0.000000000000000000 ) ;
#4528 = DIRECTION ( 'NONE',  ( 0.000000000000000000, 1.000000000000000000, -2.578241652818821251E-15 ) ) ;
#4529 = STYLED_ITEM ( 'NONE', ( #1068 ), #7641 ) ;
#4530 =( NAMED_UNIT ( * ) SI_UNIT ( $, .STERADIAN. ) SOLID_ANGLE_UNIT ( ) );
#4531 = CARTESIAN_POINT ( 'NONE',  ( 0.7370286761635985728, 0.06031887329182945845, -0.6990000000000000657 ) ) ;
#4532 = EDGE_CURVE ( 'NONE', #6394, #2286, #9359, .T. ) ;
#4533 = CARTESIAN_POINT ( 'NONE',  ( 0.8019999999999994911, 0.1800000000000000766, -0.09999999999999988065 ) ) ;
#4534 = STYLED_ITEM ( 'NONE', ( #1366 ), #5823 ) ;
#4535 = CARTESIAN_POINT ( 'NONE',  ( 0.7302363157561868601, -0.04344919019915643998, -0.6999999999999998446 ) ) ;
#4536 = AXIS2_PLACEMENT_3D ( 'NONE', #10788, #96, #2160 ) ;
#4537 = FILL_AREA_STYLE_COLOUR ( '', #3881 ) ;
#4538 = VERTEX_POINT ( 'NONE', #584 ) ;
#4539 = CARTESIAN_POINT ( 'NONE',  ( 0.7459432164634144380, 0.06829268292682913466, -0.6999999999999999556 ) ) ;
#4540 = EDGE_LOOP ( 'NONE', ( #8117, #5354, #11127, #8592 ) ) ;
#4541 = DIRECTION ( 'NONE',  ( 0.000000000000000000, 0.000000000000000000, 1.000000000000000000 ) ) ;
#4542 = EDGE_CURVE ( 'NONE', #1117, #4864, #7059, .T. ) ;
#4543 = VECTOR ( 'NONE', #1652, 1000.000000000000000 ) ;
#4545 = VERTEX_POINT ( 'NONE', #9721 ) ;
#4544 = FACE_OUTER_BOUND ( 'NONE', #2512, .T. ) ;
#4546 = STYLED_ITEM ( 'NONE', ( #1199 ), #8453 ) ;
#4547 = FILL_AREA_STYLE ('',( #4656 ) ) ;
#4548 = EDGE_CURVE ( 'NONE', #6357, #1258, #6002, .T. ) ;
#4549 = DIRECTION ( 'NONE',  ( 0.000000000000000000, 0.000000000000000000, 1.000000000000000000 ) ) ;
#4550 = DIRECTION ( 'NONE',  ( -0.9353882635801357148, -0.3536223923290756077, 0.000000000000000000 ) ) ;
#4551 = SURFACE_SIDE_STYLE ('',( #9978 ) ) ;
#4552 = CARTESIAN_POINT ( 'NONE',  ( -0.5000000000000004441, -0.4000000000000000222, -0.6700000000000000400 ) ) ;
#4553 =( GEOMETRIC_REPRESENTATION_CONTEXT ( 3 ) GLOBAL_UNCERTAINTY_ASSIGNED_CONTEXT ( ( #2245 ) ) GLOBAL_UNIT_ASSIGNED_CONTEXT ( ( #10241, #449, #392 ) ) REPRESENTATION_CONTEXT ( 'NONE', 'WORKASPACE' ) );
#4554 = FILL_AREA_STYLE ('',( #8183 ) ) ;
#4555 = STYLED_ITEM ( 'NONE', ( #539 ), #850 ) ;
#4556 = ORIENTED_EDGE ( 'NONE', *, *, #4800, .F. ) ;
#4557 = MECHANICAL_DESIGN_GEOMETRIC_PRESENTATION_REPRESENTATION (  '', ( #11328 ), #1917 ) ;
#4558 = ADVANCED_FACE ( 'NONE', ( #11435, #701 ), #5372, .F. ) ;
#4559 = CIRCLE ( 'NONE', #7347, 0.05499999999999997946 ) ;
#4560 = DIRECTION ( 'NONE',  ( 0.000000000000000000, -1.000000000000000000, 2.464095846557965483E-15 ) ) ;
#4561 = CARTESIAN_POINT ( 'NONE',  ( 0.7198735831134467356, 0.03638328332527657194, -0.6999999999999997335 ) ) ;
#4562 = CARTESIAN_POINT ( 'NONE',  ( 0.7644130480646664783, 0.04942627770300071777, -0.6989999999999996216 ) ) ;
#4563 =( GEOMETRIC_REPRESENTATION_CONTEXT ( 3 ) GLOBAL_UNCERTAINTY_ASSIGNED_CONTEXT ( ( #1739 ) ) GLOBAL_UNIT_ASSIGNED_CONTEXT ( ( #7490, #7621, #4097 ) ) REPRESENTATION_CONTEXT ( 'NONE', 'WORKASPACE' ) );
#4564 = EDGE_LOOP ( 'NONE', ( #5197, #1721, #3357, #1232 ) ) ;
#4565 = CARTESIAN_POINT ( 'NONE',  ( 0.7563672063010525859, -0.04588116811452071231, -0.6989999999999999547 ) ) ;
#4566 = SURFACE_STYLE_USAGE ( .BOTH. , #6424 ) ;
#4567 = PRESENTATION_STYLE_ASSIGNMENT (( #8140 ) ) ;
#4568 = EDGE_LOOP ( 'NONE', ( #782, #8447, #1703, #6623 ) ) ;
#4569 = SURFACE_STYLE_FILL_AREA ( #3673 ) ;
#4570 = COLOUR_RGB ( '',0.000000000000000000, 0.000000000000000000, 0.000000000000000000 ) ;
#4571 = COLOUR_RGB ( '',0.000000000000000000, 0.000000000000000000, 0.000000000000000000 ) ;
#4572 = DIRECTION ( 'NONE',  ( 0.000000000000000000, -1.000000000000000000, 0.000000000000000000 ) ) ;
#4573 = SURFACE_SIDE_STYLE ('',( #7320 ) ) ;
#4574 = VERTEX_POINT ( 'NONE', #3524 ) ;
#4575 = AXIS2_PLACEMENT_3D ( 'NONE', #4846, #3116, #5782 ) ;
#4576 = SURFACE_STYLE_FILL_AREA ( #4635 ) ;
#4577 = CARTESIAN_POINT ( 'NONE',  ( -0.5000000000000004441, 0.1800000000000000766, -0.4999999999999998890 ) ) ;
#4578 = DIRECTION ( 'NONE',  ( -1.000000000000000000, 9.486769009248167742E-16, 0.000000000000000000 ) ) ;
#4579 = EDGE_CURVE ( 'NONE', #8670, #4285, #6875, .T. ) ;
#4580 = EDGE_LOOP ( 'NONE', ( #6982, #6435, #9768, #6310, #8282, #8393, #5976 ) ) ;
#4581 = DIRECTION ( 'NONE',  ( -0.000000000000000000, 2.710505431213761085E-16, -1.000000000000000000 ) ) ;
#4582 = CARTESIAN_POINT ( 'NONE',  ( 0.5000000000000004441, -0.4000000000000001332, -0.5999999999999999778 ) ) ;
#4583 = UNCERTAINTY_MEASURE_WITH_UNIT (LENGTH_MEASURE( 1.000000000000000082E-05 ), #3041, 'distance_accuracy_value', 'NONE');
#4584 = CARTESIAN_POINT ( 'NONE',  ( -0.1749999999999999889, 0.3299999999999999600, -0.3999999999999999667 ) ) ;
#4585 = FACE_OUTER_BOUND ( 'NONE', #11588, .T. ) ;
#4586 = CARTESIAN_POINT ( 'NONE',  ( -0.2399999999999999911, -0.1800000000000003542, -0.6049999999999999822 ) ) ;
#4587 = SURFACE_SIDE_STYLE ('',( #3746 ) ) ;
#4588 =( NAMED_UNIT ( * ) PLANE_ANGLE_UNIT ( ) SI_UNIT ( $, .RADIAN. ) );
#4589 = CARTESIAN_POINT ( 'NONE',  ( 0.7261195992618044714, -0.03538633868103985280, -0.6990000000000000657 ) ) ;
#4590 = ADVANCED_FACE ( 'NONE', ( #7885 ), #10557, .F. ) ;
#4591 = VECTOR ( 'NONE', #11130, 1000.000000000000000 ) ;
#4592 = ORIENTED_EDGE ( 'NONE', *, *, #2931, .T. ) ;
#4593 = CARTESIAN_POINT ( 'NONE',  ( 0.7486223531738225301, 0.06824641023563420006, -0.6999999999999998446 ) ) ;
#4594 = ORIENTED_EDGE ( 'NONE', *, *, #4393, .F. ) ;
#4595 = ADVANCED_FACE ( 'NONE', ( #2471 ), #831, .F. ) ;
#4596 = STYLED_ITEM ( 'NONE', ( #7789 ), #10877 ) ;
#4597 = CARTESIAN_POINT ( 'NONE',  ( 0.3370871215252209119, 0.2800000000000000266, -0.3999999999999999112 ) ) ;
#4598 = MECHANICAL_DESIGN_GEOMETRIC_PRESENTATION_REPRESENTATION (  '', ( #1397 ), #9481 ) ;
#4599 = SURFACE_STYLE_FILL_AREA ( #8222 ) ;
#4600 =( GEOMETRIC_REPRESENTATION_CONTEXT ( 3 ) GLOBAL_UNCERTAINTY_ASSIGNED_CONTEXT ( ( #8485 ) ) GLOBAL_UNIT_ASSIGNED_CONTEXT ( ( #8106, #155, #7281 ) ) REPRESENTATION_CONTEXT ( 'NONE', 'WORKASPACE' ) );
#4601 = EDGE_LOOP ( 'NONE', ( #26, #2244, #6598, #7005, #3926, #4522 ) ) ;
#4602 = SURFACE_SIDE_STYLE ('',( #5603 ) ) ;
#4603 = CARTESIAN_POINT ( 'NONE',  ( 0.3599999999999999867, -0.3300000000000002376, -0.3999999999999999667 ) ) ;
#4604 =( NAMED_UNIT ( * ) PLANE_ANGLE_UNIT ( ) SI_UNIT ( $, .RADIAN. ) );
#4605 = LINE ( 'NONE', #1956, #10420 ) ;
#4606 = AXIS2_PLACEMENT_3D ( 'NONE', #2351, #4953, #8511 ) ;
#4607 = DIRECTION ( 'NONE',  ( -1.000000000000000000, 0.000000000000000000, -2.130706760700809532E-12 ) ) ;
#4608 = ORIENTED_EDGE ( 'NONE', *, *, #10967, .T. ) ;
#4609 = UNCERTAINTY_MEASURE_WITH_UNIT (LENGTH_MEASURE( 1.000000000000000082E-05 ), #5541, 'distance_accuracy_value', 'NONE');
#4610 =( GEOMETRIC_REPRESENTATION_CONTEXT ( 3 ) GLOBAL_UNCERTAINTY_ASSIGNED_CONTEXT ( ( #4039 ) ) GLOBAL_UNIT_ASSIGNED_CONTEXT ( ( #4146, #8838, #11401 ) ) REPRESENTATION_CONTEXT ( 'NONE', 'WORKASPACE' ) );
#4611 =( LENGTH_UNIT ( ) NAMED_UNIT ( * ) SI_UNIT ( .MILLI., .METRE. ) );
#4612 = EDGE_CURVE ( 'NONE', #6141, #2303, #8115, .T. ) ;
#4613 = CARTESIAN_POINT ( 'NONE',  ( -0.2399999999999999911, 0.1799999999999998823, -0.5499999999999999334 ) ) ;
#4614 = MECHANICAL_DESIGN_GEOMETRIC_PRESENTATION_REPRESENTATION (  '', ( #3663 ), #3468 ) ;
#4615 = AXIS2_PLACEMENT_3D ( 'NONE', #5049, #4231, #1285 ) ;
#4616 = DIRECTION ( 'NONE',  ( -1.000000000000000000, 0.000000000000000000, -0.000000000000000000 ) ) ;
#4617 = COLOUR_RGB ( '',0.9098039215686274384, 0.4431372549019607643, 0.03137254901960784270 ) ;
#4618 = VERTEX_POINT ( 'NONE', #2700 ) ;
#4619 = ADVANCED_FACE ( 'NONE', ( #1013 ), #9907, .T. ) ;
#4620 =( NAMED_UNIT ( * ) SI_UNIT ( $, .STERADIAN. ) SOLID_ANGLE_UNIT ( ) );
#4621 =( NAMED_UNIT ( * ) PLANE_ANGLE_UNIT ( ) SI_UNIT ( $, .RADIAN. ) );
#4622 = CARTESIAN_POINT ( 'NONE',  ( 0.7638072358545767715, -0.03543013813032105941, -0.7000000000000000666 ) ) ;
#4623 = ORIENTED_EDGE ( 'NONE', *, *, #11677, .F. ) ;
#4624 = COLOUR_RGB ( '',0.000000000000000000, 0.000000000000000000, 0.000000000000000000 ) ;
#4625 = VECTOR ( 'NONE', #11121, 1000.000000000000000 ) ;
#4626 = CARTESIAN_POINT ( 'NONE',  ( -0.3829128784747790615, 0.1800000000000000766, -0.09999999999999988065 ) ) ;
#4627 = VECTOR ( 'NONE', #7297, 1000.000000000000000 ) ;
#4628 = DIRECTION ( 'NONE',  ( -1.000000000000000000, -0.000000000000000000, -0.000000000000000000 ) ) ;
#4629 = LINE ( 'NONE', #9942, #5999 ) ;
#4630 = PRESENTATION_STYLE_ASSIGNMENT (( #198 ) ) ;
#4631 = FACE_OUTER_BOUND ( 'NONE', #5052, .T. ) ;
#4632 = VERTEX_POINT ( 'NONE', #1113 ) ;
#4633 = MECHANICAL_DESIGN_GEOMETRIC_PRESENTATION_REPRESENTATION (  '', ( #7629 ), #8351 ) ;
#4634 = ADVANCED_FACE ( 'NONE', ( #1826 ), #8266, .T. ) ;
#4635 = FILL_AREA_STYLE ('',( #11002 ) ) ;
#4636 = LINE ( 'NONE', #4857, #6662 ) ;
#4637 = DIRECTION ( 'NONE',  ( 0.000000000000000000, 0.000000000000000000, -1.000000000000000000 ) ) ;
#4638 = FACE_OUTER_BOUND ( 'NONE', #644, .T. ) ;
#4639 = UNCERTAINTY_MEASURE_WITH_UNIT (LENGTH_MEASURE( 1.000000000000000082E-05 ), #3178, 'distance_accuracy_value', 'NONE');
#4640 = EDGE_LOOP ( 'NONE', ( #2151, #8949, #7422, #953 ) ) ;
#4641 = CARTESIAN_POINT ( 'NONE',  ( 0.8019999999999994911, 0.2800000000000000266, -0.1999999999999998723 ) ) ;
#4642 = PRESENTATION_STYLE_ASSIGNMENT (( #9108 ) ) ;
#4643 = FILL_AREA_STYLE_COLOUR ( '', #6178 ) ;
#4644 = CARTESIAN_POINT ( 'NONE',  ( 0.7432572952613161199, 0.06153433058964583729, -0.6990000000000000657 ) ) ;
#4645 = CARTESIAN_POINT ( 'NONE',  ( 0.7376454134560617160, 0.06732979804127568746, -0.7000000000000002887 ) ) ;
#4646 = CARTESIAN_POINT ( 'NONE',  ( -0.5300000000000003597, -0.4000000000000000222, -0.6999999999999999556 ) ) ;
#4647 = FILL_AREA_STYLE ('',( #2921 ) ) ;
#4648 =( NAMED_UNIT ( * ) PLANE_ANGLE_UNIT ( ) SI_UNIT ( $, .RADIAN. ) );
#4649 = ORIENTED_EDGE ( 'NONE', *, *, #6683, .T. ) ;
#4650 = ORIENTED_EDGE ( 'NONE', *, *, #11181, .T. ) ;
#4651 = COLOUR_RGB ( '',1.000000000000000000, 1.000000000000000000, 1.000000000000000000 ) ;
#4652 =( NAMED_UNIT ( * ) PLANE_ANGLE_UNIT ( ) SI_UNIT ( $, .RADIAN. ) );
#4653 = MECHANICAL_DESIGN_GEOMETRIC_PRESENTATION_REPRESENTATION (  '', ( #3891 ), #2206 ) ;
#4654 = EDGE_CURVE ( 'NONE', #2091, #528, #7448, .T. ) ;
#4655 = VERTEX_POINT ( 'NONE', #9227 ) ;
#4656 = FILL_AREA_STYLE_COLOUR ( '', #10001 ) ;
#4657 = CARTESIAN_POINT ( 'NONE',  ( 0.7619207317073168895, 0.03109756097560961718, -0.6999999999999999556 ) ) ;
#4658 = STYLED_ITEM ( 'NONE', ( #10532 ), #4879 ) ;
#4659 =( NAMED_UNIT ( * ) SI_UNIT ( $, .STERADIAN. ) SOLID_ANGLE_UNIT ( ) );
#4660 = CARTESIAN_POINT ( 'NONE',  ( 0.7584712718354248429, 0.05787608400088531391, -0.6999999999999999556 ) ) ;
#4661 = DIRECTION ( 'NONE',  ( 0.000000000000000000, -2.710505431213761085E-16, 1.000000000000000000 ) ) ;
#4662 = AXIS2_PLACEMENT_3D ( 'NONE', #9921, #10130, #7505 ) ;
#4663 = ORIENTED_EDGE ( 'NONE', *, *, #5450, .F. ) ;
#4664 = FACE_OUTER_BOUND ( 'NONE', #7485, .T. ) ;
#4665 = STYLED_ITEM ( 'NONE', ( #7415 ), #5085 ) ;
#4666 = EDGE_CURVE ( 'NONE', #3160, #1832, #4819, .T. ) ;
#4667 = PRESENTATION_STYLE_ASSIGNMENT (( #5613 ) ) ;
#4668 = DIRECTION ( 'NONE',  ( 0.000000000000000000, -2.216840928656986572E-15, -1.000000000000000000 ) ) ;
#4669 = CARTESIAN_POINT ( 'NONE',  ( 0.5124264068711930076, 0.3875735931288071812, -0.6999999999999999556 ) ) ;
#4670 =( NAMED_UNIT ( * ) SI_UNIT ( $, .STERADIAN. ) SOLID_ANGLE_UNIT ( ) );
#4671 = EDGE_CURVE ( 'NONE', #955, #1255, #11078, .T. ) ;
#4672 = FILL_AREA_STYLE_COLOUR ( '', #6411 ) ;
#4673 = FILL_AREA_STYLE_COLOUR ( '', #7046 ) ;
#4674 = ORIENTED_EDGE ( 'NONE', *, *, #2156, .T. ) ;
#4675 = CIRCLE ( 'NONE', #934, 0.05499999999999997946 ) ;
#4676 = SURFACE_STYLE_USAGE ( .BOTH. , #1198 ) ;
#4677 = UNCERTAINTY_MEASURE_WITH_UNIT (LENGTH_MEASURE( 1.000000000000000082E-05 ), #3850, 'distance_accuracy_value', 'NONE');
#4678 = LINE ( 'NONE', #2032, #10338 ) ;
#4679 = CARTESIAN_POINT ( 'NONE',  ( 0.7630333142538905378, -0.04806385596417656753, -0.7000000000000001776 ) ) ;
#4680 = CIRCLE ( 'NONE', #7478, 0.1000000000000000056 ) ;
#4681 = ORIENTED_EDGE ( 'NONE', *, *, #7845, .T. ) ;
#4682 = VECTOR ( 'NONE', #1098, 1000.000000000000000 ) ;
#4683 = CARTESIAN_POINT ( 'NONE',  ( 0.7391086127223470692, -0.05506426432120017228, -0.6990000000000001767 ) ) ;
#4684 = SURFACE_STYLE_FILL_AREA ( #8253 ) ;
#4685 = ADVANCED_FACE ( 'NONE', ( #5703 ), #1227, .T. ) ;
#4686 =( NAMED_UNIT ( * ) SI_UNIT ( $, .STERADIAN. ) SOLID_ANGLE_UNIT ( ) );
#4687 = FILL_AREA_STYLE_COLOUR ( '', #4259 ) ;
#4688 = DIRECTION ( 'NONE',  ( 0.000000000000000000, 0.000000000000000000, -1.000000000000000000 ) ) ;
#4689 = VECTOR ( 'NONE', #3419, 1000.000000000000000 ) ;
#4690 = COLOUR_RGB ( '',0.7529411764705882248, 0.7529411764705882248, 0.7529411764705882248 ) ;
#4691 = EDGE_CURVE ( 'NONE', #2556, #5286, #5301, .T. ) ;
#4692 = ORIENTED_EDGE ( 'NONE', *, *, #491, .F. ) ;
#4693 = CIRCLE ( 'NONE', #2626, 0.05500000000000003497 ) ;
#4694 = CARTESIAN_POINT ( 'NONE',  ( 0.7199999999999998623, -0.08475609756097575442, -0.6989999999999999547 ) ) ;
#4695 = SURFACE_SIDE_STYLE ('',( #1004 ) ) ;
#4696 = PLANE ( 'NONE',  #1481 ) ;
#4697 = STYLED_ITEM ( 'NONE', ( #1362 ), #7439 ) ;
#4698 = CARTESIAN_POINT ( 'NONE',  ( 0.7645121951219512324, 0.07256097560975606486, -0.6989999999999999547 ) ) ;
#4699 = DIRECTION ( 'NONE',  ( 0.000000000000000000, -1.000000000000000000, 0.000000000000000000 ) ) ;
#4700 =( NAMED_UNIT ( * ) SI_UNIT ( $, .STERADIAN. ) SOLID_ANGLE_UNIT ( ) );
#4701 =( NAMED_UNIT ( * ) PLANE_ANGLE_UNIT ( ) SI_UNIT ( $, .RADIAN. ) );
#4702 = EDGE_LOOP ( 'NONE', ( #10377, #433, #2416, #4347 ) ) ;
#4703 = CARTESIAN_POINT ( 'NONE',  ( 0.2399999999999999911, 0.1799999999999999101, -0.3999999999999999112 ) ) ;
#4704 = ORIENTED_EDGE ( 'NONE', *, *, #1518, .F. ) ;
#4705 = AXIS2_PLACEMENT_3D ( 'NONE', #10546, #7044, #2582 ) ;
#4706 = LINE ( 'NONE', #7292, #8273 ) ;
#4707 = PRESENTATION_STYLE_ASSIGNMENT (( #4487 ) ) ;
#4708 =( NAMED_UNIT ( * ) SI_UNIT ( $, .STERADIAN. ) SOLID_ANGLE_UNIT ( ) );
#4709 = COLOUR_RGB ( '',0.9098039215686274384, 0.4431372549019607643, 0.03137254901960784270 ) ;
#4710 =( LENGTH_UNIT ( ) NAMED_UNIT ( * ) SI_UNIT ( .MILLI., .METRE. ) );
#4711 = AXIS2_PLACEMENT_3D ( 'NONE', #7496, #4756, #9336 ) ;
#4712 = DIRECTION ( 'NONE',  ( -0.000000000000000000, 0.000000000000000000, -1.000000000000000000 ) ) ;
#4713 = DIRECTION ( 'NONE',  ( -1.000000000000000000, -0.000000000000000000, -0.000000000000000000 ) ) ;
#4714 = FILL_AREA_STYLE_COLOUR ( '', #7601 ) ;
#4715 = SURFACE_STYLE_FILL_AREA ( #1126 ) ;
#4716 = VERTEX_POINT ( 'NONE', #9399 ) ;
#4717 = VERTEX_POINT ( 'NONE', #5813 ) ;
#4718 = EDGE_CURVE ( 'NONE', #11136, #5489, #6884, .T. ) ;
#4719 = UNCERTAINTY_MEASURE_WITH_UNIT (LENGTH_MEASURE( 1.000000000000000082E-05 ), #1007, 'distance_accuracy_value', 'NONE');
#4720 = CARTESIAN_POINT ( 'NONE',  ( -0.3599999999999999867, 0.1799999999999998823, -0.5499999999999999334 ) ) ;
#4721 =( GEOMETRIC_REPRESENTATION_CONTEXT ( 3 ) GLOBAL_UNCERTAINTY_ASSIGNED_CONTEXT ( ( #8153 ) ) GLOBAL_UNIT_ASSIGNED_CONTEXT ( ( #10808, #2705, #9725 ) ) REPRESENTATION_CONTEXT ( 'NONE', 'WORKASPACE' ) );
#4722 = SURFACE_STYLE_FILL_AREA ( #7307 ) ;
#4723 = DIRECTION ( 'NONE',  ( 0.000000000000000000, 1.000000000000000000, -5.646886315028668105E-17 ) ) ;
#4724 = CARTESIAN_POINT ( 'NONE',  ( -0.2399999999999999911, 0.3300000000000000155, -0.1999999999999999001 ) ) ;
#4725 = SURFACE_STYLE_FILL_AREA ( #1134 ) ;
#4726 = AXIS2_PLACEMENT_3D ( 'NONE', #564, #7570, #8372 ) ;
#4727 = CIRCLE ( 'NONE', #10387, 0.05500000000000000722 ) ;
#4728 = VERTEX_POINT ( 'NONE', #3140 ) ;
#4729 = PRESENTATION_STYLE_ASSIGNMENT (( #7475 ) ) ;
#4730 = CIRCLE ( 'NONE', #3396, 0.09999999999999999167 ) ;
#4731 = DIRECTION ( 'NONE',  ( 0.000000000000000000, 1.000000000000000000, -5.646886315028668105E-17 ) ) ;
#4732 = LINE ( 'NONE', #8294, #10652 ) ;
#4733 = EDGE_LOOP ( 'NONE', ( #1048, #5219, #9916, #5175 ) ) ;
#4734 = ADVANCED_FACE ( 'NONE', ( #8497 ), #4765, .F. ) ;
#4735 = UNCERTAINTY_MEASURE_WITH_UNIT (LENGTH_MEASURE( 1.000000000000000082E-05 ), #4451, 'distance_accuracy_value', 'NONE');
#4736 = DIRECTION ( 'NONE',  ( 0.000000000000000000, 0.000000000000000000, -1.000000000000000000 ) ) ;
#4737 = STYLED_ITEM ( 'NONE', ( #9355 ), #341 ) ;
#4738 =( GEOMETRIC_REPRESENTATION_CONTEXT ( 3 ) GLOBAL_UNCERTAINTY_ASSIGNED_CONTEXT ( ( #2664 ) ) GLOBAL_UNIT_ASSIGNED_CONTEXT ( ( #6885, #4201, #10508 ) ) REPRESENTATION_CONTEXT ( 'NONE', 'WORKASPACE' ) );
#4739 = AXIS2_PLACEMENT_3D ( 'NONE', #4942, #8499, #9229 ) ;
#4740 = CARTESIAN_POINT ( 'NONE',  ( 0.7249018219829856946, 0.04123440683672699447, -0.6990000000000001767 ) ) ;
#4741 = CARTESIAN_POINT ( 'NONE',  ( 0.7213719512195120309, 0.03109756097560961718, -0.6989999999999999547 ) ) ;
#4742 = EDGE_CURVE ( 'NONE', #8049, #1319, #5860, .T. ) ;
#4743 = CARTESIAN_POINT ( 'NONE',  ( 0.7706018559070412222, 0.04418158324514952912, -0.6999999999999998446 ) ) ;
#4744 = ORIENTED_EDGE ( 'NONE', *, *, #4124, .T. ) ;
#4745 = SURFACE_SIDE_STYLE ('',( #377 ) ) ;
#4746 = CARTESIAN_POINT ( 'NONE',  ( 0.7264819296741593657, -0.08141460919036369592, -0.6999999999999998446 ) ) ;
#4747 = CYLINDRICAL_SURFACE ( 'NONE', #2713, 0.05500000000000003497 ) ;
#4748 = VECTOR ( 'NONE', #5011, 1000.000000000000000 ) ;
#4749 = SURFACE_SIDE_STYLE ('',( #10342 ) ) ;
#4750 =( GEOMETRIC_REPRESENTATION_CONTEXT ( 3 ) GLOBAL_UNCERTAINTY_ASSIGNED_CONTEXT ( ( #7159 ) ) GLOBAL_UNIT_ASSIGNED_CONTEXT ( ( #365, #5565, #4670 ) ) REPRESENTATION_CONTEXT ( 'NONE', 'WORKASPACE' ) );
#4751 = SURFACE_STYLE_USAGE ( .BOTH. , #2096 ) ;
#4752 = COLOUR_RGB ( '',1.000000000000000000, 1.000000000000000000, 1.000000000000000000 ) ;
#4753 = ADVANCED_FACE ( 'NONE', ( #7630 ), #8488, .F. ) ;
#4754 = UNCERTAINTY_MEASURE_WITH_UNIT (LENGTH_MEASURE( 1.000000000000000082E-05 ), #2423, 'distance_accuracy_value', 'NONE');
#4755 = VERTEX_POINT ( 'NONE', #9631 ) ;
#4756 = DIRECTION ( 'NONE',  ( -1.000000000000000000, -0.000000000000000000, -0.000000000000000000 ) ) ;
#4757 = PRESENTATION_STYLE_ASSIGNMENT (( #154 ) ) ;
#4758 = EDGE_CURVE ( 'NONE', #10400, #6016, #560, .T. ) ;
#4759 = VECTOR ( 'NONE', #1015, 1000.000000000000000 ) ;
#4760 = PRESENTATION_STYLE_ASSIGNMENT (( #1279 ) ) ;
#4761 = SURFACE_STYLE_FILL_AREA ( #10857 ) ;
#4762 = CARTESIAN_POINT ( 'NONE',  ( 0.7234628268449655453, 0.05730603104390292329, -0.6999999999999999556 ) ) ;
#4763 = FILL_AREA_STYLE ('',( #6560 ) ) ;
#4764 = LINE ( 'NONE', #2970, #7404 ) ;
#4765 = PLANE ( 'NONE',  #7090 ) ;
#4766 = ORIENTED_EDGE ( 'NONE', *, *, #5506, .T. ) ;
#4767 = COLOUR_RGB ( '',0.9098039215686274384, 0.4431372549019607643, 0.03137254901960784270 ) ;
#4768 = ORIENTED_EDGE ( 'NONE', *, *, #6202, .T. ) ;
#4769 = SURFACE_STYLE_FILL_AREA ( #8120 ) ;
#4770 = DIRECTION ( 'NONE',  ( -0.000000000000000000, -0.000000000000000000, -1.000000000000000000 ) ) ;
#4771 = SURFACE_STYLE_USAGE ( .BOTH. , #1178 ) ;
#4772 = AXIS2_PLACEMENT_3D ( 'NONE', #11251, #5867, #4114 ) ;
#4773 = CARTESIAN_POINT ( 'NONE',  ( 0.1199999999999999956, 0.1799999999999999378, -0.04999999999999975298 ) ) ;
#4774 = CARTESIAN_POINT ( 'NONE',  ( 0.7598504397977695612, 0.05673533901101516369, -0.6990000000000002878 ) ) ;
#4775 =( NAMED_UNIT ( * ) PLANE_ANGLE_UNIT ( ) SI_UNIT ( $, .RADIAN. ) );
#4776 = LINE ( 'NONE', #10873, #8543 ) ;
#4777 = ORIENTED_EDGE ( 'NONE', *, *, #507, .F. ) ;
#4778 = ORIENTED_EDGE ( 'NONE', *, *, #3674, .F. ) ;
#4779 = CARTESIAN_POINT ( 'NONE',  ( 0.7619207317073168895, 0.03109756097560961718, -0.6989999999999999547 ) ) ;
#4780 = CIRCLE ( 'NONE', #10626, 0.09999999999999999167 ) ;
#4781 = CARTESIAN_POINT ( 'NONE',  ( 0.7700000000000000178, 0.05088549064387543064, -0.6999999999999999556 ) ) ;
#4782 = UNCERTAINTY_MEASURE_WITH_UNIT (LENGTH_MEASURE( 1.000000000000000082E-05 ), #8373, 'distance_accuracy_value', 'NONE');
#4783 = CARTESIAN_POINT ( 'NONE',  ( 0.7702340657368704768, 0.04990010713600320086, -0.6990000000000001767 ) ) ;
#4784 = SURFACE_STYLE_USAGE ( .BOTH. , #2077 ) ;
#4785 = FILL_AREA_STYLE_COLOUR ( '', #6665 ) ;
#4786 = DIRECTION ( 'NONE',  ( -1.000000000000000000, -0.000000000000000000, -0.000000000000000000 ) ) ;
#4787 = STYLED_ITEM ( 'NONE', ( #494 ), #10674 ) ;
#4788 = DIRECTION ( 'NONE',  ( 0.000000000000000000, 1.000000000000000000, -5.646886315028668105E-17 ) ) ;
#4789 = CIRCLE ( 'NONE', #6284, 0.09999999999999999167 ) ;
#4790 = PRESENTATION_LAYER_ASSIGNMENT (  '', '', ( #9882 ) ) ;
#4791 =( LENGTH_UNIT ( ) NAMED_UNIT ( * ) SI_UNIT ( .MILLI., .METRE. ) );
#4792 = VERTEX_POINT ( 'NONE', #5925 ) ;
#4793 = FILL_AREA_STYLE ('',( #7265 ) ) ;
#4794 = CIRCLE ( 'NONE', #1050, 0.09999999999999999167 ) ;
#4795 = STYLED_ITEM ( 'NONE', ( #9114 ), #11176 ) ;
#4796 = CARTESIAN_POINT ( 'NONE',  ( 0.7248780487804876715, 0.04280678353658522867, -0.6989999999999999547 ) ) ;
#4797 = CARTESIAN_POINT ( 'NONE',  ( 0.7204901000093111296, 0.03359067750317596551, -0.6989999999999999547 ) ) ;
#4798 = STYLED_ITEM ( 'NONE', ( #9869 ), #9577 ) ;
#4799 = SURFACE_STYLE_USAGE ( .BOTH. , #3962 ) ;
#4800 = EDGE_CURVE ( 'NONE', #1127, #5415, #4161, .T. ) ;
#4801 = ORIENTED_EDGE ( 'NONE', *, *, #10498, .F. ) ;
#4802 = CARTESIAN_POINT ( 'NONE',  ( -0.5000000000000003331, 0.4000000000000000222, -0.6999999999999999556 ) ) ;
#4803 = FACE_OUTER_BOUND ( 'NONE', #4077, .T. ) ;
#4804 = AXIS2_PLACEMENT_3D ( 'NONE', #9373, #423, #4019 ) ;
#4805 = FACE_OUTER_BOUND ( 'NONE', #5325, .T. ) ;
#4806 =( LENGTH_UNIT ( ) NAMED_UNIT ( * ) SI_UNIT ( .MILLI., .METRE. ) );
#4807 = AXIS2_PLACEMENT_3D ( 'NONE', #6942, #535, #11225 ) ;
#4808 = ORIENTED_EDGE ( 'NONE', *, *, #1935, .T. ) ;
#4809 = DIRECTION ( 'NONE',  ( -0.3363908276654480334, 0.9417224702971438433, 0.000000000000000000 ) ) ;
#4810 = FILL_AREA_STYLE_COLOUR ( '', #9375 ) ;
#4811 = VECTOR ( 'NONE', #3741, 1000.000000000000000 ) ;
#4812 = CARTESIAN_POINT ( 'NONE',  ( -0.1429128784747789038, -0.1800000000000001321, -0.09999999999999988065 ) ) ;
#4813 = VECTOR ( 'NONE', #6809, 1000.000000000000000 ) ;
#4814 = DIRECTION ( 'NONE',  ( -1.000000000000000000, -0.000000000000000000, -0.000000000000000000 ) ) ;
#4815 = CARTESIAN_POINT ( 'NONE',  ( -0.2399999999999999911, 0.1799999999999997435, -0.6049999999999999822 ) ) ;
#4816 = EDGE_CURVE ( 'NONE', #5147, #5230, #680, .T. ) ;
#4817 = CARTESIAN_POINT ( 'NONE',  ( -0.8000000000000003775, 0.4000000000000000777, 0.000000000000000000 ) ) ;
#4818 = EDGE_CURVE ( 'NONE', #1117, #10699, #6966, .T. ) ;
#4819 = LINE ( 'NONE', #514, #11057 ) ;
#4820 = ORIENTED_EDGE ( 'NONE', *, *, #9731, .T. ) ;
#4821 = DIRECTION ( 'NONE',  ( -0.000000000000000000, -0.000000000000000000, 1.000000000000000000 ) ) ;
#4822 = COLOUR_RGB ( '',0.000000000000000000, 0.000000000000000000, 0.000000000000000000 ) ;
#4823 = ORIENTED_EDGE ( 'NONE', *, *, #577, .F. ) ;
#4824 = DIRECTION ( 'NONE',  ( 0.000000000000000000, 0.000000000000000000, 1.000000000000000000 ) ) ;
#4825 = CARTESIAN_POINT ( 'NONE',  ( 0.7271278738731559166, -0.08101950171326260941, -0.6989999999999998437 ) ) ;
#4826 = CARTESIAN_POINT ( 'NONE',  ( 0.7510021929839223453, -0.04808276008781538907, -0.6990000000000001767 ) ) ;
#4827 = CARTESIAN_POINT ( 'NONE',  ( -0.2399999999999999911, 0.1799999999999999378, -0.04999999999999975298 ) ) ;
#4828 = CYLINDRICAL_SURFACE ( 'NONE', #3034, 0.09999999999999999167 ) ;
#4829 = DIRECTION ( 'NONE',  ( 0.9353882635801357148, 0.3536223923290756077, 0.000000000000000000 ) ) ;
#4830 = CARTESIAN_POINT ( 'NONE',  ( 0.7630800117609415345, 0.05263499968943442797, -0.6990000000000001767 ) ) ;
#4831 = DIRECTION ( 'NONE',  ( 0.000000000000000000, -1.000000000000000000, 0.000000000000000000 ) ) ;
#4832 = EDGE_CURVE ( 'NONE', #6877, #7983, #5961, .T. ) ;
#4833 = DIRECTION ( 'NONE',  ( -1.000000000000000000, 0.000000000000000000, 0.000000000000000000 ) ) ;
#4834 = ORIENTED_EDGE ( 'NONE', *, *, #10009, .T. ) ;
#4835 = ORIENTED_EDGE ( 'NONE', *, *, #8408, .F. ) ;
#4836 = UNCERTAINTY_MEASURE_WITH_UNIT (LENGTH_MEASURE( 1.000000000000000082E-05 ), #791, 'distance_accuracy_value', 'NONE');
#4837 = PRESENTATION_LAYER_ASSIGNMENT (  '', '', ( #696 ) ) ;
#4838 = EDGE_CURVE ( 'NONE', #9441, #6757, #4224, .T. ) ;
#4839 =( NAMED_UNIT ( * ) SI_UNIT ( $, .STERADIAN. ) SOLID_ANGLE_UNIT ( ) );
#4840 = DIRECTION ( 'NONE',  ( 0.000000000000000000, 0.000000000000000000, -1.000000000000000000 ) ) ;
#4841 = SURFACE_STYLE_USAGE ( .BOTH. , #308 ) ;
#4842 = STYLED_ITEM ( 'NONE', ( #4630 ), #4949 ) ;
#4843 =( NAMED_UNIT ( * ) PLANE_ANGLE_UNIT ( ) SI_UNIT ( $, .RADIAN. ) );
#4844 = CIRCLE ( 'NONE', #1271, 0.1000000000000000056 ) ;
#4845 = LINE ( 'NONE', #7536, #6398 ) ;
#4846 = CARTESIAN_POINT ( 'NONE',  ( 0.8019999999999994911, -0.1800000000000000211, -0.09999999999999988065 ) ) ;
#4847 = PRESENTATION_STYLE_ASSIGNMENT (( #8406 ) ) ;
#4848 = ORIENTED_EDGE ( 'NONE', *, *, #9960, .T. ) ;
#4849 = AXIS2_PLACEMENT_3D ( 'NONE', #5210, #3480, #5330 ) ;
#4850 = FILL_AREA_STYLE ('',( #11232 ) ) ;
#4851 = STYLED_ITEM ( 'NONE', ( #1167 ), #3513 ) ;
#4852 = LINE ( 'NONE', #3839, #10004 ) ;
#4853 = PRESENTATION_STYLE_ASSIGNMENT (( #2148 ) ) ;
#4854 = SURFACE_STYLE_USAGE ( .BOTH. , #10111 ) ;
#4855 = ORIENTED_EDGE ( 'NONE', *, *, #3192, .T. ) ;
#4856 = FILL_AREA_STYLE_COLOUR ( '', #10028 ) ;
#4857 = CARTESIAN_POINT ( 'NONE',  ( -0.8000000000000004885, 0.4000000000000001332, 0.1000000000000000056 ) ) ;
#4858 = B_SPLINE_CURVE_WITH_KNOTS ( 'NONE', 3,
 ( #6542, #3899, #7480, #1259, #2087, #3061, #195, #7611, #4740, #2147, #4796 ),
 .UNSPECIFIED., .F., .F.,
 ( 4, 1, 1, 1, 1, 1, 1, 1, 4 ),
 ( 0.000000000000000000, 0.1252796967356235025, 0.2494199707420483858, 0.3733567994928193023, 0.4966812787822841302, 0.6202029157439812312, 0.7450863201614558173, 0.8712691950190976087, 1.000000000000000000 ),
 .UNSPECIFIED. ) ;
#4859 = DIRECTION ( 'NONE',  ( 0.000000000000000000, -1.000000000000000000, 2.464095846557965483E-15 ) ) ;
#4860 = FILL_AREA_STYLE_COLOUR ( '', #8735 ) ;
#4861 = FILL_AREA_STYLE ('',( #3971 ) ) ;
#4862 = UNCERTAINTY_MEASURE_WITH_UNIT (LENGTH_MEASURE( 1.000000000000000082E-05 ), #11102, 'distance_accuracy_value', 'NONE');
#4863 = EDGE_CURVE ( 'NONE', #2750, #4075, #7452, .T. ) ;
#4864 = VERTEX_POINT ( 'NONE', #11414 ) ;
#4865 = FILL_AREA_STYLE ('',( #501 ) ) ;
#4866 = CARTESIAN_POINT ( 'NONE',  ( 0.7211654284633510770, 0.05296491564371506172, -0.6989999999999998437 ) ) ;
#4867 = ORIENTED_EDGE ( 'NONE', *, *, #6119, .F. ) ;
#4868 = FACE_OUTER_BOUND ( 'NONE', #4203, .T. ) ;
#4869 = SURFACE_STYLE_USAGE ( .BOTH. , #3918 ) ;
#4870 =( NAMED_UNIT ( * ) PLANE_ANGLE_UNIT ( ) SI_UNIT ( $, .RADIAN. ) );
#4871 = FILL_AREA_STYLE_COLOUR ( '', #3060 ) ;
#4872 = CIRCLE ( 'NONE', #6552, 0.05499999999999997946 ) ;
#4873 =( NAMED_UNIT ( * ) PLANE_ANGLE_UNIT ( ) SI_UNIT ( $, .RADIAN. ) );
#4874 = VECTOR ( 'NONE', #8900, 1000.000000000000000 ) ;
#4875 = DIRECTION ( 'NONE',  ( 0.000000000000000000, 1.000000000000000000, 0.000000000000000000 ) ) ;
#4876 = CARTESIAN_POINT ( 'NONE',  ( 0.7643412487132871247, 0.03704262831464852357, -0.6989999999999998437 ) ) ;
#4877 = STYLED_ITEM ( 'NONE', ( #6268 ), #2507 ) ;
#4878 = VERTEX_POINT ( 'NONE', #11472 ) ;
#4879 = ADVANCED_FACE ( 'NONE', ( #6908 ), #11437, .T. ) ;
#4880 = ORIENTED_EDGE ( 'NONE', *, *, #11034, .T. ) ;
#4881 = MECHANICAL_DESIGN_GEOMETRIC_PRESENTATION_REPRESENTATION (  '', ( #748 ), #363 ) ;
#4882 = VECTOR ( 'NONE', #6587, 1000.000000000000000 ) ;
#4883 = CARTESIAN_POINT ( 'NONE',  ( 0.7293760032380109948, -0.08045954843172781201, -0.6989999999999999547 ) ) ;
#4884 = EDGE_CURVE ( 'NONE', #4226, #11009, #2448, .T. ) ;
#4885 = SURFACE_STYLE_USAGE ( .BOTH. , #342 ) ;
#4886 = PRESENTATION_LAYER_ASSIGNMENT (  '', '', ( #9578 ) ) ;
#4887 =( NAMED_UNIT ( * ) PLANE_ANGLE_UNIT ( ) SI_UNIT ( $, .RADIAN. ) );
#4888 = SURFACE_STYLE_FILL_AREA ( #1295 ) ;
#4889 = DIRECTION ( 'NONE',  ( 0.000000000000000000, -1.000000000000000000, 0.000000000000000000 ) ) ;
#4890 =( LENGTH_UNIT ( ) NAMED_UNIT ( * ) SI_UNIT ( .MILLI., .METRE. ) );
#4891 = CARTESIAN_POINT ( 'NONE',  ( 0.7644130480646664783, 0.04942627770300071777, -0.6999999999999996225 ) ) ;
#4892 = CARTESIAN_POINT ( 'NONE',  ( 0.09708712152522135097, -0.2800000000000000266, -0.3999999999999999112 ) ) ;
#4893 = VECTOR ( 'NONE', #10079, 1000.000000000000000 ) ;
#4894 = CARTESIAN_POINT ( 'NONE',  ( 0.7443711890243900342, -0.05548780487804889222, -0.6989999999999999547 ) ) ;
#4895 = VERTEX_POINT ( 'NONE', #6095 ) ;
#4896 = ORIENTED_EDGE ( 'NONE', *, *, #5610, .T. ) ;
#4897 = ADVANCED_FACE ( 'NONE', ( #1743 ), #989, .T. ) ;
#4898 = CARTESIAN_POINT ( 'NONE',  ( 0.2170871215252030140, -0.1800000000000000211, -0.4999999999999998890 ) ) ;
#4899 = LINE ( 'NONE', #8396, #8774 ) ;
#4900 = CARTESIAN_POINT ( 'NONE',  ( 0.7621108927475157557, 0.06343357961259252220, -0.6990000000000001767 ) ) ;
#4901 = ADVANCED_FACE ( 'NONE', ( #5283 ), #1805, .T. ) ;
#4902 = CARTESIAN_POINT ( 'NONE',  ( 0.8000000000000003775, 0.3999999999999998557, 0.000000000000000000 ) ) ;
#4903 = CIRCLE ( 'NONE', #7149, 0.09999999999999999167 ) ;
#4904 = CARTESIAN_POINT ( 'NONE',  ( 0.7271278738731559166, -0.08101950171326260941, -0.6989999999999998437 ) ) ;
#4905 = DIRECTION ( 'NONE',  ( -1.000000000000000000, -7.228014483236716277E-16, 0.000000000000000000 ) ) ;
#4906 = ADVANCED_FACE ( 'NONE', ( #5464 ), #9039, .T. ) ;
#4907 = VECTOR ( 'NONE', #5896, 1000.000000000000000 ) ;
#4908 = SURFACE_STYLE_USAGE ( .BOTH. , #1256 ) ;
#4909 = CARTESIAN_POINT ( 'NONE',  ( 0.8019999999999994911, -0.1800000000000000211, -0.3999999999999999112 ) ) ;
#4910 = ORIENTED_EDGE ( 'NONE', *, *, #9606, .T. ) ;
#4911 = CARTESIAN_POINT ( 'NONE',  ( 0.7370286761635985728, 0.06031887329182945845, -0.7000000000000000666 ) ) ;
#4912 = UNCERTAINTY_MEASURE_WITH_UNIT (LENGTH_MEASURE( 1.000000000000000082E-05 ), #5657, 'distance_accuracy_value', 'NONE');
#4913 = CARTESIAN_POINT ( 'NONE',  ( 0.09708712152522110117, -0.1800000000000002709, -0.09999999999999982514 ) ) ;
#4914 = DIRECTION ( 'NONE',  ( 0.9315776194850602376, -0.3635424856527061932, 0.000000000000000000 ) ) ;
#4915 = VECTOR ( 'NONE', #4550, 1000.000000000000114 ) ;
#4916 =( LENGTH_UNIT ( ) NAMED_UNIT ( * ) SI_UNIT ( .MILLI., .METRE. ) );
#4917 = ORIENTED_EDGE ( 'NONE', *, *, #2082, .T. ) ;
#4918 = COLOUR_RGB ( '',0.9098039215686274384, 0.4431372549019607643, 0.03137254901960784270 ) ;
#4919 = FACE_OUTER_BOUND ( 'NONE', #9084, .T. ) ;
#4920 = LINE ( 'NONE', #10340, #4191 ) ;
#4921 = DIRECTION ( 'NONE',  ( 0.000000000000000000, 0.000000000000000000, -1.000000000000000000 ) ) ;
#4922 = FILL_AREA_STYLE_COLOUR ( '', #3981 ) ;
#4923 = SURFACE_SIDE_STYLE ('',( #5852 ) ) ;
#4924 = DIRECTION ( 'NONE',  ( 0.000000000000000000, 0.000000000000000000, -1.000000000000000000 ) ) ;
#4925 =( NAMED_UNIT ( * ) PLANE_ANGLE_UNIT ( ) SI_UNIT ( $, .RADIAN. ) );
#4926 = PRESENTATION_LAYER_ASSIGNMENT (  '', '', ( #4737 ) ) ;
#4927 = COLOUR_RGB ( '',0.000000000000000000, 0.000000000000000000, 0.000000000000000000 ) ;
#4928 = MECHANICAL_DESIGN_GEOMETRIC_PRESENTATION_REPRESENTATION (  '', ( #8462 ), #6840 ) ;
#4929 = AXIS2_PLACEMENT_3D ( 'NONE', #9287, #5871, #516 ) ;
#4930 = ORIENTED_EDGE ( 'NONE', *, *, #10207, .F. ) ;
#4931 = DIRECTION ( 'NONE',  ( 0.000000000000000000, 1.000000000000000000, -1.971276677246372308E-15 ) ) ;
#4932 = CARTESIAN_POINT ( 'NONE',  ( 0.7193902439024388862, 0.04286394817073157365, -0.6989999999999999547 ) ) ;
#4933 = CARTESIAN_POINT ( 'NONE',  ( 0.7699999999999997957, 0.02134146341463407162, -0.6989999999999999547 ) ) ;
#4934 = ORIENTED_EDGE ( 'NONE', *, *, #7476, .T. ) ;
#4935 = AXIS2_PLACEMENT_3D ( 'NONE', #7914, #7023, #6844 ) ;
#4936 = COLOUR_RGB ( '',0.7529411764705882248, 0.7529411764705882248, 0.7529411764705882248 ) ;
#4937 = VECTOR ( 'NONE', #9371, 1000.000000000000000 ) ;
#4938 = CARTESIAN_POINT ( 'NONE',  ( 0.1199999999999999956, 0.3299999999999999600, -0.1999999999999999001 ) ) ;
#4939 = FILL_AREA_STYLE_COLOUR ( '', #8172 ) ;
#4940 = DIRECTION ( 'NONE',  ( 0.000000000000000000, 1.000000000000000000, -1.971276677246372308E-15 ) ) ;
#4941 = ORIENTED_EDGE ( 'NONE', *, *, #3291, .T. ) ;
#4942 = CARTESIAN_POINT ( 'NONE',  ( -0.8000000000000003775, -0.3999999999999999112, 0.1000000000000000056 ) ) ;
#4943 = ORIENTED_EDGE ( 'NONE', *, *, #9079, .T. ) ;
#4944 = AXIS2_PLACEMENT_3D ( 'NONE', #3302, #6958, #3180 ) ;
#4945 =( GEOMETRIC_REPRESENTATION_CONTEXT ( 3 ) GLOBAL_UNCERTAINTY_ASSIGNED_CONTEXT ( ( #3318 ) ) GLOBAL_UNIT_ASSIGNED_CONTEXT ( ( #7108, #891, #7883 ) ) REPRESENTATION_CONTEXT ( 'NONE', 'WORKASPACE' ) );
#4946 = VECTOR ( 'NONE', #8526, 1000.000000000000000 ) ;
#4947 = PRESENTATION_STYLE_ASSIGNMENT (( #3929 ) ) ;
#4948 = SURFACE_STYLE_FILL_AREA ( #7457 ) ;
#4949 = ADVANCED_FACE ( 'NONE', ( #9093 ), #8371, .T. ) ;
#4950 = LINE ( 'NONE', #636, #4813 ) ;
#4951 = SURFACE_SIDE_STYLE ('',( #1297 ) ) ;
#4952 =( NAMED_UNIT ( * ) PLANE_ANGLE_UNIT ( ) SI_UNIT ( $, .RADIAN. ) );
#4953 = DIRECTION ( 'NONE',  ( -1.000000000000000000, -0.000000000000000000, -0.000000000000000000 ) ) ;
#4954 = CARTESIAN_POINT ( 'NONE',  ( 0.7699999999999997957, -0.06646341463414648376, -0.6999999999999999556 ) ) ;
#4955 = COLOUR_RGB ( '',0.7921568627450980005, 0.8196078431372548767, 0.9333333333333333481 ) ;
#4956 = PLANE ( 'NONE',  #5910 ) ;
#4957 = EDGE_LOOP ( 'NONE', ( #2277, #6774, #1923, #8321 ) ) ;
#4958 = ORIENTED_EDGE ( 'NONE', *, *, #1807, .F. ) ;
#4959 = UNCERTAINTY_MEASURE_WITH_UNIT (LENGTH_MEASURE( 1.000000000000000082E-05 ), #7616, 'distance_accuracy_value', 'NONE');
#4960 = EDGE_CURVE ( 'NONE', #11669, #2115, #543, .T. ) ;
#4961 = VERTEX_POINT ( 'NONE', #3234 ) ;
#4962 =( NAMED_UNIT ( * ) PLANE_ANGLE_UNIT ( ) SI_UNIT ( $, .RADIAN. ) );
#4963 = CARTESIAN_POINT ( 'NONE',  ( 0.7697026605505737917, 0.05224606530358641421, -0.6999999999999999556 ) ) ;
#4964 = PRESENTATION_LAYER_ASSIGNMENT (  '', '', ( #8148 ) ) ;
#4965 = CARTESIAN_POINT ( 'NONE',  ( 0.7248780487804876715, 0.04280678353658522867, -0.6999999999999999556 ) ) ;
#4966 = DIRECTION ( 'NONE',  ( 0.000000000000000000, -2.464095846557964300E-15, -1.000000000000000000 ) ) ;
#4967 =( LENGTH_UNIT ( ) NAMED_UNIT ( * ) SI_UNIT ( .MILLI., .METRE. ) );
#4968 = CARTESIAN_POINT ( 'NONE',  ( 0.8000000000000003775, 0.3999999999999998557, -0.5999999999999999778 ) ) ;
#4969 = DIRECTION ( 'NONE',  ( 0.000000000000000000, 0.000000000000000000, 1.000000000000000000 ) ) ;
#4970 = DIRECTION ( 'NONE',  ( 0.000000000000000000, -0.000000000000000000, 1.000000000000000000 ) ) ;
#4971 = VERTEX_POINT ( 'NONE', #11400 ) ;
#4972 = ADVANCED_FACE ( 'NONE', ( #9500 ), #9439, .T. ) ;
#4973 = STYLED_ITEM ( 'NONE', ( #3700 ), #1953 ) ;
#4974 = EDGE_CURVE ( 'NONE', #4632, #11243, #2259, .T. ) ;
#4975 = PLANE ( 'NONE',  #11104 ) ;
#4976 = SURFACE_SIDE_STYLE ('',( #4091 ) ) ;
#4977 = CARTESIAN_POINT ( 'NONE',  ( 0.7706018559070412222, 0.04418158324514952912, -0.6989999999999998437 ) ) ;
#4978 = PRESENTATION_LAYER_ASSIGNMENT (  '', '', ( #10063 ) ) ;
#4979 = VERTEX_POINT ( 'NONE', #601 ) ;
#4980 = STYLED_ITEM ( 'NONE', ( #10946 ), #9196 ) ;
#4981 = DIRECTION ( 'NONE',  ( 0.000000000000000000, -2.464095846557964300E-15, -1.000000000000000000 ) ) ;
#4982 = CARTESIAN_POINT ( 'NONE',  ( 0.2399999999999999911, -0.3300000000000002931, -0.3999999999999999112 ) ) ;
#4983 =( LENGTH_UNIT ( ) NAMED_UNIT ( * ) SI_UNIT ( .MILLI., .METRE. ) );
#4984 = AXIS2_PLACEMENT_3D ( 'NONE', #2297, #1411, #5884 ) ;
#4985 = UNCERTAINTY_MEASURE_WITH_UNIT (LENGTH_MEASURE( 1.000000000000000082E-05 ), #8980, 'distance_accuracy_value', 'NONE');
#4986 = COLOUR_RGB ( '',0.9098039215686274384, 0.4431372549019607643, 0.03137254901960784270 ) ;
#4987 =( GEOMETRIC_REPRESENTATION_CONTEXT ( 3 ) GLOBAL_UNCERTAINTY_ASSIGNED_CONTEXT ( ( #2041 ) ) GLOBAL_UNIT_ASSIGNED_CONTEXT ( ( #8963, #128, #1968 ) ) REPRESENTATION_CONTEXT ( 'NONE', 'WORKASPACE' ) );
#4988 = VERTEX_POINT ( 'NONE', #2315 ) ;
#4989 = CARTESIAN_POINT ( 'NONE',  ( 0.7430667284974442621, 0.06822798065218037278, -0.6990000000000000657 ) ) ;
#4990 = ADVANCED_FACE ( 'NONE', ( #489 ), #4206, .T. ) ;
#4991 = CARTESIAN_POINT ( 'NONE',  ( -0.3599999999999999867, -0.3300000000000002376, -0.3999999999999999667 ) ) ;
#4992 = CARTESIAN_POINT ( 'NONE',  ( 0.7199999999999998623, -0.02935403963414644907, -0.6989999999999999547 ) ) ;
#4993 = ORIENTED_EDGE ( 'NONE', *, *, #4090, .T. ) ;
#4994 = AXIS2_PLACEMENT_3D ( 'NONE', #9315, #6886, #4970 ) ;
#4995 = CARTESIAN_POINT ( 'NONE',  ( 0.7199999999999999734, 0.09817073170731704934, -0.6989999999999999547 ) ) ;
#4996 = AXIS2_PLACEMENT_3D ( 'NONE', #3536, #906, #4549 ) ;
#4997 = FACE_OUTER_BOUND ( 'NONE', #8116, .T. ) ;
#4998 = CARTESIAN_POINT ( 'NONE',  ( 0.8019999999999994911, 0.2800000000000000266, -0.3999999999999999112 ) ) ;
#4999 =( LENGTH_UNIT ( ) NAMED_UNIT ( * ) SI_UNIT ( .MILLI., .METRE. ) );
#5000 = SURFACE_STYLE_USAGE ( .BOTH. , #2173 ) ;
#5001 = VERTEX_POINT ( 'NONE', #6139 ) ;
#5002 = CARTESIAN_POINT ( 'NONE',  ( 0.7705834767266072083, 0.04261450583618817123, -0.6999943368954925083 ) ) ;
#5003 = ORIENTED_EDGE ( 'NONE', *, *, #3591, .T. ) ;
#5004 =( NAMED_UNIT ( * ) PLANE_ANGLE_UNIT ( ) SI_UNIT ( $, .RADIAN. ) );
#5005 = AXIS2_PLACEMENT_3D ( 'NONE', #11379, #11207, #6693 ) ;
#5006 = PRESENTATION_STYLE_ASSIGNMENT (( #7700 ) ) ;
#5007 = DIRECTION ( 'NONE',  ( -0.000000000000000000, 1.000000000000000000, 0.000000000000000000 ) ) ;
#5008 = CARTESIAN_POINT ( 'NONE',  ( 0.3599999999999999867, 0.3299999999999999600, -0.1999999999999999001 ) ) ;
#5009 = SURFACE_SIDE_STYLE ('',( #7583 ) ) ;
#5010 = CIRCLE ( 'NONE', #10669, 0.05499999999999997946 ) ;
#5011 = DIRECTION ( 'NONE',  ( 0.000000000000000000, 1.000000000000000000, 0.000000000000000000 ) ) ;
#5012 = PRESENTATION_STYLE_ASSIGNMENT (( #2410 ) ) ;
#5013 = DIRECTION ( 'NONE',  ( -1.000000000000000000, -0.000000000000000000, -0.000000000000000000 ) ) ;
#5014 = FACE_OUTER_BOUND ( 'NONE', #8987, .T. ) ;
#5015 = VECTOR ( 'NONE', #10072, 1000.000000000000000 ) ;
#5016 = LINE ( 'NONE', #6001, #9880 ) ;
#5017 = VERTEX_POINT ( 'NONE', #5448 ) ;
#5018 = ORIENTED_EDGE ( 'NONE', *, *, #918, .F. ) ;
#5019 = ORIENTED_EDGE ( 'NONE', *, *, #11321, .F. ) ;
#5020 = CARTESIAN_POINT ( 'NONE',  ( 0.7706097560975608829, 0.04485518292682912772, -0.6999999999999999556 ) ) ;
#5021 = SURFACE_SIDE_STYLE ('',( #3946 ) ) ;
#5022 = SURFACE_STYLE_FILL_AREA ( #5071 ) ;
#5023 = DIRECTION ( 'NONE',  ( 0.000000000000000000, 2.397541290737903714E-15, 1.000000000000000000 ) ) ;
#5024 =( GEOMETRIC_REPRESENTATION_CONTEXT ( 3 ) GLOBAL_UNCERTAINTY_ASSIGNED_CONTEXT ( ( #2491 ) ) GLOBAL_UNIT_ASSIGNED_CONTEXT ( ( #2002, #4648, #218 ) ) REPRESENTATION_CONTEXT ( 'NONE', 'WORKASPACE' ) );
#5025 = DIRECTION ( 'NONE',  ( 0.000000000000000000, -1.000000000000000000, 2.634710515969108204E-15 ) ) ;
#5026 =( NAMED_UNIT ( * ) SI_UNIT ( $, .STERADIAN. ) SOLID_ANGLE_UNIT ( ) );
#5027 =( LENGTH_UNIT ( ) NAMED_UNIT ( * ) SI_UNIT ( .MILLI., .METRE. ) );
#5028 = CARTESIAN_POINT ( 'NONE',  ( 0.09708712152522107341, -0.1800000000000001321, -0.09999999999999988065 ) ) ;
#5029 = ORIENTED_EDGE ( 'NONE', *, *, #5702, .F. ) ;
#5030 = EDGE_CURVE ( 'NONE', #9970, #9831, #8143, .T. ) ;
#5031 = MECHANICAL_DESIGN_GEOMETRIC_PRESENTATION_REPRESENTATION (  '', ( #2213 ), #1448 ) ;
#5032 = LINE ( 'NONE', #1261, #6183 ) ;
#5033 =( NAMED_UNIT ( * ) SI_UNIT ( $, .STERADIAN. ) SOLID_ANGLE_UNIT ( ) );
#5034 = EDGE_LOOP ( 'NONE', ( #5551, #991, #9347, #2215, #898, #3553 ) ) ;
#5035 = ADVANCED_FACE ( 'NONE', ( #1723 ), #2560, .T. ) ;
#5036 =( NAMED_UNIT ( * ) PLANE_ANGLE_UNIT ( ) SI_UNIT ( $, .RADIAN. ) );
#5037 = DIRECTION ( 'NONE',  ( 0.000000000000000000, 2.464095846557963117E-15, 1.000000000000000000 ) ) ;
#5038 = CARTESIAN_POINT ( 'NONE',  ( 0.7705525547535493347, 0.04742052422395919009, -0.6999999999999999556 ) ) ;
#5039 = CARTESIAN_POINT ( 'NONE',  ( 0.8019999999999994911, 0.1800000000000000766, -0.4999999999999998890 ) ) ;
#5040 = ORIENTED_EDGE ( 'NONE', *, *, #11386, .F. ) ;
#5041 = CARTESIAN_POINT ( 'NONE',  ( -0.02291287847477891174, -0.1800000000000001321, -0.09999999999999988065 ) ) ;
#5042 = CARTESIAN_POINT ( 'NONE',  ( -0.3599999999999999867, 0.3299999999999999600, -0.3999999999999999667 ) ) ;
#5043 = CARTESIAN_POINT ( 'NONE',  ( 0.7265866782741136065, -0.04805897454292493154, -0.6989999999999997327 ) ) ;
#5044 =( GEOMETRIC_REPRESENTATION_CONTEXT ( 3 ) GLOBAL_UNCERTAINTY_ASSIGNED_CONTEXT ( ( #9186 ) ) GLOBAL_UNIT_ASSIGNED_CONTEXT ( ( #6544, #2150, #1201 ) ) REPRESENTATION_CONTEXT ( 'NONE', 'WORKASPACE' ) );
#5045 = ORIENTED_EDGE ( 'NONE', *, *, #9262, .F. ) ;
#5046 = EDGE_CURVE ( 'NONE', #6980, #484, #7080, .T. ) ;
#5047 = CARTESIAN_POINT ( 'NONE',  ( -0.3599999999999999867, 0.1799999999999999378, -0.04999999999999975298 ) ) ;
#5048 = CARTESIAN_POINT ( 'NONE',  ( 0.7254878048780486477, -0.02932545731707328004, -0.6989999999999999547 ) ) ;
#5049 = CARTESIAN_POINT ( 'NONE',  ( -0.1199999999999999956, 0.3300000000000000155, -0.1999999999999999001 ) ) ;
#5050 = EDGE_CURVE ( 'NONE', #6467, #2556, #8687, .T. ) ;
#5051 = VECTOR ( 'NONE', #10500, 1000.000000000000000 ) ;
#5052 = EDGE_LOOP ( 'NONE', ( #8065, #3911, #7656, #3003, #10024 ) ) ;
#5053 = ORIENTED_EDGE ( 'NONE', *, *, #1867, .T. ) ;
#5054 = VECTOR ( 'NONE', #8426, 1000.000000000000000 ) ;
#5055 = LINE ( 'NONE', #5992, #3575 ) ;
#5056 = LINE ( 'NONE', #6690, #5303 ) ;
#5057 = SURFACE_STYLE_FILL_AREA ( #1460 ) ;
#5058 = FACE_OUTER_BOUND ( 'NONE', #5278, .T. ) ;
#5059 = STYLED_ITEM ( 'NONE', ( #3631 ), #5480 ) ;
#5060 = CARTESIAN_POINT ( 'NONE',  ( 0.8019999999999994911, -0.1800000000000000211, -0.09999999999999988065 ) ) ;
#5061 = DIRECTION ( 'NONE',  ( 0.000000000000000000, 1.000000000000000000, -2.578241652818821251E-15 ) ) ;
#5062 = DIRECTION ( 'NONE',  ( 0.000000000000000000, 0.000000000000000000, 1.000000000000000000 ) ) ;
#5063 = LINE ( 'NONE', #9533, #78 ) ;
#5064 = DIRECTION ( 'NONE',  ( -0.000000000000000000, -0.000000000000000000, 1.000000000000000000 ) ) ;
#5065 = ORIENTED_EDGE ( 'NONE', *, *, #11582, .F. ) ;
#5066 = EDGE_LOOP ( 'NONE', ( #540, #5739, #975, #1248 ) ) ;
#5067 = ORIENTED_EDGE ( 'NONE', *, *, #9246, .T. ) ;
#5068 = STYLED_ITEM ( 'NONE', ( #10093 ), #7385 ) ;
#5069 = CARTESIAN_POINT ( 'NONE',  ( 0.3370871215252208009, -0.1800000000000000211, -0.4999999999999998890 ) ) ;
#5070 = CARTESIAN_POINT ( 'NONE',  ( 0.8019999999999994911, -0.2800000000000000266, -0.1999999999999999001 ) ) ;
#5071 = FILL_AREA_STYLE ('',( #6882 ) ) ;
#5072 = VECTOR ( 'NONE', #7832, 1000.000000000000000 ) ;
#5073 = DIRECTION ( 'NONE',  ( 0.000000000000000000, 1.000000000000000000, -5.646886315028668105E-17 ) ) ;
#5074 = ADVANCED_FACE ( 'NONE', ( #973 ), #1904, .T. ) ;
#5075 = CARTESIAN_POINT ( 'NONE',  ( -0.8000000000000003775, 0.4000000000000000777, -0.6700000000000000400 ) ) ;
#5076 = FILL_AREA_STYLE ('',( #9434 ) ) ;
#5077 = VERTEX_POINT ( 'NONE', #2993 ) ;
#5078 = PRODUCT_DEFINITION_CONTEXT ( 'detailed design', #291, 'design' ) ;
#5079 = CARTESIAN_POINT ( 'NONE',  ( 0.7447612320382246409, 0.06156805012968615681, -0.6989999999999998437 ) ) ;
#5080 =( GEOMETRIC_REPRESENTATION_CONTEXT ( 3 ) GLOBAL_UNCERTAINTY_ASSIGNED_CONTEXT ( ( #996 ) ) GLOBAL_UNIT_ASSIGNED_CONTEXT ( ( #8066, #4652, #6349 ) ) REPRESENTATION_CONTEXT ( 'NONE', 'WORKASPACE' ) );
#5081 =( NAMED_UNIT ( * ) SI_UNIT ( $, .STERADIAN. ) SOLID_ANGLE_UNIT ( ) );
#5082 = DIRECTION ( 'NONE',  ( 0.000000000000000000, 0.000000000000000000, -1.000000000000000000 ) ) ;
#5083 = EDGE_LOOP ( 'NONE', ( #9172, #8575, #7713, #5212 ) ) ;
#5084 = SURFACE_STYLE_USAGE ( .BOTH. , #795 ) ;
#5085 = ADVANCED_FACE ( 'NONE', ( #64 ), #3769, .T. ) ;
#5086 = CARTESIAN_POINT ( 'NONE',  ( 0.7645121951219512324, 0.09146341463414631168, -0.6989999999999999547 ) ) ;
#5087 =( LENGTH_UNIT ( ) NAMED_UNIT ( * ) SI_UNIT ( .MILLI., .METRE. ) );
#5088 = COLOUR_RGB ( '',0.9098039215686274384, 0.4431372549019607643, 0.03137254901960784270 ) ;
#5089 =( NAMED_UNIT ( * ) SI_UNIT ( $, .STERADIAN. ) SOLID_ANGLE_UNIT ( ) );
#5090 = FILL_AREA_STYLE ('',( #6899 ) ) ;
#5091 = CARTESIAN_POINT ( 'NONE',  ( 0.1429128784747790704, 0.1799999999999999101, -0.3999999999999999112 ) ) ;
#5092 = DIRECTION ( 'NONE',  ( -1.000000000000000000, 0.000000000000000000, 0.000000000000000000 ) ) ;
#5093 = VERTEX_POINT ( 'NONE', #10985 ) ;
#5094 = ADVANCED_FACE ( 'NONE', ( #9249 ), #2890, .T. ) ;
#5095 = ORIENTED_EDGE ( 'NONE', *, *, #6604, .T. ) ;
#5096 =( GEOMETRIC_REPRESENTATION_CONTEXT ( 3 ) GLOBAL_UNCERTAINTY_ASSIGNED_CONTEXT ( ( #3440 ) ) GLOBAL_UNIT_ASSIGNED_CONTEXT ( ( #8567, #462, #7648 ) ) REPRESENTATION_CONTEXT ( 'NONE', 'WORKASPACE' ) );
#5097 = PRESENTATION_STYLE_ASSIGNMENT (( #6965 ) ) ;
#5098 = CARTESIAN_POINT ( 'NONE',  ( 0.7351471617025384653, 0.06655304213625787280, -0.6989999999999999547 ) ) ;
#5099 = DIRECTION ( 'NONE',  ( 0.000000000000000000, -1.000000000000000000, 0.000000000000000000 ) ) ;
#5100 = DIRECTION ( 'NONE',  ( 0.000000000000000000, 2.578241652818821251E-15, 1.000000000000000000 ) ) ;
#5101 = VERTEX_POINT ( 'NONE', #3280 ) ;
#5102 = DIRECTION ( 'NONE',  ( 0.000000000000000000, 0.000000000000000000, 1.000000000000000000 ) ) ;
#5103 = EDGE_CURVE ( 'NONE', #9598, #5816, #5953, .T. ) ;
#5104 = FILL_AREA_STYLE_COLOUR ( '', #4241 ) ;
#5105 = CARTESIAN_POINT ( 'NONE',  ( 0.1199999999999999956, -0.3300000000000002931, -0.3999999999999999112 ) ) ;
#5106 = COLOUR_RGB ( '',0.7529411764705882248, 0.7529411764705882248, 0.7529411764705882248 ) ;
#5107 = STYLED_ITEM ( 'NONE', ( #4399 ), #6335 ) ;
#5109 = FILL_AREA_STYLE ('',( #11367 ) ) ;
#5108 = MECHANICAL_DESIGN_GEOMETRIC_PRESENTATION_REPRESENTATION (  '', ( #4363 ), #6413 ) ;
#5110 = DIRECTION ( 'NONE',  ( 1.000000000000000000, 2.710505431213762071E-16, 0.000000000000000000 ) ) ;
#5111 = ORIENTED_EDGE ( 'NONE', *, *, #5417, .T. ) ;
#5112 = CARTESIAN_POINT ( 'NONE',  ( -0.5000000000000004441, -0.4000000000000000222, -0.5999999999999998668 ) ) ;
#5113 = EDGE_CURVE ( 'NONE', #1255, #76, #2194, .T. ) ;
#5114 = ORIENTED_EDGE ( 'NONE', *, *, #5938, .T. ) ;
#5115 = CARTESIAN_POINT ( 'NONE',  ( 0.7416924754577467471, -0.05542911729228332252, -0.6999999999999997335 ) ) ;
#5116 =( GEOMETRIC_REPRESENTATION_CONTEXT ( 3 ) GLOBAL_UNCERTAINTY_ASSIGNED_CONTEXT ( ( #6541 ) ) GLOBAL_UNIT_ASSIGNED_CONTEXT ( ( #1823, #10678, #8997 ) ) REPRESENTATION_CONTEXT ( 'NONE', 'WORKASPACE' ) );
#5117 =( NAMED_UNIT ( * ) SI_UNIT ( $, .STERADIAN. ) SOLID_ANGLE_UNIT ( ) );
#5118 = CARTESIAN_POINT ( 'NONE',  ( 0.2629128784747790659, 0.1799999999999999101, -0.3999999999999999112 ) ) ;
#5119 = PLANE ( 'NONE',  #199 ) ;
#5120 = CARTESIAN_POINT ( 'NONE',  ( -0.8000000000000003775, -0.3999999999999999112, -0.6999999999999999556 ) ) ;
#5121 = CARTESIAN_POINT ( 'NONE',  ( 0.7401003257159104454, -0.04848450128361581069, -0.6989999999999999547 ) ) ;
#5122 = CARTESIAN_POINT ( 'NONE',  ( 0.7260975609756096238, -0.08118330792682940111, -0.6999999999999999556 ) ) ;
#5123 = DIRECTION ( 'NONE',  ( 0.000000000000000000, 0.000000000000000000, 1.000000000000000000 ) ) ;
#5124 =( NAMED_UNIT ( * ) PLANE_ANGLE_UNIT ( ) SI_UNIT ( $, .RADIAN. ) );
#5125 = COLOUR_RGB ( '',0.9098039215686274384, 0.4431372549019607643, 0.03137254901960784270 ) ;
#5126 = AXIS2_PLACEMENT_3D ( 'NONE', #2729, #7137, #4712 ) ;
#5127 = DIRECTION ( 'NONE',  ( 0.000000000000000000, 0.000000000000000000, -1.000000000000000000 ) ) ;
#5128 = DIRECTION ( 'NONE',  ( 0.000000000000000000, 1.000000000000000000, 0.000000000000000000 ) ) ;
#5129 = VERTEX_POINT ( 'NONE', #11160 ) ;
#5130 = VERTEX_POINT ( 'NONE', #8632 ) ;
#5131 =( GEOMETRIC_REPRESENTATION_CONTEXT ( 3 ) GLOBAL_UNCERTAINTY_ASSIGNED_CONTEXT ( ( #2888 ) ) GLOBAL_UNIT_ASSIGNED_CONTEXT ( ( #1436, #5036, #7552 ) ) REPRESENTATION_CONTEXT ( 'NONE', 'WORKASPACE' ) );
#5132 = VERTEX_POINT ( 'NONE', #3166 ) ;
#5133 = DIRECTION ( 'NONE',  ( 0.000000000000000000, 0.000000000000000000, 1.000000000000000000 ) ) ;
#5134 = FILL_AREA_STYLE_COLOUR ( '', #7083 ) ;
#5135 = ADVANCED_FACE ( 'NONE', ( #591 ), #9424, .T. ) ;
#5136 = STYLED_ITEM ( 'NONE', ( #10105 ), #772 ) ;
#5137 = MECHANICAL_DESIGN_GEOMETRIC_PRESENTATION_REPRESENTATION (  '', ( #6813 ), #1946 ) ;
#5138 = CARTESIAN_POINT ( 'NONE',  ( -0.2399999999999999911, 0.3300000000000000155, -0.1999999999999999001 ) ) ;
#5139 = DIRECTION ( 'NONE',  ( 0.000000000000000000, -2.464095846557964300E-15, -1.000000000000000000 ) ) ;
#5140 = FILL_AREA_STYLE ('',( #1534 ) ) ;
#5141 = EDGE_LOOP ( 'NONE', ( #2853, #8516, #456, #134 ) ) ;
#5142 = CARTESIAN_POINT ( 'NONE',  ( -0.8000000000000003775, -0.3699999999999998845, -0.6999999999999999556 ) ) ;
#5143 = PRESENTATION_LAYER_ASSIGNMENT (  '', '', ( #11370 ) ) ;
#5144 = DIRECTION ( 'NONE',  ( 0.9407669869669993412, -0.3390537954853682923, 0.000000000000000000 ) ) ;
#5145 = DIRECTION ( 'NONE',  ( 0.000000000000000000, 0.000000000000000000, -1.000000000000000000 ) ) ;
#5147 = VERTEX_POINT ( 'NONE', #11332 ) ;
#5146 = CARTESIAN_POINT ( 'NONE',  ( -0.1429128784747790148, -0.1800000000000001876, -0.1999999999999998723 ) ) ;
#5148 = COLOUR_RGB ( '',0.000000000000000000, 0.000000000000000000, 1.000000000000000000 ) ;
#5149 = CARTESIAN_POINT ( 'NONE',  ( 0.7249018219829856946, 0.04123440683672699447, -0.7000000000000001776 ) ) ;
#5150 =( NAMED_UNIT ( * ) SI_UNIT ( $, .STERADIAN. ) SOLID_ANGLE_UNIT ( ) );
#5151 = DIRECTION ( 'NONE',  ( -1.000000000000000000, 0.000000000000000000, 0.000000000000000000 ) ) ;
#5152 = COLOUR_RGB ( '',0.000000000000000000, 0.000000000000000000, 0.000000000000000000 ) ;
#5153 = FACE_OUTER_BOUND ( 'NONE', #3615, .T. ) ;
#5154 =( NAMED_UNIT ( * ) PLANE_ANGLE_UNIT ( ) SI_UNIT ( $, .RADIAN. ) );
#5155 = CARTESIAN_POINT ( 'NONE',  ( 0.3829128784747786729, -0.2800000000000000266, -0.3999999999999999112 ) ) ;
#5156 = LINE ( 'NONE', #6901, #3110 ) ;
#5157 = ORIENTED_EDGE ( 'NONE', *, *, #4253, .F. ) ;
#5158 = VECTOR ( 'NONE', #8362, 999.9999999999998863 ) ;
#5159 = CARTESIAN_POINT ( 'NONE',  ( 0.7690690785285905218, -0.03703077047094577301, -0.7000000000000000666 ) ) ;
#5160 = VECTOR ( 'NONE', #10090, 1000.000000000000000 ) ;
#5161 = EDGE_CURVE ( 'NONE', #11658, #8955, #9484, .T. ) ;
#5162 = DIRECTION ( 'NONE',  ( 0.000000000000000000, 0.000000000000000000, 1.000000000000000000 ) ) ;
#5163 =( GEOMETRIC_REPRESENTATION_CONTEXT ( 3 ) GLOBAL_UNCERTAINTY_ASSIGNED_CONTEXT ( ( #8256 ) ) GLOBAL_UNIT_ASSIGNED_CONTEXT ( ( #8788, #6855, #4162 ) ) REPRESENTATION_CONTEXT ( 'NONE', 'WORKASPACE' ) );
#5164 = FILL_AREA_STYLE ('',( #6854 ) ) ;
#5165 = CARTESIAN_POINT ( 'NONE',  ( -0.1429128784747791814, 0.1800000000000000766, -0.4999999999999998890 ) ) ;
#5166 = EDGE_LOOP ( 'NONE', ( #1360, #5095, #5246, #312 ) ) ;
#5167 = CARTESIAN_POINT ( 'NONE',  ( 0.7208947507368492769, -0.03723473558547921169, -0.6999999999999999556 ) ) ;
#5168 = SURFACE_STYLE_USAGE ( .BOTH. , #4165 ) ;
#5169 = DIRECTION ( 'NONE',  ( -0.000000000000000000, -0.000000000000000000, -1.000000000000000000 ) ) ;
#5170 = CARTESIAN_POINT ( 'NONE',  ( 2.674365358797588286E-16, -0.3700000000000004952, -0.6700000000000000400 ) ) ;
#5171 = COLOUR_RGB ( '',0.7529411764705882248, 0.7529411764705882248, 0.7529411764705882248 ) ;
#5172 = AXIS2_PLACEMENT_3D ( 'NONE', #8773, #5145, #11576 ) ;
#5173 = VERTEX_POINT ( 'NONE', #8399 ) ;
#5174 = CARTESIAN_POINT ( 'NONE',  ( 0.8019999999999994911, -0.1800000000000000211, -0.3999999999999999112 ) ) ;
#5175 = ORIENTED_EDGE ( 'NONE', *, *, #6055, .T. ) ;
#5176 = CARTESIAN_POINT ( 'NONE',  ( 0.7271911556569312651, -0.08154254375408004352, -0.6989999999999999547 ) ) ;
#5178 = UNCERTAINTY_MEASURE_WITH_UNIT (LENGTH_MEASURE( 1.000000000000000082E-05 ), #3431, 'distance_accuracy_value', 'NONE');
#5177 = MECHANICAL_DESIGN_GEOMETRIC_PRESENTATION_REPRESENTATION (  '', ( #10258 ), #8160 ) ;
#5179 = CARTESIAN_POINT ( 'NONE',  ( 0.8019999999999994911, -0.1800000000000000211, -0.4999999999999998890 ) ) ;
#5180 =( NAMED_UNIT ( * ) PLANE_ANGLE_UNIT ( ) SI_UNIT ( $, .RADIAN. ) );
#5181 = FACE_OUTER_BOUND ( 'NONE', #4313, .T. ) ;
#5182 = EDGE_CURVE ( 'NONE', #484, #9970, #2128, .T. ) ;
#5183 = SURFACE_STYLE_USAGE ( .BOTH. , #3397 ) ;
#5184 = SURFACE_STYLE_USAGE ( .BOTH. , #37 ) ;
#5185 =( LENGTH_UNIT ( ) NAMED_UNIT ( * ) SI_UNIT ( .MILLI., .METRE. ) );
#5186 = PRESENTATION_LAYER_ASSIGNMENT (  '', '', ( #9898 ) ) ;
#5187 =( GEOMETRIC_REPRESENTATION_CONTEXT ( 3 ) GLOBAL_UNCERTAINTY_ASSIGNED_CONTEXT ( ( #6834 ) ) GLOBAL_UNIT_ASSIGNED_CONTEXT ( ( #5593, #4588, #4700 ) ) REPRESENTATION_CONTEXT ( 'NONE', 'WORKASPACE' ) );
#5188 = CARTESIAN_POINT ( 'NONE',  ( -0.1429128784747791814, -0.2800000000000000266, -0.3999999999999999112 ) ) ;
#5189 = FILL_AREA_STYLE_COLOUR ( '', #8694 ) ;
#5190 = VERTEX_POINT ( 'NONE', #10565 ) ;
#5191 = EDGE_LOOP ( 'NONE', ( #7449, #8704, #925, #3217 ) ) ;
#5192 = ORIENTED_EDGE ( 'NONE', *, *, #5050, .F. ) ;
#5193 = FILL_AREA_STYLE ('',( #7890 ) ) ;
#5194 = PLANE ( 'NONE',  #10 ) ;
#5195 = COLOUR_RGB ( '',0.7529411764705882248, 0.7529411764705882248, 0.7529411764705882248 ) ;
#5196 = COLOUR_RGB ( '',0.000000000000000000, 0.000000000000000000, 0.000000000000000000 ) ;
#5197 = ORIENTED_EDGE ( 'NONE', *, *, #2811, .F. ) ;
#5198 =( NAMED_UNIT ( * ) PLANE_ANGLE_UNIT ( ) SI_UNIT ( $, .RADIAN. ) );
#5199 = ADVANCED_FACE ( 'NONE', ( #6129 ), #10690, .T. ) ;
#5200 =( GEOMETRIC_REPRESENTATION_CONTEXT ( 3 ) GLOBAL_UNCERTAINTY_ASSIGNED_CONTEXT ( ( #2959 ) ) GLOBAL_UNIT_ASSIGNED_CONTEXT ( ( #5302, #2589, #11489 ) ) REPRESENTATION_CONTEXT ( 'NONE', 'WORKASPACE' ) );
#5201 = CARTESIAN_POINT ( 'NONE',  ( 0.8019999999999994911, -0.1800000000000000211, -0.4999999999999998890 ) ) ;
#5202 = PLANE ( 'NONE',  #9072 ) ;
#5203 = LINE ( 'NONE', #844, #10805 ) ;
#5204 = CARTESIAN_POINT ( 'NONE',  ( 0.7213719512195120309, 0.03109756097560961718, -0.6989999999999999547 ) ) ;
#5205 = ORIENTED_EDGE ( 'NONE', *, *, #4365, .F. ) ;
#5206 = UNCERTAINTY_MEASURE_WITH_UNIT (LENGTH_MEASURE( 1.000000000000000082E-05 ), #5933, 'distance_accuracy_value', 'NONE');
#5207 = EDGE_CURVE ( 'NONE', #5807, #7730, #651, .T. ) ;
#5208 = CARTESIAN_POINT ( 'NONE',  ( 0.7296036585365851534, -0.08038300304878062685, -0.6999999999999999556 ) ) ;
#5209 =( NAMED_UNIT ( * ) PLANE_ANGLE_UNIT ( ) SI_UNIT ( $, .RADIAN. ) );
#5210 = CARTESIAN_POINT ( 'NONE',  ( -0.2399999999999999911, 0.3299999999999999600, -0.1999999999999999001 ) ) ;
#5211 = FACE_OUTER_BOUND ( 'NONE', #5083, .T. ) ;
#5212 = ORIENTED_EDGE ( 'NONE', *, *, #9556, .T. ) ;
#5213 = COLOUR_RGB ( '',0.9098039215686274384, 0.4431372549019607643, 0.03137254901960784270 ) ;
#5214 = SURFACE_STYLE_USAGE ( .BOTH. , #6260 ) ;
#5215 = SURFACE_STYLE_USAGE ( .BOTH. , #2440 ) ;
#5216 = DIRECTION ( 'NONE',  ( 0.000000000000000000, -2.710505431213761085E-16, 1.000000000000000000 ) ) ;
#5217 =( LENGTH_UNIT ( ) NAMED_UNIT ( * ) SI_UNIT ( .MILLI., .METRE. ) );
#5218 =( NAMED_UNIT ( * ) PLANE_ANGLE_UNIT ( ) SI_UNIT ( $, .RADIAN. ) );
#5219 = ORIENTED_EDGE ( 'NONE', *, *, #10096, .F. ) ;
#5220 = MECHANICAL_DESIGN_GEOMETRIC_PRESENTATION_REPRESENTATION (  '', ( #8564 ), #8960 ) ;
#5221 = CARTESIAN_POINT ( 'NONE',  ( 0.7673076820622032335, -0.04185497277515054515, -0.7000000000000001776 ) ) ;
#5222 = FILL_AREA_STYLE_COLOUR ( '', #4022 ) ;
#5223 = VERTEX_POINT ( 'NONE', #7895 ) ;
#5224 = B_SPLINE_SURFACE_WITH_KNOTS ( 'NONE', 3, 1, ( 
 ( #6042, #3498 ),
 ( #1558, #2628 ),
 ( #7096, #11475 ),
 ( #10721, #6213 ),
 ( #1747, #5167 ),
 ( #5349, #8726 ),
 ( #6970, #8919 ),
 ( #4459, #875 ),
 ( #10597, #9156 ),
 ( #8040, #3788 ),
 ( #10005, #202 ),
 ( #7150, #8095 ),
 ( #3563, #1102 ),
 ( #7322, #10894 ),
 ( #8978, #17 ),
 ( #4683, #2036 ),
 ( #9043, #5632 ),
 ( #2687, #1924 ),
 ( #992, #6493 ) ),
 .UNSPECIFIED., .F., .F., .F.,
 ( 4, 1, 1, 1, 1, 1, 1, 1, 1, 1, 1, 1, 1, 1, 1, 1, 4 ),
 ( 2, 2 ),
 ( 0.000000000000000000, 0.06863281452251175641, 0.1345696734730735256, 0.1983328812253325468, 0.2607959826476439757, 0.3220068264360581578, 0.3827308687972301171, 0.4435480458920922908, 0.5051454695004217177, 0.5662273706519549421, 0.6261207880494010780, 0.6853656576789719512, 0.7449101527780602749, 0.8054112038394390938, 0.8676331114143818191, 0.9323061688368516897, 1.000000000000000000 ),
 ( 0.000000000000000000, 1.000000000000000000 ),
 .UNSPECIFIED. ) ;
#5225 = FACE_OUTER_BOUND ( 'NONE', #3349, .T. ) ;
#5226 = CARTESIAN_POINT ( 'NONE',  ( 0.3049999999999999933, 0.3299999999999999600, -0.1999999999999999001 ) ) ;
#5227 = PRESENTATION_STYLE_ASSIGNMENT (( #2690 ) ) ;
#5228 = ADVANCED_FACE ( 'NONE', ( #9665 ), #8758, .F. ) ;
#5229 = UNCERTAINTY_MEASURE_WITH_UNIT (LENGTH_MEASURE( 1.000000000000000082E-05 ), #8768, 'distance_accuracy_value', 'NONE');
#5230 = VERTEX_POINT ( 'NONE', #1707 ) ;
#5231 = DIRECTION ( 'NONE',  ( 1.000000000000000000, 0.000000000000000000, 0.000000000000000000 ) ) ;
#5232 = EDGE_LOOP ( 'NONE', ( #3571, #4103, #3046, #6698 ) ) ;
#5233 = DIRECTION ( 'NONE',  ( 0.000000000000000000, 1.000000000000000000, 0.000000000000000000 ) ) ;
#5234 = FILL_AREA_STYLE_COLOUR ( '', #10512 ) ;
#5235 = PRESENTATION_STYLE_ASSIGNMENT (( #7049 ) ) ;
#5236 = DIRECTION ( 'NONE',  ( 1.000000000000000000, 0.000000000000000000, 0.000000000000000000 ) ) ;
#5237 =( LENGTH_UNIT ( ) NAMED_UNIT ( * ) SI_UNIT ( .MILLI., .METRE. ) );
#5238 = CARTESIAN_POINT ( 'NONE',  ( 0.7199999999999998623, 0.02134146341463407162, -0.6989999999999999547 ) ) ;
#5239 = COLOUR_RGB ( '',0.000000000000000000, 0.000000000000000000, 0.000000000000000000 ) ;
#5240 = FILL_AREA_STYLE ('',( #1699 ) ) ;
#5241 = SURFACE_STYLE_USAGE ( .BOTH. , #1635 ) ;
#5242 = ADVANCED_FACE ( 'NONE', ( #5316 ), #709, .F. ) ;
#5243 = CARTESIAN_POINT ( 'NONE',  ( -0.8000000000000003775, -0.3999999999999999112, 0.1000000000000000056 ) ) ;
#5244 = VECTOR ( 'NONE', #6032, 1000.000000000000000 ) ;
#5245 = EDGE_LOOP ( 'NONE', ( #1544, #5309, #3609, #8668 ) ) ;
#5246 = ORIENTED_EDGE ( 'NONE', *, *, #8366, .T. ) ;
#5247 = ORIENTED_EDGE ( 'NONE', *, *, #6447, .T. ) ;
#5248 = CARTESIAN_POINT ( 'NONE',  ( -0.8000000000000003775, -0.3999999999999999112, -2.154400374531753037 ) ) ;
#5249 = ADVANCED_FACE ( 'NONE', ( #4544 ), #9066, .T. ) ;
#5250 = DIRECTION ( 'NONE',  ( -1.000000000000000000, 0.000000000000000000, 0.000000000000000000 ) ) ;
#5251 = CARTESIAN_POINT ( 'NONE',  ( 0.7699999999999997957, -0.005487804878048864292, -0.6989999999999999547 ) ) ;
#5252 = EDGE_LOOP ( 'NONE', ( #2191, #702, #8156, #4556, #3809, #8895 ) ) ;
#5253 = LINE ( 'NONE', #5553, #8859 ) ;
#5254 = SURFACE_STYLE_FILL_AREA ( #8700 ) ;
#5255 = EDGE_CURVE ( 'NONE', #3190, #1036, #4491, .T. ) ;
#5256 = AXIS2_PLACEMENT_3D ( 'NONE', #7844, #853, #3351 ) ;
#5257 = CARTESIAN_POINT ( 'NONE',  ( -0.7875735931288073699, -0.3875735931288070146, -0.6999999999999999556 ) ) ;
#5258 = SURFACE_STYLE_USAGE ( .BOTH. , #10634 ) ;
#5259 = EDGE_LOOP ( 'NONE', ( #3895, #8962, #682, #1128 ) ) ;
#5260 = AXIS2_PLACEMENT_3D ( 'NONE', #1939, #3577, #7161 ) ;
#5261 =( GEOMETRIC_REPRESENTATION_CONTEXT ( 3 ) GLOBAL_UNCERTAINTY_ASSIGNED_CONTEXT ( ( #6389 ) ) GLOBAL_UNIT_ASSIGNED_CONTEXT ( ( #10889, #6543, #2088 ) ) REPRESENTATION_CONTEXT ( 'NONE', 'WORKASPACE' ) );
#5262 = CARTESIAN_POINT ( 'NONE',  ( 0.8019999999999994911, 0.2800000000000000266, -0.1999999999999998723 ) ) ;
#5263 = ADVANCED_FACE ( 'NONE', ( #8328 ), #113, .T. ) ;
#5264 = UNCERTAINTY_MEASURE_WITH_UNIT (LENGTH_MEASURE( 1.000000000000000082E-05 ), #5027, 'distance_accuracy_value', 'NONE');
#5265 = DIRECTION ( 'NONE',  ( -0.000000000000000000, -0.000000000000000000, -1.000000000000000000 ) ) ;
#5266 = CARTESIAN_POINT ( 'NONE',  ( 0.7462645968701541177, 0.06157147486115205348, -0.6999999999999999556 ) ) ;
#5267 = CARTESIAN_POINT ( 'NONE',  ( 0.7651140241921409180, 0.04332725031317544856, -0.7000000000000000666 ) ) ;
#5268 =( BOUNDED_CURVE ( )  B_SPLINE_CURVE ( 3, ( #362, #4669, #10270, #6422 ),
 .UNSPECIFIED., .F., .T. ) 
 B_SPLINE_CURVE_WITH_KNOTS ( ( 4, 4 ),
 ( 1.570796326794896558, 3.141592653589793116 ),
 .UNSPECIFIED. ) 
 CURVE ( )  GEOMETRIC_REPRESENTATION_ITEM ( )  RATIONAL_B_SPLINE_CURVE ( ( 1.000000000000000000, 0.8047378541243649375, 0.8047378541243649375, 1.000000000000000000 ) ) 
 REPRESENTATION_ITEM ( '' )  );
#5270 = EDGE_LOOP ( 'NONE', ( #5815, #7302, #7921, #1800 ) ) ;
#5269 =( NAMED_UNIT ( * ) PLANE_ANGLE_UNIT ( ) SI_UNIT ( $, .RADIAN. ) );
#5271 = EDGE_CURVE ( 'NONE', #2127, #6856, #1291, .T. ) ;
#5272 = CARTESIAN_POINT ( 'NONE',  ( 0.7605072377475304846, -0.04221895687313035467, -0.6990000000000002878 ) ) ;
#5273 = CARTESIAN_POINT ( 'NONE',  ( 0.2170871215252212771, -0.2800000000000000266, -0.3999999999999999112 ) ) ;
#5274 = LINE ( 'NONE', #7085, #2308 ) ;
#5275 = DIRECTION ( 'NONE',  ( 0.000000000000000000, 2.578241652818821251E-15, 1.000000000000000000 ) ) ;
#5276 = FILL_AREA_STYLE_COLOUR ( '', #7555 ) ;
#5277 = CARTESIAN_POINT ( 'NONE',  ( 0.7504878048780486699, -0.07292301829268306446, -0.6989999999999999547 ) ) ;
#5278 = EDGE_LOOP ( 'NONE', ( #2894, #8358, #6231, #11409 ) ) ;
#5279 = ORIENTED_EDGE ( 'NONE', *, *, #3496, .F. ) ;
#5280 = STYLED_ITEM ( 'NONE', ( #5874 ), #7760 ) ;
#5281 = CARTESIAN_POINT ( 'NONE',  ( 0.7548402523849156998, -0.05366337093947540909, -0.6999999999999999556 ) ) ;
#5282 = LINE ( 'NONE', #807, #3155 ) ;
#5283 = FACE_OUTER_BOUND ( 'NONE', #3430, .T. ) ;
#5284 = FACE_OUTER_BOUND ( 'NONE', #472, .T. ) ;
#5285 =( GEOMETRIC_REPRESENTATION_CONTEXT ( 3 ) GLOBAL_UNCERTAINTY_ASSIGNED_CONTEXT ( ( #11217 ) ) GLOBAL_UNIT_ASSIGNED_CONTEXT ( ( #9917, #11507, #3535 ) ) REPRESENTATION_CONTEXT ( 'NONE', 'WORKASPACE' ) );
#5286 = VERTEX_POINT ( 'NONE', #3205 ) ;
#5287 = DIRECTION ( 'NONE',  ( 0.000000000000000000, -1.000000000000000000, 0.000000000000000000 ) ) ;
#5288 = DIRECTION ( 'NONE',  ( 0.000000000000000000, 2.397541290737903714E-15, 1.000000000000000000 ) ) ;
#5289 = CARTESIAN_POINT ( 'NONE',  ( 0.7199999999999999734, 0.09146341463414631168, -0.6999999999999999556 ) ) ;
#5290 = FILL_AREA_STYLE_COLOUR ( '', #99 ) ;
#5291 = ORIENTED_EDGE ( 'NONE', *, *, #2673, .F. ) ;
#5292 = VERTEX_POINT ( 'NONE', #3995 ) ;
#5293 = PRESENTATION_LAYER_ASSIGNMENT (  '', '', ( #2833 ) ) ;
#5294 = CARTESIAN_POINT ( 'NONE',  ( 0.7199999999999998623, -0.02935403963414644907, -0.6999999999999999556 ) ) ;
#5295 = DIRECTION ( 'NONE',  ( -0.000000000000000000, -0.000000000000000000, -1.000000000000000000 ) ) ;
#5296 = FACE_OUTER_BOUND ( 'NONE', #11228, .T. ) ;
#5297 = CARTESIAN_POINT ( 'NONE',  ( 0.8019999999999994911, -0.1800000000000000211, -0.09999999999999988065 ) ) ;
#5298 = CARTESIAN_POINT ( 'NONE',  ( 0.7699999999999999067, -7.304812137121089082E-16, -0.6700000000000000400 ) ) ;
#5299 =( GEOMETRIC_REPRESENTATION_CONTEXT ( 3 ) GLOBAL_UNCERTAINTY_ASSIGNED_CONTEXT ( ( #1873 ) ) GLOBAL_UNIT_ASSIGNED_CONTEXT ( ( #715, #1533, #3114 ) ) REPRESENTATION_CONTEXT ( 'NONE', 'WORKASPACE' ) );
#5300 = MECHANICAL_DESIGN_GEOMETRIC_PRESENTATION_REPRESENTATION (  '', ( #10379 ), #4553 ) ;
#5301 = B_SPLINE_CURVE_WITH_KNOTS ( 'NONE', 3,
 ( #11135, #3925, #1286, #11199, #10300, #4876, #7506, #7574, #5645, #8435, #2226 ),
 .UNSPECIFIED., .F., .F.,
 ( 4, 1, 1, 1, 1, 1, 1, 1, 4 ),
 ( 0.000000000000000000, 0.1352946047634291937, 0.2667656579247481008, 0.3948160188358729172, 0.5200516544342453917, 0.6421757029708216047, 0.7626518205584227328, 0.8818340043805041883, 0.9999999999999998890 ),
 .UNSPECIFIED. ) ;
#5302 =( LENGTH_UNIT ( ) NAMED_UNIT ( * ) SI_UNIT ( .MILLI., .METRE. ) );
#5303 = VECTOR ( 'NONE', #7646, 1000.000000000000000 ) ;
#5304 = PRESENTATION_STYLE_ASSIGNMENT (( #6057 ) ) ;
#5305 =( NAMED_UNIT ( * ) PLANE_ANGLE_UNIT ( ) SI_UNIT ( $, .RADIAN. ) );
#5306 = DIRECTION ( 'NONE',  ( 1.000000000000000000, 0.000000000000000000, 0.000000000000000000 ) ) ;
#5307 = PRESENTATION_STYLE_ASSIGNMENT (( #894 ) ) ;
#5308 = VERTEX_POINT ( 'NONE', #11085 ) ;
#5309 = ORIENTED_EDGE ( 'NONE', *, *, #3589, .T. ) ;
#5310 = AXIS2_PLACEMENT_3D ( 'NONE', #3210, #11209, #6695 ) ;
#5311 = COLOUR_RGB ( '',0.7529411764705882248, 0.7529411764705882248, 0.7529411764705882248 ) ;
#5312 = PRESENTATION_LAYER_ASSIGNMENT (  '', '', ( #9618 ) ) ;
#5313 = LINE ( 'NONE', #834, #8817 ) ;
#5314 = EDGE_CURVE ( 'NONE', #2198, #2127, #2293, .T. ) ;
#5315 = LINE ( 'NONE', #7003, #122 ) ;
#5317 = ORIENTED_EDGE ( 'NONE', *, *, #11500, .F. ) ;
#5316 = FACE_OUTER_BOUND ( 'NONE', #10643, .T. ) ;
#5318 =( LENGTH_UNIT ( ) NAMED_UNIT ( * ) SI_UNIT ( .MILLI., .METRE. ) );
#5319 = COLOUR_RGB ( '',0.7529411764705882248, 0.7529411764705882248, 0.7529411764705882248 ) ;
#5320 = MECHANICAL_DESIGN_GEOMETRIC_PRESENTATION_REPRESENTATION (  '', ( #2493 ), #223 ) ;
#5321 = CARTESIAN_POINT ( 'NONE',  ( 0.7249018219829856946, 0.04123440683672699447, -0.7000000000000001776 ) ) ;
#5322 = ADVANCED_FACE ( 'NONE', ( #5058 ), #8566, .T. ) ;
#5323 = CARTESIAN_POINT ( 'NONE',  ( 0.8000000000000003775, 0.3999999999999998557, -0.6700000000000000400 ) ) ;
#5324 = SURFACE_STYLE_USAGE ( .BOTH. , #11450 ) ;
#5325 = EDGE_LOOP ( 'NONE', ( #10720, #7522, #720, #6135 ) ) ;
#5326 = UNCERTAINTY_MEASURE_WITH_UNIT (LENGTH_MEASURE( 1.000000000000000082E-05 ), #11132, 'distance_accuracy_value', 'NONE');
#5327 = ORIENTED_EDGE ( 'NONE', *, *, #1568, .F. ) ;
#5328 = AXIS2_PLACEMENT_3D ( 'NONE', #4483, #8219, #5374 ) ;
#5329 = STYLED_ITEM ( 'NONE', ( #9751 ), #1375 ) ;
#5330 = DIRECTION ( 'NONE',  ( -1.000000000000000000, 0.000000000000000000, 0.000000000000000000 ) ) ;
#5331 =( LENGTH_UNIT ( ) NAMED_UNIT ( * ) SI_UNIT ( .MILLI., .METRE. ) );
#5333 = ORIENTED_EDGE ( 'NONE', *, *, #10393, .F. ) ;
#5332 = PRESENTATION_STYLE_ASSIGNMENT (( #10642 ) ) ;
#5334 = SURFACE_STYLE_FILL_AREA ( #1729 ) ;
#5335 = EDGE_CURVE ( 'NONE', #4632, #9387, #10987, .T. ) ;
#5336 = DIRECTION ( 'NONE',  ( -0.000000000000000000, -0.000000000000000000, -1.000000000000000000 ) ) ;
#5337 = EDGE_CURVE ( 'NONE', #10956, #4979, #7647, .T. ) ;
#5338 = DIRECTION ( 'NONE',  ( 0.000000000000000000, 2.578241652818821251E-15, 1.000000000000000000 ) ) ;
#5339 = CARTESIAN_POINT ( 'NONE',  ( 0.7380861385654303719, -0.04806892693087000401, -0.7000000000000001776 ) ) ;
#5340 = DIRECTION ( 'NONE',  ( -0.000000000000000000, -0.000000000000000000, 1.000000000000000000 ) ) ;
#5341 =( GEOMETRIC_REPRESENTATION_CONTEXT ( 3 ) GLOBAL_UNCERTAINTY_ASSIGNED_CONTEXT ( ( #2075 ) ) GLOBAL_UNIT_ASSIGNED_CONTEXT ( ( #10937, #6369, #2999 ) ) REPRESENTATION_CONTEXT ( 'NONE', 'WORKASPACE' ) );
#5342 = ORIENTED_EDGE ( 'NONE', *, *, #4579, .T. ) ;
#5343 = DIRECTION ( 'NONE',  ( 0.000000000000000000, 0.000000000000000000, 1.000000000000000000 ) ) ;
#5344 = FILL_AREA_STYLE_COLOUR ( '', #5806 ) ;
#5345 = PRESENTATION_LAYER_ASSIGNMENT (  '', '', ( #3629 ) ) ;
#5346 = ORIENTED_EDGE ( 'NONE', *, *, #4816, .T. ) ;
#5347 = MECHANICAL_DESIGN_GEOMETRIC_PRESENTATION_REPRESENTATION (  '', ( #2878 ), #11554 ) ;
#5348 = B_SPLINE_CURVE_WITH_KNOTS ( 'NONE', 3,
 ( #2056, #9462, #5002, #7391 ),
 .UNSPECIFIED., .F., .F.,
 ( 4, 4 ),
 ( 2.625726630951568901E-10, 6.722488053040730616E-06 ),
 .UNSPECIFIED. ) ;
#5349 = CARTESIAN_POINT ( 'NONE',  ( 0.7216166758995572472, -0.03964004144171595634, -0.6990000000000000657 ) ) ;
#5350 = CARTESIAN_POINT ( 'NONE',  ( -0.5000000000000003331, 0.4000000000000000222, -0.6700000000000000400 ) ) ;
#5351 = CYLINDRICAL_SURFACE ( 'NONE', #1429, 0.09999999999999997780 ) ;
#5352 = CARTESIAN_POINT ( 'NONE',  ( 0.7474390243902437891, 0.01463414634146333569, -0.6999999999999999556 ) ) ;
#5353 = UNCERTAINTY_MEASURE_WITH_UNIT (LENGTH_MEASURE( 1.000000000000000082E-05 ), #7458, 'distance_accuracy_value', 'NONE');
#5354 = ORIENTED_EDGE ( 'NONE', *, *, #1960, .F. ) ;
#5355 = VECTOR ( 'NONE', #2383, 1000.000000000000000 ) ;
#5356 = ADVANCED_FACE ( 'NONE', ( #3151 ), #6750, .F. ) ;
#5357 = AXIS2_PLACEMENT_3D ( 'NONE', #8991, #4528, #10854 ) ;
#5358 = EDGE_LOOP ( 'NONE', ( #4848, #4389, #8645, #2370, #7068, #10361, #7390 ) ) ;
#5359 = CARTESIAN_POINT ( 'NONE',  ( 0.3829128784747791725, 0.1799999999999998823, -0.4999999999999998890 ) ) ;
#5360 = PRESENTATION_STYLE_ASSIGNMENT (( #29 ) ) ;
#5361 = FACE_OUTER_BOUND ( 'NONE', #10558, .T. ) ;
#5362 = PRESENTATION_STYLE_ASSIGNMENT (( #2638 ) ) ;
#5363 = PRESENTATION_STYLE_ASSIGNMENT (( #3447 ) ) ;
#5364 = CIRCLE ( 'NONE', #1394, 0.05499999999999997946 ) ;
#5365 = MECHANICAL_DESIGN_GEOMETRIC_PRESENTATION_REPRESENTATION (  '', ( #849 ), #267 ) ;
#5366 = PLANE ( 'NONE',  #3393 ) ;
#5367 = CIRCLE ( 'NONE', #5550, 0.05499999999999997946 ) ;
#5368 = CARTESIAN_POINT ( 'NONE',  ( -0.5000000000000004441, -0.4000000000000000222, 0.000000000000000000 ) ) ;
#5369 = DIRECTION ( 'NONE',  ( 1.000000000000000000, 0.000000000000000000, 0.000000000000000000 ) ) ;
#5370 = SURFACE_STYLE_USAGE ( .BOTH. , #9843 ) ;
#5371 = SURFACE_STYLE_FILL_AREA ( #3523 ) ;
#5372 = PLANE ( 'NONE',  #9159 ) ;
#5373 = EDGE_LOOP ( 'NONE', ( #8637, #9803, #8908, #643 ) ) ;
#5374 = DIRECTION ( 'NONE',  ( -1.000000000000000000, 0.000000000000000000, 0.000000000000000000 ) ) ;
#5375 = VECTOR ( 'NONE', #1439, 1000.000000000000000 ) ;
#5376 = ORIENTED_EDGE ( 'NONE', *, *, #6584, .T. ) ;
#5377 = VECTOR ( 'NONE', #3328, 1000.000000000000000 ) ;
#5378 = DIRECTION ( 'NONE',  ( 0.000000000000000000, 2.578241652818821251E-15, 1.000000000000000000 ) ) ;
#5379 = SURFACE_SIDE_STYLE ('',( #4599 ) ) ;
#5380 = ORIENTED_EDGE ( 'NONE', *, *, #11096, .F. ) ;
#5381 = FILL_AREA_STYLE ('',( #10443 ) ) ;
#5382 = PRESENTATION_LAYER_ASSIGNMENT (  '', '', ( #1986 ) ) ;
#5383 = DIRECTION ( 'NONE',  ( 0.000000000000000000, -1.000000000000000000, 0.000000000000000000 ) ) ;
#5384 =( NAMED_UNIT ( * ) SI_UNIT ( $, .STERADIAN. ) SOLID_ANGLE_UNIT ( ) );
#5385 = SURFACE_STYLE_FILL_AREA ( #1781 ) ;
#5386 = SURFACE_STYLE_FILL_AREA ( #7074 ) ;
#5387 = ORIENTED_EDGE ( 'NONE', *, *, #8162, .T. ) ;
#5388 = DIRECTION ( 'NONE',  ( 0.000000000000000000, -0.000000000000000000, -1.000000000000000000 ) ) ;
#5389 = CIRCLE ( 'NONE', #4804, 0.05500000000000003497 ) ;
#5390 =( GEOMETRIC_REPRESENTATION_CONTEXT ( 3 ) GLOBAL_UNCERTAINTY_ASSIGNED_CONTEXT ( ( #6712 ) ) GLOBAL_UNIT_ASSIGNED_CONTEXT ( ( #8793, #11540, #8310 ) ) REPRESENTATION_CONTEXT ( 'NONE', 'WORKASPACE' ) );
#5391 = VECTOR ( 'NONE', #4699, 1000.000000000000000 ) ;
#5392 = SURFACE_STYLE_USAGE ( .BOTH. , #11515 ) ;
#5393 = DIRECTION ( 'NONE',  ( 1.000000000000000000, 0.000000000000000000, 0.000000000000000000 ) ) ;
#5394 = VERTEX_POINT ( 'NONE', #11549 ) ;
#5395 = CARTESIAN_POINT ( 'NONE',  ( 0.8019999999999994911, -0.1800000000000000211, -0.3999999999999999112 ) ) ;
#5396 = PRESENTATION_STYLE_ASSIGNMENT (( #5214 ) ) ;
#5397 = PRESENTATION_LAYER_ASSIGNMENT (  '', '', ( #7629 ) ) ;
#5398 = FACE_OUTER_BOUND ( 'NONE', #7002, .T. ) ;
#5399 = FACE_OUTER_BOUND ( 'NONE', #5967, .T. ) ;
#5400 = ORIENTED_EDGE ( 'NONE', *, *, #7188, .T. ) ;
#5401 = DIRECTION ( 'NONE',  ( -0.000000000000000000, -0.000000000000000000, 1.000000000000000000 ) ) ;
#5402 = ADVANCED_FACE ( 'NONE', ( #3514 ), #4413, .T. ) ;
#5403 = PRESENTATION_LAYER_ASSIGNMENT (  '', '', ( #11048 ) ) ;
#5404 = ORIENTED_EDGE ( 'NONE', *, *, #945, .T. ) ;
#5405 = ADVANCED_FACE ( 'NONE', ( #6170 ), #1694, .T. ) ;
#5406 = SURFACE_STYLE_FILL_AREA ( #6270 ) ;
#5407 = EDGE_LOOP ( 'NONE', ( #3366, #11256, #3833, #11280, #8101, #1115, #4085 ) ) ;
#5408 = FACE_OUTER_BOUND ( 'NONE', #9228, .T. ) ;
#5409 = DIRECTION ( 'NONE',  ( 0.000000000000000000, 2.464095846557963117E-15, 1.000000000000000000 ) ) ;
#5410 = DIRECTION ( 'NONE',  ( 0.000000000000000000, -2.216840928656986572E-15, -1.000000000000000000 ) ) ;
#5411 = PRESENTATION_LAYER_ASSIGNMENT (  '', '', ( #4088 ) ) ;
#5412 = FILL_AREA_STYLE ('',( #9703 ) ) ;
#5413 = CIRCLE ( 'NONE', #8029, 0.09999999999999997780 ) ;
#5414 = EDGE_LOOP ( 'NONE', ( #2443, #5029, #3820, #3240 ) ) ;
#5415 = VERTEX_POINT ( 'NONE', #823 ) ;
#5416 =( NAMED_UNIT ( * ) SI_UNIT ( $, .STERADIAN. ) SOLID_ANGLE_UNIT ( ) );
#5417 = EDGE_CURVE ( 'NONE', #3880, #4632, #5481, .T. ) ;
#5418 = CARTESIAN_POINT ( 'NONE',  ( -0.8000000000000003775, -0.3999999999999999112, -0.5999999999999999778 ) ) ;
#5419 = COLOUR_RGB ( '',0.9098039215686274384, 0.4431372549019607643, 0.03137254901960784270 ) ;
#5420 = CYLINDRICAL_SURFACE ( 'NONE', #5260, 0.05500000000000003497 ) ;
#5421 = MECHANICAL_DESIGN_GEOMETRIC_PRESENTATION_REPRESENTATION (  '', ( #3124 ), #7850 ) ;
#5422 = CARTESIAN_POINT ( 'NONE',  ( 0.7455335365853656970, 0.06158536585365840393, -0.6989999999999999547 ) ) ;
#5423 = EDGE_CURVE ( 'NONE', #4961, #5129, #156, .T. ) ;
#5424 = CARTESIAN_POINT ( 'NONE',  ( 0.8019999999999994911, 0.1800000000000000766, -0.09999999999999988065 ) ) ;
#5425 = PRESENTATION_STYLE_ASSIGNMENT (( #9841 ) ) ;
#5426 = FACE_OUTER_BOUND ( 'NONE', #4233, .T. ) ;
#5427 = CARTESIAN_POINT ( 'NONE',  ( 0.7281472711831726841, -0.04054300060450933413, -0.6999999999999999556 ) ) ;
#5428 = CARTESIAN_POINT ( 'NONE',  ( 0.5000000000000004441, -0.4000000000000001332, -0.6999999999999999556 ) ) ;
#5429 = MECHANICAL_DESIGN_GEOMETRIC_PRESENTATION_REPRESENTATION (  '', ( #4109 ), #9947 ) ;
#5430 = ORIENTED_EDGE ( 'NONE', *, *, #5423, .F. ) ;
#5431 = CARTESIAN_POINT ( 'NONE',  ( 0.7581595582235475250, 0.06583755813996583495, -0.7000000000000001776 ) ) ;
#5432 = EDGE_LOOP ( 'NONE', ( #7767, #3648, #10559, #4320 ) ) ;
#5433 = VECTOR ( 'NONE', #5644, 1000.000000000000000 ) ;
#5434 = PRESENTATION_STYLE_ASSIGNMENT (( #2875 ) ) ;
#5435 =( LENGTH_UNIT ( ) NAMED_UNIT ( * ) SI_UNIT ( .MILLI., .METRE. ) );
#5436 = EDGE_LOOP ( 'NONE', ( #5157, #7204, #586, #867 ) ) ;
#5437 = STYLED_ITEM ( 'NONE', ( #7398 ), #5263 ) ;
#5438 = DIRECTION ( 'NONE',  ( -0.000000000000000000, -0.000000000000000000, -1.000000000000000000 ) ) ;
#5439 = STYLED_ITEM ( 'NONE', ( #5360 ), #2241 ) ;
#5440 = CARTESIAN_POINT ( 'NONE',  ( 0.7250638536624379737, 0.03968518678333547711, -0.6999999999999997335 ) ) ;
#5441 = SURFACE_STYLE_USAGE ( .BOTH. , #1837 ) ;
#5442 = DIRECTION ( 'NONE',  ( 0.000000000000000000, -2.216840928656986572E-15, -1.000000000000000000 ) ) ;
#5443 = ORIENTED_EDGE ( 'NONE', *, *, #4612, .T. ) ;
#5444 = UNCERTAINTY_MEASURE_WITH_UNIT (LENGTH_MEASURE( 1.000000000000000082E-05 ), #9366, 'distance_accuracy_value', 'NONE');
#5445 =( NAMED_UNIT ( * ) SI_UNIT ( $, .STERADIAN. ) SOLID_ANGLE_UNIT ( ) );
#5446 =( GEOMETRIC_REPRESENTATION_CONTEXT ( 3 ) GLOBAL_UNCERTAINTY_ASSIGNED_CONTEXT ( ( #9143 ) ) GLOBAL_UNIT_ASSIGNED_CONTEXT ( ( #8800, #3573, #886 ) ) REPRESENTATION_CONTEXT ( 'NONE', 'WORKASPACE' ) );
#5447 =( NAMED_UNIT ( * ) PLANE_ANGLE_UNIT ( ) SI_UNIT ( $, .RADIAN. ) );
#5448 = CARTESIAN_POINT ( 'NONE',  ( -0.05500000000000000028, 0.3299999999999999600, -0.3999999999999999667 ) ) ;
#5449 = CYLINDRICAL_SURFACE ( 'NONE', #10848, 0.05500000000000000028 ) ;
#5450 = EDGE_CURVE ( 'NONE', #2129, #11192, #3695, .T. ) ;
#5452 = ORIENTED_EDGE ( 'NONE', *, *, #10882, .T. ) ;
#5451 = CARTESIAN_POINT ( 'NONE',  ( 0.2170871215252209718, 0.1799999999999999101, -0.1999999999999998723 ) ) ;
#5453 = CARTESIAN_POINT ( 'NONE',  ( 0.7578916391204381098, -0.04481669907508958883, -0.6990000000000000657 ) ) ;
#5454 = VECTOR ( 'NONE', #11684, 1000.000000000000000 ) ;
#5455 = DIRECTION ( 'NONE',  ( -0.000000000000000000, 1.000000000000000000, -0.000000000000000000 ) ) ;
#5456 = FILL_AREA_STYLE_COLOUR ( '', #6069 ) ;
#5457 = AXIS2_PLACEMENT_3D ( 'NONE', #2792, #8247, #9038 ) ;
#5458 = CARTESIAN_POINT ( 'NONE',  ( 0.7592789774979515904, -0.04359542309886068473, -0.6999999999999997335 ) ) ;
#5459 = ORIENTED_EDGE ( 'NONE', *, *, #11158, .T. ) ;
#5460 = ORIENTED_EDGE ( 'NONE', *, *, #8047, .T. ) ;
#5461 =( GEOMETRIC_REPRESENTATION_CONTEXT ( 3 ) GLOBAL_UNCERTAINTY_ASSIGNED_CONTEXT ( ( #9101 ) ) GLOBAL_UNIT_ASSIGNED_CONTEXT ( ( #2137, #4843, #5726 ) ) REPRESENTATION_CONTEXT ( 'NONE', 'WORKASPACE' ) );
#5462 =( LENGTH_UNIT ( ) NAMED_UNIT ( * ) SI_UNIT ( .MILLI., .METRE. ) );
#5463 = CARTESIAN_POINT ( 'NONE',  ( 0.7254878048780486477, -0.02195121951219523165, -0.6989999999999999547 ) ) ;
#5464 = FACE_OUTER_BOUND ( 'NONE', #8797, .T. ) ;
#5465 = DIRECTION ( 'NONE',  ( 0.000000000000000000, 0.000000000000000000, -1.000000000000000000 ) ) ;
#5466 = CIRCLE ( 'NONE', #8424, 0.1000000000000000056 ) ;
#5467 = EDGE_CURVE ( 'NONE', #10205, #4895, #4680, .T. ) ;
#5468 = EDGE_LOOP ( 'NONE', ( #8324, #9597, #515, #11271 ) ) ;
#5469 = PRESENTATION_STYLE_ASSIGNMENT (( #8206 ) ) ;
#5470 = FILL_AREA_STYLE ('',( #3566 ) ) ;
#5471 = CARTESIAN_POINT ( 'NONE',  ( 0.7443711890243900342, -0.05548780487804889222, -0.6989999999999999547 ) ) ;
#5472 = EDGE_CURVE ( 'NONE', #10899, #2360, #11086, .T. ) ;
#5473 = UNCERTAINTY_MEASURE_WITH_UNIT (LENGTH_MEASURE( 1.000000000000000082E-05 ), #1129, 'distance_accuracy_value', 'NONE');
#5474 = ORIENTED_EDGE ( 'NONE', *, *, #7697, .T. ) ;
#5475 = VERTEX_POINT ( 'NONE', #5535 ) ;
#5476 = CARTESIAN_POINT ( 'NONE',  ( -0.8000000000000003775, 0.4000000000000000777, -0.5999999999999998668 ) ) ;
#5477 =( NAMED_UNIT ( * ) SI_UNIT ( $, .STERADIAN. ) SOLID_ANGLE_UNIT ( ) );
#5478 = STYLED_ITEM ( 'NONE', ( #2694 ), #8847 ) ;
#5479 = CYLINDRICAL_SURFACE ( 'NONE', #6094, 0.09999999999999999167 ) ;
#5480 = ADVANCED_FACE ( 'NONE', ( #2695 ), #4696, .T. ) ;
#5481 = LINE ( 'NONE', #1995, #9964 ) ;
#5482 = CARTESIAN_POINT ( 'NONE',  ( 0.7318949001140355737, 0.05761349786781598536, -0.6990000000000000657 ) ) ;
#5483 = LINE ( 'NONE', #2918, #5391 ) ;
#5484 =( GEOMETRIC_REPRESENTATION_CONTEXT ( 3 ) GLOBAL_UNCERTAINTY_ASSIGNED_CONTEXT ( ( #6701 ) ) GLOBAL_UNIT_ASSIGNED_CONTEXT ( ( #1022, #10084, #1952 ) ) REPRESENTATION_CONTEXT ( 'NONE', 'WORKASPACE' ) );
#5485 = FILL_AREA_STYLE_COLOUR ( '', #9891 ) ;
#5486 = ADVANCED_FACE ( 'NONE', ( #4585 ), #5420, .T. ) ;
#5487 = ORIENTED_EDGE ( 'NONE', *, *, #3345, .F. ) ;
#5488 =( NAMED_UNIT ( * ) PLANE_ANGLE_UNIT ( ) SI_UNIT ( $, .RADIAN. ) );
#5489 = VERTEX_POINT ( 'NONE', #10793 ) ;
#5490 = ADVANCED_FACE ( 'NONE', ( #8993 ), #1488, .F. ) ;
#5491 = AXIS2_PLACEMENT_3D ( 'NONE', #1571, #1517, #10734 ) ;
#5492 = DIRECTION ( 'NONE',  ( 0.000000000000000000, -0.000000000000000000, 1.000000000000000000 ) ) ;
#5493 = FILL_AREA_STYLE_COLOUR ( '', #7842 ) ;
#5494 = ORIENTED_EDGE ( 'NONE', *, *, #1211, .F. ) ;
#5495 = VECTOR ( 'NONE', #8755, 1000.000000000000000 ) ;
#5496 = FACE_OUTER_BOUND ( 'NONE', #5468, .T. ) ;
#5497 = CARTESIAN_POINT ( 'NONE',  ( 0.7273075889406347416, 0.03242558045063144434, -0.6999999999999999556 ) ) ;
#5498 = DIRECTION ( 'NONE',  ( 0.000000000000000000, -0.000000000000000000, 1.000000000000000000 ) ) ;
#5499 = CIRCLE ( 'NONE', #3597, 0.05499999999999997946 ) ;
#5500 = STYLED_ITEM ( 'NONE', ( #2278 ), #6326 ) ;
#5501 = CARTESIAN_POINT ( 'NONE',  ( -0.7700000000000003508, -0.3699999999999998845, -0.6999999999999999556 ) ) ;
#5502 = LINE ( 'NONE', #9076, #7802 ) ;
#5503 = ORIENTED_EDGE ( 'NONE', *, *, #2358, .T. ) ;
#5504 =( GEOMETRIC_REPRESENTATION_CONTEXT ( 3 ) GLOBAL_UNCERTAINTY_ASSIGNED_CONTEXT ( ( #3690 ) ) GLOBAL_UNIT_ASSIGNED_CONTEXT ( ( #5435, #6350, #6399 ) ) REPRESENTATION_CONTEXT ( 'NONE', 'WORKASPACE' ) );
#5505 = MANIFOLD_SOLID_BREP ( 'Í¹Ì¨-À­Éì1', #805 ) ;
#5506 = EDGE_CURVE ( 'NONE', #351, #9598, #3350, .T. ) ;
#5507 = MECHANICAL_DESIGN_GEOMETRIC_PRESENTATION_REPRESENTATION (  '', ( #10781 ), #5116 ) ;
#5508 = DIRECTION ( 'NONE',  ( 1.000000000000000000, 0.000000000000000000, 0.000000000000000000 ) ) ;
#5510 = ORIENTED_EDGE ( 'NONE', *, *, #2082, .F. ) ;
#5509 = CARTESIAN_POINT ( 'NONE',  ( 0.2629128784747790104, -0.1800000000000001876, -0.1999999999999998723 ) ) ;
#5511 =( NAMED_UNIT ( * ) PLANE_ANGLE_UNIT ( ) SI_UNIT ( $, .RADIAN. ) );
#5512 = DIRECTION ( 'NONE',  ( -1.000000000000000000, 5.421010862427520198E-16, 0.000000000000000000 ) ) ;
#5513 = CARTESIAN_POINT ( 'NONE',  ( -0.1199999999999999956, 0.1799999999999999101, -0.1999999999999998723 ) ) ;
#5514 = ORIENTED_EDGE ( 'NONE', *, *, #4542, .T. ) ;
#5515 = SURFACE_STYLE_USAGE ( .BOTH. , #135 ) ;
#5516 = STYLED_ITEM ( 'NONE', ( #8965 ), #6617 ) ;
#5517 = VECTOR ( 'NONE', #4788, 1000.000000000000000 ) ;
#5518 =( NAMED_UNIT ( * ) SI_UNIT ( $, .STERADIAN. ) SOLID_ANGLE_UNIT ( ) );
#5519 = DIRECTION ( 'NONE',  ( 0.000000000000000000, 0.000000000000000000, -1.000000000000000000 ) ) ;
#5520 = CARTESIAN_POINT ( 'NONE',  ( -0.8000000000000003775, 0.4000000000000000777, -0.5999999999999999778 ) ) ;
#5521 = CARTESIAN_POINT ( 'NONE',  ( -0.7700000000000003508, -0.3699999999999998845, -0.6999999999999999556 ) ) ;
#5522 = EDGE_LOOP ( 'NONE', ( #6189, #10262, #3988, #2605, #3593, #642, #6049 ) ) ;
#5523 = PRESENTATION_LAYER_ASSIGNMENT (  '', '', ( #8671 ) ) ;
#5524 = CIRCLE ( 'NONE', #8305, 0.05499999999999997946 ) ;
#5525 = LINE ( 'NONE', #935, #3201 ) ;
#5526 = CYLINDRICAL_SURFACE ( 'NONE', #600, 0.05499999999999997946 ) ;
#5527 =( NAMED_UNIT ( * ) PLANE_ANGLE_UNIT ( ) SI_UNIT ( $, .RADIAN. ) );
#5528 = DIRECTION ( 'NONE',  ( -9.486769009248167742E-16, -1.000000000000000000, 0.000000000000000000 ) ) ;
#5529 = EDGE_CURVE ( 'NONE', #5848, #1334, #8644, .T. ) ;
#5530 = ORIENTED_EDGE ( 'NONE', *, *, #10836, .F. ) ;
#5531 = CARTESIAN_POINT ( 'NONE',  ( 0.7682895406593494014, -0.03950711555366386019, -0.6990000000000000657 ) ) ;
#5532 = SURFACE_STYLE_FILL_AREA ( #8158 ) ;
#5533 = PRESENTATION_LAYER_ASSIGNMENT (  '', '', ( #1563 ) ) ;
#5534 = DIRECTION ( 'NONE',  ( 0.000000000000000000, 1.000000000000000000, 0.000000000000000000 ) ) ;
#5535 = CARTESIAN_POINT ( 'NONE',  ( 0.2170871215252027919, 0.2800000000000000266, -0.3999999999999999112 ) ) ;
#5536 = DIRECTION ( 'NONE',  ( 0.000000000000000000, 1.000000000000000000, -5.646886315028668105E-17 ) ) ;
#5537 = FILL_AREA_STYLE_COLOUR ( '', #1786 ) ;
#5538 = CARTESIAN_POINT ( 'NONE',  ( 0.7445141006097559799, -0.04878048780487816150, -0.6999999999999999556 ) ) ;
#5539 = VECTOR ( 'NONE', #9719, 1000.000000000000000 ) ;
#5540 =( GEOMETRIC_REPRESENTATION_CONTEXT ( 3 ) GLOBAL_UNCERTAINTY_ASSIGNED_CONTEXT ( ( #498 ) ) GLOBAL_UNIT_ASSIGNED_CONTEXT ( ( #10123, #5926, #5752 ) ) REPRESENTATION_CONTEXT ( 'NONE', 'WORKASPACE' ) );
#5541 =( LENGTH_UNIT ( ) NAMED_UNIT ( * ) SI_UNIT ( .MILLI., .METRE. ) );
#5542 = ORIENTED_EDGE ( 'NONE', *, *, #10955, .F. ) ;
#5543 = EDGE_CURVE ( 'NONE', #5190, #11438, #739, .T. ) ;
#5544 = CARTESIAN_POINT ( 'NONE',  ( 0.7199999999999998623, -0.01524390243902449919, -0.6989999999999999547 ) ) ;
#5545 = ORIENTED_EDGE ( 'NONE', *, *, #3570, .T. ) ;
#5546 = SURFACE_SIDE_STYLE ('',( #9005 ) ) ;
#5547 =( GEOMETRIC_REPRESENTATION_CONTEXT ( 3 ) GLOBAL_UNCERTAINTY_ASSIGNED_CONTEXT ( ( #7424 ) ) GLOBAL_UNIT_ASSIGNED_CONTEXT ( ( #551, #9444, #11351 ) ) REPRESENTATION_CONTEXT ( 'NONE', 'WORKASPACE' ) );
#5548 = CARTESIAN_POINT ( 'NONE',  ( 0.8019999999999994911, 0.2800000000000000266, -0.3999999999999999112 ) ) ;
#5549 = EDGE_CURVE ( 'NONE', #2360, #11200, #10156, .T. ) ;
#5550 = AXIS2_PLACEMENT_3D ( 'NONE', #2742, #1744, #6271 ) ;
#5551 = ORIENTED_EDGE ( 'NONE', *, *, #2438, .T. ) ;
#5552 = DIRECTION ( 'NONE',  ( 1.000000000000000000, 0.000000000000000000, -0.000000000000000000 ) ) ;
#5553 = CARTESIAN_POINT ( 'NONE',  ( 0.7199999999999998623, -0.08475609756097575442, -0.6989999999999999547 ) ) ;
#5554 = STYLED_ITEM ( 'NONE', ( #2759 ), #11077 ) ;
#5555 = VERTEX_POINT ( 'NONE', #3917 ) ;
#5556 = AXIS2_PLACEMENT_3D ( 'NONE', #4113, #10536, #9571 ) ;
#5557 = UNCERTAINTY_MEASURE_WITH_UNIT (LENGTH_MEASURE( 1.000000000000000082E-05 ), #2530, 'distance_accuracy_value', 'NONE');
#5558 = MECHANICAL_DESIGN_GEOMETRIC_PRESENTATION_REPRESENTATION (  '', ( #82 ), #1398 ) ;
#5559 = SURFACE_STYLE_USAGE ( .BOTH. , #1961 ) ;
#5560 = DIRECTION ( 'NONE',  ( -1.000000000000000000, -0.000000000000000000, -0.000000000000000000 ) ) ;
#5561 = EDGE_CURVE ( 'NONE', #6263, #11136, #7499, .T. ) ;
#5562 = FILL_AREA_STYLE_COLOUR ( '', #7493 ) ;
#5563 = CIRCLE ( 'NONE', #1989, 0.05499999999999997946 ) ;
#5564 =( NAMED_UNIT ( * ) SI_UNIT ( $, .STERADIAN. ) SOLID_ANGLE_UNIT ( ) );
#5565 =( NAMED_UNIT ( * ) PLANE_ANGLE_UNIT ( ) SI_UNIT ( $, .RADIAN. ) );
#5566 = CARTESIAN_POINT ( 'NONE',  ( 0.7699999999999997957, -0.02883955792682937544, -0.6989999999999999547 ) ) ;
#5567 = ADVANCED_FACE ( 'NONE', ( #4868 ), #10517, .T. ) ;
#5568 = SURFACE_SIDE_STYLE ('',( #1972 ) ) ;
#5569 = CARTESIAN_POINT ( 'NONE',  ( 0.7547097790745465051, -0.04677719511181372553, -0.6999999999999999556 ) ) ;
#5570 = ORIENTED_EDGE ( 'NONE', *, *, #6179, .T. ) ;
#5571 = UNCERTAINTY_MEASURE_WITH_UNIT (LENGTH_MEASURE( 1.000000000000000082E-05 ), #2590, 'distance_accuracy_value', 'NONE');
#5572 = STYLED_ITEM ( 'NONE', ( #7353 ), #4398 ) ;
#5573 = AXIS2_PLACEMENT_3D ( 'NONE', #3016, #554, #10233 ) ;
#5574 = CIRCLE ( 'NONE', #9910, 0.05500000000000003497 ) ;
#5575 = DIRECTION ( 'NONE',  ( -1.000000000000000000, -0.000000000000000000, -0.000000000000000000 ) ) ;
#5576 = CARTESIAN_POINT ( 'NONE',  ( -0.3599999999999999867, 0.1799999999999998823, -0.6049999999999999822 ) ) ;
#5577 =( NAMED_UNIT ( * ) PLANE_ANGLE_UNIT ( ) SI_UNIT ( $, .RADIAN. ) );
#5578 = ORIENTED_EDGE ( 'NONE', *, *, #7809, .F. ) ;
#5579 = AXIS2_PLACEMENT_3D ( 'NONE', #7691, #11304, #8495 ) ;
#5580 = DIRECTION ( 'NONE',  ( 0.000000000000000000, 0.000000000000000000, 1.000000000000000000 ) ) ;
#5581 = FILL_AREA_STYLE_COLOUR ( '', #2551 ) ;
#5582 = VECTOR ( 'NONE', #11550, 1000.000000000000000 ) ;
#5583 = FILL_AREA_STYLE ('',( #5689 ) ) ;
#5584 = SURFACE_STYLE_USAGE ( .BOTH. , #1988 ) ;
#5585 = UNCERTAINTY_MEASURE_WITH_UNIT (LENGTH_MEASURE( 1.000000000000000082E-05 ), #4710, 'distance_accuracy_value', 'NONE');
#5586 = ORIENTED_EDGE ( 'NONE', *, *, #1405, .T. ) ;
#5587 = DIRECTION ( 'NONE',  ( 0.000000000000000000, 0.000000000000000000, 1.000000000000000000 ) ) ;
#5588 = FACE_OUTER_BOUND ( 'NONE', #6847, .T. ) ;
#5589 = EDGE_CURVE ( 'NONE', #4285, #2594, #10706, .T. ) ;
#5590 = CARTESIAN_POINT ( 'NONE',  ( 0.7699999999999996847, -0.3999999999999998557, -0.6999999999999999556 ) ) ;
#5591 = CARTESIAN_POINT ( 'NONE',  ( 0.7203735655063407961, 0.05060815312215081324, -0.7000000000000000666 ) ) ;
#5592 =( NAMED_UNIT ( * ) PLANE_ANGLE_UNIT ( ) SI_UNIT ( $, .RADIAN. ) );
#5593 =( LENGTH_UNIT ( ) NAMED_UNIT ( * ) SI_UNIT ( .MILLI., .METRE. ) );
#5594 = CARTESIAN_POINT ( 'NONE',  ( 0.7437480597336908472, -0.04876409302064340506, -0.6989999999999998437 ) ) ;
#5595 = VERTEX_POINT ( 'NONE', #8961 ) ;
#5596 = CARTESIAN_POINT ( 'NONE',  ( 0.7695978307841599975, 0.05255599084214102046, -0.6999999999999999556 ) ) ;
#5597 = ORIENTED_EDGE ( 'NONE', *, *, #9432, .F. ) ;
#5598 = COLOUR_RGB ( '',0.7529411764705882248, 0.7529411764705882248, 0.7529411764705882248 ) ;
#5599 = SURFACE_SIDE_STYLE ('',( #10971 ) ) ;
#5600 =( LENGTH_UNIT ( ) NAMED_UNIT ( * ) SI_UNIT ( .MILLI., .METRE. ) );
#5601 = SURFACE_STYLE_USAGE ( .BOTH. , #8223 ) ;
#5602 = EDGE_CURVE ( 'NONE', #6048, #10346, #2061, .T. ) ;
#5603 = SURFACE_STYLE_FILL_AREA ( #4547 ) ;
#5604 = DIRECTION ( 'NONE',  ( 0.000000000000000000, 2.578241652818821251E-15, 1.000000000000000000 ) ) ;
#5605 =( GEOMETRIC_REPRESENTATION_CONTEXT ( 3 ) GLOBAL_UNCERTAINTY_ASSIGNED_CONTEXT ( ( #121 ) ) GLOBAL_UNIT_ASSIGNED_CONTEXT ( ( #1100, #8412, #10945 ) ) REPRESENTATION_CONTEXT ( 'NONE', 'WORKASPACE' ) );
#5606 = DIRECTION ( 'NONE',  ( -0.000000000000000000, -0.000000000000000000, -1.000000000000000000 ) ) ;
#5607 = CYLINDRICAL_SURFACE ( 'NONE', #5705, 0.05500000000000003497 ) ;
#5608 = DIRECTION ( 'NONE',  ( -0.000000000000000000, 1.000000000000000000, 0.000000000000000000 ) ) ;
#5609 = ORIENTED_EDGE ( 'NONE', *, *, #7326, .F. ) ;
#5610 = EDGE_CURVE ( 'NONE', #4961, #4467, #11286, .T. ) ;
#5611 = CARTESIAN_POINT ( 'NONE',  ( -0.8000000000000004885, 0.4000000000000001332, 0.1000000000000000056 ) ) ;
#5612 = MANIFOLD_SOLID_BREP ( 'Ô²½Ç1', #6988 ) ;
#5613 = SURFACE_STYLE_USAGE ( .BOTH. , #1085 ) ;
#5614 = CARTESIAN_POINT ( 'NONE',  ( 0.7651053963153177095, 0.04457335509202411949, -0.6989999999999997327 ) ) ;
#5615 = LINE ( 'NONE', #1252, #3463 ) ;
#5616 = ADVANCED_FACE ( 'NONE', ( #66 ), #11578, .T. ) ;
#5617 = SURFACE_STYLE_FILL_AREA ( #2944 ) ;
#5618 = LINE ( 'NONE', #11164, #11580 ) ;
#5619 = CARTESIAN_POINT ( 'NONE',  ( 0.3599999999999999867, -0.3300000000000002931, -0.3999999999999999112 ) ) ;
#5620 = LINE ( 'NONE', #1193, #10979 ) ;
#5621 = CARTESIAN_POINT ( 'NONE',  ( 0.7264819296741593657, -0.08141460919036369592, -0.6999999999999997335 ) ) ;
#5622 = CARTESIAN_POINT ( 'NONE',  ( 0.7467776719568329780, -0.04872970716233938210, -0.7000000000000000666 ) ) ;
#5623 = ORIENTED_EDGE ( 'NONE', *, *, #9925, .F. ) ;
#5624 = COLOUR_RGB ( '',0.7529411764705882248, 0.7529411764705882248, 0.7529411764705882248 ) ;
#5625 = EDGE_CURVE ( 'NONE', #8377, #11629, #355, .T. ) ;
#5626 = AXIS2_PLACEMENT_3D ( 'NONE', #2527, #943, #7877 ) ;
#5627 = LINE ( 'NONE', #3784, #8069 ) ;
#5628 = CARTESIAN_POINT ( 'NONE',  ( 0.7661059628956315981, -0.04407022501981101847, -0.6999999999999998446 ) ) ;
#5629 = CARTESIAN_POINT ( 'NONE',  ( 0.7705863324201811526, 0.04285799291129834682, -0.6999999999999998446 ) ) ;
#5630 = PRESENTATION_LAYER_ASSIGNMENT (  '', '', ( #5059 ) ) ;
#5631 = ORIENTED_EDGE ( 'NONE', *, *, #2225, .F. ) ;
#5632 = CARTESIAN_POINT ( 'NONE',  ( 0.7416924754577467471, -0.05542911729228332252, -0.6999999999999997335 ) ) ;
#5633 =( NAMED_UNIT ( * ) SI_UNIT ( $, .STERADIAN. ) SOLID_ANGLE_UNIT ( ) );
#5634 = STYLED_ITEM ( 'NONE', ( #10147 ), #7370 ) ;
#5635 = PRESENTATION_LAYER_ASSIGNMENT (  '', '', ( #11094 ) ) ;
#5636 = EDGE_LOOP ( 'NONE', ( #1791, #10478, #11364, #3119 ) ) ;
#5637 =( GEOMETRIC_REPRESENTATION_CONTEXT ( 3 ) GLOBAL_UNCERTAINTY_ASSIGNED_CONTEXT ( ( #9523 ) ) GLOBAL_UNIT_ASSIGNED_CONTEXT ( ( #785, #5447, #10044 ) ) REPRESENTATION_CONTEXT ( 'NONE', 'WORKASPACE' ) );
#5638 = CARTESIAN_POINT ( 'NONE',  ( 0.7285477268807140083, 0.06282389116350436953, -0.6999999999999999556 ) ) ;
#5639 = DIRECTION ( 'NONE',  ( -1.000000000000000000, 0.000000000000000000, -0.000000000000000000 ) ) ;
#5640 =( GEOMETRIC_REPRESENTATION_CONTEXT ( 3 ) GLOBAL_UNCERTAINTY_ASSIGNED_CONTEXT ( ( #7928 ) ) GLOBAL_UNIT_ASSIGNED_CONTEXT ( ( #5950, #10380, #9421 ) ) REPRESENTATION_CONTEXT ( 'NONE', 'WORKASPACE' ) );
#5641 = CARTESIAN_POINT ( 'NONE',  ( 0.8000000000000003775, 0.3999999999999998557, -0.5999999999999998668 ) ) ;
#5642 =( LENGTH_UNIT ( ) NAMED_UNIT ( * ) SI_UNIT ( .MILLI., .METRE. ) );
#5643 = DIRECTION ( 'NONE',  ( 0.000000000000000000, 0.000000000000000000, 1.000000000000000000 ) ) ;
#5644 = DIRECTION ( 'NONE',  ( 1.000000000000000000, 7.228014483236716277E-16, 0.000000000000000000 ) ) ;
#5645 = CARTESIAN_POINT ( 'NONE',  ( 0.7626995910960899794, 0.03248036304379750550, -0.6990000000000000657 ) ) ;
#5646 = EDGE_LOOP ( 'NONE', ( #4006, #3096, #11439, #10436 ) ) ;
#5647 = VERTEX_POINT ( 'NONE', #10100 ) ;
#5648 =( NAMED_UNIT ( * ) PLANE_ANGLE_UNIT ( ) SI_UNIT ( $, .RADIAN. ) );
#5649 = DIRECTION ( 'NONE',  ( -0.000000000000000000, 1.000000000000000000, 0.000000000000000000 ) ) ;
#5650 = CARTESIAN_POINT ( 'NONE',  ( 0.7296036585365851534, -0.08038300304878062685, -0.6989999999999999547 ) ) ;
#5651 = SURFACE_STYLE_FILL_AREA ( #9068 ) ;
#5652 = CARTESIAN_POINT ( 'NONE',  ( 0.8019999999999994911, -0.1800000000000000211, -0.4999999999999998890 ) ) ;
#5653 = CIRCLE ( 'NONE', #4711, 0.09999999999999999167 ) ;
#5654 =( NAMED_UNIT ( * ) PLANE_ANGLE_UNIT ( ) SI_UNIT ( $, .RADIAN. ) );
#5655 = DIRECTION ( 'NONE',  ( 0.000000000000000000, 0.000000000000000000, 1.000000000000000000 ) ) ;
#5656 = DIRECTION ( 'NONE',  ( -1.000000000000000000, -0.000000000000000000, -0.000000000000000000 ) ) ;
#5657 =( LENGTH_UNIT ( ) NAMED_UNIT ( * ) SI_UNIT ( .MILLI., .METRE. ) );
#5658 = SURFACE_SIDE_STYLE ('',( #9184 ) ) ;
#5659 = ORIENTED_EDGE ( 'NONE', *, *, #3591, .F. ) ;
#5660 = VERTEX_POINT ( 'NONE', #8235 ) ;
#5661 = UNCERTAINTY_MEASURE_WITH_UNIT (LENGTH_MEASURE( 1.000000000000000082E-05 ), #11510, 'distance_accuracy_value', 'NONE');
#5662 = STYLED_ITEM ( 'NONE', ( #7164 ), #6037 ) ;
#5663 = SURFACE_STYLE_FILL_AREA ( #3766 ) ;
#5664 = EDGE_CURVE ( 'NONE', #7354, #8736, #8612, .T. ) ;
#5665 = DIRECTION ( 'NONE',  ( 0.000000000000000000, 0.000000000000000000, 1.000000000000000000 ) ) ;
#5666 = CARTESIAN_POINT ( 'NONE',  ( -0.02291287847477896378, -0.1800000000000000211, -0.09999999999999988065 ) ) ;
#5667 = DIRECTION ( 'NONE',  ( 0.000000000000000000, -1.000000000000000000, 2.464095846557965483E-15 ) ) ;
#5668 = EDGE_CURVE ( 'NONE', #8560, #9989, #10045, .T. ) ;
#5669 = CIRCLE ( 'NONE', #8461, 0.09999999999999999167 ) ;
#5670 = VECTOR ( 'NONE', #2457, 1000.000000000000000 ) ;
#5671 = DIRECTION ( 'NONE',  ( -1.000000000000000000, -0.000000000000000000, -0.000000000000000000 ) ) ;
#5672 = VECTOR ( 'NONE', #1175, 1000.000000000000000 ) ;
#5673 = CARTESIAN_POINT ( 'NONE',  ( 0.7605072377475304846, -0.04221895687313035467, -0.7000000000000002887 ) ) ;
#5674 = ORIENTED_EDGE ( 'NONE', *, *, #10908, .F. ) ;
#5675 = PRESENTATION_STYLE_ASSIGNMENT (( #5515 ) ) ;
#5676 = COLOUR_RGB ( '',0.000000000000000000, 0.000000000000000000, 0.000000000000000000 ) ;
#5677 = AXIS2_PLACEMENT_3D ( 'NONE', #4802, #6775, #435 ) ;
#5678 = MECHANICAL_DESIGN_GEOMETRIC_PRESENTATION_REPRESENTATION (  '', ( #5819 ), #969 ) ;
#5679 = DIRECTION ( 'NONE',  ( 0.000000000000000000, 2.464095846557963117E-15, 1.000000000000000000 ) ) ;
#5680 = SURFACE_STYLE_USAGE ( .BOTH. , #1047 ) ;
#5681 =( NAMED_UNIT ( * ) SI_UNIT ( $, .STERADIAN. ) SOLID_ANGLE_UNIT ( ) );
#5682 = ADVANCED_FACE ( 'NONE', ( #8289 ), #9988, .T. ) ;
#5683 = VERTEX_POINT ( 'NONE', #187 ) ;
#5684 = EDGE_CURVE ( 'NONE', #5937, #528, #7889, .T. ) ;
#5685 =( NAMED_UNIT ( * ) SI_UNIT ( $, .STERADIAN. ) SOLID_ANGLE_UNIT ( ) );
#5686 = LINE ( 'NONE', #10230, #11196 ) ;
#5687 = AXIS2_PLACEMENT_3D ( 'NONE', #7823, #464, #7707 ) ;
#5688 = FILL_AREA_STYLE ('',( #6549 ) ) ;
#5689 = FILL_AREA_STYLE_COLOUR ( '', #5195 ) ;
#5690 = PRESENTATION_STYLE_ASSIGNMENT (( #5584 ) ) ;
#5691 = UNCERTAINTY_MEASURE_WITH_UNIT (LENGTH_MEASURE( 1.000000000000000082E-05 ), #8825, 'distance_accuracy_value', 'NONE');
#5692 = ORIENTED_EDGE ( 'NONE', *, *, #8060, .T. ) ;
#5693 =( LENGTH_UNIT ( ) NAMED_UNIT ( * ) SI_UNIT ( .MILLI., .METRE. ) );
#5694 = AXIS2_PLACEMENT_3D ( 'NONE', #220, #3807, #2763 ) ;
#5695 = PRESENTATION_LAYER_ASSIGNMENT (  '', '', ( #8673 ) ) ;
#5696 = EDGE_CURVE ( 'NONE', #5934, #3656, #243, .T. ) ;
#5697 = DIRECTION ( 'NONE',  ( 0.000000000000000000, -2.216840928656986572E-15, -1.000000000000000000 ) ) ;
#5698 = CARTESIAN_POINT ( 'NONE',  ( 0.3370871215252213005, -0.2800000000000000266, -0.3999999999999999112 ) ) ;
#5699 =( NAMED_UNIT ( * ) PLANE_ANGLE_UNIT ( ) SI_UNIT ( $, .RADIAN. ) );
#5700 = PRESENTATION_STYLE_ASSIGNMENT (( #3697 ) ) ;
#5701 = SURFACE_STYLE_FILL_AREA ( #158 ) ;
#5702 = EDGE_CURVE ( 'NONE', #7075, #8614, #2810, .T. ) ;
#5703 = FACE_OUTER_BOUND ( 'NONE', #11079, .T. ) ;
#5704 = VERTEX_POINT ( 'NONE', #1906 ) ;
#5705 = AXIS2_PLACEMENT_3D ( 'NONE', #3651, #4831, #8445 ) ;
#5706 = LINE ( 'NONE', #2925, #401 ) ;
#5707 = VERTEX_POINT ( 'NONE', #1189 ) ;
#5708 = SURFACE_STYLE_FILL_AREA ( #10192 ) ;
#5709 = CARTESIAN_POINT ( 'NONE',  ( 0.7619207317073168895, 0.03109756097560961718, -0.6989999999999999547 ) ) ;
#5710 = PLANE ( 'NONE',  #8973 ) ;
#5711 = DIRECTION ( 'NONE',  ( -0.000000000000000000, -0.000000000000000000, -1.000000000000000000 ) ) ;
#5712 = FACE_OUTER_BOUND ( 'NONE', #2497, .T. ) ;
#5713 = VECTOR ( 'NONE', #1580, 1000.000000000000000 ) ;
#5714 = COLOUR_RGB ( '',0.9098039215686274384, 0.4431372549019607643, 0.03137254901960784270 ) ;
#5715 = SURFACE_STYLE_USAGE ( .BOTH. , #6574 ) ;
#5716 = PRESENTATION_STYLE_ASSIGNMENT (( #10199 ) ) ;
#5717 = CARTESIAN_POINT ( 'NONE',  ( 0.7497762242559824486, 0.06131126674932559778, -0.7000000000000001776 ) ) ;
#5718 = LINE ( 'NONE', #10315, #1187 ) ;
#5719 = FILL_AREA_STYLE_COLOUR ( '', #3255 ) ;
#5720 = EDGE_LOOP ( 'NONE', ( #2473, #1020, #11640, #6719 ) ) ;
#5721 = ORIENTED_EDGE ( 'NONE', *, *, #2543, .F. ) ;
#5722 =( LENGTH_UNIT ( ) NAMED_UNIT ( * ) SI_UNIT ( .MILLI., .METRE. ) );
#5723 = VECTOR ( 'NONE', #6621, 1000.000000000000000 ) ;
#5724 = CARTESIAN_POINT ( 'NONE',  ( 0.8019999999999994911, 0.1800000000000000766, -0.09999999999999988065 ) ) ;
#5725 = CARTESIAN_POINT ( 'NONE',  ( 0.7459432164634144380, 0.06829268292682913466, -0.6989999999999999547 ) ) ;
#5726 =( NAMED_UNIT ( * ) SI_UNIT ( $, .STERADIAN. ) SOLID_ANGLE_UNIT ( ) );
#5727 = MECHANICAL_DESIGN_GEOMETRIC_PRESENTATION_REPRESENTATION (  '', ( #6459 ), #1037 ) ;
#5728 = ORIENTED_EDGE ( 'NONE', *, *, #6659, .F. ) ;
#5729 = EDGE_CURVE ( 'NONE', #7142, #9868, #2835, .T. ) ;
#5730 = FACE_OUTER_BOUND ( 'NONE', #4306, .T. ) ;
#5731 = DIRECTION ( 'NONE',  ( 0.000000000000000000, 0.000000000000000000, 1.000000000000000000 ) ) ;
#5732 = EDGE_LOOP ( 'NONE', ( #8926, #2317, #11324, #8653 ) ) ;
#5733 = STYLED_ITEM ( 'NONE', ( #296 ), #10897 ) ;
#5734 = DIRECTION ( 'NONE',  ( 0.000000000000000000, 0.000000000000000000, 1.000000000000000000 ) ) ;
#5735 = VECTOR ( 'NONE', #6791, 1000.000000000000000 ) ;
#5736 = SURFACE_STYLE_FILL_AREA ( #8473 ) ;
#5737 = AXIS2_PLACEMENT_3D ( 'NONE', #2834, #9867, #5393 ) ;
#5738 = CARTESIAN_POINT ( 'NONE',  ( 0.8019999999999994911, -0.1800000000000000211, -0.1999999999999998723 ) ) ;
#5739 = ORIENTED_EDGE ( 'NONE', *, *, #2867, .F. ) ;
#5740 = PRESENTATION_STYLE_ASSIGNMENT (( #1380 ) ) ;
#5741 = CARTESIAN_POINT ( 'NONE',  ( 0.7199999999999998623, 0.02134146341463407162, -0.6989999999999999547 ) ) ;
#5742 =( GEOMETRIC_REPRESENTATION_CONTEXT ( 3 ) GLOBAL_UNCERTAINTY_ASSIGNED_CONTEXT ( ( #10756 ) ) GLOBAL_UNIT_ASSIGNED_CONTEXT ( ( #7777, #3118, #2141 ) ) REPRESENTATION_CONTEXT ( 'NONE', 'WORKASPACE' ) );
#5743 = DIRECTION ( 'NONE',  ( -0.000000000000000000, 2.710505431213761085E-16, -1.000000000000000000 ) ) ;
#5744 = PRESENTATION_LAYER_ASSIGNMENT (  '', '', ( #4249 ) ) ;
#5745 = CARTESIAN_POINT ( 'NONE',  ( 0.000000000000000000, 0.3299999999999999600, -0.1999999999999999001 ) ) ;
#5746 = AXIS2_PLACEMENT_3D ( 'NONE', #4603, #3708, #9236 ) ;
#5747 = EDGE_CURVE ( 'NONE', #11579, #108, #1315, .T. ) ;
#5748 = EDGE_LOOP ( 'NONE', ( #10144, #4251, #859, #4490 ) ) ;
#5749 = CYLINDRICAL_SURFACE ( 'NONE', #1326, 0.05500000000000000028 ) ;
#5750 = CARTESIAN_POINT ( 'NONE',  ( 0.7249538577103696868, 0.05929556515090685098, -0.6999999999999999556 ) ) ;
#5751 = AXIS2_PLACEMENT_3D ( 'NONE', #10714, #10770, #3305 ) ;
#5752 =( NAMED_UNIT ( * ) SI_UNIT ( $, .STERADIAN. ) SOLID_ANGLE_UNIT ( ) );
#5753 = EDGE_LOOP ( 'NONE', ( #11170, #3507, #163, #4507, #10434 ) ) ;
#5754 = PRESENTATION_LAYER_ASSIGNMENT (  '', '', ( #3491 ) ) ;
#5755 = DIRECTION ( 'NONE',  ( 1.000000000000000000, 1.355252715606880296E-16, 0.000000000000000000 ) ) ;
#5756 = EDGE_CURVE ( 'NONE', #8268, #10175, #9312, .T. ) ;
#5757 = CARTESIAN_POINT ( 'NONE',  ( 0.7328074109539512992, 0.06552210436449266984, -0.6999999999999997335 ) ) ;
#5758 = PRESENTATION_STYLE_ASSIGNMENT (( #9396 ) ) ;
#5759 = CARTESIAN_POINT ( 'NONE',  ( 0.2399999999999999911, 0.3299999999999999600, -0.1999999999999999001 ) ) ;
#5760 = PRESENTATION_LAYER_ASSIGNMENT (  '', '', ( #10869 ) ) ;
#5761 =( NAMED_UNIT ( * ) PLANE_ANGLE_UNIT ( ) SI_UNIT ( $, .RADIAN. ) );
#5762 = ORIENTED_EDGE ( 'NONE', *, *, #3576, .F. ) ;
#5763 = EDGE_CURVE ( 'NONE', #8268, #4728, #947, .T. ) ;
#5764 = ORIENTED_EDGE ( 'NONE', *, *, #6470, .F. ) ;
#5765 = SURFACE_SIDE_STYLE ('',( #10250 ) ) ;
#5766 = SURFACE_STYLE_USAGE ( .BOTH. , #11205 ) ;
#5767 = ADVANCED_FACE ( 'NONE', ( #7417 ), #3949, .T. ) ;
#5768 = CARTESIAN_POINT ( 'NONE',  ( 0.7615813015561463395, -0.04071449877460591588, -0.6989999999999998437 ) ) ;
#5769 =( NAMED_UNIT ( * ) PLANE_ANGLE_UNIT ( ) SI_UNIT ( $, .RADIAN. ) );
#5770 = CARTESIAN_POINT ( 'NONE',  ( 0.7610872224032768640, 0.05546881159329738326, -0.6990000000000000657 ) ) ;
#5771 = CARTESIAN_POINT ( 'NONE',  ( 0.1749999999999999889, 0.3299999999999999600, -0.3999999999999999667 ) ) ;
#5772 = ORIENTED_EDGE ( 'NONE', *, *, #4816, .F. ) ;
#5773 = AXIS2_PLACEMENT_3D ( 'NONE', #3456, #9596, #8878 ) ;
#5774 = ORIENTED_EDGE ( 'NONE', *, *, #1145, .T. ) ;
#5775 = UNCERTAINTY_MEASURE_WITH_UNIT (LENGTH_MEASURE( 1.000000000000000082E-05 ), #1687, 'distance_accuracy_value', 'NONE');
#5776 = DIRECTION ( 'NONE',  ( -1.000000000000000000, -0.000000000000000000, -0.000000000000000000 ) ) ;
#5777 = CARTESIAN_POINT ( 'NONE',  ( -0.1199999999999999956, -0.1800000000000001321, -0.04999999999999975298 ) ) ;
#5778 = VECTOR ( 'NONE', #6039, 1000.000000000000000 ) ;
#5779 =( LENGTH_UNIT ( ) NAMED_UNIT ( * ) SI_UNIT ( .MILLI., .METRE. ) );
#5780 = CARTESIAN_POINT ( 'NONE',  ( 0.7280657332422040273, -0.08081316846719080460, -0.6990000000000000657 ) ) ;
#5781 = CARTESIAN_POINT ( 'NONE',  ( 0.7699999999999996847, -0.3999999999999998557, -0.6999999999999999556 ) ) ;
#5782 = DIRECTION ( 'NONE',  ( -1.000000000000000000, 0.000000000000000000, -0.000000000000000000 ) ) ;
#5783 =( NAMED_UNIT ( * ) SI_UNIT ( $, .STERADIAN. ) SOLID_ANGLE_UNIT ( ) );
#5784 = DIRECTION ( 'NONE',  ( -0.000000000000000000, 2.710505431213761085E-16, -1.000000000000000000 ) ) ;
#5785 = ORIENTED_EDGE ( 'NONE', *, *, #8966, .T. ) ;
#5786 = COLOUR_RGB ( '',0.9098039215686274384, 0.4431372549019607643, 0.03137254901960784270 ) ;
#5787 = CARTESIAN_POINT ( 'NONE',  ( -0.5000000000000003331, 0.4000000000000001332, 0.000000000000000000 ) ) ;
#5788 = SURFACE_STYLE_FILL_AREA ( #10452 ) ;
#5789 = FACE_OUTER_BOUND ( 'NONE', #8018, .T. ) ;
#5790 = MANIFOLD_SOLID_BREP ( 'ÕóÁÐ(ÏßÐÔ)1', #7545 ) ;
#5791 = VERTEX_POINT ( 'NONE', #534 ) ;
#5792 = DIRECTION ( 'NONE',  ( -1.000000000000000000, 1.355252715606880296E-16, 0.000000000000000000 ) ) ;
#5793 = SURFACE_STYLE_USAGE ( .BOTH. , #2209 ) ;
#5794 = SURFACE_STYLE_FILL_AREA ( #9332 ) ;
#5795 = DIRECTION ( 'NONE',  ( 0.000000000000000000, 2.397541290737903714E-15, 1.000000000000000000 ) ) ;
#5796 = DIRECTION ( 'NONE',  ( 1.000000000000000000, 0.000000000000000000, -0.000000000000000000 ) ) ;
#5797 = LINE ( 'NONE', #4101, #4625 ) ;
#5798 = UNCERTAINTY_MEASURE_WITH_UNIT (LENGTH_MEASURE( 1.000000000000000082E-05 ), #10167, 'distance_accuracy_value', 'NONE');
#5799 = ORIENTED_EDGE ( 'NONE', *, *, #3384, .T. ) ;
#5800 = AXIS2_PLACEMENT_3D ( 'NONE', #3326, #1759, #6868 ) ;
#5801 = SURFACE_SIDE_STYLE ('',( #6728 ) ) ;
#5802 = EDGE_CURVE ( 'NONE', #3159, #6263, #5836, .T. ) ;
#5803 = CARTESIAN_POINT ( 'NONE',  ( 0.7234628268449655453, 0.05730603104390292329, -0.6989999999999999547 ) ) ;
#5804 = DIRECTION ( 'NONE',  ( 0.000000000000000000, -2.216840928656986572E-15, -1.000000000000000000 ) ) ;
#5805 = DIRECTION ( 'NONE',  ( -1.000000000000000000, -0.000000000000000000, -0.000000000000000000 ) ) ;
#5806 = COLOUR_RGB ( '',0.9098039215686274384, 0.4431372549019607643, 0.03137254901960784270 ) ;
#5807 = VERTEX_POINT ( 'NONE', #6707 ) ;
#5808 = FACE_OUTER_BOUND ( 'NONE', #2726, .T. ) ;
#5809 = EDGE_CURVE ( 'NONE', #1258, #9138, #10323, .T. ) ;
#5810 = CARTESIAN_POINT ( 'NONE',  ( -0.3599999999999999867, -0.3850000000000002309, -0.1999999999999997891 ) ) ;
#5811 = AXIS2_PLACEMENT_3D ( 'NONE', #7257, #3666, #9807 ) ;
#5812 = CYLINDRICAL_SURFACE ( 'NONE', #10268, 0.02999999999999997113 ) ;
#5813 = CARTESIAN_POINT ( 'NONE',  ( 0.7199999999999998623, -0.02935403963414644907, -0.6999999999999999556 ) ) ;
#5814 = PRESENTATION_LAYER_ASSIGNMENT (  '', '', ( #6548 ) ) ;
#5815 = ORIENTED_EDGE ( 'NONE', *, *, #9494, .F. ) ;
#5816 = VERTEX_POINT ( 'NONE', #9545 ) ;
#5817 =( LENGTH_UNIT ( ) NAMED_UNIT ( * ) SI_UNIT ( .MILLI., .METRE. ) );
#5818 = MECHANICAL_DESIGN_GEOMETRIC_PRESENTATION_REPRESENTATION (  '', ( #4326 ), #176 ) ;
#5819 = STYLED_ITEM ( 'NONE', ( #5954 ), #5767 ) ;
#5820 = FILL_AREA_STYLE ('',( #1176 ) ) ;
#5821 = DIRECTION ( 'NONE',  ( -1.000000000000000000, 0.000000000000000000, 0.000000000000000000 ) ) ;
#5822 = CYLINDRICAL_SURFACE ( 'NONE', #3587, 0.05500000000000000722 ) ;
#5823 = ADVANCED_FACE ( 'NONE', ( #3053 ), #7738, .T. ) ;
#5824 = FACE_OUTER_BOUND ( 'NONE', #5245, .T. ) ;
#5825 = FACE_OUTER_BOUND ( 'NONE', #5890, .T. ) ;
#5826 = DIRECTION ( 'NONE',  ( -0.000000000000000000, -0.000000000000000000, -1.000000000000000000 ) ) ;
#5827 =( NAMED_UNIT ( * ) PLANE_ANGLE_UNIT ( ) SI_UNIT ( $, .RADIAN. ) );
#5828 = CARTESIAN_POINT ( 'NONE',  ( 0.2399999999999999911, 0.1799999999999998823, -0.5499999999999999334 ) ) ;
#5829 = PRESENTATION_LAYER_ASSIGNMENT (  '', '', ( #5280 ) ) ;
#5830 =( LENGTH_UNIT ( ) NAMED_UNIT ( * ) SI_UNIT ( .MILLI., .METRE. ) );
#5831 = ORIENTED_EDGE ( 'NONE', *, *, #7697, .F. ) ;
#5832 = ORIENTED_EDGE ( 'NONE', *, *, #4832, .F. ) ;
#5833 = FILL_AREA_STYLE_COLOUR ( '', #6748 ) ;
#5834 = CARTESIAN_POINT ( 'NONE',  ( 0.7668383388795901867, 0.05848019271889627613, -0.6989999999999999547 ) ) ;
#5835 = COLOUR_RGB ( '',0.9098039215686274384, 0.4431372549019607643, 0.03137254901960784270 ) ;
#5836 = LINE ( 'NONE', #11278, #4177 ) ;
#5837 = DIRECTION ( 'NONE',  ( 0.000000000000000000, -1.000000000000000000, 0.000000000000000000 ) ) ;
#5838 = DIRECTION ( 'NONE',  ( 0.000000000000000000, 0.000000000000000000, 1.000000000000000000 ) ) ;
#5839 = LINE ( 'NONE', #1478, #3429 ) ;
#5840 = COLOUR_RGB ( '',0.9098039215686274384, 0.4431372549019607643, 0.03137254901960784270 ) ;
#5841 = SURFACE_STYLE_FILL_AREA ( #5076 ) ;
#5842 = ORIENTED_EDGE ( 'NONE', *, *, #10393, .T. ) ;
#5843 = ADVANCED_FACE ( 'NONE', ( #1423 ), #4427, .T. ) ;
#5844 = CARTESIAN_POINT ( 'NONE',  ( 0.1199999999999999956, 0.3299999999999999600, -0.1999999999999999001 ) ) ;
#5845 = CARTESIAN_POINT ( 'NONE',  ( 0.7645121951219511214, -0.02904916158536596446, -0.6989999999999999547 ) ) ;
#5846 = DIRECTION ( 'NONE',  ( -0.000000000000000000, -0.000000000000000000, -1.000000000000000000 ) ) ;
#5847 = VECTOR ( 'NONE', #3086, 1000.000000000000000 ) ;
#5848 = VERTEX_POINT ( 'NONE', #4315 ) ;
#5849 = PRESENTATION_LAYER_ASSIGNMENT (  '', '', ( #1340 ) ) ;
#5850 = PRESENTATION_STYLE_ASSIGNMENT (( #8544 ) ) ;
#5851 = PRESENTATION_STYLE_ASSIGNMENT (( #2265 ) ) ;
#5852 = SURFACE_STYLE_FILL_AREA ( #5090 ) ;
#5853 =( NAMED_UNIT ( * ) SI_UNIT ( $, .STERADIAN. ) SOLID_ANGLE_UNIT ( ) );
#5854 = MECHANICAL_DESIGN_GEOMETRIC_PRESENTATION_REPRESENTATION (  '', ( #10386 ), #3781 ) ;
#5855 = COLOUR_RGB ( '',0.000000000000000000, 0.000000000000000000, 0.000000000000000000 ) ;
#5856 = MECHANICAL_DESIGN_GEOMETRIC_PRESENTATION_REPRESENTATION (  '', ( #10578 ), #7926 ) ;
#5857 = VERTEX_POINT ( 'NONE', #11624 ) ;
#5858 = CARTESIAN_POINT ( 'NONE',  ( 0.7199999999999999734, 0.09146341463414631168, -0.6989999999999999547 ) ) ;
#5859 = CARTESIAN_POINT ( 'NONE',  ( 0.7234628268449655453, 0.05730603104390292329, -0.6989999999999999547 ) ) ;
#5860 = LINE ( 'NONE', #8656, #8574 ) ;
#5861 = CYLINDRICAL_SURFACE ( 'NONE', #3824, 0.05500000000000000028 ) ;
#5862 = ORIENTED_EDGE ( 'NONE', *, *, #2130, .T. ) ;
#5863 = MECHANICAL_DESIGN_GEOMETRIC_PRESENTATION_REPRESENTATION (  '', ( #2854 ), #4563 ) ;
#5864 = VECTOR ( 'NONE', #9684, 1000.000000000000000 ) ;
#5865 =( LENGTH_UNIT ( ) NAMED_UNIT ( * ) SI_UNIT ( .MILLI., .METRE. ) );
#5866 = CARTESIAN_POINT ( 'NONE',  ( 0.2629128784747791769, 0.1799999999999998823, -0.4999999999999998890 ) ) ;
#5867 = DIRECTION ( 'NONE',  ( 0.000000000000000000, -1.000000000000000000, 2.397541290737904109E-15 ) ) ;
#5868 = DIRECTION ( 'NONE',  ( 0.000000000000000000, -1.000000000000000000, 0.000000000000000000 ) ) ;
#5869 = ADVANCED_FACE ( 'NONE', ( #9012 ), #7006, .T. ) ;
#5870 = ORIENTED_EDGE ( 'NONE', *, *, #4386, .T. ) ;
#5871 = DIRECTION ( 'NONE',  ( 0.000000000000000000, 1.000000000000000000, -5.646886315028668105E-17 ) ) ;
#5872 = ORIENTED_EDGE ( 'NONE', *, *, #10522, .F. ) ;
#5873 = COLOUR_RGB ( '',0.000000000000000000, 0.000000000000000000, 0.000000000000000000 ) ;
#5874 = PRESENTATION_STYLE_ASSIGNMENT (( #3870 ) ) ;
#5875 = PRESENTATION_LAYER_ASSIGNMENT (  '', '', ( #7560 ) ) ;
#5876 = UNCERTAINTY_MEASURE_WITH_UNIT (LENGTH_MEASURE( 1.000000000000000082E-05 ), #5930, 'distance_accuracy_value', 'NONE');
#5877 = DIRECTION ( 'NONE',  ( 0.000000000000000000, 2.578241652818821251E-15, 1.000000000000000000 ) ) ;
#5878 = CARTESIAN_POINT ( 'NONE',  ( 0.7260975609756096238, -0.08118330792682940111, -0.6999999999999999556 ) ) ;
#5879 = SURFACE_SIDE_STYLE ('',( #10364 ) ) ;
#5880 = DIRECTION ( 'NONE',  ( -1.000000000000000000, -0.000000000000000000, -0.000000000000000000 ) ) ;
#5881 = SURFACE_SIDE_STYLE ('',( #2294 ) ) ;
#5882 = CARTESIAN_POINT ( 'NONE',  ( 0.7266468903127225598, -0.03721057763459360151, -0.6989999999999999547 ) ) ;
#5883 = DIRECTION ( 'NONE',  ( -1.000000000000000000, -0.000000000000000000, -0.000000000000000000 ) ) ;
#5884 = DIRECTION ( 'NONE',  ( 0.000000000000000000, 0.000000000000000000, 1.000000000000000000 ) ) ;
#5885 = CIRCLE ( 'NONE', #11173, 0.05500000000000003497 ) ;
#5886 = EDGE_CURVE ( 'NONE', #9117, #9047, #7183, .T. ) ;
#5887 = FILL_AREA_STYLE ('',( #2986 ) ) ;
#5888 = ORIENTED_EDGE ( 'NONE', *, *, #2035, .T. ) ;
#5889 = ORIENTED_EDGE ( 'NONE', *, *, #4832, .T. ) ;
#5890 = EDGE_LOOP ( 'NONE', ( #10276, #67, #8347, #1510 ) ) ;
#5891 = EDGE_CURVE ( 'NONE', #2681, #11484, #3000, .T. ) ;
#5892 =( GEOMETRIC_REPRESENTATION_CONTEXT ( 3 ) GLOBAL_UNCERTAINTY_ASSIGNED_CONTEXT ( ( #6414 ) ) GLOBAL_UNIT_ASSIGNED_CONTEXT ( ( #1896, #2828, #297 ) ) REPRESENTATION_CONTEXT ( 'NONE', 'WORKASPACE' ) );
#5893 = CARTESIAN_POINT ( 'NONE',  ( 0.7602052037581163990, 0.06473758541620304452, -0.6999999999999997335 ) ) ;
#5894 = COLOUR_RGB ( '',0.9098039215686274384, 0.4431372549019607643, 0.03137254901960784270 ) ;
#5895 = CARTESIAN_POINT ( 'NONE',  ( 0.7270282100781700896, 0.05201472030125456336, -0.6999999999999998446 ) ) ;
#5896 = DIRECTION ( 'NONE',  ( -0.000000000000000000, 1.000000000000000000, -0.000000000000000000 ) ) ;
#5897 = CARTESIAN_POINT ( 'NONE',  ( -0.8000000000000004885, 0.4000000000000001332, 0.000000000000000000 ) ) ;
#5898 = CARTESIAN_POINT ( 'NONE',  ( 0.7504878048780486699, -0.08964367378048794521, -0.6989999999999999547 ) ) ;
#5899 = DIRECTION ( 'NONE',  ( 0.000000000000000000, 0.000000000000000000, -1.000000000000000000 ) ) ;
#5900 = FACE_OUTER_BOUND ( 'NONE', #11116, .T. ) ;
#5901 = EDGE_LOOP ( 'NONE', ( #8751, #6041, #1342, #11564 ) ) ;
#5902 = CIRCLE ( 'NONE', #7388, 0.05500000000000003497 ) ;
#5903 = UNCERTAINTY_MEASURE_WITH_UNIT (LENGTH_MEASURE( 1.000000000000000082E-05 ), #7423, 'distance_accuracy_value', 'NONE');
#5904 = COLOUR_RGB ( '',1.000000000000000000, 1.000000000000000000, 1.000000000000000000 ) ;
#5905 = CARTESIAN_POINT ( 'NONE',  ( 0.7410604730903581627, 0.06129680645552306600, -0.6989999999999998437 ) ) ;
#5906 = EDGE_CURVE ( 'NONE', #6090, #619, #9730, .T. ) ;
#5907 =( LENGTH_UNIT ( ) NAMED_UNIT ( * ) SI_UNIT ( .MILLI., .METRE. ) );
#5908 = CARTESIAN_POINT ( 'NONE',  ( 0.7673076820622032335, -0.04185497277515054515, -0.7000000000000001776 ) ) ;
#5909 = CARTESIAN_POINT ( 'NONE',  ( 0.7638964485707876451, 0.03546144861576509821, -0.6999999999999998446 ) ) ;
#5910 = AXIS2_PLACEMENT_3D ( 'NONE', #9595, #8513, #3156 ) ;
#5911 = ORIENTED_EDGE ( 'NONE', *, *, #9124, .T. ) ;
#5912 = ADVANCED_FACE ( 'NONE', ( #1650 ), #9794, .T. ) ;
#5913 = VECTOR ( 'NONE', #6316, 1000.000000000000000 ) ;
#5914 = CARTESIAN_POINT ( 'NONE',  ( 0.7455335365853656970, 0.06158536585365840393, -0.6989999999999999547 ) ) ;
#5915 = DIRECTION ( 'NONE',  ( -0.9315776194850602376, 0.3635424856527061932, 0.000000000000000000 ) ) ;
#5916 = CARTESIAN_POINT ( 'NONE',  ( 0.2399999999999999911, 0.1799999999999999378, -0.04999999999999975298 ) ) ;
#5917 = FILL_AREA_STYLE_COLOUR ( '', #7821 ) ;
#5918 = PLANE ( 'NONE',  #5751 ) ;
#5919 = MECHANICAL_DESIGN_GEOMETRIC_PRESENTATION_REPRESENTATION (  '', ( #3838 ), #6101 ) ;
#5920 =( GEOMETRIC_REPRESENTATION_CONTEXT ( 3 ) GLOBAL_UNCERTAINTY_ASSIGNED_CONTEXT ( ( #9984 ) ) GLOBAL_UNIT_ASSIGNED_CONTEXT ( ( #8857, #4343, #936 ) ) REPRESENTATION_CONTEXT ( 'NONE', 'WORKASPACE' ) );
#5921 = PRESENTATION_LAYER_ASSIGNMENT (  '', '', ( #3087 ) ) ;
#5922 = ORIENTED_EDGE ( 'NONE', *, *, #6017, .F. ) ;
#5923 = CARTESIAN_POINT ( 'NONE',  ( 0.3599999999999999867, -0.1800000000000001321, -0.04999999999999975298 ) ) ;
#5924 = CARTESIAN_POINT ( 'NONE',  ( 0.8019999999999994911, 0.1800000000000000766, -0.4999999999999998890 ) ) ;
#5925 = CARTESIAN_POINT ( 'NONE',  ( -0.09708712152522080974, -0.2800000000000000266, -0.3999999999999999112 ) ) ;
#5926 =( NAMED_UNIT ( * ) PLANE_ANGLE_UNIT ( ) SI_UNIT ( $, .RADIAN. ) );
#5927 = ORIENTED_EDGE ( 'NONE', *, *, #2284, .F. ) ;
#5928 = CIRCLE ( 'NONE', #2737, 0.05499999999999997946 ) ;
#5929 = CARTESIAN_POINT ( 'NONE',  ( 0.1199999999999999956, -0.1800000000000002154, -0.5499999999999999334 ) ) ;
#5930 =( LENGTH_UNIT ( ) NAMED_UNIT ( * ) SI_UNIT ( .MILLI., .METRE. ) );
#5931 = MECHANICAL_DESIGN_GEOMETRIC_PRESENTATION_REPRESENTATION (  '', ( #7062 ), #11029 ) ;
#5932 =( NAMED_UNIT ( * ) SI_UNIT ( $, .STERADIAN. ) SOLID_ANGLE_UNIT ( ) );
#5933 =( LENGTH_UNIT ( ) NAMED_UNIT ( * ) SI_UNIT ( .MILLI., .METRE. ) );
#5934 = VERTEX_POINT ( 'NONE', #9180 ) ;
#5935 = FILL_AREA_STYLE ('',( #3383 ) ) ;
#5936 = VECTOR ( 'NONE', #11568, 1000.000000000000000 ) ;
#5937 = VERTEX_POINT ( 'NONE', #6573 ) ;
#5938 = EDGE_CURVE ( 'NONE', #8736, #9200, #2121, .T. ) ;
#5939 = DIRECTION ( 'NONE',  ( 0.000000000000000000, 2.578241652818821251E-15, 1.000000000000000000 ) ) ;
#5940 = DIRECTION ( 'NONE',  ( 0.000000000000000000, 0.000000000000000000, -1.000000000000000000 ) ) ;
#5941 = COLOUR_RGB ( '',0.7529411764705882248, 0.7529411764705882248, 0.7529411764705882248 ) ;
#5942 = CARTESIAN_POINT ( 'NONE',  ( 0.2399999999999999911, -0.3300000000000002931, -0.3999999999999999112 ) ) ;
#5943 = CARTESIAN_POINT ( 'NONE',  ( -0.09708712152522130934, -0.2800000000000000266, -0.3999999999999999112 ) ) ;
#5944 = DIRECTION ( 'NONE',  ( 1.000000000000000000, 0.000000000000000000, 0.000000000000000000 ) ) ;
#5945 = MECHANICAL_DESIGN_GEOMETRIC_PRESENTATION_REPRESENTATION (  '', ( #7070 ), #1821 ) ;
#5946 = CARTESIAN_POINT ( 'NONE',  ( -0.2170871215252208331, 0.1799999999999998823, -0.4999999999999998890 ) ) ;
#5947 = ORIENTED_EDGE ( 'NONE', *, *, #8292, .T. ) ;
#5948 = ORIENTED_EDGE ( 'NONE', *, *, #5113, .F. ) ;
#5949 = ORIENTED_EDGE ( 'NONE', *, *, #10522, .T. ) ;
#5950 =( LENGTH_UNIT ( ) NAMED_UNIT ( * ) SI_UNIT ( .MILLI., .METRE. ) );
#5951 = ADVANCED_FACE ( 'NONE', ( #5712 ), #2066, .T. ) ;
#5952 = DIRECTION ( 'NONE',  ( 0.000000000000000000, -1.000000000000000000, 0.000000000000000000 ) ) ;
#5953 = LINE ( 'NONE', #5070, #5051 ) ;
#5954 = PRESENTATION_STYLE_ASSIGNMENT (( #3112 ) ) ;
#5955 = LINE ( 'NONE', #3283, #10655 ) ;
#5956 = COLOUR_RGB ( '',0.7529411764705882248, 0.7529411764705882248, 0.7529411764705882248 ) ;
#5957 = SURFACE_STYLE_USAGE ( .BOTH. , #10444 ) ;
#5958 = EDGE_CURVE ( 'NONE', #7949, #8816, #10184, .T. ) ;
#5959 =( GEOMETRIC_REPRESENTATION_CONTEXT ( 3 ) GLOBAL_UNCERTAINTY_ASSIGNED_CONTEXT ( ( #9800 ) ) GLOBAL_UNIT_ASSIGNED_CONTEXT ( ( #5600, #9853, #1772 ) ) REPRESENTATION_CONTEXT ( 'NONE', 'WORKASPACE' ) );
#5960 = VERTEX_POINT ( 'NONE', #2010 ) ;
#5961 = CIRCLE ( 'NONE', #10886, 0.05499999999999997946 ) ;
#5962 = ADVANCED_FACE ( 'NONE', ( #5496 ), #9235, .T. ) ;
#5963 = FACE_OUTER_BOUND ( 'NONE', #4540, .T. ) ;
#5964 = CARTESIAN_POINT ( 'NONE',  ( 0.1199999999999999956, 0.3299999999999999600, -0.1999999999999999001 ) ) ;
#5965 = VECTOR ( 'NONE', #11084, 1000.000000000000000 ) ;
#5967 = EDGE_LOOP ( 'NONE', ( #6526, #7241, #9908, #792 ) ) ;
#5966 =( NAMED_UNIT ( * ) SI_UNIT ( $, .STERADIAN. ) SOLID_ANGLE_UNIT ( ) );
#5968 = CARTESIAN_POINT ( 'NONE',  ( 0.7250638536624379737, 0.03968518678333547711, -0.6999999999999997335 ) ) ;
#5969 = DIRECTION ( 'NONE',  ( 0.000000000000000000, -2.710505431213761085E-16, 1.000000000000000000 ) ) ;
#5970 = ADVANCED_FACE ( 'NONE', ( #8386 ), #1293, .T. ) ;
#5971 = FILL_AREA_STYLE ('',( #3363 ) ) ;
#5972 = DIRECTION ( 'NONE',  ( 0.000000000000000000, 2.397541290737903714E-15, 1.000000000000000000 ) ) ;
#5973 = CARTESIAN_POINT ( 'NONE',  ( 0.1429128784747791536, 0.1799999999999998823, -0.4999999999999998890 ) ) ;
#5974 = VECTOR ( 'NONE', #8898, 1000.000000000000000 ) ;
#5975 =( LENGTH_UNIT ( ) NAMED_UNIT ( * ) SI_UNIT ( .MILLI., .METRE. ) );
#5976 = ORIENTED_EDGE ( 'NONE', *, *, #9766, .T. ) ;
#5977 = ADVANCED_FACE ( 'NONE', ( #9469 ), #5822, .T. ) ;
#5978 = ORIENTED_EDGE ( 'NONE', *, *, #8548, .F. ) ;
#5979 = PRESENTATION_STYLE_ASSIGNMENT (( #8785 ) ) ;
#5980 = CARTESIAN_POINT ( 'NONE',  ( 0.7376454134560617160, 0.06732979804127568746, -0.6990000000000002878 ) ) ;
#5981 = DIRECTION ( 'NONE',  ( 0.000000000000000000, -1.000000000000000000, 2.956915015869558659E-15 ) ) ;
#5982 = AXIS2_PLACEMENT_3D ( 'NONE', #9310, #7599, #10382 ) ;
#5983 = ORIENTED_EDGE ( 'NONE', *, *, #3361, .T. ) ;
#5984 = FILL_AREA_STYLE ('',( #9634 ) ) ;
#5985 = DIRECTION ( 'NONE',  ( 0.000000000000000000, 1.000000000000000000, -1.971276677246372308E-15 ) ) ;
#5986 = DIRECTION ( 'NONE',  ( -0.000000000000000000, -0.000000000000000000, -1.000000000000000000 ) ) ;
#5987 = CARTESIAN_POINT ( 'NONE',  ( 0.5300000000000003597, 1.436567878543294115E-16, -0.6700000000000000400 ) ) ;
#5988 = VERTEX_POINT ( 'NONE', #3207 ) ;
#5989 = DIRECTION ( 'NONE',  ( -0.000000000000000000, -0.000000000000000000, -1.000000000000000000 ) ) ;
#5990 = ORIENTED_EDGE ( 'NONE', *, *, #6869, .F. ) ;
#5991 = VECTOR ( 'NONE', #3559, 1000.000000000000000 ) ;
#5992 = CARTESIAN_POINT ( 'NONE',  ( 0.7699999999999996847, -0.3999999999999998557, -0.6999999999999999556 ) ) ;
#5993 = CARTESIAN_POINT ( 'NONE',  ( 0.5000000000000004441, -0.1800000000000000211, -0.3999999999999999112 ) ) ;
#5994 = FILL_AREA_STYLE_COLOUR ( '', #11119 ) ;
#5995 = DIRECTION ( 'NONE',  ( -1.000000000000000000, -0.000000000000000000, -0.000000000000000000 ) ) ;
#5996 = AXIS2_PLACEMENT_3D ( 'NONE', #9436, #9320, #4023 ) ;
#5997 = PRESENTATION_LAYER_ASSIGNMENT (  '', '', ( #10916 ) ) ;
#5998 =( NAMED_UNIT ( * ) SI_UNIT ( $, .STERADIAN. ) SOLID_ANGLE_UNIT ( ) );
#5999 = VECTOR ( 'NONE', #8355, 1000.000000000000000 ) ;
#6000 = CARTESIAN_POINT ( 'NONE',  ( 0.000000000000000000, 0.1799999999999998823, -0.5499999999999999334 ) ) ;
#6001 = CARTESIAN_POINT ( 'NONE',  ( 0.7699999999999997957, -0.09695121951219526357, -0.6999999999999999556 ) ) ;
#6002 = LINE ( 'NONE', #5243, #5713 ) ;
#6003 = ORIENTED_EDGE ( 'NONE', *, *, #10997, .T. ) ;
#6004 = ORIENTED_EDGE ( 'NONE', *, *, #9050, .T. ) ;
#6005 = ORIENTED_EDGE ( 'NONE', *, *, #8911, .T. ) ;
#6006 = PRESENTATION_LAYER_ASSIGNMENT (  '', '', ( #7312 ) ) ;
#6007 = AXIS2_PLACEMENT_3D ( 'NONE', #4724, #3830, #1253 ) ;
#6008 = DIRECTION ( 'NONE',  ( -0.000000000000000000, -0.000000000000000000, 1.000000000000000000 ) ) ;
#6009 = DIRECTION ( 'NONE',  ( 1.000000000000000000, 0.000000000000000000, -0.000000000000000000 ) ) ;
#6010 = DIRECTION ( 'NONE',  ( 0.000000000000000000, -1.000000000000000000, 0.000000000000000000 ) ) ;
#6011 = CYLINDRICAL_SURFACE ( 'NONE', #10662, 0.05500000000000000028 ) ;
#6012 = PRESENTATION_LAYER_ASSIGNMENT (  '', '', ( #4518 ) ) ;
#6013 = CARTESIAN_POINT ( 'NONE',  ( 0.8019999999999994911, -0.1800000000000000211, -0.4999999999999998890 ) ) ;
#6014 = CARTESIAN_POINT ( 'NONE',  ( -0.3049999999999999378, 0.3299999999999999600, -0.1999999999999999001 ) ) ;
#6015 = LINE ( 'NONE', #8890, #3095 ) ;
#6016 = VERTEX_POINT ( 'NONE', #9529 ) ;
#6017 = EDGE_CURVE ( 'NONE', #658, #4655, #1462, .T. ) ;
#6018 = UNCERTAINTY_MEASURE_WITH_UNIT (LENGTH_MEASURE( 1.000000000000000082E-05 ), #10345, 'distance_accuracy_value', 'NONE');
#6019 = FACE_OUTER_BOUND ( 'NONE', #1067, .T. ) ;
#6020 = AXIS2_PLACEMENT_3D ( 'NONE', #10960, #1159, #1938 ) ;
#6021 = AXIS2_PLACEMENT_3D ( 'NONE', #11660, #153, #9049 ) ;
#6022 = LINE ( 'NONE', #7783, #1309 ) ;
#6023 = FILL_AREA_STYLE_COLOUR ( '', #5786 ) ;
#6025 = ORIENTED_EDGE ( 'NONE', *, *, #1646, .F. ) ;
#6024 = SURFACE_STYLE_FILL_AREA ( #3980 ) ;
#6026 = PRESENTATION_LAYER_ASSIGNMENT (  '', '', ( #1698 ) ) ;
#6027 = FILL_AREA_STYLE ('',( #1608 ) ) ;
#6028 = CARTESIAN_POINT ( 'NONE',  ( 0.7674085365853656748, 0.03109756097560961718, -0.6999999999999999556 ) ) ;
#6029 = DIRECTION ( 'NONE',  ( 0.000000000000000000, 2.397541290737903714E-15, 1.000000000000000000 ) ) ;
#6030 = STYLED_ITEM ( 'NONE', ( #5097 ), #8192 ) ;
#6031 = CARTESIAN_POINT ( 'NONE',  ( 0.2399999999999999911, -0.1800000000000001876, -0.04999999999999969746 ) ) ;
#6032 = DIRECTION ( 'NONE',  ( -1.355252715606880543E-16, -1.000000000000000000, 0.000000000000000000 ) ) ;
#6033 = CARTESIAN_POINT ( 'NONE',  ( 0.4149999999999999800, 0.3299999999999999600, -0.3999999999999999667 ) ) ;
#6034 = LINE ( 'NONE', #1614, #1993 ) ;
#6035 = ORIENTED_EDGE ( 'NONE', *, *, #8984, .F. ) ;
#6036 = VECTOR ( 'NONE', #7244, 1000.000000000000000 ) ;
#6037 = ADVANCED_FACE ( 'NONE', ( #11377 ), #5119, .F. ) ;
#6038 = EDGE_CURVE ( 'NONE', #5683, #10899, #7526, .T. ) ;
#6039 = DIRECTION ( 'NONE',  ( -0.000000000000000000, -0.000000000000000000, -1.000000000000000000 ) ) ;
#6040 = SURFACE_SIDE_STYLE ('',( #10658 ) ) ;
#6041 = ORIENTED_EDGE ( 'NONE', *, *, #2588, .F. ) ;
#6042 = CARTESIAN_POINT ( 'NONE',  ( 0.7199999999999998623, -0.02935403963414644907, -0.6989999999999999547 ) ) ;
#6043 = CARTESIAN_POINT ( 'NONE',  ( -0.5300000000000003597, -0.3699999999999999956, -0.6999999999999999556 ) ) ;
#6044 = VECTOR ( 'NONE', #5826, 1000.000000000000000 ) ;
#6046 = CARTESIAN_POINT ( 'NONE',  ( 0.7699999999999997957, -0.005487804878048864292, -0.6999999999999999556 ) ) ;
#6045 = STYLED_ITEM ( 'NONE', ( #10942 ), #7129 ) ;
#6047 = UNCERTAINTY_MEASURE_WITH_UNIT (LENGTH_MEASURE( 1.000000000000000082E-05 ), #8559, 'distance_accuracy_value', 'NONE');
#6048 = VERTEX_POINT ( 'NONE', #4301 ) ;
#6049 = ORIENTED_EDGE ( 'NONE', *, *, #3964, .T. ) ;
#6050 = CARTESIAN_POINT ( 'NONE',  ( 0.7321918957421209573, -0.05263027398615484354, -0.7000000000000000666 ) ) ;
#6051 = EDGE_CURVE ( 'NONE', #10175, #6796, #9811, .T. ) ;
#6052 = CARTESIAN_POINT ( 'NONE',  ( 0.3370871215252209674, -0.1800000000000001876, -0.1999999999999998723 ) ) ;
#6053 = DIRECTION ( 'NONE',  ( 1.000000000000000000, 0.000000000000000000, 0.000000000000000000 ) ) ;
#6054 = FILL_AREA_STYLE ('',( #11429 ) ) ;
#6055 = EDGE_CURVE ( 'NONE', #1319, #8268, #1633, .T. ) ;
#6056 = DIRECTION ( 'NONE',  ( -0.000000000000000000, -0.000000000000000000, -1.000000000000000000 ) ) ;
#6057 = SURFACE_STYLE_USAGE ( .BOTH. , #9651 ) ;
#6058 = FACE_OUTER_BOUND ( 'NONE', #6063, .T. ) ;
#6059 = DIRECTION ( 'NONE',  ( -1.000000000000000000, 0.000000000000000000, 0.000000000000000000 ) ) ;
#6060 = AXIS2_PLACEMENT_3D ( 'NONE', #6370, #1795, #132 ) ;
#6061 = COLOUR_RGB ( '',0.7529411764705882248, 0.7529411764705882248, 0.7529411764705882248 ) ;
#6062 = ORIENTED_EDGE ( 'NONE', *, *, #3049, .F. ) ;
#6063 = EDGE_LOOP ( 'NONE', ( #10168, #7406, #6743, #11153 ) ) ;
#6064 = MECHANICAL_DESIGN_GEOMETRIC_PRESENTATION_REPRESENTATION (  '', ( #7365 ), #33 ) ;
#6065 = VERTEX_POINT ( 'NONE', #8679 ) ;
#6066 = DIRECTION ( 'NONE',  ( 0.000000000000000000, 0.000000000000000000, -1.000000000000000000 ) ) ;
#6067 = CYLINDRICAL_SURFACE ( 'NONE', #8455, 0.05500000000000000722 ) ;
#6068 = ORIENTED_EDGE ( 'NONE', *, *, #7178, .T. ) ;
#6069 = COLOUR_RGB ( '',0.9098039215686274384, 0.4431372549019607643, 0.03137254901960784270 ) ;
#6070 = COLOUR_RGB ( '',0.7529411764705882248, 0.7529411764705882248, 0.7529411764705882248 ) ;
#6071 =( NAMED_UNIT ( * ) PLANE_ANGLE_UNIT ( ) SI_UNIT ( $, .RADIAN. ) );
#6072 = PRESENTATION_STYLE_ASSIGNMENT (( #4200 ) ) ;
#6073 = SURFACE_STYLE_USAGE ( .BOTH. , #2487 ) ;
#6074 = CYLINDRICAL_SURFACE ( 'NONE', #6974, 0.05500000000000000028 ) ;
#6075 =( NAMED_UNIT ( * ) PLANE_ANGLE_UNIT ( ) SI_UNIT ( $, .RADIAN. ) );
#6076 = EDGE_LOOP ( 'NONE', ( #8501, #2539, #10968, #8628, #2337, #10136 ) ) ;
#6077 = COLOUR_RGB ( '',0.000000000000000000, 0.000000000000000000, 0.000000000000000000 ) ;
#6078 = FACE_OUTER_BOUND ( 'NONE', #2175, .T. ) ;
#6079 = CARTESIAN_POINT ( 'NONE',  ( 0.7445141006097559799, -0.04878048780487816150, -0.6989999999999999547 ) ) ;
#6080 = ADVANCED_FACE ( 'NONE', ( #5181 ), #5366, .F. ) ;
#6081 = ORIENTED_EDGE ( 'NONE', *, *, #11011, .T. ) ;
#6082 = STYLED_ITEM ( 'NONE', ( #8713 ), #2062 ) ;
#6083 = CARTESIAN_POINT ( 'NONE',  ( 0.7248780487804876715, 0.04280678353658522867, -0.6999999999999999556 ) ) ;
#6084 = SURFACE_SIDE_STYLE ('',( #2618 ) ) ;
#6085 = AXIS2_PLACEMENT_3D ( 'NONE', #2334, #6735, #8432 ) ;
#6086 = SURFACE_STYLE_USAGE ( .BOTH. , #8712 ) ;
#6087 = CARTESIAN_POINT ( 'NONE',  ( 0.7254878048780487587, -0.02932545731707328351, -0.7000000000000000666 ) ) ;
#6088 = VERTEX_POINT ( 'NONE', #4353 ) ;
#6089 = PRESENTATION_STYLE_ASSIGNMENT (( #2504 ) ) ;
#6090 = VERTEX_POINT ( 'NONE', #4474 ) ;
#6091 = VECTOR ( 'NONE', #5743, 1000.000000000000000 ) ;
#6092 = DIRECTION ( 'NONE',  ( 0.000000000000000000, 0.000000000000000000, 1.000000000000000000 ) ) ;
#6093 = STYLED_ITEM ( 'NONE', ( #641 ), #998 ) ;
#6094 = AXIS2_PLACEMENT_3D ( 'NONE', #11299, #5805, #3188 ) ;
#6095 = CARTESIAN_POINT ( 'NONE',  ( -0.3370871215252209119, -0.1800000000000000211, -0.09999999999999988065 ) ) ;
#6096 = CYLINDRICAL_SURFACE ( 'NONE', #11378, 0.05500000000000003497 ) ;
#6097 = EDGE_CURVE ( 'NONE', #9301, #752, #10010, .T. ) ;
#6098 = ORIENTED_EDGE ( 'NONE', *, *, #3715, .T. ) ;
#6099 =( LENGTH_UNIT ( ) NAMED_UNIT ( * ) SI_UNIT ( .MILLI., .METRE. ) );
#6100 = SURFACE_STYLE_FILL_AREA ( #10599 ) ;
#6101 =( GEOMETRIC_REPRESENTATION_CONTEXT ( 3 ) GLOBAL_UNCERTAINTY_ASSIGNED_CONTEXT ( ( #5571 ) ) GLOBAL_UNIT_ASSIGNED_CONTEXT ( ( #2590, #8875, #11611 ) ) REPRESENTATION_CONTEXT ( 'NONE', 'WORKASPACE' ) );
#6102 = FACE_OUTER_BOUND ( 'NONE', #2691, .T. ) ;
#6103 = DIRECTION ( 'NONE',  ( 0.000000000000000000, -1.000000000000000000, 2.956915015869558659E-15 ) ) ;
#6104 =( GEOMETRIC_REPRESENTATION_CONTEXT ( 3 ) GLOBAL_UNCERTAINTY_ASSIGNED_CONTEXT ( ( #7610 ) ) GLOBAL_UNIT_ASSIGNED_CONTEXT ( ( #2592, #9845, #11668 ) ) REPRESENTATION_CONTEXT ( 'NONE', 'WORKASPACE' ) );
#6105 = EDGE_CURVE ( 'NONE', #2927, #4574, #8934, .T. ) ;
#6106 = COLOUR_RGB ( '',0.7529411764705882248, 0.7529411764705882248, 0.7529411764705882248 ) ;
#6107 = EDGE_LOOP ( 'NONE', ( #10602, #9657, #7962, #5459 ) ) ;
#6108 = VERTEX_POINT ( 'NONE', #276 ) ;
#6109 = CARTESIAN_POINT ( 'NONE',  ( 0.7225389263043131560, -0.04193364994488177344, -0.6999999999999997335 ) ) ;
#6110 = PRESENTATION_LAYER_ASSIGNMENT (  '', '', ( #6849 ) ) ;
#6111 = UNCERTAINTY_MEASURE_WITH_UNIT (LENGTH_MEASURE( 1.000000000000000082E-05 ), #4480, 'distance_accuracy_value', 'NONE');
#6112 = DIRECTION ( 'NONE',  ( 0.000000000000000000, -2.464095846557964300E-15, -1.000000000000000000 ) ) ;
#6113 = ADVANCED_FACE ( 'NONE', ( #7227 ), #6285, .T. ) ;
#6114 =( NAMED_UNIT ( * ) SI_UNIT ( $, .STERADIAN. ) SOLID_ANGLE_UNIT ( ) );
#6115 = SURFACE_SIDE_STYLE ('',( #11662 ) ) ;
#6116 = SURFACE_SIDE_STYLE ('',( #1760 ) ) ;
#6117 = FILL_AREA_STYLE ('',( #3518 ) ) ;
#6118 = LINE ( 'NONE', #3520, #1584 ) ;
#6119 = EDGE_CURVE ( 'NONE', #6980, #6467, #7858, .T. ) ;
#6120 = CIRCLE ( 'NONE', #98, 0.09999999999999999167 ) ;
#6121 = AXIS2_PLACEMENT_3D ( 'NONE', #10008, #3851, #9160 ) ;
#6122 = DIRECTION ( 'NONE',  ( -0.000000000000000000, 0.000000000000000000, 1.000000000000000000 ) ) ;
#6123 = VERTEX_POINT ( 'NONE', #4586 ) ;
#6124 = ORIENTED_EDGE ( 'NONE', *, *, #11096, .T. ) ;
#6125 = ORIENTED_EDGE ( 'NONE', *, *, #7761, .F. ) ;
#6126 = EDGE_CURVE ( 'NONE', #4971, #318, #3017, .T. ) ;
#6127 = LINE ( 'NONE', #5251, #10688 ) ;
#6128 = MECHANICAL_DESIGN_GEOMETRIC_PRESENTATION_REPRESENTATION (  '', ( #9709 ), #884 ) ;
#6130 = ORIENTED_EDGE ( 'NONE', *, *, #4403, .T. ) ;
#6129 = FACE_OUTER_BOUND ( 'NONE', #2414, .T. ) ;
#6131 = VECTOR ( 'NONE', #1300, 1000.000000000000000 ) ;
#6132 = VECTOR ( 'NONE', #463, 1000.000000000000000 ) ;
#6133 = CARTESIAN_POINT ( 'NONE',  ( 0.7199999999999998623, -0.01524390243902449919, -0.6989999999999999547 ) ) ;
#6134 = DIRECTION ( 'NONE',  ( -1.000000000000000000, -0.000000000000000000, -0.000000000000000000 ) ) ;
#6135 = ORIENTED_EDGE ( 'NONE', *, *, #507, .T. ) ;
#6136 = UNCERTAINTY_MEASURE_WITH_UNIT (LENGTH_MEASURE( 1.000000000000000082E-05 ), #10610, 'distance_accuracy_value', 'NONE');
#6137 = CARTESIAN_POINT ( 'NONE',  ( -0.1199999999999999956, -0.3300000000000002931, -0.1999999999999999001 ) ) ;
#6138 = DIRECTION ( 'NONE',  ( -0.000000000000000000, 1.000000000000000000, 0.000000000000000000 ) ) ;
#6139 = CARTESIAN_POINT ( 'NONE',  ( -0.5000000000000003331, 0.4000000000000000222, -0.5999999999999999778 ) ) ;
#6140 = LINE ( 'NONE', #544, #1971 ) ;
#6141 = VERTEX_POINT ( 'NONE', #6445 ) ;
#6142 = CARTESIAN_POINT ( 'NONE',  ( 0.7529224795137733350, -0.04751678783719726074, -0.6990000000000000657 ) ) ;
#6143 = LINE ( 'NONE', #9750, #10594 ) ;
#6144 =( NAMED_UNIT ( * ) SI_UNIT ( $, .STERADIAN. ) SOLID_ANGLE_UNIT ( ) );
#6145 = FACE_OUTER_BOUND ( 'NONE', #10055, .T. ) ;
#6146 = CARTESIAN_POINT ( 'NONE',  ( 0.7362206395023824790, -0.04747944261066468913, -0.6999999999999996225 ) ) ;
#6147 = FILL_AREA_STYLE_COLOUR ( '', #5941 ) ;
#6148 = ORIENTED_EDGE ( 'NONE', *, *, #5255, .F. ) ;
#6149 = PRESENTATION_LAYER_ASSIGNMENT (  '', '', ( #11250 ) ) ;
#6150 = PRESENTATION_LAYER_ASSIGNMENT (  '', '', ( #11440 ) ) ;
#6151 = CARTESIAN_POINT ( 'NONE',  ( 0.8019999999999994911, -0.1800000000000000211, -0.3999999999999999112 ) ) ;
#6152 = DIRECTION ( 'NONE',  ( 0.000000000000000000, 0.000000000000000000, 1.000000000000000000 ) ) ;
#6153 = CARTESIAN_POINT ( 'NONE',  ( 0.7264539635790802086, -0.08112664459560360586, -0.6999999999999998446 ) ) ;
#6154 = ORIENTED_EDGE ( 'NONE', *, *, #7389, .F. ) ;
#6155 = SURFACE_STYLE_USAGE ( .BOTH. , #1862 ) ;
#6156 = DIRECTION ( 'NONE',  ( 0.000000000000000000, 1.000000000000000000, -5.646886315028668105E-17 ) ) ;
#6157 = COLOUR_RGB ( '',0.9098039215686274384, 0.4431372549019607643, 0.03137254901960784270 ) ;
#6158 = DIRECTION ( 'NONE',  ( -7.228014483236713319E-16, 1.000000000000000000, 0.000000000000000000 ) ) ;
#6159 = UNCERTAINTY_MEASURE_WITH_UNIT (LENGTH_MEASURE( 1.000000000000000082E-05 ), #1768, 'distance_accuracy_value', 'NONE');
#6160 = ORIENTED_EDGE ( 'NONE', *, *, #5664, .F. ) ;
#6161 = EDGE_CURVE ( 'NONE', #7990, #6016, #10069, .T. ) ;
#6162 = SURFACE_SIDE_STYLE ('',( #570 ) ) ;
#6163 = ORIENTED_EDGE ( 'NONE', *, *, #6889, .F. ) ;
#6164 = CARTESIAN_POINT ( 'NONE',  ( 0.7366623055724448310, -0.05449282851183354093, -0.6999999999999998446 ) ) ;
#6165 = DIRECTION ( 'NONE',  ( -1.000000000000000000, -0.000000000000000000, -0.000000000000000000 ) ) ;
#6166 = CARTESIAN_POINT ( 'NONE',  ( 0.8019999999999994911, -0.2800000000000000266, -0.1999999999999998723 ) ) ;
#6167 = VECTOR ( 'NONE', #7045, 1000.000000000000000 ) ;
#6168 = FACE_OUTER_BOUND ( 'NONE', #5407, .T. ) ;
#6169 = EDGE_CURVE ( 'NONE', #3569, #10739, #101, .T. ) ;
#6170 = FACE_OUTER_BOUND ( 'NONE', #9415, .T. ) ;
#6171 = DIRECTION ( 'NONE',  ( 0.000000000000000000, -2.464095846557964300E-15, -1.000000000000000000 ) ) ;
#6172 = DIRECTION ( 'NONE',  ( 0.000000000000000000, 0.000000000000000000, 1.000000000000000000 ) ) ;
#6173 = STYLED_ITEM ( 'NONE', ( #2480 ), #5199 ) ;
#6174 =( LENGTH_UNIT ( ) NAMED_UNIT ( * ) SI_UNIT ( .MILLI., .METRE. ) );
#6175 = ORIENTED_EDGE ( 'NONE', *, *, #3789, .F. ) ;
#6176 = ORIENTED_EDGE ( 'NONE', *, *, #5271, .T. ) ;
#6177 = FILL_AREA_STYLE_COLOUR ( '', #9384 ) ;
#6178 = COLOUR_RGB ( '',0.000000000000000000, 0.000000000000000000, 0.000000000000000000 ) ;
#6179 = EDGE_CURVE ( 'NONE', #8176, #8466, #3973, .T. ) ;
#6180 = SURFACE_STYLE_FILL_AREA ( #10689 ) ;
#6181 = EDGE_CURVE ( 'NONE', #8718, #955, #3801, .T. ) ;
#6182 = ORIENTED_EDGE ( 'NONE', *, *, #6822, .T. ) ;
#6183 = VECTOR ( 'NONE', #9323, 1000.000000000000000 ) ;
#6184 = SURFACE_STYLE_USAGE ( .BOTH. , #2602 ) ;
#6185 = SURFACE_STYLE_USAGE ( .BOTH. , #4318 ) ;
#6186 = CIRCLE ( 'NONE', #5256, 0.05499999999999997946 ) ;
#6187 = CARTESIAN_POINT ( 'NONE',  ( 0.7254878048780487587, -0.02932545731707328351, -0.7000000000000000666 ) ) ;
#6188 = FACE_OUTER_BOUND ( 'NONE', #5141, .T. ) ;
#6189 = ORIENTED_EDGE ( 'NONE', *, *, #1130, .T. ) ;
#6190 = AXIS2_PLACEMENT_3D ( 'NONE', #9026, #2613, #974 ) ;
#6191 = STYLED_ITEM ( 'NONE', ( #4667 ), #2870 ) ;
#6192 = LINE ( 'NONE', #8020, #6736 ) ;
#6193 = ORIENTED_EDGE ( 'NONE', *, *, #10498, .T. ) ;
#6194 = UNCERTAINTY_MEASURE_WITH_UNIT (LENGTH_MEASURE( 1.000000000000000082E-05 ), #583, 'distance_accuracy_value', 'NONE');
#6195 = DIRECTION ( 'NONE',  ( 0.000000000000000000, -0.000000000000000000, 1.000000000000000000 ) ) ;
#6196 = PRESENTATION_STYLE_ASSIGNMENT (( #10704 ) ) ;
#6197 =( GEOMETRIC_REPRESENTATION_CONTEXT ( 3 ) GLOBAL_UNCERTAINTY_ASSIGNED_CONTEXT ( ( #8863 ) ) GLOBAL_UNIT_ASSIGNED_CONTEXT ( ( #5722, #4962, #4008 ) ) REPRESENTATION_CONTEXT ( 'NONE', 'WORKASPACE' ) );
#6199 = ORIENTED_EDGE ( 'NONE', *, *, #6829, .T. ) ;
#6198 = SURFACE_SIDE_STYLE ('',( #4 ) ) ;
#6200 = CARTESIAN_POINT ( 'NONE',  ( 0.7489557317405464154, -0.04849281101136621031, -0.6989999999999999547 ) ) ;
#6201 = LINE ( 'NONE', #3359, #5864 ) ;
#6202 = EDGE_CURVE ( 'NONE', #5093, #4792, #5669, .T. ) ;
#6203 = CARTESIAN_POINT ( 'NONE',  ( 0.1199999999999999956, 0.3300000000000000155, -0.1999999999999999001 ) ) ;
#6204 =( NAMED_UNIT ( * ) SI_UNIT ( $, .STERADIAN. ) SOLID_ANGLE_UNIT ( ) );
#6205 = CARTESIAN_POINT ( 'NONE',  ( -0.8000000000000003775, -0.3999999999999999112, 0.000000000000000000 ) ) ;
#6206 = ORIENTED_EDGE ( 'NONE', *, *, #4884, .T. ) ;
#6207 = EDGE_LOOP ( 'NONE', ( #2874, #11416, #4917, #8132 ) ) ;
#6208 = VECTOR ( 'NONE', #5233, 1000.000000000000000 ) ;
#6209 = SURFACE_SIDE_STYLE ('',( #1978 ) ) ;
#6210 = CARTESIAN_POINT ( 'NONE',  ( 0.7271278738731559166, -0.08101950171326260941, -0.6999999999999998446 ) ) ;
#6211 = ORIENTED_EDGE ( 'NONE', *, *, #8667, .F. ) ;
#6212 = AXIS2_PLACEMENT_3D ( 'NONE', #1991, #4468, #5587 ) ;
#6213 = CARTESIAN_POINT ( 'NONE',  ( 0.7203655673090018086, -0.03471494329795044020, -0.7000000000000000666 ) ) ;
#6214 = LINE ( 'NONE', #686, #6475 ) ;
#6215 = PRESENTATION_LAYER_ASSIGNMENT (  '', '', ( #5662 ) ) ;
#6216 = EDGE_LOOP ( 'NONE', ( #1702, #7948, #7712, #11068 ) ) ;
#6217 = ORIENTED_EDGE ( 'NONE', *, *, #10440, .T. ) ;
#6218 = PRESENTATION_LAYER_ASSIGNMENT (  '', '', ( #3189 ) ) ;
#6219 = SURFACE_STYLE_USAGE ( .BOTH. , #2754 ) ;
#6220 = FILL_AREA_STYLE ('',( #5234 ) ) ;
#6221 = CARTESIAN_POINT ( 'NONE',  ( 0.7699999999999999067, 0.07256097560975606486, -0.6989999999999999547 ) ) ;
#6222 = DIRECTION ( 'NONE',  ( 0.000000000000000000, -0.000000000000000000, 1.000000000000000000 ) ) ;
#6223 = AXIS2_PLACEMENT_3D ( 'NONE', #7285, #5536, #11073 ) ;
#6224 = EDGE_CURVE ( 'NONE', #11138, #11444, #4352, .T. ) ;
#6225 = DIRECTION ( 'NONE',  ( -1.000000000000000000, -0.000000000000000000, -0.000000000000000000 ) ) ;
#6226 = DIRECTION ( 'NONE',  ( -1.000000000000000000, -0.000000000000000000, -0.000000000000000000 ) ) ;
#6227 = COLOUR_RGB ( '',0.000000000000000000, 0.000000000000000000, 0.000000000000000000 ) ;
#6228 = SURFACE_STYLE_FILL_AREA ( #6117 ) ;
#6229 = CARTESIAN_POINT ( 'NONE',  ( 0.7688328844042348065, 0.03402335741721082552, -0.6989999999999998437 ) ) ;
#6230 = SURFACE_STYLE_USAGE ( .BOTH. , #3455 ) ;
#6231 = ORIENTED_EDGE ( 'NONE', *, *, #1294, .T. ) ;
#6232 = ORIENTED_EDGE ( 'NONE', *, *, #2305, .F. ) ;
#6233 = COLOUR_RGB ( '',0.000000000000000000, 0.000000000000000000, 1.000000000000000000 ) ;
#6234 = STYLED_ITEM ( 'NONE', ( #7900 ), #817 ) ;
#6235 = VECTOR ( 'NONE', #10629, 1000.000000000000000 ) ;
#6236 = DIRECTION ( 'NONE',  ( 0.000000000000000000, -2.710505431213761085E-16, 1.000000000000000000 ) ) ;
#6237 = FILL_AREA_STYLE_COLOUR ( '', #5213 ) ;
#6239 = ORIENTED_EDGE ( 'NONE', *, *, #86, .T. ) ;
#6238 = CARTESIAN_POINT ( 'NONE',  ( 0.7447612320382246409, 0.06156805012968615681, -0.6999999999999998446 ) ) ;
#6240 = EDGE_CURVE ( 'NONE', #8970, #7103, #10954, .T. ) ;
#6241 = DIRECTION ( 'NONE',  ( 1.000000000000000000, -3.614007241618349757E-16, 0.000000000000000000 ) ) ;
#6242 = FILL_AREA_STYLE ('',( #10750 ) ) ;
#6243 = COLOUR_RGB ( '',0.9098039215686274384, 0.4431372549019607643, 0.03137254901960784270 ) ;
#6244 = CARTESIAN_POINT ( 'NONE',  ( 0.7278212596431088421, 0.03154158025699755480, -0.6999999999999998446 ) ) ;
#6245 = PRESENTATION_LAYER_ASSIGNMENT (  '', '', ( #8299 ) ) ;
#6246 = FACE_OUTER_BOUND ( 'NONE', #704, .T. ) ;
#6247 = ORIENTED_EDGE ( 'NONE', *, *, #3345, .T. ) ;
#6248 = UNCERTAINTY_MEASURE_WITH_UNIT (LENGTH_MEASURE( 1.000000000000000082E-05 ), #7828, 'distance_accuracy_value', 'NONE');
#6249 = EDGE_CURVE ( 'NONE', #7916, #8970, #3773, .T. ) ;
#6250 = MECHANICAL_DESIGN_GEOMETRIC_PRESENTATION_REPRESENTATION (  '', ( #3223 ), #608 ) ;
#6251 = TOROIDAL_SURFACE ( 'NONE', #2307, 0.1500000000000000500, 0.05500000000000000028 ) ;
#6252 = VECTOR ( 'NONE', #422, 1000.000000000000000 ) ;
#6253 = SURFACE_STYLE_USAGE ( .BOTH. , #663 ) ;
#6254 = CARTESIAN_POINT ( 'NONE',  ( 0.7569653292537050771, 0.05887538488854230506, -0.6989999999999997327 ) ) ;
#6255 = DIRECTION ( 'NONE',  ( 0.000000000000000000, 0.000000000000000000, -1.000000000000000000 ) ) ;
#6257 = ORIENTED_EDGE ( 'NONE', *, *, #3993, .T. ) ;
#6256 = FILL_AREA_STYLE_COLOUR ( '', #9007 ) ;
#6258 = SURFACE_STYLE_USAGE ( .BOTH. , #7136 ) ;
#6259 = PLANE ( 'NONE',  #4380 ) ;
#6260 = SURFACE_SIDE_STYLE ('',( #11638 ) ) ;
#6261 = DIRECTION ( 'NONE',  ( 0.000000000000000000, 0.000000000000000000, 1.000000000000000000 ) ) ;
#6262 = DIRECTION ( 'NONE',  ( -0.000000000000000000, -0.000000000000000000, -1.000000000000000000 ) ) ;
#6263 = VERTEX_POINT ( 'NONE', #5698 ) ;
#6264 = DIRECTION ( 'NONE',  ( 0.000000000000000000, -1.000000000000000000, 0.000000000000000000 ) ) ;
#6265 = ADVANCED_FACE ( 'NONE', ( #8554 ), #11140, .T. ) ;
#6266 = ORIENTED_EDGE ( 'NONE', *, *, #204, .T. ) ;
#6267 = SURFACE_STYLE_USAGE ( .BOTH. , #6209 ) ;
#6268 = PRESENTATION_STYLE_ASSIGNMENT (( #10774 ) ) ;
#6269 = EDGE_CURVE ( 'NONE', #9449, #5988, #328, .T. ) ;
#6270 = FILL_AREA_STYLE ('',( #8787 ) ) ;
#6271 = DIRECTION ( 'NONE',  ( 0.000000000000000000, 1.000000000000000000, -1.971276677246372308E-15 ) ) ;
#6272 = VERTEX_POINT ( 'NONE', #2169 ) ;
#6273 = CIRCLE ( 'NONE', #4772, 0.05500000000000000722 ) ;
#6274 = PRESENTATION_STYLE_ASSIGNMENT (( #7372 ) ) ;
#6275 = DIRECTION ( 'NONE',  ( -0.000000000000000000, -0.000000000000000000, -1.000000000000000000 ) ) ;
#6276 = CARTESIAN_POINT ( 'NONE',  ( 0.1199999999999999956, 0.3299999999999999600, -0.3999999999999999667 ) ) ;
#6277 = UNCERTAINTY_MEASURE_WITH_UNIT (LENGTH_MEASURE( 1.000000000000000082E-05 ), #11312, 'distance_accuracy_value', 'NONE');
#6278 = ORIENTED_EDGE ( 'NONE', *, *, #9859, .T. ) ;
#6279 = CIRCLE ( 'NONE', #626, 0.09999999999999999167 ) ;
#6280 = ORIENTED_EDGE ( 'NONE', *, *, #281, .F. ) ;
#6281 = CARTESIAN_POINT ( 'NONE',  ( 0.7700000518793064241, 0.03816066169076080122, -0.6999999999999999556 ) ) ;
#6282 =( LENGTH_UNIT ( ) NAMED_UNIT ( * ) SI_UNIT ( .MILLI., .METRE. ) );
#6283 = COLOUR_RGB ( '',0.9098039215686274384, 0.4431372549019607643, 0.03137254901960784270 ) ;
#6284 = AXIS2_PLACEMENT_3D ( 'NONE', #2242, #7710, #5127 ) ;
#6285 = CYLINDRICAL_SURFACE ( 'NONE', #6223, 0.05500000000000000028 ) ;
#6286 =( GEOMETRIC_REPRESENTATION_CONTEXT ( 3 ) GLOBAL_UNCERTAINTY_ASSIGNED_CONTEXT ( ( #5798 ) ) GLOBAL_UNIT_ASSIGNED_CONTEXT ( ( #10167, #4092, #5681 ) ) REPRESENTATION_CONTEXT ( 'NONE', 'WORKASPACE' ) );
#6287 = DIRECTION ( 'NONE',  ( -0.000000000000000000, 1.000000000000000000, -0.000000000000000000 ) ) ;
#6288 = DIRECTION ( 'NONE',  ( 0.000000000000000000, 1.000000000000000000, -2.578241652818821251E-15 ) ) ;
#6289 = CARTESIAN_POINT ( 'NONE',  ( 0.7706018559070412222, 0.04418158324514952912, -0.6989999999999998437 ) ) ;
#6290 = CARTESIAN_POINT ( 'NONE',  ( 0.7281472711831726841, -0.04054300060450933413, -0.6989999999999999547 ) ) ;
#6291 = B_SPLINE_CURVE_WITH_KNOTS ( 'NONE', 3,
 ( #7503, #2917, #2170, #11129, #4645, #1166, #5757, #8215, #3983, #9168, #2865, #4762, #6446, #10070, #5591, #8317, #1110, #277, #7444 ),
 .UNSPECIFIED., .F., .F.,
 ( 4, 1, 1, 1, 1, 1, 1, 1, 1, 1, 1, 1, 1, 1, 1, 1, 4 ),
 ( 0.000000000000000000, 0.07064215072300222831, 0.1382536470674244067, 0.2033596107954853405, 0.2662484148830680519, 0.3279196778882909613, 0.3887512814041687026, 0.4494357474917632933, 0.5108718673107421893, 0.5720888932305397967, 0.6317426019427838657, 0.6911240658607695764, 0.7503655699490042741, 0.8100371166225082131, 0.8713653057843916416, 0.9344285965418710482, 1.000000000000000000 ),
 .UNSPECIFIED. ) ;
#6292 = ORIENTED_EDGE ( 'NONE', *, *, #47, .T. ) ;
#6293 = CIRCLE ( 'NONE', #8717, 0.05499999999999997946 ) ;
#6294 = ORIENTED_EDGE ( 'NONE', *, *, #2852, .F. ) ;
#6295 = VECTOR ( 'NONE', #10372, 1000.000000000000000 ) ;
#6296 = FILL_AREA_STYLE_COLOUR ( '', #1322 ) ;
#6297 = COLOUR_RGB ( '',0.9098039215686274384, 0.4431372549019607643, 0.03137254901960784270 ) ;
#6298 = EDGE_CURVE ( 'NONE', #8336, #6388, #4051, .T. ) ;
#6299 = MECHANICAL_DESIGN_GEOMETRIC_PRESENTATION_REPRESENTATION (  '', ( #9125 ), #2553 ) ;
#6301 = ORIENTED_EDGE ( 'NONE', *, *, #359, .T. ) ;
#6300 = DIRECTION ( 'NONE',  ( 0.000000000000000000, 0.000000000000000000, -1.000000000000000000 ) ) ;
#6302 = FILL_AREA_STYLE ('',( #712 ) ) ;
#6303 = VECTOR ( 'NONE', #10275, 1000.000000000000000 ) ;
#6304 = CARTESIAN_POINT ( 'NONE',  ( 0.7699999999999997957, -0.01524390243902449919, -0.6989999999999999547 ) ) ;
#6305 = FILL_AREA_STYLE_COLOUR ( '', #51 ) ;
#6306 = CYLINDRICAL_SURFACE ( 'NONE', #10305, 0.1000000000000000056 ) ;
#6307 = COLOUR_RGB ( '',0.7529411764705882248, 0.7529411764705882248, 0.7529411764705882248 ) ;
#6308 = CARTESIAN_POINT ( 'NONE',  ( 0.7649379954151360739, 0.04038117729642018428, -0.6999999999999998446 ) ) ;
#6309 = CARTESIAN_POINT ( 'NONE',  ( 0.7699999999999997957, -0.005487804878048864292, -0.6989999999999999547 ) ) ;
#6310 = ORIENTED_EDGE ( 'NONE', *, *, #1039, .T. ) ;
#6311 = FILL_AREA_STYLE ('',( #6472 ) ) ;
#6312 = EDGE_CURVE ( 'NONE', #3656, #5848, #2846, .T. ) ;
#6313 = VECTOR ( 'NONE', #4289, 1000.000000000000000 ) ;
#6314 = CIRCLE ( 'NONE', #7057, 0.09999999999999999167 ) ;
#6315 = UNCERTAINTY_MEASURE_WITH_UNIT (LENGTH_MEASURE( 1.000000000000000082E-05 ), #1492, 'distance_accuracy_value', 'NONE');
#6316 = DIRECTION ( 'NONE',  ( 0.000000000000000000, -2.710505431213761085E-16, 1.000000000000000000 ) ) ;
#6317 = ORIENTED_EDGE ( 'NONE', *, *, #7998, .F. ) ;
#6318 = EDGE_CURVE ( 'NONE', #4285, #4291, #3194, .T. ) ;
#6319 = SURFACE_SIDE_STYLE ('',( #11090 ) ) ;
#6320 = FILL_AREA_STYLE ('',( #7972 ) ) ;
#6321 = DIRECTION ( 'NONE',  ( 0.000000000000000000, 1.000000000000000000, -2.578241652818821251E-15 ) ) ;
#6322 = DIRECTION ( 'NONE',  ( -0.000000000000000000, 1.000000000000000000, -0.000000000000000000 ) ) ;
#6323 = ORIENTED_EDGE ( 'NONE', *, *, #4548, .T. ) ;
#6324 = CARTESIAN_POINT ( 'NONE',  ( 0.8019999999999994911, 0.1800000000000000766, -0.3999999999999999112 ) ) ;
#6325 = ORIENTED_EDGE ( 'NONE', *, *, #9177, .F. ) ;
#6326 = ADVANCED_FACE ( 'NONE', ( #5808 ), #3191, .T. ) ;
#6327 =( NAMED_UNIT ( * ) PLANE_ANGLE_UNIT ( ) SI_UNIT ( $, .RADIAN. ) );
#6328 = DIRECTION ( 'NONE',  ( 0.000000000000000000, 0.000000000000000000, 1.000000000000000000 ) ) ;
#6329 = SURFACE_STYLE_USAGE ( .BOTH. , #4573 ) ;
#6330 = VERTEX_POINT ( 'NONE', #3249 ) ;
#6331 = ADVANCED_FACE ( 'NONE', ( #5225 ), #3435, .T. ) ;
#6332 = DIRECTION ( 'NONE',  ( 0.000000000000000000, 1.000000000000000000, 0.000000000000000000 ) ) ;
#6333 = DIRECTION ( 'NONE',  ( 0.000000000000000000, -1.000000000000000000, 0.000000000000000000 ) ) ;
#6334 = SURFACE_STYLE_FILL_AREA ( #10061 ) ;
#6335 = ADVANCED_FACE ( 'NONE', ( #11365 ), #5224, .T. ) ;
#6336 = ORIENTED_EDGE ( 'NONE', *, *, #5050, .T. ) ;
#6337 = ORIENTED_EDGE ( 'NONE', *, *, #6051, .F. ) ;
#6338 = PRESENTATION_STYLE_ASSIGNMENT (( #6219 ) ) ;
#6339 = LINE ( 'NONE', #8053, #733 ) ;
#6340 =( NAMED_UNIT ( * ) PLANE_ANGLE_UNIT ( ) SI_UNIT ( $, .RADIAN. ) );
#6341 = AXIS2_PLACEMENT_3D ( 'NONE', #11298, #2329, #3373 ) ;
#6342 = AXIS2_PLACEMENT_3D ( 'NONE', #2821, #10081, #8946 ) ;
#6343 = DIRECTION ( 'NONE',  ( 1.000000000000000000, 0.000000000000000000, 0.000000000000000000 ) ) ;
#6344 = CARTESIAN_POINT ( 'NONE',  ( 0.7315017940385823980, -0.04471082710358808415, -0.7000000000000000666 ) ) ;
#6345 = ADVANCED_FACE ( 'NONE', ( #10948 ), #593, .T. ) ;
#6346 = EDGE_LOOP ( 'NONE', ( #3067, #5721, #9540, #9847 ) ) ;
#6347 = CARTESIAN_POINT ( 'NONE',  ( 0.7280792682926827686, 0.03109756097560961718, -0.6999999999999999556 ) ) ;
#6348 = ORIENTED_EDGE ( 'NONE', *, *, #6759, .F. ) ;
#6349 =( NAMED_UNIT ( * ) SI_UNIT ( $, .STERADIAN. ) SOLID_ANGLE_UNIT ( ) );
#6350 =( NAMED_UNIT ( * ) PLANE_ANGLE_UNIT ( ) SI_UNIT ( $, .RADIAN. ) );
#6351 = SURFACE_SIDE_STYLE ('',( #3811 ) ) ;
#6352 = ORIENTED_EDGE ( 'NONE', *, *, #10936, .T. ) ;
#6353 =( NAMED_UNIT ( * ) SI_UNIT ( $, .STERADIAN. ) SOLID_ANGLE_UNIT ( ) );
#6354 = FILL_AREA_STYLE_COLOUR ( '', #10595 ) ;
#6355 = SURFACE_SIDE_STYLE ('',( #5385 ) ) ;
#6356 = CARTESIAN_POINT ( 'NONE',  ( 0.7474390243902437891, 0.01463414634146333569, -0.6989999999999999547 ) ) ;
#6357 = VERTEX_POINT ( 'NONE', #9207 ) ;
#6358 = UNCERTAINTY_MEASURE_WITH_UNIT (LENGTH_MEASURE( 1.000000000000000082E-05 ), #169, 'distance_accuracy_value', 'NONE');
#6359 = SURFACE_STYLE_USAGE ( .BOTH. , #3822 ) ;
#6360 = VECTOR ( 'NONE', #9164, 1000.000000000000000 ) ;
#6361 = CARTESIAN_POINT ( 'NONE',  ( 0.7204901000093111296, 0.03359067750317596551, -0.6999999999999999556 ) ) ;
#6362 = SURFACE_STYLE_USAGE ( .BOTH. , #1086 ) ;
#6363 = CARTESIAN_POINT ( 'NONE',  ( -0.02291287847477900541, 0.1799999999999999101, -0.1999999999999998723 ) ) ;
#6364 = ORIENTED_EDGE ( 'NONE', *, *, #3185, .F. ) ;
#6365 = CARTESIAN_POINT ( 'NONE',  ( 0.8019999999999994911, 0.1800000000000000766, -0.09999999999999988065 ) ) ;
#6366 = PRESENTATION_LAYER_ASSIGNMENT (  '', '', ( #4133 ) ) ;
#6367 = STYLED_ITEM ( 'NONE', ( #5332 ), #5616 ) ;
#6368 = EDGE_CURVE ( 'NONE', #2091, #7657, #5525, .T. ) ;
#6369 =( NAMED_UNIT ( * ) PLANE_ANGLE_UNIT ( ) SI_UNIT ( $, .RADIAN. ) );
#6370 = CARTESIAN_POINT ( 'NONE',  ( 0.000000000000000000, 0.1799999999999999378, -0.04999999999999975298 ) ) ;
#6371 = VECTOR ( 'NONE', #7079, 1000.000000000000000 ) ;
#6372 =( LENGTH_UNIT ( ) NAMED_UNIT ( * ) SI_UNIT ( .MILLI., .METRE. ) );
#6373 = ORIENTED_EDGE ( 'NONE', *, *, #11229, .T. ) ;
#6374 = VECTOR ( 'NONE', #4786, 1000.000000000000000 ) ;
#6375 = DIRECTION ( 'NONE',  ( -0.000000000000000000, -0.000000000000000000, -1.000000000000000000 ) ) ;
#6376 = PLANE ( 'NONE',  #9975 ) ;
#6377 = CARTESIAN_POINT ( 'NONE',  ( 0.7592345086843248492, -0.05132606452439918143, -0.6999999999999997335 ) ) ;
#6378 = CARTESIAN_POINT ( 'NONE',  ( 0.7504878048780486699, -0.07292301829268306446, -0.6999999999999999556 ) ) ;
#6379 = STYLED_ITEM ( 'NONE', ( #8771 ), #2789 ) ;
#6380 = VERTEX_POINT ( 'NONE', #8252 ) ;
#6381 = CARTESIAN_POINT ( 'NONE',  ( 0.7674085365853656748, 0.03109756097560961718, -0.6999999999999999556 ) ) ;
#6382 = PRESENTATION_STYLE_ASSIGNMENT (( #10114 ) ) ;
#6383 = CARTESIAN_POINT ( 'NONE',  ( 0.2399999999999999911, -0.1800000000000002154, -0.5499999999999999334 ) ) ;
#6384 = VECTOR ( 'NONE', #2975, 1000.000000000000000 ) ;
#6385 = SURFACE_STYLE_FILL_AREA ( #1987 ) ;
#6386 = UNCERTAINTY_MEASURE_WITH_UNIT (LENGTH_MEASURE( 1.000000000000000082E-05 ), #3633, 'distance_accuracy_value', 'NONE');
#6387 = EDGE_CURVE ( 'NONE', #4755, #6757, #6419, .T. ) ;
#6388 = VERTEX_POINT ( 'NONE', #6381 ) ;
#6389 = UNCERTAINTY_MEASURE_WITH_UNIT (LENGTH_MEASURE( 1.000000000000000082E-05 ), #10889, 'distance_accuracy_value', 'NONE');
#6390 = CARTESIAN_POINT ( 'NONE',  ( 0.7266624957392583406, 0.06113955397700882033, -0.6989999999999998437 ) ) ;
#6391 = COLOUR_RGB ( '',0.7529411764705882248, 0.7529411764705882248, 0.7529411764705882248 ) ;
#6392 = CARTESIAN_POINT ( 'NONE',  ( 0.7249211842510798753, 0.04481291366731975090, -0.6989999999999997327 ) ) ;
#6393 = CARTESIAN_POINT ( 'NONE',  ( 0.7401003257159104454, -0.04848450128361581069, -0.6989999999999999547 ) ) ;
#6394 = VERTEX_POINT ( 'NONE', #1149 ) ;
#6395 = CARTESIAN_POINT ( 'NONE',  ( 0.7698992786373489716, 0.05134631538676413809, -0.7000000000000000666 ) ) ;
#6396 = ADVANCED_FACE ( 'NONE', ( #11653, #5408 ), #1861, .F. ) ;
#6397 = ORIENTED_EDGE ( 'NONE', *, *, #2392, .T. ) ;
#6398 = VECTOR ( 'NONE', #6481, 1000.000000000000000 ) ;
#6399 =( NAMED_UNIT ( * ) SI_UNIT ( $, .STERADIAN. ) SOLID_ANGLE_UNIT ( ) );
#6400 =( LENGTH_UNIT ( ) NAMED_UNIT ( * ) SI_UNIT ( .MILLI., .METRE. ) );
#6401 = EDGE_CURVE ( 'NONE', #5173, #9502, #7351, .T. ) ;
#6402 = EDGE_LOOP ( 'NONE', ( #4523, #7321, #4592, #3308 ) ) ;
#6403 = PRESENTATION_LAYER_ASSIGNMENT (  '', '', ( #1910 ) ) ;
#6404 = CARTESIAN_POINT ( 'NONE',  ( 0.8019999999999994911, -0.1800000000000000211, -0.3999999999999999112 ) ) ;
#6405 = DIRECTION ( 'NONE',  ( 0.000000000000000000, -1.000000000000000000, 2.956915015869558659E-15 ) ) ;
#6406 = SURFACE_STYLE_FILL_AREA ( #10922 ) ;
#6407 = LINE ( 'NONE', #10201, #7986 ) ;
#6408 = MECHANICAL_DESIGN_GEOMETRIC_PRESENTATION_REPRESENTATION (  '', ( #7728 ), #2098 ) ;
#6409 = DIRECTION ( 'NONE',  ( 0.000000000000000000, 0.000000000000000000, -1.000000000000000000 ) ) ;
#6410 = FILL_AREA_STYLE_COLOUR ( '', #3856 ) ;
#6411 = COLOUR_RGB ( '',0.000000000000000000, 0.000000000000000000, 0.000000000000000000 ) ;
#6412 = ORIENTED_EDGE ( 'NONE', *, *, #9259, .F. ) ;
#6413 =( GEOMETRIC_REPRESENTATION_CONTEXT ( 3 ) GLOBAL_UNCERTAINTY_ASSIGNED_CONTEXT ( ( #5775 ) ) GLOBAL_UNIT_ASSIGNED_CONTEXT ( ( #1687, #6798, #7812 ) ) REPRESENTATION_CONTEXT ( 'NONE', 'WORKASPACE' ) );
#6414 = UNCERTAINTY_MEASURE_WITH_UNIT (LENGTH_MEASURE( 1.000000000000000082E-05 ), #1896, 'distance_accuracy_value', 'NONE');
#6415 = CARTESIAN_POINT ( 'NONE',  ( 0.7212103917379684148, 0.03149556715114231603, -0.6999999999999999556 ) ) ;
#6416 = CARTESIAN_POINT ( 'NONE',  ( 0.7651219512195119865, 0.04393102134146327498, -0.6989999999999999547 ) ) ;
#6417 = CIRCLE ( 'NONE', #6995, 0.05500000000000003497 ) ;
#6418 =( NAMED_UNIT ( * ) PLANE_ANGLE_UNIT ( ) SI_UNIT ( $, .RADIAN. ) );
#6419 = CIRCLE ( 'NONE', #20, 0.09999999999999997780 ) ;
#6421 = ORIENTED_EDGE ( 'NONE', *, *, #2371, .T. ) ;
#6420 = DIRECTION ( 'NONE',  ( 0.000000000000000000, 0.000000000000000000, -1.000000000000000000 ) ) ;
#6422 = CARTESIAN_POINT ( 'NONE',  ( 0.5000000000000002220, 0.4000000000000000222, -0.6700000000000000400 ) ) ;
#6423 = LINE ( 'NONE', #2893, #5517 ) ;
#6424 = SURFACE_SIDE_STYLE ('',( #1970 ) ) ;
#6425 = DIRECTION ( 'NONE',  ( -1.000000000000000000, 0.000000000000000000, 0.000000000000000000 ) ) ;
#6426 = ORIENTED_EDGE ( 'NONE', *, *, #4974, .T. ) ;
#6427 = STYLED_ITEM ( 'NONE', ( #698 ), #6781 ) ;
#6428 = CARTESIAN_POINT ( 'NONE',  ( 0.7262355085609101257, 0.05035959877791465478, -0.6999999999999999556 ) ) ;
#6429 =( GEOMETRIC_REPRESENTATION_CONTEXT ( 3 ) GLOBAL_UNCERTAINTY_ASSIGNED_CONTEXT ( ( #6315 ) ) GLOBAL_UNIT_ASSIGNED_CONTEXT ( ( #1492, #7676, #5150 ) ) REPRESENTATION_CONTEXT ( 'NONE', 'WORKASPACE' ) );
#6430 = SURFACE_STYLE_USAGE ( .BOTH. , #2848 ) ;
#6431 = ADVANCED_FACE ( 'NONE', ( #4919 ), #8540, .F. ) ;
#6432 = DIRECTION ( 'NONE',  ( -1.355252715606880296E-16, -1.000000000000000000, -0.000000000000000000 ) ) ;
#6433 = SURFACE_SIDE_STYLE ('',( #3732 ) ) ;
#6434 = CARTESIAN_POINT ( 'NONE',  ( -0.3599999999999999867, 0.1799999999999998823, -0.5499999999999999334 ) ) ;
#6435 = ORIENTED_EDGE ( 'NONE', *, *, #298, .T. ) ;
#6436 = SURFACE_SIDE_STYLE ('',( #8307 ) ) ;
#6437 = FILL_AREA_STYLE_COLOUR ( '', #70 ) ;
#6438 = SURFACE_STYLE_FILL_AREA ( #10952 ) ;
#6439 = ORIENTED_EDGE ( 'NONE', *, *, #1426, .F. ) ;
#6440 = PLANE ( 'NONE',  #6212 ) ;
#6441 =( GEOMETRIC_REPRESENTATION_CONTEXT ( 3 ) GLOBAL_UNCERTAINTY_ASSIGNED_CONTEXT ( ( #11313 ) ) GLOBAL_UNIT_ASSIGNED_CONTEXT ( ( #3818, #7403, #6522 ) ) REPRESENTATION_CONTEXT ( 'NONE', 'WORKASPACE' ) );
#6442 = EDGE_CURVE ( 'NONE', #10832, #11165, #319, .T. ) ;
#6443 = SURFACE_SIDE_STYLE ('',( #5532 ) ) ;
#6444 = DIRECTION ( 'NONE',  ( 0.000000000000000000, 0.000000000000000000, 1.000000000000000000 ) ) ;
#6445 = CARTESIAN_POINT ( 'NONE',  ( 0.5000000000000004441, -0.4000000000000001332, -0.6700000000000000400 ) ) ;
#6446 = CARTESIAN_POINT ( 'NONE',  ( 0.7222027919708049470, 0.05519480577089237727, -0.6999999999999999556 ) ) ;
#6447 = EDGE_CURVE ( 'NONE', #2115, #11651, #7434, .T. ) ;
#6448 = DIRECTION ( 'NONE',  ( 0.000000000000000000, 0.000000000000000000, 1.000000000000000000 ) ) ;
#6449 = CARTESIAN_POINT ( 'NONE',  ( 0.7645121951219511214, 0.01463414634146333569, -0.6989999999999999547 ) ) ;
#6450 = CARTESIAN_POINT ( 'NONE',  ( 0.7254878048780487587, -0.02932545731707328351, -0.6990000000000000657 ) ) ;
#6451 = AXIS2_PLACEMENT_3D ( 'NONE', #11433, #6059, #762 ) ;
#6452 = COLOUR_RGB ( '',0.9098039215686274384, 0.4431372549019607643, 0.03137254901960784270 ) ;
#6453 = SURFACE_SIDE_STYLE ('',( #1944 ) ) ;
#6454 = EDGE_LOOP ( 'NONE', ( #10392, #9854, #10301, #8815, #1782, #5460 ) ) ;
#6455 = CARTESIAN_POINT ( 'NONE',  ( 0.7512092517368083033, 0.06792975645584378719, -0.6999999999999999556 ) ) ;
#6456 = ORIENTED_EDGE ( 'NONE', *, *, #3144, .T. ) ;
#6457 = CARTESIAN_POINT ( 'NONE',  ( -0.3599999999999999867, -0.1800000000000001876, -0.3999999999999999112 ) ) ;
#6458 = EDGE_CURVE ( 'NONE', #8865, #5308, #4095, .T. ) ;
#6459 = STYLED_ITEM ( 'NONE', ( #7912 ), #10732 ) ;
#6460 = SURFACE_STYLE_USAGE ( .BOTH. , #48 ) ;
#6461 = ADVANCED_FACE ( 'NONE', ( #9330 ), #7544, .T. ) ;
#6462 = DIRECTION ( 'NONE',  ( 0.000000000000000000, -1.000000000000000000, 2.464095846557965483E-15 ) ) ;
#6463 = CARTESIAN_POINT ( 'NONE',  ( 0.7699999999999997957, -0.02883955792682937544, -0.6989999999999999547 ) ) ;
#6464 = FACE_OUTER_BOUND ( 'NONE', #8475, .T. ) ;
#6465 = PRESENTATION_LAYER_ASSIGNMENT (  '', '', ( #5554 ) ) ;
#6466 = DIRECTION ( 'NONE',  ( -2.710505431213760592E-16, 1.000000000000000000, 0.000000000000000000 ) ) ;
#6467 = VERTEX_POINT ( 'NONE', #5914 ) ;
#6468 = TOROIDAL_SURFACE ( 'NONE', #460, 0.1500000000000001055, 0.05500000000000000028 ) ;
#6469 = UNCERTAINTY_MEASURE_WITH_UNIT (LENGTH_MEASURE( 1.000000000000000082E-05 ), #952, 'distance_accuracy_value', 'NONE');
#6470 = EDGE_CURVE ( 'NONE', #6856, #484, #8005, .T. ) ;
#6471 = CIRCLE ( 'NONE', #1406, 0.09999999999999999167 ) ;
#6472 = FILL_AREA_STYLE_COLOUR ( '', #2803 ) ;
#6473 = CARTESIAN_POINT ( 'NONE',  ( 0.7204901000093111296, 0.03359067750317596551, -0.6999999999999999556 ) ) ;
#6474 = PRESENTATION_LAYER_ASSIGNMENT (  '', '', ( #8929 ) ) ;
#6475 = VECTOR ( 'NONE', #11479, 1000.000000000000000 ) ;
#6476 = FILL_AREA_STYLE_COLOUR ( '', #3534 ) ;
#6477 =( NAMED_UNIT ( * ) SI_UNIT ( $, .STERADIAN. ) SOLID_ANGLE_UNIT ( ) );
#6478 = DIRECTION ( 'NONE',  ( 0.000000000000000000, 0.000000000000000000, 1.000000000000000000 ) ) ;
#6479 = PRESENTATION_LAYER_ASSIGNMENT (  '', '', ( #11590 ) ) ;
#6480 = CYLINDRICAL_SURFACE ( 'NONE', #8173, 0.05500000000000000028 ) ;
#6481 = DIRECTION ( 'NONE',  ( 0.000000000000000000, -2.710505431213761085E-16, 1.000000000000000000 ) ) ;
#6482 = SURFACE_STYLE_FILL_AREA ( #72 ) ;
#6483 = CARTESIAN_POINT ( 'NONE',  ( 0.7294041668139296108, -0.08205460169505011947, -0.6989999999999999547 ) ) ;
#6484 =( NAMED_UNIT ( * ) SI_UNIT ( $, .STERADIAN. ) SOLID_ANGLE_UNIT ( ) );
#6485 = ORIENTED_EDGE ( 'NONE', *, *, #5668, .F. ) ;
#6486 = CARTESIAN_POINT ( 'NONE',  ( 0.7280024004437755103, 0.05356928650119074931, -0.6989999999999999547 ) ) ;
#6487 = AXIS2_PLACEMENT_3D ( 'NONE', #1697, #10676, #9902 ) ;
#6488 = CARTESIAN_POINT ( 'NONE',  ( -0.8000000000000003775, -0.3999999999999999112, -0.5999999999999998668 ) ) ;
#6489 = CARTESIAN_POINT ( 'NONE',  ( 0.7195045665907430221, 0.03948270974870713573, -0.6990000000000000657 ) ) ;
#6490 = FILL_AREA_STYLE ('',( #8204 ) ) ;
#6491 = ORIENTED_EDGE ( 'NONE', *, *, #3208, .T. ) ;
#6492 = VECTOR ( 'NONE', #623, 1000.000000000000000 ) ;
#6493 = CARTESIAN_POINT ( 'NONE',  ( 0.7443711890243900342, -0.05548780487804889222, -0.6999999999999999556 ) ) ;
#6494 = CARTESIAN_POINT ( 'NONE',  ( 0.7294041668139296108, -0.08205460169505011947, -0.6999999999999999556 ) ) ;
#6495 = AXIS2_PLACEMENT_3D ( 'NONE', #2110, #1009, #9281 ) ;
#6496 = CARTESIAN_POINT ( 'NONE',  ( 0.3599999999999999867, -0.3300000000000002931, -0.3999999999999999112 ) ) ;
#6497 =( LENGTH_UNIT ( ) NAMED_UNIT ( * ) SI_UNIT ( .MILLI., .METRE. ) );
#6498 = UNCERTAINTY_MEASURE_WITH_UNIT (LENGTH_MEASURE( 1.000000000000000082E-05 ), #5331, 'distance_accuracy_value', 'NONE');
#6499 = ORIENTED_EDGE ( 'NONE', *, *, #10686, .T. ) ;
#6500 = CARTESIAN_POINT ( 'NONE',  ( -0.2399999999999999911, -0.3300000000000002931, -0.1999999999999999001 ) ) ;
#6501 = CARTESIAN_POINT ( 'NONE',  ( 0.7328074109539512992, 0.06552210436449266984, -0.6999999999999997335 ) ) ;
#6502 = AXIS2_PLACEMENT_3D ( 'NONE', #2871, #6510, #9171 ) ;
#6503 = CARTESIAN_POINT ( 'NONE',  ( 0.5000000000000004441, -0.1800000000000000211, -0.1999999999999998723 ) ) ;
#6504 = CARTESIAN_POINT ( 'NONE',  ( 0.000000000000000000, 0.000000000000000000, -0.6999999999999999556 ) ) ;
#6505 = STYLED_ITEM ( 'NONE', ( #11675 ), #3083 ) ;
#6506 = SURFACE_STYLE_FILL_AREA ( #4763 ) ;
#6507 = DIRECTION ( 'NONE',  ( 0.000000000000000000, -1.000000000000000000, 0.000000000000000000 ) ) ;
#6508 = CARTESIAN_POINT ( 'NONE',  ( 0.7422594223682116299, -0.04873223324765559028, -0.6990000000000000657 ) ) ;
#6509 = EDGE_CURVE ( 'NONE', #2764, #219, #2498, .T. ) ;
#6510 = DIRECTION ( 'NONE',  ( -1.000000000000000000, -0.000000000000000000, -0.000000000000000000 ) ) ;
#6511 = ORIENTED_EDGE ( 'NONE', *, *, #8395, .F. ) ;
#6512 = VERTEX_POINT ( 'NONE', #9621 ) ;
#6513 = EDGE_CURVE ( 'NONE', #6263, #2927, #8471, .T. ) ;
#6514 = CARTESIAN_POINT ( 'NONE',  ( 0.8019999999999994911, -0.2800000000000000266, -0.1999999999999998723 ) ) ;
#6515 = CIRCLE ( 'NONE', #9161, 0.09999999999999999167 ) ;
#6516 = CARTESIAN_POINT ( 'NONE',  ( 0.7296036585365851534, -0.08211699695121965625, -0.6989999999999999547 ) ) ;
#6517 = CARTESIAN_POINT ( 'NONE',  ( 0.2629128784747788994, -0.1800000000000001321, -0.09999999999999988065 ) ) ;
#6518 = DIRECTION ( 'NONE',  ( 1.000000000000000000, 0.000000000000000000, 0.000000000000000000 ) ) ;
#6519 = LINE ( 'NONE', #11036, #1003 ) ;
#6520 = SURFACE_SIDE_STYLE ('',( #6406 ) ) ;
#6521 =( NAMED_UNIT ( * ) PLANE_ANGLE_UNIT ( ) SI_UNIT ( $, .RADIAN. ) );
#6522 =( NAMED_UNIT ( * ) SI_UNIT ( $, .STERADIAN. ) SOLID_ANGLE_UNIT ( ) );
#6523 = DIRECTION ( 'NONE',  ( 1.000000000000000000, 0.000000000000000000, 0.000000000000000000 ) ) ;
#6524 = AXIS2_PLACEMENT_3D ( 'NONE', #964, #2172, #4495 ) ;
#6525 = ORIENTED_EDGE ( 'NONE', *, *, #359, .F. ) ;
#6526 = ORIENTED_EDGE ( 'NONE', *, *, #8986, .F. ) ;
#6527 = DIRECTION ( 'NONE',  ( 0.000000000000000000, 0.000000000000000000, -1.000000000000000000 ) ) ;
#6528 = EDGE_CURVE ( 'NONE', #9620, #832, #7732, .T. ) ;
#6529 = ADVANCED_FACE ( 'NONE', ( #4210 ), #7854, .F. ) ;
#6530 = CARTESIAN_POINT ( 'NONE',  ( 0.02291287847477939399, 0.2800000000000000266, -0.3999999999999998557 ) ) ;
#6531 = AXIS2_PLACEMENT_3D ( 'NONE', #11346, #5082, #10399 ) ;
#6532 = CARTESIAN_POINT ( 'NONE',  ( 0.7194025466274532876, 0.04114767199714070012, -0.6999999999999999556 ) ) ;
#6533 = CARTESIAN_POINT ( 'NONE',  ( 0.7699999999999997957, -0.1042682926829269635, -0.6989999999999999547 ) ) ;
#6534 = CIRCLE ( 'NONE', #6714, 0.05499999999999997946 ) ;
#6535 = SURFACE_STYLE_FILL_AREA ( #2026 ) ;
#6536 = SURFACE_SIDE_STYLE ('',( #2947 ) ) ;
#6537 = VERTEX_POINT ( 'NONE', #7084 ) ;
#6538 = DIRECTION ( 'NONE',  ( 0.000000000000000000, 0.000000000000000000, 1.000000000000000000 ) ) ;
#6539 = VECTOR ( 'NONE', #6853, 1000.000000000000000 ) ;
#6540 = DIRECTION ( 'NONE',  ( 0.000000000000000000, -1.000000000000000000, 0.000000000000000000 ) ) ;
#6541 = UNCERTAINTY_MEASURE_WITH_UNIT (LENGTH_MEASURE( 1.000000000000000082E-05 ), #1823, 'distance_accuracy_value', 'NONE');
#6542 = CARTESIAN_POINT ( 'NONE',  ( 0.7280792682926827686, 0.03109756097560961718, -0.6989999999999999547 ) ) ;
#6543 =( NAMED_UNIT ( * ) PLANE_ANGLE_UNIT ( ) SI_UNIT ( $, .RADIAN. ) );
#6544 =( LENGTH_UNIT ( ) NAMED_UNIT ( * ) SI_UNIT ( .MILLI., .METRE. ) );
#6545 = CARTESIAN_POINT ( 'NONE',  ( -0.3829128784749614156, 0.1800000000000000766, -0.4999999999999998890 ) ) ;
#6546 = VERTEX_POINT ( 'NONE', #2564 ) ;
#6547 = EDGE_CURVE ( 'NONE', #2198, #1581, #6201, .T. ) ;
#6548 = STYLED_ITEM ( 'NONE', ( #11284 ), #2747 ) ;
#6549 = FILL_AREA_STYLE_COLOUR ( '', #19 ) ;
#6550 =( NAMED_UNIT ( * ) SI_UNIT ( $, .STERADIAN. ) SOLID_ANGLE_UNIT ( ) );
#6551 = CARTESIAN_POINT ( 'NONE',  ( 0.2170871215251535813, -0.2800000000000000266, -0.3999999999999999112 ) ) ;
#6552 = AXIS2_PLACEMENT_3D ( 'NONE', #3476, #9741, #3543 ) ;
#6553 =( GEOMETRIC_REPRESENTATION_CONTEXT ( 3 ) GLOBAL_UNCERTAINTY_ASSIGNED_CONTEXT ( ( #2939 ) ) GLOBAL_UNIT_ASSIGNED_CONTEXT ( ( #3859, #8428, #7569 ) ) REPRESENTATION_CONTEXT ( 'NONE', 'WORKASPACE' ) );
#6554 = ORIENTED_EDGE ( 'NONE', *, *, #7615, .T. ) ;
#6555 = COLOUR_RGB ( '',0.000000000000000000, 0.000000000000000000, 0.000000000000000000 ) ;
#6556 = FILL_AREA_STYLE_COLOUR ( '', #6948 ) ;
#6557 = FILL_AREA_STYLE ('',( #2330 ) ) ;
#6558 = DIRECTION ( 'NONE',  ( 0.000000000000000000, -1.000000000000000000, 2.634710515969108204E-15 ) ) ;
#6559 = SURFACE_STYLE_USAGE ( .BOTH. , #7335 ) ;
#6560 = FILL_AREA_STYLE_COLOUR ( '', #138 ) ;
#6561 = CARTESIAN_POINT ( 'NONE',  ( 0.3829128784747788949, 0.1799999999999997990, -0.09999999999999988065 ) ) ;
#6562 = DIRECTION ( 'NONE',  ( 1.000000000000000000, 0.000000000000000000, -0.000000000000000000 ) ) ;
#6563 = ORIENTED_EDGE ( 'NONE', *, *, #9008, .T. ) ;
#6564 = FILL_AREA_STYLE ('',( #2229 ) ) ;
#6565 = COLOUR_RGB ( '',1.000000000000000000, 1.000000000000000000, 1.000000000000000000 ) ;
#6566 = ORIENTED_EDGE ( 'NONE', *, *, #4484, .T. ) ;
#6567 = VECTOR ( 'NONE', #7343, 1000.000000000000000 ) ;
#6568 = CARTESIAN_POINT ( 'NONE',  ( -0.8000000000000003775, 0.4000000000000000777, -2.154400374531753037 ) ) ;
#6569 = EDGE_CURVE ( 'NONE', #2360, #7075, #6143, .T. ) ;
#6570 = SURFACE_STYLE_USAGE ( .BOTH. , #1348 ) ;
#6571 = CARTESIAN_POINT ( 'NONE',  ( 0.7605072377475304846, -0.04221895687313035467, -0.6990000000000002878 ) ) ;
#6572 = AXIS2_PLACEMENT_3D ( 'NONE', #10692, #8014, #777 ) ;
#6573 = CARTESIAN_POINT ( 'NONE',  ( -0.4149999999999999800, 0.3299999999999999600, -0.1999999999999999001 ) ) ;
#6574 = SURFACE_SIDE_STYLE ('',( #3815 ) ) ;
#6575 = STYLED_ITEM ( 'NONE', ( #3493 ), #8249 ) ;
#6576 = CARTESIAN_POINT ( 'NONE',  ( 0.7651219512195119865, 0.04393102134146327498, -0.6999999999999999556 ) ) ;
#6577 = SURFACE_SIDE_STYLE ('',( #7589 ) ) ;
#6578 = ORIENTED_EDGE ( 'NONE', *, *, #2924, .F. ) ;
#6579 = ORIENTED_EDGE ( 'NONE', *, *, #61, .F. ) ;
#6580 = UNCERTAINTY_MEASURE_WITH_UNIT (LENGTH_MEASURE( 1.000000000000000082E-05 ), #1514, 'distance_accuracy_value', 'NONE');
#6581 = MECHANICAL_DESIGN_GEOMETRIC_PRESENTATION_REPRESENTATION (  '', ( #5662 ), #7154 ) ;
#6582 = DIRECTION ( 'NONE',  ( -1.807003620809173892E-16, -1.000000000000000000, 0.000000000000000000 ) ) ;
#6583 = MECHANICAL_DESIGN_GEOMETRIC_PRESENTATION_REPRESENTATION (  '', ( #4546 ), #4163 ) ;
#6584 = EDGE_CURVE ( 'NONE', #9598, #11436, #1666, .T. ) ;
#6585 = DIRECTION ( 'NONE',  ( 0.000000000000000000, 0.000000000000000000, -1.000000000000000000 ) ) ;
#6586 = CARTESIAN_POINT ( 'NONE',  ( 0.7512092517368083033, 0.06792975645584378719, -0.6989999999999999547 ) ) ;
#6587 = DIRECTION ( 'NONE',  ( 0.000000000000000000, -1.000000000000000000, 0.000000000000000000 ) ) ;
#6588 = CARTESIAN_POINT ( 'NONE',  ( 0.7264539635790802086, -0.08112664459560360586, -0.6989999999999998437 ) ) ;
#6589 = VECTOR ( 'NONE', #5883, 1000.000000000000000 ) ;
#6590 = AXIS2_PLACEMENT_3D ( 'NONE', #5929, #2221, #509 ) ;
#6591 = VECTOR ( 'NONE', #5989, 1000.000000000000000 ) ;
#6592 = ORIENTED_EDGE ( 'NONE', *, *, #3958, .F. ) ;
#6593 = PLANE ( 'NONE',  #8491 ) ;
#6594 = EDGE_CURVE ( 'NONE', #11009, #5704, #6519, .T. ) ;
#6595 = STYLED_ITEM ( 'NONE', ( #10137 ), #8586 ) ;
#6596 =( NAMED_UNIT ( * ) SI_UNIT ( $, .STERADIAN. ) SOLID_ANGLE_UNIT ( ) );
#6597 = PRESENTATION_STYLE_ASSIGNMENT (( #75 ) ) ;
#6598 = ORIENTED_EDGE ( 'NONE', *, *, #3874, .T. ) ;
#6599 = CARTESIAN_POINT ( 'NONE',  ( 0.7249211842510798753, 0.04481291366731975090, -0.6999999999999997335 ) ) ;
#6600 = PRESENTATION_LAYER_ASSIGNMENT (  '', '', ( #10781 ) ) ;
#6601 = STYLED_ITEM ( 'NONE', ( #5740 ), #6431 ) ;
#6602 = DIRECTION ( 'NONE',  ( -1.000000000000000000, -0.000000000000000000, -0.000000000000000000 ) ) ;
#6603 = PRODUCT ( 'IND-SMD_L1.6-W0.8-1', 'IND-SMD_L1.6-W0.8-1', '', ( #9033 ) ) ;
#6604 = EDGE_CURVE ( 'NONE', #3475, #6123, #2122, .T. ) ;
#6605 = CARTESIAN_POINT ( 'NONE',  ( 0.7571192602086550538, -0.05263140837108826187, -0.6999999999999999556 ) ) ;
#6606 = DIRECTION ( 'NONE',  ( 0.000000000000000000, -1.000000000000000000, 2.956915015869558659E-15 ) ) ;
#6607 = ORIENTED_EDGE ( 'NONE', *, *, #4484, .F. ) ;
#6608 = FILL_AREA_STYLE ('',( #10949 ) ) ;
#6609 = ADVANCED_FACE ( 'NONE', ( #7201 ), #4828, .T. ) ;
#6610 = CARTESIAN_POINT ( 'NONE',  ( -0.3599999999999999867, -0.1800000000000000488, 0.005000000000000304548 ) ) ;
#6611 = PRESENTATION_LAYER_ASSIGNMENT (  '', '', ( #10976 ) ) ;
#6612 = DIRECTION ( 'NONE',  ( -0.9466707760722534726, -0.3222024856061126985, 0.000000000000000000 ) ) ;
#6613 = DIRECTION ( 'NONE',  ( -1.000000000000000000, 0.000000000000000000, 0.000000000000000000 ) ) ;
#6614 = CARTESIAN_POINT ( 'NONE',  ( 0.3599999999999999867, 0.3299999999999999600, -0.1999999999999999001 ) ) ;
#6615 = COLOUR_RGB ( '',0.9098039215686274384, 0.4431372549019607643, 0.03137254901960784270 ) ;
#6616 = UNCERTAINTY_MEASURE_WITH_UNIT (LENGTH_MEASURE( 1.000000000000000082E-05 ), #7969, 'distance_accuracy_value', 'NONE');
#6617 = ADVANCED_FACE ( 'NONE', ( #1848 ), #3551, .T. ) ;
#6618 = ORIENTED_EDGE ( 'NONE', *, *, #2601, .F. ) ;
#6619 = CARTESIAN_POINT ( 'NONE',  ( 0.2399999999999999911, 0.3299999999999999600, -0.3999999999999999667 ) ) ;
#6620 =( GEOMETRIC_REPRESENTATION_CONTEXT ( 3 ) GLOBAL_UNCERTAINTY_ASSIGNED_CONTEXT ( ( #9742 ) ) GLOBAL_UNIT_ASSIGNED_CONTEXT ( ( #7420, #9314, #6596 ) ) REPRESENTATION_CONTEXT ( 'NONE', 'WORKASPACE' ) );
#6621 = DIRECTION ( 'NONE',  ( -0.000000000000000000, 1.000000000000000000, -0.000000000000000000 ) ) ;
#6622 = VECTOR ( 'NONE', #9489, 1000.000000000000000 ) ;
#6623 = ORIENTED_EDGE ( 'NONE', *, *, #10483, .T. ) ;
#6624 = CARTESIAN_POINT ( 'NONE',  ( 0.8019999999999994911, 0.2800000000000000266, -0.3999999999999999112 ) ) ;
#6625 = DIRECTION ( 'NONE',  ( -1.000000000000000000, -0.000000000000000000, -0.000000000000000000 ) ) ;
#6626 = CARTESIAN_POINT ( 'NONE',  ( 0.7645121951219512324, 0.09146341463414631168, -0.6989999999999999547 ) ) ;
#6627 = ORIENTED_EDGE ( 'NONE', *, *, #5602, .T. ) ;
#6628 = AXIS2_PLACEMENT_3D ( 'NONE', #5828, #1412, #9413 ) ;
#6629 =( NAMED_UNIT ( * ) SI_UNIT ( $, .STERADIAN. ) SOLID_ANGLE_UNIT ( ) );
#6630 = EDGE_LOOP ( 'NONE', ( #6025, #6485, #10435, #6412, #3627, #3235, #2300, #3125, #8710, #2709, #7182, #11109 ) ) ;
#6631 = CARTESIAN_POINT ( 'NONE',  ( 0.7459432164634144380, 0.06829268292682913466, -0.6989999999999999547 ) ) ;
#6632 = DIRECTION ( 'NONE',  ( 0.000000000000000000, -1.000000000000000000, 0.000000000000000000 ) ) ;
#6633 = FACE_OUTER_BOUND ( 'NONE', #9147, .T. ) ;
#6634 = CARTESIAN_POINT ( 'NONE',  ( 0.7213719512195120309, 0.03109756097560961718, -0.6989999999999999547 ) ) ;
#6635 = MECHANICAL_DESIGN_GEOMETRIC_PRESENTATION_REPRESENTATION (  '', ( #7970 ), #7582 ) ;
#6636 = VECTOR ( 'NONE', #813, 1000.000000000000000 ) ;
#6637 = DIRECTION ( 'NONE',  ( 0.000000000000000000, -1.000000000000000000, 2.956915015869558659E-15 ) ) ;
#6638 = CARTESIAN_POINT ( 'NONE',  ( 0.02291287847477917888, -0.2800000000000000266, -0.3999999999999999112 ) ) ;
#6639 = CARTESIAN_POINT ( 'NONE',  ( 0.7569653292537050771, 0.05887538488854230506, -0.6989999999999997327 ) ) ;
#6640 = PLANE ( 'NONE',  #9654 ) ;
#6641 = DIRECTION ( 'NONE',  ( 0.000000000000000000, 0.000000000000000000, -1.000000000000000000 ) ) ;
#6642 = DIRECTION ( 'NONE',  ( 0.000000000000000000, 2.397541290737903714E-15, 1.000000000000000000 ) ) ;
#6643 = ORIENTED_EDGE ( 'NONE', *, *, #8323, .F. ) ;
#6644 = ORIENTED_EDGE ( 'NONE', *, *, #10126, .T. ) ;
#6645 = ADVANCED_FACE ( 'NONE', ( #10764 ), #6259, .F. ) ;
#6646 = COLOUR_RGB ( '',0.7529411764705882248, 0.7529411764705882248, 0.7529411764705882248 ) ;
#6647 = AXIS2_PLACEMENT_3D ( 'NONE', #1922, #8917, #9040 ) ;
#6648 = CARTESIAN_POINT ( 'NONE',  ( 0.8019999999999994911, 0.1800000000000000766, -0.1999999999999998723 ) ) ;
#6649 = FILL_AREA_STYLE ('',( #4196 ) ) ;
#6650 = CARTESIAN_POINT ( 'NONE',  ( 0.7697026605505737917, 0.05224606530358641421, -0.6989999999999999547 ) ) ;
#6651 =( LENGTH_UNIT ( ) NAMED_UNIT ( * ) SI_UNIT ( .MILLI., .METRE. ) );
#6652 = CARTESIAN_POINT ( 'NONE',  ( 0.7296036585365851534, -0.08038300304878062685, -0.6999999999999999556 ) ) ;
#6653 = EDGE_LOOP ( 'NONE', ( #4173, #7089, #3701, #9046 ) ) ;
#6654 = VECTOR ( 'NONE', #10661, 1000.000000000000000 ) ;
#6655 = CARTESIAN_POINT ( 'NONE',  ( -0.2399999999999999911, -0.1800000000000002154, -0.5499999999999999334 ) ) ;
#6656 = MECHANICAL_DESIGN_GEOMETRIC_PRESENTATION_REPRESENTATION (  '', ( #9882 ), #6286 ) ;
#6657 = FILL_AREA_STYLE ('',( #11168 ) ) ;
#6658 = EDGE_LOOP ( 'NONE', ( #6068, #4943, #6499, #11055, #10804, #6911 ) ) ;
#6659 = EDGE_CURVE ( 'NONE', #9690, #8171, #9251, .T. ) ;
#6660 =( NAMED_UNIT ( * ) PLANE_ANGLE_UNIT ( ) SI_UNIT ( $, .RADIAN. ) );
#6661 =( GEOMETRIC_REPRESENTATION_CONTEXT ( 3 ) GLOBAL_UNCERTAINTY_ASSIGNED_CONTEXT ( ( #3172 ) ) GLOBAL_UNIT_ASSIGNED_CONTEXT ( ( #452, #6686, #2224 ) ) REPRESENTATION_CONTEXT ( 'NONE', 'WORKASPACE' ) );
#6662 = VECTOR ( 'NONE', #3967, 1000.000000000000000 ) ;
#6663 = FACE_OUTER_BOUND ( 'NONE', #7148, .T. ) ;
#6664 = EDGE_CURVE ( 'NONE', #9850, #4005, #7946, .T. ) ;
#6665 = COLOUR_RGB ( '',0.000000000000000000, 0.000000000000000000, 0.000000000000000000 ) ;
#6666 = SURFACE_STYLE_USAGE ( .BOTH. , #4976 ) ;
#6667 = DIRECTION ( 'NONE',  ( -0.000000000000000000, -0.000000000000000000, 1.000000000000000000 ) ) ;
#6668 = ORIENTED_EDGE ( 'NONE', *, *, #2347, .F. ) ;
#6669 = CARTESIAN_POINT ( 'NONE',  ( 0.7693881098347494785, 0.03561380406335675625, -0.7000000000000000666 ) ) ;
#6670 = CARTESIAN_POINT ( 'NONE',  ( -0.2950000000000000400, 0.3299999999999999600, -0.3999999999999999667 ) ) ;
#6671 = VECTOR ( 'NONE', #3567, 1000.000000000000000 ) ;
#6672 = SURFACE_SIDE_STYLE ('',( #10172 ) ) ;
#6673 = LINE ( 'NONE', #8596, #3847 ) ;
#6674 = SURFACE_SIDE_STYLE ('',( #6724 ) ) ;
#6675 = COLOUR_RGB ( '',0.7529411764705882248, 0.7529411764705882248, 0.7529411764705882248 ) ;
#6676 = ORIENTED_EDGE ( 'NONE', *, *, #1792, .F. ) ;
#6677 = CARTESIAN_POINT ( 'NONE',  ( -0.3829128784747788949, -0.1800000000000001321, -0.09999999999999988065 ) ) ;
#6678 = CARTESIAN_POINT ( 'NONE',  ( 0.7194524739749985631, 0.04553858261821144837, -0.6989999999999999547 ) ) ;
#6679 = EDGE_CURVE ( 'NONE', #3218, #4895, #3209, .T. ) ;
#6680 =( GEOMETRIC_REPRESENTATION_CONTEXT ( 3 ) GLOBAL_UNCERTAINTY_ASSIGNED_CONTEXT ( ( #11230 ) ) GLOBAL_UNIT_ASSIGNED_CONTEXT ( ( #10118, #3792, #2801 ) ) REPRESENTATION_CONTEXT ( 'NONE', 'WORKASPACE' ) );
#6681 = CARTESIAN_POINT ( 'NONE',  ( 0.7699999999999999067, -0.09695121951219527745, -0.6999999999999999556 ) ) ;
#6682 = ORIENTED_EDGE ( 'NONE', *, *, #5046, .T. ) ;
#6683 = EDGE_CURVE ( 'NONE', #5960, #9850, #2239, .T. ) ;
#6684 = CARTESIAN_POINT ( 'NONE',  ( -0.02291287847477867928, -0.2800000000000000266, -0.3999999999999999112 ) ) ;
#6685 = CARTESIAN_POINT ( 'NONE',  ( 0.7999999999999996003, -0.3999999999999999112, -2.154400374531753037 ) ) ;
#6686 =( NAMED_UNIT ( * ) PLANE_ANGLE_UNIT ( ) SI_UNIT ( $, .RADIAN. ) );
#6687 = ORIENTED_EDGE ( 'NONE', *, *, #11391, .T. ) ;
#6688 =( NAMED_UNIT ( * ) PLANE_ANGLE_UNIT ( ) SI_UNIT ( $, .RADIAN. ) );
#6689 = ORIENTED_EDGE ( 'NONE', *, *, #2529, .T. ) ;
#6690 = CARTESIAN_POINT ( 'NONE',  ( 0.02291287847477939399, 0.2800000000000000266, -0.1999999999999999001 ) ) ;
#6691 = VECTOR ( 'NONE', #9792, 1000.000000000000000 ) ;
#6692 = ADVANCED_FACE ( 'NONE', ( #5825 ), #4182, .T. ) ;
#6693 = DIRECTION ( 'NONE',  ( 0.000000000000000000, 2.464095846557963117E-15, 1.000000000000000000 ) ) ;
#6694 = CARTESIAN_POINT ( 'NONE',  ( 0.7380861385654303719, -0.04806892693087000401, -0.6990000000000001767 ) ) ;
#6695 = DIRECTION ( 'NONE',  ( 0.000000000000000000, -0.000000000000000000, -1.000000000000000000 ) ) ;
#6696 = FILL_AREA_STYLE_COLOUR ( '', #459 ) ;
#6697 = DIRECTION ( 'NONE',  ( 0.000000000000000000, 0.000000000000000000, 1.000000000000000000 ) ) ;
#6698 = ORIENTED_EDGE ( 'NONE', *, *, #11527, .T. ) ;
#6699 = AXIS2_PLACEMENT_3D ( 'NONE', #10188, #8376, #2112 ) ;
#6700 = ORIENTED_EDGE ( 'NONE', *, *, #11466, .T. ) ;
#6701 = UNCERTAINTY_MEASURE_WITH_UNIT (LENGTH_MEASURE( 1.000000000000000082E-05 ), #1022, 'distance_accuracy_value', 'NONE');
#6702 = VECTOR ( 'NONE', #9647, 1000.000000000000000 ) ;
#6703 = CARTESIAN_POINT ( 'NONE',  ( 0.000000000000000000, 0.000000000000000000, -0.6989999999999999547 ) ) ;
#6704 =( NAMED_UNIT ( * ) PLANE_ANGLE_UNIT ( ) SI_UNIT ( $, .RADIAN. ) );
#6705 = DIRECTION ( 'NONE',  ( 1.000000000000000000, -5.421010862427522170E-16, -0.000000000000000000 ) ) ;
#6706 = MECHANICAL_DESIGN_GEOMETRIC_PRESENTATION_REPRESENTATION (  '', ( #4658 ), #11257 ) ;
#6707 = CARTESIAN_POINT ( 'NONE',  ( 0.7199999999999998623, -0.004268292682926912857, -0.6999999999999999556 ) ) ;
#6708 = CARTESIAN_POINT ( 'NONE',  ( 0.5000000000000002220, 0.4000000000000000222, -0.5999999999999999778 ) ) ;
#6709 = PRESENTATION_LAYER_ASSIGNMENT (  '', '', ( #9547 ) ) ;
#6710 = DIRECTION ( 'NONE',  ( 0.000000000000000000, 1.000000000000000000, -2.578241652818821251E-15 ) ) ;
#6711 = ORIENTED_EDGE ( 'NONE', *, *, #6401, .F. ) ;
#6712 = UNCERTAINTY_MEASURE_WITH_UNIT (LENGTH_MEASURE( 1.000000000000000082E-05 ), #8793, 'distance_accuracy_value', 'NONE');
#6713 = PLANE ( 'NONE',  #5996 ) ;
#6714 = AXIS2_PLACEMENT_3D ( 'NONE', #9624, #1549, #672 ) ;
#6715 = CARTESIAN_POINT ( 'NONE',  ( -0.3599999999999999867, 0.3299999999999999600, -0.1999999999999999001 ) ) ;
#6716 =( NAMED_UNIT ( * ) SI_UNIT ( $, .STERADIAN. ) SOLID_ANGLE_UNIT ( ) );
#6717 = FILL_AREA_STYLE_COLOUR ( '', #6106 ) ;
#6718 = EDGE_CURVE ( 'NONE', #8050, #11214, #11380, .T. ) ;
#6719 = ORIENTED_EDGE ( 'NONE', *, *, #8851, .T. ) ;
#6720 = COLOUR_RGB ( '',0.7529411764705882248, 0.7529411764705882248, 0.7529411764705882248 ) ;
#6721 =( NAMED_UNIT ( * ) SI_UNIT ( $, .STERADIAN. ) SOLID_ANGLE_UNIT ( ) );
#6722 = COLOUR_RGB ( '',0.7529411764705882248, 0.7529411764705882248, 0.7529411764705882248 ) ;
#6723 = DIRECTION ( 'NONE',  ( -0.9406672605435406620, 0.3393303772748770819, 0.000000000000000000 ) ) ;
#6724 = SURFACE_STYLE_FILL_AREA ( #4861 ) ;
#6725 = UNCERTAINTY_MEASURE_WITH_UNIT (LENGTH_MEASURE( 1.000000000000000082E-05 ), #1408, 'distance_accuracy_value', 'NONE');
#6726 = ORIENTED_EDGE ( 'NONE', *, *, #6594, .F. ) ;
#6727 = STYLED_ITEM ( 'NONE', ( #758 ), #5402 ) ;
#6728 = SURFACE_STYLE_FILL_AREA ( #11188 ) ;
#6729 = CARTESIAN_POINT ( 'NONE',  ( 0.7328074109539512992, 0.06552210436449266984, -0.6989999999999997327 ) ) ;
#6730 = SURFACE_STYLE_USAGE ( .BOTH. , #9390 ) ;
#6731 = LINE ( 'NONE', #6786, #1962 ) ;
#6732 = EDGE_CURVE ( 'NONE', #9387, #2736, #3640, .T. ) ;
#6733 = ORIENTED_EDGE ( 'NONE', *, *, #9124, .F. ) ;
#6734 =( LENGTH_UNIT ( ) NAMED_UNIT ( * ) SI_UNIT ( .MILLI., .METRE. ) );
#6735 = DIRECTION ( 'NONE',  ( 0.000000000000000000, 1.000000000000000000, -5.646886315028668105E-17 ) ) ;
#6736 = VECTOR ( 'NONE', #9675, 1000.000000000000000 ) ;
#6737 = LINE ( 'NONE', #2398, #3712 ) ;
#6738 = STYLED_ITEM ( 'NONE', ( #4760 ), #5505 ) ;
#6739 = LINE ( 'NONE', #11305, #11211 ) ;
#6740 = ADVANCED_FACE ( 'NONE', ( #7054 ), #1574, .T. ) ;
#6741 = FILL_AREA_STYLE ('',( #4057 ) ) ;
#6742 = AXIS2_PLACEMENT_3D ( 'NONE', #7268, #7367, #10998 ) ;
#6743 = ORIENTED_EDGE ( 'NONE', *, *, #8684, .F. ) ;
#6744 = PLANE ( 'NONE',  #14 ) ;
#6745 = VERTEX_POINT ( 'NONE', #4418 ) ;
#6746 = LINE ( 'NONE', #10606, #3753 ) ;
#6747 = DIRECTION ( 'NONE',  ( 1.000000000000000000, 0.000000000000000000, 0.000000000000000000 ) ) ;
#6748 = COLOUR_RGB ( '',0.000000000000000000, 0.000000000000000000, 0.000000000000000000 ) ;
#6749 = CARTESIAN_POINT ( 'NONE',  ( 0.7288846358387974789, -0.08062476270952481650, -0.7000000000000000666 ) ) ;
#6750 = PLANE ( 'NONE',  #343 ) ;
#6751 = FILL_AREA_STYLE_COLOUR ( '', #6233 ) ;
#6752 = CARTESIAN_POINT ( 'NONE',  ( 0.5000000000000004441, -0.2800000000000000266, -0.1999999999999998723 ) ) ;
#6753 =( GEOMETRIC_REPRESENTATION_CONTEXT ( 3 ) GLOBAL_UNCERTAINTY_ASSIGNED_CONTEXT ( ( #10666 ) ) GLOBAL_UNIT_ASSIGNED_CONTEXT ( ( #6802, #5004, #7578 ) ) REPRESENTATION_CONTEXT ( 'NONE', 'WORKASPACE' ) );
#6754 = DIRECTION ( 'NONE',  ( 0.000000000000000000, 1.000000000000000000, -2.578241652818821251E-15 ) ) ;
#6755 = ORIENTED_EDGE ( 'NONE', *, *, #7979, .F. ) ;
#6756 = ORIENTED_EDGE ( 'NONE', *, *, #7331, .T. ) ;
#6757 = VERTEX_POINT ( 'NONE', #10735 ) ;
#6758 = DIRECTION ( 'NONE',  ( 0.000000000000000000, 0.000000000000000000, 1.000000000000000000 ) ) ;
#6759 = EDGE_CURVE ( 'NONE', #4502, #7730, #2641, .T. ) ;
#6760 = CARTESIAN_POINT ( 'NONE',  ( 0.7536623412683363110, 0.06744094723216220721, -0.6990000000000001767 ) ) ;
#6761 =( NAMED_UNIT ( * ) PLANE_ANGLE_UNIT ( ) SI_UNIT ( $, .RADIAN. ) );
#6762 = FILL_AREA_STYLE_COLOUR ( '', #4709 ) ;
#6763 = CARTESIAN_POINT ( 'NONE',  ( 0.8019999999999994911, 0.2800000000000000266, -0.3999999999999999112 ) ) ;
#6764 = FILL_AREA_STYLE ('',( #4140 ) ) ;
#6765 = VECTOR ( 'NONE', #9838, 1000.000000000000000 ) ;
#6766 = SURFACE_STYLE_FILL_AREA ( #9491 ) ;
#6767 = ORIENTED_EDGE ( 'NONE', *, *, #4219, .T. ) ;
#6768 = VECTOR ( 'NONE', #9601, 1000.000000000000000 ) ;
#6769 = FACE_OUTER_BOUND ( 'NONE', #6107, .T. ) ;
#6770 = FILL_AREA_STYLE ('',( #7726 ) ) ;
#6771 = CARTESIAN_POINT ( 'NONE',  ( 0.7690690785285905218, -0.03703077047094577301, -0.7000000000000000666 ) ) ;
#6772 = MECHANICAL_DESIGN_GEOMETRIC_PRESENTATION_REPRESENTATION (  '', ( #9045 ), #2494 ) ;
#6773 = AXIS2_PLACEMENT_3D ( 'NONE', #5047, #10414, #8493 ) ;
#6774 = ORIENTED_EDGE ( 'NONE', *, *, #10573, .F. ) ;
#6775 = DIRECTION ( 'NONE',  ( -1.000000000000000000, 1.355252715606880543E-16, 0.000000000000000000 ) ) ;
#6776 = FILL_AREA_STYLE ('',( #668 ) ) ;
#6777 = LINE ( 'NONE', #7619, #3832 ) ;
#6778 = PLANE ( 'NONE',  #4944 ) ;
#6779 = CARTESIAN_POINT ( 'NONE',  ( 0.8019999999999994911, -0.1800000000000000211, -0.1999999999999998723 ) ) ;
#6780 = STYLED_ITEM ( 'NONE', ( #173 ), #303 ) ;
#6781 = ADVANCED_FACE ( 'NONE', ( #6927 ), #10075, .T. ) ;
#6782 = ORIENTED_EDGE ( 'NONE', *, *, #6097, .T. ) ;
#6783 = CARTESIAN_POINT ( 'NONE',  ( 0.7498679273569035519, -0.05506511096647068865, -0.7000000000000001776 ) ) ;
#6784 = CARTESIAN_POINT ( 'NONE',  ( 0.7222027919708049470, 0.05519480577089237727, -0.6999999999999999556 ) ) ;
#6785 = SURFACE_SIDE_STYLE ('',( #10472 ) ) ;
#6786 = CARTESIAN_POINT ( 'NONE',  ( 0.1429128784747793757, 0.2800000000000000266, -0.1999999999999999001 ) ) ;
#6787 = ORIENTED_EDGE ( 'NONE', *, *, #7899, .F. ) ;
#6788 = COLOUR_RGB ( '',0.000000000000000000, 0.000000000000000000, 0.000000000000000000 ) ;
#6789 = B_SPLINE_SURFACE_WITH_KNOTS ( 'NONE', 3, 1, ( 
 ( #950, #5538 ),
 ( #5594, #2814 ),
 ( #6508, #2053 ),
 ( #6393, #9225 ),
 ( #1825, #3581 ),
 ( #11021, #9115 ),
 ( #10799, #2760 ),
 ( #2698, #3636 ),
 ( #10021, #6344 ),
 ( #1999, #4535 ),
 ( #1063, #7288 ),
 ( #6290, #5427 ),
 ( #1112, #7230 ),
 ( #9059, #2869 ),
 ( #4589, #10907 ),
 ( #9170, #8216 ),
 ( #159, #3748 ),
 ( #7338, #10964 ),
 ( #6450, #10404 ) ),
 .UNSPECIFIED., .F., .F., .F.,
 ( 4, 1, 1, 1, 1, 1, 1, 1, 1, 1, 1, 1, 1, 1, 1, 1, 4 ),
 ( 2, 2 ),
 ( 0.000000000000000000, 0.07429619169027668057, 0.1443788321467846247, 0.2104779521626766736, 0.2735146103050159483, 0.3337905786993319301, 0.3923332665120537466, 0.4498851578508357707, 0.5076124060056993459, 0.5652508075195160631, 0.6231872918394525396, 0.6813298109894393439, 0.7409400148196144675, 0.8018760316168763724, 0.8652550298431294085, 0.9309487249441326107, 1.000000000000000000 ),
 ( 0.000000000000000000, 1.000000000000000000 ),
 .UNSPECIFIED. ) ;
#6790 = FILL_AREA_STYLE ('',( #1281 ) ) ;
#6791 = DIRECTION ( 'NONE',  ( -1.000000000000000000, -0.000000000000000000, -0.000000000000000000 ) ) ;
#6792 = SURFACE_SIDE_STYLE ('',( #7690 ) ) ;
#6793 = DIRECTION ( 'NONE',  ( 0.000000000000000000, 1.000000000000000000, -2.578241652818821251E-15 ) ) ;
#6794 = FACE_OUTER_BOUND ( 'NONE', #8075, .T. ) ;
#6795 = DIRECTION ( 'NONE',  ( -0.000000000000000000, -0.000000000000000000, 1.000000000000000000 ) ) ;
#6796 = VERTEX_POINT ( 'NONE', #8942 ) ;
#6797 = ADVANCED_FACE ( 'NONE', ( #44 ), #6251, .T. ) ;
#6798 =( NAMED_UNIT ( * ) PLANE_ANGLE_UNIT ( ) SI_UNIT ( $, .RADIAN. ) );
#6799 = ORIENTED_EDGE ( 'NONE', *, *, #5207, .F. ) ;
#6800 =( GEOMETRIC_REPRESENTATION_CONTEXT ( 3 ) GLOBAL_UNCERTAINTY_ASSIGNED_CONTEXT ( ( #3602 ) ) GLOBAL_UNIT_ASSIGNED_CONTEXT ( ( #609, #9559, #5089 ) ) REPRESENTATION_CONTEXT ( 'NONE', 'WORKASPACE' ) );
#6801 = COLOUR_RGB ( '',0.9098039215686274384, 0.4431372549019607643, 0.03137254901960784270 ) ;
#6802 =( LENGTH_UNIT ( ) NAMED_UNIT ( * ) SI_UNIT ( .MILLI., .METRE. ) );
#6803 = STYLED_ITEM ( 'NONE', ( #2319 ), #1320 ) ;
#6804 = UNCERTAINTY_MEASURE_WITH_UNIT (LENGTH_MEASURE( 1.000000000000000082E-05 ), #1011, 'distance_accuracy_value', 'NONE');
#6805 = CARTESIAN_POINT ( 'NONE',  ( 0.7199999999999999734, 0.09817073170731704934, -0.6999999999999999556 ) ) ;
#6806 = LINE ( 'NONE', #7051, #6702 ) ;
#6807 = EDGE_CURVE ( 'NONE', #6108, #9868, #9061, .T. ) ;
#6808 =( LENGTH_UNIT ( ) NAMED_UNIT ( * ) SI_UNIT ( .MILLI., .METRE. ) );
#6809 = DIRECTION ( 'NONE',  ( 0.000000000000000000, 1.000000000000000000, -5.646886315028668105E-17 ) ) ;
#6810 = CYLINDRICAL_SURFACE ( 'NONE', #11335, 0.05499999999999997946 ) ;
#6811 = FILL_AREA_STYLE ('',( #6696 ) ) ;
#6812 =( LENGTH_UNIT ( ) NAMED_UNIT ( * ) SI_UNIT ( .MILLI., .METRE. ) );
#6813 = STYLED_ITEM ( 'NONE', ( #10389 ), #1578 ) ;
#6814 = DIRECTION ( 'NONE',  ( 0.000000000000000000, -1.000000000000000000, 0.000000000000000000 ) ) ;
#6815 = ORIENTED_EDGE ( 'NONE', *, *, #3530, .T. ) ;
#6816 = ORIENTED_EDGE ( 'NONE', *, *, #11262, .F. ) ;
#6817 = EDGE_CURVE ( 'NONE', #8171, #4148, #9844, .T. ) ;
#6818 = ORIENTED_EDGE ( 'NONE', *, *, #2094, .T. ) ;
#6819 = FILL_AREA_STYLE ('',( #5833 ) ) ;
#6820 = MECHANICAL_DESIGN_GEOMETRIC_PRESENTATION_REPRESENTATION (  '', ( #3629 ), #6441 ) ;
#6821 = CARTESIAN_POINT ( 'NONE',  ( 0.7621108927475157557, 0.06343357961259252220, -0.7000000000000001776 ) ) ;
#6822 = EDGE_CURVE ( 'NONE', #4792, #3190, #1180, .T. ) ;
#6823 =( GEOMETRIC_REPRESENTATION_CONTEXT ( 3 ) GLOBAL_UNCERTAINTY_ASSIGNED_CONTEXT ( ( #4985 ) ) GLOBAL_UNIT_ASSIGNED_CONTEXT ( ( #8980, #1150, #4686 ) ) REPRESENTATION_CONTEXT ( 'NONE', 'WORKASPACE' ) );
#6824 = CARTESIAN_POINT ( 'NONE',  ( 0.7334912356475478123, 0.05866963938458837069, -0.7000000000000000666 ) ) ;
#6825 =( LENGTH_UNIT ( ) NAMED_UNIT ( * ) SI_UNIT ( .MILLI., .METRE. ) );
#6826 = LINE ( 'NONE', #2483, #3472 ) ;
#6827 = LINE ( 'NONE', #6013, #10953 ) ;
#6828 = FACE_OUTER_BOUND ( 'NONE', #11600, .T. ) ;
#6829 = EDGE_CURVE ( 'NONE', #1562, #5595, #10025, .T. ) ;
#6830 = SURFACE_SIDE_STYLE ('',( #6766 ) ) ;
#6831 = CARTESIAN_POINT ( 'NONE',  ( 0.7504878048780486699, -0.07292301829268306446, -0.6989999999999999547 ) ) ;
#6832 = ORIENTED_EDGE ( 'NONE', *, *, #10457, .F. ) ;
#6833 =( GEOMETRIC_REPRESENTATION_CONTEXT ( 3 ) GLOBAL_UNCERTAINTY_ASSIGNED_CONTEXT ( ( #3147 ) ) GLOBAL_UNIT_ASSIGNED_CONTEXT ( ( #6812, #10373, #524 ) ) REPRESENTATION_CONTEXT ( 'NONE', 'WORKASPACE' ) );
#6834 = UNCERTAINTY_MEASURE_WITH_UNIT (LENGTH_MEASURE( 1.000000000000000082E-05 ), #5593, 'distance_accuracy_value', 'NONE');
#6835 = AXIS2_PLACEMENT_3D ( 'NONE', #2913, #5534, #3798 ) ;
#6836 = CARTESIAN_POINT ( 'NONE',  ( 0.7410604730903581627, 0.06129680645552306600, -0.6999999999999998446 ) ) ;
#6837 = CYLINDRICAL_SURFACE ( 'NONE', #9011, 0.05500000000000000722 ) ;
#6838 = CARTESIAN_POINT ( 'NONE',  ( 0.7699487483382941866, -0.03167229945764894056, -0.6989999999999999547 ) ) ;
#6839 = DIRECTION ( 'NONE',  ( -1.355252715606880296E-16, 1.000000000000000000, 0.000000000000000000 ) ) ;
#6840 =( GEOMETRIC_REPRESENTATION_CONTEXT ( 3 ) GLOBAL_UNCERTAINTY_ASSIGNED_CONTEXT ( ( #3959 ) ) GLOBAL_UNIT_ASSIGNED_CONTEXT ( ( #4374, #7301, #7960 ) ) REPRESENTATION_CONTEXT ( 'NONE', 'WORKASPACE' ) );
#6841 = VERTEX_POINT ( 'NONE', #1828 ) ;
#6842 = PRESENTATION_LAYER_ASSIGNMENT (  '', '', ( #4980 ) ) ;
#6843 = CARTESIAN_POINT ( 'NONE',  ( 0.7273075889406347416, 0.03242558045063144434, -0.6999999999999999556 ) ) ;
#6844 = DIRECTION ( 'NONE',  ( 0.000000000000000000, -1.000000000000000000, 0.000000000000000000 ) ) ;
#6845 = LINE ( 'NONE', #610, #8692 ) ;
#6846 = DIRECTION ( 'NONE',  ( 0.000000000000000000, 1.000000000000000000, -1.971276677246372308E-15 ) ) ;
#6847 = EDGE_LOOP ( 'NONE', ( #2230, #8977, #6525, #9316 ) ) ;
#6848 = FILL_AREA_STYLE ('',( #2268 ) ) ;
#6849 = STYLED_ITEM ( 'NONE', ( #7025 ), #4041 ) ;
#6850 = VECTOR ( 'NONE', #1998, 1000.000000000000000 ) ;
#6851 = EDGE_LOOP ( 'NONE', ( #11255, #5327, #4020, #7000 ) ) ;
#6852 = CARTESIAN_POINT ( 'NONE',  ( 0.7682895406593494014, -0.03950711555366386019, -0.7000000000000000666 ) ) ;
#6853 = DIRECTION ( 'NONE',  ( 0.000000000000000000, 1.000000000000000000, -5.646886315028668105E-17 ) ) ;
#6854 = FILL_AREA_STYLE_COLOUR ( '', #907 ) ;
#6855 =( NAMED_UNIT ( * ) PLANE_ANGLE_UNIT ( ) SI_UNIT ( $, .RADIAN. ) );
#6856 = VERTEX_POINT ( 'NONE', #6347 ) ;
#6857 = MECHANICAL_DESIGN_GEOMETRIC_PRESENTATION_REPRESENTATION (  '', ( #3849 ), #3085 ) ;
#6858 =( NAMED_UNIT ( * ) SI_UNIT ( $, .STERADIAN. ) SOLID_ANGLE_UNIT ( ) );
#6859 = SURFACE_STYLE_FILL_AREA ( #1335 ) ;
#6860 = VECTOR ( 'NONE', #9070, 1000.000000000000000 ) ;
#6861 = ORIENTED_EDGE ( 'NONE', *, *, #7853, .T. ) ;
#6862 = CIRCLE ( 'NONE', #1238, 0.09999999999999999167 ) ;
#6863 = EDGE_LOOP ( 'NONE', ( #9335, #2903, #4385, #2394, #3230, #6337, #6266 ) ) ;
#6864 = PRESENTATION_LAYER_ASSIGNMENT (  '', '', ( #1600 ) ) ;
#6865 = CARTESIAN_POINT ( 'NONE',  ( 0.7265866782741136065, -0.04805897454292493154, -0.6999999999999997335 ) ) ;
#6866 = STYLED_ITEM ( 'NONE', ( #7349 ), #10002 ) ;
#6867 = CARTESIAN_POINT ( 'NONE',  ( 0.7645121951219512324, 0.07256097560975606486, -0.6999999999999999556 ) ) ;
#6868 = DIRECTION ( 'NONE',  ( -0.000000000000000000, 0.000000000000000000, -1.000000000000000000 ) ) ;
#6869 = EDGE_CURVE ( 'NONE', #3416, #7507, #10394, .T. ) ;
#6870 = CARTESIAN_POINT ( 'NONE',  ( -0.1199999999999999956, 0.3299999999999999600, -0.1999999999999999001 ) ) ;
#6871 = PRESENTATION_LAYER_ASSIGNMENT (  '', '', ( #9513 ) ) ;
#6872 = DIRECTION ( 'NONE',  ( 0.000000000000000000, -1.000000000000000000, 0.000000000000000000 ) ) ;
#6873 = SURFACE_STYLE_FILL_AREA ( #4356 ) ;
#6874 = AXIS2_PLACEMENT_3D ( 'NONE', #3803, #7384, #5643 ) ;
#6875 = LINE ( 'NONE', #7112, #11617 ) ;
#6876 = ORIENTED_EDGE ( 'NONE', *, *, #2181, .F. ) ;
#6877 = VERTEX_POINT ( 'NONE', #1947 ) ;
#6878 = EDGE_CURVE ( 'NONE', #5475, #6048, #1883, .T. ) ;
#6879 = ORIENTED_EDGE ( 'NONE', *, *, #6169, .F. ) ;
#6880 = LINE ( 'NONE', #4256, #1314 ) ;
#6881 = DIRECTION ( 'NONE',  ( 0.000000000000000000, 0.000000000000000000, 1.000000000000000000 ) ) ;
#6882 = FILL_AREA_STYLE_COLOUR ( '', #8834 ) ;
#6883 = PRESENTATION_STYLE_ASSIGNMENT (( #3167 ) ) ;
#6884 = CIRCLE ( 'NONE', #315, 0.05499999999999997946 ) ;
#6885 =( LENGTH_UNIT ( ) NAMED_UNIT ( * ) SI_UNIT ( .MILLI., .METRE. ) );
#6886 = DIRECTION ( 'NONE',  ( 0.000000000000000000, 1.000000000000000000, 0.000000000000000000 ) ) ;
#6887 = VECTOR ( 'NONE', #8010, 1000.000000000000000 ) ;
#6888 = ORIENTED_EDGE ( 'NONE', *, *, #7597, .T. ) ;
#6889 = EDGE_CURVE ( 'NONE', #8816, #5017, #2285, .T. ) ;
#6890 = EDGE_CURVE ( 'NONE', #8732, #4367, #8110, .T. ) ;
#6891 = B_SPLINE_SURFACE_WITH_KNOTS ( 'NONE', 3, 1, ( 
 ( #11000, #2902 ),
 ( #931, #4514 ),
 ( #3622, #7209 ),
 ( #10839, #9945 ),
 ( #1857, #990 ),
 ( #2033, #11236 ),
 ( #11060, #11115 ),
 ( #8357, #9205 ),
 ( #1143, #5629 ),
 ( #4977, #4743 ),
 ( #7613, #432 ) ),
 .UNSPECIFIED., .F., .F., .F.,
 ( 4, 1, 1, 1, 1, 1, 1, 1, 4 ),
 ( 2, 2 ),
 ( 0.000000000000000000, 0.1124483899088019601, 0.2265276752126784698, 0.3444019493260280229, 0.4658649724874588949, 0.5916594493521172282, 0.7221684870248874510, 0.8586063875549264646, 1.000000000000000000 ),
 ( 0.000000000000000000, 1.000000000000000000 ),
 .UNSPECIFIED. ) ;
#6892 = CARTESIAN_POINT ( 'NONE',  ( 0.7699999999999997957, -0.02883955792682937544, -0.6999999999999999556 ) ) ;
#6893 = PRESENTATION_STYLE_ASSIGNMENT (( #1486 ) ) ;
#6894 = CIRCLE ( 'NONE', #8209, 0.05500000000000003497 ) ;
#6895 = ORIENTED_EDGE ( 'NONE', *, *, #5467, .F. ) ;
#6896 = DIRECTION ( 'NONE',  ( -1.000000000000000000, -0.000000000000000000, -0.000000000000000000 ) ) ;
#6897 =( NAMED_UNIT ( * ) PLANE_ANGLE_UNIT ( ) SI_UNIT ( $, .RADIAN. ) );
#6898 = CARTESIAN_POINT ( 'NONE',  ( 0.5000000000000004441, -0.1800000000000000211, -0.4999999999999998890 ) ) ;
#6899 = FILL_AREA_STYLE_COLOUR ( '', #4209 ) ;
#6900 = PLANE ( 'NONE',  #2547 ) ;
#6901 = CARTESIAN_POINT ( 'NONE',  ( 0.7999999999999996003, -0.3999999999999999112, -0.6999999999999999556 ) ) ;
#6902 = EDGE_CURVE ( 'NONE', #9729, #6272, #5706, .T. ) ;
#6903 = EDGE_LOOP ( 'NONE', ( #7568, #3288, #6206, #9476 ) ) ;
#6904 = MECHANICAL_DESIGN_GEOMETRIC_PRESENTATION_REPRESENTATION (  '', ( #9547 ), #3898 ) ;
#6905 = CYLINDRICAL_SURFACE ( 'NONE', #8633, 0.09999999999999999167 ) ;
#6906 = CARTESIAN_POINT ( 'NONE',  ( 0.7999999999999996003, -0.3999999999999999112, -0.5999999999999999778 ) ) ;
#6907 = ADVANCED_FACE ( 'NONE', ( #1400 ), #335, .F. ) ;
#6908 = FACE_OUTER_BOUND ( 'NONE', #10726, .T. ) ;
#6909 = SURFACE_SIDE_STYLE ('',( #11415 ) ) ;
#6910 = VECTOR ( 'NONE', #11206, 1000.000000000000000 ) ;
#6911 = ORIENTED_EDGE ( 'NONE', *, *, #9064, .T. ) ;
#6912 = MECHANICAL_DESIGN_GEOMETRIC_PRESENTATION_REPRESENTATION (  '', ( #5439 ), #5446 ) ;
#6913 = LINE ( 'NONE', #7985, #7213 ) ;
#6914 = PRESENTATION_LAYER_ASSIGNMENT (  '', '', ( #7118 ) ) ;
#6915 = ORIENTED_EDGE ( 'NONE', *, *, #6732, .T. ) ;
#6916 =( LENGTH_UNIT ( ) NAMED_UNIT ( * ) SI_UNIT ( .MILLI., .METRE. ) );
#6917 = EDGE_LOOP ( 'NONE', ( #9787, #1301, #3409, #8295 ) ) ;
#6918 = CARTESIAN_POINT ( 'NONE',  ( 0.7646596330595478719, -0.04613399156977066734, -0.6989999999999998437 ) ) ;
#6919 = FILL_AREA_STYLE_COLOUR ( '', #9950 ) ;
#6920 = UNCERTAINTY_MEASURE_WITH_UNIT (LENGTH_MEASURE( 1.000000000000000082E-05 ), #7111, 'distance_accuracy_value', 'NONE');
#6921 =( LENGTH_UNIT ( ) NAMED_UNIT ( * ) SI_UNIT ( .MILLI., .METRE. ) );
#6922 = FILL_AREA_STYLE_COLOUR ( '', #9767 ) ;
#6923 = STYLED_ITEM ( 'NONE', ( #783 ), #7318 ) ;
#6924 = FILL_AREA_STYLE_COLOUR ( '', #9222 ) ;
#6925 = LINE ( 'NONE', #9650, #7635 ) ;
#6926 = COLOUR_RGB ( '',0.9098039215686274384, 0.4431372549019607643, 0.03137254901960784270 ) ;
#6927 = FACE_OUTER_BOUND ( 'NONE', #6207, .T. ) ;
#6928 =( NAMED_UNIT ( * ) PLANE_ANGLE_UNIT ( ) SI_UNIT ( $, .RADIAN. ) );
#6929 = DIRECTION ( 'NONE',  ( 0.000000000000000000, 2.397541290737903714E-15, 1.000000000000000000 ) ) ;
#6930 = FILL_AREA_STYLE ('',( #8571 ) ) ;
#6931 = EDGE_LOOP ( 'NONE', ( #3145, #705, #5862, #3107 ) ) ;
#6932 = ORIENTED_EDGE ( 'NONE', *, *, #9622, .F. ) ;
#6933 = ORIENTED_EDGE ( 'NONE', *, *, #216, .T. ) ;
#6934 = CIRCLE ( 'NONE', #10742, 0.1000000000000000056 ) ;
#6935 = CARTESIAN_POINT ( 'NONE',  ( 0.2629128784747790104, 0.1799999999999999101, -0.1999999999999998723 ) ) ;
#6936 = ADVANCED_FACE ( 'NONE', ( #10135 ), #10190, .T. ) ;
#6937 = CARTESIAN_POINT ( 'NONE',  ( 0.5000000000000004441, -0.4000000000000001332, -0.6700000000000000400 ) ) ;
#6938 = PRESENTATION_LAYER_ASSIGNMENT (  '', '', ( #2065 ) ) ;
#6940 = ORIENTED_EDGE ( 'NONE', *, *, #3715, .F. ) ;
#6939 = FILL_AREA_STYLE_COLOUR ( '', #6720 ) ;
#6941 = DIRECTION ( 'NONE',  ( 3.614007241618348278E-16, 1.000000000000000000, 0.000000000000000000 ) ) ;
#6942 = CARTESIAN_POINT ( 'NONE',  ( -0.3370871215252209674, 0.1799999999999999101, -0.1999999999999998723 ) ) ;
#6943 = PRESENTATION_LAYER_ASSIGNMENT (  '', '', ( #3369 ) ) ;
#6944 = CARTESIAN_POINT ( 'NONE',  ( -0.3599999999999999867, -0.3850000000000002309, -0.3999999999999999112 ) ) ;
#6945 = ORIENTED_EDGE ( 'NONE', *, *, #3352, .T. ) ;
#6946 = SURFACE_STYLE_FILL_AREA ( #1659 ) ;
#6947 = EDGE_CURVE ( 'NONE', #7990, #3763, #5348, .T. ) ;
#6948 = COLOUR_RGB ( '',0.000000000000000000, 0.000000000000000000, 0.000000000000000000 ) ;
#6949 = CARTESIAN_POINT ( 'NONE',  ( 0.7193902439024388862, 0.04286394817073157365, -0.6989999999999999547 ) ) ;
#6950 = CARTESIAN_POINT ( 'NONE',  ( 0.7536016119071953234, 0.06040308745227634946, -0.6999999999999998446 ) ) ;
#6951 = FACE_OUTER_BOUND ( 'NONE', #10261, .T. ) ;
#6952 = ORIENTED_EDGE ( 'NONE', *, *, #7998, .T. ) ;
#6953 = ADVANCED_FACE ( 'NONE', ( #1229 ), #6744, .F. ) ;
#6954 = CARTESIAN_POINT ( 'NONE',  ( 0.7278212596431088421, 0.03154158025699755480, -0.6999999999999998446 ) ) ;
#6955 = PLANE ( 'NONE',  #1006 ) ;
#6956 = DIRECTION ( 'NONE',  ( -1.000000000000000000, -0.000000000000000000, -0.000000000000000000 ) ) ;
#6957 = MECHANICAL_DESIGN_GEOMETRIC_PRESENTATION_REPRESENTATION (  '', ( #9226 ), #10187 ) ;
#6958 = DIRECTION ( 'NONE',  ( -0.000000000000000000, 0.000000000000000000, 1.000000000000000000 ) ) ;
#6959 = CARTESIAN_POINT ( 'NONE',  ( 0.7213719512195120309, 0.03109756097560961718, -0.6999999999999999556 ) ) ;
#6960 = CARTESIAN_POINT ( 'NONE',  ( 0.7291203291871539705, -0.04204990802678269107, -0.6999999999999998446 ) ) ;
#6961 =( LENGTH_UNIT ( ) NAMED_UNIT ( * ) SI_UNIT ( .MILLI., .METRE. ) );
#6962 = VERTEX_POINT ( 'NONE', #5112 ) ;
#6963 = EDGE_CURVE ( 'NONE', #11001, #4502, #3320, .T. ) ;
#6964 = CIRCLE ( 'NONE', #1337, 0.09999999999999999167 ) ;
#6965 = SURFACE_STYLE_USAGE ( .BOTH. , #9629 ) ;
#6966 = LINE ( 'NONE', #1445, #11066 ) ;
#6967 = CARTESIAN_POINT ( 'NONE',  ( 0.7321918957421209573, -0.05263027398615484354, -0.6990000000000000657 ) ) ;
#6968 = ORIENTED_EDGE ( 'NONE', *, *, #3942, .T. ) ;
#6969 = EDGE_CURVE ( 'NONE', #4226, #11187, #1625, .T. ) ;
#6970 = CARTESIAN_POINT ( 'NONE',  ( 0.7225389263043131560, -0.04193364994488177344, -0.6989999999999997327 ) ) ;
#6971 = DIRECTION ( 'NONE',  ( -9.486769009248167742E-16, -1.000000000000000000, -0.000000000000000000 ) ) ;
#6972 = FILL_AREA_STYLE_COLOUR ( '', #5152 ) ;
#6973 =( GEOMETRIC_REPRESENTATION_CONTEXT ( 3 ) GLOBAL_UNCERTAINTY_ASSIGNED_CONTEXT ( ( #4583 ) ) GLOBAL_UNIT_ASSIGNED_CONTEXT ( ( #3041, #7517, #2982 ) ) REPRESENTATION_CONTEXT ( 'NONE', 'WORKASPACE' ) );
#6974 = AXIS2_PLACEMENT_3D ( 'NONE', #2554, #8583, #4969 ) ;
#6976 =( NAMED_UNIT ( * ) SI_UNIT ( $, .STERADIAN. ) SOLID_ANGLE_UNIT ( ) );
#6975 = PRESENTATION_LAYER_ASSIGNMENT (  '', '', ( #11328 ) ) ;
#6977 = CARTESIAN_POINT ( 'NONE',  ( 0.8019999999999994911, -0.2800000000000000266, -0.1999999999999999001 ) ) ;
#6978 = EDGE_CURVE ( 'NONE', #2303, #9748, #8669, .T. ) ;
#6979 = UNCERTAINTY_MEASURE_WITH_UNIT (LENGTH_MEASURE( 1.000000000000000082E-05 ), #3300, 'distance_accuracy_value', 'NONE');
#6980 = VERTEX_POINT ( 'NONE', #1454 ) ;
#6981 = LINE ( 'NONE', #9706, #3203 ) ;
#6982 = ORIENTED_EDGE ( 'NONE', *, *, #1960, .T. ) ;
#6983 = CARTESIAN_POINT ( 'NONE',  ( 0.7434648022826922942, -0.05546794696927411644, -0.6999999999999999556 ) ) ;
#6984 = FILL_AREA_STYLE_COLOUR ( '', #6722 ) ;
#6985 = PRESENTATION_LAYER_ASSIGNMENT (  '', '', ( #7543 ) ) ;
#6986 = STYLED_ITEM ( 'NONE', ( #3846 ), #6461 ) ;
#6987 = DIRECTION ( 'NONE',  ( 1.000000000000000000, 0.000000000000000000, 0.000000000000000000 ) ) ;
#6988 = CLOSED_SHELL ( 'NONE', ( #10022, #4734, #6431, #4753, #10244, #8823, #5912, #11533, #7107, #5843 ) ) ;
#6989 = CARTESIAN_POINT ( 'NONE',  ( 0.1199999999999999956, -0.1800000000000001876, -0.04999999999999969746 ) ) ;
#6990 = SURFACE_STYLE_USAGE ( .BOTH. , #6115 ) ;
#6991 = CARTESIAN_POINT ( 'NONE',  ( 0.7699999999999997957, -0.09695121951219526357, -0.6989999999999999547 ) ) ;
#6992 = CARTESIAN_POINT ( 'NONE',  ( 0.7254878048780486477, -0.004268292682926912857, -0.6989999999999999547 ) ) ;
#6993 = CARTESIAN_POINT ( 'NONE',  ( 0.8019999999999994911, -0.1800000000000000211, -0.09999999999999988065 ) ) ;
#6994 = CARTESIAN_POINT ( 'NONE',  ( 0.5000000000000004441, -0.1800000000000000766, -0.09999999999999988065 ) ) ;
#6995 = AXIS2_PLACEMENT_3D ( 'NONE', #11463, #1548, #5037 ) ;
#6996 =( NAMED_UNIT ( * ) PLANE_ANGLE_UNIT ( ) SI_UNIT ( $, .RADIAN. ) );
#6997 = DIRECTION ( 'NONE',  ( 1.000000000000000000, 1.355252715606880296E-16, 0.000000000000000000 ) ) ;
#6998 = AXIS2_PLACEMENT_3D ( 'NONE', #10505, #3284, #5838 ) ;
#6999 = ORIENTED_EDGE ( 'NONE', *, *, #4960, .F. ) ;
#7000 = ORIENTED_EDGE ( 'NONE', *, *, #6224, .T. ) ;
#7001 = COLOUR_RGB ( '',0.7529411764705882248, 0.7529411764705882248, 0.7529411764705882248 ) ;
#7002 = EDGE_LOOP ( 'NONE', ( #8607, #1982, #5774, #7606 ) ) ;
#7003 = CARTESIAN_POINT ( 'NONE',  ( 0.4149999999999999245, 0.3299999999999999600, -0.1999999999999999001 ) ) ;
#7005 = ORIENTED_EDGE ( 'NONE', *, *, #10608, .F. ) ;
#7004 = SURFACE_STYLE_FILL_AREA ( #3592 ) ;
#7006 = PLANE ( 'NONE',  #6572 ) ;
#7007 = FILL_AREA_STYLE ('',( #4316 ) ) ;
#7008 = SURFACE_SIDE_STYLE ('',( #3650 ) ) ;
#7009 = DIRECTION ( 'NONE',  ( 0.000000000000000000, -2.710505431213761085E-16, 1.000000000000000000 ) ) ;
#7010 = CARTESIAN_POINT ( 'NONE',  ( 0.3829128784747790615, 0.2800000000000000266, -0.3999999999999999112 ) ) ;
#7011 = ORIENTED_EDGE ( 'NONE', *, *, #11247, .F. ) ;
#7012 = CARTESIAN_POINT ( 'NONE',  ( 0.7445141006097559799, -0.04878048780487816150, -0.6989999999999999547 ) ) ;
#7013 = STYLED_ITEM ( 'NONE', ( #9074 ), #1710 ) ;
#7014 = DIRECTION ( 'NONE',  ( 0.000000000000000000, 0.000000000000000000, -1.000000000000000000 ) ) ;
#7016 = ORIENTED_EDGE ( 'NONE', *, *, #2523, .T. ) ;
#7015 =( NAMED_UNIT ( * ) PLANE_ANGLE_UNIT ( ) SI_UNIT ( $, .RADIAN. ) );
#7017 = CARTESIAN_POINT ( 'NONE',  ( 0.7645121951219511214, -0.02904916158536596446, -0.6999999999999999556 ) ) ;
#7018 = COLOUR_RGB ( '',0.7529411764705882248, 0.7529411764705882248, 0.7529411764705882248 ) ;
#7019 = CARTESIAN_POINT ( 'NONE',  ( 0.7280792682926827686, 0.03109756097560961718, -0.6999999999999999556 ) ) ;
#7020 = EDGE_CURVE ( 'NONE', #4502, #5101, #6981, .T. ) ;
#7021 = FILL_AREA_STYLE_COLOUR ( '', #4571 ) ;
#7022 = LINE ( 'NONE', #7855, #11007 ) ;
#7023 = DIRECTION ( 'NONE',  ( 0.000000000000000000, -2.710505431213761085E-16, 1.000000000000000000 ) ) ;
#7024 = FACE_OUTER_BOUND ( 'NONE', #1767, .T. ) ;
#7025 = PRESENTATION_STYLE_ASSIGNMENT (( #3614 ) ) ;
#7026 = ORIENTED_EDGE ( 'NONE', *, *, #4333, .F. ) ;
#7027 = ORIENTED_EDGE ( 'NONE', *, *, #111, .T. ) ;
#7028 = EDGE_CURVE ( 'NONE', #11214, #391, #9580, .T. ) ;
#7029 = VECTOR ( 'NONE', #1493, 1000.000000000000000 ) ;
#7030 = STYLED_ITEM ( 'NONE', ( #910 ), #932 ) ;
#7031 =( NAMED_UNIT ( * ) PLANE_ANGLE_UNIT ( ) SI_UNIT ( $, .RADIAN. ) );
#7032 = STYLED_ITEM ( 'NONE', ( #8413 ), #9294 ) ;
#7033 = CARTESIAN_POINT ( 'NONE',  ( 0.7434648022826922942, -0.05546794696927411644, -0.6989999999999999547 ) ) ;
#7034 = ORIENTED_EDGE ( 'NONE', *, *, #3115, .F. ) ;
#7035 = DIRECTION ( 'NONE',  ( 0.000000000000000000, -1.000000000000000000, 0.000000000000000000 ) ) ;
#7036 = CARTESIAN_POINT ( 'NONE',  ( 0.7999999999999996003, -0.3999999999999999112, 0.000000000000000000 ) ) ;
#7037 = CARTESIAN_POINT ( 'NONE',  ( 0.7296036585365851534, -0.08038300304878062685, -0.6989999999999999547 ) ) ;
#7038 = CARTESIAN_POINT ( 'NONE',  ( 0.7706097560975608829, 0.04485518292682912772, -0.6999999999999999556 ) ) ;
#7039 = LINE ( 'NONE', #6977, #4430 ) ;
#7040 = ORIENTED_EDGE ( 'NONE', *, *, #7541, .F. ) ;
#7041 = LINE ( 'NONE', #10668, #1347 ) ;
#7042 = EDGE_CURVE ( 'NONE', #7121, #8718, #7041, .T. ) ;
#7043 = ORIENTED_EDGE ( 'NONE', *, *, #4386, .F. ) ;
#7044 = DIRECTION ( 'NONE',  ( 0.000000000000000000, -1.000000000000000000, 2.634710515969108204E-15 ) ) ;
#7045 = DIRECTION ( 'NONE',  ( 0.000000000000000000, 1.000000000000000000, 0.000000000000000000 ) ) ;
#7046 = COLOUR_RGB ( '',0.7529411764705882248, 0.7529411764705882248, 0.7529411764705882248 ) ;
#7048 = UNCERTAINTY_MEASURE_WITH_UNIT (LENGTH_MEASURE( 1.000000000000000082E-05 ), #295, 'distance_accuracy_value', 'NONE');
#7047 = PRESENTATION_LAYER_ASSIGNMENT (  '', '', ( #468 ) ) ;
#7049 = SURFACE_STYLE_USAGE ( .BOTH. , #7878 ) ;
#7050 = STYLED_ITEM ( 'NONE', ( #2262 ), #1304 ) ;
#7051 = CARTESIAN_POINT ( 'NONE',  ( 0.7199999999999998623, -0.01524390243902449919, -0.6999999999999999556 ) ) ;
#7052 =( NAMED_UNIT ( * ) SI_UNIT ( $, .STERADIAN. ) SOLID_ANGLE_UNIT ( ) );
#7053 = DIRECTION ( 'NONE',  ( 1.000000000000000000, 0.000000000000000000, -0.000000000000000000 ) ) ;
#7054 = FACE_OUTER_BOUND ( 'NONE', #5166, .T. ) ;
#7055 = CARTESIAN_POINT ( 'NONE',  ( 0.09708712152522130934, -0.2800000000000000266, -0.3999999999999999112 ) ) ;
#7056 = FACE_OUTER_BOUND ( 'NONE', #8971, .T. ) ;
#7057 = AXIS2_PLACEMENT_3D ( 'NONE', #1152, #1930, #4688 ) ;
#7058 = PRESENTATION_STYLE_ASSIGNMENT (( #6230 ) ) ;
#7059 = LINE ( 'NONE', #9656, #4213 ) ;
#7060 = ORIENTED_EDGE ( 'NONE', *, *, #9960, .F. ) ;
#7061 = ORIENTED_EDGE ( 'NONE', *, *, #6269, .F. ) ;
#7062 = STYLED_ITEM ( 'NONE', ( #7957 ), #9790 ) ;
#7063 = ORIENTED_EDGE ( 'NONE', *, *, #2076, .T. ) ;
#7064 =( NAMED_UNIT ( * ) PLANE_ANGLE_UNIT ( ) SI_UNIT ( $, .RADIAN. ) );
#7065 = CYLINDRICAL_SURFACE ( 'NONE', #4463, 0.1000000000000000056 ) ;
#7066 = ADVANCED_FACE ( 'NONE', ( #8615 ), #11310, .T. ) ;
#7067 = AXIS2_PLACEMENT_3D ( 'NONE', #8242, #6538, #9201 ) ;
#7068 = ORIENTED_EDGE ( 'NONE', *, *, #4863, .F. ) ;
#7069 = DIRECTION ( 'NONE',  ( 0.000000000000000000, 2.464095846557963117E-15, 1.000000000000000000 ) ) ;
#7070 = STYLED_ITEM ( 'NONE', ( #11075 ), #10244 ) ;
#7071 = PRESENTATION_STYLE_ASSIGNMENT (( #3469 ) ) ;
#7072 = SURFACE_STYLE_FILL_AREA ( #7958 ) ;
#7073 = CYLINDRICAL_SURFACE ( 'NONE', #1570, 0.05500000000000000028 ) ;
#7074 = FILL_AREA_STYLE ('',( #1596 ) ) ;
#7075 = VERTEX_POINT ( 'NONE', #7991 ) ;
#7076 = UNCERTAINTY_MEASURE_WITH_UNIT (LENGTH_MEASURE( 1.000000000000000082E-05 ), #397, 'distance_accuracy_value', 'NONE');
#7077 =( NAMED_UNIT ( * ) SI_UNIT ( $, .STERADIAN. ) SOLID_ANGLE_UNIT ( ) );
#7078 = ORIENTED_EDGE ( 'NONE', *, *, #6679, .T. ) ;
#7079 = DIRECTION ( 'NONE',  ( 0.000000000000000000, 1.000000000000000000, 0.000000000000000000 ) ) ;
#7080 = LINE ( 'NONE', #10703, #5974 ) ;
#7081 =( NAMED_UNIT ( * ) SI_UNIT ( $, .STERADIAN. ) SOLID_ANGLE_UNIT ( ) );
#7082 = ORIENTED_EDGE ( 'NONE', *, *, #9271, .T. ) ;
#7083 = COLOUR_RGB ( '',0.9098039215686274384, 0.4431372549019607643, 0.03137254901960784270 ) ;
#7084 = CARTESIAN_POINT ( 'NONE',  ( 0.2399999999999999911, -0.1800000000000000488, 0.005000000000000304548 ) ) ;
#7085 = CARTESIAN_POINT ( 'NONE',  ( 0.7559756097560973442, -0.07123666158536599846, -0.6989999999999999547 ) ) ;
#7086 = FILL_AREA_STYLE ('',( #8905 ) ) ;
#7087 = CARTESIAN_POINT ( 'NONE',  ( -0.4149999999999999800, 0.3299999999999999600, -0.3999999999999999667 ) ) ;
#7088 = CARTESIAN_POINT ( 'NONE',  ( -0.5000000000000003331, 0.4000000000000001332, -2.154400374531753037 ) ) ;
#7089 = ORIENTED_EDGE ( 'NONE', *, *, #68, .T. ) ;
#7090 = AXIS2_PLACEMENT_3D ( 'NONE', #8613, #6582, #3246 ) ;
#7091 = AXIS2_PLACEMENT_3D ( 'NONE', #3825, #2403, #11098 ) ;
#7092 = EDGE_CURVE ( 'NONE', #2768, #9515, #4727, .T. ) ;
#7093 = CARTESIAN_POINT ( 'NONE',  ( 0.1199999999999999956, 0.1799999999999999101, -0.1999999999999998723 ) ) ;
#7094 = ORIENTED_EDGE ( 'NONE', *, *, #5589, .T. ) ;
#7095 = AXIS2_PLACEMENT_3D ( 'NONE', #8248, #2850, #8302 ) ;
#7096 = CARTESIAN_POINT ( 'NONE',  ( 0.7200606195295805589, -0.03207373612646245015, -0.6990000000000001767 ) ) ;
#7097 = CARTESIAN_POINT ( 'NONE',  ( 0.8019999999999994911, -0.1800000000000000211, -0.09999999999999988065 ) ) ;
#7098 = SURFACE_SIDE_STYLE ('',( #1813 ) ) ;
#7099 = MECHANICAL_DESIGN_GEOMETRIC_PRESENTATION_REPRESENTATION (  '', ( #4102 ), #11072 ) ;
#7100 = CARTESIAN_POINT ( 'NONE',  ( -0.4149999999999999245, 0.3299999999999999600, -0.1999999999999999001 ) ) ;
#7101 = UNCERTAINTY_MEASURE_WITH_UNIT (LENGTH_MEASURE( 1.000000000000000082E-05 ), #1097, 'distance_accuracy_value', 'NONE');
#7102 = ORIENTED_EDGE ( 'NONE', *, *, #6759, .T. ) ;
#7103 = VERTEX_POINT ( 'NONE', #4626 ) ;
#7104 =( GEOMETRIC_REPRESENTATION_CONTEXT ( 3 ) GLOBAL_UNCERTAINTY_ASSIGNED_CONTEXT ( ( #7304 ) ) GLOBAL_UNIT_ASSIGNED_CONTEXT ( ( #2665, #7967, #10640 ) ) REPRESENTATION_CONTEXT ( 'NONE', 'WORKASPACE' ) );
#7105 = DIRECTION ( 'NONE',  ( -1.000000000000000000, -0.000000000000000000, -0.000000000000000000 ) ) ;
#7106 =( NAMED_UNIT ( * ) PLANE_ANGLE_UNIT ( ) SI_UNIT ( $, .RADIAN. ) );
#7107 = ADVANCED_FACE ( 'NONE', ( #4407 ), #9090, .T. ) ;
#7108 =( LENGTH_UNIT ( ) NAMED_UNIT ( * ) SI_UNIT ( .MILLI., .METRE. ) );
#7109 = SURFACE_SIDE_STYLE ('',( #10797 ) ) ;
#7110 = DIRECTION ( 'NONE',  ( 1.000000000000000000, 0.000000000000000000, 0.000000000000000000 ) ) ;
#7111 =( LENGTH_UNIT ( ) NAMED_UNIT ( * ) SI_UNIT ( .MILLI., .METRE. ) );
#7112 = CARTESIAN_POINT ( 'NONE',  ( 0.5000000000000003331, 0.2800000000000000266, -0.1999999999999998723 ) ) ;
#7113 = MECHANICAL_DESIGN_GEOMETRIC_PRESENTATION_REPRESENTATION (  '', ( #533 ), #1296 ) ;
#7114 = ORIENTED_EDGE ( 'NONE', *, *, #10030, .T. ) ;
#7115 = EDGE_LOOP ( 'NONE', ( #11301, #766, #10817, #6627, #3506, #8068, #6554 ) ) ;
#7116 = SURFACE_STYLE_FILL_AREA ( #9789 ) ;
#7117 = DIRECTION ( 'NONE',  ( 0.000000000000000000, 0.000000000000000000, -1.000000000000000000 ) ) ;
#7118 = STYLED_ITEM ( 'NONE', ( #5363 ), #5405 ) ;
#7119 = PRESENTATION_STYLE_ASSIGNMENT (( #837 ) ) ;
#7121 = VERTEX_POINT ( 'NONE', #1139 ) ;
#7120 =( NAMED_UNIT ( * ) SI_UNIT ( $, .STERADIAN. ) SOLID_ANGLE_UNIT ( ) );
#7122 = TOROIDAL_SURFACE ( 'NONE', #4506, 0.1500000000000001055, 0.05500000000000000028 ) ;
#7123 = PRESENTATION_STYLE_ASSIGNMENT (( #6184 ) ) ;
#7124 =( NAMED_UNIT ( * ) PLANE_ANGLE_UNIT ( ) SI_UNIT ( $, .RADIAN. ) );
#7125 = CARTESIAN_POINT ( 'NONE',  ( 0.3829128784747793390, 0.2800000000000000266, -0.1999999999999999001 ) ) ;
#7126 = FILL_AREA_STYLE ('',( #8703 ) ) ;
#7127 = ORIENTED_EDGE ( 'NONE', *, *, #47, .F. ) ;
#7128 = AXIS2_PLACEMENT_3D ( 'NONE', #2782, #7309, #6420 ) ;
#7129 = ADVANCED_FACE ( 'NONE', ( #7315 ), #11155, .T. ) ;
#7130 = SURFACE_STYLE_USAGE ( .BOTH. , #1720 ) ;
#7131 = UNCERTAINTY_MEASURE_WITH_UNIT (LENGTH_MEASURE( 1.000000000000000082E-05 ), #4791, 'distance_accuracy_value', 'NONE');
#7132 = FACE_OUTER_BOUND ( 'NONE', #4564, .T. ) ;
#7133 = CARTESIAN_POINT ( 'NONE',  ( 0.7553396622110218894, 0.05971118219282949002, -0.6989999999999999547 ) ) ;
#7134 = VECTOR ( 'NONE', #8690, 1000.000000000000000 ) ;
#7135 = ORIENTED_EDGE ( 'NONE', *, *, #9804, .T. ) ;
#7136 = SURFACE_SIDE_STYLE ('',( #5334 ) ) ;
#7137 = DIRECTION ( 'NONE',  ( 1.000000000000000000, 0.000000000000000000, -0.000000000000000000 ) ) ;
#7138 = CARTESIAN_POINT ( 'NONE',  ( 0.7999999999999993783, -0.3999999999999999112, -0.6875735931288071701 ) ) ;
#7139 = CYLINDRICAL_SURFACE ( 'NONE', #10219, 0.05500000000000000028 ) ;
#7140 = DIRECTION ( 'NONE',  ( 0.000000000000000000, 0.000000000000000000, -1.000000000000000000 ) ) ;
#7141 = VERTEX_POINT ( 'NONE', #10331 ) ;
#7142 = VERTEX_POINT ( 'NONE', #2200 ) ;
#7143 = VECTOR ( 'NONE', #1754, 1000.000000000000000 ) ;
#7144 = CARTESIAN_POINT ( 'NONE',  ( 0.05500000000000000028, 0.3299999999999999600, -0.3999999999999999667 ) ) ;
#7145 = FILL_AREA_STYLE ('',( #5344 ) ) ;
#7146 = DIRECTION ( 'NONE',  ( 0.000000000000000000, 1.000000000000000000, -1.971276677246372308E-15 ) ) ;
#7147 =( GEOMETRIC_REPRESENTATION_CONTEXT ( 3 ) GLOBAL_UNCERTAINTY_ASSIGNED_CONTEXT ( ( #2858 ) ) GLOBAL_UNIT_ASSIGNED_CONTEXT ( ( #5779, #8697, #2196 ) ) REPRESENTATION_CONTEXT ( 'NONE', 'WORKASPACE' ) );
#7148 = EDGE_LOOP ( 'NONE', ( #2954, #6154, #5785, #8291 ) ) ;
#7149 = AXIS2_PLACEMENT_3D ( 'NONE', #9388, #3976, #7563 ) ;
#7150 = CARTESIAN_POINT ( 'NONE',  ( 0.7301817374440764397, -0.05132407974441315773, -0.6989999999999999547 ) ) ;
#7151 = CARTESIAN_POINT ( 'NONE',  ( 0.3599999999999999867, 0.3299999999999999600, -0.1999999999999999001 ) ) ;
#7152 = SURFACE_STYLE_FILL_AREA ( #5412 ) ;
#7153 = ADVANCED_FACE ( 'NONE', ( #8468 ), #6713, .T. ) ;
#7154 =( GEOMETRIC_REPRESENTATION_CONTEXT ( 3 ) GLOBAL_UNCERTAINTY_ASSIGNED_CONTEXT ( ( #4290 ) ) GLOBAL_UNIT_ASSIGNED_CONTEXT ( ( #9714, #9588, #7052 ) ) REPRESENTATION_CONTEXT ( 'NONE', 'WORKASPACE' ) );
#7155 = ORIENTED_EDGE ( 'NONE', *, *, #8102, .T. ) ;
#7156 = VERTEX_POINT ( 'NONE', #11398 ) ;
#7157 = AXIS2_PLACEMENT_3D ( 'NONE', #2418, #6009, #7891 ) ;
#7158 = DIRECTION ( 'NONE',  ( 0.000000000000000000, -2.216840928656986572E-15, -1.000000000000000000 ) ) ;
#7159 = UNCERTAINTY_MEASURE_WITH_UNIT (LENGTH_MEASURE( 1.000000000000000082E-05 ), #365, 'distance_accuracy_value', 'NONE');
#7160 = SURFACE_STYLE_FILL_AREA ( #2862 ) ;
#7161 = DIRECTION ( 'NONE',  ( 0.000000000000000000, 0.000000000000000000, -1.000000000000000000 ) ) ;
#7162 = COLOUR_RGB ( '',0.000000000000000000, 0.000000000000000000, 0.000000000000000000 ) ;
#7163 = COLOUR_RGB ( '',0.000000000000000000, 0.000000000000000000, 0.000000000000000000 ) ;
#7164 = PRESENTATION_STYLE_ASSIGNMENT (( #6990 ) ) ;
#7165 = DIRECTION ( 'NONE',  ( -1.000000000000000000, -0.000000000000000000, -0.000000000000000000 ) ) ;
#7166 = PRESENTATION_LAYER_ASSIGNMENT (  '', '', ( #9234 ) ) ;
#7167 = CARTESIAN_POINT ( 'NONE',  ( 0.000000000000000000, 0.000000000000000000, -0.5999999999999999778 ) ) ;
#7168 = ADVANCED_FACE ( 'NONE', ( #6769 ), #4975, .F. ) ;
#7169 = CARTESIAN_POINT ( 'NONE',  ( 0.7999999999999996003, -0.3999999999999999112, -2.154400374531753037 ) ) ;
#7170 = ORIENTED_EDGE ( 'NONE', *, *, #9963, .F. ) ;
#7171 = CARTESIAN_POINT ( 'NONE',  ( 0.7654532122333728150, 0.06028362609645688402, -0.6999999999999999556 ) ) ;
#7172 = VERTEX_POINT ( 'NONE', #8835 ) ;
#7173 =( GEOMETRIC_REPRESENTATION_CONTEXT ( 3 ) GLOBAL_UNCERTAINTY_ASSIGNED_CONTEXT ( ( #1977 ) ) GLOBAL_UNIT_ASSIGNED_CONTEXT ( ( #2155, #4034, #6721 ) ) REPRESENTATION_CONTEXT ( 'NONE', 'WORKASPACE' ) );
#7174 = AXIS2_PLACEMENT_3D ( 'NONE', #1265, #2261, #4981 ) ;
#7175 = COLOUR_RGB ( '',0.9098039215686274384, 0.4431372549019607643, 0.03137254901960784270 ) ;
#7176 =( GEOMETRIC_REPRESENTATION_CONTEXT ( 3 ) GLOBAL_UNCERTAINTY_ASSIGNED_CONTEXT ( ( #10062 ) ) GLOBAL_UNIT_ASSIGNED_CONTEXT ( ( #6825, #4199, #3281 ) ) REPRESENTATION_CONTEXT ( 'NONE', 'WORKASPACE' ) );
#7177 = CARTESIAN_POINT ( 'NONE',  ( 0.5000000000000004441, -0.4000000000000001332, 0.000000000000000000 ) ) ;
#7178 = EDGE_CURVE ( 'NONE', #9627, #11187, #4269, .T. ) ;
#7179 = SURFACE_STYLE_FILL_AREA ( #11619 ) ;
#7180 =( NAMED_UNIT ( * ) SI_UNIT ( $, .STERADIAN. ) SOLID_ANGLE_UNIT ( ) );
#7182 = ORIENTED_EDGE ( 'NONE', *, *, #2387, .F. ) ;
#7181 = DIRECTION ( 'NONE',  ( 0.000000000000000000, 0.000000000000000000, 1.000000000000000000 ) ) ;
#7183 = LINE ( 'NONE', #7956, #6235 ) ;
#7184 = CARTESIAN_POINT ( 'NONE',  ( 0.7256637425191414525, 0.03668698776661510202, -0.6989999999999998437 ) ) ;
#7185 = SURFACE_STYLE_USAGE ( .BOTH. , #8828 ) ;
#7186 = MECHANICAL_DESIGN_GEOMETRIC_PRESENTATION_REPRESENTATION (  '', ( #6803 ), #5131 ) ;
#7187 = SURFACE_STYLE_USAGE ( .BOTH. , #10185 ) ;
#7188 = EDGE_CURVE ( 'NONE', #9515, #5683, #6192, .T. ) ;
#7189 = CARTESIAN_POINT ( 'NONE',  ( 0.7646965844493845976, 0.03868066585732940488, -0.7000000000000001776 ) ) ;
#7190 = ORIENTED_EDGE ( 'NONE', *, *, #2143, .T. ) ;
#7191 = UNCERTAINTY_MEASURE_WITH_UNIT (LENGTH_MEASURE( 1.000000000000000082E-05 ), #9846, 'distance_accuracy_value', 'NONE');
#7192 = DIRECTION ( 'NONE',  ( 0.000000000000000000, -1.000000000000000000, 0.000000000000000000 ) ) ;
#7193 = CIRCLE ( 'NONE', #1547, 0.05500000000000003497 ) ;
#7194 = MECHANICAL_DESIGN_GEOMETRIC_PRESENTATION_REPRESENTATION (  '', ( #612 ), #2314 ) ;
#7195 = CARTESIAN_POINT ( 'NONE',  ( 0.7213719512195120309, 0.03109756097560961718, -0.6999999999999999556 ) ) ;
#7196 = CARTESIAN_POINT ( 'NONE',  ( 0.7621733954194025440, 0.05410302369630527741, -0.6989999999999998437 ) ) ;
#7197 = FILL_AREA_STYLE_COLOUR ( '', #1588 ) ;
#7198 = ORIENTED_EDGE ( 'NONE', *, *, #6224, .F. ) ;
#7199 = EDGE_CURVE ( 'NONE', #5077, #11629, #6186, .T. ) ;
#7200 = CARTESIAN_POINT ( 'NONE',  ( 0.7624920339306752171, -0.03908192238418306541, -0.6990000000000000657 ) ) ;
#7201 = FACE_OUTER_BOUND ( 'NONE', #490, .T. ) ;
#7202 = CARTESIAN_POINT ( 'NONE',  ( 0.7699999999999996847, -0.3699999999999998845, -0.6999999999999999556 ) ) ;
#7203 = CARTESIAN_POINT ( 'NONE',  ( 0.7699999999999997957, 0.02134146341463407162, -0.6999999999999999556 ) ) ;
#7204 = ORIENTED_EDGE ( 'NONE', *, *, #9648, .T. ) ;
#7205 = EDGE_LOOP ( 'NONE', ( #5764, #6832, #7830, #6682 ) ) ;
#7206 = FACE_OUTER_BOUND ( 'NONE', #9564, .T. ) ;
#7207 = FILL_AREA_STYLE_COLOUR ( '', #8239 ) ;
#7208 =( NAMED_UNIT ( * ) SI_UNIT ( $, .STERADIAN. ) SOLID_ANGLE_UNIT ( ) );
#7209 = CARTESIAN_POINT ( 'NONE',  ( 0.7681891798986252295, 0.03251187419298101622, -0.7000000000000000666 ) ) ;
#7210 =( GEOMETRIC_REPRESENTATION_CONTEXT ( 3 ) GLOBAL_UNCERTAINTY_ASSIGNED_CONTEXT ( ( #3389 ) ) GLOBAL_UNIT_ASSIGNED_CONTEXT ( ( #4983, #5154, #4035 ) ) REPRESENTATION_CONTEXT ( 'NONE', 'WORKASPACE' ) );
#7211 = ORIENTED_EDGE ( 'NONE', *, *, #11262, .T. ) ;
#7212 = EDGE_CURVE ( 'NONE', #9387, #9769, #11630, .T. ) ;
#7213 = VECTOR ( 'NONE', #3564, 1000.000000000000000 ) ;
#7214 = FILL_AREA_STYLE ('',( #4516 ) ) ;
#7215 = SURFACE_STYLE_USAGE ( .BOTH. , #11596 ) ;
#7216 = CYLINDRICAL_SURFACE ( 'NONE', #9707, 0.05500000000000003497 ) ;
#7217 = CARTESIAN_POINT ( 'NONE',  ( -0.8000000000000003775, -0.3999999999999999112, -2.154400374531753037 ) ) ;
#7218 = UNCERTAINTY_MEASURE_WITH_UNIT (LENGTH_MEASURE( 1.000000000000000082E-05 ), #9660, 'distance_accuracy_value', 'NONE');
#7219 = ORIENTED_EDGE ( 'NONE', *, *, #565, .F. ) ;
#7220 = STYLED_ITEM ( 'NONE', ( #1579 ), #1058 ) ;
#7221 = AXIS2_PLACEMENT_3D ( 'NONE', #2795, #5465, #7269 ) ;
#7222 = ORIENTED_EDGE ( 'NONE', *, *, #10082, .T. ) ;
#7223 = DIRECTION ( 'NONE',  ( 0.000000000000000000, -2.216840928656986572E-15, -1.000000000000000000 ) ) ;
#7224 = UNCERTAINTY_MEASURE_WITH_UNIT (LENGTH_MEASURE( 1.000000000000000082E-05 ), #1484, 'distance_accuracy_value', 'NONE');
#7225 = FILL_AREA_STYLE ('',( #4643 ) ) ;
#7226 = AXIS2_PLACEMENT_3D ( 'NONE', #11406, #2439, #731 ) ;
#7227 = FACE_OUTER_BOUND ( 'NONE', #11123, .T. ) ;
#7228 = LINE ( 'NONE', #4646, #11606 ) ;
#7229 = FILL_AREA_STYLE_COLOUR ( '', #274 ) ;
#7230 = CARTESIAN_POINT ( 'NONE',  ( 0.7273218492877338015, -0.03892747557430973476, -0.6999999999999999556 ) ) ;
#7231 = PRESENTATION_STYLE_ASSIGNMENT (( #41 ) ) ;
#7232 = ORIENTED_EDGE ( 'NONE', *, *, #8743, .T. ) ;
#7233 = DIRECTION ( 'NONE',  ( 1.000000000000000000, 0.000000000000000000, 0.000000000000000000 ) ) ;
#7234 = ORIENTED_EDGE ( 'NONE', *, *, #11083, .F. ) ;
#7235 = VECTOR ( 'NONE', #4302, 1000.000000000000000 ) ;
#7236 = DIRECTION ( 'NONE',  ( 0.000000000000000000, 0.000000000000000000, 1.000000000000000000 ) ) ;
#7237 = PRESENTATION_LAYER_ASSIGNMENT (  '', '', ( #7050 ) ) ;
#7238 = PRESENTATION_LAYER_ASSIGNMENT (  '', '', ( #4798 ) ) ;
#7239 = EDGE_CURVE ( 'NONE', #4618, #4192, #10915, .T. ) ;
#7240 =( NAMED_UNIT ( * ) SI_UNIT ( $, .STERADIAN. ) SOLID_ANGLE_UNIT ( ) );
#7241 = ORIENTED_EDGE ( 'NONE', *, *, #5763, .F. ) ;
#7242 =( LENGTH_UNIT ( ) NAMED_UNIT ( * ) SI_UNIT ( .MILLI., .METRE. ) );
#7243 = PRESENTATION_LAYER_ASSIGNMENT (  '', '', ( #3849 ) ) ;
#7244 = DIRECTION ( 'NONE',  ( -1.000000000000000000, -7.228014483236716277E-16, 0.000000000000000000 ) ) ;
#7245 = DIRECTION ( 'NONE',  ( 0.000000000000000000, 1.000000000000000000, 0.000000000000000000 ) ) ;
#7246 = FILL_AREA_STYLE_COLOUR ( '', #2405 ) ;
#7247 = STYLED_ITEM ( 'NONE', ( #9732 ), #9809 ) ;
#7248 = CARTESIAN_POINT ( 'NONE',  ( 0.7619207317073168895, 0.03109756097560961718, -0.6989999999999999547 ) ) ;
#7249 =( LENGTH_UNIT ( ) NAMED_UNIT ( * ) SI_UNIT ( .MILLI., .METRE. ) );
#7250 = EDGE_LOOP ( 'NONE', ( #4823, #6397, #3527, #6756 ) ) ;
#7251 = FACE_OUTER_BOUND ( 'NONE', #6630, .T. ) ;
#7252 =( GEOMETRIC_REPRESENTATION_CONTEXT ( 3 ) GLOBAL_UNCERTAINTY_ASSIGNED_CONTEXT ( ( #3542 ) ) GLOBAL_UNIT_ASSIGNED_CONTEXT ( ( #1864, #7987, #6976 ) ) REPRESENTATION_CONTEXT ( 'NONE', 'WORKASPACE' ) );
#7253 = PRESENTATION_LAYER_ASSIGNMENT (  '', '', ( #1808 ) ) ;
#7254 = UNCERTAINTY_MEASURE_WITH_UNIT (LENGTH_MEASURE( 1.000000000000000082E-05 ), #9030, 'distance_accuracy_value', 'NONE');
#7255 = STYLED_ITEM ( 'NONE', ( #7999 ), #10139 ) ;
#7256 = SURFACE_STYLE_USAGE ( .BOTH. , #2021 ) ;
#7258 = ORIENTED_EDGE ( 'NONE', *, *, #3841, .T. ) ;
#7257 = CARTESIAN_POINT ( 'NONE',  ( 0.8019999999999994911, -0.1800000000000000211, -0.3999999999999999112 ) ) ;
#7259 = CARTESIAN_POINT ( 'NONE',  ( 0.7445141006097559799, -0.04878048780487816150, -0.6989999999999999547 ) ) ;
#7260 = CARTESIAN_POINT ( 'NONE',  ( -0.1199999999999999956, 0.3299999999999999600, -0.3999999999999999667 ) ) ;
#7261 = EDGE_CURVE ( 'NONE', #4075, #2091, #4872, .T. ) ;
#7262 = VECTOR ( 'NONE', #2680, 1000.000000000000000 ) ;
#7263 = FILL_AREA_STYLE_COLOUR ( '', #11352 ) ;
#7264 = ORIENTED_EDGE ( 'NONE', *, *, #4300, .F. ) ;
#7265 = FILL_AREA_STYLE_COLOUR ( '', #2660 ) ;
#7266 = UNCERTAINTY_MEASURE_WITH_UNIT (LENGTH_MEASURE( 1.000000000000000082E-05 ), #4890, 'distance_accuracy_value', 'NONE');
#7267 = CARTESIAN_POINT ( 'NONE',  ( 0.7645121951219511214, -0.005487804878048864292, -0.6999999999999999556 ) ) ;
#7268 = CARTESIAN_POINT ( 'NONE',  ( 0.000000000000000000, -0.3300000000000002931, -0.1999999999999999001 ) ) ;
#7269 = DIRECTION ( 'NONE',  ( -1.000000000000000000, 0.000000000000000000, 0.000000000000000000 ) ) ;
#7270 = PRESENTATION_LAYER_ASSIGNMENT (  '', '', ( #7446 ) ) ;
#7271 = EDGE_LOOP ( 'NONE', ( #1753, #1870, #10495, #9862 ) ) ;
#7272 = SURFACE_STYLE_FILL_AREA ( #7214 ) ;
#7273 = FACE_OUTER_BOUND ( 'NONE', #5636, .T. ) ;
#7274 = EDGE_CURVE ( 'NONE', #10545, #9154, #2557, .T. ) ;
#7275 = CYLINDRICAL_SURFACE ( 'NONE', #7433, 0.05499999999999997946 ) ;
#7276 = PRESENTATION_LAYER_ASSIGNMENT (  '', '', ( #3511 ) ) ;
#7277 = CARTESIAN_POINT ( 'NONE',  ( -0.1199999999999999956, 0.1799999999999997435, -0.6049999999999999822 ) ) ;
#7278 = MECHANICAL_DESIGN_GEOMETRIC_PRESENTATION_REPRESENTATION (  '', ( #696 ), #11620 ) ;
#7279 = EDGE_CURVE ( 'NONE', #11192, #5647, #10700, .T. ) ;
#7280 = ORIENTED_EDGE ( 'NONE', *, *, #3299, .T. ) ;
#7281 =( NAMED_UNIT ( * ) SI_UNIT ( $, .STERADIAN. ) SOLID_ANGLE_UNIT ( ) );
#7282 = PRESENTATION_LAYER_ASSIGNMENT (  '', '', ( #2395 ) ) ;
#7283 = DIRECTION ( 'NONE',  ( 0.000000000000000000, -2.464095846557964300E-15, -1.000000000000000000 ) ) ;
#7284 = TOROIDAL_SURFACE ( 'NONE', #6342, 0.1500000000000000500, 0.05500000000000000028 ) ;
#7285 = CARTESIAN_POINT ( 'NONE',  ( -0.3599999999999999867, -0.1800000000000001321, -0.04999999999999975298 ) ) ;
#7286 = DIRECTION ( 'NONE',  ( -1.000000000000000000, 0.000000000000000000, -0.000000000000000000 ) ) ;
#7287 =( LENGTH_UNIT ( ) NAMED_UNIT ( * ) SI_UNIT ( .MILLI., .METRE. ) );
#7288 = CARTESIAN_POINT ( 'NONE',  ( 0.7291203291871539705, -0.04204990802678269107, -0.6999999999999998446 ) ) ;
#7289 = ORIENTED_EDGE ( 'NONE', *, *, #8924, .F. ) ;
#7290 = ORIENTED_EDGE ( 'NONE', *, *, #1816, .F. ) ;
#7291 = STYLED_ITEM ( 'NONE', ( #3111 ), #3432 ) ;
#7292 = CARTESIAN_POINT ( 'NONE',  ( 0.7260975609756096238, -0.08134527439024404061, -0.6999999999999999556 ) ) ;
#7293 =( LENGTH_UNIT ( ) NAMED_UNIT ( * ) SI_UNIT ( .MILLI., .METRE. ) );
#7295 = ORIENTED_EDGE ( 'NONE', *, *, #11034, .F. ) ;
#7294 = CARTESIAN_POINT ( 'NONE',  ( -0.1199999999999999956, -0.3300000000000002376, -0.3999999999999999667 ) ) ;
#7296 = AXIS2_PLACEMENT_3D ( 'NONE', #7294, #8272, #11032 ) ;
#7297 = DIRECTION ( 'NONE',  ( 0.000000000000000000, -1.000000000000000000, 0.000000000000000000 ) ) ;
#7298 = CYLINDRICAL_SURFACE ( 'NONE', #3200, 0.09999999999999999167 ) ;
#7299 = LINE ( 'NONE', #6463, #8333 ) ;
#7300 = DIRECTION ( 'NONE',  ( 0.000000000000000000, 0.000000000000000000, 1.000000000000000000 ) ) ;
#7301 =( NAMED_UNIT ( * ) PLANE_ANGLE_UNIT ( ) SI_UNIT ( $, .RADIAN. ) );
#7302 = ORIENTED_EDGE ( 'NONE', *, *, #2793, .F. ) ;
#7303 = EDGE_CURVE ( 'NONE', #2927, #10003, #4378, .T. ) ;
#7304 = UNCERTAINTY_MEASURE_WITH_UNIT (LENGTH_MEASURE( 1.000000000000000082E-05 ), #2665, 'distance_accuracy_value', 'NONE');
#7305 = AXIS2_PLACEMENT_3D ( 'NONE', #9051, #2860, #3855 ) ;
#7306 = FILL_AREA_STYLE ('',( #9144 ) ) ;
#7307 = FILL_AREA_STYLE ('',( #242 ) ) ;
#7308 = SURFACE_SIDE_STYLE ('',( #3718 ) ) ;
#7310 = ORIENTED_EDGE ( 'NONE', *, *, #6869, .T. ) ;
#7309 = DIRECTION ( 'NONE',  ( 1.000000000000000000, 0.000000000000000000, 0.000000000000000000 ) ) ;
#7311 = FILL_AREA_STYLE ('',( #2837 ) ) ;
#7312 = STYLED_ITEM ( 'NONE', ( #11342 ), #7168 ) ;
#7313 = DIRECTION ( 'NONE',  ( -5.421010862427515268E-16, -1.000000000000000000, 0.000000000000000000 ) ) ;
#7314 = ORIENTED_EDGE ( 'NONE', *, *, #918, .T. ) ;
#7315 = FACE_OUTER_BOUND ( 'NONE', #5232, .T. ) ;
#7316 = MECHANICAL_DESIGN_GEOMETRIC_PRESENTATION_REPRESENTATION (  '', ( #4518 ), #6197 ) ;
#7317 = FILL_AREA_STYLE ('',( #9941 ) ) ;
#7318 = ADVANCED_FACE ( 'NONE', ( #6019 ), #8892, .F. ) ;
#7319 = SURFACE_STYLE_USAGE ( .BOTH. , #6433 ) ;
#7320 = SURFACE_STYLE_FILL_AREA ( #6490 ) ;
#7321 = ORIENTED_EDGE ( 'NONE', *, *, #11452, .F. ) ;
#7322 = CARTESIAN_POINT ( 'NONE',  ( 0.7343645407196387476, -0.05366089382378730344, -0.6989999999999998437 ) ) ;
#7323 = DIRECTION ( 'NONE',  ( 0.000000000000000000, 0.000000000000000000, 1.000000000000000000 ) ) ;
#7324 = SURFACE_STYLE_USAGE ( .BOTH. , #3015 ) ;
#7325 = FILL_AREA_STYLE_COLOUR ( '', #670 ) ;
#7326 = EDGE_CURVE ( 'NONE', #9435, #2129, #8414, .T. ) ;
#7327 = UNCERTAINTY_MEASURE_WITH_UNIT (LENGTH_MEASURE( 1.000000000000000082E-05 ), #10251, 'distance_accuracy_value', 'NONE');
#7328 = ORIENTED_EDGE ( 'NONE', *, *, #797, .F. ) ;
#7329 = CARTESIAN_POINT ( 'NONE',  ( -0.1429128784747786818, -0.2800000000000000266, -0.3999999999999999112 ) ) ;
#7330 = CARTESIAN_POINT ( 'NONE',  ( 0.7402823818515917864, 0.06789068540202543300, -0.6999999999999998446 ) ) ;
#7331 = EDGE_CURVE ( 'NONE', #10346, #9688, #11573, .T. ) ;
#7332 = CIRCLE ( 'NONE', #2264, 0.05499999999999997946 ) ;
#7333 = SURFACE_STYLE_USAGE ( .BOTH. , #10015 ) ;
#7334 = CARTESIAN_POINT ( 'NONE',  ( 0.7252016757353521026, 0.04675398755289486563, -0.6989999999999999547 ) ) ;
#7335 = SURFACE_SIDE_STYLE ('',( #7383 ) ) ;
#7336 = EDGE_CURVE ( 'NONE', #5286, #8336, #10876, .T. ) ;
#7337 = SURFACE_STYLE_USAGE ( .BOTH. , #9282 ) ;
#7338 = CARTESIAN_POINT ( 'NONE',  ( 0.7255024536640922728, -0.03003742171845526221, -0.6989999999999999547 ) ) ;
#7339 = AXIS2_PLACEMENT_3D ( 'NONE', #9261, #2898, #5679 ) ;
#7340 = EDGE_LOOP ( 'NONE', ( #6182, #7467, #1014, #1522, #7562, #4768 ) ) ;
#7341 = CARTESIAN_POINT ( 'NONE',  ( 0.7536623412683363110, 0.06744094723216220721, -0.7000000000000001776 ) ) ;
#7342 = ORIENTED_EDGE ( 'NONE', *, *, #7326, .T. ) ;
#7343 = DIRECTION ( 'NONE',  ( 0.000000000000000000, 1.000000000000000000, 0.000000000000000000 ) ) ;
#7344 = VECTOR ( 'NONE', #10989, 1000.000000000000000 ) ;
#7345 = FILL_AREA_STYLE_COLOUR ( '', #10957 ) ;
#7346 = SURFACE_SIDE_STYLE ('',( #1019 ) ) ;
#7347 = AXIS2_PLACEMENT_3D ( 'NONE', #3148, #5877, #3037 ) ;
#7348 = SURFACE_STYLE_USAGE ( .BOTH. , #4602 ) ;
#7349 = PRESENTATION_STYLE_ASSIGNMENT (( #5715 ) ) ;
#7350 = CARTESIAN_POINT ( 'NONE',  ( 0.7648205185720077237, 0.04767545418744438546, -0.7000000000000001776 ) ) ;
#7351 = CIRCLE ( 'NONE', #7174, 0.05500000000000000722 ) ;
#7352 = FACE_OUTER_BOUND ( 'NONE', #2545, .T. ) ;
#7353 = PRESENTATION_STYLE_ASSIGNMENT (( #10142 ) ) ;
#7354 = VERTEX_POINT ( 'NONE', #2017 ) ;
#7355 =( NAMED_UNIT ( * ) SI_UNIT ( $, .STERADIAN. ) SOLID_ANGLE_UNIT ( ) );
#7356 = CARTESIAN_POINT ( 'NONE',  ( 0.7213719512195120309, 0.03109756097560961718, -0.6999999999999999556 ) ) ;
#7357 = PRESENTATION_STYLE_ASSIGNMENT (( #7256 ) ) ;
#7358 = STYLED_ITEM ( 'NONE', ( #8747 ), #513 ) ;
#7359 = CARTESIAN_POINT ( 'NONE',  ( 0.7602052037581163990, 0.06473758541620304452, -0.6989999999999997327 ) ) ;
#7360 = DIRECTION ( 'NONE',  ( 0.000000000000000000, -2.710505431213761085E-16, 1.000000000000000000 ) ) ;
#7361 = DIRECTION ( 'NONE',  ( 0.000000000000000000, 0.000000000000000000, 1.000000000000000000 ) ) ;
#7362 = CARTESIAN_POINT ( 'NONE',  ( 0.7452832285693393732, -0.04876323329596568557, -0.7000000000000000666 ) ) ;
#7363 = ORIENTED_EDGE ( 'NONE', *, *, #5809, .F. ) ;
#7364 = CARTESIAN_POINT ( 'NONE',  ( 0.7270282100781700896, 0.05201472030125456336, -0.6999999999999998446 ) ) ;
#7365 = STYLED_ITEM ( 'NONE', ( #8478 ), #1363 ) ;
#7366 = SURFACE_STYLE_USAGE ( .BOTH. , #1323 ) ;
#7367 = DIRECTION ( 'NONE',  ( 0.000000000000000000, -2.216840928656986572E-15, -1.000000000000000000 ) ) ;
#7368 = CARTESIAN_POINT ( 'NONE',  ( 0.7498679273569035519, -0.05506511096647068865, -0.6990000000000001767 ) ) ;
#7369 = DIRECTION ( 'NONE',  ( 0.000000000000000000, 1.000000000000000000, -2.578241652818821251E-15 ) ) ;
#7370 = ADVANCED_FACE ( 'NONE', ( #4664 ), #238, .T. ) ;
#7371 = EDGE_LOOP ( 'NONE', ( #6035, #5831, #8515, #3990 ) ) ;
#7372 = SURFACE_STYLE_USAGE ( .BOTH. , #9886 ) ;
#7373 =( NAMED_UNIT ( * ) PLANE_ANGLE_UNIT ( ) SI_UNIT ( $, .RADIAN. ) );
#7374 =( LENGTH_UNIT ( ) NAMED_UNIT ( * ) SI_UNIT ( .MILLI., .METRE. ) );
#7375 = PRESENTATION_STYLE_ASSIGNMENT (( #4751 ) ) ;
#7376 = EDGE_CURVE ( 'NONE', #2659, #7754, #10983, .T. ) ;
#7377 = ORIENTED_EDGE ( 'NONE', *, *, #687, .T. ) ;
#7378 = DIRECTION ( 'NONE',  ( 0.000000000000000000, 1.000000000000000000, -1.971276677246372308E-15 ) ) ;
#7379 = AXIS2_PLACEMENT_3D ( 'NONE', #10843, #9949, #10059 ) ;
#7380 = FILL_AREA_STYLE_COLOUR ( '', #4527 ) ;
#7381 = SURFACE_STYLE_FILL_AREA ( #946 ) ;
#7382 = DIRECTION ( 'NONE',  ( -1.000000000000000000, 5.421010862427522170E-16, 0.000000000000000000 ) ) ;
#7383 = SURFACE_STYLE_FILL_AREA ( #9280 ) ;
#7384 = DIRECTION ( 'NONE',  ( 1.000000000000000000, 0.000000000000000000, -0.000000000000000000 ) ) ;
#7385 = ADVANCED_FACE ( 'NONE', ( #3714 ), #10928, .F. ) ;
#7386 = PLANE ( 'NONE',  #2549 ) ;
#7387 = SURFACE_STYLE_USAGE ( .BOTH. , #103 ) ;
#7388 = AXIS2_PLACEMENT_3D ( 'NONE', #4154, #7734, #3303 ) ;
#7389 = EDGE_CURVE ( 'NONE', #3258, #2960, #7500, .T. ) ;
#7390 = ORIENTED_EDGE ( 'NONE', *, *, #24, .T. ) ;
#7391 = CARTESIAN_POINT ( 'NONE',  ( 0.7706097560975608829, 0.04485518292682912772, -0.6999999999999999556 ) ) ;
#7392 = EDGE_LOOP ( 'NONE', ( #2938, #5983, #3142, #10282, #7829, #8517 ) ) ;
#7393 = FILL_AREA_STYLE ('',( #9912 ) ) ;
#7394 = AXIS2_PLACEMENT_3D ( 'NONE', #1731, #10523, #11521 ) ;
#7395 = CARTESIAN_POINT ( 'NONE',  ( 0.7645121951219511214, 0.01463414634146333569, -0.6989999999999999547 ) ) ;
#7396 = LINE ( 'NONE', #6516, #2214 ) ;
#7397 = AXIS2_PLACEMENT_3D ( 'NONE', #3009, #3844, #6606 ) ;
#7398 = PRESENTATION_STYLE_ASSIGNMENT (( #2064 ) ) ;
#7399 = FILL_AREA_STYLE ('',( #3814 ) ) ;
#7400 = CARTESIAN_POINT ( 'NONE',  ( -0.3599999999999999867, 0.1799999999999998823, -0.5499999999999999334 ) ) ;
#7401 = CARTESIAN_POINT ( 'NONE',  ( 0.7699999999999997957, -0.05914634146341476995, -0.6989999999999999547 ) ) ;
#7402 = CARTESIAN_POINT ( 'NONE',  ( 0.7650728970373957827, 0.04583433388316385249, -0.6999999999999998446 ) ) ;
#7403 =( NAMED_UNIT ( * ) PLANE_ANGLE_UNIT ( ) SI_UNIT ( $, .RADIAN. ) );
#7404 = VECTOR ( 'NONE', #3030, 1000.000000000000000 ) ;
#7405 =( LENGTH_UNIT ( ) NAMED_UNIT ( * ) SI_UNIT ( .MILLI., .METRE. ) );
#7406 = ORIENTED_EDGE ( 'NONE', *, *, #11158, .F. ) ;
#7407 = VERTEX_POINT ( 'NONE', #59 ) ;
#7408 = VECTOR ( 'NONE', #1681, 1000.000000000000000 ) ;
#7409 = UNCERTAINTY_MEASURE_WITH_UNIT (LENGTH_MEASURE( 1.000000000000000082E-05 ), #6400, 'distance_accuracy_value', 'NONE');
#7410 = AXIS2_PLACEMENT_3D ( 'NONE', #2197, #2998, #9370 ) ;
#7411 = ADVANCED_FACE ( 'NONE', ( #3661 ), #9585, .T. ) ;
#7412 = CARTESIAN_POINT ( 'NONE',  ( 0.7196487520266511284, 0.03789534589230535155, -0.6990000000000001767 ) ) ;
#7413 = COLOUR_RGB ( '',0.000000000000000000, 0.000000000000000000, 0.000000000000000000 ) ;
#7414 = VECTOR ( 'NONE', #3196, 1000.000000000000000 ) ;
#7415 = PRESENTATION_STYLE_ASSIGNMENT (( #6362 ) ) ;
#7416 = DIRECTION ( 'NONE',  ( 0.000000000000000000, -1.000000000000000000, 0.000000000000000000 ) ) ;
#7417 = FACE_OUTER_BOUND ( 'NONE', #3541, .T. ) ;
#7418 = CARTESIAN_POINT ( 'NONE',  ( 0.1199999999999999956, -0.1800000000000001321, -0.04999999999999975298 ) ) ;
#7419 = CARTESIAN_POINT ( 'NONE',  ( 0.5000000000000004441, -0.3700000000000001066, -0.6999999999999999556 ) ) ;
#7420 =( LENGTH_UNIT ( ) NAMED_UNIT ( * ) SI_UNIT ( .MILLI., .METRE. ) );
#7421 = SURFACE_SIDE_STYLE ('',( #1136 ) ) ;
#7422 = ORIENTED_EDGE ( 'NONE', *, *, #10226, .F. ) ;
#7423 =( LENGTH_UNIT ( ) NAMED_UNIT ( * ) SI_UNIT ( .MILLI., .METRE. ) );
#7424 = UNCERTAINTY_MEASURE_WITH_UNIT (LENGTH_MEASURE( 1.000000000000000082E-05 ), #551, 'distance_accuracy_value', 'NONE');
#7425 = AXIS2_PLACEMENT_3D ( 'NONE', #6309, #2936, #9980 ) ;
#7426 = SURFACE_STYLE_USAGE ( .BOTH. , #8200 ) ;
#7427 = CIRCLE ( 'NONE', #675, 0.09999999999999999167 ) ;
#7428 = DIRECTION ( 'NONE',  ( -1.000000000000000000, -0.000000000000000000, -0.000000000000000000 ) ) ;
#7429 = CARTESIAN_POINT ( 'NONE',  ( 0.7193944111242190909, 0.04228260513954050503, -0.6989999999999998437 ) ) ;
#7430 = SURFACE_SIDE_STYLE ('',( #10224 ) ) ;
#7431 = LINE ( 'NONE', #2953, #4042 ) ;
#7432 = ORIENTED_EDGE ( 'NONE', *, *, #797, .T. ) ;
#7433 = AXIS2_PLACEMENT_3D ( 'NONE', #6496, #2800, #2855 ) ;
#7434 = LINE ( 'NONE', #8418, #4361 ) ;
#7435 = SURFACE_SIDE_STYLE ('',( #1863 ) ) ;
#7436 = FACE_OUTER_BOUND ( 'NONE', #614, .T. ) ;
#7437 = SURFACE_STYLE_USAGE ( .BOTH. , #9158 ) ;
#7438 = UNCERTAINTY_MEASURE_WITH_UNIT (LENGTH_MEASURE( 1.000000000000000082E-05 ), #10086, 'distance_accuracy_value', 'NONE');
#7439 = ADVANCED_FACE ( 'NONE', ( #7251 ), #1307, .F. ) ;
#7440 = VERTEX_POINT ( 'NONE', #4135 ) ;
#7441 = DIRECTION ( 'NONE',  ( 1.000000000000000000, 0.000000000000000000, 0.000000000000000000 ) ) ;
#7442 = CARTESIAN_POINT ( 'NONE',  ( 0.2170871215252209718, -0.1800000000000001876, -0.1999999999999998723 ) ) ;
#7443 = PRESENTATION_LAYER_ASSIGNMENT (  '', '', ( #8564 ) ) ;
#7444 = CARTESIAN_POINT ( 'NONE',  ( 0.7193902439024388862, 0.04286394817073157365, -0.6999999999999999556 ) ) ;
#7445 =( NAMED_UNIT ( * ) SI_UNIT ( $, .STERADIAN. ) SOLID_ANGLE_UNIT ( ) );
#7446 = STYLED_ITEM ( 'NONE', ( #3339 ), #3004 ) ;
#7447 = SURFACE_STYLE_USAGE ( .BOTH. , #909 ) ;
#7448 = LINE ( 'NONE', #3031, #4462 ) ;
#7449 = ORIENTED_EDGE ( 'NONE', *, *, #8251, .F. ) ;
#7450 = DIRECTION ( 'NONE',  ( 0.000000000000000000, -1.000000000000000000, 0.000000000000000000 ) ) ;
#7451 = ORIENTED_EDGE ( 'NONE', *, *, #3659, .F. ) ;
#7452 = CIRCLE ( 'NONE', #8769, 0.05499999999999997946 ) ;
#7453 =( NAMED_UNIT ( * ) SI_UNIT ( $, .STERADIAN. ) SOLID_ANGLE_UNIT ( ) );
#7454 =( GEOMETRIC_REPRESENTATION_CONTEXT ( 3 ) GLOBAL_UNCERTAINTY_ASSIGNED_CONTEXT ( ( #1082 ) ) GLOBAL_UNIT_ASSIGNED_CONTEXT ( ( #7293, #3590, #7180 ) ) REPRESENTATION_CONTEXT ( 'NONE', 'WORKASPACE' ) );
#7455 = DIRECTION ( 'NONE',  ( 0.000000000000000000, 1.000000000000000000, -2.578241652818821251E-15 ) ) ;
#7456 = ADVANCED_FACE ( 'NONE', ( #7659 ), #4193, .T. ) ;
#7457 = FILL_AREA_STYLE ('',( #7581 ) ) ;
#7458 =( LENGTH_UNIT ( ) NAMED_UNIT ( * ) SI_UNIT ( .MILLI., .METRE. ) );
#7459 = DIRECTION ( 'NONE',  ( -0.000000000000000000, -0.000000000000000000, 1.000000000000000000 ) ) ;
#7460 = FILL_AREA_STYLE_COLOUR ( '', #4570 ) ;
#7461 =( GEOMETRIC_REPRESENTATION_CONTEXT ( 3 ) GLOBAL_UNCERTAINTY_ASSIGNED_CONTEXT ( ( #11093 ) ) GLOBAL_UNIT_ASSIGNED_CONTEXT ( ( #9024, #8135, #10879 ) ) REPRESENTATION_CONTEXT ( 'NONE', 'WORKASPACE' ) );
#7462 = CARTESIAN_POINT ( 'NONE',  ( 0.7644130480646664783, 0.04942627770300071777, -0.6989999999999996216 ) ) ;
#7463 =( NAMED_UNIT ( * ) SI_UNIT ( $, .STERADIAN. ) SOLID_ANGLE_UNIT ( ) );
#7464 = FACE_OUTER_BOUND ( 'NONE', #58, .T. ) ;
#7465 =( GEOMETRIC_REPRESENTATION_CONTEXT ( 3 ) GLOBAL_UNCERTAINTY_ASSIGNED_CONTEXT ( ( #6580 ) ) GLOBAL_UNIT_ASSIGNED_CONTEXT ( ( #1514, #2461, #1186 ) ) REPRESENTATION_CONTEXT ( 'NONE', 'WORKASPACE' ) );
#7466 = VERTEX_POINT ( 'NONE', #4898 ) ;
#7467 = ORIENTED_EDGE ( 'NONE', *, *, #5255, .T. ) ;
#7468 = DIRECTION ( 'NONE',  ( -1.355252715606880543E-16, 1.000000000000000000, 0.000000000000000000 ) ) ;
#7469 = EDGE_CURVE ( 'NONE', #5683, #5173, #3277, .T. ) ;
#7470 = CARTESIAN_POINT ( 'NONE',  ( 0.7638318068050117260, 0.05107842865561856849, -0.6989999999999999547 ) ) ;
#7471 = CARTESIAN_POINT ( 'NONE',  ( 0.7638678876234555881, 0.06194335204848247511, -0.6989999999999998437 ) ) ;
#7472 = AXIS2_PLACEMENT_3D ( 'NONE', #3919, #11018, #2222 ) ;
#7473 = CARTESIAN_POINT ( 'NONE',  ( 0.1199999999999999956, 0.1799999999999998823, -0.6049999999999999822 ) ) ;
#7474 = ORIENTED_EDGE ( 'NONE', *, *, #7020, .T. ) ;
#7475 = SURFACE_STYLE_USAGE ( .BOTH. , #1135 ) ;
#7476 = EDGE_CURVE ( 'NONE', #3979, #5001, #5313, .T. ) ;
#7477 = ORIENTED_EDGE ( 'NONE', *, *, #334, .T. ) ;
#7478 = AXIS2_PLACEMENT_3D ( 'NONE', #10903, #9109, #6444 ) ;
#7479 = VECTOR ( 'NONE', #678, 1000.000000000000000 ) ;
#7480 = CARTESIAN_POINT ( 'NONE',  ( 0.7273075889406347416, 0.03242558045063144434, -0.6989999999999999547 ) ) ;
#7481 = CARTESIAN_POINT ( 'NONE',  ( -0.09708712152515315552, 0.1800000000000000766, -0.4999999999999998890 ) ) ;
#7482 = CARTESIAN_POINT ( 'NONE',  ( 0.7548402523849156998, -0.05366337093947540909, -0.6999999999999999556 ) ) ;
#7483 = VECTOR ( 'NONE', #2492, 1000.000000000000000 ) ;
#7484 = COLOUR_RGB ( '',0.7529411764705882248, 0.7529411764705882248, 0.7529411764705882248 ) ;
#7485 = EDGE_LOOP ( 'NONE', ( #10850, #2271, #10762, #7861 ) ) ;
#7486 = MECHANICAL_DESIGN_GEOMETRIC_PRESENTATION_REPRESENTATION (  '', ( #6548 ), #8417 ) ;
#7487 = CARTESIAN_POINT ( 'NONE',  ( -0.8000000000000003775, -0.3999999999999999112, -0.5999999999999999778 ) ) ;
#7488 = PLANE ( 'NONE',  #93 ) ;
#7489 = LINE ( 'NONE', #3071, #5158 ) ;
#7490 =( LENGTH_UNIT ( ) NAMED_UNIT ( * ) SI_UNIT ( .MILLI., .METRE. ) );
#7491 = CYLINDRICAL_SURFACE ( 'NONE', #8737, 0.02999999999999997113 ) ;
#7492 = PRESENTATION_LAYER_ASSIGNMENT (  '', '', ( #748 ) ) ;
#7493 = COLOUR_RGB ( '',0.000000000000000000, 0.000000000000000000, 0.000000000000000000 ) ;
#7494 = EDGE_LOOP ( 'NONE', ( #7686, #690, #4208, #10881 ) ) ;
#7495 = AXIS2_PLACEMENT_3D ( 'NONE', #7847, #9744, #5144 ) ;
#7496 = CARTESIAN_POINT ( 'NONE',  ( -0.09708712152522092076, 0.1799999999999999101, -0.3999999999999999112 ) ) ;
#7497 =( LENGTH_UNIT ( ) NAMED_UNIT ( * ) SI_UNIT ( .MILLI., .METRE. ) );
#7498 = ORIENTED_EDGE ( 'NONE', *, *, #6718, .F. ) ;
#7499 = LINE ( 'NONE', #3297, #4503 ) ;
#7500 = CIRCLE ( 'NONE', #11294, 0.05499999999999997946 ) ;
#7501 = EDGE_CURVE ( 'NONE', #9793, #3763, #10622, .T. ) ;
#7502 = FILL_AREA_STYLE ('',( #10181 ) ) ;
#7503 = CARTESIAN_POINT ( 'NONE',  ( 0.7459432164634144380, 0.06829268292682913466, -0.6999999999999999556 ) ) ;
#7504 =( NAMED_UNIT ( * ) SI_UNIT ( $, .STERADIAN. ) SOLID_ANGLE_UNIT ( ) );
#7505 = DIRECTION ( 'NONE',  ( 0.000000000000000000, -1.000000000000000000, 0.000000000000000000 ) ) ;
#7506 = CARTESIAN_POINT ( 'NONE',  ( 0.7638964485707876451, 0.03546144861576509821, -0.6989999999999998437 ) ) ;
#7507 = VERTEX_POINT ( 'NONE', #1643 ) ;
#7508 =( LENGTH_UNIT ( ) NAMED_UNIT ( * ) SI_UNIT ( .MILLI., .METRE. ) );
#7509 = VERTEX_POINT ( 'NONE', #769 ) ;
#7510 = AXIS2_PLACEMENT_3D ( 'NONE', #6457, #10913, #4541 ) ;
#7511 =( NAMED_UNIT ( * ) PLANE_ANGLE_UNIT ( ) SI_UNIT ( $, .RADIAN. ) );
#7512 = PRESENTATION_LAYER_ASSIGNMENT (  '', '', ( #9801 ) ) ;
#7513 = EDGE_CURVE ( 'NONE', #1472, #7075, #6934, .T. ) ;
#7514 = FILL_AREA_STYLE_COLOUR ( '', #4262 ) ;
#7515 = CIRCLE ( 'NONE', #3956, 0.05499999999999997946 ) ;
#7516 = SURFACE_SIDE_STYLE ('',( #3935 ) ) ;
#7517 =( NAMED_UNIT ( * ) PLANE_ANGLE_UNIT ( ) SI_UNIT ( $, .RADIAN. ) );
#7518 = FACE_OUTER_BOUND ( 'NONE', #2987, .T. ) ;
#7519 = SURFACE_STYLE_USAGE ( .BOTH. , #11267 ) ;
#7520 = SURFACE_STYLE_USAGE ( .BOTH. , #8279 ) ;
#7521 = LINE ( 'NONE', #5946, #4261 ) ;
#7522 = ORIENTED_EDGE ( 'NONE', *, *, #4393, .T. ) ;
#7523 = ORIENTED_EDGE ( 'NONE', *, *, #7666, .F. ) ;
#7524 = UNCERTAINTY_MEASURE_WITH_UNIT (LENGTH_MEASURE( 1.000000000000000082E-05 ), #6808, 'distance_accuracy_value', 'NONE');
#7525 = EDGE_CURVE ( 'NONE', #235, #6048, #2252, .T. ) ;
#7526 = CIRCLE ( 'NONE', #1144, 0.05500000000000000722 ) ;
#7527 = FILL_AREA_STYLE ('',( #11274 ) ) ;
#7528 = CYLINDRICAL_SURFACE ( 'NONE', #8981, 0.05500000000000003497 ) ;
#7529 =( NAMED_UNIT ( * ) SI_UNIT ( $, .STERADIAN. ) SOLID_ANGLE_UNIT ( ) );
#7530 = CARTESIAN_POINT ( 'NONE',  ( 0.7705525547535493347, 0.04742052422395919009, -0.6989999999999999547 ) ) ;
#7531 = ADVANCED_FACE ( 'NONE', ( #4364 ), #10743, .F. ) ;
#7532 = CARTESIAN_POINT ( 'NONE',  ( 0.7474390243902437891, -0.003048780487804958819, -0.6989999999999999547 ) ) ;
#7533 = CARTESIAN_POINT ( 'NONE',  ( 0.7260975609756096238, -0.08118330792682940111, -0.6989999999999999547 ) ) ;
#7534 = MECHANICAL_DESIGN_GEOMETRIC_PRESENTATION_REPRESENTATION (  '', ( #5500 ), #1916 ) ;
#7535 = MECHANICAL_DESIGN_GEOMETRIC_PRESENTATION_REPRESENTATION (  '', ( #6045 ), #8237 ) ;
#7536 = CARTESIAN_POINT ( 'NONE',  ( -0.1199999999999999956, -0.3850000000000002309, -0.3999999999999999112 ) ) ;
#7537 = AXIS2_PLACEMENT_3D ( 'NONE', #6221, #10481, #10731 ) ;
#7538 = CARTESIAN_POINT ( 'NONE',  ( 0.7294041668139296108, -0.08205460169505011947, -0.6999999999999998446 ) ) ;
#7539 = FILL_AREA_STYLE_COLOUR ( '', #11587 ) ;
#7540 = ORIENTED_EDGE ( 'NONE', *, *, #1088, .F. ) ;
#7541 = EDGE_CURVE ( 'NONE', #3963, #3667, #8009, .T. ) ;
#7542 = CARTESIAN_POINT ( 'NONE',  ( 0.7351925446519371743, 0.05958547439563629394, -0.6999999999999999556 ) ) ;
#7543 = STYLED_ITEM ( 'NONE', ( #3127 ), #549 ) ;
#7544 = TOROIDAL_SURFACE ( 'NONE', #2485, 0.1500000000000001055, 0.05500000000000000028 ) ;
#7545 = CLOSED_SHELL ( 'NONE', ( #728, #55, #3417, #11513, #1192, #10681, #3513, #1735, #889, #341, #9635, #571, #2248, #9294, #1133, #5249, #5094, #7370, #1320, #1578, #8721, #4897, #6740, #4972, #5035, #5977, #8534, #4488, #549, #10365, #8902, #5085, #3721, #1624, #970, #11186, #2499, #3775, #9641, #4186, #11287, #3068, #5490, #10002, #3432, #938, #8202, #3604, #9790, #9577, #6037, #6645, #8894, #2870, #3861, #5951, #3137, #1949, #3231, #9405, #5970, #1375, #7066, #5228, #513, #11019, #7168, #1058, #10074, #7456, #9797, #4619, #8805, #9276, #6080, #1560, #5074, #5356, #10139, #9809, #4990, #11683, #11646, #706, #1073, #3445, #1083, #10611, #3338, #3794, #3004, #9468, #445, #6331, #4379, #1230, #634, #6781, #2149, #4104, #6265, #8586, #5823, #5322, #10674, #817, #10897, #7608, #8603, #7641, #6113, #5486, #4454, #2731, #11446, #7531, #10732, #7679, #11077, #998, #6396, #4106, #5616, #1235, #6529, #6609, #8542, #3812, #8504, #2728, #3091, #5962, #7411, #10432, #2507, #6936, #4879, #1695, #1304, #2241, #9715, #8354, #8249, #7749, #6797, #5263, #7760, #9037, #6345, #3808, #6461, #8192, #279, #4595, #932, #7318, #2292, #1482, #4558, #5242, #4906, #2747, #5567, #4590, #4901, #324, #11117 ) ) ;
#7546 = B_SPLINE_SURFACE_WITH_KNOTS ( 'NONE', 3, 1, ( 
 ( #860, #7017 ),
 ( #1847, #3610 ),
 ( #4443, #2784 ),
 ( #921, #8081 ),
 ( #1664, #10645 ),
 ( #2563, #3485 ),
 ( #7200, #6 ),
 ( #10825, #9085 ),
 ( #5272, #8028 ),
 ( #3424, #8903 ),
 ( #5453, #9028 ),
 ( #4565, #976 ),
 ( #10708, #11636 ),
 ( #6142, #8138 ),
 ( #2615, #69 ),
 ( #6200, #9749 ),
 ( #3549, #3669 ),
 ( #4387, #2674 ),
 ( #7259, #8195 ) ),
 .UNSPECIFIED., .F., .F., .F.,
 ( 4, 1, 1, 1, 1, 1, 1, 1, 1, 1, 1, 1, 1, 1, 1, 1, 4 ),
 ( 2, 2 ),
 ( 0.000000000000000000, 0.07082199823409655870, 0.1381601096583844057, 0.2024622547020692442, 0.2639567057174985742, 0.3236342499071825363, 0.3817869263266499003, 0.4393756585350244714, 0.4971066655477039409, 0.5548623802280185924, 0.6127668894862257076, 0.6715600499945678648, 0.7316730530556677659, 0.7943110968516789994, 0.8594912802951139019, 0.9276859961409859023, 1.000000000000000000 ),
 ( 0.000000000000000000, 1.000000000000000000 ),
 .UNSPECIFIED. ) ;
#7547 = LINE ( 'NONE', #10398, #3164 ) ;
#7548 = EDGE_CURVE ( 'NONE', #4655, #3963, #10164, .T. ) ;
#7549 = CARTESIAN_POINT ( 'NONE',  ( 0.7695998273911768273, -0.03441520244609141965, -0.6999999999999997335 ) ) ;
#7550 = DIRECTION ( 'NONE',  ( -1.000000000000000000, -0.000000000000000000, -0.000000000000000000 ) ) ;
#7551 = ORIENTED_EDGE ( 'NONE', *, *, #2019, .F. ) ;
#7552 =( NAMED_UNIT ( * ) SI_UNIT ( $, .STERADIAN. ) SOLID_ANGLE_UNIT ( ) );
#7553 = B_SPLINE_CURVE_WITH_KNOTS ( 'NONE', 3,
 ( #10984, #3827, #1, #63, #2779, #4501, #2889, #6361, #9082, #3768, #7195 ),
 .UNSPECIFIED., .F., .F.,
 ( 4, 1, 1, 1, 1, 1, 1, 1, 4 ),
 ( 0.000000000000000000, 0.1451868664724695890, 0.2834426109197293875, 0.4165243659288279110, 0.5431811235350815226, 0.6651530826377132222, 0.7813602063127137454, 0.8927566556418080612, 1.000000000000000000 ),
 .UNSPECIFIED. ) ;
#7554 = CARTESIAN_POINT ( 'NONE',  ( -0.2629128784747786773, -0.2800000000000000266, -0.3999999999999999112 ) ) ;
#7555 = COLOUR_RGB ( '',0.9098039215686274384, 0.4431372549019607643, 0.03137254901960784270 ) ;
#7556 = STYLED_ITEM ( 'NONE', ( #10826 ), #6645 ) ;
#7557 = SURFACE_STYLE_USAGE ( .BOTH. , #6672 ) ;
#7558 = AXIS2_PLACEMENT_3D ( 'NONE', #5619, #7360, #9194 ) ;
#7559 = CARTESIAN_POINT ( 'NONE',  ( -0.5000000000000003331, 0.4000000000000000222, -0.6700000000000000400 ) ) ;
#7560 = STYLED_ITEM ( 'NONE', ( #5396 ), #1431 ) ;
#7561 = UNCERTAINTY_MEASURE_WITH_UNIT (LENGTH_MEASURE( 1.000000000000000082E-05 ), #7242, 'distance_accuracy_value', 'NONE');
#7562 = ORIENTED_EDGE ( 'NONE', *, *, #425, .F. ) ;
#7563 = DIRECTION ( 'NONE',  ( 0.000000000000000000, 0.000000000000000000, 1.000000000000000000 ) ) ;
#7564 = DIRECTION ( 'NONE',  ( 0.000000000000000000, -1.000000000000000000, 2.464095846557965483E-15 ) ) ;
#7565 = EDGE_CURVE ( 'NONE', #3058, #8093, #6880, .T. ) ;
#7566 = DIRECTION ( 'NONE',  ( -0.000000000000000000, -0.000000000000000000, -1.000000000000000000 ) ) ;
#7567 = AXIS2_PLACEMENT_3D ( 'NONE', #2254, #9431, #10506 ) ;
#7568 = ORIENTED_EDGE ( 'NONE', *, *, #9079, .F. ) ;
#7569 =( NAMED_UNIT ( * ) SI_UNIT ( $, .STERADIAN. ) SOLID_ANGLE_UNIT ( ) );
#7570 = DIRECTION ( 'NONE',  ( -1.000000000000000000, -0.000000000000000000, -0.000000000000000000 ) ) ;
#7571 = FACE_OUTER_BOUND ( 'NONE', #3752, .T. ) ;
#7572 = PRESENTATION_STYLE_ASSIGNMENT (( #3984 ) ) ;
#7573 = FILL_AREA_STYLE_COLOUR ( '', #662 ) ;
#7574 = CARTESIAN_POINT ( 'NONE',  ( 0.7633377455154187752, 0.03394609096654166436, -0.6989999999999999547 ) ) ;
#7575 = EDGE_LOOP ( 'NONE', ( #2579, #7289, #1551, #7477 ) ) ;
#7576 = AXIS2_PLACEMENT_3D ( 'NONE', #2240, #5944, #3212 ) ;
#7577 = ORIENTED_EDGE ( 'NONE', *, *, #414, .F. ) ;
#7578 =( NAMED_UNIT ( * ) SI_UNIT ( $, .STERADIAN. ) SOLID_ANGLE_UNIT ( ) );
#7579 = CARTESIAN_POINT ( 'NONE',  ( -0.2399999999999999911, -0.1800000000000001321, -0.04999999999999975298 ) ) ;
#7580 = CARTESIAN_POINT ( 'NONE',  ( 0.7280657332422040273, -0.08081316846719080460, -0.7000000000000000666 ) ) ;
#7581 = FILL_AREA_STYLE_COLOUR ( '', #7871 ) ;
#7582 =( GEOMETRIC_REPRESENTATION_CONTEXT ( 3 ) GLOBAL_UNCERTAINTY_ASSIGNED_CONTEXT ( ( #6920 ) ) GLOBAL_UNIT_ASSIGNED_CONTEXT ( ( #7111, #7826, #2538 ) ) REPRESENTATION_CONTEXT ( 'NONE', 'WORKASPACE' ) );
#7583 = SURFACE_STYLE_FILL_AREA ( #3996 ) ;
#7584 = AXIS2_PLACEMENT_3D ( 'NONE', #5105, #2279, #7750 ) ;
#7585 = CARTESIAN_POINT ( 'NONE',  ( 0.7419512195121950038, -0.003048780487804958819, -0.6989999999999999547 ) ) ;
#7586 = CARTESIAN_POINT ( 'NONE',  ( 0.7422594223682116299, -0.04873223324765559028, -0.6990000000000000657 ) ) ;
#7587 = PLANE ( 'NONE',  #5310 ) ;
#7588 = CARTESIAN_POINT ( 'NONE',  ( 0.3599999999999999867, -0.1800000000000002154, -0.5499999999999999334 ) ) ;
#7589 = SURFACE_STYLE_FILL_AREA ( #9472 ) ;
#7590 = CARTESIAN_POINT ( 'NONE',  ( 0.8019999999999994911, -0.2800000000000000266, -0.1999999999999998723 ) ) ;
#7591 = DIRECTION ( 'NONE',  ( -1.000000000000000000, -0.000000000000000000, -0.000000000000000000 ) ) ;
#7592 = ORIENTED_EDGE ( 'NONE', *, *, #3384, .F. ) ;
#7593 = ORIENTED_EDGE ( 'NONE', *, *, #10228, .T. ) ;
#7594 = AXIS2_PLACEMENT_3D ( 'NONE', #6203, #6029, #1669 ) ;
#7595 = SURFACE_SIDE_STYLE ('',( #7715 ) ) ;
#7596 =( GEOMETRIC_REPRESENTATION_CONTEXT ( 3 ) GLOBAL_UNCERTAINTY_ASSIGNED_CONTEXT ( ( #6194 ) ) GLOBAL_UNIT_ASSIGNED_CONTEXT ( ( #583, #11383, #10316 ) ) REPRESENTATION_CONTEXT ( 'NONE', 'WORKASPACE' ) );
#7597 = EDGE_CURVE ( 'NONE', #3805, #752, #11618, .T. ) ;
#7598 = MECHANICAL_DESIGN_GEOMETRIC_PRESENTATION_REPRESENTATION (  '', ( #9284 ), #5540 ) ;
#7599 = DIRECTION ( 'NONE',  ( -1.000000000000000000, 0.000000000000000000, 0.000000000000000000 ) ) ;
#7600 = DIRECTION ( 'NONE',  ( 0.000000000000000000, -1.000000000000000000, 2.464095846557965483E-15 ) ) ;
#7601 = COLOUR_RGB ( '',0.9098039215686274384, 0.4431372549019607643, 0.03137254901960784270 ) ;
#7602 = CARTESIAN_POINT ( 'NONE',  ( 0.3599999999999999867, -0.3850000000000002309, -0.3999999999999999112 ) ) ;
#7603 = PRESENTATION_LAYER_ASSIGNMENT (  '', '', ( #275 ) ) ;
#7604 =( NAMED_UNIT ( * ) SI_UNIT ( $, .STERADIAN. ) SOLID_ANGLE_UNIT ( ) );
#7605 = CARTESIAN_POINT ( 'NONE',  ( 0.7289487912345843368, -0.08191217334991188204, -0.6999999999999996225 ) ) ;
#7606 = ORIENTED_EDGE ( 'NONE', *, *, #7827, .T. ) ;
#7607 = CARTESIAN_POINT ( 'NONE',  ( 0.7455335365853656970, 0.06158536585365840393, -0.6999999999999999556 ) ) ;
#7608 = ADVANCED_FACE ( 'NONE', ( #3335 ), #1683, .T. ) ;
#7609 =( GEOMETRIC_REPRESENTATION_CONTEXT ( 3 ) GLOBAL_UNCERTAINTY_ASSIGNED_CONTEXT ( ( #3883 ) ) GLOBAL_UNIT_ASSIGNED_CONTEXT ( ( #9149, #1912, #6484 ) ) REPRESENTATION_CONTEXT ( 'NONE', 'WORKASPACE' ) );
#7610 = UNCERTAINTY_MEASURE_WITH_UNIT (LENGTH_MEASURE( 1.000000000000000082E-05 ), #2592, 'distance_accuracy_value', 'NONE');
#7611 = CARTESIAN_POINT ( 'NONE',  ( 0.7250638536624379737, 0.03968518678333547711, -0.6989999999999997327 ) ) ;
#7612 = AXIS2_PLACEMENT_3D ( 'NONE', #3738, #1983, #7323 ) ;
#7613 = CARTESIAN_POINT ( 'NONE',  ( 0.7706097560975608829, 0.04485518292682912772, -0.6989999999999999547 ) ) ;
#7614 = ORIENTED_EDGE ( 'NONE', *, *, #9693, .T. ) ;
#7615 = EDGE_CURVE ( 'NONE', #9200, #11192, #9788, .T. ) ;
#7616 =( LENGTH_UNIT ( ) NAMED_UNIT ( * ) SI_UNIT ( .MILLI., .METRE. ) );
#7617 = CARTESIAN_POINT ( 'NONE',  ( -0.1429128784747793479, 0.2800000000000000822, -0.1999999999999997891 ) ) ;
#7618 = COLOUR_RGB ( '',0.9098039215686274384, 0.4431372549019607643, 0.03137254901960784270 ) ;
#7619 = CARTESIAN_POINT ( 'NONE',  ( 0.7999999999999996003, -0.3999999999999999112, -0.6700000000000000400 ) ) ;
#7620 = AXIS2_PLACEMENT_3D ( 'NONE', #6614, #8652, #5092 ) ;
#7621 =( NAMED_UNIT ( * ) PLANE_ANGLE_UNIT ( ) SI_UNIT ( $, .RADIAN. ) );
#7622 = LINE ( 'NONE', #10526, #5244 ) ;
#7623 = DIRECTION ( 'NONE',  ( -1.000000000000000000, -0.000000000000000000, -0.000000000000000000 ) ) ;
#7624 = CARTESIAN_POINT ( 'NONE',  ( 0.7455335365853656970, 0.06158536585365840393, -0.6989999999999999547 ) ) ;
#7625 = AXIS2_PLACEMENT_3D ( 'NONE', #2879, #1239, #2067 ) ;
#7626 = ORIENTED_EDGE ( 'NONE', *, *, #8434, .T. ) ;
#7627 =( NAMED_UNIT ( * ) SI_UNIT ( $, .STERADIAN. ) SOLID_ANGLE_UNIT ( ) );
#7628 = CARTESIAN_POINT ( 'NONE',  ( 0.7203735655063407961, 0.05060815312215081324, -0.7000000000000000666 ) ) ;
#7629 = STYLED_ITEM ( 'NONE', ( #2576 ), #3775 ) ;
#7630 = FACE_OUTER_BOUND ( 'NONE', #2818, .T. ) ;
#7632 = COLOUR_RGB ( '',0.9098039215686274384, 0.4431372549019607643, 0.03137254901960784270 ) ;
#7631 = FACE_OUTER_BOUND ( 'NONE', #8284, .T. ) ;
#7633 = ORIENTED_EDGE ( 'NONE', *, *, #5161, .F. ) ;
#7634 = EDGE_CURVE ( 'NONE', #1258, #9885, #2928, .T. ) ;
#7635 = VECTOR ( 'NONE', #1573, 1000.000000000000000 ) ;
#7636 = CARTESIAN_POINT ( 'NONE',  ( 0.7674085365853656748, 0.03109756097560961718, -0.6989999999999999547 ) ) ;
#7637 = DIRECTION ( 'NONE',  ( 0.000000000000000000, 1.000000000000000000, -2.578241652818821251E-15 ) ) ;
#7638 = CARTESIAN_POINT ( 'NONE',  ( -0.5000000000000004441, -0.4000000000000000222, -0.6700000000000000400 ) ) ;
#7639 = DIRECTION ( 'NONE',  ( 0.000000000000000000, 0.000000000000000000, -1.000000000000000000 ) ) ;
#7640 = PRESENTATION_STYLE_ASSIGNMENT (( #9459 ) ) ;
#7641 = ADVANCED_FACE ( 'NONE', ( #1887 ), #9394, .T. ) ;
#7642 = ORIENTED_EDGE ( 'NONE', *, *, #10302, .F. ) ;
#7643 = VERTEX_POINT ( 'NONE', #7177 ) ;
#7644 =( NAMED_UNIT ( * ) SI_UNIT ( $, .STERADIAN. ) SOLID_ANGLE_UNIT ( ) );
#7645 = UNCERTAINTY_MEASURE_WITH_UNIT (LENGTH_MEASURE( 1.000000000000000082E-05 ), #8348, 'distance_accuracy_value', 'NONE');
#7646 = DIRECTION ( 'NONE',  ( 0.000000000000000000, 0.000000000000000000, -1.000000000000000000 ) ) ;
#7647 = LINE ( 'NONE', #11260, #2969 ) ;
#7648 =( NAMED_UNIT ( * ) SI_UNIT ( $, .STERADIAN. ) SOLID_ANGLE_UNIT ( ) );
#7649 = FACE_OUTER_BOUND ( 'NONE', #3533, .T. ) ;
#7650 = CARTESIAN_POINT ( 'NONE',  ( 0.7291203291871539705, -0.04204990802678269107, -0.6989999999999998437 ) ) ;
#7651 = CARTESIAN_POINT ( 'NONE',  ( 0.2399999999999999911, 0.3300000000000000155, -0.1999999999999999001 ) ) ;
#7652 = LINE ( 'NONE', #6752, #3074 ) ;
#7653 = SURFACE_STYLE_FILL_AREA ( #1244 ) ;
#7654 = CARTESIAN_POINT ( 'NONE',  ( -0.1199999999999999956, 0.1799999999999998823, -0.5499999999999999334 ) ) ;
#7655 = ORIENTED_EDGE ( 'NONE', *, *, #5891, .T. ) ;
#7656 = ORIENTED_EDGE ( 'NONE', *, *, #11097, .T. ) ;
#7657 = VERTEX_POINT ( 'NONE', #11673 ) ;
#7658 = CIRCLE ( 'NONE', #11628, 0.05499999999999997946 ) ;
#7659 = FACE_OUTER_BOUND ( 'NONE', #4733, .T. ) ;
#7660 = CARTESIAN_POINT ( 'NONE',  ( 0.7697026605505737917, 0.05224606530358641421, -0.6989999999999999547 ) ) ;
#7661 = CARTESIAN_POINT ( 'NONE',  ( 0.7249211842510798753, 0.04481291366731975090, -0.6999999999999997335 ) ) ;
#7662 = AXIS2_PLACEMENT_3D ( 'NONE', #3621, #10838, #2741 ) ;
#7663 = DIRECTION ( 'NONE',  ( 1.000000000000000000, 0.000000000000000000, 0.000000000000000000 ) ) ;
#7664 =( BOUNDED_CURVE ( )  B_SPLINE_CURVE ( 3, ( #1283, #3029, #10356, #7638 ),
 .UNSPECIFIED., .F., .T. ) 
 B_SPLINE_CURVE_WITH_KNOTS ( ( 4, 4 ),
 ( 1.570796326794895670, 3.141592653589793116 ),
 .UNSPECIFIED. ) 
 CURVE ( )  GEOMETRIC_REPRESENTATION_ITEM ( )  RATIONAL_B_SPLINE_CURVE ( ( 1.000000000000000000, 0.8047378541243648264, 0.8047378541243648264, 1.000000000000000000 ) ) 
 REPRESENTATION_ITEM ( '' )  );
#7665 = FILL_AREA_STYLE_COLOUR ( '', #1153 ) ;
#7666 = EDGE_CURVE ( 'NONE', #8560, #9478, #3704, .T. ) ;
#7667 = FILL_AREA_STYLE_COLOUR ( '', #240 ) ;
#7668 = FILL_AREA_STYLE_COLOUR ( '', #8119 ) ;
#7669 = ORIENTED_EDGE ( 'NONE', *, *, #10440, .F. ) ;
#7670 = UNCERTAINTY_MEASURE_WITH_UNIT (LENGTH_MEASURE( 1.000000000000000082E-05 ), #11239, 'distance_accuracy_value', 'NONE');
#7671 = AXIS2_PLACEMENT_3D ( 'NONE', #11101, #3664, #5665 ) ;
#7672 = SURFACE_SIDE_STYLE ('',( #2258 ) ) ;
#7673 = PRESENTATION_STYLE_ASSIGNMENT (( #11235 ) ) ;
#7674 = EDGE_LOOP ( 'NONE', ( #7918, #6563, #1948, #4376 ) ) ;
#7675 = EDGE_CURVE ( 'NONE', #854, #896, #3586, .T. ) ;
#7676 =( NAMED_UNIT ( * ) PLANE_ANGLE_UNIT ( ) SI_UNIT ( $, .RADIAN. ) );
#7677 =( GEOMETRIC_REPRESENTATION_CONTEXT ( 3 ) GLOBAL_UNCERTAINTY_ASSIGNED_CONTEXT ( ( #2462 ) ) GLOBAL_UNIT_ASSIGNED_CONTEXT ( ( #4526, #821, #11605 ) ) REPRESENTATION_CONTEXT ( 'NONE', 'WORKASPACE' ) );
#7678 = SURFACE_STYLE_USAGE ( .BOTH. , #4923 ) ;
#7679 = ADVANCED_FACE ( 'NONE', ( #2704 ), #2007, .F. ) ;
#7680 = ORIENTED_EDGE ( 'NONE', *, *, #1884, .T. ) ;
#7681 = STYLED_ITEM ( 'NONE', ( #11144 ), #5322 ) ;
#7682 = SURFACE_STYLE_FILL_AREA ( #4865 ) ;
#7683 = CARTESIAN_POINT ( 'NONE',  ( 0.7402823818515917864, 0.06789068540202543300, -0.6989999999999998437 ) ) ;
#7684 = CARTESIAN_POINT ( 'NONE',  ( 0.7250425169797194425, -0.04614466279866321491, -0.6989999999999999547 ) ) ;
#7685 = MECHANICAL_DESIGN_GEOMETRIC_PRESENTATION_REPRESENTATION (  '', ( #1114 ), #1871 ) ;
#7686 = ORIENTED_EDGE ( 'NONE', *, *, #7597, .F. ) ;
#7687 =( NAMED_UNIT ( * ) SI_UNIT ( $, .STERADIAN. ) SOLID_ANGLE_UNIT ( ) );
#7688 = EDGE_CURVE ( 'NONE', #5857, #7507, #2177, .T. ) ;
#7689 = LINE ( 'NONE', #11366, #9680 ) ;
#7690 = SURFACE_STYLE_FILL_AREA ( #10242 ) ;
#7691 = CARTESIAN_POINT ( 'NONE',  ( 0.8019999999999994911, -0.1800000000000000211, -0.4999999999999998890 ) ) ;
#7692 = CARTESIAN_POINT ( 'NONE',  ( 0.7645121951219511214, -0.02904916158536596446, -0.6999999999999999556 ) ) ;
#7693 = SURFACE_STYLE_FILL_AREA ( #9285 ) ;
#7694 = CIRCLE ( 'NONE', #369, 0.05500000000000000722 ) ;
#7695 = ORIENTED_EDGE ( 'NONE', *, *, #11376, .T. ) ;
#7696 = FILL_AREA_STYLE_COLOUR ( '', #1527 ) ;
#7697 = EDGE_CURVE ( 'NONE', #3334, #9885, #1402, .T. ) ;
#7698 = VERTEX_POINT ( 'NONE', #4120 ) ;
#7699 = CARTESIAN_POINT ( 'NONE',  ( 0.1199999999999999956, 0.3299999999999999600, -0.3999999999999999667 ) ) ;
#7700 = SURFACE_STYLE_USAGE ( .BOTH. , #9913 ) ;
#7701 = COLOUR_RGB ( '',0.9098039215686274384, 0.4431372549019607643, 0.03137254901960784270 ) ;
#7702 = SURFACE_SIDE_STYLE ('',( #5057 ) ) ;
#7703 = EDGE_CURVE ( 'NONE', #1846, #4164, #756, .T. ) ;
#7704 = CARTESIAN_POINT ( 'NONE',  ( 0.7452832285693393732, -0.04876323329596568557, -0.6990000000000000657 ) ) ;
#7705 = CARTESIAN_POINT ( 'NONE',  ( 0.8019999999999994911, -0.1800000000000000211, -0.1999999999999998723 ) ) ;
#7706 = PLANE ( 'NONE',  #10097 ) ;
#7707 = DIRECTION ( 'NONE',  ( 0.000000000000000000, 1.000000000000000000, -1.971276677246372308E-15 ) ) ;
#7708 = DIRECTION ( 'NONE',  ( 0.000000000000000000, 0.000000000000000000, -1.000000000000000000 ) ) ;
#7709 = PRESENTATION_LAYER_ASSIGNMENT (  '', '', ( #4529 ) ) ;
#7710 = DIRECTION ( 'NONE',  ( 1.000000000000000000, 0.000000000000000000, 0.000000000000000000 ) ) ;
#7711 =( NAMED_UNIT ( * ) PLANE_ANGLE_UNIT ( ) SI_UNIT ( $, .RADIAN. ) );
#7712 = ORIENTED_EDGE ( 'NONE', *, *, #615, .T. ) ;
#7713 = ORIENTED_EDGE ( 'NONE', *, *, #3884, .F. ) ;
#7714 = ORIENTED_EDGE ( 'NONE', *, *, #11321, .T. ) ;
#7715 = SURFACE_STYLE_FILL_AREA ( #7527 ) ;
#7716 = CARTESIAN_POINT ( 'NONE',  ( 0.7680150423433829143, 0.05654042563492368140, -0.6999999999999998446 ) ) ;
#7717 = CARTESIAN_POINT ( 'NONE',  ( 0.7318949001140355737, 0.05761349786781598536, -0.7000000000000000666 ) ) ;
#7718 = VECTOR ( 'NONE', #1388, 1000.000000000000000 ) ;
#7719 = SURFACE_STYLE_FILL_AREA ( #11448 ) ;
#7720 = SURFACE_STYLE_USAGE ( .BOTH. , #1369 ) ;
#7721 = STYLED_ITEM ( 'NONE', ( #697 ), #6080 ) ;
#7722 = SURFACE_STYLE_FILL_AREA ( #10571 ) ;
#7723 = ORIENTED_EDGE ( 'NONE', *, *, #11111, .T. ) ;
#7724 = COLOUR_RGB ( '',0.7529411764705882248, 0.7529411764705882248, 0.7529411764705882248 ) ;
#7725 = CARTESIAN_POINT ( 'NONE',  ( 0.7291371930625031306, 0.05503284455404348907, -0.7000000000000000666 ) ) ;
#7726 = FILL_AREA_STYLE_COLOUR ( '', #10919 ) ;
#7727 = DIRECTION ( 'NONE',  ( -9.486769009248167742E-16, -1.000000000000000000, 0.000000000000000000 ) ) ;
#7728 = STYLED_ITEM ( 'NONE', ( #9698 ), #6331 ) ;
#7729 =( BOUNDED_CURVE ( )  B_SPLINE_CURVE ( 3, ( #9812, #7138, #1730, #7202 ),
 .UNSPECIFIED., .F., .T. ) 
 B_SPLINE_CURVE_WITH_KNOTS ( ( 4, 4 ),
 ( 0.000000000000000000, 1.570796326794897446 ),
 .UNSPECIFIED. ) 
 CURVE ( )  GEOMETRIC_REPRESENTATION_ITEM ( )  RATIONAL_B_SPLINE_CURVE ( ( 1.000000000000000000, 0.8047378541243648264, 0.8047378541243648264, 1.000000000000000000 ) ) 
 REPRESENTATION_ITEM ( '' )  );
#7730 = VERTEX_POINT ( 'NONE', #11139 ) ;
#7731 =( GEOMETRIC_REPRESENTATION_CONTEXT ( 3 ) GLOBAL_UNCERTAINTY_ASSIGNED_CONTEXT ( ( #10898 ) ) GLOBAL_UNIT_ASSIGNED_CONTEXT ( ( #8221, #3644, #8174 ) ) REPRESENTATION_CONTEXT ( 'NONE', 'WORKASPACE' ) );
#7732 = LINE ( 'NONE', #10646, #8278 ) ;
#7733 = CARTESIAN_POINT ( 'NONE',  ( 0.7676674990688603373, 0.03156673051435907734, -0.6999999999999999556 ) ) ;
#7734 = DIRECTION ( 'NONE',  ( 0.000000000000000000, 1.000000000000000000, -2.578241652818821251E-15 ) ) ;
#7735 = DIRECTION ( 'NONE',  ( -0.000000000000000000, -1.000000000000000000, 5.646886315028668105E-17 ) ) ;
#7736 = DIRECTION ( 'NONE',  ( 0.000000000000000000, -2.216840928656986572E-15, -1.000000000000000000 ) ) ;
#7737 =( GEOMETRIC_REPRESENTATION_CONTEXT ( 3 ) GLOBAL_UNCERTAINTY_ASSIGNED_CONTEXT ( ( #6979 ) ) GLOBAL_UNIT_ASSIGNED_CONTEXT ( ( #3300, #1545, #8777 ) ) REPRESENTATION_CONTEXT ( 'NONE', 'WORKASPACE' ) );
#7738 = TOROIDAL_SURFACE ( 'NONE', #3579, 0.1500000000000000222, 0.05500000000000000028 ) ;
#7739 = ORIENTED_EDGE ( 'NONE', *, *, #3370, .F. ) ;
#7740 = EDGE_CURVE ( 'NONE', #4094, #8268, #8254, .T. ) ;
#7741 = CARTESIAN_POINT ( 'NONE',  ( 0.7211654284633510770, 0.05296491564371506172, -0.6999999999999998446 ) ) ;
#7742 = DIRECTION ( 'NONE',  ( 0.000000000000000000, 2.578241652818821251E-15, 1.000000000000000000 ) ) ;
#7743 = CARTESIAN_POINT ( 'NONE',  ( -0.3599999999999999867, 0.3299999999999999600, -0.3999999999999999667 ) ) ;
#7744 = ORIENTED_EDGE ( 'NONE', *, *, #3665, .T. ) ;
#7745 = CIRCLE ( 'NONE', #3026, 0.09999999999999999167 ) ;
#7746 = PRESENTATION_LAYER_ASSIGNMENT (  '', '', ( #7556 ) ) ;
#7747 = MECHANICAL_DESIGN_GEOMETRIC_PRESENTATION_REPRESENTATION (  '', ( #8299 ), #5341 ) ;
#7748 = CYLINDRICAL_SURFACE ( 'NONE', #11016, 0.05500000000000000722 ) ;
#7749 = ADVANCED_FACE ( 'NONE', ( #2232 ), #1174, .T. ) ;
#7750 = DIRECTION ( 'NONE',  ( 0.000000000000000000, -1.000000000000000000, 0.000000000000000000 ) ) ;
#7751 = LINE ( 'NONE', #11477, #8392 ) ;
#7752 = ORIENTED_EDGE ( 'NONE', *, *, #11663, .F. ) ;
#7753 = PRESENTATION_STYLE_ASSIGNMENT (( #3259 ) ) ;
#7754 = VERTEX_POINT ( 'NONE', #3035 ) ;
#7755 = STYLED_ITEM ( 'NONE', ( #2382 ), #633 ) ;
#7756 = PRESENTATION_LAYER_ASSIGNMENT (  '', '', ( #10801 ) ) ;
#7757 = CARTESIAN_POINT ( 'NONE',  ( 0.7294041668139296108, -0.08205460169505011947, -0.6989999999999999547 ) ) ;
#7758 = FILL_AREA_STYLE_COLOUR ( '', #4918 ) ;
#7759 = DIRECTION ( 'NONE',  ( 0.000000000000000000, 0.000000000000000000, 1.000000000000000000 ) ) ;
#7760 = ADVANCED_FACE ( 'NONE', ( #8440 ), #1692, .T. ) ;
#7761 = EDGE_CURVE ( 'NONE', #3047, #4226, #6746, .T. ) ;
#7762 =( NAMED_UNIT ( * ) PLANE_ANGLE_UNIT ( ) SI_UNIT ( $, .RADIAN. ) );
#7763 =( LENGTH_UNIT ( ) NAMED_UNIT ( * ) SI_UNIT ( .MILLI., .METRE. ) );
#7764 = CARTESIAN_POINT ( 'NONE',  ( 0.7443711890243900342, -0.05548780487804889222, -0.6999999999999999556 ) ) ;
#7765 =( NAMED_UNIT ( * ) SI_UNIT ( $, .STERADIAN. ) SOLID_ANGLE_UNIT ( ) );
#7766 = SURFACE_STYLE_USAGE ( .BOTH. , #3400 ) ;
#7767 = ORIENTED_EDGE ( 'NONE', *, *, #5747, .F. ) ;
#7768 = VERTEX_POINT ( 'NONE', #630 ) ;
#7769 = ORIENTED_EDGE ( 'NONE', *, *, #5030, .T. ) ;
#7770 = DIRECTION ( 'NONE',  ( 0.000000000000000000, 2.397541290737903714E-15, 1.000000000000000000 ) ) ;
#7771 =( GEOMETRIC_REPRESENTATION_CONTEXT ( 3 ) GLOBAL_UNCERTAINTY_ASSIGNED_CONTEXT ( ( #693 ) ) GLOBAL_UNIT_ASSIGNED_CONTEXT ( ( #4185, #11210, #9534 ) ) REPRESENTATION_CONTEXT ( 'NONE', 'WORKASPACE' ) );
#7772 = DIRECTION ( 'NONE',  ( 0.9466707760722534726, 0.3222024856061127540, 0.000000000000000000 ) ) ;
#7773 = STYLED_ITEM ( 'NONE', ( #1620 ), #10544 ) ;
#7774 = EDGE_CURVE ( 'NONE', #7407, #9968, #9795, .T. ) ;
#7775 = CARTESIAN_POINT ( 'NONE',  ( 0.7193902439024388862, 0.04286394817073157365, -0.6989999999999999547 ) ) ;
#7776 =( NAMED_UNIT ( * ) PLANE_ANGLE_UNIT ( ) SI_UNIT ( $, .RADIAN. ) );
#7777 =( LENGTH_UNIT ( ) NAMED_UNIT ( * ) SI_UNIT ( .MILLI., .METRE. ) );
#7778 = ORIENTED_EDGE ( 'NONE', *, *, #11471, .F. ) ;
#7779 = AXIS2_PLACEMENT_3D ( 'NONE', #5916, #9507, #3128 ) ;
#7780 = EDGE_CURVE ( 'NONE', #8901, #8050, #10337, .T. ) ;
#7781 =( GEOMETRIC_REPRESENTATION_CONTEXT ( 3 ) GLOBAL_UNCERTAINTY_ASSIGNED_CONTEXT ( ( #3793 ) ) GLOBAL_UNIT_ASSIGNED_CONTEXT ( ( #7865, #3682, #872 ) ) REPRESENTATION_CONTEXT ( 'NONE', 'WORKASPACE' ) );
#7782 = CARTESIAN_POINT ( 'NONE',  ( 0.7334912356475478123, 0.05866963938458837069, -0.6990000000000000657 ) ) ;
#7783 = CARTESIAN_POINT ( 'NONE',  ( 0.7254878048780487587, -0.02932545731707328351, -0.6990000000000000657 ) ) ;
#7784 = FILL_AREA_STYLE_COLOUR ( '', #1456 ) ;
#7786 = VERTEX_POINT ( 'NONE', #4349 ) ;
#7785 = CARTESIAN_POINT ( 'NONE',  ( -0.2170871215252208053, -0.1800000000000001876, -0.3999999999999999112 ) ) ;
#7787 = COLOUR_RGB ( '',0.000000000000000000, 0.000000000000000000, 0.000000000000000000 ) ;
#7788 = FILL_AREA_STYLE ('',( #4211 ) ) ;
#7789 = PRESENTATION_STYLE_ASSIGNMENT (( #861 ) ) ;
#7790 = DIRECTION ( 'NONE',  ( 0.000000000000000000, 0.000000000000000000, -1.000000000000000000 ) ) ;
#7791 = ORIENTED_EDGE ( 'NONE', *, *, #10665, .F. ) ;
#7792 = PRESENTATION_STYLE_ASSIGNMENT (( #10651 ) ) ;
#7793 = PRESENTATION_LAYER_ASSIGNMENT (  '', '', ( #9496 ) ) ;
#7794 = EDGE_LOOP ( 'NONE', ( #2609, #236, #1042, #3402, #10408 ) ) ;
#7795 = PRESENTATION_LAYER_ASSIGNMENT (  '', '', ( #5733 ) ) ;
#7796 = PRESENTATION_LAYER_ASSIGNMENT (  '', '', ( #1220 ) ) ;
#7797 = VECTOR ( 'NONE', #7416, 1000.000000000000000 ) ;
#7798 = ORIENTED_EDGE ( 'NONE', *, *, #8121, .F. ) ;
#7799 = CARTESIAN_POINT ( 'NONE',  ( 0.7266624957392583406, 0.06113955397700882033, -0.6989999999999998437 ) ) ;
#7800 = FILL_AREA_STYLE ('',( #9821 ) ) ;
#7801 = ORIENTED_EDGE ( 'NONE', *, *, #10418, .T. ) ;
#7802 = VECTOR ( 'NONE', #4661, 1000.000000000000000 ) ;
#7803 =( GEOMETRIC_REPRESENTATION_CONTEXT ( 3 ) GLOBAL_UNCERTAINTY_ASSIGNED_CONTEXT ( ( #9202 ) ) GLOBAL_UNIT_ASSIGNED_CONTEXT ( ( #3503, #10601, #9638 ) ) REPRESENTATION_CONTEXT ( 'NONE', 'WORKASPACE' ) );
#7804 =( NAMED_UNIT ( * ) PLANE_ANGLE_UNIT ( ) SI_UNIT ( $, .RADIAN. ) );
#7805 =( GEOMETRIC_REPRESENTATION_CONTEXT ( 3 ) GLOBAL_UNCERTAINTY_ASSIGNED_CONTEXT ( ( #4754 ) ) GLOBAL_UNIT_ASSIGNED_CONTEXT ( ( #2423, #6071, #7838 ) ) REPRESENTATION_CONTEXT ( 'NONE', 'WORKASPACE' ) );
#7806 = LINE ( 'NONE', #1682, #2145 ) ;
#7807 = DIRECTION ( 'NONE',  ( 0.000000000000000000, 2.464095846557963117E-15, 1.000000000000000000 ) ) ;
#7808 = PRESENTATION_STYLE_ASSIGNMENT (( #3090 ) ) ;
#7809 = EDGE_CURVE ( 'NONE', #4717, #10981, #1206, .T. ) ;
#7810 = UNCERTAINTY_MEASURE_WITH_UNIT (LENGTH_MEASURE( 1.000000000000000082E-05 ), #11431, 'distance_accuracy_value', 'NONE');
#7811 = ORIENTED_EDGE ( 'NONE', *, *, #8387, .T. ) ;
#7812 =( NAMED_UNIT ( * ) SI_UNIT ( $, .STERADIAN. ) SOLID_ANGLE_UNIT ( ) );
#7813 = COLOUR_RGB ( '',0.9098039215686274384, 0.4431372549019607643, 0.03137254901960784270 ) ;
#7814 = EDGE_LOOP ( 'NONE', ( #2385, #2042, #10465, #710 ) ) ;
#7815 = STYLED_ITEM ( 'NONE', ( #5690 ), #11446 ) ;
#7816 = TOROIDAL_SURFACE ( 'NONE', #2745, 0.1500000000000000777, 0.05500000000000000028 ) ;
#7817 = CARTESIAN_POINT ( 'NONE',  ( 0.7571192602086550538, -0.05263140837108826187, -0.6989999999999999547 ) ) ;
#7818 = DIRECTION ( 'NONE',  ( 0.000000000000000000, 1.000000000000000000, 0.000000000000000000 ) ) ;
#7819 =( NAMED_UNIT ( * ) SI_UNIT ( $, .STERADIAN. ) SOLID_ANGLE_UNIT ( ) );
#7820 = CARTESIAN_POINT ( 'NONE',  ( 0.7619207317073168895, 0.03109756097560961718, -0.6999999999999999556 ) ) ;
#7821 = COLOUR_RGB ( '',0.7529411764705882248, 0.7529411764705882248, 0.7529411764705882248 ) ;
#7822 = SURFACE_STYLE_USAGE ( .BOTH. , #1351 ) ;
#7823 = CARTESIAN_POINT ( 'NONE',  ( 0.000000000000000000, -0.3300000000000002376, -0.3999999999999999667 ) ) ;
#7824 =( NAMED_UNIT ( * ) SI_UNIT ( $, .STERADIAN. ) SOLID_ANGLE_UNIT ( ) );
#7825 = LINE ( 'NONE', #11381, #5377 ) ;
#7826 =( NAMED_UNIT ( * ) PLANE_ANGLE_UNIT ( ) SI_UNIT ( $, .RADIAN. ) );
#7827 = EDGE_CURVE ( 'NONE', #6088, #896, #1689, .T. ) ;
#7828 =( LENGTH_UNIT ( ) NAMED_UNIT ( * ) SI_UNIT ( .MILLI., .METRE. ) );
#7829 = ORIENTED_EDGE ( 'NONE', *, *, #10974, .F. ) ;
#7830 = ORIENTED_EDGE ( 'NONE', *, *, #8395, .T. ) ;
#7831 = VERTEX_POINT ( 'NONE', #691 ) ;
#7832 = DIRECTION ( 'NONE',  ( 0.000000000000000000, 1.000000000000000000, -5.646886315028668105E-17 ) ) ;
#7833 = EDGE_CURVE ( 'NONE', #4359, #2415, #5055, .T. ) ;
#7834 = CARTESIAN_POINT ( 'NONE',  ( 0.5124264068711931186, -0.3875735931288073477, -0.6999999999999998446 ) ) ;
#7835 = DIRECTION ( 'NONE',  ( -1.000000000000000000, -0.000000000000000000, -0.000000000000000000 ) ) ;
#7836 = DIRECTION ( 'NONE',  ( 0.000000000000000000, 1.000000000000000000, 0.000000000000000000 ) ) ;
#7837 = FILL_AREA_STYLE_COLOUR ( '', #386 ) ;
#7838 =( NAMED_UNIT ( * ) SI_UNIT ( $, .STERADIAN. ) SOLID_ANGLE_UNIT ( ) );
#7839 =( GEOMETRIC_REPRESENTATION_CONTEXT ( 3 ) GLOBAL_UNCERTAINTY_ASSIGNED_CONTEXT ( ( #4609 ) ) GLOBAL_UNIT_ASSIGNED_CONTEXT ( ( #5541, #8168, #8217 ) ) REPRESENTATION_CONTEXT ( 'NONE', 'WORKASPACE' ) );
#7840 = FILL_AREA_STYLE_COLOUR ( '', #4955 ) ;
#7841 = EDGE_CURVE ( 'NONE', #10699, #2283, #4236, .T. ) ;
#7842 = COLOUR_RGB ( '',0.000000000000000000, 0.000000000000000000, 0.000000000000000000 ) ;
#7843 = VERTEX_POINT ( 'NONE', #3387 ) ;
#7844 = CARTESIAN_POINT ( 'NONE',  ( 0.1199999999999999956, -0.3300000000000002931, -0.1999999999999999001 ) ) ;
#7845 = EDGE_CURVE ( 'NONE', #3385, #2356, #8799, .T. ) ;
#7846 = VECTOR ( 'NONE', #3134, 1000.000000000000000 ) ;
#7847 = CARTESIAN_POINT ( 'NONE',  ( 0.7504878048780486699, -0.08964367378048794521, -0.6989999999999999547 ) ) ;
#7848 = CARTESIAN_POINT ( 'NONE',  ( 0.7569653292537050771, 0.05887538488854230506, -0.6999999999999997335 ) ) ;
#7849 = CARTESIAN_POINT ( 'NONE',  ( 0.5000000000000004441, -0.1800000000000000766, -0.4999999999999998890 ) ) ;
#7850 =( GEOMETRIC_REPRESENTATION_CONTEXT ( 3 ) GLOBAL_UNCERTAINTY_ASSIGNED_CONTEXT ( ( #6136 ) ) GLOBAL_UNIT_ASSIGNED_CONTEXT ( ( #10610, #8620, #10548 ) ) REPRESENTATION_CONTEXT ( 'NONE', 'WORKASPACE' ) );
#7852 = ORIENTED_EDGE ( 'NONE', *, *, #724, .T. ) ;
#7851 = SURFACE_SIDE_STYLE ('',( #2106 ) ) ;
#7853 = EDGE_CURVE ( 'NONE', #11505, #2764, #1776, .T. ) ;
#7854 = PLANE ( 'NONE',  #8867 ) ;
#7855 = CARTESIAN_POINT ( 'NONE',  ( -0.8000000000000004885, 0.4000000000000001332, 0.000000000000000000 ) ) ;
#7856 = CARTESIAN_POINT ( 'NONE',  ( 0.7700000000000000178, 0.09817073170731709097, -0.6999999999999999556 ) ) ;
#7857 = SURFACE_SIDE_STYLE ('',( #9934 ) ) ;
#7858 = B_SPLINE_CURVE_WITH_KNOTS ( 'NONE', 3,
 ( #2757, #9962, #6392, #7334, #2916, #2048, #1877, #2864, #35, #1940, #5482, #9055, #9110, #4531, #1059, #9901, #4644, #8214, #5422 ),
 .UNSPECIFIED., .F., .F.,
 ( 4, 1, 1, 1, 1, 1, 1, 1, 1, 1, 1, 1, 1, 1, 1, 1, 4 ),
 ( 0.000000000000000000, 0.06460397028839218181, 0.1267024139629471524, 0.1867568140356181683, 0.2455056873654366256, 0.3036520244499758547, 0.3615030739706251439, 0.4202402229284681323, 0.4800333407766950722, 0.5406781347755144074, 0.6011918063807817347, 0.6623335024774418267, 0.7247395102972300496, 0.7894677361728849041, 0.8565048600438298632, 0.9263120958391908299, 1.000000000000000000 ),
 .UNSPECIFIED. ) ;
#7859 = STYLED_ITEM ( 'NONE', ( #11285 ), #4972 ) ;
#7860 = CARTESIAN_POINT ( 'NONE',  ( 0.7700000000000003508, 0.3699999999999998290, -0.6999999999999999556 ) ) ;
#7861 = ORIENTED_EDGE ( 'NONE', *, *, #4024, .T. ) ;
#7862 = CARTESIAN_POINT ( 'NONE',  ( 0.7699999999999997957, -0.02883955792682937544, -0.6999999999999999556 ) ) ;
#7863 = FILL_AREA_STYLE ('',( #4282 ) ) ;
#7864 = SURFACE_STYLE_FILL_AREA ( #4283 ) ;
#7865 =( LENGTH_UNIT ( ) NAMED_UNIT ( * ) SI_UNIT ( .MILLI., .METRE. ) );
#7866 = PRESENTATION_LAYER_ASSIGNMENT (  '', '', ( #2409 ) ) ;
#7867 = ORIENTED_EDGE ( 'NONE', *, *, #865, .F. ) ;
#7868 = CARTESIAN_POINT ( 'NONE',  ( 0.000000000000000000, 0.3300000000000000155, -0.1999999999999999001 ) ) ;
#7869 = CARTESIAN_POINT ( 'NONE',  ( -0.1429128784747791814, -0.1800000000000001876, -0.3999999999999999112 ) ) ;
#7870 = CYLINDRICAL_SURFACE ( 'NONE', #11026, 0.03000000000000002318 ) ;
#7871 = COLOUR_RGB ( '',0.9098039215686274384, 0.4431372549019607643, 0.03137254901960784270 ) ;
#7872 = ORIENTED_EDGE ( 'NONE', *, *, #2946, .F. ) ;
#7873 =( NAMED_UNIT ( * ) PLANE_ANGLE_UNIT ( ) SI_UNIT ( $, .RADIAN. ) );
#7874 = ORIENTED_EDGE ( 'NONE', *, *, #794, .F. ) ;
#7875 = VECTOR ( 'NONE', #11411, 1000.000000000000000 ) ;
#7876 = CARTESIAN_POINT ( 'NONE',  ( 0.7592345086843248492, -0.05132606452439918143, -0.6989999999999997327 ) ) ;
#7877 = DIRECTION ( 'NONE',  ( 0.000000000000000000, -1.000000000000000000, 2.464095846557965483E-15 ) ) ;
#7878 = SURFACE_SIDE_STYLE ('',( #1629 ) ) ;
#7879 =( NAMED_UNIT ( * ) PLANE_ANGLE_UNIT ( ) SI_UNIT ( $, .RADIAN. ) );
#7880 = PRESENTATION_LAYER_ASSIGNMENT (  '', '', ( #5634 ) ) ;
#7881 = CARTESIAN_POINT ( 'NONE',  ( -0.2170871215252210273, 0.2800000000000000266, -0.3999999999999999112 ) ) ;
#7882 = MECHANICAL_DESIGN_GEOMETRIC_PRESENTATION_REPRESENTATION (  '', ( #9380 ), #10149 ) ;
#7883 =( NAMED_UNIT ( * ) SI_UNIT ( $, .STERADIAN. ) SOLID_ANGLE_UNIT ( ) );
#7884 = FILL_AREA_STYLE ('',( #7229 ) ) ;
#7885 = FACE_OUTER_BOUND ( 'NONE', #5373, .T. ) ;
#7886 = ORIENTED_EDGE ( 'NONE', *, *, #6528, .T. ) ;
#7887 = ORIENTED_EDGE ( 'NONE', *, *, #7239, .F. ) ;
#7888 = ORIENTED_EDGE ( 'NONE', *, *, #7261, .T. ) ;
#7889 = CIRCLE ( 'NONE', #1876, 0.05499999999999997946 ) ;
#7890 = FILL_AREA_STYLE_COLOUR ( '', #11476 ) ;
#7891 = DIRECTION ( 'NONE',  ( -0.000000000000000000, 0.000000000000000000, -1.000000000000000000 ) ) ;
#7892 = MECHANICAL_DESIGN_GEOMETRIC_PRESENTATION_REPRESENTATION (  '', ( #6191 ), #11480 ) ;
#7893 = EDGE_CURVE ( 'NONE', #832, #6090, #9105, .T. ) ;
#7894 = CARTESIAN_POINT ( 'NONE',  ( 0.7296036585365851534, -0.08038300304878062685, -0.6989999999999999547 ) ) ;
#7896 = ORIENTED_EDGE ( 'NONE', *, *, #8264, .F. ) ;
#7895 = CARTESIAN_POINT ( 'NONE',  ( 0.7645121951219511214, -0.02195121951219523165, -0.6999999999999999556 ) ) ;
#7897 =( LENGTH_UNIT ( ) NAMED_UNIT ( * ) SI_UNIT ( .MILLI., .METRE. ) );
#7898 =( NAMED_UNIT ( * ) SI_UNIT ( $, .STERADIAN. ) SOLID_ANGLE_UNIT ( ) );
#7899 = EDGE_CURVE ( 'NONE', #7466, #4878, #1933, .T. ) ;
#7900 = PRESENTATION_STYLE_ASSIGNMENT (( #8702 ) ) ;
#7901 = CARTESIAN_POINT ( 'NONE',  ( -0.5000000000000003331, 0.3700000000000000511, -0.6999999999999999556 ) ) ;
#7902 = ORIENTED_EDGE ( 'NONE', *, *, #7634, .F. ) ;
#7903 = UNCERTAINTY_MEASURE_WITH_UNIT (LENGTH_MEASURE( 1.000000000000000082E-05 ), #4806, 'distance_accuracy_value', 'NONE');
#7904 = SURFACE_STYLE_FILL_AREA ( #4382 ) ;
#7905 = FILL_AREA_STYLE_COLOUR ( '', #11264 ) ;
#7906 = DIRECTION ( 'NONE',  ( -0.000000000000000000, -0.000000000000000000, 1.000000000000000000 ) ) ;
#7908 = ORIENTED_EDGE ( 'NONE', *, *, #7525, .F. ) ;
#7907 = FILL_AREA_STYLE ('',( #6256 ) ) ;
#7909 = DIRECTION ( 'NONE',  ( 0.000000000000000000, 1.000000000000000000, 0.000000000000000000 ) ) ;
#7910 =( LENGTH_UNIT ( ) NAMED_UNIT ( * ) SI_UNIT ( .MILLI., .METRE. ) );
#7911 = EDGE_CURVE ( 'NONE', #9510, #4655, #9163, .T. ) ;
#7912 = PRESENTATION_STYLE_ASSIGNMENT (( #4447 ) ) ;
#7913 = AXIS2_PLACEMENT_3D ( 'NONE', #11112, #6602, #5734 ) ;
#7914 = CARTESIAN_POINT ( 'NONE',  ( 0.1199999999999999956, -0.3300000000000002931, -0.3999999999999999112 ) ) ;
#7915 = SURFACE_STYLE_FILL_AREA ( #4330 ) ;
#7916 = VERTEX_POINT ( 'NONE', #3628 ) ;
#7917 =( NAMED_UNIT ( * ) PLANE_ANGLE_UNIT ( ) SI_UNIT ( $, .RADIAN. ) );
#7918 = ORIENTED_EDGE ( 'NONE', *, *, #4671, .F. ) ;
#7919 = FACE_OUTER_BOUND ( 'NONE', #11459, .T. ) ;
#7920 = AXIS2_PLACEMENT_3D ( 'NONE', #1831, #9126, #9971 ) ;
#7921 = ORIENTED_EDGE ( 'NONE', *, *, #10348, .T. ) ;
#7922 = CARTESIAN_POINT ( 'NONE',  ( -0.1199999999999999956, -0.3300000000000002931, -0.3999999999999999112 ) ) ;
#7923 = SURFACE_STYLE_USAGE ( .BOTH. , #9701 ) ;
#7924 = AXIS2_PLACEMENT_3D ( 'NONE', #6503, #215, #10127 ) ;
#7925 = PRESENTATION_LAYER_ASSIGNMENT (  '', '', ( #4555 ) ) ;
#7927 = DIRECTION ( 'NONE',  ( -1.000000000000000000, -0.000000000000000000, -0.000000000000000000 ) ) ;
#7926 =( GEOMETRIC_REPRESENTATION_CONTEXT ( 3 ) GLOBAL_UNCERTAINTY_ASSIGNED_CONTEXT ( ( #880 ) ) GLOBAL_UNIT_ASSIGNED_CONTEXT ( ( #7508, #6688, #6629 ) ) REPRESENTATION_CONTEXT ( 'NONE', 'WORKASPACE' ) );
#7928 = UNCERTAINTY_MEASURE_WITH_UNIT (LENGTH_MEASURE( 1.000000000000000082E-05 ), #5950, 'distance_accuracy_value', 'NONE');
#7929 = ORIENTED_EDGE ( 'NONE', *, *, #8236, .T. ) ;
#7930 = EDGE_CURVE ( 'NONE', #11200, #1036, #8105, .T. ) ;
#7931 = ORIENTED_EDGE ( 'NONE', *, *, #3049, .T. ) ;
#7932 = CARTESIAN_POINT ( 'NONE',  ( 0.7208947507368492769, -0.03723473558547921169, -0.6999999999999999556 ) ) ;
#7933 = CARTESIAN_POINT ( 'NONE',  ( 0.7474390243902437891, -0.003048780487804958819, -0.6999999999999999556 ) ) ;
#7934 = PRESENTATION_LAYER_ASSIGNMENT (  '', '', ( #2854 ) ) ;
#7935 = MECHANICAL_DESIGN_GEOMETRIC_PRESENTATION_REPRESENTATION (  '', ( #2288 ), #7737 ) ;
#7936 = FILL_AREA_STYLE ('',( #5994 ) ) ;
#7937 = PRESENTATION_LAYER_ASSIGNMENT (  '', '', ( #8288 ) ) ;
#7938 = CARTESIAN_POINT ( 'NONE',  ( 0.2170871215250385344, 0.1800000000000000766, -0.4999999999999998890 ) ) ;
#7939 = CARTESIAN_POINT ( 'NONE',  ( 0.3599999999999999867, -0.1800000000000001876, -0.04999999999999969746 ) ) ;
#7940 = DIRECTION ( 'NONE',  ( 1.000000000000000000, 1.355252715606880296E-16, 0.000000000000000000 ) ) ;
#7941 =( NAMED_UNIT ( * ) SI_UNIT ( $, .STERADIAN. ) SOLID_ANGLE_UNIT ( ) );
#7942 = DIRECTION ( 'NONE',  ( -1.000000000000000000, -0.000000000000000000, -0.000000000000000000 ) ) ;
#7943 = CARTESIAN_POINT ( 'NONE',  ( 0.7706097560975608829, 0.04485518292682912772, -0.6989999999999999547 ) ) ;
#7944 = PLANE ( 'NONE',  #6451 ) ;
#7945 =( GEOMETRIC_REPRESENTATION_CONTEXT ( 3 ) GLOBAL_UNCERTAINTY_ASSIGNED_CONTEXT ( ( #9498 ) ) GLOBAL_UNIT_ASSIGNED_CONTEXT ( ( #10584, #8779, #11291 ) ) REPRESENTATION_CONTEXT ( 'NONE', 'WORKASPACE' ) );
#7946 = CIRCLE ( 'NONE', #10397, 0.05500000000000003497 ) ;
#7947 =( NAMED_UNIT ( * ) SI_UNIT ( $, .STERADIAN. ) SOLID_ANGLE_UNIT ( ) );
#7948 = ORIENTED_EDGE ( 'NONE', *, *, #5423, .T. ) ;
#7949 = VERTEX_POINT ( 'NONE', #1000 ) ;
#7950 = PRESENTATION_LAYER_ASSIGNMENT (  '', '', ( #9252 ) ) ;
#7951 = ORIENTED_EDGE ( 'NONE', *, *, #4718, .F. ) ;
#7952 = CARTESIAN_POINT ( 'NONE',  ( 0.7199999999999998623, 0.02134146341463407162, -0.6999999999999999556 ) ) ;
#7953 = DIRECTION ( 'NONE',  ( -0.000000000000000000, -0.000000000000000000, -1.000000000000000000 ) ) ;
#7955 = ORIENTED_EDGE ( 'NONE', *, *, #8323, .T. ) ;
#7954 =( LENGTH_UNIT ( ) NAMED_UNIT ( * ) SI_UNIT ( .MILLI., .METRE. ) );
#7956 = CARTESIAN_POINT ( 'NONE',  ( -0.1429128784747791536, 0.1799999999999998823, -0.4999999999999998890 ) ) ;
#7957 = PRESENTATION_STYLE_ASSIGNMENT (( #11508 ) ) ;
#7958 = FILL_AREA_STYLE ('',( #8827 ) ) ;
#7959 = DIRECTION ( 'NONE',  ( 0.000000000000000000, -1.000000000000000000, 0.000000000000000000 ) ) ;
#7960 =( NAMED_UNIT ( * ) SI_UNIT ( $, .STERADIAN. ) SOLID_ANGLE_UNIT ( ) );
#7961 = CARTESIAN_POINT ( 'NONE',  ( 0.5000000000000003331, 0.2800000000000000266, -0.1999999999999998723 ) ) ;
#7962 = ORIENTED_EDGE ( 'NONE', *, *, #6528, .F. ) ;
#7963 = EDGE_CURVE ( 'NONE', #11444, #3805, #8626, .T. ) ;
#7964 = DIRECTION ( 'NONE',  ( 0.000000000000000000, -1.000000000000000000, 2.464095846557965483E-15 ) ) ;
#7965 = CIRCLE ( 'NONE', #628, 0.05499999999999997946 ) ;
#7966 = UNCERTAINTY_MEASURE_WITH_UNIT (LENGTH_MEASURE( 1.000000000000000082E-05 ), #3001, 'distance_accuracy_value', 'NONE');
#7967 =( NAMED_UNIT ( * ) PLANE_ANGLE_UNIT ( ) SI_UNIT ( $, .RADIAN. ) );
#7968 = ORIENTED_EDGE ( 'NONE', *, *, #9050, .F. ) ;
#7969 =( LENGTH_UNIT ( ) NAMED_UNIT ( * ) SI_UNIT ( .MILLI., .METRE. ) );
#7970 = STYLED_ITEM ( 'NONE', ( #1700 ), #1889 ) ;
#7971 = CARTESIAN_POINT ( 'NONE',  ( 0.3370871215252208009, -0.1800000000000001876, -0.3999999999999999112 ) ) ;
#7972 = FILL_AREA_STYLE_COLOUR ( '', #7001 ) ;
#7973 = CARTESIAN_POINT ( 'NONE',  ( 0.8019999999999994911, -0.2800000000000000266, -0.1999999999999999001 ) ) ;
#7974 = PRESENTATION_LAYER_ASSIGNMENT (  '', '', ( #8320 ) ) ;
#7975 =( LENGTH_UNIT ( ) NAMED_UNIT ( * ) SI_UNIT ( .MILLI., .METRE. ) );
#7976 = EDGE_LOOP ( 'NONE', ( #9520, #2621, #10092, #5487 ) ) ;
#7977 = STYLED_ITEM ( 'NONE', ( #1104 ), #10641 ) ;
#7978 = DIRECTION ( 'NONE',  ( 0.000000000000000000, 1.000000000000000000, -1.971276677246372308E-15 ) ) ;
#7979 = EDGE_CURVE ( 'NONE', #9060, #3136, #2995, .T. ) ;
#7980 = AXIS2_PLACEMENT_3D ( 'NONE', #6434, #7369, #2684 ) ;
#7981 =( NAMED_UNIT ( * ) PLANE_ANGLE_UNIT ( ) SI_UNIT ( $, .RADIAN. ) );
#7982 = CARTESIAN_POINT ( 'NONE',  ( 0.7443711890243900342, -0.05548780487804889222, -0.6989999999999999547 ) ) ;
#7983 = VERTEX_POINT ( 'NONE', #885 ) ;
#7984 = DIRECTION ( 'NONE',  ( -1.000000000000000000, 0.000000000000000000, 0.000000000000000000 ) ) ;
#7985 = CARTESIAN_POINT ( 'NONE',  ( -0.2170871215252210829, -0.1800000000000001321, -0.09999999999999988065 ) ) ;
#7986 = VECTOR ( 'NONE', #407, 1000.000000000000000 ) ;
#7987 =( NAMED_UNIT ( * ) PLANE_ANGLE_UNIT ( ) SI_UNIT ( $, .RADIAN. ) );
#7988 = CARTESIAN_POINT ( 'NONE',  ( 0.7419512195121950038, -0.003048780487804958819, -0.6989999999999999547 ) ) ;
#7989 = MECHANICAL_DESIGN_GEOMETRIC_PRESENTATION_REPRESENTATION (  '', ( #3087 ), #3668 ) ;
#7990 = VERTEX_POINT ( 'NONE', #6281 ) ;
#7991 = CARTESIAN_POINT ( 'NONE',  ( -0.2170871215252210273, -0.1800000000000000211, -0.09999999999999988065 ) ) ;
#7992 = ORIENTED_EDGE ( 'NONE', *, *, #11500, .T. ) ;
#7993 = CARTESIAN_POINT ( 'NONE',  ( 0.7498679273569035519, -0.05506511096647068865, -0.6990000000000001767 ) ) ;
#7994 = ADVANCED_FACE ( 'NONE', ( #3743 ), #6440, .T. ) ;
#7995 = FILL_AREA_STYLE_COLOUR ( '', #6565 ) ;
#7996 =( GEOMETRIC_REPRESENTATION_CONTEXT ( 3 ) GLOBAL_UNCERTAINTY_ASSIGNED_CONTEXT ( ( #7561 ) ) GLOBAL_UNIT_ASSIGNED_CONTEXT ( ( #7242, #9857, #8761 ) ) REPRESENTATION_CONTEXT ( 'NONE', 'WORKASPACE' ) );
#7997 = CARTESIAN_POINT ( 'NONE',  ( 0.8019999999999994911, 0.2800000000000000266, -0.1999999999999998723 ) ) ;
#7998 = EDGE_CURVE ( 'NONE', #9020, #9729, #1108, .T. ) ;
#7999 = PRESENTATION_STYLE_ASSIGNMENT (( #9716 ) ) ;
#8000 = DIRECTION ( 'NONE',  ( -1.000000000000000000, -0.000000000000000000, -0.000000000000000000 ) ) ;
#8001 = FILL_AREA_STYLE_COLOUR ( '', #7018 ) ;
#8002 = STYLED_ITEM ( 'NONE', ( #3711 ), #4444 ) ;
#8003 = CARTESIAN_POINT ( 'NONE',  ( 0.000000000000000000, -0.1800000000000001876, -0.1999999999999998723 ) ) ;
#8004 = FILL_AREA_STYLE ('',( #4421 ) ) ;
#8005 = B_SPLINE_CURVE_WITH_KNOTS ( 'NONE', 3,
 ( #7019, #6954, #6843, #8593, #11520, #1491, #10520, #5968, #5149, #10582, #6083 ),
 .UNSPECIFIED., .F., .F.,
 ( 4, 1, 1, 1, 1, 1, 1, 1, 4 ),
 ( 0.000000000000000000, 0.1252796967356235025, 0.2494199707420483858, 0.3733567994928193023, 0.4966812787822841302, 0.6202029157439812312, 0.7450863201614558173, 0.8712691950190976087, 1.000000000000000000 ),
 .UNSPECIFIED. ) ;
#8006 = ORIENTED_EDGE ( 'NONE', *, *, #2776, .T. ) ;
#8007 = MECHANICAL_DESIGN_GEOMETRIC_PRESENTATION_REPRESENTATION (  '', ( #3491 ), #3282 ) ;
#8008 = ORIENTED_EDGE ( 'NONE', *, *, #10064, .F. ) ;
#8009 = LINE ( 'NONE', #11388, #3565 ) ;
#8010 = DIRECTION ( 'NONE',  ( -0.000000000000000000, -0.000000000000000000, -1.000000000000000000 ) ) ;
#8011 = VECTOR ( 'NONE', #2689, 1000.000000000000000 ) ;
#8013 = VERTEX_POINT ( 'NONE', #8989 ) ;
#8012 = PRESENTATION_STYLE_ASSIGNMENT (( #8948 ) ) ;
#8014 = DIRECTION ( 'NONE',  ( -1.000000000000000000, 0.000000000000000000, 0.000000000000000000 ) ) ;
#8015 = DIRECTION ( 'NONE',  ( 0.000000000000000000, 1.000000000000000000, 0.000000000000000000 ) ) ;
#8016 = CARTESIAN_POINT ( 'NONE',  ( 0.7626995910960899794, 0.03248036304379750550, -0.6990000000000000657 ) ) ;
#8017 = CARTESIAN_POINT ( 'NONE',  ( 0.5000000000000004441, -0.4000000000000001332, -0.6700000000000000400 ) ) ;
#8018 = EDGE_LOOP ( 'NONE', ( #2972, #7626, #11385, #6676 ) ) ;
#8019 = UNCERTAINTY_MEASURE_WITH_UNIT (LENGTH_MEASURE( 1.000000000000000082E-05 ), #3348, 'distance_accuracy_value', 'NONE');
#8020 = CARTESIAN_POINT ( 'NONE',  ( 0.8019999999999994911, -0.1800000000000000211, -0.09999999999999988065 ) ) ;
#8021 = ORIENTED_EDGE ( 'NONE', *, *, #10665, .T. ) ;
#8022 = PLANE ( 'NONE',  #7495 ) ;
#8023 = CARTESIAN_POINT ( 'NONE',  ( 0.7476923403598408902, 0.06154434608049075273, -0.6989999999999998437 ) ) ;
#8024 = MECHANICAL_DESIGN_GEOMETRIC_PRESENTATION_REPRESENTATION (  '', ( #3511 ), #2202 ) ;
#8025 = EDGE_CURVE ( 'NONE', #3600, #5394, #9219, .T. ) ;
#8027 = ORIENTED_EDGE ( 'NONE', *, *, #2656, .T. ) ;
#8026 =( LENGTH_UNIT ( ) NAMED_UNIT ( * ) SI_UNIT ( .MILLI., .METRE. ) );
#8028 = CARTESIAN_POINT ( 'NONE',  ( 0.7605072377475304846, -0.04221895687313035467, -0.7000000000000002887 ) ) ;
#8029 = AXIS2_PLACEMENT_3D ( 'NONE', #9602, #7835, #6881 ) ;
#8030 = SURFACE_STYLE_USAGE ( .BOTH. , #6319 ) ;
#8031 = CARTESIAN_POINT ( 'NONE',  ( -0.3829128784747791725, 0.1799999999999998823, -0.4999999999999998890 ) ) ;
#8032 = ORIENTED_EDGE ( 'NONE', *, *, #6318, .T. ) ;
#8033 = ORIENTED_EDGE ( 'NONE', *, *, #2100, .F. ) ;
#8034 = MECHANICAL_DESIGN_GEOMETRIC_PRESENTATION_REPRESENTATION (  '', ( #2943 ), #9538 ) ;
#8035 = MECHANICAL_DESIGN_GEOMETRIC_PRESENTATION_REPRESENTATION (  '', ( #4288 ), #129 ) ;
#8036 = CARTESIAN_POINT ( 'NONE',  ( 0.8019999999999994911, -0.1800000000000000211, -0.09999999999999988065 ) ) ;
#8037 = EDGE_CURVE ( 'NONE', #3093, #9522, #11010, .T. ) ;
#8038 = ORIENTED_EDGE ( 'NONE', *, *, #3206, .T. ) ;
#8039 = VECTOR ( 'NONE', #8640, 1000.000000000000000 ) ;
#8040 = CARTESIAN_POINT ( 'NONE',  ( 0.7265866782741136065, -0.04805897454292493154, -0.6989999999999997327 ) ) ;
#8041 = FACE_OUTER_BOUND ( 'NONE', #7976, .T. ) ;
#8042 = CARTESIAN_POINT ( 'NONE',  ( 0.7280792682926827686, 0.03109756097560961718, -0.6989999999999999547 ) ) ;
#8043 =( BOUNDED_CURVE ( )  B_SPLINE_CURVE ( 3, ( #1541, #8708, #9679, #1604 ),
 .UNSPECIFIED., .F., .T. ) 
 B_SPLINE_CURVE_WITH_KNOTS ( ( 4, 4 ),
 ( 1.570796326794896558, 3.141592653589793116 ),
 .UNSPECIFIED. ) 
 CURVE ( )  GEOMETRIC_REPRESENTATION_ITEM ( )  RATIONAL_B_SPLINE_CURVE ( ( 1.000000000000000000, 0.8047378541243649375, 0.8047378541243649375, 1.000000000000000000 ) ) 
 REPRESENTATION_ITEM ( '' )  );
#8044 = CIRCLE ( 'NONE', #4486, 0.05500000000000003497 ) ;
#8045 = DIRECTION ( 'NONE',  ( 0.000000000000000000, 0.000000000000000000, -1.000000000000000000 ) ) ;
#8046 = SURFACE_SIDE_STYLE ('',( #8982 ) ) ;
#8047 = EDGE_CURVE ( 'NONE', #4878, #8918, #8094, .T. ) ;
#8048 = UNCERTAINTY_MEASURE_WITH_UNIT (LENGTH_MEASURE( 1.000000000000000082E-05 ), #6916, 'distance_accuracy_value', 'NONE');
#8049 = VERTEX_POINT ( 'NONE', #1214 ) ;
#8050 = VERTEX_POINT ( 'NONE', #2043 ) ;
#8051 = PRESENTATION_LAYER_ASSIGNMENT (  '', '', ( #3726 ) ) ;
#8052 = CARTESIAN_POINT ( 'NONE',  ( 0.7699999999999997957, -0.02883955792682937544, -0.6989999999999999547 ) ) ;
#8053 = CARTESIAN_POINT ( 'NONE',  ( 0.05500000000000000028, 0.3299999999999999600, -0.1999999999999999001 ) ) ;
#8054 = EDGE_CURVE ( 'NONE', #5791, #8955, #9216, .T. ) ;
#8055 = CARTESIAN_POINT ( 'NONE',  ( 0.8019999999999994911, -0.1800000000000000211, -0.4999999999999998890 ) ) ;
#8056 = DIRECTION ( 'NONE',  ( 0.000000000000000000, 0.000000000000000000, -1.000000000000000000 ) ) ;
#8057 = AXIS2_PLACEMENT_3D ( 'NONE', #3813, #3755, #10083 ) ;
#8058 = LINE ( 'NONE', #7055, #803 ) ;
#8059 = SURFACE_SIDE_STYLE ('',( #1880 ) ) ;
#8060 = EDGE_CURVE ( 'NONE', #5988, #2681, #5653, .T. ) ;
#8061 = FILL_AREA_STYLE ('',( #895 ) ) ;
#8062 = MECHANICAL_DESIGN_GEOMETRIC_PRESENTATION_REPRESENTATION (  '', ( #1660 ), #7677 ) ;
#8063 = ORIENTED_EDGE ( 'NONE', *, *, #7199, .F. ) ;
#8064 = DIRECTION ( 'NONE',  ( 0.000000000000000000, 0.000000000000000000, -1.000000000000000000 ) ) ;
#8065 = ORIENTED_EDGE ( 'NONE', *, *, #1355, .F. ) ;
#8066 =( LENGTH_UNIT ( ) NAMED_UNIT ( * ) SI_UNIT ( .MILLI., .METRE. ) );
#8067 = EDGE_CURVE ( 'NONE', #1472, #4988, #7332, .T. ) ;
#8068 = ORIENTED_EDGE ( 'NONE', *, *, #180, .F. ) ;
#8069 = VECTOR ( 'NONE', #9204, 1000.000000000000000 ) ;
#8070 = SURFACE_SIDE_STYLE ('',( #4492 ) ) ;
#8071 = CARTESIAN_POINT ( 'NONE',  ( 0.7199999999999998623, 0.02134146341463407162, -0.6999999999999999556 ) ) ;
#8072 = PRESENTATION_LAYER_ASSIGNMENT (  '', '', ( #6923 ) ) ;
#8073 = CARTESIAN_POINT ( 'NONE',  ( 0.7643412487132871247, 0.03704262831464852357, -0.6999999999999998446 ) ) ;
#8074 = DIRECTION ( 'NONE',  ( 2.710505431213760592E-16, -1.000000000000000000, 0.000000000000000000 ) ) ;
#8075 = EDGE_LOOP ( 'NONE', ( #8267, #3321, #1146, #2715 ) ) ;
#8076 = MECHANICAL_DESIGN_GEOMETRIC_PRESENTATION_REPRESENTATION (  '', ( #11094 ), #9973 ) ;
#8077 = CARTESIAN_POINT ( 'NONE',  ( 0.7208810162235778085, 0.03230699268645654404, -0.6989999999999998437 ) ) ;
#8078 = CARTESIAN_POINT ( 'NONE',  ( 0.7598504397977695612, 0.05673533901101516369, -0.6990000000000002878 ) ) ;
#8080 = EDGE_LOOP ( 'NONE', ( #1471, #2672, #1473, #7135 ) ) ;
#8079 =( LENGTH_UNIT ( ) NAMED_UNIT ( * ) SI_UNIT ( .MILLI., .METRE. ) );
#8081 = CARTESIAN_POINT ( 'NONE',  ( 0.7642117025471891756, -0.03341399861316855097, -0.6999999999999998446 ) ) ;
#8082 = FILL_AREA_STYLE ('',( #9872 ) ) ;
#8083 = DIRECTION ( 'NONE',  ( 0.000000000000000000, 0.000000000000000000, 1.000000000000000000 ) ) ;
#8084 = CARTESIAN_POINT ( 'NONE',  ( 0.7255024536640922728, -0.03003742171845526221, -0.6999999999999999556 ) ) ;
#8085 = EDGE_LOOP ( 'NONE', ( #7328, #5832, #1511, #7929 ) ) ;
#8086 = ORIENTED_EDGE ( 'NONE', *, *, #8476, .F. ) ;
#8087 =( GEOMETRIC_REPRESENTATION_CONTEXT ( 3 ) GLOBAL_UNCERTAINTY_ASSIGNED_CONTEXT ( ( #11008 ) ) GLOBAL_UNIT_ASSIGNED_CONTEXT ( ( #6282, #6340, #2045 ) ) REPRESENTATION_CONTEXT ( 'NONE', 'WORKASPACE' ) );
#8088 = VECTOR ( 'NONE', #8211, 1000.000000000000000 ) ;
#8089 = LINE ( 'NONE', #4510, #1519 ) ;
#8090 = SURFACE_SIDE_STYLE ('',( #4512 ) ) ;
#8091 = CARTESIAN_POINT ( 'NONE',  ( 0.7504878048780486699, -0.07292301829268306446, -0.6989999999999999547 ) ) ;
#8092 =( GEOMETRIC_REPRESENTATION_CONTEXT ( 3 ) GLOBAL_UNCERTAINTY_ASSIGNED_CONTEXT ( ( #4007 ) ) GLOBAL_UNIT_ASSIGNED_CONTEXT ( ( #10749, #5198, #841 ) ) REPRESENTATION_CONTEXT ( 'NONE', 'WORKASPACE' ) );
#8093 = VERTEX_POINT ( 'NONE', #3913 ) ;
#8094 = CIRCLE ( 'NONE', #4536, 0.09999999999999999167 ) ;
#8095 = CARTESIAN_POINT ( 'NONE',  ( 0.7301817374440764397, -0.05132407974441315773, -0.6999999999999999556 ) ) ;
#8096 = FILL_AREA_STYLE_COLOUR ( '', #6297 ) ;
#8097 = SURFACE_STYLE_FILL_AREA ( #8208 ) ;
#8098 = SURFACE_STYLE_USAGE ( .BOTH. , #8046 ) ;
#8099 =( GEOMETRIC_REPRESENTATION_CONTEXT ( 3 ) GLOBAL_UNCERTAINTY_ASSIGNED_CONTEXT ( ( #9052 ) ) GLOBAL_UNIT_ASSIGNED_CONTEXT ( ( #7897, #2771, #1777 ) ) REPRESENTATION_CONTEXT ( 'NONE', 'WORKASPACE' ) );
#8100 = PRESENTATION_LAYER_ASSIGNMENT (  '', '', ( #7721 ) ) ;
#8101 = ORIENTED_EDGE ( 'NONE', *, *, #687, .F. ) ;
#8102 = EDGE_CURVE ( 'NONE', #11669, #904, #10155, .T. ) ;
#8103 = ORIENTED_EDGE ( 'NONE', *, *, #86, .F. ) ;
#8104 = CIRCLE ( 'NONE', #8265, 0.09999999999999999167 ) ;
#8105 = LINE ( 'NONE', #7329, #2079 ) ;
#8106 =( LENGTH_UNIT ( ) NAMED_UNIT ( * ) SI_UNIT ( .MILLI., .METRE. ) );
#8107 = SURFACE_STYLE_USAGE ( .BOTH. , #11014 ) ;
#8108 = STYLED_ITEM ( 'NONE', ( #5012 ), #404 ) ;
#8109 = VECTOR ( 'NONE', #9167, 1000.000000000000000 ) ;
#8110 =( BOUNDED_CURVE ( )  B_SPLINE_CURVE ( 3, ( #8437, #4059, #3143, #2973 ),
 .UNSPECIFIED., .F., .F. ) 
 B_SPLINE_CURVE_WITH_KNOTS ( ( 4, 4 ),
 ( 3.141592653589793116, 4.712388980384689674 ),
 .UNSPECIFIED. ) 
 CURVE ( )  GEOMETRIC_REPRESENTATION_ITEM ( )  RATIONAL_B_SPLINE_CURVE ( ( 1.000000000000000000, 0.8047378541243649375, 0.8047378541243649375, 1.000000000000000000 ) ) 
 REPRESENTATION_ITEM ( '' )  );
#8111 = DIRECTION ( 'NONE',  ( 0.000000000000000000, 1.000000000000000000, -2.578241652818821251E-15 ) ) ;
#8112 = MECHANICAL_DESIGN_GEOMETRIC_PRESENTATION_REPRESENTATION (  '', ( #1340 ), #5504 ) ;
#8113 = SURFACE_STYLE_FILL_AREA ( #5240 ) ;
#8114 = LINE ( 'NONE', #9842, #2897 ) ;
#8115 = LINE ( 'NONE', #5428, #8370 ) ;
#8116 = EDGE_LOOP ( 'NONE', ( #10077, #3974, #7811, #6005 ) ) ;
#8117 = ORIENTED_EDGE ( 'NONE', *, *, #1542, .F. ) ;
#8118 = MECHANICAL_DESIGN_GEOMETRIC_PRESENTATION_REPRESENTATION (  '', ( #6601 ), #1162 ) ;
#8119 = COLOUR_RGB ( '',0.9098039215686274384, 0.4431372549019607643, 0.03137254901960784270 ) ;
#8120 = FILL_AREA_STYLE ('',( #226 ) ) ;
#8121 = EDGE_CURVE ( 'NONE', #3725, #7657, #4903, .T. ) ;
#8122 = FACE_OUTER_BOUND ( 'NONE', #5522, .T. ) ;
#8123 = EDGE_CURVE ( 'NONE', #6962, #9020, #1273, .T. ) ;
#8125 = VERTEX_POINT ( 'NONE', #1157 ) ;
#8124 = SURFACE_STYLE_USAGE ( .BOTH. , #9009 ) ;
#8126 = FILL_AREA_STYLE_COLOUR ( '', #568 ) ;
#8127 = PRESENTATION_LAYER_ASSIGNMENT (  '', '', ( #6427 ) ) ;
#8128 = FACE_OUTER_BOUND ( 'NONE', #7205, .T. ) ;
#8129 =( LENGTH_UNIT ( ) NAMED_UNIT ( * ) SI_UNIT ( .MILLI., .METRE. ) );
#8130 = MECHANICAL_DESIGN_GEOMETRIC_PRESENTATION_REPRESENTATION (  '', ( #5329 ), #11162 ) ;
#8131 = LINE ( 'NONE', #54, #5433 ) ;
#8132 = ORIENTED_EDGE ( 'NONE', *, *, #1485, .T. ) ;
#8133 = UNCERTAINTY_MEASURE_WITH_UNIT (LENGTH_MEASURE( 1.000000000000000082E-05 ), #7954, 'distance_accuracy_value', 'NONE');
#8134 = CARTESIAN_POINT ( 'NONE',  ( 0.7208810162235778085, 0.03230699268645654404, -0.6999999999999998446 ) ) ;
#8135 =( NAMED_UNIT ( * ) PLANE_ANGLE_UNIT ( ) SI_UNIT ( $, .RADIAN. ) );
#8136 = FILL_AREA_STYLE_COLOUR ( '', #8915 ) ;
#8137 = ORIENTED_EDGE ( 'NONE', *, *, #8037, .T. ) ;
#8138 = CARTESIAN_POINT ( 'NONE',  ( 0.7529224795137733350, -0.04751678783719726074, -0.7000000000000000666 ) ) ;
#8139 = ADVANCED_FACE ( 'NONE', ( #10121 ), #11245, .T. ) ;
#8140 = SURFACE_STYLE_USAGE ( .BOTH. , #1040 ) ;
#8141 = CARTESIAN_POINT ( 'NONE',  ( 0.06499999999999997446, 0.3299999999999999600, -0.3999999999999999667 ) ) ;
#8142 = ORIENTED_EDGE ( 'NONE', *, *, #8833, .F. ) ;
#8143 = B_SPLINE_CURVE_WITH_KNOTS ( 'NONE', 3,
 ( #2495, #5266, #8772, #725, #1662, #6950, #4383, #7848, #9745, #11575, #1842, #2, #2611, #10822, #8837, #9678, #10760, #1603, #3354 ),
 .UNSPECIFIED., .F., .F.,
 ( 4, 1, 1, 1, 1, 1, 1, 1, 1, 1, 1, 1, 1, 1, 1, 1, 4 ),
 ( 0.000000000000000000, 0.07377411937406366804, 0.1440791147260408189, 0.2113485183089132136, 0.2760768857398834819, 0.3385209158196749724, 0.3998851166931320367, 0.4602540674652122465, 0.5205889643912470222, 0.5802076845630433910, 0.6386329085525446203, 0.6963645494905228439, 0.7540017746600127246, 0.8128056813744976017, 0.8727544255255599293, 0.9351819969782669828, 0.9999999999999998890 ),
 .UNSPECIFIED. ) ;
#8144 = FACE_OUTER_BOUND ( 'NONE', #7115, .T. ) ;
#8145 = DIRECTION ( 'NONE',  ( 0.000000000000000000, 1.000000000000000000, 0.000000000000000000 ) ) ;
#8146 = CARTESIAN_POINT ( 'NONE',  ( -0.2399999999999999911, -0.3300000000000002931, -0.3999999999999999112 ) ) ;
#8147 = ORIENTED_EDGE ( 'NONE', *, *, #11582, .T. ) ;
#8148 = STYLED_ITEM ( 'NONE', ( #5758 ), #10365 ) ;
#8149 = CARTESIAN_POINT ( 'NONE',  ( 0.7254878048780486477, 0.01463414634146333569, -0.6989999999999999547 ) ) ;
#8150 = DIRECTION ( 'NONE',  ( 0.000000000000000000, -1.000000000000000000, 0.000000000000000000 ) ) ;
#8151 = CARTESIAN_POINT ( 'NONE',  ( 0.1199999999999999956, -0.3300000000000002931, -0.1999999999999999001 ) ) ;
#8152 = PRESENTATION_LAYER_ASSIGNMENT (  '', '', ( #10833 ) ) ;
#8153 = UNCERTAINTY_MEASURE_WITH_UNIT (LENGTH_MEASURE( 1.000000000000000082E-05 ), #10808, 'distance_accuracy_value', 'NONE');
#8154 = VECTOR ( 'NONE', #6523, 1000.000000000000000 ) ;
#8155 = AXIS2_PLACEMENT_3D ( 'NONE', #11648, #3733, #7146 ) ;
#8156 = ORIENTED_EDGE ( 'NONE', *, *, #8162, .F. ) ;
#8157 = DIRECTION ( 'NONE',  ( -1.000000000000000000, -0.000000000000000000, -0.000000000000000000 ) ) ;
#8158 = FILL_AREA_STYLE ('',( #4810 ) ) ;
#8159 = PRESENTATION_STYLE_ASSIGNMENT (( #8107 ) ) ;
#8160 =( GEOMETRIC_REPRESENTATION_CONTEXT ( 3 ) GLOBAL_UNCERTAINTY_ASSIGNED_CONTEXT ( ( #2372 ) ) GLOBAL_UNIT_ASSIGNED_CONTEXT ( ( #5185, #5827, #4126 ) ) REPRESENTATION_CONTEXT ( 'NONE', 'WORKASPACE' ) );
#8161 = STYLED_ITEM ( 'NONE', ( #262 ), #1235 ) ;
#8162 = EDGE_CURVE ( 'NONE', #5415, #1361, #2273, .T. ) ;
#8163 = DIRECTION ( 'NONE',  ( -1.000000000000000000, -0.000000000000000000, -0.000000000000000000 ) ) ;
#8164 = PRESENTATION_LAYER_ASSIGNMENT (  '', '', ( #82 ) ) ;
#8165 = LINE ( 'NONE', #8261, #3867 ) ;
#8166 = DIRECTION ( 'NONE',  ( -0.000000000000000000, 0.000000000000000000, -1.000000000000000000 ) ) ;
#8167 = CARTESIAN_POINT ( 'NONE',  ( 0.8019999999999994911, -0.1800000000000000211, -0.1999999999999998723 ) ) ;
#8168 =( NAMED_UNIT ( * ) PLANE_ANGLE_UNIT ( ) SI_UNIT ( $, .RADIAN. ) );
#8169 = ORIENTED_EDGE ( 'NONE', *, *, #3022, .F. ) ;
#8170 = SURFACE_STYLE_FILL_AREA ( #10740 ) ;
#8171 = VERTEX_POINT ( 'NONE', #326 ) ;
#8172 = COLOUR_RGB ( '',1.000000000000000000, 1.000000000000000000, 1.000000000000000000 ) ;
#8173 = AXIS2_PLACEMENT_3D ( 'NONE', #7418, #188, #9191 ) ;
#8174 =( NAMED_UNIT ( * ) SI_UNIT ( $, .STERADIAN. ) SOLID_ANGLE_UNIT ( ) );
#8176 = VERTEX_POINT ( 'NONE', #3021 ) ;
#8175 = FILL_AREA_STYLE_COLOUR ( '', #2788 ) ;
#8177 = EDGE_CURVE ( 'NONE', #6745, #6841, #7515, .T. ) ;
#8178 = PRESENTATION_STYLE_ASSIGNMENT (( #7348 ) ) ;
#8179 = AXIS2_PLACEMENT_3D ( 'NONE', #4909, #1479, #3954 ) ;
#8180 = VECTOR ( 'NONE', #9952, 1000.000000000000000 ) ;
#8181 =( NAMED_UNIT ( * ) PLANE_ANGLE_UNIT ( ) SI_UNIT ( $, .RADIAN. ) );
#8182 = PRESENTATION_LAYER_ASSIGNMENT (  '', '', ( #7062 ) ) ;
#8183 = FILL_AREA_STYLE_COLOUR ( '', #7175 ) ;
#8184 = FACE_OUTER_BOUND ( 'NONE', #8848, .T. ) ;
#8185 = ORIENTED_EDGE ( 'NONE', *, *, #8476, .T. ) ;
#8186 = EDGE_CURVE ( 'NONE', #7103, #3585, #10235, .T. ) ;
#8187 = STYLED_ITEM ( 'NONE', ( #7792 ), #11646 ) ;
#8188 = DIRECTION ( 'NONE',  ( 0.000000000000000000, 2.464095846557963117E-15, 1.000000000000000000 ) ) ;
#8189 =( GEOMETRIC_REPRESENTATION_CONTEXT ( 3 ) GLOBAL_UNCERTAINTY_ASSIGNED_CONTEXT ( ( #6725 ) ) GLOBAL_UNIT_ASSIGNED_CONTEXT ( ( #1408, #1463, #8680 ) ) REPRESENTATION_CONTEXT ( 'NONE', 'WORKASPACE' ) );
#8190 = FILL_AREA_STYLE ('',( #3828 ) ) ;
#8191 = FACE_OUTER_BOUND ( 'NONE', #1597, .T. ) ;
#8192 = ADVANCED_FACE ( 'NONE', ( #8550 ), #5749, .T. ) ;
#8194 = EDGE_LOOP ( 'NONE', ( #6364, #9174, #6199, #7695 ) ) ;
#8193 = CARTESIAN_POINT ( 'NONE',  ( -0.3599999999999999867, 0.3300000000000000155, -0.1999999999999999001 ) ) ;
#8195 = CARTESIAN_POINT ( 'NONE',  ( 0.7445141006097559799, -0.04878048780487816150, -0.6999999999999999556 ) ) ;
#8196 = SURFACE_STYLE_USAGE ( .BOTH. , #5568 ) ;
#8197 = CARTESIAN_POINT ( 'NONE',  ( 0.7642117025471891756, -0.03341399861316855097, -0.6999999999999998446 ) ) ;
#8198 = ORIENTED_EDGE ( 'NONE', *, *, #6807, .T. ) ;
#8199 = EDGE_CURVE ( 'NONE', #10981, #3385, #3868, .T. ) ;
#8200 = SURFACE_SIDE_STYLE ('',( #252 ) ) ;
#8201 = LINE ( 'NONE', #139, #1148 ) ;
#8202 = ADVANCED_FACE ( 'NONE', ( #8722 ), #6905, .T. ) ;
#8203 = CARTESIAN_POINT ( 'NONE',  ( 0.7498679273569035519, -0.05506511096647068865, -0.7000000000000001776 ) ) ;
#8204 = FILL_AREA_STYLE_COLOUR ( '', #7787 ) ;
#8205 = ORIENTED_EDGE ( 'NONE', *, *, #6664, .T. ) ;
#8206 = SURFACE_STYLE_USAGE ( .BOTH. , #10841 ) ;
#8207 =( LENGTH_UNIT ( ) NAMED_UNIT ( * ) SI_UNIT ( .MILLI., .METRE. ) );
#8208 = FILL_AREA_STYLE ('',( #6437 ) ) ;
#8209 = AXIS2_PLACEMENT_3D ( 'NONE', #8325, #7455, #1234 ) ;
#8210 = ORIENTED_EDGE ( 'NONE', *, *, #2302, .F. ) ;
#8211 = DIRECTION ( 'NONE',  ( 0.000000000000000000, -1.000000000000000000, 0.000000000000000000 ) ) ;
#8212 = CARTESIAN_POINT ( 'NONE',  ( 0.7459432164634144380, 0.06829268292682913466, -0.6989999999999999547 ) ) ;
#8213 = VECTOR ( 'NONE', #10538, 1000.000000000000000 ) ;
#8214 = CARTESIAN_POINT ( 'NONE',  ( 0.7447612320382246409, 0.06156805012968615681, -0.6989999999999998437 ) ) ;
#8215 = CARTESIAN_POINT ( 'NONE',  ( 0.7305992759659483138, 0.06429486745722559626, -0.6999999999999998446 ) ) ;
#8216 = CARTESIAN_POINT ( 'NONE',  ( 0.7257537652829413322, -0.03345974045676376046, -0.6999999999999997335 ) ) ;
#8217 =( NAMED_UNIT ( * ) SI_UNIT ( $, .STERADIAN. ) SOLID_ANGLE_UNIT ( ) );
#8218 = ORIENTED_EDGE ( 'NONE', *, *, #5702, .T. ) ;
#8219 = DIRECTION ( 'NONE',  ( 0.000000000000000000, 0.000000000000000000, -1.000000000000000000 ) ) ;
#8220 = ORIENTED_EDGE ( 'NONE', *, *, #10766, .T. ) ;
#8221 =( LENGTH_UNIT ( ) NAMED_UNIT ( * ) SI_UNIT ( .MILLI., .METRE. ) );
#8222 = FILL_AREA_STYLE ('',( #6237 ) ) ;
#8224 = ORIENTED_EDGE ( 'NONE', *, *, #3496, .T. ) ;
#8223 = SURFACE_SIDE_STYLE ('',( #2653 ) ) ;
#8225 = VECTOR ( 'NONE', #6705, 1000.000000000000000 ) ;
#8226 = CARTESIAN_POINT ( 'NONE',  ( 0.7699999999999999067, 0.07256097560975606486, -0.6989999999999999547 ) ) ;
#8227 = PRESENTATION_LAYER_ASSIGNMENT (  '', '', ( #9560 ) ) ;
#8228 = CARTESIAN_POINT ( 'NONE',  ( 0.7638318068050117260, 0.05107842865561856849, -0.6999999999999999556 ) ) ;
#8229 = FILL_AREA_STYLE ('',( #57 ) ) ;
#8230 = ORIENTED_EDGE ( 'NONE', *, *, #2305, .T. ) ;
#8231 = UNCERTAINTY_MEASURE_WITH_UNIT (LENGTH_MEASURE( 1.000000000000000082E-05 ), #9306, 'distance_accuracy_value', 'NONE');
#8232 = MECHANICAL_DESIGN_GEOMETRIC_PRESENTATION_REPRESENTATION (  '', ( #6727 ), #3152 ) ;
#8233 = CARTESIAN_POINT ( 'NONE',  ( 0.1429128784747789038, -0.1800000000000001321, -0.09999999999999988065 ) ) ;
#8234 = EDGE_CURVE ( 'NONE', #3385, #2415, #11410, .T. ) ;
#8235 = CARTESIAN_POINT ( 'NONE',  ( -0.5000000000000004441, -0.1800000000000000211, -0.4999999999999998890 ) ) ;
#8236 = EDGE_CURVE ( 'NONE', #10205, #3600, #3582, .T. ) ;
#8237 =( GEOMETRIC_REPRESENTATION_CONTEXT ( 3 ) GLOBAL_UNCERTAINTY_ASSIGNED_CONTEXT ( ( #1561 ) ) GLOBAL_UNIT_ASSIGNED_CONTEXT ( ( #3006, #2031, #5518 ) ) REPRESENTATION_CONTEXT ( 'NONE', 'WORKASPACE' ) );
#8238 = AXIS2_PLACEMENT_3D ( 'NONE', #7785, #4814, #8369 ) ;
#8239 = COLOUR_RGB ( '',0.000000000000000000, 0.000000000000000000, 0.000000000000000000 ) ;
#8240 = CARTESIAN_POINT ( 'NONE',  ( 0.7529224795137733350, -0.04751678783719726074, -0.7000000000000000666 ) ) ;
#8241 = VERTEX_POINT ( 'NONE', #2739 ) ;
#8242 = CARTESIAN_POINT ( 'NONE',  ( 0.000000000000000000, 0.000000000000000000, 0.000000000000000000 ) ) ;
#8243 = UNCERTAINTY_MEASURE_WITH_UNIT (LENGTH_MEASURE( 1.000000000000000082E-05 ), #89, 'distance_accuracy_value', 'NONE');
#8244 = CARTESIAN_POINT ( 'NONE',  ( 0.7270282100781700896, 0.05201472030125456336, -0.6989999999999998437 ) ) ;
#8245 = AXIS2_PLACEMENT_3D ( 'NONE', #9175, #10029, #7236 ) ;
#8246 = CARTESIAN_POINT ( 'NONE',  ( -0.1199999999999999956, 0.1799999999999999378, -0.04999999999999975298 ) ) ;
#8247 = DIRECTION ( 'NONE',  ( 0.000000000000000000, 1.000000000000000000, -2.578241652818821251E-15 ) ) ;
#8248 = CARTESIAN_POINT ( 'NONE',  ( 0.8019999999999994911, -0.1800000000000000211, -0.1999999999999998723 ) ) ;
#8249 = ADVANCED_FACE ( 'NONE', ( #8144 ), #201, .T. ) ;
#8250 = VERTEX_POINT ( 'NONE', #7267 ) ;
#8251 = EDGE_CURVE ( 'NONE', #8439, #6380, #10716, .T. ) ;
#8252 = CARTESIAN_POINT ( 'NONE',  ( -0.8000000000000003775, 0.4000000000000000777, 0.000000000000000000 ) ) ;
#8253 = FILL_AREA_STYLE ('',( #5581 ) ) ;
#8254 = CIRCLE ( 'NONE', #1504, 0.09999999999999997780 ) ;
#8255 = SURFACE_STYLE_FILL_AREA ( #321 ) ;
#8256 = UNCERTAINTY_MEASURE_WITH_UNIT (LENGTH_MEASURE( 1.000000000000000082E-05 ), #8788, 'distance_accuracy_value', 'NONE');
#8257 = ORIENTED_EDGE ( 'NONE', *, *, #3451, .T. ) ;
#8258 = DIRECTION ( 'NONE',  ( -1.000000000000000000, -7.228014483236716277E-16, 0.000000000000000000 ) ) ;
#8259 = DIRECTION ( 'NONE',  ( 0.000000000000000000, -1.000000000000000000, 0.000000000000000000 ) ) ;
#8260 = DIRECTION ( 'NONE',  ( -0.000000000000000000, -0.000000000000000000, -1.000000000000000000 ) ) ;
#8261 = CARTESIAN_POINT ( 'NONE',  ( 0.7254878048780486477, 0.01463414634146333569, -0.6999999999999999556 ) ) ;
#8262 = CARTESIAN_POINT ( 'NONE',  ( 0.2629128784747787329, -0.2800000000000000266, -0.3999999999999999112 ) ) ;
#8263 = DIRECTION ( 'NONE',  ( -1.000000000000000000, -0.000000000000000000, -0.000000000000000000 ) ) ;
#8264 = EDGE_CURVE ( 'NONE', #11001, #5807, #2791, .T. ) ;
#8265 = AXIS2_PLACEMENT_3D ( 'NONE', #1740, #4628, #5343 ) ;
#8266 = PLANE ( 'NONE',  #6699 ) ;
#8267 = ORIENTED_EDGE ( 'NONE', *, *, #5802, .F. ) ;
#8268 = VERTEX_POINT ( 'NONE', #2682 ) ;
#8269 =( NAMED_UNIT ( * ) SI_UNIT ( $, .STERADIAN. ) SOLID_ANGLE_UNIT ( ) );
#8270 = VECTOR ( 'NONE', #7382, 1000.000000000000000 ) ;
#8271 = LINE ( 'NONE', #5548, #5672 ) ;
#8272 = DIRECTION ( 'NONE',  ( 0.000000000000000000, -2.216840928656986572E-15, -1.000000000000000000 ) ) ;
#8273 = VECTOR ( 'NONE', #3705, 1000.000000000000000 ) ;
#8274 = CARTESIAN_POINT ( 'NONE',  ( -0.2399999999999999911, 0.3299999999999999600, -0.3999999999999999667 ) ) ;
#8275 =( LENGTH_UNIT ( ) NAMED_UNIT ( * ) SI_UNIT ( .MILLI., .METRE. ) );
#8276 = PLANE ( 'NONE',  #10016 ) ;
#8277 = PRESENTATION_STYLE_ASSIGNMENT (( #9015 ) ) ;
#8278 = VECTOR ( 'NONE', #10458, 1000.000000000000000 ) ;
#8279 = SURFACE_SIDE_STYLE ('',( #4715 ) ) ;
#8280 =( NAMED_UNIT ( * ) PLANE_ANGLE_UNIT ( ) SI_UNIT ( $, .RADIAN. ) );
#8281 = MECHANICAL_DESIGN_GEOMETRIC_PRESENTATION_REPRESENTATION (  '', ( #6234 ), #21 ) ;
#8282 = ORIENTED_EDGE ( 'NONE', *, *, #6240, .F. ) ;
#8283 =( GEOMETRIC_REPRESENTATION_CONTEXT ( 3 ) GLOBAL_UNCERTAINTY_ASSIGNED_CONTEXT ( ( #3568 ) ) GLOBAL_UNIT_ASSIGNED_CONTEXT ( ( #2790, #3728, #9996 ) ) REPRESENTATION_CONTEXT ( 'NONE', 'WORKASPACE' ) );
#8284 = EDGE_LOOP ( 'NONE', ( #10050, #4392, #9001, #6163 ) ) ;
#8285 = AXIS2_PLACEMENT_3D ( 'NONE', #9782, #6288, #1575 ) ;
#8286 = CARTESIAN_POINT ( 'NONE',  ( 0.8019999999999994911, 0.1800000000000000766, -0.09999999999999988065 ) ) ;
#8287 = MECHANICAL_DESIGN_GEOMETRIC_PRESENTATION_REPRESENTATION (  '', ( #10976 ), #2116 ) ;
#8288 = STYLED_ITEM ( 'NONE', ( #11106 ), #55 ) ;
#8289 = FACE_OUTER_BOUND ( 'NONE', #9579, .T. ) ;
#8290 = SURFACE_SIDE_STYLE ('',( #4725 ) ) ;
#8291 = ORIENTED_EDGE ( 'NONE', *, *, #11371, .T. ) ;
#8292 = EDGE_CURVE ( 'NONE', #9441, #10940, #10369, .T. ) ;
#8293 = SURFACE_STYLE_USAGE ( .BOTH. , #10274 ) ;
#8294 = CARTESIAN_POINT ( 'NONE',  ( 0.8019999999999994911, -0.1800000000000000211, -0.4999999999999998890 ) ) ;
#8295 = ORIENTED_EDGE ( 'NONE', *, *, #3324, .F. ) ;
#8296 = TOROIDAL_SURFACE ( 'NONE', #599, 0.1500000000000000777, 0.05500000000000000028 ) ;
#8297 =( GEOMETRIC_REPRESENTATION_CONTEXT ( 3 ) GLOBAL_UNCERTAINTY_ASSIGNED_CONTEXT ( ( #10541 ) ) GLOBAL_UNIT_ASSIGNED_CONTEXT ( ( #8746, #8809, #7941 ) ) REPRESENTATION_CONTEXT ( 'NONE', 'WORKASPACE' ) );
#8298 = CARTESIAN_POINT ( 'NONE',  ( 0.7249211842510798753, 0.04481291366731975090, -0.6989999999999997327 ) ) ;
#8299 = STYLED_ITEM ( 'NONE', ( #4729 ), #1482 ) ;
#8300 = CARTESIAN_POINT ( 'NONE',  ( 0.1749999999999999889, 0.3299999999999999600, -0.1999999999999999001 ) ) ;
#8301 = PRESENTATION_STYLE_ASSIGNMENT (( #5680 ) ) ;
#8302 = DIRECTION ( 'NONE',  ( 0.000000000000000000, 0.000000000000000000, 1.000000000000000000 ) ) ;
#8303 = CARTESIAN_POINT ( 'NONE',  ( 0.2629128784747789549, 0.1800000000000000766, -0.09999999999999988065 ) ) ;
#8304 = ORIENTED_EDGE ( 'NONE', *, *, #1500, .T. ) ;
#8305 = AXIS2_PLACEMENT_3D ( 'NONE', #7260, #10883, #1909 ) ;
#8306 = EDGE_CURVE ( 'NONE', #3585, #9416, #8089, .T. ) ;
#8307 = SURFACE_STYLE_FILL_AREA ( #6608 ) ;
#8308 = CARTESIAN_POINT ( 'NONE',  ( 0.000000000000000000, 0.1799999999999998823, -0.5499999999999999334 ) ) ;
#8309 = CARTESIAN_POINT ( 'NONE',  ( 0.3370871215252031483, 0.1800000000000000766, -0.09999999999999988065 ) ) ;
#8310 =( NAMED_UNIT ( * ) SI_UNIT ( $, .STERADIAN. ) SOLID_ANGLE_UNIT ( ) );
#8311 = EDGE_CURVE ( 'NONE', #3569, #9994, #11645, .T. ) ;
#8312 = ORIENTED_EDGE ( 'NONE', *, *, #2752, .F. ) ;
#8313 = SURFACE_STYLE_USAGE ( .BOTH. , #5801 ) ;
#8314 = CARTESIAN_POINT ( 'NONE',  ( 0.7266624957392583406, 0.06113955397700882033, -0.6999999999999998446 ) ) ;
#8315 = LINE ( 'NONE', #8489, #260 ) ;
#8316 = DIRECTION ( 'NONE',  ( 0.000000000000000000, 0.000000000000000000, 1.000000000000000000 ) ) ;
#8317 = CARTESIAN_POINT ( 'NONE',  ( 0.7198048703803778814, 0.04813554755907670235, -0.7000000000000000666 ) ) ;
#8318 = FILL_AREA_STYLE ('',( #2758 ) ) ;
#8319 = SURFACE_STYLE_USAGE ( .BOTH. , #3747 ) ;
#8320 = STYLED_ITEM ( 'NONE', ( #4284 ), #9069 ) ;
#8321 = ORIENTED_EDGE ( 'NONE', *, *, #10207, .T. ) ;
#8322 = PRESENTATION_STYLE_ASSIGNMENT (( #9402 ) ) ;
#8323 = EDGE_CURVE ( 'NONE', #4267, #9510, #8104, .T. ) ;
#8324 = ORIENTED_EDGE ( 'NONE', *, *, #5696, .F. ) ;
#8325 = CARTESIAN_POINT ( 'NONE',  ( -0.3599999999999999867, -0.1800000000000002154, -0.5499999999999999334 ) ) ;
#8326 = EDGE_CURVE ( 'NONE', #8093, #8865, #8201, .T. ) ;
#8327 = VECTOR ( 'NONE', #6667, 1000.000000000000000 ) ;
#8328 = FACE_OUTER_BOUND ( 'NONE', #499, .T. ) ;
#8329 = PRESENTATION_STYLE_ASSIGNMENT (( #4771 ) ) ;
#8330 = DIRECTION ( 'NONE',  ( 0.000000000000000000, -1.000000000000000000, 2.634710515969108204E-15 ) ) ;
#8331 = CARTESIAN_POINT ( 'NONE',  ( 0.7553396622110218894, 0.05971118219282949002, -0.6999999999999999556 ) ) ;
#8332 = VECTOR ( 'NONE', #7735, 1000.000000000000000 ) ;
#8333 = VECTOR ( 'NONE', #5606, 1000.000000000000000 ) ;
#8334 = SURFACE_STYLE_USAGE ( .BOTH. , #5658 ) ;
#8335 = VERTEX_POINT ( 'NONE', #7144 ) ;
#8336 = VERTEX_POINT ( 'NONE', #3730 ) ;
#8337 = UNCERTAINTY_MEASURE_WITH_UNIT (LENGTH_MEASURE( 1.000000000000000082E-05 ), #4412, 'distance_accuracy_value', 'NONE');
#8338 = VECTOR ( 'NONE', #9990, 1000.000000000000000 ) ;
#8339 = DIRECTION ( 'NONE',  ( 1.000000000000000000, 1.355252715606880543E-16, -0.000000000000000000 ) ) ;
#8340 = CARTESIAN_POINT ( 'NONE',  ( 0.7459432164634144380, 0.06829268292682913466, -0.6989999999999999547 ) ) ;
#8341 = CIRCLE ( 'NONE', #10267, 0.05499999999999997946 ) ;
#8342 = PRESENTATION_STYLE_ASSIGNMENT (( #4784 ) ) ;
#8343 = FILL_AREA_STYLE ('',( #4785 ) ) ;
#8344 = DIRECTION ( 'NONE',  ( 0.000000000000000000, 0.000000000000000000, -1.000000000000000000 ) ) ;
#8345 = AXIS2_PLACEMENT_3D ( 'NONE', #5201, #1833, #8887 ) ;
#8346 = PLANE ( 'NONE',  #4053 ) ;
#8347 = ORIENTED_EDGE ( 'NONE', *, *, #10818, .T. ) ;
#8348 =( LENGTH_UNIT ( ) NAMED_UNIT ( * ) SI_UNIT ( .MILLI., .METRE. ) );
#8349 = FACE_OUTER_BOUND ( 'NONE', #11295, .T. ) ;
#8350 = EDGE_LOOP ( 'NONE', ( #10289, #5872, #4452, #3176 ) ) ;
#8351 =( GEOMETRIC_REPRESENTATION_CONTEXT ( 3 ) GLOBAL_UNCERTAINTY_ASSIGNED_CONTEXT ( ( #10982 ) ) GLOBAL_UNIT_ASSIGNED_CONTEXT ( ( #8792, #8861, #91 ) ) REPRESENTATION_CONTEXT ( 'NONE', 'WORKASPACE' ) );
#8352 = CIRCLE ( 'NONE', #9319, 0.05499999999999997946 ) ;
#8353 = CARTESIAN_POINT ( 'NONE',  ( 0.000000000000000000, -0.1800000000000001876, -0.04999999999999969746 ) ) ;
#8354 = ADVANCED_FACE ( 'NONE', ( #7206 ), #8912, .T. ) ;
#8355 = DIRECTION ( 'NONE',  ( 0.000000000000000000, 0.000000000000000000, -1.000000000000000000 ) ) ;
#8356 = CARTESIAN_POINT ( 'NONE',  ( 0.7453156052972959023, -0.05546771318230794834, -0.6999999999999999556 ) ) ;
#8357 = CARTESIAN_POINT ( 'NONE',  ( 0.7704276832696107524, 0.04091822946474093364, -0.6990000000000001767 ) ) ;
#8358 = ORIENTED_EDGE ( 'NONE', *, *, #3943, .F. ) ;
#8359 = VECTOR ( 'NONE', #4099, 1000.000000000000000 ) ;
#8360 = DIRECTION ( 'NONE',  ( -1.355252715606880296E-16, -1.000000000000000000, 0.000000000000000000 ) ) ;
#8361 = AXIS2_PLACEMENT_3D ( 'NONE', #6504, #2049, #7286 ) ;
#8362 = DIRECTION ( 'NONE',  ( -0.9407669869669993412, 0.3390537954853683478, 0.000000000000000000 ) ) ;
#8363 = CARTESIAN_POINT ( 'NONE',  ( 0.3599999999999999867, 0.1800000000000000766, 0.005000000000000256843 ) ) ;
#8364 = UNCERTAINTY_MEASURE_WITH_UNIT (LENGTH_MEASURE( 1.000000000000000082E-05 ), #3771, 'distance_accuracy_value', 'NONE');
#8365 = ORIENTED_EDGE ( 'NONE', *, *, #2207, .F. ) ;
#8366 = EDGE_CURVE ( 'NONE', #6123, #5960, #10574, .T. ) ;
#8367 = DIRECTION ( 'NONE',  ( 0.000000000000000000, 0.000000000000000000, -1.000000000000000000 ) ) ;
#8368 = DIRECTION ( 'NONE',  ( 1.000000000000000000, 0.000000000000000000, 0.000000000000000000 ) ) ;
#8369 = DIRECTION ( 'NONE',  ( 0.000000000000000000, 0.000000000000000000, 1.000000000000000000 ) ) ;
#8370 = VECTOR ( 'NONE', #10864, 1000.000000000000000 ) ;
#8371 = B_SPLINE_SURFACE_WITH_KNOTS ( 'NONE', 3, 1, ( 
 ( #3785, #10890 ),
 ( #9263, #8356 ),
 ( #317, #9324 ),
 ( #7368, #8203 ),
 ( #3901, #2794 ),
 ( #9153, #7482 ),
 ( #11114, #6605 ),
 ( #1262, #6377 ),
 ( #141, #9999 ),
 ( #1921, #4679 ),
 ( #10999, #2901 ),
 ( #10110, #5628 ),
 ( #1142, #5908 ),
 ( #8537, #2433 ),
 ( #8707, #6771 ),
 ( #1376, #7549 ),
 ( #6838, #4145 ),
 ( #10454, #9377 ),
 ( #8590, #6892 ) ),
 .UNSPECIFIED., .F., .F., .F.,
 ( 4, 1, 1, 1, 1, 1, 1, 1, 1, 1, 1, 1, 1, 1, 1, 1, 4 ),
 ( 2, 2 ),
 ( 0.000000000000000000, 0.06807022544602515934, 0.1334304311243613705, 0.1961504414953044173, 0.2571279473187753628, 0.3168673125347738484, 0.3761731906999619679, 0.4359476605849043618, 0.4965239232888286058, 0.5574553990935481318, 0.6176782722867170117, 0.6779364036295142393, 0.7387994153869098524, 0.8009448638132562470, 0.8648116296622977428, 0.9310232311067556665, 1.000000000000000000 ),
 ( 0.000000000000000000, 1.000000000000000000 ),
 .UNSPECIFIED. ) ;
#8372 = DIRECTION ( 'NONE',  ( 0.000000000000000000, 0.000000000000000000, 1.000000000000000000 ) ) ;
#8373 =( LENGTH_UNIT ( ) NAMED_UNIT ( * ) SI_UNIT ( .MILLI., .METRE. ) );
#8374 = EDGE_CURVE ( 'NONE', #4291, #11138, #4852, .T. ) ;
#8375 = LINE ( 'NONE', #6626, #1430 ) ;
#8376 = DIRECTION ( 'NONE',  ( 1.000000000000000000, 0.000000000000000000, -0.000000000000000000 ) ) ;
#8377 = VERTEX_POINT ( 'NONE', #4913 ) ;
#8378 = ORIENTED_EDGE ( 'NONE', *, *, #8381, .T. ) ;
#8379 = COLOUR_RGB ( '',0.000000000000000000, 0.000000000000000000, 0.000000000000000000 ) ;
#8380 = FILL_AREA_STYLE_COLOUR ( '', #11120 ) ;
#8381 = EDGE_CURVE ( 'NONE', #6272, #6962, #2952, .T. ) ;
#8382 = FACE_OUTER_BOUND ( 'NONE', #9042, .T. ) ;
#8383 =( GEOMETRIC_REPRESENTATION_CONTEXT ( 3 ) GLOBAL_UNCERTAINTY_ASSIGNED_CONTEXT ( ( #8337 ) ) GLOBAL_UNIT_ASSIGNED_CONTEXT ( ( #4412, #3512, #1758 ) ) REPRESENTATION_CONTEXT ( 'NONE', 'WORKASPACE' ) );
#8384 = CARTESIAN_POINT ( 'NONE',  ( 0.7288846358387974789, -0.08062476270952481650, -0.6990000000000000657 ) ) ;
#8385 = DIRECTION ( 'NONE',  ( -1.000000000000000000, -0.000000000000000000, -0.000000000000000000 ) ) ;
#8386 = FACE_OUTER_BOUND ( 'NONE', #8715, .T. ) ;
#8387 = EDGE_CURVE ( 'NONE', #9502, #11467, #8844, .T. ) ;
#8388 = DIRECTION ( 'NONE',  ( 0.000000000000000000, -1.000000000000000000, 2.956915015869558659E-15 ) ) ;
#8389 = DIRECTION ( 'NONE',  ( 0.000000000000000000, 0.000000000000000000, 1.000000000000000000 ) ) ;
#8390 = CARTESIAN_POINT ( 'NONE',  ( 0.7648205185720077237, 0.04767545418744438546, -0.6990000000000001767 ) ) ;
#8391 = CARTESIAN_POINT ( 'NONE',  ( -0.5000000000000004441, -0.1800000000000000211, -0.3999999999999999112 ) ) ;
#8392 = VECTOR ( 'NONE', #567, 1000.000000000000000 ) ;
#8393 = ORIENTED_EDGE ( 'NONE', *, *, #6249, .F. ) ;
#8394 = EDGE_LOOP ( 'NONE', ( #2843, #448, #8147, #983 ) ) ;
#8395 = EDGE_CURVE ( 'NONE', #1581, #6980, #4858, .T. ) ;
#8396 = CARTESIAN_POINT ( 'NONE',  ( 0.7699999999999997957, -0.01524390243902449919, -0.6989999999999999547 ) ) ;
#8397 = PRESENTATION_LAYER_ASSIGNMENT (  '', '', ( #11275 ) ) ;
#8398 = CARTESIAN_POINT ( 'NONE',  ( 0.7680150423433829143, 0.05654042563492368140, -0.6989999999999998437 ) ) ;
#8399 = CARTESIAN_POINT ( 'NONE',  ( -0.09708712152522103178, 0.1800000000000000766, -0.09999999999999988065 ) ) ;
#8400 = CARTESIAN_POINT ( 'NONE',  ( 0.7645121951219511214, 0.01463414634146333569, -0.6999999999999999556 ) ) ;
#8401 = DIRECTION ( 'NONE',  ( 0.000000000000000000, 2.397541290737903714E-15, 1.000000000000000000 ) ) ;
#8402 = CARTESIAN_POINT ( 'NONE',  ( 0.2170871215252212216, -0.2800000000000000266, -0.1999999999999999001 ) ) ;
#8403 = EDGE_LOOP ( 'NONE', ( #8448, #1913, #10560, #1453 ) ) ;
#8404 = CARTESIAN_POINT ( 'NONE',  ( -0.3599999999999999867, -0.3300000000000002931, -0.3999999999999999112 ) ) ;
#8405 = SURFACE_STYLE_FILL_AREA ( #6657 ) ;
#8406 = SURFACE_STYLE_USAGE ( .BOTH. , #1371 ) ;
#8407 = ORIENTED_EDGE ( 'NONE', *, *, #6105, .F. ) ;
#8408 = EDGE_CURVE ( 'NONE', #5173, #4979, #3011, .T. ) ;
#8409 = PRESENTATION_LAYER_ASSIGNMENT (  '', '', ( #1109 ) ) ;
#8410 = PLANE ( 'NONE',  #7157 ) ;
#8411 = SURFACE_SIDE_STYLE ('',( #5788 ) ) ;
#8412 =( NAMED_UNIT ( * ) PLANE_ANGLE_UNIT ( ) SI_UNIT ( $, .RADIAN. ) );
#8413 = PRESENTATION_STYLE_ASSIGNMENT (( #4854 ) ) ;
#8414 = CIRCLE ( 'NONE', #9192, 0.05499999999999997946 ) ;
#8415 = VECTOR ( 'NONE', #273, 1000.000000000000000 ) ;
#8416 = ORIENTED_EDGE ( 'NONE', *, *, #2171, .F. ) ;
#8417 =( GEOMETRIC_REPRESENTATION_CONTEXT ( 3 ) GLOBAL_UNCERTAINTY_ASSIGNED_CONTEXT ( ( #1934 ) ) GLOBAL_UNIT_ASSIGNED_CONTEXT ( ( #2610, #9676, #11456 ) ) REPRESENTATION_CONTEXT ( 'NONE', 'WORKASPACE' ) );
#8418 = CARTESIAN_POINT ( 'NONE',  ( 0.7699999999999999067, 0.09817073170731704934, -0.6999999999999999556 ) ) ;
#8419 = CYLINDRICAL_SURFACE ( 'NONE', #4414, 0.05500000000000000722 ) ;
#8420 = CARTESIAN_POINT ( 'NONE',  ( -0.3829128784747793390, 0.2800000000000000822, -0.1999999999999997891 ) ) ;
#8421 = PRESENTATION_LAYER_ASSIGNMENT (  '', '', ( #8619 ) ) ;
#8422 = AXIS2_PLACEMENT_3D ( 'NONE', #5509, #9190, #2023 ) ;
#8423 = VERTEX_POINT ( 'NONE', #5787 ) ;
#8424 = AXIS2_PLACEMENT_3D ( 'NONE', #4270, #11633, #3545 ) ;
#8425 = DIRECTION ( 'NONE',  ( 0.000000000000000000, -2.216840928656986572E-15, -1.000000000000000000 ) ) ;
#8426 = DIRECTION ( 'NONE',  ( -1.000000000000000000, -0.000000000000000000, -0.000000000000000000 ) ) ;
#8427 = ORIENTED_EDGE ( 'NONE', *, *, #4742, .T. ) ;
#8428 =( NAMED_UNIT ( * ) PLANE_ANGLE_UNIT ( ) SI_UNIT ( $, .RADIAN. ) );
#8429 = VECTOR ( 'NONE', #164, 1000.000000000000000 ) ;
#8430 = DIRECTION ( 'NONE',  ( 0.000000000000000000, -2.464095846557964300E-15, -1.000000000000000000 ) ) ;
#8431 =( NAMED_UNIT ( * ) SI_UNIT ( $, .STERADIAN. ) SOLID_ANGLE_UNIT ( ) );
#8432 = DIRECTION ( 'NONE',  ( 0.000000000000000000, 0.000000000000000000, 1.000000000000000000 ) ) ;
#8433 = LINE ( 'NONE', #395, #7414 ) ;
#8434 = EDGE_CURVE ( 'NONE', #2960, #1846, #11056, .T. ) ;
#8435 = CARTESIAN_POINT ( 'NONE',  ( 0.7621796094162187618, 0.03155717748205144613, -0.6989999999999998437 ) ) ;
#8436 = ORIENTED_EDGE ( 'NONE', *, *, #2802, .F. ) ;
#8437 = CARTESIAN_POINT ( 'NONE',  ( -0.8000000000000003775, 0.4000000000000000777, -0.6700000000000000400 ) ) ;
#8438 = MECHANICAL_DESIGN_GEOMETRIC_PRESENTATION_REPRESENTATION (  '', ( #3945 ), #8087 ) ;
#8439 = VERTEX_POINT ( 'NONE', #3783 ) ;
#8440 = FACE_OUTER_BOUND ( 'NONE', #1183, .T. ) ;
#8441 = DIRECTION ( 'NONE',  ( 0.000000000000000000, -1.000000000000000000, 0.000000000000000000 ) ) ;
#8442 = FILL_AREA_STYLE_COLOUR ( '', #2272 ) ;
#8443 = DIRECTION ( 'NONE',  ( 0.000000000000000000, 2.464095846557963117E-15, 1.000000000000000000 ) ) ;
#8444 = CARTESIAN_POINT ( 'NONE',  ( 0.7651219512195119865, 0.04393102134146327498, -0.6989999999999999547 ) ) ;
#8445 = DIRECTION ( 'NONE',  ( 0.000000000000000000, 0.000000000000000000, -1.000000000000000000 ) ) ;
#8446 =( NAMED_UNIT ( * ) SI_UNIT ( $, .STERADIAN. ) SOLID_ANGLE_UNIT ( ) );
#8447 = ORIENTED_EDGE ( 'NONE', *, *, #7028, .F. ) ;
#8448 = ORIENTED_EDGE ( 'NONE', *, *, #9766, .F. ) ;
#8449 = UNCERTAINTY_MEASURE_WITH_UNIT (LENGTH_MEASURE( 1.000000000000000082E-05 ), #3816, 'distance_accuracy_value', 'NONE');
#8450 = STYLED_ITEM ( 'NONE', ( #7123 ), #279 ) ;
#8451 =( GEOMETRIC_REPRESENTATION_CONTEXT ( 3 ) GLOBAL_UNCERTAINTY_ASSIGNED_CONTEXT ( ( #751 ) ) GLOBAL_UNIT_ASSIGNED_CONTEXT ( ( #5237, #1696, #824 ) ) REPRESENTATION_CONTEXT ( 'NONE', 'WORKASPACE' ) );
#8452 = DIRECTION ( 'NONE',  ( 1.000000000000000000, 0.000000000000000000, -0.000000000000000000 ) ) ;
#8453 = ADVANCED_FACE ( 'NONE', ( #11233 ), #8410, .T. ) ;
#8454 =( NAMED_UNIT ( * ) PLANE_ANGLE_UNIT ( ) SI_UNIT ( $, .RADIAN. ) );
#8455 = AXIS2_PLACEMENT_3D ( 'NONE', #1644, #7117, #5250 ) ;
#8456 = CARTESIAN_POINT ( 'NONE',  ( 0.7512092517368083033, 0.06792975645584378719, -0.6989999999999999547 ) ) ;
#8457 = FACE_OUTER_BOUND ( 'NONE', #7271, .T. ) ;
#8458 = CARTESIAN_POINT ( 'NONE',  ( 0.000000000000000000, 0.000000000000000000, 0.1000000000000000056 ) ) ;
#8459 =( NAMED_UNIT ( * ) PLANE_ANGLE_UNIT ( ) SI_UNIT ( $, .RADIAN. ) );
#8460 = PRESENTATION_LAYER_ASSIGNMENT (  '', '', ( #1915 ) ) ;
#8461 = AXIS2_PLACEMENT_3D ( 'NONE', #1165, #11017, #8316 ) ;
#8462 = STYLED_ITEM ( 'NONE', ( #9979 ), #889 ) ;
#8463 = DIRECTION ( 'NONE',  ( 0.000000000000000000, 0.000000000000000000, 1.000000000000000000 ) ) ;
#8464 =( NAMED_UNIT ( * ) PLANE_ANGLE_UNIT ( ) SI_UNIT ( $, .RADIAN. ) );
#8465 = CARTESIAN_POINT ( 'NONE',  ( -0.3829128784747786729, -0.2800000000000000266, -0.3999999999999999112 ) ) ;
#8466 = VERTEX_POINT ( 'NONE', #9661 ) ;
#8467 = UNCERTAINTY_MEASURE_WITH_UNIT (LENGTH_MEASURE( 1.000000000000000082E-05 ), #4999, 'distance_accuracy_value', 'NONE');
#8468 = FACE_OUTER_BOUND ( 'NONE', #5270, .T. ) ;
#8469 = EDGE_CURVE ( 'NONE', #6141, #11532, #1270, .T. ) ;
#8470 = STYLED_ITEM ( 'NONE', ( #5851 ), #571 ) ;
#8471 = CIRCLE ( 'NONE', #3411, 0.09999999999999999167 ) ;
#8472 = B_SPLINE_SURFACE_WITH_KNOTS ( 'NONE', 3, 1, ( 
 ( #9977, #11626 ),
 ( #4493, #6244 ),
 ( #843, #5497 ),
 ( #9073, #9014 ),
 ( #1713, #3412 ),
 ( #7184, #10813 ),
 ( #1835, #9734 ),
 ( #908, #5440 ),
 ( #963, #5321 ),
 ( #10631, #4372 ),
 ( #53, #4317 ) ),
 .UNSPECIFIED., .F., .F., .F.,
 ( 4, 1, 1, 1, 1, 1, 1, 1, 4 ),
 ( 2, 2 ),
 ( 0.000000000000000000, 0.1252796967356235025, 0.2494199707420483858, 0.3733567994928193023, 0.4966812787822841302, 0.6202029157439812312, 0.7450863201614558173, 0.8712691950190976087, 1.000000000000000000 ),
 ( 0.000000000000000000, 1.000000000000000000 ),
 .UNSPECIFIED. ) ;
#8473 = FILL_AREA_STYLE ('',( #8535 ) ) ;
#8474 = DIRECTION ( 'NONE',  ( -0.000000000000000000, -0.000000000000000000, 1.000000000000000000 ) ) ;
#8475 = EDGE_LOOP ( 'NONE', ( #3836, #5346, #151, #2260 ) ) ;
#8476 = EDGE_CURVE ( 'NONE', #4467, #2681, #1705, .T. ) ;
#8477 = CARTESIAN_POINT ( 'NONE',  ( -0.5000000000000004441, -0.4000000000000000222, -2.154400374531753037 ) ) ;
#8478 = PRESENTATION_STYLE_ASSIGNMENT (( #5793 ) ) ;
#8479 = CARTESIAN_POINT ( 'NONE',  ( 0.7559756097560973442, -0.09189214939024403783, -0.6999999999999999556 ) ) ;
#8480 = AXIS2_PLACEMENT_3D ( 'NONE', #3999, #4889, #1409 ) ;
#8481 = PLANE ( 'NONE',  #994 ) ;
#8482 = LINE ( 'NONE', #4216, #10236 ) ;
#8483 =( NAMED_UNIT ( * ) PLANE_ANGLE_UNIT ( ) SI_UNIT ( $, .RADIAN. ) );
#8484 = FACE_OUTER_BOUND ( 'NONE', #8350, .T. ) ;
#8485 = UNCERTAINTY_MEASURE_WITH_UNIT (LENGTH_MEASURE( 1.000000000000000082E-05 ), #8106, 'distance_accuracy_value', 'NONE');
#8486 = EDGE_LOOP ( 'NONE', ( #4958, #2872, #3241, #11518 ) ) ;
#8487 = CARTESIAN_POINT ( 'NONE',  ( 0.7234628268449655453, 0.05730603104390292329, -0.6999999999999999556 ) ) ;
#8488 = PLANE ( 'NONE',  #6341 ) ;
#8489 = CARTESIAN_POINT ( 'NONE',  ( 0.7254878048780486477, 0.01463414634146333569, -0.6989999999999999547 ) ) ;
#8490 = B_SPLINE_CURVE_WITH_KNOTS ( 'NONE', 3,
 ( #11347, #5267, #1433, #4325, #665, #8591, #5909, #2561, #2378, #9553, #11458 ),
 .UNSPECIFIED., .F., .F.,
 ( 4, 1, 1, 1, 1, 1, 1, 1, 4 ),
 ( 0.000000000000000000, 0.1352946047634291937, 0.2667656579247481008, 0.3948160188358729172, 0.5200516544342453917, 0.6421757029708216047, 0.7626518205584227328, 0.8818340043805041883, 0.9999999999999998890 ),
 .UNSPECIFIED. ) ;
#8491 = AXIS2_PLACEMENT_3D ( 'NONE', #11052, #10216, #2785 ) ;
#8492 = EDGE_LOOP ( 'NONE', ( #3641, #6280, #8137, #1583 ) ) ;
#8493 = DIRECTION ( 'NONE',  ( 0.000000000000000000, -2.464095846557964300E-15, -1.000000000000000000 ) ) ;
#8494 = DIRECTION ( 'NONE',  ( 0.000000000000000000, 1.000000000000000000, 0.000000000000000000 ) ) ;
#8495 = DIRECTION ( 'NONE',  ( 1.000000000000000000, 0.000000000000000000, -0.000000000000000000 ) ) ;
#8496 = SURFACE_STYLE_FILL_AREA ( #3139 ) ;
#8497 = FACE_OUTER_BOUND ( 'NONE', #10542, .T. ) ;
#8498 = ORIENTED_EDGE ( 'NONE', *, *, #2450, .T. ) ;
#8499 = DIRECTION ( 'NONE',  ( 0.000000000000000000, 1.000000000000000000, 0.000000000000000000 ) ) ;
#8500 = PRESENTATION_LAYER_ASSIGNMENT (  '', '', ( #7773 ) ) ;
#8501 = ORIENTED_EDGE ( 'NONE', *, *, #3943, .T. ) ;
#8502 = DIRECTION ( 'NONE',  ( 0.000000000000000000, -1.000000000000000000, 2.956915015869558659E-15 ) ) ;
#8503 = SURFACE_SIDE_STYLE ('',( #11375 ) ) ;
#8504 = ADVANCED_FACE ( 'NONE', ( #8945 ), #5194, .F. ) ;
#8505 =( LENGTH_UNIT ( ) NAMED_UNIT ( * ) SI_UNIT ( .MILLI., .METRE. ) );
#8506 = SURFACE_STYLE_USAGE ( .BOTH. , #3933 ) ;
#8507 = PRESENTATION_LAYER_ASSIGNMENT (  '', '', ( #9103 ) ) ;
#8508 = LINE ( 'NONE', #7585, #9145 ) ;
#8509 = CARTESIAN_POINT ( 'NONE',  ( 0.7302363157561868601, -0.04344919019915643998, -0.6989999999999998437 ) ) ;
#8510 = CARTESIAN_POINT ( 'NONE',  ( 0.2399999999999999911, -0.3850000000000002309, -0.1999999999999997891 ) ) ;
#8511 = DIRECTION ( 'NONE',  ( 0.000000000000000000, 0.000000000000000000, 1.000000000000000000 ) ) ;
#8512 = FACE_OUTER_BOUND ( 'NONE', #920, .T. ) ;
#8513 = DIRECTION ( 'NONE',  ( 3.614007241618349264E-16, 1.000000000000000000, 0.000000000000000000 ) ) ;
#8514 =( NAMED_UNIT ( * ) SI_UNIT ( $, .STERADIAN. ) SOLID_ANGLE_UNIT ( ) );
#8515 = ORIENTED_EDGE ( 'NONE', *, *, #10794, .F. ) ;
#8516 = ORIENTED_EDGE ( 'NONE', *, *, #5314, .F. ) ;
#8517 = ORIENTED_EDGE ( 'NONE', *, *, #7548, .T. ) ;
#8518 = COLOUR_RGB ( '',0.9098039215686274384, 0.4431372549019607643, 0.03137254901960784270 ) ;
#8519 = AXIS2_PLACEMENT_3D ( 'NONE', #4250, #11434, #8749 ) ;
#8520 = COLOUR_RGB ( '',1.000000000000000000, 1.000000000000000000, 1.000000000000000000 ) ;
#8521 = EDGE_CURVE ( 'NONE', #5475, #1613, #10563, .T. ) ;
#8522 = CARTESIAN_POINT ( 'NONE',  ( 0.7486223531738225301, 0.06824641023563420006, -0.6999999999999998446 ) ) ;
#8523 = PRESENTATION_STYLE_ASSIGNMENT (( #10321 ) ) ;
#8524 =( NAMED_UNIT ( * ) PLANE_ANGLE_UNIT ( ) SI_UNIT ( $, .RADIAN. ) );
#8525 = DIRECTION ( 'NONE',  ( 0.000000000000000000, 0.000000000000000000, 1.000000000000000000 ) ) ;
#8526 = DIRECTION ( 'NONE',  ( 0.000000000000000000, -2.710505431213761085E-16, 1.000000000000000000 ) ) ;
#8527 = MECHANICAL_DESIGN_GEOMETRIC_PRESENTATION_REPRESENTATION (  '', ( #8923 ), #3462 ) ;
#8528 = EDGE_CURVE ( 'NONE', #11165, #8864, #2276, .T. ) ;
#8529 = FACE_OUTER_BOUND ( 'NONE', #9599, .T. ) ;
#8530 = SURFACE_STYLE_USAGE ( .BOTH. , #4083 ) ;
#8531 = ORIENTED_EDGE ( 'NONE', *, *, #7336, .T. ) ;
#8532 = SURFACE_STYLE_FILL_AREA ( #3120 ) ;
#8533 = VECTOR ( 'NONE', #4875, 1000.000000000000000 ) ;
#8534 = ADVANCED_FACE ( 'NONE', ( #2597 ), #6067, .T. ) ;
#8535 = FILL_AREA_STYLE_COLOUR ( '', #6926 ) ;
#8536 = AXIS2_PLACEMENT_3D ( 'NONE', #8274, #5604, #8388 ) ;
#8537 = CARTESIAN_POINT ( 'NONE',  ( 0.7682895406593494014, -0.03950711555366386019, -0.6990000000000000657 ) ) ;
#8538 = FILL_AREA_STYLE ('',( #6717 ) ) ;
#8539 = VERTEX_POINT ( 'NONE', #7952 ) ;
#8540 = PLANE ( 'NONE',  #5677 ) ;
#8541 = CARTESIAN_POINT ( 'NONE',  ( -0.3599999999999999867, -0.1800000000000001321, -0.04999999999999975298 ) ) ;
#8542 = ADVANCED_FACE ( 'NONE', ( #3464 ), #10972, .F. ) ;
#8543 = VECTOR ( 'NONE', #6466, 1000.000000000000000 ) ;
#8544 = SURFACE_STYLE_USAGE ( .BOTH. , #2263 ) ;
#8545 = PRESENTATION_LAYER_ASSIGNMENT (  '', '', ( #8187 ) ) ;
#8546 = FACE_OUTER_BOUND ( 'NONE', #6917, .T. ) ;
#8547 =( GEOMETRIC_REPRESENTATION_CONTEXT ( 3 ) GLOBAL_UNCERTAINTY_ASSIGNED_CONTEXT ( ( #5691 ) ) GLOBAL_UNIT_ASSIGNED_CONTEXT ( ( #8825, #10693, #11625 ) ) REPRESENTATION_CONTEXT ( 'NONE', 'WORKASPACE' ) );
#8548 = EDGE_CURVE ( 'NONE', #8049, #10175, #8271, .T. ) ;
#8549 = ORIENTED_EDGE ( 'NONE', *, *, #1282, .T. ) ;
#8550 = FACE_OUTER_BOUND ( 'NONE', #6851, .T. ) ;
#8551 = DIRECTION ( 'NONE',  ( 0.000000000000000000, 1.000000000000000000, 0.000000000000000000 ) ) ;
#8552 = CARTESIAN_POINT ( 'NONE',  ( 0.8019999999999994911, 0.2800000000000000266, -0.1999999999999998723 ) ) ;
#8553 = VERTEX_POINT ( 'NONE', #1017 ) ;
#8554 = FACE_OUTER_BOUND ( 'NONE', #6863, .T. ) ;
#8555 = PRESENTATION_STYLE_ASSIGNMENT (( #2452 ) ) ;
#8556 =( NAMED_UNIT ( * ) PLANE_ANGLE_UNIT ( ) SI_UNIT ( $, .RADIAN. ) );
#8557 = CARTESIAN_POINT ( 'NONE',  ( 0.3829128784748462300, -0.2800000000000000266, -0.1999999999999999001 ) ) ;
#8558 = ORIENTED_EDGE ( 'NONE', *, *, #5589, .F. ) ;
#8559 =( LENGTH_UNIT ( ) NAMED_UNIT ( * ) SI_UNIT ( .MILLI., .METRE. ) );
#8560 = VERTEX_POINT ( 'NONE', #7395 ) ;
#8561 = CARTESIAN_POINT ( 'NONE',  ( -0.8000000000000003775, -0.3999999999999999112, 0.000000000000000000 ) ) ;
#8562 = UNCERTAINTY_MEASURE_WITH_UNIT (LENGTH_MEASURE( 1.000000000000000082E-05 ), #10695, 'distance_accuracy_value', 'NONE');
#8563 = FILL_AREA_STYLE ('',( #7758 ) ) ;
#8564 = STYLED_ITEM ( 'NONE', ( #2761 ), #4595 ) ;
#8565 =( NAMED_UNIT ( * ) PLANE_ANGLE_UNIT ( ) SI_UNIT ( $, .RADIAN. ) );
#8566 = CYLINDRICAL_SURFACE ( 'NONE', #2616, 0.05499999999999997946 ) ;
#8567 =( LENGTH_UNIT ( ) NAMED_UNIT ( * ) SI_UNIT ( .MILLI., .METRE. ) );
#8568 = DIRECTION ( 'NONE',  ( 1.000000000000000000, -0.000000000000000000, 0.000000000000000000 ) ) ;
#8569 = CARTESIAN_POINT ( 'NONE',  ( 0.7261195992618044714, -0.03538633868103985280, -0.6990000000000000657 ) ) ;
#8570 = CARTESIAN_POINT ( 'NONE',  ( 0.7504878048780486699, -0.08964367378048794521, -0.6989999999999999547 ) ) ;
#8571 = FILL_AREA_STYLE_COLOUR ( '', #4415 ) ;
#8572 = SURFACE_STYLE_FILL_AREA ( #5887 ) ;
#8573 = VERTEX_POINT ( 'NONE', #2929 ) ;
#8574 = VECTOR ( 'NONE', #3187, 1000.000000000000000 ) ;
#8575 = ORIENTED_EDGE ( 'NONE', *, *, #6679, .F. ) ;
#8576 = B_SPLINE_SURFACE_WITH_KNOTS ( 'NONE', 3, 1, ( 
 ( #8212, #3744 ),
 ( #2104, #97 ),
 ( #3693, #10177 ),
 ( #10959, #7330 ),
 ( #1215, #10067 ),
 ( #10901, #11012 ),
 ( #2807, #6501 ),
 ( #1158, #10122 ),
 ( #2044, #5638 ),
 ( #6390, #8314 ),
 ( #10349, #5750 ),
 ( #5803, #8487 ),
 ( #1332, #6784 ),
 ( #10409, #7741 ),
 ( #2161, #7628 ),
 ( #8602, #1444 ),
 ( #11297, #9389 ),
 ( #3977, #4223 ),
 ( #4932, #8655 ) ),
 .UNSPECIFIED., .F., .F., .F.,
 ( 4, 1, 1, 1, 1, 1, 1, 1, 1, 1, 1, 1, 1, 1, 1, 1, 4 ),
 ( 2, 2 ),
 ( 0.000000000000000000, 0.07064215072300222831, 0.1382536470674244067, 0.2033596107954853405, 0.2662484148830680519, 0.3279196778882909613, 0.3887512814041687026, 0.4494357474917632933, 0.5108718673107421893, 0.5720888932305397967, 0.6317426019427838657, 0.6911240658607695764, 0.7503655699490042741, 0.8100371166225082131, 0.8713653057843916416, 0.9344285965418710482, 1.000000000000000000 ),
 ( 0.000000000000000000, 1.000000000000000000 ),
 .UNSPECIFIED. ) ;
#8577 = EDGE_LOOP ( 'NONE', ( #10011, #7258, #7342, #7222, #9659, #7198, #1392 ) ) ;
#8578 = CARTESIAN_POINT ( 'NONE',  ( 0.7512092517368083033, 0.06792975645584378719, -0.6999999999999999556 ) ) ;
#8579 = CARTESIAN_POINT ( 'NONE',  ( 0.7304467449252083355, 0.05638306837902337665, -0.7000000000000001776 ) ) ;
#8580 = PRESENTATION_LAYER_ASSIGNMENT (  '', '', ( #4658 ) ) ;
#8581 = LINE ( 'NONE', #5898, #3772 ) ;
#8582 = PLANE ( 'NONE',  #4575 ) ;
#8583 = DIRECTION ( 'NONE',  ( 0.000000000000000000, 1.000000000000000000, -5.646886315028668105E-17 ) ) ;
#8584 = FACE_OUTER_BOUND ( 'NONE', #3273, .T. ) ;
#8585 = ORIENTED_EDGE ( 'NONE', *, *, #9731, .F. ) ;
#8586 = ADVANCED_FACE ( 'NONE', ( #9232 ), #2765, .T. ) ;
#8587 = PRESENTATION_LAYER_ASSIGNMENT (  '', '', ( #4109 ) ) ;
#8588 = CARTESIAN_POINT ( 'NONE',  ( 0.7304467449252083355, 0.05638306837902337665, -0.6990000000000001767 ) ) ;
#8589 = EDGE_CURVE ( 'NONE', #10026, #391, #4706, .T. ) ;
#8590 = CARTESIAN_POINT ( 'NONE',  ( 0.7699999999999997957, -0.02883955792682937544, -0.6989999999999999547 ) ) ;
#8591 = CARTESIAN_POINT ( 'NONE',  ( 0.7643412487132871247, 0.03704262831464852357, -0.6999999999999998446 ) ) ;
#8592 = ORIENTED_EDGE ( 'NONE', *, *, #9056, .T. ) ;
#8593 = CARTESIAN_POINT ( 'NONE',  ( 0.7266653994693299534, 0.03381595203132144872, -0.6999999999999999556 ) ) ;
#8594 = CARTESIAN_POINT ( 'NONE',  ( -0.3370871215252205788, 0.2800000000000000266, -0.3999999999999998557 ) ) ;
#8595 = CARTESIAN_POINT ( 'NONE',  ( 0.7705904026310761434, 0.04572313887565492702, -0.6999999999999999556 ) ) ;
#8596 = CARTESIAN_POINT ( 'NONE',  ( 0.7474390243902437891, 0.01463414634146333569, -0.6999999999999999556 ) ) ;
#8597 = DIRECTION ( 'NONE',  ( 1.355252715606880543E-16, 1.000000000000000000, 0.000000000000000000 ) ) ;
#8598 = VERTEX_POINT ( 'NONE', #4597 ) ;
#8599 = STYLED_ITEM ( 'NONE', ( #8159 ), #5486 ) ;
#8600 =( NAMED_UNIT ( * ) PLANE_ANGLE_UNIT ( ) SI_UNIT ( $, .RADIAN. ) );
#8601 = EDGE_CURVE ( 'NONE', #7768, #2356, #1069, .T. ) ;
#8602 = CARTESIAN_POINT ( 'NONE',  ( 0.7198048703803778814, 0.04813554755907670235, -0.6990000000000000657 ) ) ;
#8603 = ADVANCED_FACE ( 'NONE', ( #2976 ), #110, .T. ) ;
#8604 = CARTESIAN_POINT ( 'NONE',  ( 0.7199999999999999734, 0.09817073170731704934, -0.6989999999999999547 ) ) ;
#8605 = CARTESIAN_POINT ( 'NONE',  ( 0.7391086127223470692, -0.05506426432120017228, -0.6990000000000001767 ) ) ;
#8606 = VECTOR ( 'NONE', #1675, 1000.000000000000000 ) ;
#8607 = ORIENTED_EDGE ( 'NONE', *, *, #7675, .F. ) ;
#8608 = SURFACE_STYLE_USAGE ( .BOTH. , #1449 ) ;
#8609 = FILL_AREA_STYLE ('',( #5104 ) ) ;
#8610 = VECTOR ( 'NONE', #10758, 1000.000000000000000 ) ;
#8611 = LINE ( 'NONE', #10477, #669 ) ;
#8612 = CIRCLE ( 'NONE', #8422, 0.1000000000000000056 ) ;
#8613 = CARTESIAN_POINT ( 'NONE',  ( -0.8000000000000003775, 0.4000000000000000777, -0.6999999999999999556 ) ) ;
#8614 = VERTEX_POINT ( 'NONE', #519 ) ;
#8615 = FACE_OUTER_BOUND ( 'NONE', #10580, .T. ) ;
#8616 = ORIENTED_EDGE ( 'NONE', *, *, #7274, .F. ) ;
#8617 = CARTESIAN_POINT ( 'NONE',  ( 0.7471668386321200783, -0.05542832968376411318, -0.6989999999999998437 ) ) ;
#8618 = DIRECTION ( 'NONE',  ( 0.000000000000000000, -1.000000000000000000, 0.000000000000000000 ) ) ;
#8619 = STYLED_ITEM ( 'NONE', ( #8944 ), #7531 ) ;
#8620 =( NAMED_UNIT ( * ) PLANE_ANGLE_UNIT ( ) SI_UNIT ( $, .RADIAN. ) );
#8621 = EDGE_CURVE ( 'NONE', #8335, #5017, #4559, .T. ) ;
#8622 = PRESENTATION_STYLE_ASSIGNMENT (( #637 ) ) ;
#8623 = SURFACE_STYLE_USAGE ( .BOTH. , #1353 ) ;
#8624 = CARTESIAN_POINT ( 'NONE',  ( 0.09708712152520312944, 0.1800000000000000766, -0.09999999999999988065 ) ) ;
#8625 =( GEOMETRIC_REPRESENTATION_CONTEXT ( 3 ) GLOBAL_UNCERTAINTY_ASSIGNED_CONTEXT ( ( #7327 ) ) GLOBAL_UNIT_ASSIGNED_CONTEXT ( ( #10251, #11141, #2118 ) ) REPRESENTATION_CONTEXT ( 'NONE', 'WORKASPACE' ) );
#8626 = CIRCLE ( 'NONE', #6021, 0.05500000000000000722 ) ;
#8627 = SURFACE_STYLE_USAGE ( .BOTH. , #9473 ) ;
#8628 = ORIENTED_EDGE ( 'NONE', *, *, #8366, .F. ) ;
#8629 = ORIENTED_EDGE ( 'NONE', *, *, #1211, .T. ) ;
#8630 = ORIENTED_EDGE ( 'NONE', *, *, #6038, .T. ) ;
#8631 = CARTESIAN_POINT ( 'NONE',  ( 0.7651219512195119865, 0.04393102134146327498, -0.6989999999999999547 ) ) ;
#8632 = CARTESIAN_POINT ( 'NONE',  ( 0.5000000000000002220, 0.4000000000000000222, -0.6700000000000000400 ) ) ;
#8633 = AXIS2_PLACEMENT_3D ( 'NONE', #6151, #1443, #9756 ) ;
#8634 = DIRECTION ( 'NONE',  ( -0.9407669869669993412, 0.3390537954853683478, 0.000000000000000000 ) ) ;
#8635 = SURFACE_STYLE_USAGE ( .BOTH. , #6830 ) ;
#8636 =( NAMED_UNIT ( * ) PLANE_ANGLE_UNIT ( ) SI_UNIT ( $, .RADIAN. ) );
#8637 = ORIENTED_EDGE ( 'NONE', *, *, #7911, .F. ) ;
#8638 = AXIS2_PLACEMENT_3D ( 'NONE', #11175, #10108, #1140 ) ;
#8639 = CARTESIAN_POINT ( 'NONE',  ( 0.7447612320382246409, 0.06156805012968615681, -0.6999999999999998446 ) ) ;
#8640 = DIRECTION ( 'NONE',  ( -0.000000000000000000, -0.000000000000000000, -1.000000000000000000 ) ) ;
#8641 = TOROIDAL_SURFACE ( 'NONE', #1525, 0.1500000000000000777, 0.05500000000000000028 ) ;
#8642 = PRESENTATION_LAYER_ASSIGNMENT (  '', '', ( #10578 ) ) ;
#8643 = EDGE_CURVE ( 'NONE', #11651, #3742, #4176, .T. ) ;
#8645 = ORIENTED_EDGE ( 'NONE', *, *, #414, .T. ) ;
#8644 = LINE ( 'NONE', #9220, #8415 ) ;
#8646 = CIRCLE ( 'NONE', #3776, 0.09999999999999999167 ) ;
#8647 = CARTESIAN_POINT ( 'NONE',  ( 0.7699999999999997957, -0.02883955792682937544, -0.6989999999999999547 ) ) ;
#8648 = FACE_OUTER_BOUND ( 'NONE', #6658, .T. ) ;
#8649 = CARTESIAN_POINT ( 'NONE',  ( -0.2399999999999999911, 0.3299999999999999600, -0.3999999999999999667 ) ) ;
#8650 =( NAMED_UNIT ( * ) SI_UNIT ( $, .STERADIAN. ) SOLID_ANGLE_UNIT ( ) );
#8651 = DIRECTION ( 'NONE',  ( -1.000000000000000000, -0.000000000000000000, -0.000000000000000000 ) ) ;
#8652 = DIRECTION ( 'NONE',  ( 0.000000000000000000, 0.000000000000000000, -1.000000000000000000 ) ) ;
#8653 = ORIENTED_EDGE ( 'NONE', *, *, #10936, .F. ) ;
#8654 = VERTEX_POINT ( 'NONE', #2342 ) ;
#8655 = CARTESIAN_POINT ( 'NONE',  ( 0.7193902439024388862, 0.04286394817073157365, -0.6999999999999999556 ) ) ;
#8656 = CARTESIAN_POINT ( 'NONE',  ( -0.1429128784747793757, 0.2800000000000000266, -0.1999999999999999001 ) ) ;
#8657 = CARTESIAN_POINT ( 'NONE',  ( 0.7296036585365851534, -0.08038300304878062685, -0.6999999999999999556 ) ) ;
#8658 = ORIENTED_EDGE ( 'NONE', *, *, #6161, .T. ) ;
#8659 = AXIS2_PLACEMENT_3D ( 'NONE', #923, #6425, #4505 ) ;
#8660 = STYLED_ITEM ( 'NONE', ( #5304 ), #6740 ) ;
#8661 = B_SPLINE_SURFACE_WITH_KNOTS ( 'NONE', 3, 1, ( 
 ( #9610, #1535 ),
 ( #4265, #3347 ),
 ( #4496, #1026 ),
 ( #119, #6308 ),
 ( #4433, #7189 ),
 ( #2714, #8073 ),
 ( #3654, #3473 ),
 ( #10754, #9736 ),
 ( #8016, #9018 ),
 ( #1897, #1654 ),
 ( #7248, #965 ) ),
 .UNSPECIFIED., .F., .F., .F.,
 ( 4, 1, 1, 1, 1, 1, 1, 1, 4 ),
 ( 2, 2 ),
 ( 0.000000000000000000, 0.1352946047634291937, 0.2667656579247481008, 0.3948160188358729172, 0.5200516544342453917, 0.6421757029708216047, 0.7626518205584227328, 0.8818340043805041883, 0.9999999999999998890 ),
 ( 0.000000000000000000, 1.000000000000000000 ),
 .UNSPECIFIED. ) ;
#8662 = PRESENTATION_LAYER_ASSIGNMENT (  '', '', ( #7365 ) ) ;
#8663 = SURFACE_STYLE_FILL_AREA ( #8609 ) ;
#8664 =( NAMED_UNIT ( * ) SI_UNIT ( $, .STERADIAN. ) SOLID_ANGLE_UNIT ( ) );
#8665 = CARTESIAN_POINT ( 'NONE',  ( 0.8019999999999994911, 0.2800000000000000266, -0.1999999999999998723 ) ) ;
#8666 = CARTESIAN_POINT ( 'NONE',  ( 0.7260975609756096238, -0.08118330792682940111, -0.6989999999999999547 ) ) ;
#8667 = EDGE_CURVE ( 'NONE', #5286, #9946, #1458, .T. ) ;
#8668 = ORIENTED_EDGE ( 'NONE', *, *, #6458, .T. ) ;
#8669 = LINE ( 'NONE', #10543, #9826 ) ;
#8670 = VERTEX_POINT ( 'NONE', #1346 ) ;
#8671 = STYLED_ITEM ( 'NONE', ( #9197 ), #728 ) ;
#8672 = CARTESIAN_POINT ( 'NONE',  ( 0.7296036585365851534, -0.08211699695121965625, -0.6989999999999999547 ) ) ;
#8673 = STYLED_ITEM ( 'NONE', ( #11279 ), #1560 ) ;
#8674 = PRESENTATION_STYLE_ASSIGNMENT (( #1249 ) ) ;
#8675 = UNCERTAINTY_MEASURE_WITH_UNIT (LENGTH_MEASURE( 1.000000000000000082E-05 ), #6734, 'distance_accuracy_value', 'NONE');
#8676 = DIRECTION ( 'NONE',  ( 0.000000000000000000, 1.000000000000000000, -5.646886315028668105E-17 ) ) ;
#8677 = CARTESIAN_POINT ( 'NONE',  ( -0.1199999999999999956, -0.3850000000000001754, -0.3999999999999998557 ) ) ;
#8678 = DIRECTION ( 'NONE',  ( -1.000000000000000000, 9.486769009248179575E-16, 0.000000000000000000 ) ) ;
#8679 = CARTESIAN_POINT ( 'NONE',  ( -0.5300000000000003597, 0.3700000000000000511, -0.6999999999999999556 ) ) ;
#8680 =( NAMED_UNIT ( * ) SI_UNIT ( $, .STERADIAN. ) SOLID_ANGLE_UNIT ( ) );
#8681 = DIRECTION ( 'NONE',  ( 0.000000000000000000, -0.000000000000000000, -1.000000000000000000 ) ) ;
#8682 = FACE_OUTER_BOUND ( 'NONE', #9230, .T. ) ;
#8683 = STYLED_ITEM ( 'NONE', ( #2186 ), #1849 ) ;
#8684 = EDGE_CURVE ( 'NONE', #1827, #9620, #4730, .T. ) ;
#8685 = FILL_AREA_STYLE ('',( #11495 ) ) ;
#8686 = ORIENTED_EDGE ( 'NONE', *, *, #10955, .T. ) ;
#8687 = B_SPLINE_CURVE_WITH_KNOTS ( 'NONE', 3,
 ( #857, #4440, #8023, #916, #11634, #3546, #7133, #6254, #9866, #8078, #3605, #7196, #1965, #7470, #4562, #2135, #184, #5614, #6416 ),
 .UNSPECIFIED., .F., .F.,
 ( 4, 1, 1, 1, 1, 1, 1, 1, 1, 1, 1, 1, 1, 1, 1, 1, 4 ),
 ( 0.000000000000000000, 0.07377411937406366804, 0.1440791147260408189, 0.2113485183089132136, 0.2760768857398834819, 0.3385209158196749724, 0.3998851166931320367, 0.4602540674652122465, 0.5205889643912470222, 0.5802076845630433910, 0.6386329085525446203, 0.6963645494905228439, 0.7540017746600127246, 0.8128056813744976017, 0.8727544255255599293, 0.9351819969782669828, 0.9999999999999998890 ),
 .UNSPECIFIED. ) ;
#8688 = ORIENTED_EDGE ( 'NONE', *, *, #11601, .T. ) ;
#8689 = ORIENTED_EDGE ( 'NONE', *, *, #5337, .T. ) ;
#8690 = DIRECTION ( 'NONE',  ( -0.000000000000000000, -0.000000000000000000, -1.000000000000000000 ) ) ;
#8691 = EDGE_CURVE ( 'NONE', #9850, #6877, #8646, .T. ) ;
#8692 = VECTOR ( 'NONE', #4277, 1000.000000000000000 ) ;
#8693 = SURFACE_SIDE_STYLE ('',( #8820 ) ) ;
#8694 = COLOUR_RGB ( '',0.7529411764705882248, 0.7529411764705882248, 0.7529411764705882248 ) ;
#8695 = VECTOR ( 'NONE', #2575, 1000.000000000000000 ) ;
#8696 =( NAMED_UNIT ( * ) SI_UNIT ( $, .STERADIAN. ) SOLID_ANGLE_UNIT ( ) );
#8697 =( NAMED_UNIT ( * ) PLANE_ANGLE_UNIT ( ) SI_UNIT ( $, .RADIAN. ) );
#8698 = DIRECTION ( 'NONE',  ( -1.000000000000000000, -0.000000000000000000, -0.000000000000000000 ) ) ;
#8699 = FACE_OUTER_BOUND ( 'NONE', #11511, .T. ) ;
#8700 = FILL_AREA_STYLE ('',( #3413 ) ) ;
#8701 = AXIS2_PLACEMENT_3D ( 'NONE', #3848, #3739, #5915 ) ;
#8702 = SURFACE_STYLE_USAGE ( .BOTH. , #2488 ) ;
#8703 = FILL_AREA_STYLE_COLOUR ( '', #7618 ) ;
#8704 = ORIENTED_EDGE ( 'NONE', *, *, #4017, .F. ) ;
#8705 = PRESENTATION_LAYER_ASSIGNMENT (  '', '', ( #7030 ) ) ;
#8706 = CARTESIAN_POINT ( 'NONE',  ( 0.7999999999999996003, -0.3999999999999999112, -2.154400374531753037 ) ) ;
#8707 = CARTESIAN_POINT ( 'NONE',  ( 0.7690690785285905218, -0.03703077047094577301, -0.6990000000000000657 ) ) ;
#8708 = CARTESIAN_POINT ( 'NONE',  ( -0.5124264068711931186, 0.3875735931288071812, -0.6999999999999999556 ) ) ;
#8710 = ORIENTED_EDGE ( 'NONE', *, *, #6963, .F. ) ;
#8709 = DIRECTION ( 'NONE',  ( 0.000000000000000000, 0.000000000000000000, -1.000000000000000000 ) ) ;
#8711 = STYLED_ITEM ( 'NONE', ( #6893 ), #9363 ) ;
#8712 = SURFACE_SIDE_STYLE ('',( #10647 ) ) ;
#8713 = PRESENTATION_STYLE_ASSIGNMENT (( #7678 ) ) ;
#8714 = LINE ( 'NONE', #6205, #2721 ) ;
#8715 = EDGE_LOOP ( 'NONE', ( #6895, #1890, #5205, #7078 ) ) ;
#8716 = SURFACE_SIDE_STYLE ('',( #2444 ) ) ;
#8717 = AXIS2_PLACEMENT_3D ( 'NONE', #4155, #3239, #6846 ) ;
#8718 = VERTEX_POINT ( 'NONE', #10424 ) ;
#8719 = AXIS2_PLACEMENT_3D ( 'NONE', #7167, #9965, #6343 ) ;
#8720 = PRESENTATION_LAYER_ASSIGNMENT (  '', '', ( #8161 ) ) ;
#8721 = ADVANCED_FACE ( 'NONE', ( #8382 ), #3992, .T. ) ;
#8722 = FACE_OUTER_BOUND ( 'NONE', #8891, .T. ) ;
#8723 = ORIENTED_EDGE ( 'NONE', *, *, #9663, .F. ) ;
#8724 = VECTOR ( 'NONE', #8074, 1000.000000000000000 ) ;
#8725 = AXIS2_PLACEMENT_3D ( 'NONE', #1815, #10724, #9892 ) ;
#8726 = CARTESIAN_POINT ( 'NONE',  ( 0.7216166758995572472, -0.03964004144171595634, -0.7000000000000000666 ) ) ;
#8727 = SURFACE_SIDE_STYLE ('',( #6859 ) ) ;
#8728 = CIRCLE ( 'NONE', #2559, 0.05500000000000000722 ) ;
#8729 = LINE ( 'NONE', #8665, #1064 ) ;
#8730 = FACE_OUTER_BOUND ( 'NONE', #3778, .T. ) ;
#8731 = UNCERTAINTY_MEASURE_WITH_UNIT (LENGTH_MEASURE( 1.000000000000000082E-05 ), #2256, 'distance_accuracy_value', 'NONE');
#8732 = VERTEX_POINT ( 'NONE', #339 ) ;
#8733 = EDGE_CURVE ( 'NONE', #6757, #3403, #5056, .T. ) ;
#8734 = DIRECTION ( 'NONE',  ( 0.000000000000000000, 0.000000000000000000, 1.000000000000000000 ) ) ;
#8735 = COLOUR_RGB ( '',0.9098039215686274384, 0.4431372549019607643, 0.03137254901960784270 ) ;
#8736 = VERTEX_POINT ( 'NONE', #11314 ) ;
#8737 = AXIS2_PLACEMENT_3D ( 'NONE', #4156, #8597, #383 ) ;
#8738 = STYLED_ITEM ( 'NONE', ( #1246 ), #4488 ) ;
#8739 = DIRECTION ( 'NONE',  ( 0.9417224702971438433, 0.3363908276654480334, 0.000000000000000000 ) ) ;
#8740 = MECHANICAL_DESIGN_GEOMETRIC_PRESENTATION_REPRESENTATION (  '', ( #7255 ), #5200 ) ;
#8741 = FACE_OUTER_BOUND ( 'NONE', #3845, .T. ) ;
#8742 = LINE ( 'NONE', #7820, #9350 ) ;
#8743 = EDGE_CURVE ( 'NONE', #752, #3159, #208, .T. ) ;
#8744 = DIRECTION ( 'NONE',  ( -0.000000000000000000, 1.000000000000000000, 0.000000000000000000 ) ) ;
#8745 = SURFACE_STYLE_USAGE ( .BOTH. , #2696 ) ;
#8746 =( LENGTH_UNIT ( ) NAMED_UNIT ( * ) SI_UNIT ( .MILLI., .METRE. ) );
#8747 = PRESENTATION_STYLE_ASSIGNMENT (( #5184 ) ) ;
#8748 = LINE ( 'NONE', #639, #11393 ) ;
#8749 = DIRECTION ( 'NONE',  ( 0.000000000000000000, -0.000000000000000000, -1.000000000000000000 ) ) ;
#8750 = SURFACE_SIDE_STYLE ('',( #4304 ) ) ;
#8751 = ORIENTED_EDGE ( 'NONE', *, *, #9648, .F. ) ;
#8752 = ORIENTED_EDGE ( 'NONE', *, *, #865, .T. ) ;
#8753 = ORIENTED_EDGE ( 'NONE', *, *, #6902, .F. ) ;
#8754 = CARTESIAN_POINT ( 'NONE',  ( 0.2399999999999999911, 0.3300000000000000155, -0.1999999999999999001 ) ) ;
#8755 = DIRECTION ( 'NONE',  ( -1.000000000000000000, -0.000000000000000000, -0.000000000000000000 ) ) ;
#8756 = PRESENTATION_LAYER_ASSIGNMENT (  '', '', ( #6505 ) ) ;
#8757 = EDGE_CURVE ( 'NONE', #4895, #7916, #11547, .T. ) ;
#8759 = ORIENTED_EDGE ( 'NONE', *, *, #6470, .T. ) ;
#8758 = PLANE ( 'NONE',  #9759 ) ;
#8760 = PRESENTATION_STYLE_ASSIGNMENT (( #4368 ) ) ;
#8761 =( NAMED_UNIT ( * ) SI_UNIT ( $, .STERADIAN. ) SOLID_ANGLE_UNIT ( ) );
#8762 = DIRECTION ( 'NONE',  ( 0.000000000000000000, -1.000000000000000000, 0.000000000000000000 ) ) ;
#8763 = CARTESIAN_POINT ( 'NONE',  ( 0.8019999999999994911, -0.2800000000000000266, -0.3999999999999999112 ) ) ;
#8764 = ADVANCED_FACE ( 'NONE', ( #5361 ), #2583, .T. ) ;
#8765 = DIRECTION ( 'NONE',  ( 0.000000000000000000, -0.000000000000000000, 1.000000000000000000 ) ) ;
#8766 = COLOUR_RGB ( '',0.7529411764705882248, 0.7529411764705882248, 0.7529411764705882248 ) ;
#8767 = VERTEX_POINT ( 'NONE', #4411 ) ;
#8768 =( LENGTH_UNIT ( ) NAMED_UNIT ( * ) SI_UNIT ( .MILLI., .METRE. ) );
#8769 = AXIS2_PLACEMENT_3D ( 'NONE', #5042, #7742, #2218 ) ;
#8770 = B_SPLINE_SURFACE_WITH_KNOTS ( 'NONE', 3, 1, ( 
 ( #3488, #9356 ),
 ( #10141, #1243 ),
 ( #3042, #1298 ),
 ( #9134, #5717 ),
 ( #233, #9296 ),
 ( #3760, #174 ),
 ( #3817, #8331 ),
 ( #6639, #2881 ),
 ( #2983, #4660 ),
 ( #4774, #1182 ),
 ( #5770, #10923 ),
 ( #3936, #10087 ),
 ( #4830, #3878 ),
 ( #2827, #8228 ),
 ( #7462, #4891 ),
 ( #8390, #7350 ),
 ( #10255, #7402 ),
 ( #10977, #346 ),
 ( #8444, #6576 ) ),
 .UNSPECIFIED., .F., .F., .F.,
 ( 4, 1, 1, 1, 1, 1, 1, 1, 1, 1, 1, 1, 1, 1, 1, 1, 4 ),
 ( 2, 2 ),
 ( 0.000000000000000000, 0.07377411937406366804, 0.1440791147260408189, 0.2113485183089132136, 0.2760768857398834819, 0.3385209158196749724, 0.3998851166931320367, 0.4602540674652122465, 0.5205889643912470222, 0.5802076845630433910, 0.6386329085525446203, 0.6963645494905228439, 0.7540017746600127246, 0.8128056813744976017, 0.8727544255255599293, 0.9351819969782669828, 0.9999999999999998890 ),
 ( 0.000000000000000000, 1.000000000000000000 ),
 .UNSPECIFIED. ) ;
#8771 = PRESENTATION_STYLE_ASSIGNMENT (( #6253 ) ) ;
#8772 = CARTESIAN_POINT ( 'NONE',  ( 0.7476923403598408902, 0.06154434608049075273, -0.6999999999999998446 ) ) ;
#8773 = CARTESIAN_POINT ( 'NONE',  ( 0.000000000000000000, 0.000000000000000000, -0.5999999999999999778 ) ) ;
#8774 = VECTOR ( 'NONE', #10148, 1000.000000000000000 ) ;
#8776 = ORIENTED_EDGE ( 'NONE', *, *, #9177, .T. ) ;
#8775 = SURFACE_STYLE_FILL_AREA ( #1727 ) ;
#8777 =( NAMED_UNIT ( * ) SI_UNIT ( $, .STERADIAN. ) SOLID_ANGLE_UNIT ( ) );
#8778 = EDGE_CURVE ( 'NONE', #4148, #5093, #1566, .T. ) ;
#8779 =( NAMED_UNIT ( * ) PLANE_ANGLE_UNIT ( ) SI_UNIT ( $, .RADIAN. ) );
#8780 = FILL_AREA_STYLE ('',( #2619 ) ) ;
#8781 = FILL_AREA_STYLE_COLOUR ( '', #1610 ) ;
#8782 = ORIENTED_EDGE ( 'NONE', *, *, #4758, .T. ) ;
#8783 = VECTOR ( 'NONE', #10208, 1000.000000000000000 ) ;
#8784 = UNCERTAINTY_MEASURE_WITH_UNIT (LENGTH_MEASURE( 1.000000000000000082E-05 ), #11666, 'distance_accuracy_value', 'NONE');
#8785 = SURFACE_STYLE_USAGE ( .BOTH. , #2390 ) ;
#8786 = DIRECTION ( 'NONE',  ( 0.000000000000000000, 1.000000000000000000, -1.971276677246372308E-15 ) ) ;
#8787 = FILL_AREA_STYLE_COLOUR ( '', #5419 ) ;
#8788 =( LENGTH_UNIT ( ) NAMED_UNIT ( * ) SI_UNIT ( .MILLI., .METRE. ) );
#8789 = VERTEX_POINT ( 'NONE', #4296 ) ;
#8790 =( LENGTH_UNIT ( ) NAMED_UNIT ( * ) SI_UNIT ( .MILLI., .METRE. ) );
#8791 = CYLINDRICAL_SURFACE ( 'NONE', #1586, 0.05500000000000003497 ) ;
#8792 =( LENGTH_UNIT ( ) NAMED_UNIT ( * ) SI_UNIT ( .MILLI., .METRE. ) );
#8793 =( LENGTH_UNIT ( ) NAMED_UNIT ( * ) SI_UNIT ( .MILLI., .METRE. ) );
#8794 =( GEOMETRIC_REPRESENTATION_CONTEXT ( 3 ) GLOBAL_UNCERTAINTY_ASSIGNED_CONTEXT ( ( #4719 ) ) GLOBAL_UNIT_ASSIGNED_CONTEXT ( ( #1007, #10856, #4530 ) ) REPRESENTATION_CONTEXT ( 'NONE', 'WORKASPACE' ) );
#8795 = ORIENTED_EDGE ( 'NONE', *, *, #9859, .F. ) ;
#8796 = DIRECTION ( 'NONE',  ( -1.000000000000000000, -7.228014483236716277E-16, 0.000000000000000000 ) ) ;
#8797 = EDGE_LOOP ( 'NONE', ( #4442, #597, #9067, #689 ) ) ;
#8798 = COLOUR_RGB ( '',0.9098039215686274384, 0.4431372549019607643, 0.03137254901960784270 ) ;
#8799 = LINE ( 'NONE', #755, #1131 ) ;
#8800 =( LENGTH_UNIT ( ) NAMED_UNIT ( * ) SI_UNIT ( .MILLI., .METRE. ) );
#8801 = UNCERTAINTY_MEASURE_WITH_UNIT (LENGTH_MEASURE( 1.000000000000000082E-05 ), #8207, 'distance_accuracy_value', 'NONE');
#8802 = DIRECTION ( 'NONE',  ( -1.000000000000000000, -0.000000000000000000, -0.000000000000000000 ) ) ;
#8803 = CARTESIAN_POINT ( 'NONE',  ( 0.8019999999999994911, 0.1800000000000000766, -0.4999999999999998890 ) ) ;
#8804 = MECHANICAL_DESIGN_GEOMETRIC_PRESENTATION_REPRESENTATION (  '', ( #4133 ), #9972 ) ;
#8805 = ADVANCED_FACE ( 'NONE', ( #8741 ), #3390, .F. ) ;
#8806 = DIRECTION ( 'NONE',  ( 0.000000000000000000, 0.000000000000000000, -1.000000000000000000 ) ) ;
#8807 = CARTESIAN_POINT ( 'NONE',  ( 0.2399999999999999911, 0.1799999999999998823, -0.5499999999999999334 ) ) ;
#8808 = CIRCLE ( 'NONE', #5457, 0.05500000000000003497 ) ;
#8809 =( NAMED_UNIT ( * ) PLANE_ANGLE_UNIT ( ) SI_UNIT ( $, .RADIAN. ) );
#8810 = CYLINDRICAL_SURFACE ( 'NONE', #4174, 0.09999999999999997780 ) ;
#8811 = CARTESIAN_POINT ( 'NONE',  ( -0.1199999999999999956, 0.1799999999999998823, -0.6049999999999999822 ) ) ;
#8812 = SURFACE_SIDE_STYLE ('',( #5371 ) ) ;
#8813 = CARTESIAN_POINT ( 'NONE',  ( 0.5000000000000004441, -0.4000000000000001332, -2.154400374531753037 ) ) ;
#8814 = EDGE_LOOP ( 'NONE', ( #10840, #248, #8752, #8616 ) ) ;
#8815 = ORIENTED_EDGE ( 'NONE', *, *, #6312, .F. ) ;
#8816 = VERTEX_POINT ( 'NONE', #1691 ) ;
#8817 = VECTOR ( 'NONE', #6008, 1000.000000000000000 ) ;
#8818 = CARTESIAN_POINT ( 'NONE',  ( -0.09708712152522107341, -0.1800000000000001321, -0.09999999999999988065 ) ) ;
#8819 = SURFACE_SIDE_STYLE ('',( #900 ) ) ;
#8820 = SURFACE_STYLE_FILL_AREA ( #4195 ) ;
#8822 = EDGE_LOOP ( 'NONE', ( #3032, #2797, #10240, #5494 ) ) ;
#8821 = DIRECTION ( 'NONE',  ( 0.000000000000000000, -0.000000000000000000, 1.000000000000000000 ) ) ;
#8823 = ADVANCED_FACE ( 'NONE', ( #5296 ), #8868, .F. ) ;
#8824 = CARTESIAN_POINT ( 'NONE',  ( -1.337182679398789952E-16, -0.3700000000000001621, -0.6700000000000000400 ) ) ;
#8825 =( LENGTH_UNIT ( ) NAMED_UNIT ( * ) SI_UNIT ( .MILLI., .METRE. ) );
#8826 =( GEOMETRIC_REPRESENTATION_CONTEXT ( 3 ) GLOBAL_UNCERTAINTY_ASSIGNED_CONTEXT ( ( #6277 ) ) GLOBAL_UNIT_ASSIGNED_CONTEXT ( ( #11312, #2287, #7644 ) ) REPRESENTATION_CONTEXT ( 'NONE', 'WORKASPACE' ) );
#8827 = FILL_AREA_STYLE_COLOUR ( '', #977 ) ;
#8828 = SURFACE_SIDE_STYLE ('',( #5254 ) ) ;
#8829 = DIRECTION ( 'NONE',  ( 0.000000000000000000, 0.000000000000000000, -1.000000000000000000 ) ) ;
#8830 = CARTESIAN_POINT ( 'NONE',  ( -0.2629128784747790104, -0.1800000000000001876, -0.1999999999999998723 ) ) ;
#8831 = ORIENTED_EDGE ( 'NONE', *, *, #4525, .T. ) ;
#8832 = UNCERTAINTY_MEASURE_WITH_UNIT (LENGTH_MEASURE( 1.000000000000000082E-05 ), #6372, 'distance_accuracy_value', 'NONE');
#8833 = EDGE_CURVE ( 'NONE', #8614, #3218, #9593, .T. ) ;
#8834 = COLOUR_RGB ( '',0.7921568627450980005, 0.8196078431372548767, 0.9333333333333333481 ) ;
#8835 = CARTESIAN_POINT ( 'NONE',  ( -0.5000000000000004441, 0.2800000000000000266, -0.1999999999999998723 ) ) ;
#8836 = STYLED_ITEM ( 'NONE', ( #6338 ), #7994 ) ;
#8837 = CARTESIAN_POINT ( 'NONE',  ( 0.7644130480646664783, 0.04942627770300071777, -0.6999999999999996225 ) ) ;
#8838 =( NAMED_UNIT ( * ) PLANE_ANGLE_UNIT ( ) SI_UNIT ( $, .RADIAN. ) );
#8839 = ORIENTED_EDGE ( 'NONE', *, *, #7930, .T. ) ;
#8840 = LINE ( 'NONE', #6365, #8338 ) ;
#8841 = STYLED_ITEM ( 'NONE', ( #3100 ), #5977 ) ;
#8842 = DIRECTION ( 'NONE',  ( -0.000000000000000000, 2.710505431213761085E-16, -1.000000000000000000 ) ) ;
#8843 = DIRECTION ( 'NONE',  ( 0.000000000000000000, -1.000000000000000000, 2.956915015869558659E-15 ) ) ;
#8844 = CIRCLE ( 'NONE', #3767, 0.05500000000000000722 ) ;
#8845 =( NAMED_UNIT ( * ) PLANE_ANGLE_UNIT ( ) SI_UNIT ( $, .RADIAN. ) );
#8846 = CARTESIAN_POINT ( 'NONE',  ( -0.5000000000000004441, 0.2800000000000000266, -0.1999999999999998723 ) ) ;
#8847 = ADVANCED_FACE ( 'NONE', ( #1056 ), #11013, .T. ) ;
#8848 = EDGE_LOOP ( 'NONE', ( #4778, #6062, #476, #8782 ) ) ;
#8849 = AXIS2_PLACEMENT_3D ( 'NONE', #3860, #11128, #8430 ) ;
#8850 = CARTESIAN_POINT ( 'NONE',  ( 0.7612163867557177888, -0.04980930357180442247, -0.7000000000000001776 ) ) ;
#8851 = EDGE_CURVE ( 'NONE', #2399, #2303, #1994, .T. ) ;
#8852 = FILL_AREA_STYLE_COLOUR ( '', #3129 ) ;
#8853 = CARTESIAN_POINT ( 'NONE',  ( 0.7343645407196387476, -0.05366089382378730344, -0.6989999999999998437 ) ) ;
#8854 =( GEOMETRIC_REPRESENTATION_CONTEXT ( 3 ) GLOBAL_UNCERTAINTY_ASSIGNED_CONTEXT ( ( #10287 ) ) GLOBAL_UNIT_ASSIGNED_CONTEXT ( ( #5817, #3930, #1290 ) ) REPRESENTATION_CONTEXT ( 'NONE', 'WORKASPACE' ) );
#8855 = ORIENTED_EDGE ( 'NONE', *, *, #5506, .F. ) ;
#8856 = FILL_AREA_STYLE ('',( #2514 ) ) ;
#8857 =( LENGTH_UNIT ( ) NAMED_UNIT ( * ) SI_UNIT ( .MILLI., .METRE. ) );
#8858 = DIRECTION ( 'NONE',  ( 0.000000000000000000, 2.578241652818821251E-15, 1.000000000000000000 ) ) ;
#8859 = VECTOR ( 'NONE', #2933, 1000.000000000000000 ) ;
#8861 =( NAMED_UNIT ( * ) PLANE_ANGLE_UNIT ( ) SI_UNIT ( $, .RADIAN. ) );
#8860 = COLOUR_RGB ( '',0.000000000000000000, 0.000000000000000000, 1.000000000000000000 ) ;
#8862 = FILL_AREA_STYLE ('',( #5290 ) ) ;
#8863 = UNCERTAINTY_MEASURE_WITH_UNIT (LENGTH_MEASURE( 1.000000000000000082E-05 ), #5722, 'distance_accuracy_value', 'NONE');
#8864 = VERTEX_POINT ( 'NONE', #4584 ) ;
#8865 = VERTEX_POINT ( 'NONE', #5418 ) ;
#8866 = CARTESIAN_POINT ( 'NONE',  ( 0.7250425169797194425, -0.04614466279866321491, -0.6999999999999999556 ) ) ;
#8867 = AXIS2_PLACEMENT_3D ( 'NONE', #11460, #2617, #10709 ) ;
#8868 = PLANE ( 'NONE',  #2992 ) ;
#8869 = CIRCLE ( 'NONE', #1928, 0.09999999999999999167 ) ;
#8870 = LINE ( 'NONE', #4351, #4093 ) ;
#8871 = DIRECTION ( 'NONE',  ( 9.486769009248167742E-16, 1.000000000000000000, 0.000000000000000000 ) ) ;
#8872 = CARTESIAN_POINT ( 'NONE',  ( 0.1429128784747786818, -0.2800000000000000266, -0.3999999999999999112 ) ) ;
#8873 = B_SPLINE_CURVE_WITH_KNOTS ( 'NONE', 3,
 ( #6028, #7733, #1381, #11180, #6669, #11350, #10283, #3236 ),
 .UNSPECIFIED., .F., .F.,
 ( 4, 1, 1, 1, 1, 4 ),
 ( 0.000000000000000000, 0.1124483899088019601, 0.2265276752126784698, 0.3444019493260280229, 0.4658649724874588949, 0.5288504730663886599 ),
 .UNSPECIFIED. ) ;
#8874 =( NAMED_UNIT ( * ) SI_UNIT ( $, .STERADIAN. ) SOLID_ANGLE_UNIT ( ) );
#8875 =( NAMED_UNIT ( * ) PLANE_ANGLE_UNIT ( ) SI_UNIT ( $, .RADIAN. ) );
#8876 = FACE_OUTER_BOUND ( 'NONE', #4508, .T. ) ;
#8877 = MECHANICAL_DESIGN_GEOMETRIC_PRESENTATION_REPRESENTATION (  '', ( #6427 ), #8297 ) ;
#8878 = DIRECTION ( 'NONE',  ( 1.000000000000000000, 0.000000000000000000, -0.000000000000000000 ) ) ;
#8879 = ORIENTED_EDGE ( 'NONE', *, *, #6105, .T. ) ;
#8880 = ORIENTED_EDGE ( 'NONE', *, *, #4532, .F. ) ;
#8881 = CARTESIAN_POINT ( 'NONE',  ( 0.7706097560975608829, 0.04485518292682912772, -0.6989999999999999547 ) ) ;
#8882 = EDGE_CURVE ( 'NONE', #5934, #1334, #2708, .T. ) ;
#8883 = SURFACE_SIDE_STYLE ('',( #6180 ) ) ;
#8885 = ORIENTED_EDGE ( 'NONE', *, *, #4234, .F. ) ;
#8884 = CARTESIAN_POINT ( 'NONE',  ( 0.7370286761635985728, 0.06031887329182945845, -0.7000000000000000666 ) ) ;
#8886 = PRESENTATION_LAYER_ASSIGNMENT (  '', '', ( #6813 ) ) ;
#8887 = DIRECTION ( 'NONE',  ( 1.000000000000000000, 0.000000000000000000, -0.000000000000000000 ) ) ;
#8888 = SURFACE_STYLE_FILL_AREA ( #11449 ) ;
#8889 = CARTESIAN_POINT ( 'NONE',  ( 0.2399999999999999911, -0.1800000000000001321, -0.04999999999999975298 ) ) ;
#8890 = CARTESIAN_POINT ( 'NONE',  ( 0.7699999999999997957, -0.05914634146341476995, -0.6999999999999999556 ) ) ;
#8891 = EDGE_LOOP ( 'NONE', ( #2159, #3941, #585, #6787 ) ) ;
#8892 = PLANE ( 'NONE',  #1305 ) ;
#8893 = AXIS2_PLACEMENT_3D ( 'NONE', #2070, #7245, #5498 ) ;
#8894 = ADVANCED_FACE ( 'NONE', ( #5588 ), #5479, .T. ) ;
#8895 = ORIENTED_EDGE ( 'NONE', *, *, #2371, .F. ) ;
#8896 = MECHANICAL_DESIGN_GEOMETRIC_PRESENTATION_REPRESENTATION (  '', ( #829 ), #6823 ) ;
#8897 = LINE ( 'NONE', #1602, #6371 ) ;
#8898 = DIRECTION ( 'NONE',  ( -0.000000000000000000, -0.000000000000000000, -1.000000000000000000 ) ) ;
#8899 = LINE ( 'NONE', #9806, #5913 ) ;
#8901 = VERTEX_POINT ( 'NONE', #10178 ) ;
#8900 = DIRECTION ( 'NONE',  ( -1.000000000000000000, -0.000000000000000000, -0.000000000000000000 ) ) ;
#8902 = ADVANCED_FACE ( 'NONE', ( #7631 ), #5861, .T. ) ;
#8903 = CARTESIAN_POINT ( 'NONE',  ( 0.7592789774979515904, -0.04359542309886068473, -0.6999999999999997335 ) ) ;
#8904 =( GEOMETRIC_REPRESENTATION_CONTEXT ( 3 ) GLOBAL_UNCERTAINTY_ASSIGNED_CONTEXT ( ( #3263 ) ) GLOBAL_UNIT_ASSIGNED_CONTEXT ( ( #9653, #5124, #9966 ) ) REPRESENTATION_CONTEXT ( 'NONE', 'WORKASPACE' ) );
#8905 = FILL_AREA_STYLE_COLOUR ( '', #1780 ) ;
#8906 = STYLED_ITEM ( 'NONE', ( #9695 ), #9037 ) ;
#8907 = CARTESIAN_POINT ( 'NONE',  ( 0.7302363157561868601, -0.04344919019915643998, -0.6999999999999998446 ) ) ;
#8908 = ORIENTED_EDGE ( 'NONE', *, *, #9326, .F. ) ;
#8909 = LINE ( 'NONE', #1734, #4062 ) ;
#8910 = ORIENTED_EDGE ( 'NONE', *, *, #3271, .F. ) ;
#8911 = EDGE_CURVE ( 'NONE', #11467, #2360, #3857, .T. ) ;
#8912 = CYLINDRICAL_SURFACE ( 'NONE', #8638, 0.05500000000000003497 ) ;
#8913 = VECTOR ( 'NONE', #3599, 1000.000000000000000 ) ;
#8914 = LINE ( 'NONE', #870, #7479 ) ;
#8915 = COLOUR_RGB ( '',0.000000000000000000, 0.000000000000000000, 1.000000000000000000 ) ;
#8916 =( NAMED_UNIT ( * ) SI_UNIT ( $, .STERADIAN. ) SOLID_ANGLE_UNIT ( ) );
#8917 = DIRECTION ( 'NONE',  ( 0.000000000000000000, -1.000000000000000000, 2.634710515969108204E-15 ) ) ;
#8918 = VERTEX_POINT ( 'NONE', #1446 ) ;
#8919 = CARTESIAN_POINT ( 'NONE',  ( 0.7225389263043131560, -0.04193364994488177344, -0.6999999999999997335 ) ) ;
#8920 = LINE ( 'NONE', #8042, #2524 ) ;
#8921 = CIRCLE ( 'NONE', #3460, 0.05500000000000003497 ) ;
#8922 = CARTESIAN_POINT ( 'NONE',  ( 0.8019999999999994911, 0.1800000000000000766, -0.1999999999999998723 ) ) ;
#8923 = STYLED_ITEM ( 'NONE', ( #5307 ), #1083 ) ;
#8924 = EDGE_CURVE ( 'NONE', #5101, #4538, #8315, .T. ) ;
#8925 = COLOUR_RGB ( '',0.7529411764705882248, 0.7529411764705882248, 0.7529411764705882248 ) ;
#8926 = ORIENTED_EDGE ( 'NONE', *, *, #8292, .F. ) ;
#8927 = ORIENTED_EDGE ( 'NONE', *, *, #3451, .F. ) ;
#8928 = B_SPLINE_CURVE_WITH_KNOTS ( 'NONE', 3,
 ( #10718, #6153, #6210, #9758, #1556, #1677, #8657 ),
 .UNSPECIFIED., .F., .F.,
 ( 4, 1, 1, 1, 4 ),
 ( 0.000000000000000000, 0.3005748677701881033, 0.5683474126119796299, 0.8000111549537606281, 1.000000000000000000 ),
 .UNSPECIFIED. ) ;
#8929 = STYLED_ITEM ( 'NONE', ( #4847 ), #4186 ) ;
#8930 = AXIS2_PLACEMENT_3D ( 'NONE', #1396, #10539, #3986 ) ;
#8931 = DIRECTION ( 'NONE',  ( -0.000000000000000000, 1.000000000000000000, 0.000000000000000000 ) ) ;
#8932 = CIRCLE ( 'NONE', #481, 0.05500000000000000722 ) ;
#8933 =( LENGTH_UNIT ( ) NAMED_UNIT ( * ) SI_UNIT ( .MILLI., .METRE. ) );
#8934 = LINE ( 'NONE', #8055, #11327 ) ;
#8935 = CYLINDRICAL_SURFACE ( 'NONE', #299, 0.09999999999999999167 ) ;
#8936 = CARTESIAN_POINT ( 'NONE',  ( 0.7255310389470817078, -0.03142673164704604810, -0.6990000000000000657 ) ) ;
#8937 = CARTESIAN_POINT ( 'NONE',  ( 0.7248780487804876715, 0.04280678353658522867, -0.6999999999999999556 ) ) ;
#8938 = STYLED_ITEM ( 'NONE', ( #4129 ), #4454 ) ;
#8939 = VECTOR ( 'NONE', #5340, 1000.000000000000000 ) ;
#8940 = SURFACE_SIDE_STYLE ('',( #11614 ) ) ;
#8941 = ORIENTED_EDGE ( 'NONE', *, *, #2793, .T. ) ;
#8942 = CARTESIAN_POINT ( 'NONE',  ( -0.1849999999999999700, 0.3299999999999999600, -0.3999999999999999667 ) ) ;
#8943 = ORIENTED_EDGE ( 'NONE', *, *, #4086, .T. ) ;
#8944 = PRESENTATION_STYLE_ASSIGNMENT (( #4308 ) ) ;
#8945 = FACE_OUTER_BOUND ( 'NONE', #840, .T. ) ;
#8946 = DIRECTION ( 'NONE',  ( 0.000000000000000000, 0.000000000000000000, 1.000000000000000000 ) ) ;
#8947 = PRESENTATION_LAYER_ASSIGNMENT (  '', '', ( #2374 ) ) ;
#8949 = ORIENTED_EDGE ( 'NONE', *, *, #5103, .T. ) ;
#8948 = SURFACE_STYLE_USAGE ( .BOTH. , #9728 ) ;
#8950 = CARTESIAN_POINT ( 'NONE',  ( -0.2399999999999999911, -0.1800000000000001876, -0.3999999999999999112 ) ) ;
#8951 = PRESENTATION_LAYER_ASSIGNMENT (  '', '', ( #7070 ) ) ;
#8952 = SURFACE_STYLE_FILL_AREA ( #9223 ) ;
#8953 = SURFACE_STYLE_USAGE ( .BOTH. , #6355 ) ;
#8954 =( NAMED_UNIT ( * ) SI_UNIT ( $, .STERADIAN. ) SOLID_ANGLE_UNIT ( ) );
#8955 = VERTEX_POINT ( 'NONE', #6681 ) ;
#8956 = UNCERTAINTY_MEASURE_WITH_UNIT (LENGTH_MEASURE( 1.000000000000000082E-05 ), #2377, 'distance_accuracy_value', 'NONE');
#8957 = CARTESIAN_POINT ( 'NONE',  ( 0.7194025466274532876, 0.04114767199714070012, -0.6989999999999999547 ) ) ;
#8958 = FILL_AREA_STYLE ('',( #7905 ) ) ;
#8959 = DIRECTION ( 'NONE',  ( 0.000000000000000000, 0.000000000000000000, -1.000000000000000000 ) ) ;
#8960 =( GEOMETRIC_REPRESENTATION_CONTEXT ( 3 ) GLOBAL_UNCERTAINTY_ASSIGNED_CONTEXT ( ( #6469 ) ) GLOBAL_UNIT_ASSIGNED_CONTEXT ( ( #952, #4701, #105 ) ) REPRESENTATION_CONTEXT ( 'NONE', 'WORKASPACE' ) );
#8962 = ORIENTED_EDGE ( 'NONE', *, *, #9937, .F. ) ;
#8961 = CARTESIAN_POINT ( 'NONE',  ( 0.7199999999999998623, -0.02935403963414644907, -0.6989999999999999547 ) ) ;
#8963 =( LENGTH_UNIT ( ) NAMED_UNIT ( * ) SI_UNIT ( .MILLI., .METRE. ) );
#8964 = PRESENTATION_LAYER_ASSIGNMENT (  '', '', ( #2389 ) ) ;
#8965 = PRESENTATION_STYLE_ASSIGNMENT (( #8030 ) ) ;
#8966 = EDGE_CURVE ( 'NONE', #3258, #1613, #6731, .T. ) ;
#8967 = DIRECTION ( 'NONE',  ( -1.000000000000000000, 0.000000000000000000, 0.000000000000000000 ) ) ;
#8968 =( LENGTH_UNIT ( ) NAMED_UNIT ( * ) SI_UNIT ( .MILLI., .METRE. ) );
#8969 = LINE ( 'NONE', #4278, #467 ) ;
#8970 = VERTEX_POINT ( 'NONE', #3135 ) ;
#8971 = EDGE_LOOP ( 'NONE', ( #2627, #8416, #7363, #114 ) ) ;
#8972 = EDGE_CURVE ( 'NONE', #9688, #9598, #4780, .T. ) ;
#8973 = AXIS2_PLACEMENT_3D ( 'NONE', #2291, #5007, #9292 ) ;
#8974 = FILL_AREA_STYLE_COLOUR ( '', #5088 ) ;
#8975 = FACE_OUTER_BOUND ( 'NONE', #2113, .T. ) ;
#8976 =( NAMED_UNIT ( * ) SI_UNIT ( $, .STERADIAN. ) SOLID_ANGLE_UNIT ( ) );
#8977 = ORIENTED_EDGE ( 'NONE', *, *, #3324, .T. ) ;
#8978 = CARTESIAN_POINT ( 'NONE',  ( 0.7366623055724448310, -0.05449282851183354093, -0.6989999999999998437 ) ) ;
#8979 = PRESENTATION_STYLE_ASSIGNMENT (( #6155 ) ) ;
#8980 =( LENGTH_UNIT ( ) NAMED_UNIT ( * ) SI_UNIT ( .MILLI., .METRE. ) );
#8981 = AXIS2_PLACEMENT_3D ( 'NONE', #2074, #11157, #416 ) ;
#8982 = SURFACE_STYLE_FILL_AREA ( #8862 ) ;
#8983 = UNCERTAINTY_MEASURE_WITH_UNIT (LENGTH_MEASURE( 1.000000000000000082E-05 ), #46, 'distance_accuracy_value', 'NONE');
#8984 = EDGE_CURVE ( 'NONE', #9885, #7509, #10411, .T. ) ;
#8985 = EDGE_LOOP ( 'NONE', ( #4594, #939, #587, #6098 ) ) ;
#8986 = EDGE_CURVE ( 'NONE', #4728, #6796, #10239, .T. ) ;
#8987 = EDGE_LOOP ( 'NONE', ( #5380, #3319, #5387, #8941 ) ) ;
#8988 =( GEOMETRIC_REPRESENTATION_CONTEXT ( 3 ) GLOBAL_UNCERTAINTY_ASSIGNED_CONTEXT ( ( #8133 ) ) GLOBAL_UNIT_ASSIGNED_CONTEXT ( ( #7954, #11563, #7120 ) ) REPRESENTATION_CONTEXT ( 'NONE', 'WORKASPACE' ) );
#8989 = CARTESIAN_POINT ( 'NONE',  ( 0.2399999999999999911, 0.1800000000000000766, 0.005000000000000256843 ) ) ;
#8990 = FACE_OUTER_BOUND ( 'NONE', #2331, .T. ) ;
#8991 = CARTESIAN_POINT ( 'NONE',  ( 0.1199999999999999956, 0.1799999999999998823, -0.5499999999999999334 ) ) ;
#8992 = AXIS2_PLACEMENT_3D ( 'NONE', #1221, #1060, #10128 ) ;
#8993 = FACE_OUTER_BOUND ( 'NONE', #7494, .T. ) ;
#8994 = DIRECTION ( 'NONE',  ( 0.000000000000000000, 0.000000000000000000, 1.000000000000000000 ) ) ;
#8995 = LINE ( 'NONE', #5238, #2914 ) ;
#8996 =( GEOMETRIC_REPRESENTATION_CONTEXT ( 3 ) GLOBAL_UNCERTAINTY_ASSIGNED_CONTEXT ( ( #9304 ) ) GLOBAL_UNIT_ASSIGNED_CONTEXT ( ( #8505, #7511, #1407 ) ) REPRESENTATION_CONTEXT ( 'NONE', 'WORKASPACE' ) );
#8997 =( NAMED_UNIT ( * ) SI_UNIT ( $, .STERADIAN. ) SOLID_ANGLE_UNIT ( ) );
#8998 = CARTESIAN_POINT ( 'NONE',  ( 0.7676674990688603373, 0.03156673051435907734, -0.6989999999999999547 ) ) ;
#8999 = SURFACE_SIDE_STYLE ('',( #2815 ) ) ;
#9000 = COLOUR_RGB ( '',0.7529411764705882248, 0.7529411764705882248, 0.7529411764705882248 ) ;
#9001 = ORIENTED_EDGE ( 'NONE', *, *, #8621, .T. ) ;
#9002 = CARTESIAN_POINT ( 'NONE',  ( 0.7689549183009489752, 0.05445673911640658282, -0.6999999999999998446 ) ) ;
#9003 = EDGE_CURVE ( 'NONE', #5595, #11505, #10648, .T. ) ;
#9004 = EDGE_LOOP ( 'NONE', ( #8630, #9461, #11496, #7043, #7887, #9633 ) ) ;
#9005 = SURFACE_STYLE_FILL_AREA ( #7393 ) ;
#9006 = AXIS2_PLACEMENT_3D ( 'NONE', #6137, #10819, #3601 ) ;
#9007 = COLOUR_RGB ( '',0.7921568627450980005, 0.8196078431372548767, 0.9333333333333333481 ) ;
#9008 = EDGE_CURVE ( 'NONE', #955, #7831, #561, .T. ) ;
#9010 = ORIENTED_EDGE ( 'NONE', *, *, #7469, .F. ) ;
#9009 = SURFACE_SIDE_STYLE ('',( #9915 ) ) ;
#9011 = AXIS2_PLACEMENT_3D ( 'NONE', #5844, #2376, #4025 ) ;
#9012 = FACE_OUTER_BOUND ( 'NONE', #8486, .T. ) ;
#9013 = SURFACE_STYLE_FILL_AREA ( #6242 ) ;
#9014 = CARTESIAN_POINT ( 'NONE',  ( 0.7266653994693299534, 0.03381595203132144872, -0.6999999999999999556 ) ) ;
#9015 = SURFACE_STYLE_USAGE ( .BOTH. , #1025 ) ;
#9016 = DIRECTION ( 'NONE',  ( -0.000000000000000000, -0.000000000000000000, 1.000000000000000000 ) ) ;
#9017 = AXIS2_PLACEMENT_3D ( 'NONE', #5611, #8339, #7468 ) ;
#9018 = CARTESIAN_POINT ( 'NONE',  ( 0.7626995910960899794, 0.03248036304379750550, -0.7000000000000000666 ) ) ;
#9019 = FACE_BOUND ( 'NONE', #7794, .T. ) ;
#9020 = VERTEX_POINT ( 'NONE', #10473 ) ;
#9021 = VECTOR ( 'NONE', #3890, 1000.000000000000000 ) ;
#9022 = PRESENTATION_LAYER_ASSIGNMENT (  '', '', ( #6191 ) ) ;
#9023 = CARTESIAN_POINT ( 'NONE',  ( 0.1199999999999999956, 0.3300000000000000155, -0.1999999999999999001 ) ) ;
#9024 =( LENGTH_UNIT ( ) NAMED_UNIT ( * ) SI_UNIT ( .MILLI., .METRE. ) );
#9025 = FILL_AREA_STYLE_COLOUR ( '', #4425 ) ;
#9027 = ORIENTED_EDGE ( 'NONE', *, *, #7675, .T. ) ;
#9026 = CARTESIAN_POINT ( 'NONE',  ( 0.000000000000000000, 0.1799999999999998823, -0.5499999999999999334 ) ) ;
#9028 = CARTESIAN_POINT ( 'NONE',  ( 0.7578916391204381098, -0.04481669907508958883, -0.7000000000000000666 ) ) ;
#9029 =( LENGTH_UNIT ( ) NAMED_UNIT ( * ) SI_UNIT ( .MILLI., .METRE. ) );
#9030 =( LENGTH_UNIT ( ) NAMED_UNIT ( * ) SI_UNIT ( .MILLI., .METRE. ) );
#9031 = DIRECTION ( 'NONE',  ( -1.000000000000000000, -0.000000000000000000, -0.000000000000000000 ) ) ;
#9032 = ORIENTED_EDGE ( 'NONE', *, *, #794, .T. ) ;
#9033 = PRODUCT_CONTEXT ( 'NONE', #3896, 'mechanical' ) ;
#9034 = ORIENTED_EDGE ( 'NONE', *, *, #8469, .T. ) ;
#9035 = PRESENTATION_LAYER_ASSIGNMENT (  '', '', ( #961 ) ) ;
#9036 =( GEOMETRIC_REPRESENTATION_CONTEXT ( 3 ) GLOBAL_UNCERTAINTY_ASSIGNED_CONTEXT ( ( #8983 ) ) GLOBAL_UNIT_ASSIGNED_CONTEXT ( ( #46, #109, #7453 ) ) REPRESENTATION_CONTEXT ( 'NONE', 'WORKASPACE' ) );
#9037 = ADVANCED_FACE ( 'NONE', ( #1618 ), #6096, .T. ) ;
#9038 = DIRECTION ( 'NONE',  ( 0.000000000000000000, 2.464095846557963117E-15, 1.000000000000000000 ) ) ;
#9039 = CYLINDRICAL_SURFACE ( 'NONE', #7095, 0.1000000000000000056 ) ;
#9040 = DIRECTION ( 'NONE',  ( 0.000000000000000000, -2.464095846557964300E-15, -1.000000000000000000 ) ) ;
#9041 = MECHANICAL_DESIGN_GEOMETRIC_PRESENTATION_REPRESENTATION (  '', ( #4534 ), #7176 ) ;
#9042 = EDGE_LOOP ( 'NONE', ( #8142, #7016, #336, #2685 ) ) ;
#9043 = CARTESIAN_POINT ( 'NONE',  ( 0.7416924754577467471, -0.05542911729228332252, -0.6989999999999997327 ) ) ;
#9044 = CARTESIAN_POINT ( 'NONE',  ( -0.1429128784747790704, 0.1800000000000000766, -0.09999999999999988065 ) ) ;
#9045 = STYLED_ITEM ( 'NONE', ( #10325 ), #193 ) ;
#9046 = ORIENTED_EDGE ( 'NONE', *, *, #4234, .T. ) ;
#9047 = VERTEX_POINT ( 'NONE', #5165 ) ;
#9048 = PRESENTATION_LAYER_ASSIGNMENT (  '', '', ( #4546 ) ) ;
#9049 = DIRECTION ( 'NONE',  ( 0.000000000000000000, -2.464095846557964300E-15, -1.000000000000000000 ) ) ;
#9050 = EDGE_CURVE ( 'NONE', #9265, #3725, #3374, .T. ) ;
#9051 = CARTESIAN_POINT ( 'NONE',  ( 0.000000000000000000, 0.000000000000000000, -0.5999999999999999778 ) ) ;
#9052 = UNCERTAINTY_MEASURE_WITH_UNIT (LENGTH_MEASURE( 1.000000000000000082E-05 ), #7897, 'distance_accuracy_value', 'NONE');
#9053 = CARTESIAN_POINT ( 'NONE',  ( 0.8019999999999994911, 0.2800000000000000266, -0.1999999999999998723 ) ) ;
#9054 = PRESENTATION_LAYER_ASSIGNMENT (  '', '', ( #10379 ) ) ;
#9055 = CARTESIAN_POINT ( 'NONE',  ( 0.7334912356475478123, 0.05866963938458837069, -0.6990000000000000657 ) ) ;
#9056 = EDGE_CURVE ( 'NONE', #619, #2750, #838, .T. ) ;
#9057 = PLANE ( 'NONE',  #8361 ) ;
#9058 = AXIS2_PLACEMENT_3D ( 'NONE', #6514, #5649, #5492 ) ;
#9059 = CARTESIAN_POINT ( 'NONE',  ( 0.7266468903127225598, -0.03721057763459360151, -0.6989999999999999547 ) ) ;
#9060 = VERTEX_POINT ( 'NONE', #9568 ) ;
#9061 = LINE ( 'NONE', #9849, #11353 ) ;
#9062 = ORIENTED_EDGE ( 'NONE', *, *, #10530, .F. ) ;
#9063 = MECHANICAL_DESIGN_GEOMETRIC_PRESENTATION_REPRESENTATION (  '', ( #5107 ), #3608 ) ;
#9064 = EDGE_CURVE ( 'NONE', #391, #9627, #8928, .T. ) ;
#9065 = DIRECTION ( 'NONE',  ( 0.9406672605435406620, -0.3393303772748771374, 0.000000000000000000 ) ) ;
#9067 = ORIENTED_EDGE ( 'NONE', *, *, #6179, .F. ) ;
#9066 = CYLINDRICAL_SURFACE ( 'NONE', #8057, 0.05499999999999997946 ) ;
#9068 = FILL_AREA_STYLE ('',( #8126 ) ) ;
#9069 = ADVANCED_FACE ( 'NONE', ( #5284 ), #4225, .T. ) ;
#9070 = DIRECTION ( 'NONE',  ( -0.000000000000000000, -0.000000000000000000, 1.000000000000000000 ) ) ;
#9071 = MECHANICAL_DESIGN_GEOMETRIC_PRESENTATION_REPRESENTATION (  '', ( #7556 ), #31 ) ;
#9072 = AXIS2_PLACEMENT_3D ( 'NONE', #9487, #8762, #2367 ) ;
#9073 = CARTESIAN_POINT ( 'NONE',  ( 0.7266653994693299534, 0.03381595203132144872, -0.6989999999999999547 ) ) ;
#9074 = PRESENTATION_STYLE_ASSIGNMENT (( #1125 ) ) ;
#9075 = DIRECTION ( 'NONE',  ( 1.000000000000000000, 0.000000000000000000, 0.000000000000000000 ) ) ;
#9076 = CARTESIAN_POINT ( 'NONE',  ( 0.1199999999999999956, -0.3850000000000002309, -0.3999999999999999112 ) ) ;
#9077 = ORIENTED_EDGE ( 'NONE', *, *, #10513, .F. ) ;
#9078 = UNCERTAINTY_MEASURE_WITH_UNIT (LENGTH_MEASURE( 1.000000000000000082E-05 ), #10564, 'distance_accuracy_value', 'NONE');
#9079 = EDGE_CURVE ( 'NONE', #11187, #5704, #10891, .T. ) ;
#9080 = FILL_AREA_STYLE ('',( #9983 ) ) ;
#9081 =( GEOMETRIC_REPRESENTATION_CONTEXT ( 3 ) GLOBAL_UNCERTAINTY_ASSIGNED_CONTEXT ( ( #10820 ) ) GLOBAL_UNIT_ASSIGNED_CONTEXT ( ( #7975, #4621, #6204 ) ) REPRESENTATION_CONTEXT ( 'NONE', 'WORKASPACE' ) );
#9082 = CARTESIAN_POINT ( 'NONE',  ( 0.7208810162235778085, 0.03230699268645654404, -0.6999999999999998446 ) ) ;
#9083 = CARTESIAN_POINT ( 'NONE',  ( 0.3049999999999999378, 0.3299999999999999600, -0.1999999999999999001 ) ) ;
#9084 = EDGE_LOOP ( 'NONE', ( #2753, #5949, #4934, #6818 ) ) ;
#9085 = CARTESIAN_POINT ( 'NONE',  ( 0.7615813015561463395, -0.04071449877460591588, -0.6999999999999998446 ) ) ;
#9086 = SURFACE_STYLE_FILL_AREA ( #981 ) ;
#9087 = CARTESIAN_POINT ( 'NONE',  ( 0.7644641796929366739, -0.03127225437137612363, -0.7000000000000000666 ) ) ;
#9088 = ORIENTED_EDGE ( 'NONE', *, *, #4086, .F. ) ;
#9089 = MECHANICAL_DESIGN_GEOMETRIC_PRESENTATION_REPRESENTATION (  '', ( #11370 ), #7771 ) ;
#9090 = CYLINDRICAL_SURFACE ( 'NONE', #2099, 0.02999999999999997113 ) ;
#9091 = CARTESIAN_POINT ( 'NONE',  ( 0.7645121951219512324, 0.07256097560975606486, -0.6989999999999999547 ) ) ;
#9092 = FILL_AREA_STYLE ('',( #7207 ) ) ;
#9093 = FACE_OUTER_BOUND ( 'NONE', #3672, .T. ) ;
#9094 = CARTESIAN_POINT ( 'NONE',  ( 0.5000000000000002220, 0.4000000000000000222, -0.6999999999999999556 ) ) ;
#9095 = ORIENTED_EDGE ( 'NONE', *, *, #7042, .F. ) ;
#9096 = MECHANICAL_DESIGN_GEOMETRIC_PRESENTATION_REPRESENTATION (  '', ( #7773 ), #2513 ) ;
#9097 = FILL_AREA_STYLE_COLOUR ( '', #4617 ) ;
#9098 = FILL_AREA_STYLE ('',( #147 ) ) ;
#9099 = CARTESIAN_POINT ( 'NONE',  ( 0.8000000000000003775, 0.3999999999999998557, -0.6700000000000000400 ) ) ;
#9100 = MECHANICAL_DESIGN_GEOMETRIC_PRESENTATION_REPRESENTATION (  '', ( #4596 ), #3653 ) ;
#9101 = UNCERTAINTY_MEASURE_WITH_UNIT (LENGTH_MEASURE( 1.000000000000000082E-05 ), #2137, 'distance_accuracy_value', 'NONE');
#9102 = COLOUR_RGB ( '',0.7529411764705882248, 0.7529411764705882248, 0.7529411764705882248 ) ;
#9103 = STYLED_ITEM ( 'NONE', ( #2219 ), #8902 ) ;
#9104 = ORIENTED_EDGE ( 'NONE', *, *, #2979, .T. ) ;
#9105 = LINE ( 'NONE', #4641, #563 ) ;
#9106 = UNCERTAINTY_MEASURE_WITH_UNIT (LENGTH_MEASURE( 1.000000000000000082E-05 ), #1722, 'distance_accuracy_value', 'NONE');
#9107 = SURFACE_STYLE_USAGE ( .BOTH. , #6443 ) ;
#9108 = SURFACE_STYLE_USAGE ( .BOTH. , #2404 ) ;
#9109 = DIRECTION ( 'NONE',  ( -1.000000000000000000, -0.000000000000000000, -0.000000000000000000 ) ) ;
#9110 = CARTESIAN_POINT ( 'NONE',  ( 0.7351925446519371743, 0.05958547439563629394, -0.6989999999999999547 ) ) ;
#9111 = CARTESIAN_POINT ( 'NONE',  ( 0.02291287847484683310, 0.1800000000000000766, -0.4999999999999998890 ) ) ;
#9112 = CIRCLE ( 'NONE', #7397, 0.05499999999999997946 ) ;
#9113 = FILL_AREA_STYLE_COLOUR ( '', #2570 ) ;
#9114 = PRESENTATION_STYLE_ASSIGNMENT (( #8319 ) ) ;
#9115 = CARTESIAN_POINT ( 'NONE',  ( 0.7362206395023824790, -0.04747944261066468913, -0.6999999999999996225 ) ) ;
#9116 = EDGE_CURVE ( 'NONE', #4755, #10529, #73, .T. ) ;
#9117 = VERTEX_POINT ( 'NONE', #84 ) ;
#9118 = CARTESIAN_POINT ( 'NONE',  ( 0.2170871215252205833, 0.2800000000000000266, -0.1999999999999999001 ) ) ;
#9119 = AXIS2_PLACEMENT_3D ( 'NONE', #5277, #2733, #10650 ) ;
#9120 = ORIENTED_EDGE ( 'NONE', *, *, #1867, .F. ) ;
#9121 = COLOUR_RGB ( '',1.000000000000000000, 1.000000000000000000, 1.000000000000000000 ) ;
#9122 = SURFACE_STYLE_USAGE ( .BOTH. , #5546 ) ;
#9123 =( GEOMETRIC_REPRESENTATION_CONTEXT ( 3 ) GLOBAL_UNCERTAINTY_ASSIGNED_CONTEXT ( ( #4240 ) ) GLOBAL_UNIT_ASSIGNED_CONTEXT ( ( #1103, #9331, #5633 ) ) REPRESENTATION_CONTEXT ( 'NONE', 'WORKASPACE' ) );
#9124 = EDGE_CURVE ( 'NONE', #7983, #7142, #1572, .T. ) ;
#9125 = STYLED_ITEM ( 'NONE', ( #2138 ), #9635 ) ;
#9126 = DIRECTION ( 'NONE',  ( 0.000000000000000000, -1.000000000000000000, 0.000000000000000000 ) ) ;
#9128 = EDGE_LOOP ( 'NONE', ( #4808, #4896, #5053, #4189, #10667, #2859, #6301 ) ) ;
#9127 = FILL_AREA_STYLE ('',( #8175 ) ) ;
#9129 = CARTESIAN_POINT ( 'NONE',  ( 6.685913396993942366E-17, 0.3699999999999999400, -0.6700000000000000400 ) ) ;
#9130 = AXIS2_PLACEMENT_3D ( 'NONE', #9137, #9923, #1080 ) ;
#9131 = LINE ( 'NONE', #293, #9499 ) ;
#9132 = MECHANICAL_DESIGN_GEOMETRIC_PRESENTATION_REPRESENTATION (  '', ( #2558 ), #2364 ) ;
#9133 = FILL_AREA_STYLE_COLOUR ( '', #5106 ) ;
#9134 = CARTESIAN_POINT ( 'NONE',  ( 0.7497762242559824486, 0.06131126674932559778, -0.6990000000000001767 ) ) ;
#9135 = CIRCLE ( 'NONE', #8536, 0.05499999999999997946 ) ;
#9136 = LINE ( 'NONE', #11039, #5160 ) ;
#9137 = CARTESIAN_POINT ( 'NONE',  ( -0.1199999999999999956, -0.1800000000000001876, -0.3999999999999999112 ) ) ;
#9138 = VERTEX_POINT ( 'NONE', #2851 ) ;
#9139 =( NAMED_UNIT ( * ) PLANE_ANGLE_UNIT ( ) SI_UNIT ( $, .RADIAN. ) );
#9140 = EDGE_CURVE ( 'NONE', #2581, #9265, #454, .T. ) ;
#9141 = MECHANICAL_DESIGN_GEOMETRIC_PRESENTATION_REPRESENTATION (  '', ( #10277 ), #11405 ) ;
#9142 = PRESENTATION_LAYER_ASSIGNMENT (  '', '', ( #8738 ) ) ;
#9143 = UNCERTAINTY_MEASURE_WITH_UNIT (LENGTH_MEASURE( 1.000000000000000082E-05 ), #8800, 'distance_accuracy_value', 'NONE');
#9144 = FILL_AREA_STYLE_COLOUR ( '', #1318 ) ;
#9145 = VECTOR ( 'NONE', #9530, 1000.000000000000000 ) ;
#9146 = SURFACE_SIDE_STYLE ('',( #1966 ) ) ;
#9147 = EDGE_LOOP ( 'NONE', ( #4777, #269, #10712, #5659 ) ) ;
#9148 = FILL_AREA_STYLE ('',( #2786 ) ) ;
#9149 =( LENGTH_UNIT ( ) NAMED_UNIT ( * ) SI_UNIT ( .MILLI., .METRE. ) );
#9150 = ORIENTED_EDGE ( 'NONE', *, *, #1379, .T. ) ;
#9151 = CARTESIAN_POINT ( 'NONE',  ( 0.7248926155847864594, 0.04348425162981073983, -0.6999999999999999556 ) ) ;
#9152 = DIRECTION ( 'NONE',  ( 0.000000000000000000, -1.000000000000000000, 0.000000000000000000 ) ) ;
#9153 = CARTESIAN_POINT ( 'NONE',  ( 0.7548402523849156998, -0.05366337093947540909, -0.6989999999999999547 ) ) ;
#9154 = VERTEX_POINT ( 'NONE', #5521 ) ;
#9155 = EDGE_CURVE ( 'NONE', #5130, #9748, #3561, .T. ) ;
#9156 = CARTESIAN_POINT ( 'NONE',  ( 0.7250425169797194425, -0.04614466279866321491, -0.6999999999999999556 ) ) ;
#9157 = SURFACE_SIDE_STYLE ('',( #8097 ) ) ;
#9158 = SURFACE_SIDE_STYLE ('',( #2957 ) ) ;
#9159 = AXIS2_PLACEMENT_3D ( 'NONE', #8813, #6997, #4188 ) ;
#9160 = DIRECTION ( 'NONE',  ( 0.000000000000000000, 0.000000000000000000, 1.000000000000000000 ) ) ;
#9161 = AXIS2_PLACEMENT_3D ( 'NONE', #5118, #4242, #7759 ) ;
#9162 = ORIENTED_EDGE ( 'NONE', *, *, #4275, .T. ) ;
#9163 = LINE ( 'NONE', #5359, #8088 ) ;
#9164 = DIRECTION ( 'NONE',  ( -0.000000000000000000, 1.000000000000000000, 0.000000000000000000 ) ) ;
#9165 = AXIS2_PLACEMENT_3D ( 'NONE', #7093, #3560, #6328 ) ;
#9166 = COLOUR_RGB ( '',0.7529411764705882248, 0.7529411764705882248, 0.7529411764705882248 ) ;
#9167 = DIRECTION ( 'NONE',  ( -9.486769009248167742E-16, -1.000000000000000000, 0.000000000000000000 ) ) ;
#9168 = CARTESIAN_POINT ( 'NONE',  ( 0.7266624957392583406, 0.06113955397700882033, -0.6999999999999998446 ) ) ;
#9169 = DIRECTION ( 'NONE',  ( 0.000000000000000000, 0.000000000000000000, -1.000000000000000000 ) ) ;
#9170 = CARTESIAN_POINT ( 'NONE',  ( 0.7257537652829413322, -0.03345974045676376046, -0.6989999999999997327 ) ) ;
#9171 = DIRECTION ( 'NONE',  ( 0.000000000000000000, 0.000000000000000000, 1.000000000000000000 ) ) ;
#9172 = ORIENTED_EDGE ( 'NONE', *, *, #8757, .F. ) ;
#9173 = CARTESIAN_POINT ( 'NONE',  ( 0.7602052037581163990, 0.06473758541620304452, -0.6999999999999997335 ) ) ;
#9174 = ORIENTED_EDGE ( 'NONE', *, *, #264, .F. ) ;
#9175 = CARTESIAN_POINT ( 'NONE',  ( -0.3599999999999999867, -0.1800000000000001876, -0.1999999999999998723 ) ) ;
#9176 = PRESENTATION_STYLE_ASSIGNMENT (( #2059 ) ) ;
#9177 = EDGE_CURVE ( 'NONE', #7354, #351, #5367, .T. ) ;
#9178 = FILL_AREA_STYLE ('',( #5493 ) ) ;
#9179 = VECTOR ( 'NONE', #1365, 1000.000000000000000 ) ;
#9180 = CARTESIAN_POINT ( 'NONE',  ( 0.1199999999999999956, 0.1799999999999997435, -0.6049999999999999822 ) ) ;
#9181 = PRESENTATION_LAYER_ASSIGNMENT (  '', '', ( #1660 ) ) ;
#9182 = FILL_AREA_STYLE ('',( #4714 ) ) ;
#9183 = CARTESIAN_POINT ( 'NONE',  ( 0.7254878048780486477, -0.02195121951219523165, -0.6989999999999999547 ) ) ;
#9184 = SURFACE_STYLE_FILL_AREA ( #10091 ) ;
#9185 = ORIENTED_EDGE ( 'NONE', *, *, #2008, .F. ) ;
#9186 = UNCERTAINTY_MEASURE_WITH_UNIT (LENGTH_MEASURE( 1.000000000000000082E-05 ), #6544, 'distance_accuracy_value', 'NONE');
#9187 =( GEOMETRIC_REPRESENTATION_CONTEXT ( 3 ) GLOBAL_UNCERTAINTY_ASSIGNED_CONTEXT ( ( #1900 ) ) GLOBAL_UNIT_ASSIGNED_CONTEXT ( ( #2586, #7879, #2464 ) ) REPRESENTATION_CONTEXT ( 'NONE', 'WORKASPACE' ) );
#9188 = EDGE_CURVE ( 'NONE', #752, #8736, #3786, .T. ) ;
#9189 = CARTESIAN_POINT ( 'NONE',  ( 0.7689549183009489752, 0.05445673911640658282, -0.6989999999999998437 ) ) ;
#9190 = DIRECTION ( 'NONE',  ( -1.000000000000000000, -0.000000000000000000, -0.000000000000000000 ) ) ;
#9191 = DIRECTION ( 'NONE',  ( 0.000000000000000000, 0.000000000000000000, 1.000000000000000000 ) ) ;
#9192 = AXIS2_PLACEMENT_3D ( 'NONE', #1784, #4499, #7964 ) ;
#9193 = PRESENTATION_LAYER_ASSIGNMENT (  '', '', ( #6367 ) ) ;
#9194 = DIRECTION ( 'NONE',  ( 0.000000000000000000, -1.000000000000000000, 0.000000000000000000 ) ) ;
#9195 = FILL_AREA_STYLE_COLOUR ( '', #11345 ) ;
#9196 = ADVANCED_FACE ( 'NONE', ( #4631 ), #6891, .T. ) ;
#9197 = PRESENTATION_STYLE_ASSIGNMENT (( #8293 ) ) ;
#9198 = VECTOR ( 'NONE', #5560, 1000.000000000000000 ) ;
#9199 = CARTESIAN_POINT ( 'NONE',  ( 0.7445141006097559799, -0.04878048780487816150, -0.6999999999999999556 ) ) ;
#9200 = VERTEX_POINT ( 'NONE', #8303 ) ;
#9201 = DIRECTION ( 'NONE',  ( 1.000000000000000000, 0.000000000000000000, 0.000000000000000000 ) ) ;
#9202 = UNCERTAINTY_MEASURE_WITH_UNIT (LENGTH_MEASURE( 1.000000000000000082E-05 ), #3503, 'distance_accuracy_value', 'NONE');
#9203 = AXIS2_PLACEMENT_3D ( 'NONE', #6703, #6758, #8452 ) ;
#9204 = DIRECTION ( 'NONE',  ( 0.000000000000000000, -1.000000000000000000, 0.000000000000000000 ) ) ;
#9205 = CARTESIAN_POINT ( 'NONE',  ( 0.7704276832696107524, 0.04091822946474093364, -0.7000000000000001776 ) ) ;
#9206 = ORIENTED_EDGE ( 'NONE', *, *, #3576, .T. ) ;
#9207 = CARTESIAN_POINT ( 'NONE',  ( -0.8000000000000003775, -0.3999999999999999112, 0.1000000000000000056 ) ) ;
#9208 = CARTESIAN_POINT ( 'NONE',  ( 0.7281628382558920087, -0.08172553295144954766, -0.7000000000000001776 ) ) ;
#9209 = AXIS2_PLACEMENT_3D ( 'NONE', #3146, #287, #338 ) ;
#9210 = CYLINDRICAL_SURFACE ( 'NONE', #4935, 0.05499999999999997946 ) ;
#9211 = SURFACE_SIDE_STYLE ('',( #6385 ) ) ;
#9212 = UNCERTAINTY_MEASURE_WITH_UNIT (LENGTH_MEASURE( 1.000000000000000082E-05 ), #9254, 'distance_accuracy_value', 'NONE');
#9213 = EDGE_CURVE ( 'NONE', #904, #1524, #3175, .T. ) ;
#9214 = ORIENTED_EDGE ( 'NONE', *, *, #5696, .T. ) ;
#9215 = MECHANICAL_DESIGN_GEOMETRIC_PRESENTATION_REPRESENTATION (  '', ( #10176 ), #8092 ) ;
#9216 = LINE ( 'NONE', #2216, #9805 ) ;
#9217 =( NAMED_UNIT ( * ) PLANE_ANGLE_UNIT ( ) SI_UNIT ( $, .RADIAN. ) );
#9218 = CARTESIAN_POINT ( 'NONE',  ( 0.000000000000000000, 0.000000000000000000, -0.5999999999999999778 ) ) ;
#9219 = CIRCLE ( 'NONE', #10759, 0.05499999999999997946 ) ;
#9220 = CARTESIAN_POINT ( 'NONE',  ( 0.09708712152522083749, 0.1799999999999998823, -0.4999999999999998890 ) ) ;
#9221 =( NAMED_UNIT ( * ) SI_UNIT ( $, .STERADIAN. ) SOLID_ANGLE_UNIT ( ) );
#9222 = COLOUR_RGB ( '',0.7529411764705882248, 0.7529411764705882248, 0.7529411764705882248 ) ;
#9223 = FILL_AREA_STYLE ('',( #7246 ) ) ;
#9224 = CARTESIAN_POINT ( 'NONE',  ( 0.7474390243902437891, 0.01463414634146333569, -0.6989999999999999547 ) ) ;
#9225 = CARTESIAN_POINT ( 'NONE',  ( 0.7401003257159104454, -0.04848450128361581069, -0.6999999999999999556 ) ) ;
#9226 = STYLED_ITEM ( 'NONE', ( #10053 ), #8354 ) ;
#9227 = CARTESIAN_POINT ( 'NONE',  ( 0.3829128784747791725, -0.1800000000000000211, -0.4999999999999998890 ) ) ;
#9228 = EDGE_LOOP ( 'NONE', ( #1418, #9612, #8688, #8027 ) ) ;
#9229 = DIRECTION ( 'NONE',  ( 0.000000000000000000, -0.000000000000000000, 1.000000000000000000 ) ) ;
#9230 = EDGE_LOOP ( 'NONE', ( #2357, #802, #3928, #4305 ) ) ;
#9231 = MECHANICAL_DESIGN_GEOMETRIC_PRESENTATION_REPRESENTATION (  '', ( #1915 ), #2097 ) ;
#9232 = FACE_OUTER_BOUND ( 'NONE', #5066, .T. ) ;
#9233 = PRESENTATION_STYLE_ASSIGNMENT (( #5766 ) ) ;
#9234 = STYLED_ITEM ( 'NONE', ( #9584 ), #8764 ) ;
#9235 = CYLINDRICAL_SURFACE ( 'NONE', #9609, 0.05500000000000003497 ) ;
#9236 = DIRECTION ( 'NONE',  ( 0.000000000000000000, 1.000000000000000000, -1.971276677246372308E-15 ) ) ;
#9237 = CARTESIAN_POINT ( 'NONE',  ( -0.2399999999999999911, 0.1799999999999998823, -0.6049999999999999822 ) ) ;
#9238 = CARTESIAN_POINT ( 'NONE',  ( -0.3599999999999999867, 0.3300000000000000155, -0.1999999999999999001 ) ) ;
#9239 =( NAMED_UNIT ( * ) SI_UNIT ( $, .STERADIAN. ) SOLID_ANGLE_UNIT ( ) );
#9240 = FACE_OUTER_BOUND ( 'NONE', #10112, .T. ) ;
#9241 = CIRCLE ( 'NONE', #8285, 0.05500000000000003497 ) ;
#9242 = AXIS2_PLACEMENT_3D ( 'NONE', #10778, #3686, #5580 ) ;
#9243 = ORIENTED_EDGE ( 'NONE', *, *, #4691, .T. ) ;
#9244 = PRESENTATION_LAYER_ASSIGNMENT (  '', '', ( #5819 ) ) ;
#9245 = VERTEX_POINT ( 'NONE', #256 ) ;
#9246 = EDGE_CURVE ( 'NONE', #4267, #3869, #9112, .T. ) ;
#9247 = UNCERTAINTY_MEASURE_WITH_UNIT (LENGTH_MEASURE( 1.000000000000000082E-05 ), #538, 'distance_accuracy_value', 'NONE');
#9248 =( LENGTH_UNIT ( ) NAMED_UNIT ( * ) SI_UNIT ( .MILLI., .METRE. ) );
#9249 = FACE_OUTER_BOUND ( 'NONE', #9374, .T. ) ;
#9250 = MECHANICAL_DESIGN_GEOMETRIC_PRESENTATION_REPRESENTATION (  '', ( #8470 ), #3606 ) ;
#9251 = CIRCLE ( 'NONE', #5687, 0.05499999999999997946 ) ;
#9252 = STYLED_ITEM ( 'NONE', ( #1038 ), #1437 ) ;
#9253 = PRESENTATION_STYLE_ASSIGNMENT (( #10154 ) ) ;
#9254 =( LENGTH_UNIT ( ) NAMED_UNIT ( * ) SI_UNIT ( .MILLI., .METRE. ) );
#9255 = LINE ( 'NONE', #3950, #7344 ) ;
#9256 = CARTESIAN_POINT ( 'NONE',  ( -0.2170871215251538033, -0.2800000000000000266, -0.1999999999999999001 ) ) ;
#9257 = CARTESIAN_POINT ( 'NONE',  ( 0.7296036585365852645, -0.08211699695121967013, -0.6999999999999999556 ) ) ;
#9258 = ORIENTED_EDGE ( 'NONE', *, *, #10064, .T. ) ;
#9259 = EDGE_CURVE ( 'NONE', #6394, #4436, #7431, .T. ) ;
#9260 = CIRCLE ( 'NONE', #7567, 0.05499999999999997946 ) ;
#9261 = CARTESIAN_POINT ( 'NONE',  ( -0.2399999999999999911, -0.1800000000000002154, -0.5499999999999999334 ) ) ;
#9262 = EDGE_CURVE ( 'NONE', #9449, #10956, #11177, .T. ) ;
#9263 = CARTESIAN_POINT ( 'NONE',  ( 0.7453156052972959023, -0.05546771318230794834, -0.6989999999999999547 ) ) ;
#9264 = CARTESIAN_POINT ( 'NONE',  ( 0.7260975609756096238, -0.08134527439024404061, -0.6989999999999999547 ) ) ;
#9265 = VERTEX_POINT ( 'NONE', #6545 ) ;
#9266 = SURFACE_SIDE_STYLE ('',( #4684 ) ) ;
#9267 = FACE_OUTER_BOUND ( 'NONE', #8822, .T. ) ;
#9268 = SURFACE_STYLE_FILL_AREA ( #3014 ) ;
#9269 = PRESENTATION_STYLE_ASSIGNMENT (( #3740 ) ) ;
#9270 = LINE ( 'NONE', #92, #4811 ) ;
#9271 = EDGE_CURVE ( 'NONE', #8050, #10026, #9440, .T. ) ;
#9272 = ORIENTED_EDGE ( 'NONE', *, *, #717, .T. ) ;
#9273 = CARTESIAN_POINT ( 'NONE',  ( 0.7700000000000003508, 0.3699999999999998290, -0.6999999999999999556 ) ) ;
#9274 = STYLED_ITEM ( 'NONE', ( #3329 ), #1949 ) ;
#9275 = FACE_OUTER_BOUND ( 'NONE', #3276, .T. ) ;
#9276 = ADVANCED_FACE ( 'NONE', ( #1377 ), #10281, .T. ) ;
#9277 = SURFACE_STYLE_FILL_AREA ( #6557 ) ;
#9278 =( LENGTH_UNIT ( ) NAMED_UNIT ( * ) SI_UNIT ( .MILLI., .METRE. ) );
#9279 = PRESENTATION_STYLE_ASSIGNMENT (( #8608 ) ) ;
#9280 = FILL_AREA_STYLE ('',( #2967 ) ) ;
#9281 = DIRECTION ( 'NONE',  ( 0.000000000000000000, 2.464095846557963117E-15, 1.000000000000000000 ) ) ;
#9282 = SURFACE_SIDE_STYLE ('',( #5701 ) ) ;
#9283 = MECHANICAL_DESIGN_GEOMETRIC_PRESENTATION_REPRESENTATION (  '', ( #8683 ), #6833 ) ;
#9284 = STYLED_ITEM ( 'NONE', ( #10902 ), #8894 ) ;
#9285 = FILL_AREA_STYLE ('',( #2971 ) ) ;
#9286 = ORIENTED_EDGE ( 'NONE', *, *, #5809, .T. ) ;
#9287 = CARTESIAN_POINT ( 'NONE',  ( 0.1199999999999999956, -0.1800000000000001321, -0.04999999999999975298 ) ) ;
#9288 = ORIENTED_EDGE ( 'NONE', *, *, #9357, .F. ) ;
#9289 = AXIS2_PLACEMENT_3D ( 'NONE', #1382, #3237, #4151 ) ;
#9290 = DIRECTION ( 'NONE',  ( -1.000000000000000000, -0.000000000000000000, -0.000000000000000000 ) ) ;
#9291 = PRESENTATION_LAYER_ASSIGNMENT (  '', '', ( #7220 ) ) ;
#9292 = DIRECTION ( 'NONE',  ( 0.000000000000000000, -0.000000000000000000, 1.000000000000000000 ) ) ;
#9293 = CARTESIAN_POINT ( 'NONE',  ( 0.7578916391204381098, -0.04481669907508958883, -0.6990000000000000657 ) ) ;
#9294 = ADVANCED_FACE ( 'NONE', ( #5789 ), #1202, .T. ) ;
#9295 = CARTESIAN_POINT ( 'NONE',  ( 0.7999999999999996003, -0.3999999999999999112, 0.000000000000000000 ) ) ;
#9296 = CARTESIAN_POINT ( 'NONE',  ( 0.7517465603482156311, 0.06093370453716204921, -0.6999999999999999556 ) ) ;
#9297 = LINE ( 'NONE', #4954, #10812 ) ;
#9298 = AXIS2_PLACEMENT_3D ( 'NONE', #247, #10217, #3835 ) ;
#9299 = VECTOR ( 'NONE', #3270, 1000.000000000000000 ) ;
#9300 = CARTESIAN_POINT ( 'NONE',  ( -0.1199999999999999956, 0.3300000000000000155, -0.1999999999999999001 ) ) ;
#9301 = VERTEX_POINT ( 'NONE', #4384 ) ;
#9302 = EDGE_LOOP ( 'NONE', ( #9581, #1489, #9705, #6278 ) ) ;
#9303 = PRESENTATION_LAYER_ASSIGNMENT (  '', '', ( #8923 ) ) ;
#9304 = UNCERTAINTY_MEASURE_WITH_UNIT (LENGTH_MEASURE( 1.000000000000000082E-05 ), #8505, 'distance_accuracy_value', 'NONE');
#9305 = COLOUR_RGB ( '',0.9098039215686274384, 0.4431372549019607643, 0.03137254901960784270 ) ;
#9306 =( LENGTH_UNIT ( ) NAMED_UNIT ( * ) SI_UNIT ( .MILLI., .METRE. ) );
#9307 = DIRECTION ( 'NONE',  ( 0.000000000000000000, 0.000000000000000000, 1.000000000000000000 ) ) ;
#9308 = CIRCLE ( 'NONE', #479, 0.05499999999999997946 ) ;
#9309 = CIRCLE ( 'NONE', #9497, 0.05499999999999997946 ) ;
#9310 = CARTESIAN_POINT ( 'NONE',  ( 0.7260975609756096238, -0.08134527439024404061, -0.6989999999999999547 ) ) ;
#9311 = CARTESIAN_POINT ( 'NONE',  ( -0.1199999999999999956, 0.1800000000000000766, 0.005000000000000256843 ) ) ;
#9312 = LINE ( 'NONE', #10988, #4327 ) ;
#9313 = ORIENTED_EDGE ( 'NONE', *, *, #3942, .F. ) ;
#9314 =( NAMED_UNIT ( * ) PLANE_ANGLE_UNIT ( ) SI_UNIT ( $, .RADIAN. ) );
#9315 = CARTESIAN_POINT ( 'NONE',  ( 0.7645121951219512324, 0.07256097560975606486, -0.6989999999999999547 ) ) ;
#9316 = ORIENTED_EDGE ( 'NONE', *, *, #9386, .F. ) ;
#9317 = PRESENTATION_LAYER_ASSIGNMENT (  '', '', ( #10277 ) ) ;
#9318 =( GEOMETRIC_REPRESENTATION_CONTEXT ( 3 ) GLOBAL_UNCERTAINTY_ASSIGNED_CONTEXT ( ( #1092 ) ) GLOBAL_UNIT_ASSIGNED_CONTEXT ( ( #5975, #2323, #5853 ) ) REPRESENTATION_CONTEXT ( 'NONE', 'WORKASPACE' ) );
#9319 = AXIS2_PLACEMENT_3D ( 'NONE', #9300, #6642, #11213 ) ;
#9320 = DIRECTION ( 'NONE',  ( 1.000000000000000000, 0.000000000000000000, -0.000000000000000000 ) ) ;
#9321 = CIRCLE ( 'NONE', #3688, 0.09999999999999996392 ) ;
#9322 = FILL_AREA_STYLE ('',( #253 ) ) ;
#9323 = DIRECTION ( 'NONE',  ( -0.000000000000000000, 1.000000000000000000, -0.000000000000000000 ) ) ;
#9324 = CARTESIAN_POINT ( 'NONE',  ( 0.7471668386321200783, -0.05542832968376411318, -0.6999999999999998446 ) ) ;
#9325 = FILL_AREA_STYLE ('',( #10225 ) ) ;
#9326 = EDGE_CURVE ( 'NONE', #658, #2472, #2316, .T. ) ;
#9327 = ORIENTED_EDGE ( 'NONE', *, *, #5756, .F. ) ;
#9328 =( GEOMETRIC_REPRESENTATION_CONTEXT ( 3 ) GLOBAL_UNCERTAINTY_ASSIGNED_CONTEXT ( ( #7903 ) ) GLOBAL_UNIT_ASSIGNED_CONTEXT ( ( #4806, #11065, #1929 ) ) REPRESENTATION_CONTEXT ( 'NONE', 'WORKASPACE' ) );
#9329 =( GEOMETRIC_REPRESENTATION_CONTEXT ( 3 ) GLOBAL_UNCERTAINTY_ASSIGNED_CONTEXT ( ( #4735 ) ) GLOBAL_UNIT_ASSIGNED_CONTEXT ( ( #4451, #7917, #11523 ) ) REPRESENTATION_CONTEXT ( 'NONE', 'WORKASPACE' ) );
#9330 = FACE_OUTER_BOUND ( 'NONE', #2816, .T. ) ;
#9331 =( NAMED_UNIT ( * ) PLANE_ANGLE_UNIT ( ) SI_UNIT ( $, .RADIAN. ) );
#9332 = FILL_AREA_STYLE ('',( #10341 ) ) ;
#9333 = DIRECTION ( 'NONE',  ( 0.000000000000000000, 0.000000000000000000, -1.000000000000000000 ) ) ;
#9334 = UNCERTAINTY_MEASURE_WITH_UNIT (LENGTH_MEASURE( 1.000000000000000082E-05 ), #3510, 'distance_accuracy_value', 'NONE');
#9335 = ORIENTED_EDGE ( 'NONE', *, *, #2867, .T. ) ;
#9336 = DIRECTION ( 'NONE',  ( 0.000000000000000000, 0.000000000000000000, 1.000000000000000000 ) ) ;
#9337 = DIRECTION ( 'NONE',  ( 0.000000000000000000, -1.000000000000000000, 2.397541290737904109E-15 ) ) ;
#9338 = SURFACE_STYLE_USAGE ( .BOTH. , #2275 ) ;
#9339 = ORIENTED_EDGE ( 'NONE', *, *, #210, .F. ) ;
#9340 = DIRECTION ( 'NONE',  ( -1.000000000000000000, -0.000000000000000000, -0.000000000000000000 ) ) ;
#9341 = AXIS2_PLACEMENT_3D ( 'NONE', #7169, #10909, #1881 ) ;
#9342 = B_SPLINE_SURFACE_WITH_KNOTS ( 'NONE', 3, 1, ( 
 ( #6949, #972 ),
 ( #9985, #3603 ),
 ( #8957, #6532 ),
 ( #2941, #241 ),
 ( #7412, #1903 ),
 ( #915, #4561 ),
 ( #1964, #11047 ),
 ( #3662, #6473 ),
 ( #8077, #8134 ),
 ( #10878, #6415 ),
 ( #1841, #7356 ) ),
 .UNSPECIFIED., .F., .F., .F.,
 ( 4, 1, 1, 1, 1, 1, 1, 1, 4 ),
 ( 2, 2 ),
 ( 0.000000000000000000, 0.1451868664724695890, 0.2834426109197293875, 0.4165243659288279110, 0.5431811235350815226, 0.6651530826377132222, 0.7813602063127137454, 0.8927566556418080612, 1.000000000000000000 ),
 ( 0.000000000000000000, 1.000000000000000000 ),
 .UNSPECIFIED. ) ;
#9343 = CARTESIAN_POINT ( 'NONE',  ( 0.5000000000000004441, 0.1800000000000000766, -0.1999999999999998723 ) ) ;
#9344 =( LENGTH_UNIT ( ) NAMED_UNIT ( * ) SI_UNIT ( .MILLI., .METRE. ) );
#9345 = CARTESIAN_POINT ( 'NONE',  ( 0.2629128784747793990, 0.2800000000000000266, -0.1999999999999998723 ) ) ;
#9346 = EDGE_CURVE ( 'NONE', #9831, #9946, #8490, .T. ) ;
#9347 = ORIENTED_EDGE ( 'NONE', *, *, #4264, .T. ) ;
#9348 = EDGE_LOOP ( 'NONE', ( #967, #4293, #4235, #7310, #9830, #1027, #6176, #8759, #10866, #7769, #10065, #8038, #2701, #8658, #9272, #11403, #9666, #10966, #13, #6003, #9682, #3555, #6968, #1557, #3171, #10189, #4061, #1399, #1564, #10786, #4681, #1302, #9104, #727, #2648, #6292, #6130, #517, #9475, #5247, #2085, #6124 ) ) ;
#9349 = MECHANICAL_DESIGN_GEOMETRIC_PRESENTATION_REPRESENTATION (  '', ( #4842 ), #5044 ) ;
#9350 = VECTOR ( 'NONE', #6053, 1000.000000000000000 ) ;
#9351 =( LENGTH_UNIT ( ) NAMED_UNIT ( * ) SI_UNIT ( .MILLI., .METRE. ) );
#9352 = FILL_AREA_STYLE_COLOUR ( '', #3734 ) ;
#9353 = CARTESIAN_POINT ( 'NONE',  ( 0.1199999999999999956, 0.1799999999999998823, -0.5499999999999999334 ) ) ;
#9354 = CARTESIAN_POINT ( 'NONE',  ( 0.3370871215252208009, 0.1800000000000000766, -0.4999999999999998890 ) ) ;
#9355 = PRESENTATION_STYLE_ASSIGNMENT (( #8623 ) ) ;
#9356 = CARTESIAN_POINT ( 'NONE',  ( 0.7455335365853656970, 0.06158536585365840393, -0.6999999999999999556 ) ) ;
#9357 = EDGE_CURVE ( 'NONE', #8718, #76, #6140, .T. ) ;
#9358 =( LENGTH_UNIT ( ) NAMED_UNIT ( * ) SI_UNIT ( .MILLI., .METRE. ) );
#9359 = LINE ( 'NONE', #11269, #2699 ) ;
#9360 = AXIS2_PLACEMENT_3D ( 'NONE', #3195, #1559, #7639 ) ;
#9361 = ORIENTED_EDGE ( 'NONE', *, *, #10908, .T. ) ;
#9362 = ORIENTED_EDGE ( 'NONE', *, *, #150, .T. ) ;
#9363 = ADVANCED_FACE ( 'NONE', ( #6951 ), #787, .F. ) ;
#9364 = DIRECTION ( 'NONE',  ( 0.000000000000000000, 1.000000000000000000, -1.971276677246372308E-15 ) ) ;
#9365 = CARTESIAN_POINT ( 'NONE',  ( 0.7705525547535493347, 0.04742052422395919009, -0.6999999999999999556 ) ) ;
#9366 =( LENGTH_UNIT ( ) NAMED_UNIT ( * ) SI_UNIT ( .MILLI., .METRE. ) );
#9367 = CARTESIAN_POINT ( 'NONE',  ( 0.7680150423433829143, 0.05654042563492368140, -0.6989999999999998437 ) ) ;
#9368 = TOROIDAL_SURFACE ( 'NONE', #8992, 0.1500000000000000500, 0.05500000000000000028 ) ;
#9369 = FILL_AREA_STYLE ('',( #6762 ) ) ;
#9370 = DIRECTION ( 'NONE',  ( 0.000000000000000000, 0.000000000000000000, 1.000000000000000000 ) ) ;
#9371 = DIRECTION ( 'NONE',  ( -9.486769009248167742E-16, -1.000000000000000000, 0.000000000000000000 ) ) ;
#9372 = CARTESIAN_POINT ( 'NONE',  ( 0.7199999999999998623, -0.01524390243902449919, -0.6989999999999999547 ) ) ;
#9373 = CARTESIAN_POINT ( 'NONE',  ( 0.3599999999999999867, 0.1799999999999998823, -0.5499999999999999334 ) ) ;
#9374 = EDGE_LOOP ( 'NONE', ( #11178, #1765, #7888, #9569 ) ) ;
#9375 = COLOUR_RGB ( '',0.000000000000000000, 0.000000000000000000, 0.000000000000000000 ) ;
#9376 =( NAMED_UNIT ( * ) PLANE_ANGLE_UNIT ( ) SI_UNIT ( $, .RADIAN. ) );
#9377 = CARTESIAN_POINT ( 'NONE',  ( 0.7699826847323777423, -0.02979659377850145049, -0.6999999999999998446 ) ) ;
#9378 = COLOUR_RGB ( '',0.7529411764705882248, 0.7529411764705882248, 0.7529411764705882248 ) ;
#9379 = ORIENTED_EDGE ( 'NONE', *, *, #6569, .F. ) ;
#9380 = STYLED_ITEM ( 'NONE', ( #373 ), #2731 ) ;
#9381 =( NAMED_UNIT ( * ) SI_UNIT ( $, .STERADIAN. ) SOLID_ANGLE_UNIT ( ) );
#9382 = SURFACE_SIDE_STYLE ('',( #4032 ) ) ;
#9383 = CARTESIAN_POINT ( 'NONE',  ( 0.2170871215252208053, -0.1800000000000001876, -0.3999999999999999112 ) ) ;
#9384 = COLOUR_RGB ( '',0.9098039215686274384, 0.4431372549019607643, 0.03137254901960784270 ) ;
#9385 = AXIS2_PLACEMENT_3D ( 'NONE', #10213, #4668, #3770 ) ;
#9386 = EDGE_CURVE ( 'NONE', #333, #3403, #10516, .T. ) ;
#9387 = VERTEX_POINT ( 'NONE', #6079 ) ;
#9388 = CARTESIAN_POINT ( 'NONE',  ( -0.5000000000000004441, 0.1800000000000000766, -0.3999999999999999112 ) ) ;
#9389 = CARTESIAN_POINT ( 'NONE',  ( 0.7194524739749985631, 0.04553858261821144837, -0.6999999999999999556 ) ) ;
#9390 = SURFACE_SIDE_STYLE ('',( #7864 ) ) ;
#9391 =( LENGTH_UNIT ( ) NAMED_UNIT ( * ) SI_UNIT ( .MILLI., .METRE. ) );
#9392 = ADVANCED_BREP_SHAPE_REPRESENTATION ( 'IND-SMD_L1.6-W0.8-1', ( #5505, #5612, #5790, #1607, #7067 ), #304 ) ;
#9393 = EDGE_LOOP ( 'NONE', ( #2055, #9786, #3787, #3459 ) ) ;
#9394 = TOROIDAL_SURFACE ( 'NONE', #7510, 0.1500000000000000222, 0.05500000000000000028 ) ;
#9395 = LINE ( 'NONE', #5048, #3264 ) ;
#9396 = SURFACE_STYLE_USAGE ( .BOTH. , #6792 ) ;
#9397 = PRESENTATION_STYLE_ASSIGNMENT (( #2336 ) ) ;
#9398 = CARTESIAN_POINT ( 'NONE',  ( -0.1429128784747786263, -0.2800000000000000266, -0.1999999999999999001 ) ) ;
#9399 = CARTESIAN_POINT ( 'NONE',  ( 0.7699999999999996847, -0.3699999999999998845, -0.6999999999999999556 ) ) ;
#9400 = ORIENTED_EDGE ( 'NONE', *, *, #10746, .T. ) ;
#9401 = EDGE_CURVE ( 'NONE', #6065, #3979, #8043, .T. ) ;
#9402 = SURFACE_STYLE_USAGE ( .BOTH. , #11201 ) ;
#9403 = ORIENTED_EDGE ( 'NONE', *, *, #3150, .F. ) ;
#9404 =( NAMED_UNIT ( * ) SI_UNIT ( $, .STERADIAN. ) SOLID_ANGLE_UNIT ( ) );
#9405 = ADVANCED_FACE ( 'NONE', ( #5211 ), #9615, .F. ) ;
#9406 = CARTESIAN_POINT ( 'NONE',  ( 0.7489557317405464154, -0.04849281101136621031, -0.6989999999999999547 ) ) ;
#9407 = PRESENTATION_LAYER_ASSIGNMENT (  '', '', ( #4158 ) ) ;
#9408 = PRESENTATION_STYLE_ASSIGNMENT (( #8506 ) ) ;
#9409 = FILL_AREA_STYLE_COLOUR ( '', #10089 ) ;
#9410 = AXIS2_PLACEMENT_3D ( 'NONE', #1770, #5378, #11502 ) ;
#9411 = FILL_AREA_STYLE_COLOUR ( '', #6788 ) ;
#9412 = FILL_AREA_STYLE_COLOUR ( '', #985 ) ;
#9413 = DIRECTION ( 'NONE',  ( 0.000000000000000000, 2.464095846557963117E-15, 1.000000000000000000 ) ) ;
#9414 = DIRECTION ( 'NONE',  ( 0.000000000000000000, 1.000000000000000000, -5.646886315028668105E-17 ) ) ;
#9415 = EDGE_LOOP ( 'NONE', ( #3055, #413, #5888, #3902, #1717, #6999, #7155, #10935, #5586, #2445, #2072, #7633, #3183, #2174, #10892, #604, #1686 ) ) ;
#9416 = VERTEX_POINT ( 'NONE', #1788 ) ;
#9417 = EDGE_CURVE ( 'NONE', #6877, #10205, #8899, .T. ) ;
#9418 = UNCERTAINTY_MEASURE_WITH_UNIT (LENGTH_MEASURE( 1.000000000000000082E-05 ), #4342, 'distance_accuracy_value', 'NONE');
#9419 = AXIS2_PLACEMENT_3D ( 'NONE', #536, #5025, #5139 ) ;
#9420 =( GEOMETRIC_REPRESENTATION_CONTEXT ( 3 ) GLOBAL_UNCERTAINTY_ASSIGNED_CONTEXT ( ( #6386 ) ) GLOBAL_UNIT_ASSIGNED_CONTEXT ( ( #3633, #3696, #9221 ) ) REPRESENTATION_CONTEXT ( 'NONE', 'WORKASPACE' ) );
#9421 =( NAMED_UNIT ( * ) SI_UNIT ( $, .STERADIAN. ) SOLID_ANGLE_UNIT ( ) );
#9422 = CARTESIAN_POINT ( 'NONE',  ( 0.7706097560975608829, 0.04485518292682912772, -0.6989999999999999547 ) ) ;
#9423 = ADVANCED_FACE ( 'NONE', ( #2612 ), #10761, .F. ) ;
#9424 = PLANE ( 'NONE',  #5982 ) ;
#9425 = SURFACE_SIDE_STYLE ('',( #3226 ) ) ;
#9426 = CARTESIAN_POINT ( 'NONE',  ( 0.2399999999999999911, -0.1800000000000001321, -0.04999999999999975298 ) ) ;
#9427 = CIRCLE ( 'NONE', #2657, 0.05499999999999997946 ) ;
#9428 = STYLED_ITEM ( 'NONE', ( #157 ), #6113 ) ;
#9429 = STYLED_ITEM ( 'NONE', ( #7753 ), #7066 ) ;
#9430 = PLANE ( 'NONE',  #6998 ) ;
#9431 = DIRECTION ( 'NONE',  ( 0.000000000000000000, 2.578241652818821251E-15, 1.000000000000000000 ) ) ;
#9432 = EDGE_CURVE ( 'NONE', #10956, #1072, #6471, .T. ) ;
#9433 = CARTESIAN_POINT ( 'NONE',  ( 0.7260975609756096238, -0.08134527439024404061, -0.6999999999999998446 ) ) ;
#9434 = FILL_AREA_STYLE_COLOUR ( '', #7413 ) ;
#9435 = VERTEX_POINT ( 'NONE', #9083 ) ;
#9436 = CARTESIAN_POINT ( 'NONE',  ( 0.7645121951219512324, 0.09146341463414631168, -0.6989999999999999547 ) ) ;
#9437 = MECHANICAL_DESIGN_GEOMETRIC_PRESENTATION_REPRESENTATION (  '', ( #7543 ), #7173 ) ;
#9438 = SURFACE_STYLE_USAGE ( .BOTH. , #8411 ) ;
#9439 = CYLINDRICAL_SURFACE ( 'NONE', #6531, 0.05499999999999997946 ) ;
#9440 = LINE ( 'NONE', #9264, #3077 ) ;
#9441 = VERTEX_POINT ( 'NONE', #1034 ) ;
#9442 = SURFACE_SIDE_STYLE ('',( #3126 ) ) ;
#9443 = DIRECTION ( 'NONE',  ( -1.000000000000000000, -0.000000000000000000, -0.000000000000000000 ) ) ;
#9444 =( NAMED_UNIT ( * ) PLANE_ANGLE_UNIT ( ) SI_UNIT ( $, .RADIAN. ) );
#9445 = PRESENTATION_LAYER_ASSIGNMENT (  '', '', ( #2493 ) ) ;
#9446 = LINE ( 'NONE', #553, #8332 ) ;
#9447 = PRESENTATION_STYLE_ASSIGNMENT (( #2386 ) ) ;
#9448 = UNCERTAINTY_MEASURE_WITH_UNIT (LENGTH_MEASURE( 1.000000000000000082E-05 ), #263, 'distance_accuracy_value', 'NONE');
#9449 = VERTEX_POINT ( 'NONE', #1843 ) ;
#9450 = DIRECTION ( 'NONE',  ( 0.000000000000000000, 2.578241652818821251E-15, 1.000000000000000000 ) ) ;
#9451 = CARTESIAN_POINT ( 'NONE',  ( 0.7203735655063407961, 0.05060815312215081324, -0.6990000000000000657 ) ) ;
#9452 =( LENGTH_UNIT ( ) NAMED_UNIT ( * ) SI_UNIT ( .MILLI., .METRE. ) );
#9453 = CARTESIAN_POINT ( 'NONE',  ( 0.7216166758995572472, -0.03964004144171595634, -0.6990000000000000657 ) ) ;
#9454 = AXIS2_PLACEMENT_3D ( 'NONE', #779, #1714, #7959 ) ;
#9455 = EDGE_LOOP ( 'NONE', ( #1172, #2449, #10234, #6644 ) ) ;
#9456 = LINE ( 'NONE', #621, #5735 ) ;
#9457 = CARTESIAN_POINT ( 'NONE',  ( 0.7699999999999997957, 0.02134146341463407162, -0.6989999999999999547 ) ) ;
#9458 = CARTESIAN_POINT ( 'NONE',  ( 0.1199999999999999956, -0.1800000000000003542, -0.6049999999999999822 ) ) ;
#9459 = SURFACE_STYLE_USAGE ( .BOTH. , #4169 ) ;
#9460 = SURFACE_STYLE_FILL_AREA ( #6741 ) ;
#9461 = ORIENTED_EDGE ( 'NONE', *, *, #5472, .T. ) ;
#9462 = CARTESIAN_POINT ( 'NONE',  ( 0.7704402281227225036, 0.04035756545286429964, -0.7000000000000005107 ) ) ;
#9463 = EDGE_LOOP ( 'NONE', ( #9327, #283, #4422, #4157 ) ) ;
#9464 = DIRECTION ( 'NONE',  ( 0.000000000000000000, 0.000000000000000000, 1.000000000000000000 ) ) ;
#9465 = FILL_AREA_STYLE_COLOUR ( '', #10496 ) ;
#9466 = DIRECTION ( 'NONE',  ( 0.000000000000000000, 0.000000000000000000, -1.000000000000000000 ) ) ;
#9467 =( GEOMETRIC_REPRESENTATION_CONTEXT ( 3 ) GLOBAL_UNCERTAINTY_ASSIGNED_CONTEXT ( ( #6804 ) ) GLOBAL_UNIT_ASSIGNED_CONTEXT ( ( #1011, #3804, #39 ) ) REPRESENTATION_CONTEXT ( 'NONE', 'WORKASPACE' ) );
#9468 = ADVANCED_FACE ( 'NONE', ( #8191 ), #5449, .T. ) ;
#9469 = FACE_OUTER_BOUND ( 'NONE', #11311, .T. ) ;
#9470 = CARTESIAN_POINT ( 'NONE',  ( 0.8019999999999994911, -0.1800000000000000211, -0.09999999999999988065 ) ) ;
#9471 = DIRECTION ( 'NONE',  ( 0.000000000000000000, 1.000000000000000000, -2.578241652818821251E-15 ) ) ;
#9472 = FILL_AREA_STYLE ('',( #3043 ) ) ;
#9473 = SURFACE_SIDE_STYLE ('',( #2470 ) ) ;
#9474 = SURFACE_STYLE_FILL_AREA ( #3157 ) ;
#9475 = ORIENTED_EDGE ( 'NONE', *, *, #4960, .T. ) ;
#9476 = ORIENTED_EDGE ( 'NONE', *, *, #6594, .T. ) ;
#9477 = EDGE_CURVE ( 'NONE', #1072, #5173, #3829, .T. ) ;
#9478 = VERTEX_POINT ( 'NONE', #8400 ) ;
#9479 = MECHANICAL_DESIGN_GEOMETRIC_PRESENTATION_REPRESENTATION (  '', ( #4787 ), #3252 ) ;
#9480 =( LENGTH_UNIT ( ) NAMED_UNIT ( * ) SI_UNIT ( .MILLI., .METRE. ) );
#9481 =( GEOMETRIC_REPRESENTATION_CONTEXT ( 3 ) GLOBAL_UNCERTAINTY_ASSIGNED_CONTEXT ( ( #4912 ) ) GLOBAL_UNIT_ASSIGNED_CONTEXT ( ( #5657, #4775, #1357 ) ) REPRESENTATION_CONTEXT ( 'NONE', 'WORKASPACE' ) );
#9482 = AXIS2_PLACEMENT_3D ( 'NONE', #3, #6255, #4616 ) ;
#9483 = CARTESIAN_POINT ( 'NONE',  ( 0.7559819524016140324, 0.06674701842589858547, -0.6999999999999999556 ) ) ;
#9484 = LINE ( 'NONE', #1251, #9179 ) ;
#9485 = SURFACE_SIDE_STYLE ('',( #1367 ) ) ;
#9486 = CIRCLE ( 'NONE', #4984, 0.09999999999999997780 ) ;
#9487 = CARTESIAN_POINT ( 'NONE',  ( 0.7699999999999997957, -0.01524390243902449919, -0.6989999999999999547 ) ) ;
#9488 = STYLED_ITEM ( 'NONE', ( #8979 ), #1192 ) ;
#9489 = DIRECTION ( 'NONE',  ( 0.000000000000000000, -2.710505431213761085E-16, 1.000000000000000000 ) ) ;
#9490 = MECHANICAL_DESIGN_GEOMETRIC_PRESENTATION_REPRESENTATION (  '', ( #4798 ), #4987 ) ;
#9491 = FILL_AREA_STYLE ('',( #3286 ) ) ;
#9492 = DIRECTION ( 'NONE',  ( 0.000000000000000000, 2.397541290737903714E-15, 1.000000000000000000 ) ) ;
#9493 = ORIENTED_EDGE ( 'NONE', *, *, #3854, .T. ) ;
#9494 = EDGE_CURVE ( 'NONE', #7786, #10739, #10211, .T. ) ;
#9495 = EDGE_CURVE ( 'NONE', #9793, #5857, #505, .T. ) ;
#9496 = STYLED_ITEM ( 'NONE', ( #10884 ), #4106 ) ;
#9497 = AXIS2_PLACEMENT_3D ( 'NONE', #6276, #9828, #3439 ) ;
#9498 = UNCERTAINTY_MEASURE_WITH_UNIT (LENGTH_MEASURE( 1.000000000000000082E-05 ), #10584, 'distance_accuracy_value', 'NONE');
#9499 = VECTOR ( 'NONE', #6518, 1000.000000000000000 ) ;
#9500 = FACE_OUTER_BOUND ( 'NONE', #10849, .T. ) ;
#9501 = DIRECTION ( 'NONE',  ( -1.000000000000000000, 0.000000000000000000, 0.000000000000000000 ) ) ;
#9502 = VERTEX_POINT ( 'NONE', #9311 ) ;
#9503 = FILL_AREA_STYLE ('',( #2318 ) ) ;
#9504 = SURFACE_STYLE_USAGE ( .BOTH. , #10401 ) ;
#9505 =( GEOMETRIC_REPRESENTATION_CONTEXT ( 3 ) GLOBAL_UNCERTAINTY_ASSIGNED_CONTEXT ( ( #11571 ) ) GLOBAL_UNIT_ASSIGNED_CONTEXT ( ( #10038, #8280, #300 ) ) REPRESENTATION_CONTEXT ( 'NONE', 'WORKASPACE' ) );
#9506 = DIRECTION ( 'NONE',  ( 1.000000000000000000, 7.228014483236716277E-16, -0.000000000000000000 ) ) ;
#9507 = DIRECTION ( 'NONE',  ( 0.000000000000000000, -1.000000000000000000, 2.634710515969108204E-15 ) ) ;
#9508 = CARTESIAN_POINT ( 'NONE',  ( 0.7645121951219511214, -0.02195121951219523165, -0.6989999999999145786 ) ) ;
#9509 = MECHANICAL_DESIGN_GEOMETRIC_PRESENTATION_REPRESENTATION (  '', ( #1615 ), #8189 ) ;
#9510 = VERTEX_POINT ( 'NONE', #2195 ) ;
#9511 = CARTESIAN_POINT ( 'NONE',  ( 0.7646596330595478719, -0.04613399156977066734, -0.6999999999999998446 ) ) ;
#9512 = CARTESIAN_POINT ( 'NONE',  ( 0.7459432164634144380, 0.06829268292682913466, -0.6989999999999999547 ) ) ;
#9513 = STYLED_ITEM ( 'NONE', ( #10173 ), #3794 ) ;
#9514 = DIRECTION ( 'NONE',  ( 0.000000000000000000, -1.000000000000000000, 0.000000000000000000 ) ) ;
#9515 = VERTEX_POINT ( 'NONE', #5666 ) ;
#9516 = CIRCLE ( 'NONE', #6874, 0.09999999999999997780 ) ;
#9517 = SURFACE_STYLE_FILL_AREA ( #6790 ) ;
#9518 = CYLINDRICAL_SURFACE ( 'NONE', #7584, 0.05499999999999997946 ) ;
#9519 =( NAMED_UNIT ( * ) PLANE_ANGLE_UNIT ( ) SI_UNIT ( $, .RADIAN. ) );
#9520 = ORIENTED_EDGE ( 'NONE', *, *, #1039, .F. ) ;
#9521 = DIRECTION ( 'NONE',  ( -2.710505431213760592E-16, 1.000000000000000000, 0.000000000000000000 ) ) ;
#9522 = VERTEX_POINT ( 'NONE', #6533 ) ;
#9523 = UNCERTAINTY_MEASURE_WITH_UNIT (LENGTH_MEASURE( 1.000000000000000082E-05 ), #785, 'distance_accuracy_value', 'NONE');
#9524 = CARTESIAN_POINT ( 'NONE',  ( 0.7200204745964046138, -0.03027263284014452757, -0.7000000000000000666 ) ) ;
#9525 = UNCERTAINTY_MEASURE_WITH_UNIT (LENGTH_MEASURE( 1.000000000000000082E-05 ), #2963, 'distance_accuracy_value', 'NONE');
#9526 = DIRECTION ( 'NONE',  ( 0.000000000000000000, 0.000000000000000000, 1.000000000000000000 ) ) ;
#9527 = CARTESIAN_POINT ( 'NONE',  ( -0.2629128784747788994, -0.1800000000000002709, -0.09999999999999982514 ) ) ;
#9528 = CARTESIAN_POINT ( 'NONE',  ( 0.7624920339306752171, -0.03908192238418306541, -0.6990000000000000657 ) ) ;
#9529 = CARTESIAN_POINT ( 'NONE',  ( 0.7700000000000000178, 0.02134146341463405774, -0.6999999999999999556 ) ) ;
#9530 = DIRECTION ( 'NONE',  ( -0.000000000000000000, -0.000000000000000000, -1.000000000000000000 ) ) ;
#9531 = CARTESIAN_POINT ( 'NONE',  ( 0.7362206395023824790, -0.04747944261066468913, -0.6989999999999996216 ) ) ;
#9532 = LINE ( 'NONE', #10487, #6589 ) ;
#9533 = CARTESIAN_POINT ( 'NONE',  ( 0.2399999999999999911, -0.3850000000000002309, -0.3999999999999999112 ) ) ;
#9534 =( NAMED_UNIT ( * ) SI_UNIT ( $, .STERADIAN. ) SOLID_ANGLE_UNIT ( ) );
#9535 = CARTESIAN_POINT ( 'NONE',  ( 0.1199999999999999956, 0.1800000000000000766, 0.005000000000000256843 ) ) ;
#9536 = SURFACE_SIDE_STYLE ('',( #9474 ) ) ;
#9537 = ORIENTED_EDGE ( 'NONE', *, *, #7930, .F. ) ;
#9538 =( GEOMETRIC_REPRESENTATION_CONTEXT ( 3 ) GLOBAL_UNCERTAINTY_ASSIGNED_CONTEXT ( ( #721 ) ) GLOBAL_UNIT_ASSIGNED_CONTEXT ( ( #9452, #9567, #10410 ) ) REPRESENTATION_CONTEXT ( 'NONE', 'WORKASPACE' ) );
#9539 = EDGE_LOOP ( 'NONE', ( #11556, #2243, #8198, #85 ) ) ;
#9540 = ORIENTED_EDGE ( 'NONE', *, *, #4800, .T. ) ;
#9541 = MECHANICAL_DESIGN_GEOMETRIC_PRESENTATION_REPRESENTATION (  '', ( #11440 ), #8383 ) ;
#9542 = EDGE_CURVE ( 'NONE', #8241, #6745, #5615, .T. ) ;
#9543 = LINE ( 'NONE', #8631, #6887 ) ;
#9544 = CARTESIAN_POINT ( 'NONE',  ( 0.7252016757353521026, 0.04675398755289486563, -0.6999999999999999556 ) ) ;
#9545 = CARTESIAN_POINT ( 'NONE',  ( 0.1429128784747790704, -0.2800000000000000266, -0.1999999999999999001 ) ) ;
#9546 = DIRECTION ( 'NONE',  ( 0.000000000000000000, -2.216840928656986572E-15, -1.000000000000000000 ) ) ;
#9547 = STYLED_ITEM ( 'NONE', ( #11020 ), #3445 ) ;
#9548 = CARTESIAN_POINT ( 'NONE',  ( -0.2629128784749617531, 0.2800000000000000266, -0.1999999999999998723 ) ) ;
#9549 = ORIENTED_EDGE ( 'NONE', *, *, #9401, .F. ) ;
#9550 = MECHANICAL_DESIGN_GEOMETRIC_PRESENTATION_REPRESENTATION (  '', ( #5437 ), #926 ) ;
#9551 = ADVANCED_FACE ( 'NONE', ( #8457 ), #7546, .T. ) ;
#9552 = VECTOR ( 'NONE', #6625, 1000.000000000000000 ) ;
#9553 = CARTESIAN_POINT ( 'NONE',  ( 0.7621796094162187618, 0.03155717748205144613, -0.6999999999999998446 ) ) ;
#9555 = ORIENTED_EDGE ( 'NONE', *, *, #4532, .T. ) ;
#9554 = PRESENTATION_STYLE_ASSIGNMENT (( #327 ) ) ;
#9556 = EDGE_CURVE ( 'NONE', #9968, #7916, #8840, .T. ) ;
#9557 = DIRECTION ( 'NONE',  ( 0.000000000000000000, 0.000000000000000000, 1.000000000000000000 ) ) ;
#9558 = CARTESIAN_POINT ( 'NONE',  ( 0.7699999999999999067, 0.09817073170731704934, -0.6989999999999999547 ) ) ;
#9559 =( NAMED_UNIT ( * ) PLANE_ANGLE_UNIT ( ) SI_UNIT ( $, .RADIAN. ) );
#9560 = STYLED_ITEM ( 'NONE', ( #11070 ), #2310 ) ;
#9561 = DIRECTION ( 'NONE',  ( 0.000000000000000000, -2.464095846557964300E-15, -1.000000000000000000 ) ) ;
#9562 = DIRECTION ( 'NONE',  ( 1.000000000000000000, 0.000000000000000000, 0.000000000000000000 ) ) ;
#9563 = ORIENTED_EDGE ( 'NONE', *, *, #9784, .F. ) ;
#9564 = EDGE_LOOP ( 'NONE', ( #5772, #1434, #11616, #6815 ) ) ;
#9565 = CARTESIAN_POINT ( 'NONE',  ( 0.7630333142538905378, -0.04806385596417656753, -0.7000000000000001776 ) ) ;
#9566 = LINE ( 'NONE', #5041, #1670 ) ;
#9567 =( NAMED_UNIT ( * ) PLANE_ANGLE_UNIT ( ) SI_UNIT ( $, .RADIAN. ) );
#9568 = CARTESIAN_POINT ( 'NONE',  ( 0.02291287847477863765, -0.2800000000000000266, -0.1999999999999999001 ) ) ;
#9569 = ORIENTED_EDGE ( 'NONE', *, *, #4654, .T. ) ;
#9570 = CARTESIAN_POINT ( 'NONE',  ( 0.7254878048780486477, -0.004268292682926912857, -0.6989999999999999547 ) ) ;
#9571 = DIRECTION ( 'NONE',  ( 0.000000000000000000, 0.000000000000000000, 1.000000000000000000 ) ) ;
#9572 =( NAMED_UNIT ( * ) PLANE_ANGLE_UNIT ( ) SI_UNIT ( $, .RADIAN. ) );
#9573 = AXIS2_PLACEMENT_3D ( 'NONE', #4720, #1084, #6527 ) ;
#9574 = LINE ( 'NONE', #1508, #1609 ) ;
#9575 = MECHANICAL_DESIGN_GEOMETRIC_PRESENTATION_REPRESENTATION (  '', ( #6367 ), #1306 ) ;
#9576 = LINE ( 'NONE', #624, #8533 ) ;
#9577 = ADVANCED_FACE ( 'NONE', ( #793 ), #1908, .T. ) ;
#9578 = STYLED_ITEM ( 'NONE', ( #10638 ), #2808 ) ;
#9579 = EDGE_LOOP ( 'NONE', ( #676, #8880, #10413, #11358 ) ) ;
#9580 = LINE ( 'NONE', #9640, #6591 ) ;
#9581 = ORIENTED_EDGE ( 'NONE', *, *, #10831, .F. ) ;
#9582 = CARTESIAN_POINT ( 'NONE',  ( 0.7200606195295805589, -0.03207373612646245015, -0.7000000000000001776 ) ) ;
#9583 = LINE ( 'NONE', #239, #8783 ) ;
#9584 = PRESENTATION_STYLE_ASSIGNMENT (( #4470 ) ) ;
#9585 = TOROIDAL_SURFACE ( 'NONE', #2434, 0.1500000000000000222, 0.05500000000000000028 ) ;
#9586 = LINE ( 'NONE', #5724, #4473 ) ;
#9587 = CARTESIAN_POINT ( 'NONE',  ( 0.8019999999999994911, -0.2800000000000000266, -0.1999999999999998723 ) ) ;
#9588 =( NAMED_UNIT ( * ) PLANE_ANGLE_UNIT ( ) SI_UNIT ( $, .RADIAN. ) );
#9589 = PRESENTATION_STYLE_ASSIGNMENT (( #2407 ) ) ;
#9590 =( NAMED_UNIT ( * ) SI_UNIT ( $, .STERADIAN. ) SOLID_ANGLE_UNIT ( ) );
#9591 = CARTESIAN_POINT ( 'NONE',  ( 0.02291287847477906786, 0.1799999999999999101, -0.3999999999999999112 ) ) ;
#9592 = SURFACE_STYLE_USAGE ( .BOTH. , #10553 ) ;
#9593 = CIRCLE ( 'NONE', #6020, 0.05500000000000000722 ) ;
#9594 = AXIS2_PLACEMENT_3D ( 'NONE', #2806, #7223, #9832 ) ;
#9595 = CARTESIAN_POINT ( 'NONE',  ( -0.8000000000000003775, -0.3999999999999999112, -2.154400374531753037 ) ) ;
#9596 = DIRECTION ( 'NONE',  ( 0.000000000000000000, 0.000000000000000000, 1.000000000000000000 ) ) ;
#9597 = ORIENTED_EDGE ( 'NONE', *, *, #1130, .F. ) ;
#9598 = VERTEX_POINT ( 'NONE', #8402 ) ;
#9599 = EDGE_LOOP ( 'NONE', ( #3562, #7872, #9243, #1480 ) ) ;
#9600 = DIRECTION ( 'NONE',  ( 0.000000000000000000, -1.000000000000000000, 2.464095846557965483E-15 ) ) ;
#9601 = DIRECTION ( 'NONE',  ( 0.000000000000000000, 0.000000000000000000, -1.000000000000000000 ) ) ;
#9602 = CARTESIAN_POINT ( 'NONE',  ( 0.3829128784747790060, 0.1799999999999999101, -0.1999999999999998723 ) ) ;
#9603 = PRESENTATION_LAYER_ASSIGNMENT (  '', '', ( #6575 ) ) ;
#9604 = DIRECTION ( 'NONE',  ( 0.000000000000000000, 1.000000000000000000, -5.646886315028668105E-17 ) ) ;
#9605 = DIRECTION ( 'NONE',  ( -1.000000000000000000, -0.000000000000000000, -0.000000000000000000 ) ) ;
#9606 = EDGE_CURVE ( 'NONE', #6330, #5130, #5268, .T. ) ;
#9607 = LINE ( 'NONE', #8763, #43 ) ;
#9608 = MECHANICAL_DESIGN_GEOMETRIC_PRESENTATION_REPRESENTATION (  '', ( #418 ), #8099 ) ;
#9609 = AXIS2_PLACEMENT_3D ( 'NONE', #9353, #1237, #2348 ) ;
#9610 = CARTESIAN_POINT ( 'NONE',  ( 0.7651219512195119865, 0.04393102134146327498, -0.6989999999999999547 ) ) ;
#9611 = PLANE ( 'NONE',  #2735 ) ;
#9612 = ORIENTED_EDGE ( 'NONE', *, *, #8123, .T. ) ;
#9613 = COLOUR_RGB ( '',0.000000000000000000, 0.000000000000000000, 0.000000000000000000 ) ;
#9614 = SURFACE_STYLE_FILL_AREA ( #11574 ) ;
#9615 = PLANE ( 'NONE',  #9482 ) ;
#9616 = AXIS2_PLACEMENT_3D ( 'NONE', #7939, #3450, #6171 ) ;
#9617 =( GEOMETRIC_REPRESENTATION_CONTEXT ( 3 ) GLOBAL_UNCERTAINTY_ASSIGNED_CONTEXT ( ( #7966 ) ) GLOBAL_UNIT_ASSIGNED_CONTEXT ( ( #3001, #7776, #4082 ) ) REPRESENTATION_CONTEXT ( 'NONE', 'WORKASPACE' ) );
#9618 = STYLED_ITEM ( 'NONE', ( #137 ), #7107 ) ;
#9620 = VERTEX_POINT ( 'NONE', #1313 ) ;
#9619 = SURFACE_STYLE_USAGE ( .BOTH. , #666 ) ;
#9621 = CARTESIAN_POINT ( 'NONE',  ( 0.7699999999999997957, -0.06646341463414648376, -0.6989999999999999547 ) ) ;
#9622 = EDGE_CURVE ( 'NONE', #11214, #3047, #10802, .T. ) ;
#9623 =( LENGTH_UNIT ( ) NAMED_UNIT ( * ) SI_UNIT ( .MILLI., .METRE. ) );
#9624 = CARTESIAN_POINT ( 'NONE',  ( 0.2399999999999999911, -0.3300000000000002376, -0.3999999999999999667 ) ) ;
#9625 = DIRECTION ( 'NONE',  ( 0.000000000000000000, 2.397541290737903714E-15, 1.000000000000000000 ) ) ;
#9626 = SURFACE_STYLE_FILL_AREA ( #4390 ) ;
#9627 = VERTEX_POINT ( 'NONE', #6652 ) ;
#9628 = EDGE_CURVE ( 'NONE', #8732, #5308, #5618, .T. ) ;
#9629 = SURFACE_SIDE_STYLE ('',( #7682 ) ) ;
#9630 = DIRECTION ( 'NONE',  ( -1.000000000000000000, -0.000000000000000000, -0.000000000000000000 ) ) ;
#9631 = CARTESIAN_POINT ( 'NONE',  ( 0.02291287847477896378, 0.1800000000000000766, -0.09999999999999988065 ) ) ;
#9632 = CARTESIAN_POINT ( 'NONE',  ( 0.3599999999999999867, 0.1799999999999998823, -0.5499999999999999334 ) ) ;
#9633 = ORIENTED_EDGE ( 'NONE', *, *, #9925, .T. ) ;
#9634 = FILL_AREA_STYLE_COLOUR ( '', #4927 ) ;
#9635 = ADVANCED_FACE ( 'NONE', ( #3831 ), #6480, .T. ) ;
#9636 = CARTESIAN_POINT ( 'NONE',  ( 0.06499999999999997446, 0.3299999999999999600, -0.1999999999999999001 ) ) ;
#9637 = DIRECTION ( 'NONE',  ( 0.000000000000000000, 0.000000000000000000, -1.000000000000000000 ) ) ;
#9638 =( NAMED_UNIT ( * ) SI_UNIT ( $, .STERADIAN. ) SOLID_ANGLE_UNIT ( ) );
#9639 = ORIENTED_EDGE ( 'NONE', *, *, #3841, .F. ) ;
#9640 = CARTESIAN_POINT ( 'NONE',  ( 0.7260975609756096238, -0.08118330792682940111, -0.6989999999999999547 ) ) ;
#9641 = ADVANCED_FACE ( 'NONE', ( #10101 ), #8346, .F. ) ;
#9642 = VERTEX_POINT ( 'NONE', #5897 ) ;
#9643 = CARTESIAN_POINT ( 'NONE',  ( 0.7260975609756096238, -0.08134527439024404061, -0.6989999999999999547 ) ) ;
#9644 =( GEOMETRIC_REPRESENTATION_CONTEXT ( 3 ) GLOBAL_UNCERTAINTY_ASSIGNED_CONTEXT ( ( #8562 ) ) GLOBAL_UNIT_ASSIGNED_CONTEXT ( ( #10695, #1778, #9668 ) ) REPRESENTATION_CONTEXT ( 'NONE', 'WORKASPACE' ) );
#9645 = DIRECTION ( 'NONE',  ( 1.000000000000000000, 1.355252715606880296E-16, 0.000000000000000000 ) ) ;
#9646 = UNCERTAINTY_MEASURE_WITH_UNIT (LENGTH_MEASURE( 1.000000000000000082E-05 ), #2368, 'distance_accuracy_value', 'NONE');
#9647 = DIRECTION ( 'NONE',  ( 0.000000000000000000, -1.000000000000000000, 0.000000000000000000 ) ) ;
#9648 = EDGE_CURVE ( 'NONE', #8125, #2634, #5955, .T. ) ;
#9649 = DIRECTION ( 'NONE',  ( 0.000000000000000000, -1.000000000000000000, 0.000000000000000000 ) ) ;
#9650 = CARTESIAN_POINT ( 'NONE',  ( 0.7699999999999997957, -0.01524390243902449919, -0.6989999999999999547 ) ) ;
#9651 = SURFACE_SIDE_STYLE ('',( #9840 ) ) ;
#9652 = CYLINDRICAL_SURFACE ( 'NONE', #4606, 0.09999999999999999167 ) ;
#9653 =( LENGTH_UNIT ( ) NAMED_UNIT ( * ) SI_UNIT ( .MILLI., .METRE. ) );
#9654 = AXIS2_PLACEMENT_3D ( 'NONE', #2984, #1354, #10202 ) ;
#9655 = CARTESIAN_POINT ( 'NONE',  ( -0.5000000000000004441, -0.1800000000000000211, -0.4999999999999998890 ) ) ;
#9656 = CARTESIAN_POINT ( 'NONE',  ( 0.7559756097560973442, -0.09189214939024403783, -0.6989999999999999547 ) ) ;
#9657 = ORIENTED_EDGE ( 'NONE', *, *, #7893, .F. ) ;
#9658 = ORIENTED_EDGE ( 'NONE', *, *, #9386, .T. ) ;
#9659 = ORIENTED_EDGE ( 'NONE', *, *, #7963, .F. ) ;
#9660 =( LENGTH_UNIT ( ) NAMED_UNIT ( * ) SI_UNIT ( .MILLI., .METRE. ) );
#9661 = CARTESIAN_POINT ( 'NONE',  ( 0.5000000000000004441, -0.2800000000000000266, -0.1999999999999999001 ) ) ;
#9662 = MECHANICAL_DESIGN_GEOMETRIC_PRESENTATION_REPRESENTATION (  '', ( #9274 ), #8904 ) ;
#9663 = EDGE_CURVE ( 'NONE', #3667, #8654, #5563, .T. ) ;
#9664 = MECHANICAL_DESIGN_GEOMETRIC_PRESENTATION_REPRESENTATION (  '', ( #8148 ), #10994 ) ;
#9666 = ORIENTED_EDGE ( 'NONE', *, *, #5207, .T. ) ;
#9665 = FACE_OUTER_BOUND ( 'NONE', #1838, .T. ) ;
#9667 = FILL_AREA_STYLE ('',( #7665 ) ) ;
#9668 =( NAMED_UNIT ( * ) SI_UNIT ( $, .STERADIAN. ) SOLID_ANGLE_UNIT ( ) );
#9669 = CIRCLE ( 'NONE', #265, 0.05499999999999997946 ) ;
#9670 = DIRECTION ( 'NONE',  ( 0.000000000000000000, 1.000000000000000000, 0.000000000000000000 ) ) ;
#9671 = DIRECTION ( 'NONE',  ( -0.9353882635801357148, -0.3536223923290756077, 0.000000000000000000 ) ) ;
#9672 = ORIENTED_EDGE ( 'NONE', *, *, #9155, .T. ) ;
#9673 = AXIS2_PLACEMENT_3D ( 'NONE', #8391, #1957, #6409 ) ;
#9674 = UNCERTAINTY_MEASURE_WITH_UNIT (LENGTH_MEASURE( 1.000000000000000082E-05 ), #3921, 'distance_accuracy_value', 'NONE');
#9675 = DIRECTION ( 'NONE',  ( -1.000000000000000000, -0.000000000000000000, -0.000000000000000000 ) ) ;
#9676 =( NAMED_UNIT ( * ) PLANE_ANGLE_UNIT ( ) SI_UNIT ( $, .RADIAN. ) );
#9677 = AXIS2_PLACEMENT_3D ( 'NONE', #10314, #5013, #5123 ) ;
#9678 = CARTESIAN_POINT ( 'NONE',  ( 0.7648205185720077237, 0.04767545418744438546, -0.7000000000000001776 ) ) ;
#9679 = CARTESIAN_POINT ( 'NONE',  ( -0.5000000000000003331, 0.4000000000000000777, -0.6875735931288071701 ) ) ;
#9680 = VECTOR ( 'NONE', #6971, 1000.000000000000000 ) ;
#9682 = ORIENTED_EDGE ( 'NONE', *, *, #1941, .T. ) ;
#9681 = CARTESIAN_POINT ( 'NONE',  ( 0.8019999999999994911, 0.2800000000000000266, -0.1999999999999998723 ) ) ;
#9683 = VECTOR ( 'NONE', #6839, 1000.000000000000000 ) ;
#9684 = DIRECTION ( 'NONE',  ( 1.000000000000000000, 0.000000000000000000, 0.000000000000000000 ) ) ;
#9685 = LINE ( 'NONE', #117, #2335 ) ;
#9686 = FILL_AREA_STYLE_COLOUR ( '', #11270 ) ;
#9687 = DIRECTION ( 'NONE',  ( -0.000000000000000000, -0.000000000000000000, 1.000000000000000000 ) ) ;
#9688 = VERTEX_POINT ( 'NONE', #420 ) ;
#9689 = PRESENTATION_LAYER_ASSIGNMENT (  '', '', ( #3663 ) ) ;
#9690 = VERTEX_POINT ( 'NONE', #4263 ) ;
#9691 =( GEOMETRIC_REPRESENTATION_CONTEXT ( 3 ) GLOBAL_UNCERTAINTY_ASSIGNED_CONTEXT ( ( #11341 ) ) GLOBAL_UNIT_ASSIGNED_CONTEXT ( ( #7287, #2868, #3923 ) ) REPRESENTATION_CONTEXT ( 'NONE', 'WORKASPACE' ) );
#9692 =( GEOMETRIC_REPRESENTATION_CONTEXT ( 3 ) GLOBAL_UNCERTAINTY_ASSIGNED_CONTEXT ( ( #8801 ) ) GLOBAL_UNIT_ASSIGNED_CONTEXT ( ( #8207, #3013, #378 ) ) REPRESENTATION_CONTEXT ( 'NONE', 'WORKASPACE' ) );
#9693 = EDGE_CURVE ( 'NONE', #8736, #6537, #8932, .T. ) ;
#9694 = PRESENTATION_STYLE_ASSIGNMENT (( #930 ) ) ;
#9695 = PRESENTATION_STYLE_ASSIGNMENT (( #2393 ) ) ;
#9696 = ORIENTED_EDGE ( 'NONE', *, *, #3736, .F. ) ;
#9697 = COLOUR_RGB ( '',0.000000000000000000, 0.000000000000000000, 0.000000000000000000 ) ;
#9698 = PRESENTATION_STYLE_ASSIGNMENT (( #620 ) ) ;
#9699 =( NAMED_UNIT ( * ) SI_UNIT ( $, .STERADIAN. ) SOLID_ANGLE_UNIT ( ) );
#9700 = AXIS2_PLACEMENT_3D ( 'NONE', #3039, #2932, #6637 ) ;
#9701 = SURFACE_SIDE_STYLE ('',( #6100 ) ) ;
#9702 = DIRECTION ( 'NONE',  ( 0.000000000000000000, 0.000000000000000000, -1.000000000000000000 ) ) ;
#9703 = FILL_AREA_STYLE_COLOUR ( '', #9121 ) ;
#9704 = UNCERTAINTY_MEASURE_WITH_UNIT (LENGTH_MEASURE( 1.000000000000000082E-05 ), #144, 'distance_accuracy_value', 'NONE');
#9705 = ORIENTED_EDGE ( 'NONE', *, *, #9894, .T. ) ;
#9706 = CARTESIAN_POINT ( 'NONE',  ( 0.7254878048780486477, -0.004268292682926912857, -0.6989999999999999547 ) ) ;
#9707 = AXIS2_PLACEMENT_3D ( 'NONE', #9764, #6333, #9702 ) ;
#9708 = ORIENTED_EDGE ( 'NONE', *, *, #7780, .F. ) ;
#9709 = STYLED_ITEM ( 'NONE', ( #6089 ), #11683 ) ;
#9710 = CARTESIAN_POINT ( 'NONE',  ( 0.7343645407196387476, -0.05366089382378730344, -0.6999999999999998446 ) ) ;
#9711 = SURFACE_STYLE_FILL_AREA ( #11546 ) ;
#9712 = FILL_AREA_STYLE ('',( #888 ) ) ;
#9713 = LINE ( 'NONE', #8803, #10888 ) ;
#9714 =( LENGTH_UNIT ( ) NAMED_UNIT ( * ) SI_UNIT ( .MILLI., .METRE. ) );
#9715 = ADVANCED_FACE ( 'NONE', ( #482 ), #6011, .T. ) ;
#9716 = SURFACE_STYLE_USAGE ( .BOTH. , #6116 ) ;
#9717 = DIRECTION ( 'NONE',  ( -1.000000000000000000, -0.000000000000000000, -0.000000000000000000 ) ) ;
#9718 = FILL_AREA_STYLE ('',( #5485 ) ) ;
#9719 = DIRECTION ( 'NONE',  ( 1.355252715606880296E-16, -1.000000000000000000, 0.000000000000000000 ) ) ;
#9720 = FACE_OUTER_BOUND ( 'NONE', #1932, .T. ) ;
#9721 = CARTESIAN_POINT ( 'NONE',  ( 0.3599999999999999867, -0.3850000000000001754, -0.3999999999999998557 ) ) ;
#9722 = ORIENTED_EDGE ( 'NONE', *, *, #7279, .F. ) ;
#9723 = ORIENTED_EDGE ( 'NONE', *, *, #1518, .T. ) ;
#9724 = ORIENTED_EDGE ( 'NONE', *, *, #10794, .T. ) ;
#9725 =( NAMED_UNIT ( * ) SI_UNIT ( $, .STERADIAN. ) SOLID_ANGLE_UNIT ( ) );
#9726 =( GEOMETRIC_REPRESENTATION_CONTEXT ( 3 ) GLOBAL_UNCERTAINTY_ASSIGNED_CONTEXT ( ( #4453 ) ) GLOBAL_UNIT_ASSIGNED_CONTEXT ( ( #9248, #6704, #4839 ) ) REPRESENTATION_CONTEXT ( 'NONE', 'WORKASPACE' ) );
#9727 = LINE ( 'NONE', #773, #6691 ) ;
#9729 = VERTEX_POINT ( 'NONE', #4014 ) ;
#9728 = SURFACE_SIDE_STYLE ('',( #4489 ) ) ;
#9730 = LINE ( 'NONE', #2600, #3177 ) ;
#9731 = EDGE_CURVE ( 'NONE', #4728, #6546, #2738, .T. ) ;
#9732 = PRESENTATION_STYLE_ASSIGNMENT (( #2548 ) ) ;
#9733 = AXIS2_PLACEMENT_3D ( 'NONE', #3092, #6562, #10246 ) ;
#9734 = CARTESIAN_POINT ( 'NONE',  ( 0.7253046841980790305, 0.03816842251632428934, -0.7000000000000000666 ) ) ;
#9735 = PRESENTATION_STYLE_ASSIGNMENT (( #6185 ) ) ;
#9736 = CARTESIAN_POINT ( 'NONE',  ( 0.7633377455154187752, 0.03394609096654166436, -0.6999999999999999556 ) ) ;
#9737 =( NAMED_UNIT ( * ) PLANE_ANGLE_UNIT ( ) SI_UNIT ( $, .RADIAN. ) );
#9738 = VECTOR ( 'NONE', #5236, 1000.000000000000000 ) ;
#9739 = ORIENTED_EDGE ( 'NONE', *, *, #5529, .T. ) ;
#9740 = EDGE_CURVE ( 'NONE', #8598, #5647, #1477, .T. ) ;
#9741 = DIRECTION ( 'NONE',  ( 0.000000000000000000, 2.578241652818821251E-15, 1.000000000000000000 ) ) ;
#9742 = UNCERTAINTY_MEASURE_WITH_UNIT (LENGTH_MEASURE( 1.000000000000000082E-05 ), #7420, 'distance_accuracy_value', 'NONE');
#9743 = VECTOR ( 'NONE', #11530, 1000.000000000000000 ) ;
#9744 = DIRECTION ( 'NONE',  ( -0.3390537954853682923, -0.9407669869669993412, 0.000000000000000000 ) ) ;
#9745 = CARTESIAN_POINT ( 'NONE',  ( 0.7584712718354248429, 0.05787608400088531391, -0.6999999999999999556 ) ) ;
#9746 = SURFACE_STYLE_FILL_AREA ( #10455 ) ;
#9747 =( GEOMETRIC_REPRESENTATION_CONTEXT ( 3 ) GLOBAL_UNCERTAINTY_ASSIGNED_CONTEXT ( ( #8231 ) ) GLOBAL_UNIT_ASSIGNED_CONTEXT ( ( #9306, #8454, #11045 ) ) REPRESENTATION_CONTEXT ( 'NONE', 'WORKASPACE' ) );
#9748 = VERTEX_POINT ( 'NONE', #6708 ) ;
#9749 = CARTESIAN_POINT ( 'NONE',  ( 0.7489557317405464154, -0.04849281101136621031, -0.6999999999999999556 ) ) ;
#9750 = CARTESIAN_POINT ( 'NONE',  ( 0.8019999999999994911, -0.1800000000000000211, -0.09999999999999988065 ) ) ;
#9751 = PRESENTATION_STYLE_ASSIGNMENT (( #10710 ) ) ;
#9752 = CARTESIAN_POINT ( 'NONE',  ( 0.7645121951219512324, 0.07256097560975606486, -0.6999999999999999556 ) ) ;
#9753 = ORIENTED_EDGE ( 'NONE', *, *, #4666, .T. ) ;
#9754 = PRESENTATION_LAYER_ASSIGNMENT (  '', '', ( #10312 ) ) ;
#9755 = EDGE_LOOP ( 'NONE', ( #11635, #4218, #2635, #7451 ) ) ;
#9756 = DIRECTION ( 'NONE',  ( 0.000000000000000000, 0.000000000000000000, 1.000000000000000000 ) ) ;
#9757 = CARTESIAN_POINT ( 'NONE',  ( -0.2399999999999999911, -0.1800000000000001321, 0.005000000000000249904 ) ) ;
#9758 = CARTESIAN_POINT ( 'NONE',  ( 0.7280657332422040273, -0.08081316846719080460, -0.7000000000000000666 ) ) ;
#9759 = AXIS2_PLACEMENT_3D ( 'NONE', #10747, #7181, #1773 ) ;
#9760 = EDGE_LOOP ( 'NONE', ( #2654, #3616, #6160, #3423 ) ) ;
#9761 = CIRCLE ( 'NONE', #1476, 0.05499999999999997946 ) ;
#9762 = DIRECTION ( 'NONE',  ( -1.000000000000000000, 0.000000000000000000, 0.000000000000000000 ) ) ;
#9763 = CARTESIAN_POINT ( 'NONE',  ( 0.1199999999999999956, -0.3850000000000001754, -0.3999999999999998557 ) ) ;
#9764 = CARTESIAN_POINT ( 'NONE',  ( 0.000000000000000000, 0.1799999999999998823, -0.5499999999999999334 ) ) ;
#9765 = CARTESIAN_POINT ( 'NONE',  ( 0.8019999999999994911, -0.2800000000000000266, -0.3999999999999999112 ) ) ;
#9766 = EDGE_CURVE ( 'NONE', #7916, #6090, #4254, .T. ) ;
#9767 = COLOUR_RGB ( '',1.000000000000000000, 1.000000000000000000, 1.000000000000000000 ) ;
#9768 = ORIENTED_EDGE ( 'NONE', *, *, #5684, .T. ) ;
#9769 = VERTEX_POINT ( 'NONE', #10384 ) ;
#9770 = CIRCLE ( 'NONE', #6742, 0.05499999999999997946 ) ;
#9771 = CARTESIAN_POINT ( 'NONE',  ( 0.7443711890243900342, -0.05548780487804889222, -0.6999999999999999556 ) ) ;
#9772 = FILL_AREA_STYLE ('',( #10671 ) ) ;
#9773 = UNCERTAINTY_MEASURE_WITH_UNIT (LENGTH_MEASURE( 1.000000000000000082E-05 ), #2012, 'distance_accuracy_value', 'NONE');
#9774 = DIRECTION ( 'NONE',  ( 0.000000000000000000, -0.000000000000000000, 1.000000000000000000 ) ) ;
#9775 = FILL_AREA_STYLE_COLOUR ( '', #11067 ) ;
#9776 = FILL_AREA_STYLE ('',( #6922 ) ) ;
#9777 =( GEOMETRIC_REPRESENTATION_CONTEXT ( 3 ) GLOBAL_UNCERTAINTY_ASSIGNED_CONTEXT ( ( #11481 ) ) GLOBAL_UNIT_ASSIGNED_CONTEXT ( ( #2375, #2431, #7077 ) ) REPRESENTATION_CONTEXT ( 'NONE', 'WORKASPACE' ) );
#9778 = MECHANICAL_DESIGN_GEOMETRIC_PRESENTATION_REPRESENTATION (  '', ( #6738 ), #1674 ) ;
#9779 = LINE ( 'NONE', #8872, #5015 ) ;
#9780 = COLOUR_RGB ( '',0.000000000000000000, 0.000000000000000000, 0.000000000000000000 ) ;
#9781 = DIRECTION ( 'NONE',  ( 0.000000000000000000, -1.000000000000000000, 0.000000000000000000 ) ) ;
#9782 = CARTESIAN_POINT ( 'NONE',  ( -0.1199999999999999956, -0.1800000000000002154, -0.5499999999999999334 ) ) ;
#9783 = LINE ( 'NONE', #3454, #443 ) ;
#9784 = EDGE_CURVE ( 'NONE', #7643, #1255, #6826, .T. ) ;
#9785 = PRESENTATION_STYLE_ASSIGNMENT (( #1764 ) ) ;
#9786 = ORIENTED_EDGE ( 'NONE', *, *, #4275, .F. ) ;
#9787 = ORIENTED_EDGE ( 'NONE', *, *, #5529, .F. ) ;
#9788 = CIRCLE ( 'NONE', #372, 0.09999999999999997780 ) ;
#9789 = FILL_AREA_STYLE ('',( #6177 ) ) ;
#9790 = ADVANCED_FACE ( 'NONE', ( #3113 ), #2366, .T. ) ;
#9791 = PRESENTATION_STYLE_ASSIGNMENT (( #3336 ) ) ;
#9792 = DIRECTION ( 'NONE',  ( 0.000000000000000000, -1.000000000000000000, 0.000000000000000000 ) ) ;
#9793 = VERTEX_POINT ( 'NONE', #9918 ) ;
#9794 = CYLINDRICAL_SURFACE ( 'NONE', #3381, 0.03000000000000002318 ) ;
#9795 = CIRCLE ( 'NONE', #4705, 0.05500000000000000722 ) ;
#9796 = DIRECTION ( 'NONE',  ( 0.000000000000000000, 0.000000000000000000, 1.000000000000000000 ) ) ;
#9797 = ADVANCED_FACE ( 'NONE', ( #1712 ), #4429, .F. ) ;
#9798 = CARTESIAN_POINT ( 'NONE',  ( 0.3049999999999999378, 0.3299999999999999600, -0.3999999999999999667 ) ) ;
#9799 = EDGE_LOOP ( 'NONE', ( #3955, #7061, #9120, #8185 ) ) ;
#9800 = UNCERTAINTY_MEASURE_WITH_UNIT (LENGTH_MEASURE( 1.000000000000000082E-05 ), #5600, 'distance_accuracy_value', 'NONE');
#9801 = STYLED_ITEM ( 'NONE', ( #10872 ), #5912 ) ;
#9802 = FILL_AREA_STYLE_COLOUR ( '', #354 ) ;
#9803 = ORIENTED_EDGE ( 'NONE', *, *, #2358, .F. ) ;
#9804 = EDGE_CURVE ( 'NONE', #3880, #5223, #2711, .T. ) ;
#9805 = VECTOR ( 'NONE', #442, 1000.000000000000000 ) ;
#9806 = CARTESIAN_POINT ( 'NONE',  ( -0.3370871215252213005, -0.2800000000000000266, -0.3999999999999999112 ) ) ;
#9808 = ORIENTED_EDGE ( 'NONE', *, *, #8972, .T. ) ;
#9807 = DIRECTION ( 'NONE',  ( 0.000000000000000000, 0.000000000000000000, 1.000000000000000000 ) ) ;
#9809 = ADVANCED_FACE ( 'NONE', ( #962 ), #11566, .F. ) ;
#9810 = FILL_AREA_STYLE_COLOUR ( '', #8925 ) ;
#9811 = CIRCLE ( 'NONE', #5491, 0.05499999999999997946 ) ;
#9812 = CARTESIAN_POINT ( 'NONE',  ( 0.7999999999999996003, -0.3999999999999999112, -0.6700000000000000400 ) ) ;
#9813 = CARTESIAN_POINT ( 'NONE',  ( 0.3599999999999999867, 0.3299999999999999600, -0.3999999999999999667 ) ) ;
#9814 = CYLINDRICAL_SURFACE ( 'NONE', #9298, 0.05499999999999997946 ) ;
#9815 = LINE ( 'NONE', #9878, #7262 ) ;
#9816 = ORIENTED_EDGE ( 'NONE', *, *, #8691, .F. ) ;
#9817 = COLOUR_RGB ( '',0.000000000000000000, 0.000000000000000000, 0.000000000000000000 ) ;
#9818 = MECHANICAL_DESIGN_GEOMETRIC_PRESENTATION_REPRESENTATION (  '', ( #9429 ), #2290 ) ;
#9819 = LINE ( 'NONE', #11529, #5991 ) ;
#9820 =( NAMED_UNIT ( * ) PLANE_ANGLE_UNIT ( ) SI_UNIT ( $, .RADIAN. ) );
#9821 = FILL_AREA_STYLE_COLOUR ( '', #5904 ) ;
#9822 = VECTOR ( 'NONE', #165, 1000.000000000000000 ) ;
#9823 = ORIENTED_EDGE ( 'NONE', *, *, #7513, .T. ) ;
#9824 = CARTESIAN_POINT ( 'NONE',  ( 0.1849999999999999700, 0.3299999999999999600, -0.1999999999999999001 ) ) ;
#9825 = VECTOR ( 'NONE', #11289, 1000.000000000000000 ) ;
#9827 = SURFACE_STYLE_USAGE ( .BOTH. , #1750 ) ;
#9826 = VECTOR ( 'NONE', #9521, 1000.000000000000000 ) ;
#9828 = DIRECTION ( 'NONE',  ( 0.000000000000000000, 2.578241652818821251E-15, 1.000000000000000000 ) ) ;
#9829 = UNCERTAINTY_MEASURE_WITH_UNIT (LENGTH_MEASURE( 1.000000000000000082E-05 ), #5865, 'distance_accuracy_value', 'NONE');
#9830 = ORIENTED_EDGE ( 'NONE', *, *, #2181, .T. ) ;
#9831 = VERTEX_POINT ( 'NONE', #3875 ) ;
#9832 = DIRECTION ( 'NONE',  ( 0.000000000000000000, 1.000000000000000000, -1.971276677246372308E-15 ) ) ;
#9833 = SURFACE_SIDE_STYLE ('',( #1756 ) ) ;
#9834 = MECHANICAL_DESIGN_GEOMETRIC_PRESENTATION_REPRESENTATION (  '', ( #7358 ), #10969 ) ;
#9835 = VECTOR ( 'NONE', #4905, 1000.000000000000000 ) ;
#9836 = MECHANICAL_DESIGN_GEOMETRIC_PRESENTATION_REPRESENTATION (  '', ( #9252 ), #1746 ) ;
#9837 = SURFACE_SIDE_STYLE ('',( #3267 ) ) ;
#9838 = DIRECTION ( 'NONE',  ( -1.000000000000000000, -0.000000000000000000, -0.000000000000000000 ) ) ;
#9839 = FILL_AREA_STYLE_COLOUR ( '', #11038 ) ;
#9840 = SURFACE_STYLE_FILL_AREA ( #826 ) ;
#9841 = SURFACE_STYLE_USAGE ( .BOTH. , #7109 ) ;
#9842 = CARTESIAN_POINT ( 'NONE',  ( 0.000000000000000000, -0.3850000000000002309, -0.3999999999999999112 ) ) ;
#9843 = SURFACE_SIDE_STYLE ('',( #3521 ) ) ;
#9844 = CIRCLE ( 'NONE', #4197, 0.09999999999999999167 ) ;
#9845 =( NAMED_UNIT ( * ) PLANE_ANGLE_UNIT ( ) SI_UNIT ( $, .RADIAN. ) );
#9846 =( LENGTH_UNIT ( ) NAMED_UNIT ( * ) SI_UNIT ( .MILLI., .METRE. ) );
#9847 = ORIENTED_EDGE ( 'NONE', *, *, #2965, .T. ) ;
#9848 = PRESENTATION_LAYER_ASSIGNMENT (  '', '', ( #6803 ) ) ;
#9849 = CARTESIAN_POINT ( 'NONE',  ( -0.5000000000000004441, -0.2800000000000000266, -0.1999999999999998723 ) ) ;
#9850 = VERTEX_POINT ( 'NONE', #2011 ) ;
#9851 = SURFACE_SIDE_STYLE ('',( #7116 ) ) ;
#9852 = EDGE_CURVE ( 'NONE', #6962, #10107, #1121, .T. ) ;
#9853 =( NAMED_UNIT ( * ) PLANE_ANGLE_UNIT ( ) SI_UNIT ( $, .RADIAN. ) );
#9854 = ORIENTED_EDGE ( 'NONE', *, *, #2455, .T. ) ;
#9855 =( GEOMETRIC_REPRESENTATION_CONTEXT ( 3 ) GLOBAL_UNCERTAINTY_ASSIGNED_CONTEXT ( ( #9646 ) ) GLOBAL_UNIT_ASSIGNED_CONTEXT ( ( #2368, #10273, #5026 ) ) REPRESENTATION_CONTEXT ( 'NONE', 'WORKASPACE' ) );
#9856 = CARTESIAN_POINT ( 'NONE',  ( -0.1199999999999999956, 0.1799999999999998823, -0.5499999999999999334 ) ) ;
#9857 =( NAMED_UNIT ( * ) PLANE_ANGLE_UNIT ( ) SI_UNIT ( $, .RADIAN. ) );
#9858 = DIRECTION ( 'NONE',  ( 0.000000000000000000, -2.710505431213761085E-16, 1.000000000000000000 ) ) ;
#9859 = EDGE_CURVE ( 'NONE', #333, #9441, #10975, .T. ) ;
#9860 = FILL_AREA_STYLE_COLOUR ( '', #9102 ) ;
#9861 = CARTESIAN_POINT ( 'NONE',  ( 0.7699999999999997957, -0.005487804878048864292, -0.6999999999999999556 ) ) ;
#9862 = ORIENTED_EDGE ( 'NONE', *, *, #7212, .T. ) ;
#9863 = DIRECTION ( 'NONE',  ( -1.000000000000000000, -7.228014483236716277E-16, 0.000000000000000000 ) ) ;
#9864 = CIRCLE ( 'NONE', #10237, 0.05500000000000003497 ) ;
#9865 = VECTOR ( 'NONE', #6156, 1000.000000000000000 ) ;
#9866 = CARTESIAN_POINT ( 'NONE',  ( 0.7584712718354248429, 0.05787608400088531391, -0.6989999999999999547 ) ) ;
#9867 = DIRECTION ( 'NONE',  ( -0.000000000000000000, 0.000000000000000000, 1.000000000000000000 ) ) ;
#9868 = VERTEX_POINT ( 'NONE', #1023 ) ;
#9869 = PRESENTATION_STYLE_ASSIGNMENT (( #6258 ) ) ;
#9870 = EDGE_CURVE ( 'NONE', #3403, #8335, #3479, .T. ) ;
#9871 = AXIS2_PLACEMENT_3D ( 'NONE', #10463, #4098, #9561 ) ;
#9872 = FILL_AREA_STYLE_COLOUR ( '', #6061 ) ;
#9873 = LINE ( 'NONE', #4274, #10407 ) ;
#9874 = EDGE_CURVE ( 'NONE', #5101, #45, #9131, .T. ) ;
#9875 = LINE ( 'NONE', #7203, #10605 ) ;
#9876 = CARTESIAN_POINT ( 'NONE',  ( -0.3829128784747791725, -0.1800000000000001876, -0.3999999999999999112 ) ) ;
#9877 = ORIENTED_EDGE ( 'NONE', *, *, #10867, .T. ) ;
#9878 = CARTESIAN_POINT ( 'NONE',  ( 0.5000000000000004441, -0.4000000000000001332, -2.154400374531753037 ) ) ;
#9879 = ORIENTED_EDGE ( 'NONE', *, *, #3256, .T. ) ;
#9880 = VECTOR ( 'NONE', #700, 1000.000000000000227 ) ;
#9881 = CARTESIAN_POINT ( 'NONE',  ( 0.5000000000000004441, 0.1800000000000000766, -0.4999999999999998890 ) ) ;
#9882 = STYLED_ITEM ( 'NONE', ( #2089 ), #9276 ) ;
#9883 = SURFACE_SIDE_STYLE ('',( #808 ) ) ;
#9884 =( LENGTH_UNIT ( ) NAMED_UNIT ( * ) SI_UNIT ( .MILLI., .METRE. ) );
#9885 = VERTEX_POINT ( 'NONE', #9295 ) ;
#9886 = SURFACE_SIDE_STYLE ('',( #4576 ) ) ;
#9887 = CYLINDRICAL_SURFACE ( 'NONE', #7612, 0.09999999999999997780 ) ;
#9888 = EDGE_CURVE ( 'NONE', #1945, #9850, #115, .T. ) ;
#9889 =( GEOMETRIC_REPRESENTATION_CONTEXT ( 3 ) GLOBAL_UNCERTAINTY_ASSIGNED_CONTEXT ( ( #11682 ) ) GLOBAL_UNIT_ASSIGNED_CONTEXT ( ( #5217, #735, #3427 ) ) REPRESENTATION_CONTEXT ( 'NONE', 'WORKASPACE' ) );
#9890 = FACE_OUTER_BOUND ( 'NONE', #3683, .T. ) ;
#9891 = COLOUR_RGB ( '',0.7529411764705882248, 0.7529411764705882248, 0.7529411764705882248 ) ;
#9892 = DIRECTION ( 'NONE',  ( 0.000000000000000000, 0.000000000000000000, -1.000000000000000000 ) ) ;
#9893 = EDGE_LOOP ( 'NONE', ( #5674, #7951, #7190, #8776 ) ) ;
#9894 = EDGE_CURVE ( 'NONE', #4164, #333, #11224, .T. ) ;
#9895 = ORIENTED_EDGE ( 'NONE', *, *, #1093, .F. ) ;
#9896 = CARTESIAN_POINT ( 'NONE',  ( 0.7699487483382941866, -0.03167229945764894056, -0.6989999999999999547 ) ) ;
#9897 = DIRECTION ( 'NONE',  ( 0.000000000000000000, 0.000000000000000000, -1.000000000000000000 ) ) ;
#9898 = STYLED_ITEM ( 'NONE', ( #847 ), #4379 ) ;
#9899 = UNCERTAINTY_MEASURE_WITH_UNIT (LENGTH_MEASURE( 1.000000000000000082E-05 ), #4967, 'distance_accuracy_value', 'NONE');
#9900 = STYLED_ITEM ( 'NONE', ( #6883 ), #9715 ) ;
#9901 = CARTESIAN_POINT ( 'NONE',  ( 0.7410604730903581627, 0.06129680645552306600, -0.6989999999999998437 ) ) ;
#9902 = DIRECTION ( 'NONE',  ( 0.000000000000000000, 0.000000000000000000, 1.000000000000000000 ) ) ;
#9903 = FACE_OUTER_BOUND ( 'NONE', #9004, .T. ) ;
#9904 = DIRECTION ( 'NONE',  ( -0.000000000000000000, -0.000000000000000000, 1.000000000000000000 ) ) ;
#9905 = MECHANICAL_DESIGN_GEOMETRIC_PRESENTATION_REPRESENTATION (  '', ( #7815 ), #6680 ) ;
#9906 =( GEOMETRIC_REPRESENTATION_CONTEXT ( 3 ) GLOBAL_UNCERTAINTY_ASSIGNED_CONTEXT ( ( #353 ) ) GLOBAL_UNIT_ASSIGNED_CONTEXT ( ( #525, #7711, #2355 ) ) REPRESENTATION_CONTEXT ( 'NONE', 'WORKASPACE' ) );
#9907 = CYLINDRICAL_SURFACE ( 'NONE', #6502, 0.09999999999999999167 ) ;
#9908 = ORIENTED_EDGE ( 'NONE', *, *, #5756, .T. ) ;
#9909 = CARTESIAN_POINT ( 'NONE',  ( 0.7638678876234555881, 0.06194335204848247511, -0.6999999999999998446 ) ) ;
#9910 = AXIS2_PLACEMENT_3D ( 'NONE', #7400, #10921, #2825 ) ;
#9911 = EDGE_LOOP ( 'NONE', ( #5728, #2703, #629, #7801 ) ) ;
#9912 = FILL_AREA_STYLE_COLOUR ( '', #10751 ) ;
#9913 = SURFACE_SIDE_STYLE ('',( #3754 ) ) ;
#9914 = STYLED_ITEM ( 'NONE', ( #10344 ), #3861 ) ;
#9916 = ORIENTED_EDGE ( 'NONE', *, *, #3749, .F. ) ;
#9915 = SURFACE_STYLE_FILL_AREA ( #9127 ) ;
#9917 =( LENGTH_UNIT ( ) NAMED_UNIT ( * ) SI_UNIT ( .MILLI., .METRE. ) );
#9918 = CARTESIAN_POINT ( 'NONE',  ( 0.7706097560975608829, 0.04485518292682912772, -0.6989999999999999547 ) ) ;
#9919 = SURFACE_STYLE_USAGE ( .BOTH. , #7008 ) ;
#9920 = FILL_AREA_STYLE ('',( #118 ) ) ;
#9921 = CARTESIAN_POINT ( 'NONE',  ( 0.000000000000000000, -0.3300000000000002931, -0.3999999999999999112 ) ) ;
#9922 = CARTESIAN_POINT ( 'NONE',  ( -0.8000000000000003775, -0.3999999999999998557, -0.6875735931288071701 ) ) ;
#9923 = DIRECTION ( 'NONE',  ( -1.000000000000000000, -0.000000000000000000, -0.000000000000000000 ) ) ;
#9924 = ORIENTED_EDGE ( 'NONE', *, *, #615, .F. ) ;
#9925 = EDGE_CURVE ( 'NONE', #4618, #5683, #100, .T. ) ;
#9926 = UNCERTAINTY_MEASURE_WITH_UNIT (LENGTH_MEASURE( 1.000000000000000082E-05 ), #9986, 'distance_accuracy_value', 'NONE');
#9927 = FILL_AREA_STYLE_COLOUR ( '', #11468 ) ;
#9928 = DIRECTION ( 'NONE',  ( 0.000000000000000000, 1.000000000000000000, -2.578241652818821251E-15 ) ) ;
#9929 = FILL_AREA_STYLE ('',( #8136 ) ) ;
#9930 = VECTOR ( 'NONE', #282, 1000.000000000000000 ) ;
#9931 = ORIENTED_EDGE ( 'NONE', *, *, #10153, .T. ) ;
#9932 = LINE ( 'NONE', #10765, #3036 ) ;
#9933 = DIRECTION ( 'NONE',  ( 0.000000000000000000, 2.464095846557963117E-15, 1.000000000000000000 ) ) ;
#9934 = SURFACE_STYLE_FILL_AREA ( #924 ) ;
#9935 = EDGE_LOOP ( 'NONE', ( #7040, #4450, #5542, #2525 ) ) ;
#9936 = APPLICATION_PROTOCOL_DEFINITION ( 'draft international standard', 'automotive_design', 1998, #3896 ) ;
#9937 = EDGE_CURVE ( 'NONE', #3963, #4545, #1233, .T. ) ;
#9938 = ORIENTED_EDGE ( 'NONE', *, *, #4322, .F. ) ;
#9939 = STYLED_ITEM ( 'NONE', ( #11059 ), #4906 ) ;
#9940 = AXIS2_PLACEMENT_3D ( 'NONE', #11219, #4009, #9364 ) ;
#9941 = FILL_AREA_STYLE_COLOUR ( '', #11318 ) ;
#9942 = CARTESIAN_POINT ( 'NONE',  ( -0.1749999999999999889, 0.3299999999999999600, -0.1999999999999999001 ) ) ;
#9943 = EDGE_CURVE ( 'NONE', #4094, #7407, #8728, .T. ) ;
#9944 = PRESENTATION_STYLE_ASSIGNMENT (( #4339 ) ) ;
#9945 = CARTESIAN_POINT ( 'NONE',  ( 0.7688328844042348065, 0.03402335741721082552, -0.6999999999999998446 ) ) ;
#9946 = VERTEX_POINT ( 'NONE', #4657 ) ;
#9947 =( GEOMETRIC_REPRESENTATION_CONTEXT ( 3 ) GLOBAL_UNCERTAINTY_ASSIGNED_CONTEXT ( ( #5444 ) ) GLOBAL_UNIT_ASSIGNED_CONTEXT ( ( #9366, #1475, #3052 ) ) REPRESENTATION_CONTEXT ( 'NONE', 'WORKASPACE' ) );
#9948 = DIRECTION ( 'NONE',  ( 0.000000000000000000, 0.000000000000000000, 1.000000000000000000 ) ) ;
#9949 = DIRECTION ( 'NONE',  ( 0.000000000000000000, 1.000000000000000000, 0.000000000000000000 ) ) ;
#9950 = COLOUR_RGB ( '',0.7529411764705882248, 0.7529411764705882248, 0.7529411764705882248 ) ;
#9951 = DIRECTION ( 'NONE',  ( 0.000000000000000000, 0.000000000000000000, -1.000000000000000000 ) ) ;
#9952 = DIRECTION ( 'NONE',  ( 9.486769009248167742E-16, 1.000000000000000000, -0.000000000000000000 ) ) ;
#9953 = EDGE_CURVE ( 'NONE', #6796, #10670, #9135, .T. ) ;
#9954 = UNCERTAINTY_MEASURE_WITH_UNIT (LENGTH_MEASURE( 1.000000000000000082E-05 ), #3012, 'distance_accuracy_value', 'NONE');
#9955 = ORIENTED_EDGE ( 'NONE', *, *, #8381, .F. ) ;
#9956 = ORIENTED_EDGE ( 'NONE', *, *, #6569, .T. ) ;
#9957 = AXIS2_PLACEMENT_3D ( 'NONE', #4012, #4840, #1311 ) ;
#9958 =( NAMED_UNIT ( * ) PLANE_ANGLE_UNIT ( ) SI_UNIT ( $, .RADIAN. ) );
#9959 = FACE_OUTER_BOUND ( 'NONE', #10621, .T. ) ;
#9960 = EDGE_CURVE ( 'NONE', #1945, #2581, #5574, .T. ) ;
#9961 = DIRECTION ( 'NONE',  ( -1.000000000000000000, -0.000000000000000000, -0.000000000000000000 ) ) ;
#9962 = CARTESIAN_POINT ( 'NONE',  ( 0.7248926155847864594, 0.04348425162981073983, -0.6989999999999999547 ) ) ;
#9963 = EDGE_CURVE ( 'NONE', #7754, #997, #4072, .T. ) ;
#9964 = VECTOR ( 'NONE', #10961, 1000.000000000000000 ) ;
#9965 = DIRECTION ( 'NONE',  ( -0.000000000000000000, 0.000000000000000000, 1.000000000000000000 ) ) ;
#9966 =( NAMED_UNIT ( * ) SI_UNIT ( $, .STERADIAN. ) SOLID_ANGLE_UNIT ( ) );
#9967 = SURFACE_STYLE_USAGE ( .BOTH. , #8940 ) ;
#9968 = VERTEX_POINT ( 'NONE', #3934 ) ;
#9969 = CARTESIAN_POINT ( 'NONE',  ( 0.7559819524016140324, 0.06674701842589858547, -0.6999999999999999556 ) ) ;
#9970 = VERTEX_POINT ( 'NONE', #2981 ) ;
#9971 = DIRECTION ( 'NONE',  ( 0.000000000000000000, 0.000000000000000000, -1.000000000000000000 ) ) ;
#9972 =( GEOMETRIC_REPRESENTATION_CONTEXT ( 3 ) GLOBAL_UNCERTAINTY_ASSIGNED_CONTEXT ( ( #8731 ) ) GLOBAL_UNIT_ASSIGNED_CONTEXT ( ( #2256, #6660, #4143 ) ) REPRESENTATION_CONTEXT ( 'NONE', 'WORKASPACE' ) );
#9973 =( GEOMETRIC_REPRESENTATION_CONTEXT ( 3 ) GLOBAL_UNCERTAINTY_ASSIGNED_CONTEXT ( ( #4836 ) ) GLOBAL_UNIT_ASSIGNED_CONTEXT ( ( #791, #4441, #2671 ) ) REPRESENTATION_CONTEXT ( 'NONE', 'WORKASPACE' ) );
#9974 = EDGE_LOOP ( 'NONE', ( #3443, #8378, #4220, #3132 ) ) ;
#9975 = AXIS2_PLACEMENT_3D ( 'NONE', #5463, #8145, #81 ) ;
#9976 = DIRECTION ( 'NONE',  ( -1.000000000000000000, 1.807003620809173892E-16, 0.000000000000000000 ) ) ;
#9977 = CARTESIAN_POINT ( 'NONE',  ( 0.7280792682926827686, 0.03109756097560961718, -0.6989999999999999547 ) ) ;
#9978 = SURFACE_STYLE_FILL_AREA ( #9920 ) ;
#9979 = PRESENTATION_STYLE_ASSIGNMENT (( #5441 ) ) ;
#9980 = DIRECTION ( 'NONE',  ( 0.000000000000000000, 0.000000000000000000, 1.000000000000000000 ) ) ;
#9981 = ORIENTED_EDGE ( 'NONE', *, *, #477, .T. ) ;
#9982 = MECHANICAL_DESIGN_GEOMETRIC_PRESENTATION_REPRESENTATION (  '', ( #364 ), #5461 ) ;
#9983 = FILL_AREA_STYLE_COLOUR ( '', #7701 ) ;
#9984 = UNCERTAINTY_MEASURE_WITH_UNIT (LENGTH_MEASURE( 1.000000000000000082E-05 ), #8857, 'distance_accuracy_value', 'NONE');
#9985 = CARTESIAN_POINT ( 'NONE',  ( 0.7193944111242190909, 0.04228260513954050503, -0.6989999999999998437 ) ) ;
#9986 =( LENGTH_UNIT ( ) NAMED_UNIT ( * ) SI_UNIT ( .MILLI., .METRE. ) );
#9987 =( LENGTH_UNIT ( ) NAMED_UNIT ( * ) SI_UNIT ( .MILLI., .METRE. ) );
#9989 = VERTEX_POINT ( 'NONE', #10033 ) ;
#9988 = PLANE ( 'NONE',  #3355 ) ;
#9990 = DIRECTION ( 'NONE',  ( -1.000000000000000000, -0.000000000000000000, -0.000000000000000000 ) ) ;
#9991 =( NAMED_UNIT ( * ) PLANE_ANGLE_UNIT ( ) SI_UNIT ( $, .RADIAN. ) );
#9992 = SURFACE_STYLE_FILL_AREA ( #9148 ) ;
#9993 = CARTESIAN_POINT ( 'NONE',  ( 0.7645121951219511214, -0.02904916158536596446, -0.6999999999999999556 ) ) ;
#9994 = VERTEX_POINT ( 'NONE', #8226 ) ;
#9995 = DIRECTION ( 'NONE',  ( -1.000000000000000000, -0.000000000000000000, -0.000000000000000000 ) ) ;
#9996 =( NAMED_UNIT ( * ) SI_UNIT ( $, .STERADIAN. ) SOLID_ANGLE_UNIT ( ) );
#9997 = DIRECTION ( 'NONE',  ( 0.000000000000000000, 1.000000000000000000, 0.000000000000000000 ) ) ;
#9998 = LINE ( 'NONE', #2849, #11282 ) ;
#9999 = CARTESIAN_POINT ( 'NONE',  ( 0.7612163867557177888, -0.04980930357180442247, -0.7000000000000001776 ) ) ;
#10000 = DIRECTION ( 'NONE',  ( 0.000000000000000000, -1.000000000000000000, 0.000000000000000000 ) ) ;
#10001 = COLOUR_RGB ( '',0.7529411764705882248, 0.7529411764705882248, 0.7529411764705882248 ) ;
#10002 = ADVANCED_FACE ( 'NONE', ( #172 ), #344, .F. ) ;
#10003 = VERTEX_POINT ( 'NONE', #9354 ) ;
#10004 = VECTOR ( 'NONE', #7428, 1000.000000000000000 ) ;
#10005 = CARTESIAN_POINT ( 'NONE',  ( 0.7283034278699966890, -0.04980423451713075073, -0.6990000000000000657 ) ) ;
#10006 = DIRECTION ( 'NONE',  ( 0.000000000000000000, -2.710505431213761085E-16, 1.000000000000000000 ) ) ;
#10007 =( NAMED_UNIT ( * ) SI_UNIT ( $, .STERADIAN. ) SOLID_ANGLE_UNIT ( ) );
#10008 = CARTESIAN_POINT ( 'NONE',  ( -0.3599999999999999867, 0.1799999999999999101, -0.3999999999999999112 ) ) ;
#10009 = EDGE_CURVE ( 'NONE', #9301, #11444, #4950, .T. ) ;
#10010 = CIRCLE ( 'NONE', #9616, 0.05500000000000000722 ) ;
#10011 = ORIENTED_EDGE ( 'NONE', *, *, #556, .T. ) ;
#10012 = COLOUR_RGB ( '',0.9098039215686274384, 0.4431372549019607643, 0.03137254901960784270 ) ;
#10013 = CARTESIAN_POINT ( 'NONE',  ( 0.7690690785285905218, -0.03703077047094577301, -0.6990000000000000657 ) ) ;
#10014 = LINE ( 'NONE', #1001, #6360 ) ;
#10015 = SURFACE_SIDE_STYLE ('',( #212 ) ) ;
#10016 = AXIS2_PLACEMENT_3D ( 'NONE', #7401, #116, #4829 ) ;
#10017 = AXIS2_PLACEMENT_3D ( 'NONE', #7922, #2396, #7035 ) ;
#10018 = SURFACE_SIDE_STYLE ('',( #4761 ) ) ;
#10019 =( LENGTH_UNIT ( ) NAMED_UNIT ( * ) SI_UNIT ( .MILLI., .METRE. ) );
#10020 = CARTESIAN_POINT ( 'NONE',  ( 0.8019999999999994911, 0.2800000000000000266, -0.1999999999999998723 ) ) ;
#10021 = CARTESIAN_POINT ( 'NONE',  ( 0.7315017940385823980, -0.04471082710358808415, -0.6990000000000000657 ) ) ;
#10022 = ADVANCED_FACE ( 'NONE', ( #5824 ), #7706, .F. ) ;
#10023 = FILL_AREA_STYLE ('',( #4537 ) ) ;
#10024 = ORIENTED_EDGE ( 'NONE', *, *, #6947, .F. ) ;
#10025 = LINE ( 'NONE', #5544, #4759 ) ;
#10026 = VERTEX_POINT ( 'NONE', #3268 ) ;
#10027 = CIRCLE ( 'NONE', #11525, 0.05500000000000000722 ) ;
#10028 = COLOUR_RGB ( '',1.000000000000000000, 1.000000000000000000, 1.000000000000000000 ) ;
#10029 = DIRECTION ( 'NONE',  ( -1.000000000000000000, -0.000000000000000000, -0.000000000000000000 ) ) ;
#10030 = EDGE_CURVE ( 'NONE', #11323, #5292, #8508, .T. ) ;
#10031 = ORIENTED_EDGE ( 'NONE', *, *, #10686, .F. ) ;
#10032 = DIRECTION ( 'NONE',  ( 0.000000000000000000, 0.000000000000000000, 1.000000000000000000 ) ) ;
#10033 = CARTESIAN_POINT ( 'NONE',  ( 0.7645121951219511214, -0.005487804878048864292, -0.6989999999999999547 ) ) ;
#10034 = COLOUR_RGB ( '',0.7529411764705882248, 0.7529411764705882248, 0.7529411764705882248 ) ;
#10035 = SURFACE_STYLE_USAGE ( .BOTH. , #6520 ) ;
#10036 = SURFACE_STYLE_USAGE ( .BOTH. , #11037 ) ;
#10037 = PRESENTATION_STYLE_ASSIGNMENT (( #6073 ) ) ;
#10038 =( LENGTH_UNIT ( ) NAMED_UNIT ( * ) SI_UNIT ( .MILLI., .METRE. ) );
#10039 = ORIENTED_EDGE ( 'NONE', *, *, #7188, .F. ) ;
#10040 = UNCERTAINTY_MEASURE_WITH_UNIT (LENGTH_MEASURE( 1.000000000000000082E-05 ), #1071, 'distance_accuracy_value', 'NONE');
#10041 = DIRECTION ( 'NONE',  ( 0.000000000000000000, 2.397541290737903714E-15, 1.000000000000000000 ) ) ;
#10042 = EDGE_CURVE ( 'NONE', #4878, #3656, #4439, .T. ) ;
#10043 = AXIS2_PLACEMENT_3D ( 'NONE', #8404, #9858, #716 ) ;
#10044 =( NAMED_UNIT ( * ) SI_UNIT ( $, .STERADIAN. ) SOLID_ANGLE_UNIT ( ) );
#10045 = LINE ( 'NONE', #11103, #9021 ) ;
#10046 =( NAMED_UNIT ( * ) PLANE_ANGLE_UNIT ( ) SI_UNIT ( $, .RADIAN. ) );
#10047 = SURFACE_STYLE_USAGE ( .BOTH. , #10102 ) ;
#10048 = FILL_AREA_STYLE_COLOUR ( '', #10596 ) ;
#10049 = DIRECTION ( 'NONE',  ( -1.000000000000000000, -0.000000000000000000, -0.000000000000000000 ) ) ;
#10050 = ORIENTED_EDGE ( 'NONE', *, *, #5958, .F. ) ;
#10051 = FILL_AREA_STYLE_COLOUR ( '', #679 ) ;
#10052 = MECHANICAL_DESIGN_GEOMETRIC_PRESENTATION_REPRESENTATION (  '', ( #1563 ), #251 ) ;
#10053 = PRESENTATION_STYLE_ASSIGNMENT (( #6430 ) ) ;
#10054 = CARTESIAN_POINT ( 'NONE',  ( 0.1429128784747788483, -0.1800000000000000211, -0.09999999999999988065 ) ) ;
#10055 = EDGE_LOOP ( 'NONE', ( #2301, #10885, #815, #3735, #7011, #2743, #10319, #9185 ) ) ;
#10056 =( GEOMETRIC_REPRESENTATION_CONTEXT ( 3 ) GLOBAL_UNCERTAINTY_ASSIGNED_CONTEXT ( ( #384 ) ) GLOBAL_UNIT_ASSIGNED_CONTEXT ( ( #9391, #1276, #2105 ) ) REPRESENTATION_CONTEXT ( 'NONE', 'WORKASPACE' ) );
#10057 = DIRECTION ( 'NONE',  ( -1.000000000000000000, -0.000000000000000000, -0.000000000000000000 ) ) ;
#10058 = CARTESIAN_POINT ( 'NONE',  ( 0.7260975609756096238, -0.08134527439024404061, -0.6999999999999999556 ) ) ;
#10059 = DIRECTION ( 'NONE',  ( 0.000000000000000000, -0.000000000000000000, 1.000000000000000000 ) ) ;
#10060 = CYLINDRICAL_SURFACE ( 'NONE', #11412, 0.1000000000000000056 ) ;
#10061 = FILL_AREA_STYLE ('',( #1207 ) ) ;
#10062 = UNCERTAINTY_MEASURE_WITH_UNIT (LENGTH_MEASURE( 1.000000000000000082E-05 ), #6825, 'distance_accuracy_value', 'NONE');
#10063 = STYLED_ITEM ( 'NONE', ( #7058 ), #1073 ) ;
#10064 = EDGE_CURVE ( 'NONE', #11200, #1472, #2349, .T. ) ;
#10065 = ORIENTED_EDGE ( 'NONE', *, *, #9346, .T. ) ;
#10066 = CARTESIAN_POINT ( 'NONE',  ( 0.7699826847323777423, -0.02979659377850145049, -0.6989999999999998437 ) ) ;
#10067 = CARTESIAN_POINT ( 'NONE',  ( 0.7376454134560617160, 0.06732979804127568746, -0.7000000000000002887 ) ) ;
#10068 = FILL_AREA_STYLE ('',( #2755 ) ) ;
#10069 = LINE ( 'NONE', #5590, #8109 ) ;
#10070 = CARTESIAN_POINT ( 'NONE',  ( 0.7211654284633510770, 0.05296491564371506172, -0.6999999999999998446 ) ) ;
#10071 = STYLED_ITEM ( 'NONE', ( #10986 ), #9551 ) ;
#10072 = DIRECTION ( 'NONE',  ( 0.000000000000000000, -2.710505431213761085E-16, 1.000000000000000000 ) ) ;
#10073 = EDGE_LOOP ( 'NONE', ( #4405, #3082, #10336, #11671 ) ) ;
#10074 = ADVANCED_FACE ( 'NONE', ( #7649 ), #4066, .T. ) ;
#10075 = CYLINDRICAL_SURFACE ( 'NONE', #5328, 0.05500000000000000722 ) ;
#10076 = PRESENTATION_LAYER_ASSIGNMENT (  '', '', ( #1591 ) ) ;
#10077 = ORIENTED_EDGE ( 'NONE', *, *, #5472, .F. ) ;
#10078 = MECHANICAL_DESIGN_GEOMETRIC_PRESENTATION_REPRESENTATION (  '', ( #468 ), #5390 ) ;
#10079 = DIRECTION ( 'NONE',  ( -0.000000000000000000, -0.000000000000000000, -1.000000000000000000 ) ) ;
#10080 = PRESENTATION_LAYER_ASSIGNMENT (  '', '', ( #9900 ) ) ;
#10081 = DIRECTION ( 'NONE',  ( -1.000000000000000000, -0.000000000000000000, -0.000000000000000000 ) ) ;
#10082 = EDGE_CURVE ( 'NONE', #2129, #3805, #7427, .T. ) ;
#10083 = DIRECTION ( 'NONE',  ( -1.000000000000000000, 0.000000000000000000, 0.000000000000000000 ) ) ;
#10084 =( NAMED_UNIT ( * ) PLANE_ANGLE_UNIT ( ) SI_UNIT ( $, .RADIAN. ) );
#10085 = MECHANICAL_DESIGN_GEOMETRIC_PRESENTATION_REPRESENTATION (  '', ( #8002 ), #9505 ) ;
#10086 =( LENGTH_UNIT ( ) NAMED_UNIT ( * ) SI_UNIT ( .MILLI., .METRE. ) );
#10087 = CARTESIAN_POINT ( 'NONE',  ( 0.7621733954194025440, 0.05410302369630527741, -0.6999999999999998446 ) ) ;
#10088 = SURFACE_STYLE_FILL_AREA ( #175 ) ;
#10089 = COLOUR_RGB ( '',1.000000000000000000, 1.000000000000000000, 1.000000000000000000 ) ;
#10090 = DIRECTION ( 'NONE',  ( 1.000000000000000000, 0.000000000000000000, 0.000000000000000000 ) ) ;
#10091 = FILL_AREA_STYLE ('',( #6410 ) ) ;
#10092 = ORIENTED_EDGE ( 'NONE', *, *, #10302, .T. ) ;
#10093 = PRESENTATION_STYLE_ASSIGNMENT (( #6359 ) ) ;
#10094 = CIRCLE ( 'NONE', #11602, 0.09999999999999999167 ) ;
#10095 = CARTESIAN_POINT ( 'NONE',  ( 0.1199999999999999956, 0.1799999999999999378, -0.04999999999999975298 ) ) ;
#10096 = EDGE_CURVE ( 'NONE', #11467, #4094, #948, .T. ) ;
#10097 = AXIS2_PLACEMENT_3D ( 'NONE', #5120, #8568, #5940 ) ;
#10098 = FILL_AREA_STYLE ('',( #6476 ) ) ;
#10099 = CARTESIAN_POINT ( 'NONE',  ( 0.7668383388795901867, 0.05848019271889627613, -0.6989999999999999547 ) ) ;
#10100 = CARTESIAN_POINT ( 'NONE',  ( 0.2629128784747793990, 0.2800000000000000266, -0.3999999999999998557 ) ) ;
#10101 = FACE_OUTER_BOUND ( 'NONE', #1447, .T. ) ;
#10102 = SURFACE_SIDE_STYLE ('',( #6535 ) ) ;
#10103 = FACE_OUTER_BOUND ( 'NONE', #4279, .T. ) ;
#10104 = EDGE_CURVE ( 'NONE', #3805, #9200, #2639, .T. ) ;
#10105 = PRESENTATION_STYLE_ASSIGNMENT (( #4908 ) ) ;
#10106 = FACE_OUTER_BOUND ( 'NONE', #9755, .T. ) ;
#10107 = VERTEX_POINT ( 'NONE', #5368 ) ;
#10108 = DIRECTION ( 'NONE',  ( 0.000000000000000000, -1.000000000000000000, 0.000000000000000000 ) ) ;
#10109 = CARTESIAN_POINT ( 'NONE',  ( 0.7201412210830413496, 0.03494659985123469564, -0.6990000000000000657 ) ) ;
#10110 = CARTESIAN_POINT ( 'NONE',  ( 0.7661059628956315981, -0.04407022501981101847, -0.6989999999999998437 ) ) ;
#10111 = SURFACE_SIDE_STYLE ('',( #1263 ) ) ;
#10112 = EDGE_LOOP ( 'NONE', ( #2883, #5631, #11615, #7931 ) ) ;
#10113 =( NAMED_UNIT ( * ) PLANE_ANGLE_UNIT ( ) SI_UNIT ( $, .RADIAN. ) );
#10114 = SURFACE_STYLE_USAGE ( .BOTH. , #9266 ) ;
#10115 =( NAMED_UNIT ( * ) SI_UNIT ( $, .STERADIAN. ) SOLID_ANGLE_UNIT ( ) );
#10116 = CARTESIAN_POINT ( 'NONE',  ( 0.5000000000000002220, 0.4000000000000000222, -0.6700000000000000400 ) ) ;
#10117 = FACE_OUTER_BOUND ( 'NONE', #10653, .T. ) ;
#10118 =( LENGTH_UNIT ( ) NAMED_UNIT ( * ) SI_UNIT ( .MILLI., .METRE. ) );
#10119 = PRESENTATION_LAYER_ASSIGNMENT (  '', '', ( #4288 ) ) ;
#10120 = ORIENTED_EDGE ( 'NONE', *, *, #10096, .T. ) ;
#10121 = FACE_OUTER_BOUND ( 'NONE', #11542, .T. ) ;
#10122 = CARTESIAN_POINT ( 'NONE',  ( 0.7305992759659483138, 0.06429486745722559626, -0.6999999999999998446 ) ) ;
#10123 =( LENGTH_UNIT ( ) NAMED_UNIT ( * ) SI_UNIT ( .MILLI., .METRE. ) );
#10124 = VECTOR ( 'NONE', #9514, 1000.000000000000000 ) ;
#10125 = CARTESIAN_POINT ( 'NONE',  ( 0.7699999999999997957, 0.02134146341463407162, -0.6989999999999999547 ) ) ;
#10126 = EDGE_CURVE ( 'NONE', #1278, #8539, #8995, .T. ) ;
#10127 = DIRECTION ( 'NONE',  ( 0.000000000000000000, 1.000000000000000000, 0.000000000000000000 ) ) ;
#10128 = DIRECTION ( 'NONE',  ( 0.000000000000000000, 0.000000000000000000, 1.000000000000000000 ) ) ;
#10129 = FACE_OUTER_BOUND ( 'NONE', #2783, .T. ) ;
#10130 = DIRECTION ( 'NONE',  ( 0.000000000000000000, -2.710505431213761085E-16, 1.000000000000000000 ) ) ;
#10131 = DIRECTION ( 'NONE',  ( 1.000000000000000000, 1.807003620809173892E-16, 0.000000000000000000 ) ) ;
#10132 = SURFACE_STYLE_FILL_AREA ( #4647 ) ;
#10133 = STYLED_ITEM ( 'NONE', ( #2723 ), #5035 ) ;
#10134 = ORIENTED_EDGE ( 'NONE', *, *, #3144, .F. ) ;
#10135 = FACE_OUTER_BOUND ( 'NONE', #3940, .T. ) ;
#10136 = ORIENTED_EDGE ( 'NONE', *, *, #5543, .T. ) ;
#10137 = PRESENTATION_STYLE_ASSIGNMENT (( #6460 ) ) ;
#10138 =( GEOMETRIC_REPRESENTATION_CONTEXT ( 3 ) GLOBAL_UNCERTAINTY_ASSIGNED_CONTEXT ( ( #6358 ) ) GLOBAL_UNIT_ASSIGNED_CONTEXT ( ( #169, #10870, #1177 ) ) REPRESENTATION_CONTEXT ( 'NONE', 'WORKASPACE' ) );
#10139 = ADVANCED_FACE ( 'NONE', ( #11664 ), #8935, .T. ) ;
#10140 =( NAMED_UNIT ( * ) SI_UNIT ( $, .STERADIAN. ) SOLID_ANGLE_UNIT ( ) );
#10141 = CARTESIAN_POINT ( 'NONE',  ( 0.7462645968701541177, 0.06157147486115205348, -0.6989999999999999547 ) ) ;
#10142 = SURFACE_STYLE_USAGE ( .BOTH. , #3762 ) ;
#10143 = ORIENTED_EDGE ( 'NONE', *, *, #11622, .T. ) ;
#10144 = ORIENTED_EDGE ( 'NONE', *, *, #5543, .F. ) ;
#10145 = UNCERTAINTY_MEASURE_WITH_UNIT (LENGTH_MEASURE( 1.000000000000000082E-05 ), #9278, 'distance_accuracy_value', 'NONE');
#10146 = EDGE_CURVE ( 'NONE', #2472, #8670, #9321, .T. ) ;
#10147 = PRESENTATION_STYLE_ASSIGNMENT (( #2777 ) ) ;
#10148 = DIRECTION ( 'NONE',  ( -1.000000000000000000, 0.000000000000000000, 0.000000000000000000 ) ) ;
#10149 =( GEOMETRIC_REPRESENTATION_CONTEXT ( 3 ) GLOBAL_UNCERTAINTY_ASSIGNED_CONTEXT ( ( #270 ) ) GLOBAL_UNIT_ASSIGNED_CONTEXT ( ( #5907, #3123, #5081 ) ) REPRESENTATION_CONTEXT ( 'NONE', 'WORKASPACE' ) );
#10150 =( NAMED_UNIT ( * ) PLANE_ANGLE_UNIT ( ) SI_UNIT ( $, .RADIAN. ) );
#10151 = SURFACE_STYLE_FILL_AREA ( #10098 ) ;
#10152 = CARTESIAN_POINT ( 'NONE',  ( 0.7706097560975608829, 0.04485518292682912772, -0.6989999999999999547 ) ) ;
#10153 = EDGE_CURVE ( 'NONE', #1101, #5147, #3858, .T. ) ;
#10154 = SURFACE_STYLE_USAGE ( .BOTH. , #1035 ) ;
#10155 =( BOUNDED_CURVE ( )  B_SPLINE_CURVE ( 3, ( #9273, #11069, #2910, #4044 ),
 .UNSPECIFIED., .F., .T. ) 
 B_SPLINE_CURVE_WITH_KNOTS ( ( 4, 4 ),
 ( 1.570796326794899223, 3.141592653589793116 ),
 .UNSPECIFIED. ) 
 CURVE ( )  GEOMETRIC_REPRESENTATION_ITEM ( )  RATIONAL_B_SPLINE_CURVE ( ( 1.000000000000000000, 0.8047378541243654926, 0.8047378541243654926, 1.000000000000000000 ) ) 
 REPRESENTATION_ITEM ( '' )  );
#10156 = CIRCLE ( 'NONE', #2247, 0.09999999999999999167 ) ;
#10157 = SURFACE_STYLE_USAGE ( .BOTH. , #6536 ) ;
#10158 = MECHANICAL_DESIGN_GEOMETRIC_PRESENTATION_REPRESENTATION (  '', ( #9578 ), #5637 ) ;
#10159 = CARTESIAN_POINT ( 'NONE',  ( 0.7644959231613360773, -0.02980254604948500211, -0.7000000000000000666 ) ) ;
#10160 = ORIENTED_EDGE ( 'NONE', *, *, #5103, .F. ) ;
#10161 =( NAMED_UNIT ( * ) PLANE_ANGLE_UNIT ( ) SI_UNIT ( $, .RADIAN. ) );
#10162 = EDGE_CURVE ( 'NONE', #4148, #4467, #10796, .T. ) ;
#10163 = FILL_AREA_STYLE ('',( #2146 ) ) ;
#10164 = CIRCLE ( 'NONE', #2985, 0.09999999999999999167 ) ;
#10165 = SURFACE_STYLE_FILL_AREA ( #9322 ) ;
#10166 = EDGE_CURVE ( 'NONE', #219, #2415, #6925, .T. ) ;
#10167 =( LENGTH_UNIT ( ) NAMED_UNIT ( * ) SI_UNIT ( .MILLI., .METRE. ) );
#10168 = ORIENTED_EDGE ( 'NONE', *, *, #24, .F. ) ;
#10169 = SURFACE_STYLE_USAGE ( .BOTH. , #9157 ) ;
#10170 = VECTOR ( 'NONE', #8802, 1000.000000000000000 ) ;
#10171 = MECHANICAL_DESIGN_GEOMETRIC_PRESENTATION_REPRESENTATION (  '', ( #3369 ), #9036 ) ;
#10172 = SURFACE_STYLE_FILL_AREA ( #5688 ) ;
#10173 = PRESENTATION_STYLE_ASSIGNMENT (( #7324 ) ) ;
#10174 = UNCERTAINTY_MEASURE_WITH_UNIT (LENGTH_MEASURE( 1.000000000000000082E-05 ), #1878, 'distance_accuracy_value', 'NONE');
#10175 = VERTEX_POINT ( 'NONE', #7881 ) ;
#10176 = STYLED_ITEM ( 'NONE', ( #960 ), #5843 ) ;
#10177 = CARTESIAN_POINT ( 'NONE',  ( 0.7430667284974442621, 0.06822798065218037278, -0.7000000000000000666 ) ) ;
#10178 = CARTESIAN_POINT ( 'NONE',  ( 0.7296036585365851534, -0.08211699695121965625, -0.6989999999999999547 ) ) ;
#10179 = AXIS2_PLACEMENT_3D ( 'NONE', #4281, #10834, #7978 ) ;
#10180 = CARTESIAN_POINT ( 'NONE',  ( 0.8019999999999994911, -0.1800000000000000211, -0.09999999999999988065 ) ) ;
#10181 = FILL_AREA_STYLE_COLOUR ( '', #3598 ) ;
#10182 = LINE ( 'NONE', #2109, #2413 ) ;
#10183 = DIRECTION ( 'NONE',  ( 1.000000000000000000, 0.000000000000000000, 0.000000000000000000 ) ) ;
#10184 = CIRCLE ( 'NONE', #394, 0.05499999999999997946 ) ;
#10185 = SURFACE_SIDE_STYLE ('',( #6506 ) ) ;
#10186 = DIRECTION ( 'NONE',  ( 1.000000000000000000, 0.000000000000000000, 0.000000000000000000 ) ) ;
#10187 =( GEOMETRIC_REPRESENTATION_CONTEXT ( 3 ) GLOBAL_UNCERTAINTY_ASSIGNED_CONTEXT ( ( #7101 ) ) GLOBAL_UNIT_ASSIGNED_CONTEXT ( ( #1097, #3960, #3007 ) ) REPRESENTATION_CONTEXT ( 'NONE', 'WORKASPACE' ) );
#10188 = CARTESIAN_POINT ( 'NONE',  ( 0.7199999999999998623, 0.02134146341463407162, -0.6989999999999999547 ) ) ;
#10189 = ORIENTED_EDGE ( 'NONE', *, *, #7833, .T. ) ;
#10190 = CYLINDRICAL_SURFACE ( 'NONE', #4929, 0.05500000000000000028 ) ;
#10191 = ORIENTED_EDGE ( 'NONE', *, *, #9008, .F. ) ;
#10192 = FILL_AREA_STYLE ('',( #2340 ) ) ;
#10193 = DIRECTION ( 'NONE',  ( 0.000000000000000000, -2.710505431213761085E-16, 1.000000000000000000 ) ) ;
#10194 = COLOUR_RGB ( '',1.000000000000000000, 1.000000000000000000, 1.000000000000000000 ) ;
#10195 = CARTESIAN_POINT ( 'NONE',  ( 0.7644959231613360773, -0.02980254604948500211, -0.6990000000000000657 ) ) ;
#10196 = VECTOR ( 'NONE', #8618, 1000.000000000000000 ) ;
#10197 = SURFACE_STYLE_USAGE ( .BOTH. , #2980 ) ;
#10198 = DIRECTION ( 'NONE',  ( 0.000000000000000000, 2.578241652818821251E-15, 1.000000000000000000 ) ) ;
#10199 = SURFACE_STYLE_USAGE ( .BOTH. , #7516 ) ;
#10200 = FILL_AREA_STYLE ('',( #2185 ) ) ;
#10201 = CARTESIAN_POINT ( 'NONE',  ( 0.7254878048780486477, -0.02195121951219523165, -0.6999999999999999556 ) ) ;
#10202 = DIRECTION ( 'NONE',  ( 0.000000000000000000, -0.000000000000000000, 1.000000000000000000 ) ) ;
#10203 = PRESENTATION_LAYER_ASSIGNMENT (  '', '', ( #3027 ) ) ;
#10204 = ORIENTED_EDGE ( 'NONE', *, *, #9953, .T. ) ;
#10205 = VERTEX_POINT ( 'NONE', #3395 ) ;
#10206 = DIRECTION ( 'NONE',  ( -1.000000000000000000, -0.000000000000000000, -0.000000000000000000 ) ) ;
#10207 = EDGE_CURVE ( 'NONE', #5555, #8955, #759, .T. ) ;
#10208 = DIRECTION ( 'NONE',  ( 1.355252715606880543E-16, -1.000000000000000000, 0.000000000000000000 ) ) ;
#10209 = CARTESIAN_POINT ( 'NONE',  ( 0.7705904026310761434, 0.04572313887565492702, -0.6999999999999999556 ) ) ;
#10210 = DIRECTION ( 'NONE',  ( -1.000000000000000000, 0.000000000000000000, 0.000000000000000000 ) ) ;
#10211 = LINE ( 'NONE', #360, #7797 ) ;
#10212 = AXIS2_PLACEMENT_3D ( 'NONE', #4477, #9781, #11490 ) ;
#10213 = CARTESIAN_POINT ( 'NONE',  ( -0.2399999999999999911, -0.3300000000000002376, -0.3999999999999999667 ) ) ;
#10214 = CARTESIAN_POINT ( 'NONE',  ( 0.7288846358387974789, -0.08062476270952481650, -0.6990000000000000657 ) ) ;
#10215 = CARTESIAN_POINT ( 'NONE',  ( 0.8000000000000003775, 0.3999999999999998557, 0.000000000000000000 ) ) ;
#10216 = DIRECTION ( 'NONE',  ( -5.421010862427522170E-16, -1.000000000000000000, 0.000000000000000000 ) ) ;
#10217 = DIRECTION ( 'NONE',  ( 0.000000000000000000, 0.000000000000000000, -1.000000000000000000 ) ) ;
#10218 = ORIENTED_EDGE ( 'NONE', *, *, #3665, .F. ) ;
#10219 = AXIS2_PLACEMENT_3D ( 'NONE', #10767, #74, #6261 ) ;
#10220 = SURFACE_STYLE_FILL_AREA ( #10163 ) ;
#10221 = EDGE_CURVE ( 'NONE', #9416, #6108, #487, .T. ) ;
#10222 = DIRECTION ( 'NONE',  ( 0.000000000000000000, -1.000000000000000000, 2.634710515969108204E-15 ) ) ;
#10223 = FILL_AREA_STYLE_COLOUR ( '', #10534 ) ;
#10224 = SURFACE_STYLE_FILL_AREA ( #3843 ) ;
#10225 = FILL_AREA_STYLE_COLOUR ( '', #1212 ) ;
#10226 = EDGE_CURVE ( 'NONE', #8918, #5816, #9779, .T. ) ;
#10227 = EDGE_LOOP ( 'NONE', ( #4497, #3795, #4340, #9555 ) ) ;
#10228 = EDGE_CURVE ( 'NONE', #45, #11323, #5483, .T. ) ;
#10229 = CARTESIAN_POINT ( 'NONE',  ( 0.7699161227752457926, 0.03775696315506330003, -0.6990000000000000657 ) ) ;
#10230 = CARTESIAN_POINT ( 'NONE',  ( 0.02291287847477891174, -0.1800000000000001321, -0.09999999999999988065 ) ) ;
#10231 = CARTESIAN_POINT ( 'NONE',  ( 0.3599999999999999867, 0.3300000000000000155, -0.1999999999999999001 ) ) ;
#10232 = FACE_OUTER_BOUND ( 'NONE', #5259, .T. ) ;
#10233 = DIRECTION ( 'NONE',  ( 0.000000000000000000, 1.000000000000000000, -1.971276677246372308E-15 ) ) ;
#10234 = ORIENTED_EDGE ( 'NONE', *, *, #2387, .T. ) ;
#10235 = LINE ( 'NONE', #6677, #7718 ) ;
#10236 = VECTOR ( 'NONE', #7790, 1000.000000000000000 ) ;
#10237 = AXIS2_PLACEMENT_3D ( 'NONE', #2126, #6754, #11152 ) ;
#10238 = VECTOR ( 'NONE', #5169, 1000.000000000000000 ) ;
#10239 = LINE ( 'NONE', #3081, #10245 ) ;
#10240 = ORIENTED_EDGE ( 'NONE', *, *, #8177, .T. ) ;
#10241 =( LENGTH_UNIT ( ) NAMED_UNIT ( * ) SI_UNIT ( .MILLI., .METRE. ) );
#10242 = FILL_AREA_STYLE ('',( #4054 ) ) ;
#10243 = MECHANICAL_DESIGN_GEOMETRIC_PRESENTATION_REPRESENTATION (  '', ( #7030 ), #2532 ) ;
#10244 = ADVANCED_FACE ( 'NONE', ( #10129 ), #9057, .T. ) ;
#10245 = VECTOR ( 'NONE', #447, 1000.000000000000000 ) ;
#10246 = DIRECTION ( 'NONE',  ( -0.000000000000000000, 0.000000000000000000, -1.000000000000000000 ) ) ;
#10247 = ORIENTED_EDGE ( 'NONE', *, *, #7774, .F. ) ;
#10248 = FILL_AREA_STYLE ('',( #3927 ) ) ;
#10249 = ORIENTED_EDGE ( 'NONE', *, *, #4671, .T. ) ;
#10250 = SURFACE_STYLE_FILL_AREA ( #518 ) ;
#10251 =( LENGTH_UNIT ( ) NAMED_UNIT ( * ) SI_UNIT ( .MILLI., .METRE. ) );
#10252 = CARTESIAN_POINT ( 'NONE',  ( 0.7264539635790802086, -0.08112664459560360586, -0.6999999999999998446 ) ) ;
#10253 =( NAMED_UNIT ( * ) PLANE_ANGLE_UNIT ( ) SI_UNIT ( $, .RADIAN. ) );
#10254 = SURFACE_STYLE_FILL_AREA ( #10200 ) ;
#10255 = CARTESIAN_POINT ( 'NONE',  ( 0.7650728970373957827, 0.04583433388316385249, -0.6989999999999998437 ) ) ;
#10256 = DIRECTION ( 'NONE',  ( 0.000000000000000000, 1.000000000000000000, 0.000000000000000000 ) ) ;
#10257 = CIRCLE ( 'NONE', #272, 0.09999999999999999167 ) ;
#10258 = STYLED_ITEM ( 'NONE', ( #1576 ), #11019 ) ;
#10259 = SURFACE_STYLE_USAGE ( .BOTH. , #4003 ) ;
#10260 = CARTESIAN_POINT ( 'NONE',  ( 0.1199999999999999956, -0.1800000000000000488, 0.005000000000000304548 ) ) ;
#10261 = EDGE_LOOP ( 'NONE', ( #4334, #5317, #3703, #1137 ) ) ;
#10262 = ORIENTED_EDGE ( 'NONE', *, *, #8882, .T. ) ;
#10263 = MECHANICAL_DESIGN_GEOMETRIC_PRESENTATION_REPRESENTATION (  '', ( #8161 ), #9123 ) ;
#10264 = UNCERTAINTY_MEASURE_WITH_UNIT (LENGTH_MEASURE( 1.000000000000000082E-05 ), #8079, 'distance_accuracy_value', 'NONE');
#10265 = MECHANICAL_DESIGN_GEOMETRIC_PRESENTATION_REPRESENTATION (  '', ( #3834 ), #656 ) ;
#10266 = SURFACE_STYLE_FILL_AREA ( #3050 ) ;
#10267 = AXIS2_PLACEMENT_3D ( 'NONE', #2311, #9492, #1427 ) ;
#10268 = AXIS2_PLACEMENT_3D ( 'NONE', #5987, #1509, #5110 ) ;
#10269 = CARTESIAN_POINT ( 'NONE',  ( 0.7581595582235475250, 0.06583755813996583495, -0.6990000000000001767 ) ) ;
#10270 = CARTESIAN_POINT ( 'NONE',  ( 0.5000000000000002220, 0.4000000000000000777, -0.6875735931288071701 ) ) ;
#10271 = EDGE_LOOP ( 'NONE', ( #5623, #5040, #3484, #5400 ) ) ;
#10272 = EDGE_CURVE ( 'NONE', #4538, #8573, #8165, .T. ) ;
#10273 =( NAMED_UNIT ( * ) PLANE_ANGLE_UNIT ( ) SI_UNIT ( $, .RADIAN. ) );
#10274 = SURFACE_SIDE_STYLE ('',( #9086 ) ) ;
#10275 = DIRECTION ( 'NONE',  ( -0.000000000000000000, -1.000000000000000000, 5.646886315028668105E-17 ) ) ;
#10276 = ORIENTED_EDGE ( 'NONE', *, *, #6447, .F. ) ;
#10277 = STYLED_ITEM ( 'NONE', ( #9269 ), #3808 ) ;
#10278 = CARTESIAN_POINT ( 'NONE',  ( 0.7318949001140355737, 0.05761349786781598536, -0.6990000000000000657 ) ) ;
#10279 = VECTOR ( 'NONE', #6287, 1000.000000000000000 ) ;
#10280 = FILL_AREA_STYLE ('',( #6023 ) ) ;
#10281 = CYLINDRICAL_SURFACE ( 'NONE', #2718, 0.1000000000000000056 ) ;
#10282 = ORIENTED_EDGE ( 'NONE', *, *, #2000, .F. ) ;
#10283 = CARTESIAN_POINT ( 'NONE',  ( 0.7699411072305059056, 0.03786645673803991363, -0.6999999999999999556 ) ) ;
#10284 = SURFACE_STYLE_FILL_AREA ( #11290 ) ;
#10285 = DIRECTION ( 'NONE',  ( 0.000000000000000000, -2.710505431213761085E-16, 1.000000000000000000 ) ) ;
#10286 = CARTESIAN_POINT ( 'NONE',  ( 0.7437480597336908472, -0.04876409302064340506, -0.6999999999999998446 ) ) ;
#10287 = UNCERTAINTY_MEASURE_WITH_UNIT (LENGTH_MEASURE( 1.000000000000000082E-05 ), #5817, 'distance_accuracy_value', 'NONE');
#10288 = EDGE_CURVE ( 'NONE', #6065, #10545, #7228, .T. ) ;
#10289 = ORIENTED_EDGE ( 'NONE', *, *, #9401, .T. ) ;
#10290 = CARTESIAN_POINT ( 'NONE',  ( -0.5000000000000004441, -0.4000000000000000222, -0.5999999999999998668 ) ) ;
#10291 = LINE ( 'NONE', #5924, #5054 ) ;
#10292 = CARTESIAN_POINT ( 'NONE',  ( 0.7200606195295805589, -0.03207373612646245015, -0.6990000000000001767 ) ) ;
#10293 = ORIENTED_EDGE ( 'NONE', *, *, #8691, .T. ) ;
#10294 = MECHANICAL_DESIGN_GEOMETRIC_PRESENTATION_REPRESENTATION (  '', ( #3307 ), #5024 ) ;
#10295 = ADVANCED_FACE ( 'NONE', ( #1061 ), #217, .F. ) ;
#10296 =( LENGTH_UNIT ( ) NAMED_UNIT ( * ) SI_UNIT ( .MILLI., .METRE. ) );
#10297 = PRESENTATION_LAYER_ASSIGNMENT (  '', '', ( #3124 ) ) ;
#10298 = DIRECTION ( 'NONE',  ( 0.000000000000000000, -2.216840928656986572E-15, -1.000000000000000000 ) ) ;
#10299 = FACE_OUTER_BOUND ( 'NONE', #9393, .T. ) ;
#10300 = CARTESIAN_POINT ( 'NONE',  ( 0.7646965844493845976, 0.03868066585732940488, -0.6990000000000001767 ) ) ;
#10301 = ORIENTED_EDGE ( 'NONE', *, *, #2302, .T. ) ;
#10302 = EDGE_CURVE ( 'NONE', #7172, #8789, #9516, .T. ) ;
#10303 = ORIENTED_EDGE ( 'NONE', *, *, #2392, .F. ) ;
#10304 = MECHANICAL_DESIGN_GEOMETRIC_PRESENTATION_REPRESENTATION (  '', ( #2395 ), #1639 ) ;
#10305 = AXIS2_PLACEMENT_3D ( 'NONE', #330, #2050, #3596 ) ;
#10306 = CARTESIAN_POINT ( 'NONE',  ( 0.7280657332422040273, -0.08081316846719080460, -0.6990000000000000657 ) ) ;
#10307 = EDGE_CURVE ( 'NONE', #3475, #1827, #3292, .T. ) ;
#10308 = CARTESIAN_POINT ( 'NONE',  ( 0.7642117025471891756, -0.03341399861316855097, -0.6989999999999998437 ) ) ;
#10309 = SURFACE_STYLE_FILL_AREA ( #1350 ) ;
#10310 = CARTESIAN_POINT ( 'NONE',  ( 0.8019999999999994911, -0.2800000000000000266, -0.1999999999999999001 ) ) ;
#10311 =( NAMED_UNIT ( * ) SI_UNIT ( $, .STERADIAN. ) SOLID_ANGLE_UNIT ( ) );
#10312 = STYLED_ITEM ( 'NONE', ( #7673 ), #4990 ) ;
#10313 = CARTESIAN_POINT ( 'NONE',  ( -0.3829128784747790615, 0.1799999999999999101, -0.3999999999999999112 ) ) ;
#10314 = CARTESIAN_POINT ( 'NONE',  ( -0.2399999999999999911, 0.1799999999999999101, -0.1999999999999998723 ) ) ;
#10315 = CARTESIAN_POINT ( 'NONE',  ( -0.8000000000000003775, -0.3999999999999999112, -0.6999999999999999556 ) ) ;
#10316 =( NAMED_UNIT ( * ) SI_UNIT ( $, .STERADIAN. ) SOLID_ANGLE_UNIT ( ) );
#10317 = VECTOR ( 'NONE', #9016, 1000.000000000000000 ) ;
#10318 = ORIENTED_EDGE ( 'NONE', *, *, #9888, .F. ) ;
#10319 = ORIENTED_EDGE ( 'NONE', *, *, #3871, .F. ) ;
#10320 = CARTESIAN_POINT ( 'NONE',  ( 0.7689549183009489752, 0.05445673911640658282, -0.6989999999999998437 ) ) ;
#10321 = SURFACE_STYLE_USAGE ( .BOTH. , #5021 ) ;
#10322 = MECHANICAL_DESIGN_GEOMETRIC_PRESENTATION_REPRESENTATION (  '', ( #3727 ), #526 ) ;
#10323 = LINE ( 'NONE', #1531, #4907 ) ;
#10324 =( NAMED_UNIT ( * ) SI_UNIT ( $, .STERADIAN. ) SOLID_ANGLE_UNIT ( ) );
#10325 = PRESENTATION_STYLE_ASSIGNMENT (( #5957 ) ) ;
#10326 = DIRECTION ( 'NONE',  ( 0.000000000000000000, 2.464095846557963117E-15, 1.000000000000000000 ) ) ;
#10327 = CARTESIAN_POINT ( 'NONE',  ( 0.7260975609756096238, -0.08134527439024404061, -0.6989999999999999547 ) ) ;
#10328 = ORIENTED_EDGE ( 'NONE', *, *, #8733, .T. ) ;
#10329 = MECHANICAL_DESIGN_GEOMETRIC_PRESENTATION_REPRESENTATION (  '', ( #8599 ), #3557 ) ;
#10330 = AXIS2_PLACEMENT_3D ( 'NONE', #3388, #6165, #4410 ) ;
#10331 = CARTESIAN_POINT ( 'NONE',  ( -0.3829128784747968250, -0.1800000000000000211, -0.4999999999999998890 ) ) ;
#10332 = FACE_OUTER_BOUND ( 'NONE', #9935, .T. ) ;
#10333 = SURFACE_STYLE_FILL_AREA ( #8538 ) ;
#10334 = MECHANICAL_DESIGN_GEOMETRIC_PRESENTATION_REPRESENTATION (  '', ( #7312 ), #9777 ) ;
#10335 = AXIS2_PLACEMENT_3D ( 'NONE', #3483, #361, #6478 ) ;
#10336 = ORIENTED_EDGE ( 'NONE', *, *, #6718, .T. ) ;
#10337 = B_SPLINE_CURVE_WITH_KNOTS ( 'NONE', 3,
 ( #8672, #7757, #11604, #2636, #5176, #3508, #9643 ),
 .UNSPECIFIED., .F., .F.,
 ( 4, 1, 1, 1, 4 ),
 ( 0.000000000000000000, 0.1744817153170450941, 0.3982857591281150356, 0.6738978473986464435, 1.000000000000000000 ),
 .UNSPECIFIED. ) ;
#10338 = VECTOR ( 'NONE', #196, 1000.000000000000000 ) ;
#10339 = CARTESIAN_POINT ( 'NONE',  ( -0.06499999999999997446, 0.3299999999999999600, -0.1999999999999999001 ) ) ;
#10340 = CARTESIAN_POINT ( 'NONE',  ( -0.8000000000000004885, 0.4000000000000001332, 0.000000000000000000 ) ) ;
#10341 = FILL_AREA_STYLE_COLOUR ( '', #6283 ) ;
#10342 = SURFACE_STYLE_FILL_AREA ( #1151 ) ;
#10343 = PLANE ( 'NONE',  #1029 ) ;
#10344 = PRESENTATION_STYLE_ASSIGNMENT (( #3304 ) ) ;
#10345 =( LENGTH_UNIT ( ) NAMED_UNIT ( * ) SI_UNIT ( .MILLI., .METRE. ) );
#10346 = VERTEX_POINT ( 'NONE', #1223 ) ;
#10347 = CARTESIAN_POINT ( 'NONE',  ( 0.7296036585365851534, -0.08038300304878062685, -0.6989999999999999547 ) ) ;
#10348 = EDGE_CURVE ( 'NONE', #1361, #3569, #8375, .T. ) ;
#10349 = CARTESIAN_POINT ( 'NONE',  ( 0.7249538577103696868, 0.05929556515090685098, -0.6989999999999999547 ) ) ;
#10350 = DIRECTION ( 'NONE',  ( -0.000000000000000000, -0.000000000000000000, -1.000000000000000000 ) ) ;
#10351 = DIRECTION ( 'NONE',  ( -0.000000000000000000, -1.000000000000000000, 5.646886315028668105E-17 ) ) ;
#10352 = ORIENTED_EDGE ( 'NONE', *, *, #1500, .F. ) ;
#10353 =( NAMED_UNIT ( * ) PLANE_ANGLE_UNIT ( ) SI_UNIT ( $, .RADIAN. ) );
#10354 =( NAMED_UNIT ( * ) PLANE_ANGLE_UNIT ( ) SI_UNIT ( $, .RADIAN. ) );
#10355 = EDGE_CURVE ( 'NONE', #318, #9690, #2926, .T. ) ;
#10356 = CARTESIAN_POINT ( 'NONE',  ( -0.5000000000000003331, -0.4000000000000000777, -0.6875735931288071701 ) ) ;
#10357 =( NAMED_UNIT ( * ) SI_UNIT ( $, .STERADIAN. ) SOLID_ANGLE_UNIT ( ) );
#10358 = CARTESIAN_POINT ( 'NONE',  ( 0.7504878048780486699, -0.07292301829268306446, -0.6999999999999999556 ) ) ;
#10359 = PRESENTATION_STYLE_ASSIGNMENT (( #3865 ) ) ;
#10360 = EDGE_LOOP ( 'NONE', ( #5342, #8032, #7680, #5570, #8686, #10865, #11091, #940 ) ) ;
#10361 = ORIENTED_EDGE ( 'NONE', *, *, #9056, .F. ) ;
#10362 = DIRECTION ( 'NONE',  ( 1.807003620809173892E-16, -1.000000000000000000, 0.000000000000000000 ) ) ;
#10363 = CARTESIAN_POINT ( 'NONE',  ( -0.3370871215252208009, -0.1800000000000001876, -0.3999999999999999112 ) ) ;
#10364 = SURFACE_STYLE_FILL_AREA ( #11315 ) ;
#10365 = ADVANCED_FACE ( 'NONE', ( #4997 ), #11195, .T. ) ;
#10367 = B_SPLINE_CURVE_WITH_KNOTS ( 'NONE', 3,
 ( #9993, #10159, #9087, #8197, #4622, #133, #2084, #3894, #5673, #5458, #1195, #10939, #5569, #8240, #3777, #10991, #5622, #7362, #9199 ),
 .UNSPECIFIED., .F., .F.,
 ( 4, 1, 1, 1, 1, 1, 1, 1, 1, 1, 1, 1, 1, 1, 1, 1, 4 ),
 ( 0.000000000000000000, 0.07082199823409655870, 0.1381601096583844057, 0.2024622547020692442, 0.2639567057174985742, 0.3236342499071825363, 0.3817869263266499003, 0.4393756585350244714, 0.4971066655477039409, 0.5548623802280185924, 0.6127668894862257076, 0.6715600499945678648, 0.7316730530556677659, 0.7943110968516789994, 0.8594912802951139019, 0.9276859961409859023, 1.000000000000000000 ),
 .UNSPECIFIED. ) ;
#10366 =( NAMED_UNIT ( * ) SI_UNIT ( $, .STERADIAN. ) SOLID_ANGLE_UNIT ( ) );
#10368 = EDGE_CURVE ( 'NONE', #10545, #3058, #7664, .T. ) ;
#10369 = CIRCLE ( 'NONE', #390, 0.09999999999999999167 ) ;
#10370 = CARTESIAN_POINT ( 'NONE',  ( 0.7345013710645637017, -0.04672310973373296206, -0.6990000000000001767 ) ) ;
#10371 =( NAMED_UNIT ( * ) SI_UNIT ( $, .STERADIAN. ) SOLID_ANGLE_UNIT ( ) );
#10372 = DIRECTION ( 'NONE',  ( 0.000000000000000000, 1.000000000000000000, 0.000000000000000000 ) ) ;
#10373 =( NAMED_UNIT ( * ) PLANE_ANGLE_UNIT ( ) SI_UNIT ( $, .RADIAN. ) );
#10374 = SURFACE_STYLE_USAGE ( .BOTH. , #4073 ) ;
#10375 = ORIENTED_EDGE ( 'NONE', *, *, #7274, .T. ) ;
#10376 = ORIENTED_EDGE ( 'NONE', *, *, #6038, .F. ) ;
#10377 = ORIENTED_EDGE ( 'NONE', *, *, #6202, .F. ) ;
#10378 = MECHANICAL_DESIGN_GEOMETRIC_PRESENTATION_REPRESENTATION (  '', ( #11131 ), #5299 ) ;
#10379 = STYLED_ITEM ( 'NONE', ( #9279 ), #6265 ) ;
#10380 =( NAMED_UNIT ( * ) PLANE_ANGLE_UNIT ( ) SI_UNIT ( $, .RADIAN. ) );
#10381 = FACE_OUTER_BOUND ( 'NONE', #1973, .T. ) ;
#10382 = DIRECTION ( 'NONE',  ( 0.000000000000000000, 0.000000000000000000, 1.000000000000000000 ) ) ;
#10383 = SURFACE_STYLE_USAGE ( .BOTH. , #9425 ) ;
#10384 = CARTESIAN_POINT ( 'NONE',  ( 0.7445141006097559799, -0.04878048780487816150, -0.6999999999999999556 ) ) ;
#10385 = CIRCLE ( 'NONE', #2666, 0.09999999999999999167 ) ;
#10386 = STYLED_ITEM ( 'NONE', ( #6274 ), #6345 ) ;
#10387 = AXIS2_PLACEMENT_3D ( 'NONE', #8353, #313, #2896 ) ;
#10388 = CARTESIAN_POINT ( 'NONE',  ( -0.2170871215252209163, 0.1799999999999999101, -0.3999999999999999112 ) ) ;
#10389 = PRESENTATION_STYLE_ASSIGNMENT (( #3951 ) ) ;
#10390 =( NAMED_UNIT ( * ) SI_UNIT ( $, .STERADIAN. ) SOLID_ANGLE_UNIT ( ) );
#10391 = CARTESIAN_POINT ( 'NONE',  ( 0.7645121951219511214, -0.005487804878048864292, -0.6999999999999999556 ) ) ;
#10392 = ORIENTED_EDGE ( 'NONE', *, *, #3522, .T. ) ;
#10393 = EDGE_CURVE ( 'NONE', #2659, #4482, #6273, .T. ) ;
#10394 = B_SPLINE_CURVE_WITH_KNOTS ( 'NONE', 3,
 ( #2004, #6395, #5596, #9002, #3584, #10806, #7171, #9909, #3751, #9173, #5431, #9969, #7341, #6455, #4593, #954, #4539 ),
 .UNSPECIFIED., .F., .F.,
 ( 4, 1, 1, 1, 1, 1, 1, 1, 1, 1, 1, 1, 1, 1, 4 ),
 ( 0.1582071969709232528, 0.1950705264521366555, 0.2556086712886452839, 0.3148315357450776064, 0.3734254151318251447, 0.4325732796242874878, 0.4922844451246902731, 0.5525311382752621236, 0.6123789528069559784, 0.6724822110039964107, 0.7338115657770705180, 0.7965737547970173082, 0.8614358467332323688, 0.9291918124022553460, 1.000000000000000000 ),
 .UNSPECIFIED. ) ;
#10395 = CARTESIAN_POINT ( 'NONE',  ( 0.7291371930625031306, 0.05503284455404348907, -0.6990000000000000657 ) ) ;
#10396 = PRESENTATION_LAYER_ASSIGNMENT (  '', '', ( #7358 ) ) ;
#10397 = AXIS2_PLACEMENT_3D ( 'NONE', #11319, #5061, #8443 ) ;
#10398 = CARTESIAN_POINT ( 'NONE',  ( 0.7199999999999998623, -0.08475609756097575442, -0.6999999999999999556 ) ) ;
#10399 = DIRECTION ( 'NONE',  ( -1.000000000000000000, 0.000000000000000000, 0.000000000000000000 ) ) ;
#10400 = VERTEX_POINT ( 'NONE', #9457 ) ;
#10401 = SURFACE_SIDE_STYLE ('',( #10521 ) ) ;
#10402 = FILL_AREA_STYLE_COLOUR ( '', #8518 ) ;
#10403 = MECHANICAL_DESIGN_GEOMETRIC_PRESENTATION_REPRESENTATION (  '', ( #7755 ), #6800 ) ;
#10404 = CARTESIAN_POINT ( 'NONE',  ( 0.7254878048780487587, -0.02932545731707328351, -0.7000000000000000666 ) ) ;
#10405 = CARTESIAN_POINT ( 'NONE',  ( 0.7699999999999997957, -0.09695121951219526357, -0.6989999999999999547 ) ) ;
#10406 = DIRECTION ( 'NONE',  ( 0.000000000000000000, 1.000000000000000000, -1.971276677246372308E-15 ) ) ;
#10407 = VECTOR ( 'NONE', #11461, 1000.000000000000000 ) ;
#10408 = ORIENTED_EDGE ( 'NONE', *, *, #1145, .F. ) ;
#10409 = CARTESIAN_POINT ( 'NONE',  ( 0.7211654284633510770, 0.05296491564371506172, -0.6989999999999998437 ) ) ;
#10410 =( NAMED_UNIT ( * ) SI_UNIT ( $, .STERADIAN. ) SOLID_ANGLE_UNIT ( ) );
#10411 = LINE ( 'NONE', #3915, #5723 ) ;
#10412 = MECHANICAL_DESIGN_GEOMETRIC_PRESENTATION_REPRESENTATION (  '', ( #11363 ), #4391 ) ;
#10413 = ORIENTED_EDGE ( 'NONE', *, *, #9259, .T. ) ;
#10414 = DIRECTION ( 'NONE',  ( 0.000000000000000000, -1.000000000000000000, 2.634710515969108204E-15 ) ) ;
#10415 = DIRECTION ( 'NONE',  ( 0.000000000000000000, 2.464095846557963117E-15, 1.000000000000000000 ) ) ;
#10416 = SURFACE_STYLE_FILL_AREA ( #3193 ) ;
#10417 = LINE ( 'NONE', #3379, #8213 ) ;
#10418 = EDGE_CURVE ( 'NONE', #10509, #8171, #11303, .T. ) ;
#10419 = ORIENTED_EDGE ( 'NONE', *, *, #8986, .T. ) ;
#10420 = VECTOR ( 'NONE', #1078, 1000.000000000000000 ) ;
#10421 =( NAMED_UNIT ( * ) SI_UNIT ( $, .STERADIAN. ) SOLID_ANGLE_UNIT ( ) );
#10422 = ORIENTED_EDGE ( 'NONE', *, *, #5664, .T. ) ;
#10423 = DIRECTION ( 'NONE',  ( 1.000000000000000000, 0.000000000000000000, 0.000000000000000000 ) ) ;
#10424 = CARTESIAN_POINT ( 'NONE',  ( 0.8000000000000003775, 0.3999999999999998557, -0.5999999999999998668 ) ) ;
#10425 = SURFACE_STYLE_FILL_AREA ( #3204 ) ;
#10426 = CARTESIAN_POINT ( 'NONE',  ( 0.7638072358545767715, -0.03543013813032105941, -0.6990000000000000657 ) ) ;
#10427 = MECHANICAL_DESIGN_GEOMETRIC_PRESENTATION_REPRESENTATION (  '', ( #4973 ), #9467 ) ;
#10428 = MECHANICAL_DESIGN_GEOMETRIC_PRESENTATION_REPRESENTATION (  '', ( #5478 ), #4600 ) ;
#10429 = CARTESIAN_POINT ( 'NONE',  ( 0.8019999999999994911, -0.1800000000000000211, -0.4999999999999998890 ) ) ;
#10430 = CARTESIAN_POINT ( 'NONE',  ( 0.09708712152522092076, 0.2800000000000000266, -0.3999999999999999112 ) ) ;
#10431 = SURFACE_STYLE_FILL_AREA ( #6811 ) ;
#10432 = ADVANCED_FACE ( 'NONE', ( #329 ), #9518, .T. ) ;
#10433 = DIRECTION ( 'NONE',  ( -0.000000000000000000, -0.000000000000000000, -1.000000000000000000 ) ) ;
#10434 = ORIENTED_EDGE ( 'NONE', *, *, #3352, .F. ) ;
#10435 = ORIENTED_EDGE ( 'NONE', *, *, #3291, .F. ) ;
#10436 = ORIENTED_EDGE ( 'NONE', *, *, #477, .F. ) ;
#10437 = CIRCLE ( 'NONE', #7226, 0.1000000000000000056 ) ;
#10438 = SURFACE_SIDE_STYLE ('',( #3109 ) ) ;
#10439 = AXIS2_PLACEMENT_3D ( 'NONE', #2125, #6641, #4833 ) ;
#10440 = EDGE_CURVE ( 'NONE', #10701, #8970, #3251, .T. ) ;
#10441 = VECTOR ( 'NONE', #10775, 1000.000000000000000 ) ;
#10442 = CARTESIAN_POINT ( 'NONE',  ( 0.7468492808175086761, 0.06827703384259359298, -0.6999999999999999556 ) ) ;
#10443 = FILL_AREA_STYLE_COLOUR ( '', #3098 ) ;
#10444 = SURFACE_SIDE_STYLE ('',( #2253 ) ) ;
#10445 = MECHANICAL_DESIGN_GEOMETRIC_PRESENTATION_REPRESENTATION (  '', ( #11394 ), #4040 ) ;
#10446 = MECHANICAL_DESIGN_GEOMETRIC_PRESENTATION_REPRESENTATION (  '', ( #1222 ), #2727 ) ;
#10447 = LINE ( 'NONE', #8465, #1599 ) ;
#10448 = EDGE_LOOP ( 'NONE', ( #10303, #4426, #5114, #10587 ) ) ;
#10449 = CARTESIAN_POINT ( 'NONE',  ( 0.7432572952613161199, 0.06153433058964583729, -0.6990000000000000657 ) ) ;
#10450 = EDGE_CURVE ( 'NONE', #9435, #873, #10780, .T. ) ;
#10451 = COLOUR_RGB ( '',0.9098039215686274384, 0.4431372549019607643, 0.03137254901960784270 ) ;
#10452 = FILL_AREA_STYLE ('',( #10223 ) ) ;
#10453 = VECTOR ( 'NONE', #8698, 1000.000000000000000 ) ;
#10454 = CARTESIAN_POINT ( 'NONE',  ( 0.7699826847323777423, -0.02979659377850145049, -0.6989999999999998437 ) ) ;
#10455 = FILL_AREA_STYLE ('',( #3421 ) ) ;
#10456 = ORIENTED_EDGE ( 'NONE', *, *, #6969, .T. ) ;
#10457 = EDGE_CURVE ( 'NONE', #1581, #6856, #8920, .T. ) ;
#10458 = DIRECTION ( 'NONE',  ( -0.000000000000000000, -0.000000000000000000, 1.000000000000000000 ) ) ;
#10459 = PLANE ( 'NONE',  #1539 ) ;
#10460 =( GEOMETRIC_REPRESENTATION_CONTEXT ( 3 ) GLOBAL_UNCERTAINTY_ASSIGNED_CONTEXT ( ( #8019 ) ) GLOBAL_UNIT_ASSIGNED_CONTEXT ( ( #3348, #6075, #8954 ) ) REPRESENTATION_CONTEXT ( 'NONE', 'WORKASPACE' ) );
#10461 = FILL_AREA_STYLE_COLOUR ( '', #6646 ) ;
#10462 = COLOUR_RGB ( '',0.9098039215686274384, 0.4431372549019607643, 0.03137254901960784270 ) ;
#10463 = CARTESIAN_POINT ( 'NONE',  ( -0.3599999999999999867, -0.1800000000000001876, -0.04999999999999969746 ) ) ;
#10464 = LINE ( 'NONE', #5973, #866 ) ;
#10465 = ORIENTED_EDGE ( 'NONE', *, *, #8966, .F. ) ;
#10466 = SURFACE_SIDE_STYLE ('',( #11241 ) ) ;
#10467 = AXIS2_PLACEMENT_3D ( 'NONE', #11608, #7053, #6172 ) ;
#10468 = ORIENTED_EDGE ( 'NONE', *, *, #6401, .T. ) ;
#10469 = CARTESIAN_POINT ( 'NONE',  ( 0.7699999999999997957, -0.05914634146341476995, -0.6999999999999999556 ) ) ;
#10470 = STYLED_ITEM ( 'NONE', ( #2517 ), #3721 ) ;
#10471 =( GEOMETRIC_REPRESENTATION_CONTEXT ( 3 ) GLOBAL_UNCERTAINTY_ASSIGNED_CONTEXT ( ( #136 ) ) GLOBAL_UNIT_ASSIGNED_CONTEXT ( ( #927, #249, #984 ) ) REPRESENTATION_CONTEXT ( 'NONE', 'WORKASPACE' ) );
#10472 = SURFACE_STYLE_FILL_AREA ( #5164 ) ;
#10473 = CARTESIAN_POINT ( 'NONE',  ( -0.5000000000000003331, 0.4000000000000000222, -0.5999999999999998668 ) ) ;
#10474 = VERTEX_POINT ( 'NONE', #9763 ) ;
#10475 =( GEOMETRIC_REPRESENTATION_CONTEXT ( 3 ) GLOBAL_UNCERTAINTY_ASSIGNED_CONTEXT ( ( #3910 ) ) GLOBAL_UNIT_ASSIGNED_CONTEXT ( ( #10019, #10905, #1942 ) ) REPRESENTATION_CONTEXT ( 'NONE', 'WORKASPACE' ) );
#10476 = DIRECTION ( 'NONE',  ( -1.000000000000000000, 0.000000000000000000, 0.000000000000000000 ) ) ;
#10477 = CARTESIAN_POINT ( 'NONE',  ( -0.8000000000000003775, -0.3999999999999999112, 0.1000000000000000056 ) ) ;
#10478 = ORIENTED_EDGE ( 'NONE', *, *, #5891, .F. ) ;
#10479 = EDGE_LOOP ( 'NONE', ( #1590, #2506, #6687, #2988 ) ) ;
#10480 = CARTESIAN_POINT ( 'NONE',  ( 0.7254878048780486477, -0.02195121951219523165, -0.6989999999999999547 ) ) ;
#10481 = DIRECTION ( 'NONE',  ( -1.000000000000000000, 0.000000000000000000, 0.000000000000000000 ) ) ;
#10482 = STYLED_ITEM ( 'NONE', ( #11254 ), #4685 ) ;
#10483 = EDGE_CURVE ( 'NONE', #3047, #9627, #4229, .T. ) ;
#10484 = CARTESIAN_POINT ( 'NONE',  ( 0.7699999999999997957, -0.06646341463414648376, -0.6989999999999999547 ) ) ;
#10485 = FILL_AREA_STYLE ('',( #695 ) ) ;
#10486 = AXIS2_PLACEMENT_3D ( 'NONE', #2542, #708, #4311 ) ;
#10487 = CARTESIAN_POINT ( 'NONE',  ( 0.8019999999999994911, -0.1800000000000000211, -0.09999999999999988065 ) ) ;
#10488 = CARTESIAN_POINT ( 'NONE',  ( 0.7199999999999998623, -0.004268292682926912857, -0.6989999999999999547 ) ) ;
#10489 = DIRECTION ( 'NONE',  ( 1.000000000000000000, 0.000000000000000000, 0.000000000000000000 ) ) ;
#10490 = PLANE ( 'NONE',  #8519 ) ;
#10491 =( NAMED_UNIT ( * ) SI_UNIT ( $, .STERADIAN. ) SOLID_ANGLE_UNIT ( ) );
#10492 = ORIENTED_EDGE ( 'NONE', *, *, #11599, .F. ) ;
#10493 = ORIENTED_EDGE ( 'NONE', *, *, #11527, .F. ) ;
#10494 = B_SPLINE_SURFACE_WITH_KNOTS ( 'NONE', 3, 1, ( 
 ( #4018, #9257 ),
 ( #6483, #7538 ),
 ( #2028, #7605 ),
 ( #246, #368 ),
 ( #1194, #11053 ),
 ( #3117, #5621 ),
 ( #10327, #9433 ) ),
 .UNSPECIFIED., .F., .F., .F.,
 ( 4, 1, 1, 1, 4 ),
 ( 2, 2 ),
 ( 0.000000000000000000, 0.1744817153170450941, 0.3982857591281150356, 0.6738978473986464435, 1.000000000000000000 ),
 ( 0.000000000000000000, 1.000000000000000000 ),
 .UNSPECIFIED. ) ;
#10495 = ORIENTED_EDGE ( 'NONE', *, *, #5335, .T. ) ;
#10496 = COLOUR_RGB ( '',0.000000000000000000, 0.000000000000000000, 0.000000000000000000 ) ;
#10497 = SURFACE_STYLE_FILL_AREA ( #5193 ) ;
#10498 = EDGE_CURVE ( 'NONE', #7141, #5660, #7806, .T. ) ;
#10499 = CARTESIAN_POINT ( 'NONE',  ( 0.7199999999999999734, 0.09146341463414631168, -0.6989999999999999547 ) ) ;
#10500 = DIRECTION ( 'NONE',  ( -1.000000000000000000, -0.000000000000000000, -0.000000000000000000 ) ) ;
#10501 = AXIS2_PLACEMENT_3D ( 'NONE', #2780, #6585, #10210 ) ;
#10502 = SURFACE_SIDE_STYLE ('',( #480 ) ) ;
#10503 = CARTESIAN_POINT ( 'NONE',  ( 0.2399999999999999911, -0.1800000000000001876, -0.04999999999999969746 ) ) ;
#10504 = VECTOR ( 'NONE', #2919, 1000.000000000000000 ) ;
#10505 = CARTESIAN_POINT ( 'NONE',  ( 0.7699999999999997957, -0.1042682926829269635, -0.6989999999999999547 ) ) ;
#10506 = DIRECTION ( 'NONE',  ( 0.000000000000000000, -1.000000000000000000, 2.956915015869558659E-15 ) ) ;
#10507 = EDGE_CURVE ( 'NONE', #6757, #7949, #7965, .T. ) ;
#10508 =( NAMED_UNIT ( * ) SI_UNIT ( $, .STERADIAN. ) SOLID_ANGLE_UNIT ( ) );
#10509 = VERTEX_POINT ( 'NONE', #11654 ) ;
#10510 = UNCERTAINTY_MEASURE_WITH_UNIT (LENGTH_MEASURE( 1.000000000000000082E-05 ), #6497, 'distance_accuracy_value', 'NONE');
#10511 = MECHANICAL_DESIGN_GEOMETRIC_PRESENTATION_REPRESENTATION (  '', ( #2409 ), #11453 ) ;
#10512 = COLOUR_RGB ( '',0.9098039215686274384, 0.4431372549019607643, 0.03137254901960784270 ) ;
#10513 = EDGE_CURVE ( 'NONE', #6841, #5475, #437, .T. ) ;
#10514 = DIRECTION ( 'NONE',  ( -0.000000000000000000, -0.000000000000000000, -1.000000000000000000 ) ) ;
#10515 = SURFACE_SIDE_STYLE ('',( #3295 ) ) ;
#10516 = LINE ( 'NONE', #3296, #461 ) ;
#10518 = ORIENTED_EDGE ( 'NONE', *, *, #11357, .T. ) ;
#10517 = CYLINDRICAL_SURFACE ( 'NONE', #5811, 0.09999999999999999167 ) ;
#10519 = AXIS2_PLACEMENT_3D ( 'NONE', #34, #2863, #7283 ) ;
#10520 = CARTESIAN_POINT ( 'NONE',  ( 0.7253046841980790305, 0.03816842251632428934, -0.7000000000000000666 ) ) ;
#10521 = SURFACE_STYLE_FILL_AREA ( #6776 ) ;
#10522 = EDGE_CURVE ( 'NONE', #3058, #3979, #3315, .T. ) ;
#10523 = DIRECTION ( 'NONE',  ( 0.000000000000000000, 0.000000000000000000, -1.000000000000000000 ) ) ;
#10524 = FILL_AREA_STYLE ('',( #5276 ) ) ;
#10525 = CIRCLE ( 'NONE', #11464, 0.05500000000000003497 ) ;
#10526 = CARTESIAN_POINT ( 'NONE',  ( -0.5000000000000003331, 0.4000000000000000222, -0.5999999999999999778 ) ) ;
#10527 = DIRECTION ( 'NONE',  ( 0.000000000000000000, 0.000000000000000000, 1.000000000000000000 ) ) ;
#10528 = LINE ( 'NONE', #7088, #8939 ) ;
#10529 = VERTEX_POINT ( 'NONE', #4401 ) ;
#10530 = EDGE_CURVE ( 'NONE', #7075, #4094, #6913, .T. ) ;
#10531 = CARTESIAN_POINT ( 'NONE',  ( 0.1199999999999999956, -0.1800000000000001876, -0.1999999999999998723 ) ) ;
#10532 = PRESENTATION_STYLE_ASSIGNMENT (( #6730 ) ) ;
#10533 = SURFACE_STYLE_USAGE ( .BOTH. , #6909 ) ;
#10534 = COLOUR_RGB ( '',0.9098039215686274384, 0.4431372549019607643, 0.03137254901960784270 ) ;
#10535 = ORIENTED_EDGE ( 'NONE', *, *, #5337, .F. ) ;
#10536 = DIRECTION ( 'NONE',  ( -1.000000000000000000, -0.000000000000000000, -0.000000000000000000 ) ) ;
#10537 = FILL_AREA_STYLE_COLOUR ( '', #1197 ) ;
#10538 = DIRECTION ( 'NONE',  ( -1.000000000000000000, -0.000000000000000000, -0.000000000000000000 ) ) ;
#10539 = DIRECTION ( 'NONE',  ( -0.000000000000000000, 1.000000000000000000, 0.000000000000000000 ) ) ;
#10540 =( GEOMETRIC_REPRESENTATION_CONTEXT ( 3 ) GLOBAL_UNCERTAINTY_ASSIGNED_CONTEXT ( ( #9106 ) ) GLOBAL_UNIT_ASSIGNED_CONTEXT ( ( #1722, #5209, #855 ) ) REPRESENTATION_CONTEXT ( 'NONE', 'WORKASPACE' ) );
#10541 = UNCERTAINTY_MEASURE_WITH_UNIT (LENGTH_MEASURE( 1.000000000000000082E-05 ), #8746, 'distance_accuracy_value', 'NONE');
#10542 = EDGE_LOOP ( 'NONE', ( #3497, #9032, #50, #4252 ) ) ;
#10543 = CARTESIAN_POINT ( 'NONE',  ( 0.5000000000000004441, -0.4000000000000001332, -0.5999999999999999778 ) ) ;
#10544 = ADVANCED_FACE ( 'NONE', ( #9890 ), #622, .F. ) ;
#10545 = VERTEX_POINT ( 'NONE', #6043 ) ;
#10546 = CARTESIAN_POINT ( 'NONE',  ( -0.2399999999999999911, 0.1799999999999999378, -0.04999999999999975298 ) ) ;
#10547 = DIRECTION ( 'NONE',  ( -1.000000000000000000, -0.000000000000000000, -0.000000000000000000 ) ) ;
#10548 =( NAMED_UNIT ( * ) SI_UNIT ( $, .STERADIAN. ) SOLID_ANGLE_UNIT ( ) );
#10549 = SURFACE_SIDE_STYLE ('',( #4299 ) ) ;
#10550 = FILL_AREA_STYLE ('',( #6924 ) ) ;
#10551 = DIRECTION ( 'NONE',  ( 1.000000000000000000, 0.000000000000000000, 0.000000000000000000 ) ) ;
#10552 = FILL_AREA_STYLE ('',( #9412 ) ) ;
#10553 = SURFACE_SIDE_STYLE ('',( #10431 ) ) ;
#10554 = CARTESIAN_POINT ( 'NONE',  ( -0.3370871215252046471, 0.1800000000000000766, -0.4999999999999998890 ) ) ;
#10555 = PRESENTATION_LAYER_ASSIGNMENT (  '', '', ( #8836 ) ) ;
#10556 = FILL_AREA_STYLE ('',( #3330 ) ) ;
#10557 = PLANE ( 'NONE',  #5773 ) ;
#10558 = EDGE_LOOP ( 'NONE', ( #8312, #11081, #6421, #9877 ) ) ;
#10559 = ORIENTED_EDGE ( 'NONE', *, *, #11519, .T. ) ;
#10560 = ORIENTED_EDGE ( 'NONE', *, *, #871, .F. ) ;
#10561 = PRESENTATION_STYLE_ASSIGNMENT (( #1585 ) ) ;
#10562 = AXIS2_PLACEMENT_3D ( 'NONE', #9856, #2546, #7069 ) ;
#10563 = LINE ( 'NONE', #2478, #5495 ) ;
#10564 =( LENGTH_UNIT ( ) NAMED_UNIT ( * ) SI_UNIT ( .MILLI., .METRE. ) );
#10566 = VERTEX_POINT ( 'NONE', #9636 ) ;
#10565 = CARTESIAN_POINT ( 'NONE',  ( -0.2170871215252208053, -0.1800000000000000211, -0.4999999999999998890 ) ) ;
#10567 = CARTESIAN_POINT ( 'NONE',  ( 0.8019999999999994911, -0.1800000000000000211, -0.4999999999999998890 ) ) ;
#10568 =( NAMED_UNIT ( * ) SI_UNIT ( $, .STERADIAN. ) SOLID_ANGLE_UNIT ( ) );
#10569 = CARTESIAN_POINT ( 'NONE',  ( 0.7280792682926827686, 0.03109756097560961718, -0.6989999999999999547 ) ) ;
#10570 = MECHANICAL_DESIGN_GEOMETRIC_PRESENTATION_REPRESENTATION (  '', ( #11501 ), #2832 ) ;
#10571 = FILL_AREA_STYLE ('',( #7668 ) ) ;
#10572 = ORIENTED_EDGE ( 'NONE', *, *, #4466, .F. ) ;
#10573 = EDGE_CURVE ( 'NONE', #9522, #5791, #3437, .T. ) ;
#10574 = CIRCLE ( 'NONE', #7339, 0.05500000000000003497 ) ;
#10575 = FILL_AREA_STYLE_COLOUR ( '', #9780 ) ;
#10576 = DIRECTION ( 'NONE',  ( -1.000000000000000000, -0.000000000000000000, -0.000000000000000000 ) ) ;
#10577 = AXIS2_PLACEMENT_3D ( 'NONE', #11193, #6558, #3028 ) ;
#10578 = STYLED_ITEM ( 'NONE', ( #8322 ), #6936 ) ;
#10580 = EDGE_LOOP ( 'NONE', ( #9816, #11569, #7290, #7211 ) ) ;
#10579 = FILL_AREA_STYLE_COLOUR ( '', #9378 ) ;
#10581 = STYLED_ITEM ( 'NONE', ( #5006 ), #8603 ) ;
#10582 = CARTESIAN_POINT ( 'NONE',  ( 0.7248860258103043686, 0.04227917705111410712, -0.6999999999999998446 ) ) ;
#10583 = PLANE ( 'NONE',  #11536 ) ;
#10584 =( LENGTH_UNIT ( ) NAMED_UNIT ( * ) SI_UNIT ( .MILLI., .METRE. ) );
#10585 = CARTESIAN_POINT ( 'NONE',  ( 0.3370871215250382802, 0.2800000000000000266, -0.1999999999999998723 ) ) ;
#10586 = CARTESIAN_POINT ( 'NONE',  ( 0.7329249606971804942, -0.04580818649670304055, -0.6999999999999998446 ) ) ;
#10587 = ORIENTED_EDGE ( 'NONE', *, *, #180, .T. ) ;
#10588 = VECTOR ( 'NONE', #7909, 1000.000000000000000 ) ;
#10589 = DIRECTION ( 'NONE',  ( 0.000000000000000000, 1.000000000000000000, -5.646886315028668105E-17 ) ) ;
#10590 = CARTESIAN_POINT ( 'NONE',  ( 0.7199999999999998623, -0.07804878048780501676, -0.6999999999999999556 ) ) ;
#10591 = ADVANCED_FACE ( 'NONE', ( #4287 ), #3378, .T. ) ;
#10592 = CARTESIAN_POINT ( 'NONE',  ( 0.7416924754577467471, -0.05542911729228332252, -0.6989999999999997327 ) ) ;
#10593 = ORIENTED_EDGE ( 'NONE', *, *, #10166, .F. ) ;
#10594 = VECTOR ( 'NONE', #11581, 1000.000000000000000 ) ;
#10595 = COLOUR_RGB ( '',0.000000000000000000, 0.000000000000000000, 0.000000000000000000 ) ;
#10596 = COLOUR_RGB ( '',1.000000000000000000, 1.000000000000000000, 1.000000000000000000 ) ;
#10597 = CARTESIAN_POINT ( 'NONE',  ( 0.7250425169797194425, -0.04614466279866321491, -0.6989999999999999547 ) ) ;
#10598 = LINE ( 'NONE', #5866, #3076 ) ;
#10599 = FILL_AREA_STYLE ('',( #6972 ) ) ;
#10600 = FILL_AREA_STYLE ('',( #749 ) ) ;
#10601 =( NAMED_UNIT ( * ) PLANE_ANGLE_UNIT ( ) SI_UNIT ( $, .RADIAN. ) );
#10602 = ORIENTED_EDGE ( 'NONE', *, *, #5906, .F. ) ;
#10603 = DIRECTION ( 'NONE',  ( -7.228014483236716277E-16, 1.000000000000000000, 0.000000000000000000 ) ) ;
#10604 = ORIENTED_EDGE ( 'NONE', *, *, #10450, .T. ) ;
#10605 = VECTOR ( 'NONE', #10828, 1000.000000000000000 ) ;
#10606 = CARTESIAN_POINT ( 'NONE',  ( 0.7296036585365851534, -0.08038300304878062685, -0.6989999999999999547 ) ) ;
#10607 = VECTOR ( 'NONE', #10753, 1000.000000000000000 ) ;
#10608 = EDGE_CURVE ( 'NONE', #5230, #7466, #1383, .T. ) ;
#10609 = SURFACE_STYLE_FILL_AREA ( #9712 ) ;
#10610 =( LENGTH_UNIT ( ) NAMED_UNIT ( * ) SI_UNIT ( .MILLI., .METRE. ) );
#10611 = ADVANCED_FACE ( 'NONE', ( #1926 ), #4747, .T. ) ;
#10612 = CARTESIAN_POINT ( 'NONE',  ( 0.3370871215252209674, 0.1799999999999999101, -0.1999999999999998723 ) ) ;
#10613 = CARTESIAN_POINT ( 'NONE',  ( 0.7257537652829413322, -0.03345974045676376046, -0.6989999999999997327 ) ) ;
#10614 = DIRECTION ( 'NONE',  ( -1.000000000000000000, -0.000000000000000000, -0.000000000000000000 ) ) ;
#10615 = CARTESIAN_POINT ( 'NONE',  ( -0.8000000000000003775, 0.4000000000000000777, -2.154400374531753037 ) ) ;
#10616 = SURFACE_SIDE_STYLE ('',( #6873 ) ) ;
#10617 = PRESENTATION_LAYER_ASSIGNMENT (  '', '', ( #8683 ) ) ;
#10618 = AXIS2_PLACEMENT_3D ( 'NONE', #2688, #8858, #684 ) ;
#10619 = ORIENTED_EDGE ( 'NONE', *, *, #2996, .F. ) ;
#10620 = ORIENTED_EDGE ( 'NONE', *, *, #8408, .T. ) ;
#10621 = EDGE_LOOP ( 'NONE', ( #10191, #11215, #9095, #1606 ) ) ;
#10622 = LINE ( 'NONE', #8881, #7134 ) ;
#10623 = SURFACE_STYLE_USAGE ( .BOTH. , #3408 ) ;
#10624 = AXIS2_PLACEMENT_3D ( 'NONE', #893, #6929, #11553 ) ;
#10625 =( NAMED_UNIT ( * ) SI_UNIT ( $, .STERADIAN. ) SOLID_ANGLE_UNIT ( ) );
#10626 = AXIS2_PLACEMENT_3D ( 'NONE', #7442, #8368, #3023 ) ;
#10628 = ORIENTED_EDGE ( 'NONE', *, *, #3749, .T. ) ;
#10627 = CARTESIAN_POINT ( 'NONE',  ( 0.7199999999999998623, -0.004268292682926912857, -0.6989999999999999547 ) ) ;
#10629 = DIRECTION ( 'NONE',  ( -0.000000000000000000, 1.000000000000000000, -0.000000000000000000 ) ) ;
#10630 = SURFACE_SIDE_STYLE ('',( #842 ) ) ;
#10631 = CARTESIAN_POINT ( 'NONE',  ( 0.7248860258103043686, 0.04227917705111410712, -0.6989999999999998437 ) ) ;
#10632 = CYLINDRICAL_SURFACE ( 'NONE', #9454, 0.05499999999999997946 ) ;
#10633 =( GEOMETRIC_REPRESENTATION_CONTEXT ( 3 ) GLOBAL_UNCERTAINTY_ASSIGNED_CONTEXT ( ( #8243 ) ) GLOBAL_UNIT_ASSIGNED_CONTEXT ( ( #89, #993, #10007 ) ) REPRESENTATION_CONTEXT ( 'NONE', 'WORKASPACE' ) );
#10634 = SURFACE_SIDE_STYLE ('',( #5386 ) ) ;
#10635 = ORIENTED_EDGE ( 'NONE', *, *, #2644, .F. ) ;
#10636 = UNCERTAINTY_MEASURE_WITH_UNIT (LENGTH_MEASURE( 1.000000000000000082E-05 ), #7374, 'distance_accuracy_value', 'NONE');
#10637 = CARTESIAN_POINT ( 'NONE',  ( 0.2629128784747793990, 0.2800000000000000266, -0.1999999999999999001 ) ) ;
#10638 = PRESENTATION_STYLE_ASSIGNMENT (( #3420 ) ) ;
#10639 = AXIS2_PLACEMENT_3D ( 'NONE', #1168, #6507, #1062 ) ;
#10640 =( NAMED_UNIT ( * ) SI_UNIT ( $, .STERADIAN. ) SOLID_ANGLE_UNIT ( ) );
#10641 = ADVANCED_FACE ( 'NONE', ( #10950 ), #11004, .T. ) ;
#10643 = EDGE_LOOP ( 'NONE', ( #2595, #142, #2541, #2015 ) ) ;
#10642 = SURFACE_STYLE_USAGE ( .BOTH. , #3547 ) ;
#10644 = PRESENTATION_LAYER_ASSIGNMENT (  '', '', ( #7032 ) ) ;
#10645 = CARTESIAN_POINT ( 'NONE',  ( 0.7638072358545767715, -0.03543013813032105941, -0.7000000000000000666 ) ) ;
#10646 = CARTESIAN_POINT ( 'NONE',  ( -0.2629128784747793990, 0.2800000000000000266, -0.1999999999999999001 ) ) ;
#10647 = SURFACE_STYLE_FILL_AREA ( #5971 ) ;
#10648 = B_SPLINE_CURVE_WITH_KNOTS ( 'NONE', 3,
 ( #4992, #2163, #10292, #4047, #1391, #9453, #504, #4108, #7684, #5043, #809, #4396, #6967, #8853, #3312, #8605, #10592, #7033, #7982 ),
 .UNSPECIFIED., .F., .F.,
 ( 4, 1, 1, 1, 1, 1, 1, 1, 1, 1, 1, 1, 1, 1, 1, 1, 4 ),
 ( 0.000000000000000000, 0.06863281452251175641, 0.1345696734730735256, 0.1983328812253325468, 0.2607959826476439757, 0.3220068264360581578, 0.3827308687972301171, 0.4435480458920922908, 0.5051454695004217177, 0.5662273706519549421, 0.6261207880494010780, 0.6853656576789719512, 0.7449101527780602749, 0.8054112038394390938, 0.8676331114143818191, 0.9323061688368516897, 1.000000000000000000 ),
 .UNSPECIFIED. ) ;
#10649 = SURFACE_STYLE_USAGE ( .BOTH. , #1611 ) ;
#10650 = DIRECTION ( 'NONE',  ( -0.000000000000000000, 0.000000000000000000, -1.000000000000000000 ) ) ;
#10651 = SURFACE_STYLE_USAGE ( .BOTH. , #4332 ) ;
#10652 = VECTOR ( 'NONE', #9031, 1000.000000000000000 ) ;
#10653 = EDGE_LOOP ( 'NONE', ( #11041, #1455, #1213, #6175 ) ) ;
#10654 = MECHANICAL_DESIGN_GEOMETRIC_PRESENTATION_REPRESENTATION (  '', ( #4249 ), #7803 ) ;
#10655 = VECTOR ( 'NONE', #5837, 1000.000000000000000 ) ;
#10656 =( NAMED_UNIT ( * ) SI_UNIT ( $, .STERADIAN. ) SOLID_ANGLE_UNIT ( ) );
#10657 = CYLINDRICAL_SURFACE ( 'NONE', #2249, 0.09999999999999999167 ) ;
#10658 = SURFACE_STYLE_FILL_AREA ( #3247 ) ;
#10659 = EDGE_CURVE ( 'NONE', #6141, #10830, #6777, .T. ) ;
#10660 = ORIENTED_EDGE ( 'NONE', *, *, #11541, .F. ) ;
#10661 = DIRECTION ( 'NONE',  ( -1.000000000000000000, -0.000000000000000000, -0.000000000000000000 ) ) ;
#10662 = AXIS2_PLACEMENT_3D ( 'NONE', #9426, #9604, #11334 ) ;
#10663 = CARTESIAN_POINT ( 'NONE',  ( 0.7699999999999997957, -0.1042682926829269635, -0.6989999999999999547 ) ) ;
#10664 = CARTESIAN_POINT ( 'NONE',  ( -0.1429128784747790148, 0.1799999999999999101, -0.1999999999999998723 ) ) ;
#10665 = EDGE_CURVE ( 'NONE', #2599, #4755, #5686, .T. ) ;
#10666 = UNCERTAINTY_MEASURE_WITH_UNIT (LENGTH_MEASURE( 1.000000000000000082E-05 ), #6802, 'distance_accuracy_value', 'NONE');
#10667 = ORIENTED_EDGE ( 'NONE', *, *, #8621, .F. ) ;
#10668 = CARTESIAN_POINT ( 'NONE',  ( 0.7999999999999996003, -0.3999999999999999112, -0.5999999999999998668 ) ) ;
#10669 = AXIS2_PLACEMENT_3D ( 'NONE', #8151, #5410, #3438 ) ;
#10670 = VERTEX_POINT ( 'NONE', #6670 ) ;
#10671 = FILL_AREA_STYLE_COLOUR ( '', #8798 ) ;
#10672 = VECTOR ( 'NONE', #6226, 1000.000000000000000 ) ;
#10673 = DIRECTION ( 'NONE',  ( 0.000000000000000000, 0.000000000000000000, -1.000000000000000000 ) ) ;
#10674 = ADVANCED_FACE ( 'NONE', ( #2210 ), #1208, .T. ) ;
#10675 =( NAMED_UNIT ( * ) SI_UNIT ( $, .STERADIAN. ) SOLID_ANGLE_UNIT ( ) );
#10676 = DIRECTION ( 'NONE',  ( -1.000000000000000000, -0.000000000000000000, -0.000000000000000000 ) ) ;
#10677 = CARTESIAN_POINT ( 'NONE',  ( 0.7254878048780487587, -0.02932545731707328351, -0.6990000000000000657 ) ) ;
#10678 =( NAMED_UNIT ( * ) PLANE_ANGLE_UNIT ( ) SI_UNIT ( $, .RADIAN. ) );
#10679 = SURFACE_STYLE_USAGE ( .BOTH. , #8059 ) ;
#10680 = DIRECTION ( 'NONE',  ( 0.000000000000000000, 1.000000000000000000, -2.578241652818821251E-15 ) ) ;
#10681 = ADVANCED_FACE ( 'NONE', ( #9267 ), #8419, .T. ) ;
#10682 = FILL_AREA_STYLE ('',( #1637 ) ) ;
#10683 = ORIENTED_EDGE ( 'NONE', *, *, #11622, .F. ) ;
#10684 = ORIENTED_EDGE ( 'NONE', *, *, #7841, .F. ) ;
#10685 = DIRECTION ( 'NONE',  ( -1.000000000000000000, -0.000000000000000000, -0.000000000000000000 ) ) ;
#10686 = EDGE_CURVE ( 'NONE', #5704, #613, #7489, .T. ) ;
#10687 =( LENGTH_UNIT ( ) NAMED_UNIT ( * ) SI_UNIT ( .MILLI., .METRE. ) );
#10688 = VECTOR ( 'NONE', #7953, 1000.000000000000000 ) ;
#10689 = FILL_AREA_STYLE ('',( #2598 ) ) ;
#10691 = ORIENTED_EDGE ( 'NONE', *, *, #1935, .F. ) ;
#10690 = PLANE ( 'NONE',  #722 ) ;
#10692 = CARTESIAN_POINT ( 'NONE',  ( 0.7699999999999997957, -0.06646341463414648376, -0.6989999999999999547 ) ) ;
#10693 =( NAMED_UNIT ( * ) PLANE_ANGLE_UNIT ( ) SI_UNIT ( $, .RADIAN. ) );
#10694 = PRESENTATION_STYLE_ASSIGNMENT (( #9919 ) ) ;
#10695 =( LENGTH_UNIT ( ) NAMED_UNIT ( * ) SI_UNIT ( .MILLI., .METRE. ) );
#10696 = DIRECTION ( 'NONE',  ( 0.000000000000000000, 0.000000000000000000, 1.000000000000000000 ) ) ;
#10697 = DIRECTION ( 'NONE',  ( 1.000000000000000000, 0.000000000000000000, 0.000000000000000000 ) ) ;
#10698 = CIRCLE ( 'NONE', #1452, 0.05500000000000000722 ) ;
#10699 = VERTEX_POINT ( 'NONE', #8479 ) ;
#10700 = LINE ( 'NONE', #10637, #8610 ) ;
#10701 = VERTEX_POINT ( 'NONE', #6610 ) ;
#10702 = CARTESIAN_POINT ( 'NONE',  ( 0.000000000000000000, -0.1800000000000000488, 0.005000000000000304548 ) ) ;
#10703 = CARTESIAN_POINT ( 'NONE',  ( 0.7248780487804876715, 0.04280678353658522867, -0.6989999999999999547 ) ) ;
#10704 = SURFACE_STYLE_USAGE ( .BOTH. , #7308 ) ;
#10705 = PRESENTATION_LAYER_ASSIGNMENT (  '', '', ( #4102 ) ) ;
#10707 = ORIENTED_EDGE ( 'NONE', *, *, #5030, .F. ) ;
#10706 = LINE ( 'NONE', #9681, #4874 ) ;
#10708 = CARTESIAN_POINT ( 'NONE',  ( 0.7547097790745465051, -0.04677719511181372553, -0.6989999999999999547 ) ) ;
#10709 = DIRECTION ( 'NONE',  ( 1.000000000000000000, 0.000000000000000000, -0.000000000000000000 ) ) ;
#10710 = SURFACE_STYLE_USAGE ( .BOTH. , #2676 ) ;
#10711 = CARTESIAN_POINT ( 'NONE',  ( -0.2170871215252210829, 0.1799999999999997990, -0.09999999999999988065 ) ) ;
#10712 = ORIENTED_EDGE ( 'NONE', *, *, #11011, .F. ) ;
#10713 =( GEOMETRIC_REPRESENTATION_CONTEXT ( 3 ) GLOBAL_UNCERTAINTY_ASSIGNED_CONTEXT ( ( #2717 ) ) GLOBAL_UNIT_ASSIGNED_CONTEXT ( ( #3064, #431, #6716 ) ) REPRESENTATION_CONTEXT ( 'NONE', 'WORKASPACE' ) );
#10714 = CARTESIAN_POINT ( 'NONE',  ( 0.7199999999999998623, -0.01524390243902449919, -0.6989999999999999547 ) ) ;
#10715 = ORIENTED_EDGE ( 'NONE', *, *, #2438, .F. ) ;
#10716 = LINE ( 'NONE', #2623, #3965 ) ;
#10717 = SURFACE_STYLE_USAGE ( .BOTH. , #1617 ) ;
#10718 = CARTESIAN_POINT ( 'NONE',  ( 0.7260975609756096238, -0.08118330792682940111, -0.6999999999999999556 ) ) ;
#10719 = VECTOR ( 'NONE', #2544, 1000.000000000000000 ) ;
#10720 = ORIENTED_EDGE ( 'NONE', *, *, #2455, .F. ) ;
#10721 = CARTESIAN_POINT ( 'NONE',  ( 0.7203655673090018086, -0.03471494329795044020, -0.6990000000000000657 ) ) ;
#10722 = SURFACE_STYLE_FILL_AREA ( #10842 ) ;
#10723 = SURFACE_STYLE_FILL_AREA ( #5470 ) ;
#10724 = DIRECTION ( 'NONE',  ( 1.000000000000000000, 0.000000000000000000, 0.000000000000000000 ) ) ;
#10725 = B_SPLINE_CURVE_WITH_KNOTS ( 'NONE', 3,
 ( #1494, #8595, #5038, #3238, #2502, #2441 ),
 .UNSPECIFIED., .F., .F.,
 ( 4, 1, 1, 4 ),
 ( 0.000000000000000000, 0.06784007953421120063, 0.1326688954490677919, 0.1582071969709232528 ),
 .UNSPECIFIED. ) ;
#10726 = EDGE_LOOP ( 'NONE', ( #11676, #6767, #3821, #5947, #6294, #7170, #4880 ) ) ;
#10727 = EDGE_CURVE ( 'NONE', #7698, #108, #436, .T. ) ;
#10728 = ORIENTED_EDGE ( 'NONE', *, *, #6240, .T. ) ;
#10729 = CARTESIAN_POINT ( 'NONE',  ( 0.3599999999999999867, 0.1799999999999999101, -0.3999999999999999112 ) ) ;
#10730 = CARTESIAN_POINT ( 'NONE',  ( 0.7559756097560973442, -0.07123666158536599846, -0.6999999999999999556 ) ) ;
#10731 = DIRECTION ( 'NONE',  ( 0.000000000000000000, 0.000000000000000000, 1.000000000000000000 ) ) ;
#10732 = ADVANCED_FACE ( 'NONE', ( #379 ), #3968, .F. ) ;
#10733 =( GEOMETRIC_REPRESENTATION_CONTEXT ( 3 ) GLOBAL_UNCERTAINTY_ASSIGNED_CONTEXT ( ( #5229 ) ) GLOBAL_UNIT_ASSIGNED_CONTEXT ( ( #8768, #723, #913 ) ) REPRESENTATION_CONTEXT ( 'NONE', 'WORKASPACE' ) );
#10734 = DIRECTION ( 'NONE',  ( 0.000000000000000000, -1.000000000000000000, 2.956915015869558659E-15 ) ) ;
#10735 = CARTESIAN_POINT ( 'NONE',  ( 0.02291287847477939746, 0.2800000000000000266, -0.1999999999999998723 ) ) ;
#10736 = CYLINDRICAL_SURFACE ( 'NONE', #1771, 0.1000000000000000056 ) ;
#10737 = CARTESIAN_POINT ( 'NONE',  ( -0.02291287847477896378, 0.1800000000000000766, -0.09999999999999988065 ) ) ;
#10738 = SURFACE_STYLE_FILL_AREA ( #8685 ) ;
#10739 = VERTEX_POINT ( 'NONE', #9752 ) ;
#10740 = FILL_AREA_STYLE ('',( #2817 ) ) ;
#10741 = ORIENTED_EDGE ( 'NONE', *, *, #2446, .T. ) ;
#10742 = AXIS2_PLACEMENT_3D ( 'NONE', #2596, #1528, #646 ) ;
#10743 = PLANE ( 'NONE',  #3168 ) ;
#10744 = CARTESIAN_POINT ( 'NONE',  ( 0.5000000000000003331, -0.4000000000000001887, -0.6875735931288071701 ) ) ;
#10745 = EDGE_CURVE ( 'NONE', #8466, #3667, #3710, .T. ) ;
#10746 = EDGE_CURVE ( 'NONE', #9060, #2599, #10437, .T. ) ;
#10748 = ORIENTED_EDGE ( 'NONE', *, *, #1032, .T. ) ;
#10747 = CARTESIAN_POINT ( 'NONE',  ( 0.8019999999999994911, -0.1800000000000000211, -0.4999999999999998890 ) ) ;
#10749 =( LENGTH_UNIT ( ) NAMED_UNIT ( * ) SI_UNIT ( .MILLI., .METRE. ) );
#10750 = FILL_AREA_STYLE_COLOUR ( '', #6307 ) ;
#10751 = COLOUR_RGB ( '',0.9098039215686274384, 0.4431372549019607643, 0.03137254901960784270 ) ;
#10752 = LINE ( 'NONE', #3594, #4915 ) ;
#10753 = DIRECTION ( 'NONE',  ( 1.000000000000000000, 0.000000000000000000, 0.000000000000000000 ) ) ;
#10754 = CARTESIAN_POINT ( 'NONE',  ( 0.7633377455154187752, 0.03394609096654166436, -0.6989999999999999547 ) ) ;
#10755 = ORIENTED_EDGE ( 'NONE', *, *, #7979, .T. ) ;
#10756 = UNCERTAINTY_MEASURE_WITH_UNIT (LENGTH_MEASURE( 1.000000000000000082E-05 ), #7777, 'distance_accuracy_value', 'NONE');
#10757 = PRESENTATION_LAYER_ASSIGNMENT (  '', '', ( #10176 ) ) ;
#10758 = DIRECTION ( 'NONE',  ( 0.000000000000000000, 0.000000000000000000, -1.000000000000000000 ) ) ;
#10759 = AXIS2_PLACEMENT_3D ( 'NONE', #942, #7158, #7378 ) ;
#10760 = CARTESIAN_POINT ( 'NONE',  ( 0.7650728970373957827, 0.04583433388316385249, -0.6999999999999998446 ) ) ;
#10761 = PLANE ( 'NONE',  #5737 ) ;
#10762 = ORIENTED_EDGE ( 'NONE', *, *, #3150, .T. ) ;
#10763 = COLOUR_RGB ( '',0.7529411764705882248, 0.7529411764705882248, 0.7529411764705882248 ) ;
#10764 = FACE_OUTER_BOUND ( 'NONE', #11524, .T. ) ;
#10765 = CARTESIAN_POINT ( 'NONE',  ( 0.2170871215252208331, 0.1799999999999998823, -0.4999999999999998890 ) ) ;
#10766 = EDGE_CURVE ( 'NONE', #10670, #9620, #5364, .T. ) ;
#10767 = CARTESIAN_POINT ( 'NONE',  ( 0.000000000000000000, -0.1800000000000001321, -0.04999999999999975298 ) ) ;
#10768 = SURFACE_STYLE_FILL_AREA ( #8780 ) ;
#10769 = ORIENTED_EDGE ( 'NONE', *, *, #6547, .F. ) ;
#10770 = DIRECTION ( 'NONE',  ( 1.000000000000000000, 0.000000000000000000, -0.000000000000000000 ) ) ;
#10771 = EDGE_LOOP ( 'NONE', ( #7264, #1806, #6933, #1673 ) ) ;
#10772 = MECHANICAL_DESIGN_GEOMETRIC_PRESENTATION_REPRESENTATION (  '', ( #8108 ), #786 ) ;
#10773 = AXIS2_PLACEMENT_3D ( 'NONE', #9570, #9762, #5102 ) ;
#10774 = SURFACE_STYLE_USAGE ( .BOTH. , #8090 ) ;
#10775 = DIRECTION ( 'NONE',  ( -0.000000000000000000, -0.000000000000000000, 1.000000000000000000 ) ) ;
#10776 = COLOUR_RGB ( '',0.9098039215686274384, 0.4431372549019607643, 0.03137254901960784270 ) ;
#10777 = ORIENTED_EDGE ( 'NONE', *, *, #4666, .F. ) ;
#10778 = CARTESIAN_POINT ( 'NONE',  ( 0.3599999999999999867, -0.1800000000000001876, -0.3999999999999999112 ) ) ;
#10779 = PRESENTATION_STYLE_ASSIGNMENT (( #7215 ) ) ;
#10780 = LINE ( 'NONE', #5226, #8695 ) ;
#10781 = STYLED_ITEM ( 'NONE', ( #5425 ), #445 ) ;
#10782 = STYLED_ITEM ( 'NONE', ( #311 ), #780 ) ;
#10783 = CARTESIAN_POINT ( 'NONE',  ( 0.8019999999999994911, -0.2800000000000000266, -0.1999999999999999001 ) ) ;
#10784 = FACE_OUTER_BOUND ( 'NONE', #2190, .T. ) ;
#10785 = UNCERTAINTY_MEASURE_WITH_UNIT (LENGTH_MEASURE( 1.000000000000000082E-05 ), #6651, 'distance_accuracy_value', 'NONE');
#10786 = ORIENTED_EDGE ( 'NONE', *, *, #8199, .T. ) ;
#10787 = ORIENTED_EDGE ( 'NONE', *, *, #10483, .F. ) ;
#10788 = CARTESIAN_POINT ( 'NONE',  ( 0.1429128784747791814, -0.1800000000000001876, -0.3999999999999999112 ) ) ;
#10789 = CARTESIAN_POINT ( 'NONE',  ( 0.7254878048780486477, -0.004268292682926912857, -0.6999999999999999556 ) ) ;
#10790 = TOROIDAL_SURFACE ( 'NONE', #1173, 0.1500000000000001055, 0.05500000000000000028 ) ;
#10791 = VECTOR ( 'NONE', #8842, 1000.000000000000000 ) ;
#10792 = SURFACE_SIDE_STYLE ('',( #7160 ) ) ;
#10793 = CARTESIAN_POINT ( 'NONE',  ( 0.2399999999999999911, -0.3850000000000001754, -0.3999999999999998557 ) ) ;
#10794 = EDGE_CURVE ( 'NONE', #9642, #3334, #7022, .T. ) ;
#10795 = CARTESIAN_POINT ( 'NONE',  ( 0.8019999999999994911, 0.2800000000000000266, -0.1999999999999998723 ) ) ;
#10796 = LINE ( 'NONE', #825, #10279 ) ;
#10797 = SURFACE_STYLE_FILL_AREA ( #3453 ) ;
#10798 = CARTESIAN_POINT ( 'NONE',  ( 0.7681891798986252295, 0.03251187419298101622, -0.6990000000000000657 ) ) ;
#10799 = CARTESIAN_POINT ( 'NONE',  ( 0.7345013710645637017, -0.04672310973373296206, -0.6990000000000001767 ) ) ;
#10800 = PRESENTATION_LAYER_ASSIGNMENT (  '', '', ( #3223 ) ) ;
#10801 = STYLED_ITEM ( 'NONE', ( #3702 ), #6797 ) ;
#10802 = B_SPLINE_CURVE_WITH_KNOTS ( 'NONE', 3,
 ( #7533, #6588, #4904, #5780, #10214, #3722, #2081 ),
 .UNSPECIFIED., .F., .F.,
 ( 4, 1, 1, 1, 4 ),
 ( 0.000000000000000000, 0.3005748677701881033, 0.5683474126119796299, 0.8000111549537606281, 1.000000000000000000 ),
 .UNSPECIFIED. ) ;
#10803 = PRESENTATION_STYLE_ASSIGNMENT (( #10965 ) ) ;
#10804 = ORIENTED_EDGE ( 'NONE', *, *, #8589, .T. ) ;
#10805 = VECTOR ( 'NONE', #8015, 1000.000000000000000 ) ;
#10806 = CARTESIAN_POINT ( 'NONE',  ( 0.7668383388795901867, 0.05848019271889627613, -0.6999999999999999556 ) ) ;
#10807 = ORIENTED_EDGE ( 'NONE', *, *, #5561, .T. ) ;
#10808 =( LENGTH_UNIT ( ) NAMED_UNIT ( * ) SI_UNIT ( .MILLI., .METRE. ) );
#10809 = DIRECTION ( 'NONE',  ( -1.000000000000000000, -0.000000000000000000, -0.000000000000000000 ) ) ;
#10811 = ORIENTED_EDGE ( 'NONE', *, *, #1099, .T. ) ;
#10810 =( NAMED_UNIT ( * ) SI_UNIT ( $, .STERADIAN. ) SOLID_ANGLE_UNIT ( ) );
#10812 = VECTOR ( 'NONE', #10256, 1000.000000000000000 ) ;
#10813 = CARTESIAN_POINT ( 'NONE',  ( 0.7256637425191414525, 0.03668698776661510202, -0.6999999999999998446 ) ) ;
#10814 = FACE_OUTER_BOUND ( 'NONE', #546, .T. ) ;
#10815 = PLANE ( 'NONE',  #10439 ) ;
#10816 = FACE_OUTER_BOUND ( 'NONE', #5753, .T. ) ;
#10817 = ORIENTED_EDGE ( 'NONE', *, *, #7525, .T. ) ;
#10818 = EDGE_CURVE ( 'NONE', #5132, #1127, #9685, .T. ) ;
#10819 = DIRECTION ( 'NONE',  ( 0.000000000000000000, -2.216840928656986572E-15, -1.000000000000000000 ) ) ;
#10820 = UNCERTAINTY_MEASURE_WITH_UNIT (LENGTH_MEASURE( 1.000000000000000082E-05 ), #7975, 'distance_accuracy_value', 'NONE');
#10821 = LINE ( 'NONE', #2020, #9198 ) ;
#10822 = CARTESIAN_POINT ( 'NONE',  ( 0.7638318068050117260, 0.05107842865561856849, -0.6999999999999999556 ) ) ;
#10824 = ORIENTED_EDGE ( 'NONE', *, *, #8025, .T. ) ;
#10823 =( NAMED_UNIT ( * ) SI_UNIT ( $, .STERADIAN. ) SOLID_ANGLE_UNIT ( ) );
#10825 = CARTESIAN_POINT ( 'NONE',  ( 0.7615813015561463395, -0.04071449877460591588, -0.6989999999999998437 ) ) ;
#10826 = PRESENTATION_STYLE_ASSIGNMENT (( #3611 ) ) ;
#10827 = DIRECTION ( 'NONE',  ( 0.000000000000000000, 0.000000000000000000, -1.000000000000000000 ) ) ;
#10828 = DIRECTION ( 'NONE',  ( -1.000000000000000000, 0.000000000000000000, 0.000000000000000000 ) ) ;
#10829 = PLANE ( 'NONE',  #9119 ) ;
#10830 = VERTEX_POINT ( 'NONE', #11462 ) ;
#10831 = EDGE_CURVE ( 'NONE', #10566, #9441, #2157, .T. ) ;
#10832 = VERTEX_POINT ( 'NONE', #1546 ) ;
#10833 = STYLED_ITEM ( 'NONE', ( #5850 ), #10681 ) ;
#10834 = DIRECTION ( 'NONE',  ( 0.000000000000000000, -2.216840928656986572E-15, -1.000000000000000000 ) ) ;
#10835 = MECHANICAL_DESIGN_GEOMETRIC_PRESENTATION_REPRESENTATION (  '', ( #6093 ), #7596 ) ;
#10836 = EDGE_CURVE ( 'NONE', #873, #8598, #9669, .T. ) ;
#10837 =( GEOMETRIC_REPRESENTATION_CONTEXT ( 3 ) GLOBAL_UNCERTAINTY_ASSIGNED_CONTEXT ( ( #1329 ) ) GLOBAL_UNIT_ASSIGNED_CONTEXT ( ( #4916, #726, #602 ) ) REPRESENTATION_CONTEXT ( 'NONE', 'WORKASPACE' ) );
#10838 = DIRECTION ( 'NONE',  ( -1.000000000000000000, -0.000000000000000000, -0.000000000000000000 ) ) ;
#10839 = CARTESIAN_POINT ( 'NONE',  ( 0.7688328844042348065, 0.03402335741721082552, -0.6989999999999998437 ) ) ;
#10840 = ORIENTED_EDGE ( 'NONE', *, *, #10368, .T. ) ;
#10841 = SURFACE_SIDE_STYLE ('',( #7272 ) ) ;
#10842 = FILL_AREA_STYLE ('',( #3499 ) ) ;
#10843 = CARTESIAN_POINT ( 'NONE',  ( 0.7419512195121950038, -0.003048780487804958819, -0.6989999999999999547 ) ) ;
#10844 = CIRCLE ( 'NONE', #2722, 0.05500000000000000722 ) ;
#10845 = DIRECTION ( 'NONE',  ( 1.000000000000000000, 0.000000000000000000, 0.000000000000000000 ) ) ;
#10846 = CARTESIAN_POINT ( 'NONE',  ( 0.8000000000000003775, 0.3999999999999998557, -0.6999999999999999556 ) ) ;
#10847 =( GEOMETRIC_REPRESENTATION_CONTEXT ( 3 ) GLOBAL_UNCERTAINTY_ASSIGNED_CONTEXT ( ( #8675 ) ) GLOBAL_UNIT_ASSIGNED_CONTEXT ( ( #6734, #10354, #2746 ) ) REPRESENTATION_CONTEXT ( 'NONE', 'WORKASPACE' ) );
#10848 = AXIS2_PLACEMENT_3D ( 'NONE', #5777, #4723, #2994 ) ;
#10849 = EDGE_LOOP ( 'NONE', ( #8585, #10419, #10204, #6579 ) ) ;
#10850 = ORIENTED_EDGE ( 'NONE', *, *, #9140, .F. ) ;
#10851 = FILL_AREA_STYLE_COLOUR ( '', #4152 ) ;
#10852 = STYLED_ITEM ( 'NONE', ( #1655 ), #4338 ) ;
#10853 = VECTOR ( 'NONE', #1751, 1000.000000000000000 ) ;
#10854 = DIRECTION ( 'NONE',  ( 0.000000000000000000, 2.464095846557963117E-15, 1.000000000000000000 ) ) ;
#10855 = PRESENTATION_LAYER_ASSIGNMENT (  '', '', ( #7247 ) ) ;
#10856 =( NAMED_UNIT ( * ) PLANE_ANGLE_UNIT ( ) SI_UNIT ( $, .RADIAN. ) );
#10857 = FILL_AREA_STYLE ('',( #10904 ) ) ;
#10858 = SURFACE_SIDE_STYLE ('',( #2812 ) ) ;
#10859 = DIRECTION ( 'NONE',  ( -0.000000000000000000, 2.710505431213761085E-16, -1.000000000000000000 ) ) ;
#10860 = CARTESIAN_POINT ( 'NONE',  ( 0.7698308523128180036, 0.03729713468732482468, -0.6989999999999999547 ) ) ;
#10861 = FACE_OUTER_BOUND ( 'NONE', #11603, .T. ) ;
#10862 = PRESENTATION_LAYER_ASSIGNMENT (  '', '', ( #10470 ) ) ;
#10863 = MECHANICAL_DESIGN_GEOMETRIC_PRESENTATION_REPRESENTATION (  '', ( #8738 ), #9906 ) ;
#10864 = DIRECTION ( 'NONE',  ( -0.000000000000000000, -0.000000000000000000, 1.000000000000000000 ) ) ;
#10865 = ORIENTED_EDGE ( 'NONE', *, *, #3370, .T. ) ;
#10866 = ORIENTED_EDGE ( 'NONE', *, *, #5182, .T. ) ;
#10867 = EDGE_CURVE ( 'NONE', #5132, #2115, #798, .T. ) ;
#10868 = CIRCLE ( 'NONE', #3289, 0.05499999999999997946 ) ;
#10869 = STYLED_ITEM ( 'NONE', ( #5675 ), #9392 ) ;
#10871 = ORIENTED_EDGE ( 'NONE', *, *, #6368, .F. ) ;
#10870 =( NAMED_UNIT ( * ) PLANE_ANGLE_UNIT ( ) SI_UNIT ( $, .RADIAN. ) );
#10872 = PRESENTATION_STYLE_ASSIGNMENT (( #10197 ) ) ;
#10873 = CARTESIAN_POINT ( 'NONE',  ( 0.5300000000000002487, 0.4000000000000000222, -0.6999999999999999556 ) ) ;
#10874 = ORIENTED_EDGE ( 'NONE', *, *, #2450, .F. ) ;
#10875 = UNCERTAINTY_MEASURE_WITH_UNIT (LENGTH_MEASURE( 1.000000000000000082E-05 ), #2510, 'distance_accuracy_value', 'NONE');
#10876 = LINE ( 'NONE', #4779, #2246 ) ;
#10877 = ADVANCED_FACE ( 'NONE', ( #11584 ), #8770, .T. ) ;
#10878 = CARTESIAN_POINT ( 'NONE',  ( 0.7212103917379684148, 0.03149556715114231603, -0.6989999999999999547 ) ) ;
#10879 =( NAMED_UNIT ( * ) SI_UNIT ( $, .STERADIAN. ) SOLID_ANGLE_UNIT ( ) );
#10881 = ORIENTED_EDGE ( 'NONE', *, *, #9188, .F. ) ;
#10880 = DIRECTION ( 'NONE',  ( 0.000000000000000000, 0.000000000000000000, -1.000000000000000000 ) ) ;
#10882 = EDGE_CURVE ( 'NONE', #2764, #3385, #7299, .T. ) ;
#10883 = DIRECTION ( 'NONE',  ( 0.000000000000000000, 2.578241652818821251E-15, 1.000000000000000000 ) ) ;
#10884 = PRESENTATION_STYLE_ASSIGNMENT (( #2842 ) ) ;
#10885 = ORIENTED_EDGE ( 'NONE', *, *, #2931, .F. ) ;
#10886 = AXIS2_PLACEMENT_3D ( 'NONE', #4991, #5804, #3311 ) ;
#10887 = CARTESIAN_POINT ( 'NONE',  ( 0.7248780487804876715, 0.04280678353658522867, -0.6999999999999999556 ) ) ;
#10888 = VECTOR ( 'NONE', #5995, 1000.000000000000000 ) ;
#10889 =( LENGTH_UNIT ( ) NAMED_UNIT ( * ) SI_UNIT ( .MILLI., .METRE. ) );
#10890 = CARTESIAN_POINT ( 'NONE',  ( 0.7443711890243900342, -0.05548780487804889222, -0.6999999999999999556 ) ) ;
#10891 = LINE ( 'NONE', #6378, #3647 ) ;
#10892 = ORIENTED_EDGE ( 'NONE', *, *, #8234, .T. ) ;
#10893 = EDGE_CURVE ( 'NONE', #896, #5223, #6407, .T. ) ;
#10894 = CARTESIAN_POINT ( 'NONE',  ( 0.7343645407196387476, -0.05366089382378730344, -0.6999999999999998446 ) ) ;
#10895 = LINE ( 'NONE', #2799, #1595 ) ;
#10896 = CARTESIAN_POINT ( 'NONE',  ( 0.8000000000000003775, 0.3999999999999998557, -0.5999999999999999778 ) ) ;
#10897 = ADVANCED_FACE ( 'NONE', ( #7518 ), #653, .T. ) ;
#10898 = UNCERTAINTY_MEASURE_WITH_UNIT (LENGTH_MEASURE( 1.000000000000000082E-05 ), #8221, 'distance_accuracy_value', 'NONE');
#10899 = VERTEX_POINT ( 'NONE', #2934 ) ;
#10900 = SURFACE_STYLE_FILL_AREA ( #3572 ) ;
#10901 = CARTESIAN_POINT ( 'NONE',  ( 0.7351471617025384653, 0.06655304213625787280, -0.6989999999999999547 ) ) ;
#10902 = PRESENTATION_STYLE_ASSIGNMENT (( #211 ) ) ;
#10903 = CARTESIAN_POINT ( 'NONE',  ( -0.3370871215252209674, -0.1800000000000001876, -0.1999999999999998723 ) ) ;
#10904 = FILL_AREA_STYLE_COLOUR ( '', #206 ) ;
#10905 =( NAMED_UNIT ( * ) PLANE_ANGLE_UNIT ( ) SI_UNIT ( $, .RADIAN. ) );
#10906 = FILL_AREA_STYLE ('',( #5537 ) ) ;
#10907 = CARTESIAN_POINT ( 'NONE',  ( 0.7261195992618044714, -0.03538633868103985280, -0.7000000000000000666 ) ) ;
#10908 = EDGE_CURVE ( 'NONE', #5489, #351, #5063, .T. ) ;
#10909 = DIRECTION ( 'NONE',  ( -1.000000000000000000, 9.486769009248167742E-16, 0.000000000000000000 ) ) ;
#10910 = EDGE_LOOP ( 'NONE', ( #6317, #11022, #9955, #8753 ) ) ;
#10911 =( LENGTH_UNIT ( ) NAMED_UNIT ( * ) SI_UNIT ( .MILLI., .METRE. ) );
#10912 = ORIENTED_EDGE ( 'NONE', *, *, #2663, .F. ) ;
#10913 = DIRECTION ( 'NONE',  ( -1.000000000000000000, -0.000000000000000000, -0.000000000000000000 ) ) ;
#10914 = CARTESIAN_POINT ( 'NONE',  ( 0.7699999999999997957, -0.05914634146341476995, -0.6989999999999999547 ) ) ;
#10915 = CIRCLE ( 'NONE', #9006, 0.05499999999999997946 ) ;
#10916 = STYLED_ITEM ( 'NONE', ( #1790 ), #5612 ) ;
#10918 = ORIENTED_EDGE ( 'NONE', *, *, #5625, .F. ) ;
#10917 = FILL_AREA_STYLE ('',( #1120 ) ) ;
#10919 = COLOUR_RGB ( '',0.7529411764705882248, 0.7529411764705882248, 0.7529411764705882248 ) ;
#10920 =( NAMED_UNIT ( * ) PLANE_ANGLE_UNIT ( ) SI_UNIT ( $, .RADIAN. ) );
#10921 = DIRECTION ( 'NONE',  ( 0.000000000000000000, 1.000000000000000000, -2.578241652818821251E-15 ) ) ;
#10922 = FILL_AREA_STYLE ('',( #9133 ) ) ;
#10923 = CARTESIAN_POINT ( 'NONE',  ( 0.7610872224032768640, 0.05546881159329738326, -0.7000000000000000666 ) ) ;
#10924 = PRESENTATION_LAYER_ASSIGNMENT (  '', '', ( #4326 ) ) ;
#10925 = DIRECTION ( 'NONE',  ( 0.000000000000000000, 1.000000000000000000, -1.971276677246372308E-15 ) ) ;
#10926 = ORIENTED_EDGE ( 'NONE', *, *, #430, .F. ) ;
#10927 = COLOUR_RGB ( '',0.000000000000000000, 0.000000000000000000, 1.000000000000000000 ) ;
#10928 = PLANE ( 'NONE',  #9017 ) ;
#10929 = UNCERTAINTY_MEASURE_WITH_UNIT (LENGTH_MEASURE( 1.000000000000000082E-05 ), #8129, 'distance_accuracy_value', 'NONE');
#10930 = SURFACE_STYLE_FILL_AREA ( #7306 ) ;
#10931 =( NAMED_UNIT ( * ) SI_UNIT ( $, .STERADIAN. ) SOLID_ANGLE_UNIT ( ) );
#10933 = ORIENTED_EDGE ( 'NONE', *, *, #8102, .F. ) ;
#10932 = DIRECTION ( 'NONE',  ( 0.000000000000000000, -2.464095846557964300E-15, -1.000000000000000000 ) ) ;
#10934 = SURFACE_STYLE_FILL_AREA ( #7311 ) ;
#10935 = ORIENTED_EDGE ( 'NONE', *, *, #11466, .F. ) ;
#10936 = EDGE_CURVE ( 'NONE', #10940, #4755, #8748, .T. ) ;
#10937 =( LENGTH_UNIT ( ) NAMED_UNIT ( * ) SI_UNIT ( .MILLI., .METRE. ) );
#10938 =( NAMED_UNIT ( * ) SI_UNIT ( $, .STERADIAN. ) SOLID_ANGLE_UNIT ( ) );
#10939 = CARTESIAN_POINT ( 'NONE',  ( 0.7563672063010525859, -0.04588116811452071231, -0.6999999999999999556 ) ) ;
#10940 = VERTEX_POINT ( 'NONE', #8624 ) ;
#10941 = PRESENTATION_LAYER_ASSIGNMENT (  '', '', ( #6030 ) ) ;
#10942 = PRESENTATION_STYLE_ASSIGNMENT (( #4676 ) ) ;
#10943 = SURFACE_STYLE_FILL_AREA ( #7317 ) ;
#10944 = CARTESIAN_POINT ( 'NONE',  ( 0.7193902439024388862, 0.04286394817073157365, -0.6989999999999999547 ) ) ;
#10945 =( NAMED_UNIT ( * ) SI_UNIT ( $, .STERADIAN. ) SOLID_ANGLE_UNIT ( ) );
#10946 = PRESENTATION_STYLE_ASSIGNMENT (( #6329 ) ) ;
#10947 = ORIENTED_EDGE ( 'NONE', *, *, #6817, .T. ) ;
#10948 = FACE_OUTER_BOUND ( 'NONE', #7392, .T. ) ;
#10949 = FILL_AREA_STYLE_COLOUR ( '', #5171 ) ;
#10950 = FACE_OUTER_BOUND ( 'NONE', #8492, .T. ) ;
#10951 =( LENGTH_UNIT ( ) NAMED_UNIT ( * ) SI_UNIT ( .MILLI., .METRE. ) );
#10952 = FILL_AREA_STYLE ('',( #7325 ) ) ;
#10953 = VECTOR ( 'NONE', #9605, 1000.000000000000000 ) ;
#10954 = CIRCLE ( 'NONE', #10577, 0.05500000000000000722 ) ;
#10955 = EDGE_CURVE ( 'NONE', #8466, #8553, #7652, .T. ) ;
#10956 = VERTEX_POINT ( 'NONE', #4001 ) ;
#10957 = COLOUR_RGB ( '',0.7529411764705882248, 0.7529411764705882248, 0.7529411764705882248 ) ;
#10958 =( LENGTH_UNIT ( ) NAMED_UNIT ( * ) SI_UNIT ( .MILLI., .METRE. ) );
#10959 = CARTESIAN_POINT ( 'NONE',  ( 0.7402823818515917864, 0.06789068540202543300, -0.6989999999999998437 ) ) ;
#10960 = CARTESIAN_POINT ( 'NONE',  ( -0.2399999999999999911, -0.1800000000000001876, -0.04999999999999969746 ) ) ;
#10961 = DIRECTION ( 'NONE',  ( 0.000000000000000000, -1.000000000000000000, 0.000000000000000000 ) ) ;
#10962 = PRESENTATION_LAYER_ASSIGNMENT (  '', '', ( #10386 ) ) ;
#10963 = PRESENTATION_LAYER_ASSIGNMENT (  '', '', ( #10782 ) ) ;
#10964 = CARTESIAN_POINT ( 'NONE',  ( 0.7255024536640922728, -0.03003742171845526221, -0.6999999999999999556 ) ) ;
#10965 = SURFACE_STYLE_USAGE ( .BOTH. , #8999 ) ;
#10966 = ORIENTED_EDGE ( 'NONE', *, *, #2207, .T. ) ;
#10967 = EDGE_CURVE ( 'NONE', #2599, #2768, #10844, .T. ) ;
#10968 = ORIENTED_EDGE ( 'NONE', *, *, #1816, .T. ) ;
#10969 =( GEOMETRIC_REPRESENTATION_CONTEXT ( 3 ) GLOBAL_UNCERTAINTY_ASSIGNED_CONTEXT ( ( #8784 ) ) GLOBAL_UNIT_ASSIGNED_CONTEXT ( ( #11666, #5305, #8874 ) ) REPRESENTATION_CONTEXT ( 'NONE', 'WORKASPACE' ) );
#10970 =( GEOMETRIC_REPRESENTATION_CONTEXT ( 3 ) GLOBAL_UNCERTAINTY_ASSIGNED_CONTEXT ( ( #4959 ) ) GLOBAL_UNIT_ASSIGNED_CONTEXT ( ( #7616, #2093, #9381 ) ) REPRESENTATION_CONTEXT ( 'NONE', 'WORKASPACE' ) );
#10971 = SURFACE_STYLE_FILL_AREA ( #1830 ) ;
#10972 = PLANE ( 'NONE',  #9058 ) ;
#10973 = CARTESIAN_POINT ( 'NONE',  ( 0.7199999999999998623, -0.08475609756097575442, -0.6989999999999999547 ) ) ;
#10974 = EDGE_CURVE ( 'NONE', #4655, #2634, #8921, .T. ) ;
#10975 = LINE ( 'NONE', #1893, #6860 ) ;
#10976 = STYLED_ITEM ( 'NONE', ( #8622 ), #6692 ) ;
#10977 = CARTESIAN_POINT ( 'NONE',  ( 0.7651053963153177095, 0.04457335509202411949, -0.6989999999999997327 ) ) ;
#10978 = CARTESIAN_POINT ( 'NONE',  ( 0.2399999999999999911, -0.1800000000000001876, -0.1999999999999998723 ) ) ;
#10979 = VECTOR ( 'NONE', #5671, 1000.000000000000000 ) ;
#10980 =( NAMED_UNIT ( * ) PLANE_ANGLE_UNIT ( ) SI_UNIT ( $, .RADIAN. ) );
#10981 = VERTEX_POINT ( 'NONE', #7764 ) ;
#10982 = UNCERTAINTY_MEASURE_WITH_UNIT (LENGTH_MEASURE( 1.000000000000000082E-05 ), #8792, 'distance_accuracy_value', 'NONE');
#10983 = LINE ( 'NONE', #8233, #2426 ) ;
#10984 = CARTESIAN_POINT ( 'NONE',  ( 0.7193902439024388862, 0.04286394817073157365, -0.6999999999999999556 ) ) ;
#10985 = CARTESIAN_POINT ( 'NONE',  ( -0.09708712152520303229, -0.1800000000000000211, -0.4999999999999998890 ) ) ;
#10986 = PRESENTATION_STYLE_ASSIGNMENT (( #4841 ) ) ;
#10987 = B_SPLINE_CURVE_WITH_KNOTS ( 'NONE', 3,
 ( #1236, #10195, #2235, #10308, #10426, #4065, #9528, #5768, #6571, #2179, #9293, #2978, #521, #1461, #4826, #9406, #4121, #7704, #1349 ),
 .UNSPECIFIED., .F., .F.,
 ( 4, 1, 1, 1, 1, 1, 1, 1, 1, 1, 1, 1, 1, 1, 1, 1, 4 ),
 ( 0.000000000000000000, 0.07082199823409655870, 0.1381601096583844057, 0.2024622547020692442, 0.2639567057174985742, 0.3236342499071825363, 0.3817869263266499003, 0.4393756585350244714, 0.4971066655477039409, 0.5548623802280185924, 0.6127668894862257076, 0.6715600499945678648, 0.7316730530556677659, 0.7943110968516789994, 0.8594912802951139019, 0.9276859961409859023, 1.000000000000000000 ),
 .UNSPECIFIED. ) ;
#10988 = CARTESIAN_POINT ( 'NONE',  ( -0.2170871215252205833, 0.2800000000000000266, -0.1999999999999999001 ) ) ;
#10989 = DIRECTION ( 'NONE',  ( 0.000000000000000000, 0.000000000000000000, -1.000000000000000000 ) ) ;
#10990 =( NAMED_UNIT ( * ) SI_UNIT ( $, .STERADIAN. ) SOLID_ANGLE_UNIT ( ) );
#10991 = CARTESIAN_POINT ( 'NONE',  ( 0.7489557317405464154, -0.04849281101136621031, -0.6999999999999999556 ) ) ;
#10992 = ORIENTED_EDGE ( 'NONE', *, *, #8833, .T. ) ;
#10993 = PRESENTATION_LAYER_ASSIGNMENT (  '', '', ( #7013 ) ) ;
#10994 =( GEOMETRIC_REPRESENTATION_CONTEXT ( 3 ) GLOBAL_UNCERTAINTY_ASSIGNED_CONTEXT ( ( #11122 ) ) GLOBAL_UNIT_ASSIGNED_CONTEXT ( ( #9344, #8556, #7504 ) ) REPRESENTATION_CONTEXT ( 'NONE', 'WORKASPACE' ) );
#10995 = CARTESIAN_POINT ( 'NONE',  ( 0.7280024004437755103, 0.05356928650119074931, -0.6999999999999999556 ) ) ;
#10996 =( LENGTH_UNIT ( ) NAMED_UNIT ( * ) SI_UNIT ( .MILLI., .METRE. ) );
#10997 = EDGE_CURVE ( 'NONE', #8573, #5292, #7825, .T. ) ;
#10998 = DIRECTION ( 'NONE',  ( 0.000000000000000000, 1.000000000000000000, -1.971276677246372308E-15 ) ) ;
#10999 = CARTESIAN_POINT ( 'NONE',  ( 0.7646596330595478719, -0.04613399156977066734, -0.6989999999999998437 ) ) ;
#11000 = CARTESIAN_POINT ( 'NONE',  ( 0.7674085365853656748, 0.03109756097560961718, -0.6989999999999999547 ) ) ;
#11001 = VERTEX_POINT ( 'NONE', #10488 ) ;
#11002 = FILL_AREA_STYLE_COLOUR ( '', #1532 ) ;
#11003 = SURFACE_STYLE_USAGE ( .BOTH. , #6436 ) ;
#11004 = PLANE ( 'NONE',  #8701 ) ;
#11005 =( NAMED_UNIT ( * ) SI_UNIT ( $, .STERADIAN. ) SOLID_ANGLE_UNIT ( ) );
#11006 = CARTESIAN_POINT ( 'NONE',  ( -0.2170871215252212216, -0.2800000000000000266, -0.3999999999999999112 ) ) ;
#11007 = VECTOR ( 'NONE', #4276, 1000.000000000000000 ) ;
#11008 = UNCERTAINTY_MEASURE_WITH_UNIT (LENGTH_MEASURE( 1.000000000000000082E-05 ), #6282, 'distance_accuracy_value', 'NONE');
#11009 = VERTEX_POINT ( 'NONE', #8570 ) ;
#11010 = LINE ( 'NONE', #4694, #2645 ) ;
#11011 = EDGE_CURVE ( 'NONE', #318, #9060, #3105, .T. ) ;
#11012 = CARTESIAN_POINT ( 'NONE',  ( 0.7351471617025384653, 0.06655304213625787280, -0.6999999999999999556 ) ) ;
#11013 = PLANE ( 'NONE',  #6835 ) ;
#11014 = SURFACE_SIDE_STYLE ('',( #7381 ) ) ;
#11015 = PRESENTATION_LAYER_ASSIGNMENT (  '', '', ( #3838 ) ) ;
#11016 = AXIS2_PLACEMENT_3D ( 'NONE', #4938, #1450, #10476 ) ;
#11017 = DIRECTION ( 'NONE',  ( -1.000000000000000000, -0.000000000000000000, -0.000000000000000000 ) ) ;
#11018 = DIRECTION ( 'NONE',  ( 0.000000000000000000, 0.000000000000000000, -1.000000000000000000 ) ) ;
#11019 = ADVANCED_FACE ( 'NONE', ( #6058 ), #9652, .T. ) ;
#11020 = PRESENTATION_STYLE_ASSIGNMENT (( #7187 ) ) ;
#11021 = CARTESIAN_POINT ( 'NONE',  ( 0.7362206395023824790, -0.04747944261066468913, -0.6989999999999996216 ) ) ;
#11022 = ORIENTED_EDGE ( 'NONE', *, *, #8123, .F. ) ;
#11023 = CARTESIAN_POINT ( 'NONE',  ( -0.05500000000000000028, 0.3299999999999999600, -0.1999999999999999001 ) ) ;
#11024 = MECHANICAL_DESIGN_GEOMETRIC_PRESENTATION_REPRESENTATION (  '', ( #9496 ), #2165 ) ;
#11025 = EDGE_LOOP ( 'NONE', ( #6643, #10218, #2255, #5503 ) ) ;
#11026 = AXIS2_PLACEMENT_3D ( 'NONE', #5170, #814, #6158 ) ;
#11027 = CARTESIAN_POINT ( 'NONE',  ( 0.7645121951219511214, 0.01463414634146333569, -0.6989999999999999547 ) ) ;
#11028 = EDGE_CURVE ( 'NONE', #2286, #11384, #4070, .T. ) ;
#11029 =( GEOMETRIC_REPRESENTATION_CONTEXT ( 3 ) GLOBAL_UNCERTAINTY_ASSIGNED_CONTEXT ( ( #266 ) ) GLOBAL_UNIT_ASSIGNED_CONTEXT ( ( #5318, #2769, #6353 ) ) REPRESENTATION_CONTEXT ( 'NONE', 'WORKASPACE' ) );
#11030 = FILL_AREA_STYLE ('',( #7345 ) ) ;
#11031 = CARTESIAN_POINT ( 'NONE',  ( 0.7271278738731559166, -0.08101950171326260941, -0.6999999999999998446 ) ) ;
#11032 = DIRECTION ( 'NONE',  ( 0.000000000000000000, 1.000000000000000000, -1.971276677246372308E-15 ) ) ;
#11033 = SURFACE_STYLE_FILL_AREA ( #7399 ) ;
#11034 = EDGE_CURVE ( 'NONE', #7754, #3258, #9486, .T. ) ;
#11035 = DIRECTION ( 'NONE',  ( 0.000000000000000000, 0.000000000000000000, 1.000000000000000000 ) ) ;
#11036 = CARTESIAN_POINT ( 'NONE',  ( 0.7504878048780486699, -0.08964367378048794521, -0.6989999999999999547 ) ) ;
#11037 = SURFACE_SIDE_STYLE ('',( #11148 ) ) ;
#11038 = COLOUR_RGB ( '',0.7529411764705882248, 0.7529411764705882248, 0.7529411764705882248 ) ;
#11039 = CARTESIAN_POINT ( 'NONE',  ( 0.7419512195121950038, -0.003048780487804958819, -0.6989999999999999547 ) ) ;
#11040 = LINE ( 'NONE', #2299, #2183 ) ;
#11041 = ORIENTED_EDGE ( 'NONE', *, *, #4264, .F. ) ;
#11042 = ORIENTED_EDGE ( 'NONE', *, *, #1099, .F. ) ;
#11043 = EDGE_CURVE ( 'NONE', #4792, #4618, #3211, .T. ) ;
#11044 = SURFACE_SIDE_STYLE ('',( #5663 ) ) ;
#11045 =( NAMED_UNIT ( * ) SI_UNIT ( $, .STERADIAN. ) SOLID_ANGLE_UNIT ( ) );
#11046 = UNCERTAINTY_MEASURE_WITH_UNIT (LENGTH_MEASURE( 1.000000000000000082E-05 ), #7910, 'distance_accuracy_value', 'NONE');
#11047 = CARTESIAN_POINT ( 'NONE',  ( 0.7201412210830413496, 0.03494659985123469564, -0.7000000000000000666 ) ) ;
#11048 = STYLED_ITEM ( 'NONE', ( #5700 ), #10295 ) ;
#11049 = CARTESIAN_POINT ( 'NONE',  ( 0.7559819524016140324, 0.06674701842589858547, -0.6989999999999999547 ) ) ;
#11050 = PRESENTATION_STYLE_ASSIGNMENT (( #244 ) ) ;
#11051 = CARTESIAN_POINT ( 'NONE',  ( -0.3370871215252209119, 0.1799999999999999101, -0.3999999999999999112 ) ) ;
#11052 = CARTESIAN_POINT ( 'NONE',  ( 0.8000000000000003775, 0.3999999999999998557, -2.154400374531753037 ) ) ;
#11053 = CARTESIAN_POINT ( 'NONE',  ( 0.7271911556569312651, -0.08154254375408004352, -0.6999999999999998446 ) ) ;
#11054 =( NAMED_UNIT ( * ) SI_UNIT ( $, .STERADIAN. ) SOLID_ANGLE_UNIT ( ) );
#11055 = ORIENTED_EDGE ( 'NONE', *, *, #1260, .T. ) ;
#11056 = LINE ( 'NONE', #8300, #6768 ) ;
#11057 = VECTOR ( 'NONE', #3987, 1000.000000000000000 ) ;
#11058 = CARTESIAN_POINT ( 'NONE',  ( 0.7198735831134467356, 0.03638328332527657194, -0.6989999999999997327 ) ) ;
#11059 = PRESENTATION_STYLE_ASSIGNMENT (( #7319 ) ) ;
#11060 = CARTESIAN_POINT ( 'NONE',  ( 0.7701866731002723343, 0.03906215900297351634, -0.6989999999999998437 ) ) ;
#11061 = MECHANICAL_DESIGN_GEOMETRIC_PRESENTATION_REPRESENTATION (  '', ( #7446 ), #2578 ) ;
#11062 = ORIENTED_EDGE ( 'NONE', *, *, #8121, .T. ) ;
#11063 = CARTESIAN_POINT ( 'NONE',  ( 0.7296036585365851534, -0.08211699695121965625, -0.6999999999999999556 ) ) ;
#11064 = FILL_AREA_STYLE_COLOUR ( '', #5676 ) ;
#11065 =( NAMED_UNIT ( * ) PLANE_ANGLE_UNIT ( ) SI_UNIT ( $, .RADIAN. ) );
#11066 = VECTOR ( 'NONE', #10350, 1000.000000000000000 ) ;
#11067 = COLOUR_RGB ( '',0.9098039215686274384, 0.4431372549019607643, 0.03137254901960784270 ) ;
#11068 = ORIENTED_EDGE ( 'NONE', *, *, #10162, .T. ) ;
#11069 = CARTESIAN_POINT ( 'NONE',  ( 0.7875735931288073699, 0.3875735931288069591, -0.6999999999999997335 ) ) ;
#11070 = PRESENTATION_STYLE_ASSIGNMENT (( #9107 ) ) ;
#11071 = FILL_AREA_STYLE ('',( #10579 ) ) ;
#11072 =( GEOMETRIC_REPRESENTATION_CONTEXT ( 3 ) GLOBAL_UNCERTAINTY_ASSIGNED_CONTEXT ( ( #851 ) ) GLOBAL_UNIT_ASSIGNED_CONTEXT ( ( #511, #9519, #10357 ) ) REPRESENTATION_CONTEXT ( 'NONE', 'WORKASPACE' ) );
#11073 = DIRECTION ( 'NONE',  ( 0.000000000000000000, 0.000000000000000000, 1.000000000000000000 ) ) ;
#11074 = CARTESIAN_POINT ( 'NONE',  ( 0.7213719512195120309, 0.03109756097560961718, -0.6989999999999999547 ) ) ;
#11075 = PRESENTATION_STYLE_ASSIGNMENT (( #278 ) ) ;
#11076 = DIRECTION ( 'NONE',  ( 1.000000000000000000, 0.000000000000000000, -0.000000000000000000 ) ) ;
#11077 = ADVANCED_FACE ( 'NONE', ( #1824 ), #949, .F. ) ;
#11078 = LINE ( 'NONE', #1170, #9930 ) ;
#11079 = EDGE_LOOP ( 'NONE', ( #2324, #1882, #5111, #6426 ) ) ;
#11080 = SURFACE_STYLE_FILL_AREA ( #6564 ) ;
#11081 = ORIENTED_EDGE ( 'NONE', *, *, #4090, .F. ) ;
#11082 = DIRECTION ( 'NONE',  ( 1.000000000000000000, 1.807003620809173892E-16, 0.000000000000000000 ) ) ;
#11083 = EDGE_CURVE ( 'NONE', #9690, #3136, #8114, .T. ) ;
#11084 = DIRECTION ( 'NONE',  ( 1.000000000000000000, -5.421010862427520198E-16, 0.000000000000000000 ) ) ;
#11085 = CARTESIAN_POINT ( 'NONE',  ( -0.8000000000000003775, 0.4000000000000000777, -0.5999999999999999778 ) ) ;
#11086 = CIRCLE ( 'NONE', #10519, 0.05500000000000000722 ) ;
#11087 = CARTESIAN_POINT ( 'NONE',  ( 0.000000000000000000, 0.3300000000000000155, -0.1999999999999999001 ) ) ;
#11088 = DIRECTION ( 'NONE',  ( 0.000000000000000000, -2.464095846557964300E-15, -1.000000000000000000 ) ) ;
#11089 = CIRCLE ( 'NONE', #2798, 0.05500000000000000722 ) ;
#11090 = SURFACE_STYLE_FILL_AREA ( #11147 ) ;
#11091 = ORIENTED_EDGE ( 'NONE', *, *, #9326, .T. ) ;
#11092 = VERTEX_POINT ( 'NONE', #4355 ) ;
#11093 = UNCERTAINTY_MEASURE_WITH_UNIT (LENGTH_MEASURE( 1.000000000000000082E-05 ), #9024, 'distance_accuracy_value', 'NONE');
#11094 = STYLED_ITEM ( 'NONE', ( #4272 ), #5567 ) ;
#11095 =( NAMED_UNIT ( * ) SI_UNIT ( $, .STERADIAN. ) SOLID_ANGLE_UNIT ( ) );
#11096 = EDGE_CURVE ( 'NONE', #3742, #7786, #6118, .T. ) ;
#11097 = EDGE_CURVE ( 'NONE', #8336, #9793, #1122, .T. ) ;
#11098 = DIRECTION ( 'NONE',  ( 0.000000000000000000, 0.000000000000000000, 1.000000000000000000 ) ) ;
#11099 =( GEOMETRIC_REPRESENTATION_CONTEXT ( 3 ) GLOBAL_UNCERTAINTY_ASSIGNED_CONTEXT ( ( #5178 ) ) GLOBAL_UNIT_ASSIGNED_CONTEXT ( ( #3431, #3372, #3620 ) ) REPRESENTATION_CONTEXT ( 'NONE', 'WORKASPACE' ) );
#11100 = SURFACE_STYLE_USAGE ( .BOTH. , #3051 ) ;
#11101 = CARTESIAN_POINT ( 'NONE',  ( 0.8019999999999994911, -0.1800000000000000211, -0.1999999999999998723 ) ) ;
#11102 =( LENGTH_UNIT ( ) NAMED_UNIT ( * ) SI_UNIT ( .MILLI., .METRE. ) );
#11103 = CARTESIAN_POINT ( 'NONE',  ( 0.7645121951219511214, 0.01463414634146333569, -0.6989999999999999547 ) ) ;
#11104 = AXIS2_PLACEMENT_3D ( 'NONE', #5262, #7192, #5388 ) ;
#11105 = PRESENTATION_LAYER_ASSIGNMENT (  '', '', ( #6738 ) ) ;
#11106 = PRESENTATION_STYLE_ASSIGNMENT (( #10047 ) ) ;
#11107 = PLANE ( 'NONE',  #11142 ) ;
#11108 = DIRECTION ( 'NONE',  ( 0.000000000000000000, -1.000000000000000000, 0.000000000000000000 ) ) ;
#11109 = ORIENTED_EDGE ( 'NONE', *, *, #1632, .F. ) ;
#11110 = UNCERTAINTY_MEASURE_WITH_UNIT (LENGTH_MEASURE( 1.000000000000000082E-05 ), #5087, 'distance_accuracy_value', 'NONE');
#11111 = EDGE_CURVE ( 'NONE', #9729, #6380, #3635, .T. ) ;
#11112 = CARTESIAN_POINT ( 'NONE',  ( -0.09708712152522099015, 0.1799999999999999101, -0.1999999999999998723 ) ) ;
#11113 = CYLINDRICAL_SURFACE ( 'NONE', #4323, 0.05499999999999997946 ) ;
#11114 = CARTESIAN_POINT ( 'NONE',  ( 0.7571192602086550538, -0.05263140837108826187, -0.6989999999999999547 ) ) ;
#11115 = CARTESIAN_POINT ( 'NONE',  ( 0.7701866731002723343, 0.03906215900297351634, -0.6999999999999998446 ) ) ;
#11116 = EDGE_LOOP ( 'NONE', ( #8910, #6879, #2762, #4993 ) ) ;
#11117 = ADVANCED_FACE ( 'NONE', ( #5426 ), #11552, .F. ) ;
#11118 = DIRECTION ( 'NONE',  ( -1.000000000000000000, 0.000000000000000000, 0.000000000000000000 ) ) ;
#11119 = COLOUR_RGB ( '',0.7529411764705882248, 0.7529411764705882248, 0.7529411764705882248 ) ;
#11120 = COLOUR_RGB ( '',0.9098039215686274384, 0.4431372549019607643, 0.03137254901960784270 ) ;
#11121 = DIRECTION ( 'NONE',  ( -1.000000000000000000, 0.000000000000000000, 0.000000000000000000 ) ) ;
#11122 = UNCERTAINTY_MEASURE_WITH_UNIT (LENGTH_MEASURE( 1.000000000000000082E-05 ), #9344, 'distance_accuracy_value', 'NONE');
#11123 = EDGE_LOOP ( 'NONE', ( #7669, #10715, #3274, #4190 ) ) ;
#11124 = MECHANICAL_DESIGN_GEOMETRIC_PRESENTATION_REPRESENTATION (  '', ( #189 ), #7147 ) ;
#11125 = DIRECTION ( 'NONE',  ( 1.000000000000000000, 0.000000000000000000, 0.000000000000000000 ) ) ;
#11126 = VECTOR ( 'NONE', #2103, 1000.000000000000000 ) ;
#11127 = ORIENTED_EDGE ( 'NONE', *, *, #5906, .T. ) ;
#11128 = DIRECTION ( 'NONE',  ( 0.000000000000000000, -1.000000000000000000, 2.634710515969108204E-15 ) ) ;
#11129 = CARTESIAN_POINT ( 'NONE',  ( 0.7402823818515917864, 0.06789068540202543300, -0.6999999999999998446 ) ) ;
#11130 = DIRECTION ( 'NONE',  ( -0.000000000000000000, 2.710505431213761085E-16, -1.000000000000000000 ) ) ;
#11131 = STYLED_ITEM ( 'NONE', ( #6072 ), #131 ) ;
#11132 =( LENGTH_UNIT ( ) NAMED_UNIT ( * ) SI_UNIT ( .MILLI., .METRE. ) );
#11133 = FACE_OUTER_BOUND ( 'NONE', #999, .T. ) ;
#11134 = PRESENTATION_LAYER_ASSIGNMENT (  '', '', ( #9226 ) ) ;
#11135 = CARTESIAN_POINT ( 'NONE',  ( 0.7651219512195119865, 0.04393102134146327498, -0.6989999999999999547 ) ) ;
#11136 = VERTEX_POINT ( 'NONE', #8262 ) ;
#11137 = PRESENTATION_STYLE_ASSIGNMENT (( #1288 ) ) ;
#11138 = VERTEX_POINT ( 'NONE', #6561 ) ;
#11139 = CARTESIAN_POINT ( 'NONE',  ( 0.7254878048780486477, -0.004268292682926912857, -0.6999999999999999556 ) ) ;
#11140 = TOROIDAL_SURFACE ( 'NONE', #4726, 0.1500000000000000500, 0.05500000000000000028 ) ;
#11141 =( NAMED_UNIT ( * ) PLANE_ANGLE_UNIT ( ) SI_UNIT ( $, .RADIAN. ) );
#11142 = AXIS2_PLACEMENT_3D ( 'NONE', #2427, #9670, #8765 ) ;
#11143 = EDGE_CURVE ( 'NONE', #6380, #8423, #1111, .T. ) ;
#11144 = PRESENTATION_STYLE_ASSIGNMENT (( #4885 ) ) ;
#11145 =( NAMED_UNIT ( * ) PLANE_ANGLE_UNIT ( ) SI_UNIT ( $, .RADIAN. ) );
#11146 = CARTESIAN_POINT ( 'NONE',  ( -0.5000000000000004441, -0.4000000000000000222, -2.154400374531753037 ) ) ;
#11147 = FILL_AREA_STYLE ('',( #7460 ) ) ;
#11148 = SURFACE_STYLE_FILL_AREA ( #9182 ) ;
#11149 = CARTESIAN_POINT ( 'NONE',  ( 0.1429128784747791814, 0.1800000000000000766, -0.4999999999999998890 ) ) ;
#11150 = CIRCLE ( 'NONE', #1737, 0.05499999999999997946 ) ;
#11151 = PRESENTATION_STYLE_ASSIGNMENT (( #7520 ) ) ;
#11152 = DIRECTION ( 'NONE',  ( 0.000000000000000000, 2.464095846557963117E-15, 1.000000000000000000 ) ) ;
#11153 = ORIENTED_EDGE ( 'NONE', *, *, #3924, .T. ) ;
#11154 = ORIENTED_EDGE ( 'NONE', *, *, #9262, .T. ) ;
#11155 = B_SPLINE_SURFACE_WITH_KNOTS ( 'NONE', 3, 1, ( 
 ( #1975, #10887 ),
 ( #816, #9151 ),
 ( #8298, #6599 ),
 ( #3676, #1095 ),
 ( #1043, #3779 ),
 ( #2844, #6428 ),
 ( #8244, #7364 ),
 ( #6486, #10995 ),
 ( #10395, #7725 ),
 ( #8588, #486 ),
 ( #10278, #1321 ),
 ( #7782, #3957 ),
 ( #3173, #7542 ),
 ( #1483, #4911 ),
 ( #2313, #1373 ),
 ( #5905, #6836 ),
 ( #10449, #4087 ),
 ( #5079, #8639 ),
 ( #598, #7607 ) ),
 .UNSPECIFIED., .F., .F., .F.,
 ( 4, 1, 1, 1, 1, 1, 1, 1, 1, 1, 1, 1, 1, 1, 1, 1, 4 ),
 ( 2, 2 ),
 ( 0.000000000000000000, 0.06460397028839218181, 0.1267024139629471524, 0.1867568140356181683, 0.2455056873654366256, 0.3036520244499758547, 0.3615030739706251439, 0.4202402229284681323, 0.4800333407766950722, 0.5406781347755144074, 0.6011918063807817347, 0.6623335024774418267, 0.7247395102972300496, 0.7894677361728849041, 0.8565048600438298632, 0.9263120958391908299, 1.000000000000000000 ),
 ( 0.000000000000000000, 1.000000000000000000 ),
 .UNSPECIFIED. ) ;
#11156 = SURFACE_STYLE_USAGE ( .BOTH. , #7595 ) ;
#11157 = DIRECTION ( 'NONE',  ( 0.000000000000000000, -1.000000000000000000, 0.000000000000000000 ) ) ;
#11158 = EDGE_CURVE ( 'NONE', #9620, #619, #4764, .T. ) ;
#11159 = CARTESIAN_POINT ( 'NONE',  ( 0.7702340657368704768, 0.04990010713600320086, -0.7000000000000001776 ) ) ;
#11160 = CARTESIAN_POINT ( 'NONE',  ( 0.000000000000000000, -0.1800000000000003542, -0.6049999999999999822 ) ) ;
#11161 = CARTESIAN_POINT ( 'NONE',  ( 0.7654532122333728150, 0.06028362609645688402, -0.6989999999999999547 ) ) ;
#11162 =( GEOMETRIC_REPRESENTATION_CONTEXT ( 3 ) GLOBAL_UNCERTAINTY_ASSIGNED_CONTEXT ( ( #1839 ) ) GLOBAL_UNIT_ASSIGNED_CONTEXT ( ( #3612, #11583, #1667 ) ) REPRESENTATION_CONTEXT ( 'NONE', 'WORKASPACE' ) );
#11163 = SURFACE_SIDE_STYLE ('',( #5022 ) ) ;
#11164 = CARTESIAN_POINT ( 'NONE',  ( -0.8000000000000003775, 0.4000000000000000777, -0.6999999999999999556 ) ) ;
#11165 = VERTEX_POINT ( 'NONE', #280 ) ;
#11166 = LINE ( 'NONE', #3056, #6622 ) ;
#11167 = EDGE_CURVE ( 'NONE', #4436, #11384, #2052, .T. ) ;
#11168 = FILL_AREA_STYLE_COLOUR ( '', #3998 ) ;
#11169 = CARTESIAN_POINT ( 'NONE',  ( -0.1199999999999999956, -0.3850000000000002309, -0.1999999999999997891 ) ) ;
#11170 = ORIENTED_EDGE ( 'NONE', *, *, #6509, .F. ) ;
#11171 = MECHANICAL_DESIGN_GEOMETRIC_PRESENTATION_REPRESENTATION (  '', ( #5136 ), #1726 ) ;
#11172 = SURFACE_STYLE_FILL_AREA ( #4850 ) ;
#11173 = AXIS2_PLACEMENT_3D ( 'NONE', #6655, #6710, #10326 ) ;
#11174 = UNCERTAINTY_MEASURE_WITH_UNIT (LENGTH_MEASURE( 1.000000000000000082E-05 ), #9358, 'distance_accuracy_value', 'NONE');
#11175 = CARTESIAN_POINT ( 'NONE',  ( 0.2399999999999999911, 0.1799999999999998823, -0.5499999999999999334 ) ) ;
#11176 = ADVANCED_FACE ( 'NONE', ( #11133 ), #7386, .T. ) ;
#11177 = LINE ( 'NONE', #375, #3257 ) ;
#11178 = ORIENTED_EDGE ( 'NONE', *, *, #5684, .F. ) ;
#11179 = CIRCLE ( 'NONE', #2511, 0.1000000000000000056 ) ;
#11180 = CARTESIAN_POINT ( 'NONE',  ( 0.7688328844042348065, 0.03402335741721082552, -0.6999999999999998446 ) ) ;
#11181 = EDGE_CURVE ( 'NONE', #10003, #8598, #2906, .T. ) ;
#11182 = DIRECTION ( 'NONE',  ( 0.000000000000000000, 1.000000000000000000, -5.646886315028668105E-17 ) ) ;
#11183 = CARTESIAN_POINT ( 'NONE',  ( -0.1199999999999999956, -0.3300000000000002931, -0.3999999999999999112 ) ) ;
#11184 = CARTESIAN_POINT ( 'NONE',  ( 0.7445141006097559799, -0.04878048780487816150, -0.6999999999999999556 ) ) ;
#11185 = CARTESIAN_POINT ( 'NONE',  ( 0.5300000000000003597, -0.3700000000000001066, -0.6999999999999999556 ) ) ;
#11186 = ADVANCED_FACE ( 'NONE', ( #2111 ), #3699, .F. ) ;
#11187 = VERTEX_POINT ( 'NONE', #10358 ) ;
#11188 = FILL_AREA_STYLE ('',( #6556 ) ) ;
#11189 = CIRCLE ( 'NONE', #9871, 0.05500000000000000722 ) ;
#11190 = CARTESIAN_POINT ( 'NONE',  ( 0.7285477268807140083, 0.06282389116350436953, -0.6989999999999999547 ) ) ;
#11191 = AXIS2_PLACEMENT_3D ( 'NONE', #6383, #1985, #5409 ) ;
#11192 = VERTEX_POINT ( 'NONE', #9345 ) ;
#11193 = CARTESIAN_POINT ( 'NONE',  ( -0.3599999999999999867, 0.1799999999999999378, -0.04999999999999975298 ) ) ;
#11194 =( NAMED_UNIT ( * ) SI_UNIT ( $, .STERADIAN. ) SOLID_ANGLE_UNIT ( ) );
#11195 = CYLINDRICAL_SURFACE ( 'NONE', #6085, 0.05500000000000000028 ) ;
#11196 = VECTOR ( 'NONE', #11182, 1000.000000000000000 ) ;
#11197 = SURFACE_SIDE_STYLE ('',( #2282 ) ) ;
#11198 = MECHANICAL_DESIGN_GEOMETRIC_PRESENTATION_REPRESENTATION (  '', ( #9103 ), #10056 ) ;
#11199 = CARTESIAN_POINT ( 'NONE',  ( 0.7649379954151360739, 0.04038117729642018428, -0.6989999999999998437 ) ) ;
#11200 = VERTEX_POINT ( 'NONE', #9398 ) ;
#11201 = SURFACE_SIDE_STYLE ('',( #457 ) ) ;
#11202 = ORIENTED_EDGE ( 'NONE', *, *, #5729, .T. ) ;
#11203 = DIRECTION ( 'NONE',  ( 0.000000000000000000, 2.578241652818821251E-15, 1.000000000000000000 ) ) ;
#11204 = DIRECTION ( 'NONE',  ( 0.000000000000000000, 0.000000000000000000, -1.000000000000000000 ) ) ;
#11205 = SURFACE_SIDE_STYLE ('',( #2119 ) ) ;
#11206 = DIRECTION ( 'NONE',  ( 1.000000000000000000, 0.000000000000000000, 0.000000000000000000 ) ) ;
#11207 = DIRECTION ( 'NONE',  ( 0.000000000000000000, 1.000000000000000000, -2.578241652818821251E-15 ) ) ;
#11208 = CARTESIAN_POINT ( 'NONE',  ( 0.7329249606971804942, -0.04580818649670304055, -0.6989999999999998437 ) ) ;
#11209 = DIRECTION ( 'NONE',  ( 0.000000000000000000, -1.000000000000000000, 0.000000000000000000 ) ) ;
#11210 =( NAMED_UNIT ( * ) PLANE_ANGLE_UNIT ( ) SI_UNIT ( $, .RADIAN. ) );
#11211 = VECTOR ( 'NONE', #4056, 1000.000000000000000 ) ;
#11212 = DIRECTION ( 'NONE',  ( 0.000000000000000000, -0.000000000000000000, 1.000000000000000000 ) ) ;
#11213 = DIRECTION ( 'NONE',  ( 0.000000000000000000, -1.000000000000000000, 2.464095846557965483E-15 ) ) ;
#11214 = VERTEX_POINT ( 'NONE', #8666 ) ;
#11215 = ORIENTED_EDGE ( 'NONE', *, *, #6181, .F. ) ;
#11216 = STYLED_ITEM ( 'NONE', ( #6382 ), #1274 ) ;
#11217 = UNCERTAINTY_MEASURE_WITH_UNIT (LENGTH_MEASURE( 1.000000000000000082E-05 ), #9917, 'distance_accuracy_value', 'NONE');
#11218 =( NAMED_UNIT ( * ) PLANE_ANGLE_UNIT ( ) SI_UNIT ( $, .RADIAN. ) );
#11219 = CARTESIAN_POINT ( 'NONE',  ( 0.3599999999999999867, -0.3300000000000002376, -0.3999999999999999667 ) ) ;
#11220 = CARTESIAN_POINT ( 'NONE',  ( 0.7486223531738225301, 0.06824641023563420006, -0.6989999999999998437 ) ) ;
#11221 = PRESENTATION_LAYER_ASSIGNMENT (  '', '', ( #10852 ) ) ;
#11222 = MECHANICAL_DESIGN_GEOMETRIC_PRESENTATION_REPRESENTATION (  '', ( #1600 ), #1421 ) ;
#11223 =( NAMED_UNIT ( * ) SI_UNIT ( $, .STERADIAN. ) SOLID_ANGLE_UNIT ( ) );
#11224 = CIRCLE ( 'NONE', #4432, 0.05499999999999997946 ) ;
#11225 = DIRECTION ( 'NONE',  ( 0.000000000000000000, 0.000000000000000000, 1.000000000000000000 ) ) ;
#11226 =( NAMED_UNIT ( * ) PLANE_ANGLE_UNIT ( ) SI_UNIT ( $, .RADIAN. ) );
#11227 = CARTESIAN_POINT ( 'NONE',  ( -0.3829128784747790060, -0.1800000000000001876, -0.1999999999999998723 ) ) ;
#11228 = EDGE_LOOP ( 'NONE', ( #301, #11249, #611, #6618 ) ) ;
#11229 = EDGE_CURVE ( 'NONE', #4979, #10832, #2354, .T. ) ;
#11230 = UNCERTAINTY_MEASURE_WITH_UNIT (LENGTH_MEASURE( 1.000000000000000082E-05 ), #10118, 'distance_accuracy_value', 'NONE');
#11231 = PRESENTATION_LAYER_ASSIGNMENT (  '', '', ( #9709 ) ) ;
#11232 = FILL_AREA_STYLE_COLOUR ( '', #3161 ) ;
#11233 = FACE_OUTER_BOUND ( 'NONE', #6346, .T. ) ;
#11234 = EDGE_CURVE ( 'NONE', #6512, #7768, #9576, .T. ) ;
#11235 = SURFACE_STYLE_USAGE ( .BOTH. , #10515 ) ;
#11236 = CARTESIAN_POINT ( 'NONE',  ( 0.7698308523128180036, 0.03729713468732482468, -0.6999999999999999556 ) ) ;
#11237 = ORIENTED_EDGE ( 'NONE', *, *, #3993, .F. ) ;
#11238 = FACE_OUTER_BOUND ( 'NONE', #3583, .T. ) ;
#11239 =( LENGTH_UNIT ( ) NAMED_UNIT ( * ) SI_UNIT ( .MILLI., .METRE. ) );
#11240 = CARTESIAN_POINT ( 'NONE',  ( 0.7199999999999998623, 0.02134146341463407162, -0.6989999999999999547 ) ) ;
#11241 = SURFACE_STYLE_FILL_AREA ( #6848 ) ;
#11242 = UNCERTAINTY_MEASURE_WITH_UNIT (LENGTH_MEASURE( 1.000000000000000082E-05 ), #6921, 'distance_accuracy_value', 'NONE');
#11243 = VERTEX_POINT ( 'NONE', #7692 ) ;
#11244 = VECTOR ( 'NONE', #5952, 1000.000000000000000 ) ;
#11245 = PLANE ( 'NONE',  #2826 ) ;
#11246 = DIRECTION ( 'NONE',  ( 0.000000000000000000, 2.397541290737903714E-15, 1.000000000000000000 ) ) ;
#11247 = EDGE_CURVE ( 'NONE', #4864, #6512, #8433, .T. ) ;
#11248 = DIRECTION ( 'NONE',  ( 0.000000000000000000, 0.000000000000000000, -1.000000000000000000 ) ) ;
#11249 = ORIENTED_EDGE ( 'NONE', *, *, #8326, .F. ) ;
#11250 = STYLED_ITEM ( 'NONE', ( #10359 ), #4734 ) ;
#11251 = CARTESIAN_POINT ( 'NONE',  ( 0.1199999999999999956, -0.1800000000000001876, -0.04999999999999969746 ) ) ;
#11252 = VECTOR ( 'NONE', #3391, 1000.000000000000000 ) ;
#11253 = SURFACE_SIDE_STYLE ('',( #451 ) ) ;
#11254 = PRESENTATION_STYLE_ASSIGNMENT (( #5000 ) ) ;
#11255 = ORIENTED_EDGE ( 'NONE', *, *, #10009, .F. ) ;
#11256 = ORIENTED_EDGE ( 'NONE', *, *, #5958, .T. ) ;
#11257 =( GEOMETRIC_REPRESENTATION_CONTEXT ( 3 ) GLOBAL_UNCERTAINTY_ASSIGNED_CONTEXT ( ( #1783 ) ) GLOBAL_UNIT_ASSIGNED_CONTEXT ( ( #4107, #7981, #7208 ) ) REPRESENTATION_CONTEXT ( 'NONE', 'WORKASPACE' ) );
#11258 = AXIS2_PLACEMENT_3D ( 'NONE', #3253, #10298, #4115 ) ;
#11259 =( NAMED_UNIT ( * ) SI_UNIT ( $, .STERADIAN. ) SOLID_ANGLE_UNIT ( ) );
#11260 = CARTESIAN_POINT ( 'NONE',  ( 0.8019999999999994911, 0.2800000000000000266, -0.1999999999999998723 ) ) ;
#11261 = DIRECTION ( 'NONE',  ( 0.000000000000000000, 0.000000000000000000, 1.000000000000000000 ) ) ;
#11262 = EDGE_CURVE ( 'NONE', #108, #6877, #6739, .T. ) ;
#11263 = CARTESIAN_POINT ( 'NONE',  ( 0.7281472711831726841, -0.04054300060450933413, -0.6989999999999999547 ) ) ;
#11264 = COLOUR_RGB ( '',0.9098039215686274384, 0.4431372549019607643, 0.03137254901960784270 ) ;
#11265 = DIRECTION ( 'NONE',  ( -1.000000000000000000, -0.000000000000000000, -0.000000000000000000 ) ) ;
#11266 = CARTESIAN_POINT ( 'NONE',  ( 0.02291287847477867928, -0.2800000000000000266, -0.3999999999999999112 ) ) ;
#11267 = SURFACE_SIDE_STYLE ('',( #7653 ) ) ;
#11268 = CARTESIAN_POINT ( 'NONE',  ( 0.000000000000000000, -0.1800000000000001321, -0.04999999999999975298 ) ) ;
#11269 = CARTESIAN_POINT ( 'NONE',  ( 0.7474390243902437891, -0.003048780487804958819, -0.6989999999999999547 ) ) ;
#11270 = COLOUR_RGB ( '',0.9098039215686274384, 0.4431372549019607643, 0.03137254901960784270 ) ;
#11271 = ORIENTED_EDGE ( 'NONE', *, *, #10042, .T. ) ;
#11272 = ORIENTED_EDGE ( 'NONE', *, *, #4838, .F. ) ;
#11273 = ORIENTED_EDGE ( 'NONE', *, *, #8528, .T. ) ;
#11274 = FILL_AREA_STYLE_COLOUR ( '', #956 ) ;
#11275 = STYLED_ITEM ( 'NONE', ( #49 ), #5249 ) ;
#11276 = CARTESIAN_POINT ( 'NONE',  ( 0.7654532122333728150, 0.06028362609645688402, -0.6999999999999999556 ) ) ;
#11277 = CARTESIAN_POINT ( 'NONE',  ( 0.7256213226969656649, 0.04860535721198352282, -0.7000000000000000666 ) ) ;
#11278 = CARTESIAN_POINT ( 'NONE',  ( 0.3370871215252213005, -0.2800000000000000266, -0.3999999999999999112 ) ) ;
#11279 = PRESENTATION_STYLE_ASSIGNMENT (( #7720 ) ) ;
#11280 = ORIENTED_EDGE ( 'NONE', *, *, #9432, .T. ) ;
#11281 =( GEOMETRIC_REPRESENTATION_CONTEXT ( 3 ) GLOBAL_UNCERTAINTY_ASSIGNED_CONTEXT ( ( #2131 ) ) GLOBAL_UNIT_ASSIGNED_CONTEXT ( ( #8933, #4179, #6114 ) ) REPRESENTATION_CONTEXT ( 'NONE', 'WORKASPACE' ) );
#11282 = VECTOR ( 'NONE', #6432, 1000.000000000000000 ) ;
#11283 = SURFACE_SIDE_STYLE ('',( #8532 ) ) ;
#11284 = PRESENTATION_STYLE_ASSIGNMENT (( #3900 ) ) ;
#11285 = PRESENTATION_STYLE_ASSIGNMENT (( #6666 ) ) ;
#11286 = CIRCLE ( 'NONE', #6190, 0.05500000000000003497 ) ;
#11287 = ADVANCED_FACE ( 'NONE', ( #6794 ), #3317, .F. ) ;
#11288 = ORIENTED_EDGE ( 'NONE', *, *, #871, .T. ) ;
#11289 = DIRECTION ( 'NONE',  ( 0.000000000000000000, 1.000000000000000000, 0.000000000000000000 ) ) ;
#11290 = FILL_AREA_STYLE ('',( #10402 ) ) ;
#11291 =( NAMED_UNIT ( * ) SI_UNIT ( $, .STERADIAN. ) SOLID_ANGLE_UNIT ( ) );
#11292 = CARTESIAN_POINT ( 'NONE',  ( 0.7699999999999997957, -0.1042682926829269635, -0.6989999999999999547 ) ) ;
#11293 = DIRECTION ( 'NONE',  ( -0.000000000000000000, -0.000000000000000000, -1.000000000000000000 ) ) ;
#11294 = AXIS2_PLACEMENT_3D ( 'NONE', #9023, #10041, #4560 ) ;
#11295 = EDGE_LOOP ( 'NONE', ( #4346, #6211, #8531, #767 ) ) ;
#11296 = CARTESIAN_POINT ( 'NONE',  ( 0.7699487483382941866, -0.03167229945764894056, -0.6999999999999999556 ) ) ;
#11297 = CARTESIAN_POINT ( 'NONE',  ( 0.7194524739749985631, 0.04553858261821144837, -0.6989999999999999547 ) ) ;
#11298 = CARTESIAN_POINT ( 'NONE',  ( -0.5000000000000004441, -0.4000000000000000222, -0.6999999999999999556 ) ) ;
#11299 = CARTESIAN_POINT ( 'NONE',  ( 0.8019999999999994911, 0.1800000000000000766, -0.3999999999999999112 ) ) ;
#11300 = ADVANCED_FACE ( 'NONE', ( #10299 ), #5812, .T. ) ;
#11301 = ORIENTED_EDGE ( 'NONE', *, *, #2417, .T. ) ;
#11302 = VECTOR ( 'NONE', #1457, 1000.000000000000000 ) ;
#11303 = LINE ( 'NONE', #6684, #4591 ) ;
#11304 = DIRECTION ( 'NONE',  ( 0.000000000000000000, 0.000000000000000000, 1.000000000000000000 ) ) ;
#11305 = CARTESIAN_POINT ( 'NONE',  ( 0.8019999999999994911, -0.2800000000000000266, -0.3999999999999999112 ) ) ;
#11306 = ADVANCED_FACE ( 'NONE', ( #8730 ), #7870, .T. ) ;
#11307 = AXIS2_PLACEMENT_3D ( 'NONE', #8458, #4079, #7663 ) ;
#11308 = SURFACE_SIDE_STYLE ('',( #9460 ) ) ;
#11309 = EDGE_LOOP ( 'NONE', ( #3457, #6232, #7867, #775 ) ) ;
#11310 = CYLINDRICAL_SURFACE ( 'NONE', #3018, 0.09999999999999999167 ) ;
#11311 = EDGE_LOOP ( 'NONE', ( #848, #4132, #11273, #221 ) ) ;
#11312 =( LENGTH_UNIT ( ) NAMED_UNIT ( * ) SI_UNIT ( .MILLI., .METRE. ) );
#11313 = UNCERTAINTY_MEASURE_WITH_UNIT (LENGTH_MEASURE( 1.000000000000000082E-05 ), #3818, 'distance_accuracy_value', 'NONE');
#11314 = CARTESIAN_POINT ( 'NONE',  ( 0.2629128784747789549, -0.1800000000000000211, -0.09999999999999988065 ) ) ;
#11315 = FILL_AREA_STYLE ('',( #9352 ) ) ;
#11316 = MECHANICAL_DESIGN_GEOMETRIC_PRESENTATION_REPRESENTATION (  '', ( #8841 ), #5096 ) ;
#11317 = DIRECTION ( 'NONE',  ( -1.000000000000000000, 0.000000000000000000, 0.000000000000000000 ) ) ;
#11318 = COLOUR_RGB ( '',0.9098039215686274384, 0.4431372549019607643, 0.03137254901960784270 ) ;
#11319 = CARTESIAN_POINT ( 'NONE',  ( -0.3599999999999999867, -0.1800000000000002154, -0.5499999999999999334 ) ) ;
#11320 = CARTESIAN_POINT ( 'NONE',  ( 0.7474390243902437891, -0.003048780487804958819, -0.6999999999999999556 ) ) ;
#11321 = EDGE_CURVE ( 'NONE', #8864, #8049, #5928, .T. ) ;
#11322 = DIRECTION ( 'NONE',  ( 0.000000000000000000, 0.000000000000000000, -1.000000000000000000 ) ) ;
#11323 = VERTEX_POINT ( 'NONE', #7988 ) ;
#11324 = ORIENTED_EDGE ( 'NONE', *, *, #6387, .F. ) ;
#11325 = ORIENTED_EDGE ( 'NONE', *, *, #2373, .T. ) ;
#11326 = CIRCLE ( 'NONE', #9419, 0.05500000000000000722 ) ;
#11327 = VECTOR ( 'NONE', #6225, 1000.000000000000000 ) ;
#11328 = STYLED_ITEM ( 'NONE', ( #11137 ), #6907 ) ;
#11329 = EDGE_CURVE ( 'NONE', #1334, #333, #868, .T. ) ;
#11330 = MECHANICAL_DESIGN_GEOMETRIC_PRESENTATION_REPRESENTATION (  '', ( #1910 ), #8854 ) ;
#11331 = CARTESIAN_POINT ( 'NONE',  ( 0.7559819524016140324, 0.06674701842589858547, -0.6989999999999999547 ) ) ;
#11332 = CARTESIAN_POINT ( 'NONE',  ( 0.2399999999999999911, 0.1799999999999997435, -0.6049999999999999822 ) ) ;
#11333 = PRESENTATION_STYLE_ASSIGNMENT (( #4137 ) ) ;
#11334 = DIRECTION ( 'NONE',  ( 0.000000000000000000, 0.000000000000000000, 1.000000000000000000 ) ) ;
#11335 = AXIS2_PLACEMENT_3D ( 'NONE', #5942, #638, #6872 ) ;
#11336 = AXIS2_PLACEMENT_3D ( 'NONE', #3539, #9075, #8829 ) ;
#11337 = PRESENTATION_LAYER_ASSIGNMENT (  '', '', ( #11501 ) ) ;
#11338 = SURFACE_STYLE_FILL_AREA ( #1317 ) ;
#11339 = SURFACE_STYLE_FILL_AREA ( #1257 ) ;
#11340 = EDGE_LOOP ( 'NONE', ( #5927, #3341, #10328, #11423 ) ) ;
#11341 = UNCERTAINTY_MEASURE_WITH_UNIT (LENGTH_MEASURE( 1.000000000000000082E-05 ), #7287, 'distance_accuracy_value', 'NONE');
#11342 = PRESENTATION_STYLE_ASSIGNMENT (( #371 ) ) ;
#11343 = MECHANICAL_DESIGN_GEOMETRIC_PRESENTATION_REPRESENTATION (  '', ( #8660 ), #4945 ) ;
#11344 = PRODUCT_DEFINITION_SHAPE ( 'NONE', 'NONE',  #3220 ) ;
#11345 = COLOUR_RGB ( '',0.7529411764705882248, 0.7529411764705882248, 0.7529411764705882248 ) ;
#11346 = CARTESIAN_POINT ( 'NONE',  ( -0.2399999999999999911, 0.3299999999999999600, -0.1999999999999999001 ) ) ;
#11347 = CARTESIAN_POINT ( 'NONE',  ( 0.7651219512195119865, 0.04393102134146327498, -0.6999999999999999556 ) ) ;
#11348 = MECHANICAL_DESIGN_GEOMETRIC_PRESENTATION_REPRESENTATION (  '', ( #3638 ), #4373 ) ;
#11349 = ORIENTED_EDGE ( 'NONE', *, *, #2417, .F. ) ;
#11350 = CARTESIAN_POINT ( 'NONE',  ( 0.7697546929539913485, 0.03700757272441147078, -0.6999999999999999556 ) ) ;
#11351 =( NAMED_UNIT ( * ) SI_UNIT ( $, .STERADIAN. ) SOLID_ANGLE_UNIT ( ) );
#11352 = COLOUR_RGB ( '',0.000000000000000000, 0.000000000000000000, 0.000000000000000000 ) ;
#11353 = VECTOR ( 'NONE', #8064, 1000.000000000000000 ) ;
#11354 = DIRECTION ( 'NONE',  ( 0.000000000000000000, -1.000000000000000000, 2.464095846557965483E-15 ) ) ;
#11355 = CARTESIAN_POINT ( 'NONE',  ( 0.3599999999999999867, 0.3300000000000000155, -0.1999999999999999001 ) ) ;
#11356 = SURFACE_STYLE_USAGE ( .BOTH. , #6674 ) ;
#11357 = EDGE_CURVE ( 'NONE', #7698, #10205, #6214, .T. ) ;
#11358 = ORIENTED_EDGE ( 'NONE', *, *, #11167, .T. ) ;
#11359 = FILL_AREA_STYLE_COLOUR ( '', #6391 ) ;
#11360 = CARTESIAN_POINT ( 'NONE',  ( -0.3599999999999999867, -0.1800000000000001876, -0.04999999999999969746 ) ) ;
#11361 = CARTESIAN_POINT ( 'NONE',  ( 0.2399999999999999911, 0.1799999999999998823, -0.6049999999999999822 ) ) ;
#11362 = CARTESIAN_POINT ( 'NONE',  ( 0.5000000000000004441, -0.4000000000000001332, -0.5999999999999998668 ) ) ;
#11363 = STYLED_ITEM ( 'NONE', ( #3538 ), #1624 ) ;
#11364 = ORIENTED_EDGE ( 'NONE', *, *, #11599, .T. ) ;
#11365 = FACE_OUTER_BOUND ( 'NONE', #1679, .T. ) ;
#11366 = CARTESIAN_POINT ( 'NONE',  ( 0.7999999999999996003, -0.3999999999999999112, 0.000000000000000000 ) ) ;
#11367 = FILL_AREA_STYLE_COLOUR ( '', #9166 ) ;
#11368 =( NAMED_UNIT ( * ) SI_UNIT ( $, .STERADIAN. ) SOLID_ANGLE_UNIT ( ) );
#11369 = VERTEX_POINT ( 'NONE', #937 ) ;
#11370 = STYLED_ITEM ( 'NONE', ( #2352 ), #1769 ) ;
#11371 = EDGE_CURVE ( 'NONE', #1613, #1846, #9309, .T. ) ;
#11372 = SURFACE_STYLE_FILL_AREA ( #2522 ) ;
#11373 = ORIENTED_EDGE ( 'NONE', *, *, #7688, .F. ) ;
#11374 = CARTESIAN_POINT ( 'NONE',  ( 0.7203655673090018086, -0.03471494329795044020, -0.7000000000000000666 ) ) ;
#11375 = SURFACE_STYLE_FILL_AREA ( #8563 ) ;
#11376 = EDGE_CURVE ( 'NONE', #5595, #4717, #4402, .T. ) ;
#11377 = FACE_OUTER_BOUND ( 'NONE', #7814, .T. ) ;
#11378 = AXIS2_PLACEMENT_3D ( 'NONE', #9632, #3433, #742 ) ;
#11379 = CARTESIAN_POINT ( 'NONE',  ( 0.1199999999999999956, -0.1800000000000002154, -0.5499999999999999334 ) ) ;
#11380 = LINE ( 'NONE', #2350, #4748 ) ;
#11381 = CARTESIAN_POINT ( 'NONE',  ( 0.7419512195121950038, 0.01463414634146333569, -0.6999999999999999556 ) ) ;
#11382 = DIRECTION ( 'NONE',  ( 0.000000000000000000, -1.000000000000000000, 0.000000000000000000 ) ) ;
#11383 =( NAMED_UNIT ( * ) PLANE_ANGLE_UNIT ( ) SI_UNIT ( $, .RADIAN. ) );
#11384 = VERTEX_POINT ( 'NONE', #5352 ) ;
#11385 = ORIENTED_EDGE ( 'NONE', *, *, #7703, .T. ) ;
#11386 = EDGE_CURVE ( 'NONE', #10509, #4618, #7039, .T. ) ;
#11387 = ORIENTED_EDGE ( 'NONE', *, *, #2588, .T. ) ;
#11388 = CARTESIAN_POINT ( 'NONE',  ( 0.3829128784747786729, -0.2800000000000000266, -0.3999999999999999112 ) ) ;
#11389 = PRESENTATION_LAYER_ASSIGNMENT (  '', '', ( #1397 ) ) ;
#11390 = CARTESIAN_POINT ( 'NONE',  ( 0.7559756097560973442, -0.07123666158536599846, -0.6999999999999999556 ) ) ;
#11391 = EDGE_CURVE ( 'NONE', #6272, #8439, #2518, .T. ) ;
#11392 =( LENGTH_UNIT ( ) NAMED_UNIT ( * ) SI_UNIT ( .MILLI., .METRE. ) );
#11393 = VECTOR ( 'NONE', #523, 1000.000000000000000 ) ;
#11394 = STYLED_ITEM ( 'NONE', ( #8555 ), #1133 ) ;
#11395 = CARTESIAN_POINT ( 'NONE',  ( 0.3599999999999999867, -0.1800000000000001876, -0.04999999999999969746 ) ) ;
#11396 = EDGE_CURVE ( 'NONE', #1036, #11438, #2577, .T. ) ;
#11397 = ORIENTED_EDGE ( 'NONE', *, *, #9155, .F. ) ;
#11398 = CARTESIAN_POINT ( 'NONE',  ( -0.2170871215252208053, 0.1800000000000000766, -0.4999999999999998890 ) ) ;
#11399 = MECHANICAL_DESIGN_GEOMETRIC_PRESENTATION_REPRESENTATION (  '', ( #9898 ), #10460 ) ;
#11400 = CARTESIAN_POINT ( 'NONE',  ( 0.02291287847479696327, -0.1800000000000000211, -0.4999999999999998890 ) ) ;
#11401 =( NAMED_UNIT ( * ) SI_UNIT ( $, .STERADIAN. ) SOLID_ANGLE_UNIT ( ) );
#11403 = ORIENTED_EDGE ( 'NONE', *, *, #1668, .T. ) ;
#11402 = DIRECTION ( 'NONE',  ( 1.000000000000000000, 0.000000000000000000, 0.000000000000000000 ) ) ;
#11404 = DIRECTION ( 'NONE',  ( 1.000000000000000000, 0.000000000000000000, 0.000000000000000000 ) ) ;
#11405 =( GEOMETRIC_REPRESENTATION_CONTEXT ( 3 ) GLOBAL_UNCERTAINTY_ASSIGNED_CONTEXT ( ( #1657 ) ) GLOBAL_UNIT_ASSIGNED_CONTEXT ( ( #10951, #3909, #11005 ) ) REPRESENTATION_CONTEXT ( 'NONE', 'WORKASPACE' ) );
#11406 = CARTESIAN_POINT ( 'NONE',  ( 0.02291287847477900541, -0.1800000000000001876, -0.1999999999999998723 ) ) ;
#11407 = CARTESIAN_POINT ( 'NONE',  ( -0.3829128784747970471, 0.2800000000000000266, -0.3999999999999999112 ) ) ;
#11408 = ORIENTED_EDGE ( 'NONE', *, *, #8521, .F. ) ;
#11409 = ORIENTED_EDGE ( 'NONE', *, *, #8067, .T. ) ;
#11410 = LINE ( 'NONE', #806, #4341 ) ;
#11411 = DIRECTION ( 'NONE',  ( -1.000000000000000000, 0.000000000000000000, 0.000000000000000000 ) ) ;
#11412 = AXIS2_PLACEMENT_3D ( 'NONE', #6779, #7623, #2442 ) ;
#11413 = AXIS2_PLACEMENT_3D ( 'NONE', #1552, #6264, #3554 ) ;
#11414 = CARTESIAN_POINT ( 'NONE',  ( 0.7559756097560973442, -0.07123666158536599846, -0.6989999999999999547 ) ) ;
#11415 = SURFACE_STYLE_FILL_AREA ( #7800 ) ;
#11416 = ORIENTED_EDGE ( 'NONE', *, *, #11229, .F. ) ;
#11417 = SURFACE_STYLE_USAGE ( .BOTH. , #745 ) ;
#11418 = DIRECTION ( 'NONE',  ( -1.000000000000000000, -0.000000000000000000, -0.000000000000000000 ) ) ;
#11419 = DIRECTION ( 'NONE',  ( -0.000000000000000000, -1.000000000000000000, 0.000000000000000000 ) ) ;
#11420 = DIRECTION ( 'NONE',  ( 0.000000000000000000, -0.000000000000000000, -1.000000000000000000 ) ) ;
#11421 = ORIENTED_EDGE ( 'NONE', *, *, #1485, .F. ) ;
#11422 = CARTESIAN_POINT ( 'NONE',  ( 0.7999999999999996003, -0.3999999999999999112, -0.6999999999999999556 ) ) ;
#11423 = ORIENTED_EDGE ( 'NONE', *, *, #9870, .T. ) ;
#11424 = CARTESIAN_POINT ( 'NONE',  ( 0.7612163867557177888, -0.04980930357180442247, -0.6990000000000001767 ) ) ;
#11425 = FILL_AREA_STYLE_COLOUR ( '', #6157 ) ;
#11426 = SURFACE_SIDE_STYLE ('',( #10609 ) ) ;
#11427 = PLANE ( 'NONE',  #3515 ) ;
#11428 = ADVANCED_FACE ( 'NONE', ( #10784 ), #750, .F. ) ;
#11429 = FILL_AREA_STYLE_COLOUR ( '', #7 ) ;
#11430 =( LENGTH_UNIT ( ) NAMED_UNIT ( * ) SI_UNIT ( .MILLI., .METRE. ) );
#11431 =( LENGTH_UNIT ( ) NAMED_UNIT ( * ) SI_UNIT ( .MILLI., .METRE. ) );
#11432 = DIRECTION ( 'NONE',  ( 0.000000000000000000, -1.000000000000000000, 2.397541290737904109E-15 ) ) ;
#11433 = CARTESIAN_POINT ( 'NONE',  ( 0.7999999999999996003, 0.4000000000000001332, 0.1000000000000000056 ) ) ;
#11434 = DIRECTION ( 'NONE',  ( 0.000000000000000000, -1.000000000000000000, 0.000000000000000000 ) ) ;
#11435 = FACE_BOUND ( 'NONE', #10360, .T. ) ;
#11436 = VERTEX_POINT ( 'NONE', #6551 ) ;
#11437 = TOROIDAL_SURFACE ( 'NONE', #9165, 0.1500000000000000777, 0.05500000000000000028 ) ;
#11438 = VERTEX_POINT ( 'NONE', #11006 ) ;
#11439 = ORIENTED_EDGE ( 'NONE', *, *, #7376, .F. ) ;
#11440 = STYLED_ITEM ( 'NONE', ( #5362 ), #3338 ) ;
#11441 = FILL_AREA_STYLE_COLOUR ( '', #7724 ) ;
#11442 = CARTESIAN_POINT ( 'NONE',  ( 0.7199999999999998623, -0.08475609756097575442, -0.6999999999999999556 ) ) ;
#11444 = VERTEX_POINT ( 'NONE', #8363 ) ;
#11443 = SURFACE_STYLE_USAGE ( .BOTH. , #3532 ) ;
#11445 = PRESENTATION_LAYER_ASSIGNMENT (  '', '', ( #4665 ) ) ;
#11446 = ADVANCED_FACE ( 'NONE', ( #2856 ), #2912, .T. ) ;
#11447 = CARTESIAN_POINT ( 'NONE',  ( 0.3599999999999999867, -0.3300000000000002931, -0.1999999999999999001 ) ) ;
#11448 = FILL_AREA_STYLE ('',( #4139 ) ) ;
#11449 = FILL_AREA_STYLE ('',( #7840 ) ) ;
#11450 = SURFACE_SIDE_STYLE ('',( #4375 ) ) ;
#11451 = ORIENTED_EDGE ( 'NONE', *, *, #1093, .T. ) ;
#11452 = EDGE_CURVE ( 'NONE', #7843, #2481, #9270, .T. ) ;
#11453 =( GEOMETRIC_REPRESENTATION_CONTEXT ( 3 ) GLOBAL_UNCERTAINTY_ASSIGNED_CONTEXT ( ( #3658 ) ) GLOBAL_UNIT_ASSIGNED_CONTEXT ( ( #2822, #3873, #10810 ) ) REPRESENTATION_CONTEXT ( 'NONE', 'WORKASPACE' ) );
#11454 = DIRECTION ( 'NONE',  ( 0.9417224702971438433, 0.3363908276654480334, 0.000000000000000000 ) ) ;
#11455 = STYLED_ITEM ( 'NONE', ( #2567 ), #2149 ) ;
#11456 =( NAMED_UNIT ( * ) SI_UNIT ( $, .STERADIAN. ) SOLID_ANGLE_UNIT ( ) );
#11457 = SURFACE_STYLE_FILL_AREA ( #8958 ) ;
#11458 = CARTESIAN_POINT ( 'NONE',  ( 0.7619207317073168895, 0.03109756097560961718, -0.6999999999999999556 ) ) ;
#11459 = EDGE_LOOP ( 'NONE', ( #5842, #7280, #2804, #8063, #6940, #2948 ) ) ;
#11460 = CARTESIAN_POINT ( 'NONE',  ( 0.8019999999999994911, -0.1800000000000000211, -0.4999999999999998890 ) ) ;
#11461 = DIRECTION ( 'NONE',  ( -1.000000000000000000, -0.000000000000000000, -0.000000000000000000 ) ) ;
#11462 = CARTESIAN_POINT ( 'NONE',  ( 0.7999999999999996003, -0.3999999999999999112, -0.6700000000000000400 ) ) ;
#11463 = CARTESIAN_POINT ( 'NONE',  ( 0.000000000000000000, -0.1800000000000002154, -0.5499999999999999334 ) ) ;
#11464 = AXIS2_PLACEMENT_3D ( 'NONE', #444, #2327, #502 ) ;
#11465 = LINE ( 'NONE', #8031, #2353 ) ;
#11466 = EDGE_CURVE ( 'NONE', #10830, #904, #322, .T. ) ;
#11467 = VERTEX_POINT ( 'NONE', #9044 ) ;
#11468 = COLOUR_RGB ( '',0.9098039215686274384, 0.4431372549019607643, 0.03137254901960784270 ) ;
#11469 = MECHANICAL_DESIGN_GEOMETRIC_PRESENTATION_REPRESENTATION (  '', ( #10916 ), #545 ) ;
#11470 = CARTESIAN_POINT ( 'NONE',  ( 0.7443711890243900342, -0.05548780487804889222, -0.6999999999999999556 ) ) ;
#11471 = EDGE_CURVE ( 'NONE', #9047, #8049, #6314, .T. ) ;
#11472 = CARTESIAN_POINT ( 'NONE',  ( 0.1429128784747791814, -0.1800000000000000211, -0.4999999999999998890 ) ) ;
#11473 = AXIS2_PLACEMENT_3D ( 'NONE', #4205, #6138, #6195 ) ;
#11474 = EDGE_LOOP ( 'NONE', ( #9724, #4515, #7592, #8549 ) ) ;
#11475 = CARTESIAN_POINT ( 'NONE',  ( 0.7200606195295805589, -0.03207373612646245015, -0.7000000000000001776 ) ) ;
#11476 = COLOUR_RGB ( '',0.7529411764705882248, 0.7529411764705882248, 0.7529411764705882248 ) ;
#11477 = CARTESIAN_POINT ( 'NONE',  ( -0.8000000000000004885, 0.4000000000000001332, 0.1000000000000000056 ) ) ;
#11478 = AXIS2_PLACEMENT_3D ( 'NONE', #1967, #2997, #10932 ) ;
#11479 = DIRECTION ( 'NONE',  ( -1.000000000000000000, -0.000000000000000000, -0.000000000000000000 ) ) ;
#11480 =( GEOMETRIC_REPRESENTATION_CONTEXT ( 3 ) GLOBAL_UNCERTAINTY_ASSIGNED_CONTEXT ( ( #3293 ) ) GLOBAL_UNIT_ASSIGNED_CONTEXT ( ( #183, #10150, #7529 ) ) REPRESENTATION_CONTEXT ( 'NONE', 'WORKASPACE' ) );
#11481 = UNCERTAINTY_MEASURE_WITH_UNIT (LENGTH_MEASURE( 1.000000000000000082E-05 ), #2375, 'distance_accuracy_value', 'NONE');
#11482 = ORIENTED_EDGE ( 'NONE', *, *, #9943, .F. ) ;
#11483 = DIRECTION ( 'NONE',  ( -1.000000000000000000, -0.000000000000000000, -0.000000000000000000 ) ) ;
#11484 = VERTEX_POINT ( 'NONE', #7277 ) ;
#11485 = CARTESIAN_POINT ( 'NONE',  ( 0.7661059628956315981, -0.04407022501981101847, -0.6989999999999998437 ) ) ;
#11486 = CYLINDRICAL_SURFACE ( 'NONE', #2238, 0.05500000000000003497 ) ;
#11487 = AXIS2_PLACEMENT_3D ( 'NONE', #6568, #10362, #11082 ) ;
#11488 = DIRECTION ( 'NONE',  ( 0.000000000000000000, 0.000000000000000000, -1.000000000000000000 ) ) ;
#11489 =( NAMED_UNIT ( * ) SI_UNIT ( $, .STERADIAN. ) SOLID_ANGLE_UNIT ( ) );
#11490 = DIRECTION ( 'NONE',  ( 0.000000000000000000, 0.000000000000000000, -1.000000000000000000 ) ) ;
#11491 = DIRECTION ( 'NONE',  ( 0.000000000000000000, 2.578241652818821251E-15, 1.000000000000000000 ) ) ;
#11492 = CARTESIAN_POINT ( 'NONE',  ( 0.7701866731002723343, 0.03906215900297351634, -0.6989999999999998437 ) ) ;
#11493 = CARTESIAN_POINT ( 'NONE',  ( -0.02291287847477906786, 0.1799999999999999101, -0.3999999999999999112 ) ) ;
#11494 =( GEOMETRIC_REPRESENTATION_CONTEXT ( 3 ) GLOBAL_UNCERTAINTY_ASSIGNED_CONTEXT ( ( #1817 ) ) GLOBAL_UNIT_ASSIGNED_CONTEXT ( ( #4394, #740, #3309 ) ) REPRESENTATION_CONTEXT ( 'NONE', 'WORKASPACE' ) );
#11495 = FILL_AREA_STYLE_COLOUR ( '', #5956 ) ;
#11496 = ORIENTED_EDGE ( 'NONE', *, *, #5549, .T. ) ;
#11497 = EDGE_LOOP ( 'NONE', ( #5474, #7902, #2679, #385 ) ) ;
#11498 = ORIENTED_EDGE ( 'NONE', *, *, #9357, .T. ) ;
#11499 = SURFACE_SIDE_STYLE ('',( #10497 ) ) ;
#11500 = EDGE_CURVE ( 'NONE', #1524, #2399, #1865, .T. ) ;
#11501 = STYLED_ITEM ( 'NONE', ( #8178 ), #5951 ) ;
#11502 = DIRECTION ( 'NONE',  ( 0.000000000000000000, -1.000000000000000000, 2.956915015869558659E-15 ) ) ;
#11503 = CARTESIAN_POINT ( 'NONE',  ( 0.7459432164634144380, 0.06829268292682913466, -0.6999999999999999556 ) ) ;
#11505 = VERTEX_POINT ( 'NONE', #5471 ) ;
#11504 = CARTESIAN_POINT ( 'NONE',  ( 0.7432572952613161199, 0.06153433058964583729, -0.7000000000000000666 ) ) ;
#11506 = VECTOR ( 'NONE', #4309, 1000.000000000000000 ) ;
#11507 =( NAMED_UNIT ( * ) PLANE_ANGLE_UNIT ( ) SI_UNIT ( $, .RADIAN. ) );
#11508 = SURFACE_STYLE_USAGE ( .BOTH. , #713 ) ;
#11509 = DIRECTION ( 'NONE',  ( -1.000000000000000000, 1.807003620809173892E-16, -0.000000000000000000 ) ) ;
#11510 =( LENGTH_UNIT ( ) NAMED_UNIT ( * ) SI_UNIT ( .MILLI., .METRE. ) );
#11511 = EDGE_LOOP ( 'NONE', ( #10660, #10593, #6945, #1774 ) ) ;
#11512 = DIRECTION ( 'NONE',  ( -7.228014483236716277E-16, 1.000000000000000000, 0.000000000000000000 ) ) ;
#11513 = ADVANCED_FACE ( 'NONE', ( #4638 ), #2040, .T. ) ;
#11514 = SURFACE_SIDE_STYLE ('',( #7904 ) ) ;
#11515 = SURFACE_SIDE_STYLE ('',( #11457 ) ) ;
#11516 = MECHANICAL_DESIGN_GEOMETRIC_PRESENTATION_REPRESENTATION (  '', ( #4737 ), #2845 ) ;
#11517 = VECTOR ( 'NONE', #2114, 1000.000000000000000 ) ;
#11518 = ORIENTED_EDGE ( 'NONE', *, *, #8601, .T. ) ;
#11519 = EDGE_CURVE ( 'NONE', #4988, #7698, #3685, .T. ) ;
#11520 = CARTESIAN_POINT ( 'NONE',  ( 0.7261083925606253153, 0.03523311418886904134, -0.6999999999999999556 ) ) ;
#11521 = DIRECTION ( 'NONE',  ( -1.000000000000000000, 0.000000000000000000, -0.000000000000000000 ) ) ;
#11522 = LINE ( 'NONE', #3745, #9552 ) ;
#11523 =( NAMED_UNIT ( * ) SI_UNIT ( $, .STERADIAN. ) SOLID_ANGLE_UNIT ( ) );
#11524 = EDGE_LOOP ( 'NONE', ( #8795, #9658, #2400, #11272 ) ) ;
#11525 = AXIS2_PLACEMENT_3D ( 'NONE', #6031, #799, #732 ) ;
#11526 = PRESENTATION_LAYER_ASSIGNMENT (  '', '', ( #5107 ) ) ;
#11527 = EDGE_CURVE ( 'NONE', #6467, #9970, #3073, .T. ) ;
#11528 =( LENGTH_UNIT ( ) NAMED_UNIT ( * ) SI_UNIT ( .MILLI., .METRE. ) );
#11529 = CARTESIAN_POINT ( 'NONE',  ( 0.000000000000000000, -0.1800000000000001321, 0.005000000000000249904 ) ) ;
#11530 = DIRECTION ( 'NONE',  ( 0.000000000000000000, -1.000000000000000000, 0.000000000000000000 ) ) ;
#11531 = CARTESIAN_POINT ( 'NONE',  ( 0.8019999999999994911, 0.1800000000000000766, -0.4999999999999998890 ) ) ;
#11532 = VERTEX_POINT ( 'NONE', #11185 ) ;
#11533 = ADVANCED_FACE ( 'NONE', ( #8484 ), #7491, .T. ) ;
#11534 = PRESENTATION_LAYER_ASSIGNMENT (  '', '', ( #1936 ) ) ;
#11535 = VECTOR ( 'NONE', #1634, 1000.000000000000000 ) ;
#11536 = AXIS2_PLACEMENT_3D ( 'NONE', #5566, #130, #7361 ) ;
#11537 = SURFACE_STYLE_FILL_AREA ( #8856 ) ;
#11538 = SURFACE_STYLE_USAGE ( .BOTH. , #7098 ) ;
#11539 = LINE ( 'NONE', #10783, #8011 ) ;
#11540 =( NAMED_UNIT ( * ) PLANE_ANGLE_UNIT ( ) SI_UNIT ( $, .RADIAN. ) );
#11541 = EDGE_CURVE ( 'NONE', #2415, #2734, #5797, .T. ) ;
#11542 = EDGE_LOOP ( 'NONE', ( #1343, #10787, #754, #10456 ) ) ;
#11543 = PRESENTATION_STYLE_ASSIGNMENT (( #627 ) ) ;
#11544 = ORIENTED_EDGE ( 'NONE', *, *, #10727, .F. ) ;
#11545 = DIRECTION ( 'NONE',  ( -9.486769009248167742E-16, -1.000000000000000000, 0.000000000000000000 ) ) ;
#11546 = FILL_AREA_STYLE ('',( #6984 ) ) ;
#11547 = LINE ( 'NONE', #1516, #3197 ) ;
#11548 = DIRECTION ( 'NONE',  ( 1.000000000000000000, 0.000000000000000000, 0.000000000000000000 ) ) ;
#11549 = CARTESIAN_POINT ( 'NONE',  ( -0.3829128784747786174, -0.2800000000000000266, -0.1999999999999999001 ) ) ;
#11550 = DIRECTION ( 'NONE',  ( -0.000000000000000000, -0.000000000000000000, -1.000000000000000000 ) ) ;
#11551 = DIRECTION ( 'NONE',  ( 0.000000000000000000, 0.000000000000000000, 1.000000000000000000 ) ) ;
#11552 = PLANE ( 'NONE',  #10639 ) ;
#11553 = DIRECTION ( 'NONE',  ( 0.000000000000000000, -1.000000000000000000, 2.464095846557965483E-15 ) ) ;
#11554 =( GEOMETRIC_REPRESENTATION_CONTEXT ( 3 ) GLOBAL_UNCERTAINTY_ASSIGNED_CONTEXT ( ( #3075 ) ) GLOBAL_UNIT_ASSIGNED_CONTEXT ( ( #10296, #9572, #1507 ) ) REPRESENTATION_CONTEXT ( 'NONE', 'WORKASPACE' ) );
#11555 = EDGE_LOOP ( 'NONE', ( #744, #9981, #8436, #10160 ) ) ;
#11556 = ORIENTED_EDGE ( 'NONE', *, *, #4243, .F. ) ;
#11557 = ORIENTED_EDGE ( 'NONE', *, *, #1542, .T. ) ;
#11558 =( NAMED_UNIT ( * ) SI_UNIT ( $, .STERADIAN. ) SOLID_ANGLE_UNIT ( ) );
#11559 =( NAMED_UNIT ( * ) SI_UNIT ( $, .STERADIAN. ) SOLID_ANGLE_UNIT ( ) );
#11560 = PRESENTATION_LAYER_ASSIGNMENT (  '', '', ( #4973 ) ) ;
#11561 = CARTESIAN_POINT ( 'NONE',  ( 0.7199999999999998623, -0.07804878048780501676, -0.6989999999999999547 ) ) ;
#11562 = AXIS2_PLACEMENT_3D ( 'NONE', #7743, #5100, #5981 ) ;
#11564 = ORIENTED_EDGE ( 'NONE', *, *, #10974, .T. ) ;
#11563 =( NAMED_UNIT ( * ) PLANE_ANGLE_UNIT ( ) SI_UNIT ( $, .RADIAN. ) );
#11565 = SURFACE_STYLE_FILL_AREA ( #6302 ) ;
#11566 = PLANE ( 'NONE',  #2359 ) ;
#11567 = CARTESIAN_POINT ( 'NONE',  ( 0.7645121951219511214, -0.005487804878048864292, -0.6989999999999999547 ) ) ;
#11568 = DIRECTION ( 'NONE',  ( 0.000000000000000000, 1.000000000000000000, -5.646886315028668105E-17 ) ) ;
#11569 = ORIENTED_EDGE ( 'NONE', *, *, #6683, .F. ) ;
#11570 = MECHANICAL_DESIGN_GEOMETRIC_PRESENTATION_REPRESENTATION (  '', ( #10063 ), #6104 ) ;
#11571 = UNCERTAINTY_MEASURE_WITH_UNIT (LENGTH_MEASURE( 1.000000000000000082E-05 ), #10038, 'distance_accuracy_value', 'NONE');
#11572 = MECHANICAL_DESIGN_GEOMETRIC_PRESENTATION_REPRESENTATION (  '', ( #4980 ), #852 ) ;
#11573 = LINE ( 'NONE', #660, #5454 ) ;
#11574 = FILL_AREA_STYLE ('',( #4438 ) ) ;
#11575 = CARTESIAN_POINT ( 'NONE',  ( 0.7598504397977695612, 0.05673533901101516369, -0.7000000000000002887 ) ) ;
#11576 = DIRECTION ( 'NONE',  ( -1.000000000000000000, 0.000000000000000000, 0.000000000000000000 ) ) ;
#11577 = MECHANICAL_DESIGN_GEOMETRIC_PRESENTATION_REPRESENTATION (  '', ( #9488 ), #5920 ) ;
#11579 = VERTEX_POINT ( 'NONE', #4037 ) ;
#11578 = CYLINDRICAL_SURFACE ( 'NONE', #10335, 0.09999999999999999167 ) ;
#11580 = VECTOR ( 'NONE', #3054, 1000.000000000000000 ) ;
#11581 = DIRECTION ( 'NONE',  ( -1.000000000000000000, -0.000000000000000000, -0.000000000000000000 ) ) ;
#11582 = EDGE_CURVE ( 'NONE', #8654, #3159, #4437, .T. ) ;
#11583 =( NAMED_UNIT ( * ) PLANE_ANGLE_UNIT ( ) SI_UNIT ( $, .RADIAN. ) );
#11584 = FACE_OUTER_BOUND ( 'NONE', #1663, .T. ) ;
#11585 = CARTESIAN_POINT ( 'NONE',  ( 0.7401003257159104454, -0.04848450128361581069, -0.6999999999999999556 ) ) ;
#11586 = FILL_AREA_STYLE ('',( #6147 ) ) ;
#11587 = COLOUR_RGB ( '',0.7529411764705882248, 0.7529411764705882248, 0.7529411764705882248 ) ;
#11588 = EDGE_LOOP ( 'NONE', ( #10912, #7060, #3623, #8205 ) ) ;
#11589 = ADVANCED_FACE ( 'NONE', ( #1269 ), #5918, .T. ) ;
#11590 = STYLED_ITEM ( 'NONE', ( #7071 ), #9797 ) ;
#11591 = DIRECTION ( 'NONE',  ( -1.000000000000000000, -0.000000000000000000, -0.000000000000000000 ) ) ;
#11592 = SURFACE_SIDE_STYLE ('',( #5406 ) ) ;
#11593 = ORIENTED_EDGE ( 'NONE', *, *, #3504, .T. ) ;
#11594 = AXIS2_PLACEMENT_3D ( 'NONE', #10846, #4578, #5528 ) ;
#11595 =( NAMED_UNIT ( * ) SI_UNIT ( $, .STERADIAN. ) SOLID_ANGLE_UNIT ( ) );
#11596 = SURFACE_SIDE_STYLE ('',( #812 ) ) ;
#11597 = DIRECTION ( 'NONE',  ( -5.421010862427520198E-16, -1.000000000000000000, 0.000000000000000000 ) ) ;
#11598 = UNCERTAINTY_MEASURE_WITH_UNIT (LENGTH_MEASURE( 1.000000000000000082E-05 ), #11528, 'distance_accuracy_value', 'NONE');
#11599 = EDGE_CURVE ( 'NONE', #2681, #5093, #8909, .T. ) ;
#11600 = EDGE_LOOP ( 'NONE', ( #9010, #10039, #6668, #506 ) ) ;
#11601 = EDGE_CURVE ( 'NONE', #9020, #8423, #10528, .T. ) ;
#11602 = AXIS2_PLACEMENT_3D ( 'NONE', #10664, #1684, #11655 ) ;
#11603 = EDGE_LOOP ( 'NONE', ( #11237, #2775, #6915, #8006 ) ) ;
#11604 = CARTESIAN_POINT ( 'NONE',  ( 0.7289487912345843368, -0.08191217334991188204, -0.6989999999999997327 ) ) ;
#11605 =( NAMED_UNIT ( * ) SI_UNIT ( $, .STERADIAN. ) SOLID_ANGLE_UNIT ( ) );
#11606 = VECTOR ( 'NONE', #102, 1000.000000000000000 ) ;
#11607 = FILL_AREA_STYLE ('',( #7995 ) ) ;
#11608 = CARTESIAN_POINT ( 'NONE',  ( -0.5000000000000004441, -0.1800000000000000211, -0.1999999999999998723 ) ) ;
#11609 = FILL_AREA_STYLE_COLOUR ( '', #2861 ) ;
#11610 = CARTESIAN_POINT ( 'NONE',  ( -0.1199999999999999956, -0.1800000000000001876, -0.1999999999999998723 ) ) ;
#11611 =( NAMED_UNIT ( * ) SI_UNIT ( $, .STERADIAN. ) SOLID_ANGLE_UNIT ( ) );
#11612 = FILL_AREA_STYLE ('',( #8001 ) ) ;
#11613 = FILL_AREA_STYLE_COLOUR ( '', #2725 ) ;
#11614 = SURFACE_STYLE_FILL_AREA ( #8004 ) ;
#11615 = ORIENTED_EDGE ( 'NONE', *, *, #1646, .T. ) ;
#11616 = ORIENTED_EDGE ( 'NONE', *, *, #1088, .T. ) ;
#11617 = VECTOR ( 'NONE', #6122, 1000.000000000000000 ) ;
#11618 = LINE ( 'NONE', #3407, #2809 ) ;
#11619 = FILL_AREA_STYLE ('',( #11674 ) ) ;
#11620 =( GEOMETRIC_REPRESENTATION_CONTEXT ( 3 ) GLOBAL_UNCERTAINTY_ASSIGNED_CONTEXT ( ( #7409 ) ) GLOBAL_UNIT_ASSIGNED_CONTEXT ( ( #6400, #3646, #7240 ) ) REPRESENTATION_CONTEXT ( 'NONE', 'WORKASPACE' ) );
#11621 = CARTESIAN_POINT ( 'NONE',  ( -0.5000000000000004441, -0.4000000000000000222, -0.6700000000000000400 ) ) ;
#11622 = EDGE_CURVE ( 'NONE', #8598, #2129, #6034, .T. ) ;
#11623 = ORIENTED_EDGE ( 'NONE', *, *, #6878, .T. ) ;
#11624 = CARTESIAN_POINT ( 'NONE',  ( 0.7459432164634144380, 0.06829268292682913466, -0.6989999999999999547 ) ) ;
#11625 =( NAMED_UNIT ( * ) SI_UNIT ( $, .STERADIAN. ) SOLID_ANGLE_UNIT ( ) );
#11626 = CARTESIAN_POINT ( 'NONE',  ( 0.7280792682926827686, 0.03109756097560961718, -0.6999999999999999556 ) ) ;
#11627 =( NAMED_UNIT ( * ) SI_UNIT ( $, .STERADIAN. ) SOLID_ANGLE_UNIT ( ) );
#11628 = AXIS2_PLACEMENT_3D ( 'NONE', #1567, #5939, #632 ) ;
#11629 = VERTEX_POINT ( 'NONE', #736 ) ;
#11630 = LINE ( 'NONE', #7012, #4689 ) ;
#11631 = ORIENTED_EDGE ( 'NONE', *, *, #10882, .F. ) ;
#11632 = MECHANICAL_DESIGN_GEOMETRIC_PRESENTATION_REPRESENTATION (  '', ( #10312 ), #10713 ) ;
#11633 = DIRECTION ( 'NONE',  ( -1.000000000000000000, -0.000000000000000000, -0.000000000000000000 ) ) ;
#11634 = CARTESIAN_POINT ( 'NONE',  ( 0.7517465603482156311, 0.06093370453716204921, -0.6989999999999999547 ) ) ;
#11635 = ORIENTED_EDGE ( 'NONE', *, *, #4654, .F. ) ;
#11636 = CARTESIAN_POINT ( 'NONE',  ( 0.7547097790745465051, -0.04677719511181372553, -0.6999999999999999556 ) ) ;
#11637 =( NAMED_UNIT ( * ) SI_UNIT ( $, .STERADIAN. ) SOLID_ANGLE_UNIT ( ) );
#11638 = SURFACE_STYLE_FILL_AREA ( #730 ) ;
#11639 = CARTESIAN_POINT ( 'NONE',  ( 0.7315017940385823980, -0.04471082710358808415, -0.7000000000000000666 ) ) ;
#11640 = ORIENTED_EDGE ( 'NONE', *, *, #11677, .T. ) ;
#11641 = PRESENTATION_LAYER_ASSIGNMENT (  '', '', ( #7859 ) ) ;
#11642 = PLANE ( 'NONE',  #11413 ) ;
#11643 = ORIENTED_EDGE ( 'NONE', *, *, #8067, .F. ) ;
#11644 = VECTOR ( 'NONE', #2266, 1000.000000000000000 ) ;
#11645 = LINE ( 'NONE', #9091, #1902 ) ;
#11646 = ADVANCED_FACE ( 'NONE', ( #801 ), #11642, .F. ) ;
#11647 = CARTESIAN_POINT ( 'NONE',  ( 0.8019999999999994911, 0.1800000000000000766, -0.3999999999999999112 ) ) ;
#11648 = CARTESIAN_POINT ( 'NONE',  ( -0.3599999999999999867, -0.3300000000000002376, -0.3999999999999999667 ) ) ;
#11649 = PRESENTATION_LAYER_ASSIGNMENT (  '', '', ( #5437 ) ) ;
#11650 = B_SPLINE_CURVE_WITH_KNOTS ( 'NONE', 3,
 ( #9512, #2274, #4989, #7683, #5980, #5098, #6729, #616, #11190, #7799, #3310, #5859, #1275, #4866, #9451, #3080, #6678, #1389, #929 ),
 .UNSPECIFIED., .F., .F.,
 ( 4, 1, 1, 1, 1, 1, 1, 1, 1, 1, 1, 1, 1, 1, 1, 1, 4 ),
 ( 0.000000000000000000, 0.07064215072300222831, 0.1382536470674244067, 0.2033596107954853405, 0.2662484148830680519, 0.3279196778882909613, 0.3887512814041687026, 0.4494357474917632933, 0.5108718673107421893, 0.5720888932305397967, 0.6317426019427838657, 0.6911240658607695764, 0.7503655699490042741, 0.8100371166225082131, 0.8713653057843916416, 0.9344285965418710482, 1.000000000000000000 ),
 .UNSPECIFIED. ) ;
#11651 = VERTEX_POINT ( 'NONE', #674 ) ;
#11652 = VECTOR ( 'NONE', #8551, 1000.000000000000000 ) ;
#11653 = FACE_BOUND ( 'NONE', #1499, .T. ) ;
#11654 = CARTESIAN_POINT ( 'NONE',  ( -0.02291287847477863765, -0.2800000000000000266, -0.1999999999999999001 ) ) ;
#11655 = DIRECTION ( 'NONE',  ( 0.000000000000000000, 0.000000000000000000, -1.000000000000000000 ) ) ;
#11656 = DIRECTION ( 'NONE',  ( -0.000000000000000000, -0.000000000000000000, 1.000000000000000000 ) ) ;
#11657 = MECHANICAL_DESIGN_GEOMETRIC_PRESENTATION_REPRESENTATION (  '', ( #2961 ), #9187 ) ;
#11658 = VERTEX_POINT ( 'NONE', #4217 ) ;
#11659 = ORIENTED_EDGE ( 'NONE', *, *, #2989, .F. ) ;
#11660 = CARTESIAN_POINT ( 'NONE',  ( 0.3599999999999999867, 0.1799999999999999378, -0.04999999999999975298 ) ) ;
#11661 = SURFACE_STYLE_USAGE ( .BOTH. , #4469 ) ;
#11662 = SURFACE_STYLE_FILL_AREA ( #6054 ) ;
#11663 = EDGE_CURVE ( 'NONE', #7831, #7643, #9815, .T. ) ;
#11664 = FACE_OUTER_BOUND ( 'NONE', #4702, .T. ) ;
#11665 = AXIS2_PLACEMENT_3D ( 'NONE', #6648, #2193, #9307 ) ;
#11666 =( LENGTH_UNIT ( ) NAMED_UNIT ( * ) SI_UNIT ( .MILLI., .METRE. ) );
#11667 = DIRECTION ( 'NONE',  ( 0.000000000000000000, 0.000000000000000000, 1.000000000000000000 ) ) ;
#11668 =( NAMED_UNIT ( * ) SI_UNIT ( $, .STERADIAN. ) SOLID_ANGLE_UNIT ( ) );
#11669 = VERTEX_POINT ( 'NONE', #7860 ) ;
#11670 = DIRECTION ( 'NONE',  ( -1.000000000000000000, -0.000000000000000000, -0.000000000000000000 ) ) ;
#11671 = ORIENTED_EDGE ( 'NONE', *, *, #7028, .T. ) ;
#11672 = MECHANICAL_DESIGN_GEOMETRIC_PRESENTATION_REPRESENTATION (  '', ( #8619 ), #2071 ) ;
#11673 = CARTESIAN_POINT ( 'NONE',  ( -0.5000000000000004441, 0.2800000000000000266, -0.3999999999999999112 ) ) ;
#11674 = FILL_AREA_STYLE_COLOUR ( '', #396 ) ;
#11675 = PRESENTATION_STYLE_ASSIGNMENT (( #168 ) ) ;
#11676 = ORIENTED_EDGE ( 'NONE', *, *, #7389, .T. ) ;
#11677 = EDGE_CURVE ( 'NONE', #10830, #2399, #5156, .T. ) ;
#11678 = AXIS2_PLACEMENT_3D ( 'NONE', #7699, #11203, #8502 ) ;
#11679 = FACE_OUTER_BOUND ( 'NONE', #7250, .T. ) ;
#11680 = DIRECTION ( 'NONE',  ( 1.000000000000000000, -1.807003620809173892E-16, 0.000000000000000000 ) ) ;
#11681 = ORIENTED_EDGE ( 'NONE', *, *, #7303, .F. ) ;
#11682 = UNCERTAINTY_MEASURE_WITH_UNIT (LENGTH_MEASURE( 1.000000000000000082E-05 ), #5217, 'distance_accuracy_value', 'NONE');
#11683 = ADVANCED_FACE ( 'NONE', ( #3428 ), #1798, .T. ) ;
#11684 = DIRECTION ( 'NONE',  ( -0.000000000000000000, -1.000000000000000000, 5.646886315028668105E-17 ) ) ;
ENDSEC;
END-ISO-10303-21;
