#VRML V2.0 utf8

Shape {
  appearance Appearance {
    material Material {
      diffuseColor 0.6471 0.6196 0.5882
      specularColor 0.4510 0.4353 0.4118
      ambientIntensity 0.2
      transparency 0.0000
      shininess 0.5
    }
  }
  geometry IndexedFaceSet {
    ccw TRUE
    solid FALSE
    coord DEF co Coordinate {
      point [
        -0.472441 -1.614173 1.680819,
        -0.472441 -1.220472 1.680819,
        -0.413386 -1.614173 1.680819,
        -0.413386 -1.220472 1.680819,
        -0.472441 -1.220472 1.850394,
        -0.472441 -1.614173 1.850394,
        -0.413386 -1.614173 1.850394,
        -0.413386 -1.220472 1.850394,
        -0.474662 -1.220472 1.870105,
        -0.474662 -1.614173 1.870105,
        -0.481213 -1.220472 1.888828,
        -0.481213 -1.614173 1.888828,
        -0.491767 -1.220472 1.905624,
        -0.491767 -1.614173 1.905624,
        -0.505793 -1.220472 1.919650,
        -0.505793 -1.614173 1.919650,
        -0.522589 -1.220472 1.930204,
        -0.522589 -1.614173 1.930204,
        -0.541312 -1.220472 1.936756,
        -0.541312 -1.614173 1.936756,
        -0.561024 -1.220472 1.938976,
        -0.561024 -1.614173 1.938976,
        -0.561024 -1.614173 1.998031,
        -0.522812 -1.614173 1.993001,
        -0.487205 -1.614173 1.978252,
        -0.456628 -1.614173 1.954789,
        -0.418417 -1.614173 1.888605,
        -0.433165 -1.614173 1.924213,
        -0.561024 -1.220472 1.998031,
        -0.522812 -1.220472 1.993001,
        -0.487205 -1.220472 1.978252,
        -0.456628 -1.220472 1.954789,
        -0.433165 -1.220472 1.924213,
        -0.418417 -1.220472 1.888605,
        -0.915354 -1.220472 1.938976,
        -0.915354 -1.614173 1.938976,
        -0.915354 -1.614173 1.998031,
        -0.915354 -1.220472 1.998031,
        -0.938281 -1.220472 1.935958,
        -0.938281 -1.614173 1.935958,
        -0.959646 -1.220472 1.927109,
        -0.959646 -1.614173 1.927109,
        -0.977992 -1.220472 1.913031,
        -0.977992 -1.614173 1.913031,
        -0.992069 -1.220472 1.894685,
        -0.992069 -1.614173 1.894685,
        -1.000919 -1.220472 1.873320,
        -1.000919 -1.614173 1.873320,
        -1.003937 -1.220472 1.850394,
        -1.003937 -1.614173 1.850394,
        -0.953566 -1.614173 1.993001,
        -0.989173 -1.614173 1.978252,
        -1.019750 -1.614173 1.954789,
        -1.043213 -1.614173 1.924213,
        -1.057961 -1.614173 1.888605,
        -1.062992 -1.614173 1.850394,
        -1.062992 -1.220472 1.850394,
        -1.057961 -1.220472 1.888605,
        -1.043213 -1.220472 1.924213,
        -1.019750 -1.220472 1.954789,
        -0.989173 -1.220472 1.978252,
        -0.953566 -1.220472 1.993001,
        -1.003937 -1.614173 0.000000,
        -1.003937 -1.614173 0.003282,
        -1.062992 -1.614173 0.000000,
        -1.003937 -1.614173 0.569327,
        -1.003937 -1.614173 0.604257,
        -1.003937 -1.614173 0.902006,
        -1.003937 -1.614173 0.640130,
        -1.003937 -1.614173 0.676946,
        -1.003937 -1.614173 0.714704,
        -1.003937 -1.614173 0.753406,
        -1.003937 -1.614173 0.859878,
        -1.062992 -1.220472 0.000000,
        -1.003937 -1.220472 0.003282,
        -1.003937 -1.220472 0.000000,
        -1.003937 -1.220472 0.902006,
        -1.003937 -1.220472 0.640130,
        -1.003937 -1.220472 0.604257,
        -1.003937 -1.220472 0.569327,
        -1.003937 -1.220472 0.753406,
        -1.003937 -1.220472 0.714704,
        -1.003937 -1.220472 0.676946,
        -1.003937 -1.220472 0.859878,
        -1.062992 -1.614173 -0.059055,
        -1.062992 -1.220472 -0.059055,
        -1.059451 -1.220472 -0.058952,
        -1.053743 -1.614173 -0.058305,
        -1.053791 -1.220472 -0.058017,
        -1.047450 -1.220472 -0.056970,
        -1.039533 -1.614173 -0.054139,
        -1.039630 -1.220472 -0.053893,
        -1.035545 -1.220472 -0.052286,
        -1.027088 -1.614173 -0.046867,
        -1.027204 -1.220472 -0.046693,
        -1.024920 -1.220472 -0.045162,
        -1.016639 -1.614173 -0.036587,
        -1.016703 -1.220472 -0.036526,
        -1.009100 -1.614173 -0.024148,
        -1.016065 -1.220472 -0.035855,
        -1.009442 -1.220472 -0.024917,
        -1.009174 -1.220472 -0.024122,
        -1.005320 -1.220472 -0.012703,
        -1.004918 -1.614173 -0.010719,
        -1.005102 -1.220472 -0.010699,
        -1.574803 -1.220472 -0.059055,
        -1.574803 -1.614173 -0.059055,
        -1.618606 -1.609238 -0.059055,
        -1.660213 -1.594679 -0.059055,
        -1.697537 -1.571227 -0.059055,
        -1.728707 -1.540057 -0.059055,
        -1.752159 -1.502733 -0.059055,
        -1.766718 -1.461126 -0.059055,
        -1.771654 -1.417323 -0.059055,
        -1.766718 -1.373519 -0.059055,
        -1.752159 -1.331913 -0.059055,
        -1.728707 -1.294589 -0.059055,
        -1.697537 -1.263419 -0.059055,
        -1.660213 -1.239967 -0.059055,
        -1.618606 -1.225408 -0.059055,
        -1.574803 -1.614173 0.000000,
        -1.766718 -1.373519 0.000000,
        -1.574803 -1.220472 0.000000,
        -1.752159 -1.331913 0.000000,
        -1.618606 -1.225408 0.000000,
        -1.660213 -1.239967 0.000000,
        -1.697537 -1.263419 0.000000,
        -1.728707 -1.294589 0.000000,
        -1.771654 -1.417323 0.000000,
        -1.766718 -1.461126 0.000000,
        -1.752159 -1.502733 0.000000,
        -1.728707 -1.540057 0.000000,
        -1.697537 -1.571227 0.000000,
        -1.660213 -1.594679 0.000000,
        -1.618606 -1.609238 0.000000,
        -0.472441 1.141732 1.680819,
        -0.472441 1.535433 1.680819,
        -0.413386 1.141732 1.680819,
        -0.413386 1.535433 1.680819,
        -0.472441 1.535433 1.850394,
        -0.472441 1.141732 1.850394,
        -0.413386 1.141732 1.850394,
        -0.413386 1.535433 1.850394,
        -0.474662 1.535433 1.870105,
        -0.474662 1.141732 1.870105,
        -0.481213 1.535433 1.888828,
        -0.481213 1.141732 1.888828,
        -0.491767 1.535433 1.905624,
        -0.491767 1.141732 1.905624,
        -0.505793 1.535433 1.919650,
        -0.505793 1.141732 1.919650,
        -0.522589 1.535433 1.930204,
        -0.522589 1.141732 1.930204,
        -0.541312 1.535433 1.936756,
        -0.541312 1.141732 1.936756,
        -0.561024 1.535433 1.938976,
        -0.561024 1.141732 1.938976,
        -0.561024 1.141732 1.998031,
        -0.522812 1.141732 1.993001,
        -0.487205 1.141732 1.978252,
        -0.456628 1.141732 1.954789,
        -0.418417 1.141732 1.888605,
        -0.433165 1.141732 1.924213,
        -0.561024 1.535433 1.998031,
        -0.522812 1.535433 1.993001,
        -0.487205 1.535433 1.978252,
        -0.456628 1.535433 1.954789,
        -0.433165 1.535433 1.924213,
        -0.418417 1.535433 1.888605,
        -0.915354 1.535433 1.938976,
        -0.915354 1.141732 1.938976,
        -0.915354 1.141732 1.998031,
        -0.915354 1.535433 1.998031,
        -0.938281 1.535433 1.935958,
        -0.938281 1.141732 1.935958,
        -0.959646 1.535433 1.927109,
        -0.959646 1.141732 1.927109,
        -0.977992 1.535433 1.913031,
        -0.977992 1.141732 1.913031,
        -0.992069 1.535433 1.894685,
        -0.992069 1.141732 1.894685,
        -1.000919 1.535433 1.873320,
        -1.000919 1.141732 1.873320,
        -1.003937 1.535433 1.850394,
        -1.003937 1.141732 1.850394,
        -0.953566 1.141732 1.993001,
        -0.989173 1.141732 1.978252,
        -1.019750 1.141732 1.954789,
        -1.043213 1.141732 1.924213,
        -1.057961 1.141732 1.888605,
        -1.062992 1.141732 1.850394,
        -1.062992 1.535433 1.850394,
        -1.057961 1.535433 1.888605,
        -1.043213 1.535433 1.924213,
        -1.019750 1.535433 1.954789,
        -0.989173 1.535433 1.978252,
        -0.953566 1.535433 1.993001,
        -1.003937 1.141732 0.902006,
        -1.062992 1.141732 0.000000,
        -1.003937 1.141732 -0.000000,
        -1.003937 1.141732 0.003282,
        -1.003937 1.141732 0.569327,
        -1.003937 1.141732 0.604257,
        -1.003937 1.141732 0.640130,
        -1.003937 1.141732 0.676946,
        -1.003937 1.141732 0.714704,
        -1.003937 1.141732 0.753406,
        -1.003937 1.141732 0.859878,
        -1.062992 1.535433 0.000000,
        -1.003937 1.535433 0.604257,
        -1.003937 1.535433 0.569327,
        -1.003937 1.535433 0.003282,
        -1.003937 1.535433 0.000000,
        -1.003937 1.535433 0.902006,
        -1.003937 1.535433 0.753406,
        -1.003937 1.535433 0.714704,
        -1.003937 1.535433 0.676946,
        -1.003937 1.535433 0.640130,
        -1.003937 1.535433 0.859878,
        -1.062992 1.141732 -0.059055,
        -1.062992 1.535433 -0.059055,
        -1.059451 1.535433 -0.058952,
        -1.053743 1.141732 -0.058305,
        -1.053791 1.535433 -0.058017,
        -1.047450 1.535433 -0.056970,
        -1.039533 1.141732 -0.054139,
        -1.039630 1.535433 -0.053893,
        -1.035545 1.535433 -0.052286,
        -1.027088 1.141732 -0.046867,
        -1.027204 1.535433 -0.046693,
        -1.024920 1.535433 -0.045162,
        -1.016639 1.141732 -0.036587,
        -1.016703 1.535433 -0.036526,
        -1.009100 1.141732 -0.024148,
        -1.016065 1.535433 -0.035855,
        -1.009442 1.535433 -0.024917,
        -1.009174 1.535433 -0.024122,
        -1.005320 1.535433 -0.012703,
        -1.004918 1.141732 -0.010719,
        -1.005102 1.535433 -0.010699,
        -1.574803 1.535433 -0.059055,
        -1.574803 1.141732 -0.059055,
        -1.618606 1.146668 -0.059055,
        -1.697537 1.492487 -0.059055,
        -1.660213 1.515939 -0.059055,
        -1.618606 1.530498 -0.059055,
        -1.660213 1.161227 -0.059055,
        -1.697537 1.184679 -0.059055,
        -1.728707 1.215848 -0.059055,
        -1.752159 1.253172 -0.059055,
        -1.766718 1.294780 -0.059055,
        -1.771654 1.338583 -0.059055,
        -1.766718 1.382386 -0.059055,
        -1.752159 1.423993 -0.059055,
        -1.728707 1.461317 -0.059055,
        -1.574803 1.141732 0.000000,
        -1.618606 1.146668 0.000000,
        -1.771654 1.338583 0.000000,
        -1.766718 1.382386 0.000000,
        -1.574803 1.535433 0.000000,
        -1.752159 1.253172 0.000000,
        -1.728707 1.215848 0.000000,
        -1.697537 1.184679 0.000000,
        -1.766718 1.294780 0.000000,
        -1.660213 1.161227 0.000000,
        -1.618606 1.530498 0.000000,
        -1.660213 1.515939 0.000000,
        -1.697537 1.492487 0.000000,
        -1.728707 1.461317 0.000000,
        -1.752159 1.423993 0.000000,
        0.472441 0.787402 1.628652,
        0.472441 0.393701 1.628652,
        0.413386 0.787402 1.628652,
        0.413386 0.393701 1.628652,
        0.472441 0.393701 1.850394,
        0.472441 0.787402 1.850394,
        0.413386 0.787402 1.850394,
        0.413386 0.393701 1.850394,
        0.475459 0.393701 1.873320,
        0.475459 0.787402 1.873320,
        0.484309 0.393701 1.894685,
        0.484309 0.787402 1.894685,
        0.498386 0.393701 1.913031,
        0.498386 0.787402 1.913031,
        0.516732 0.393701 1.927109,
        0.516732 0.787402 1.927109,
        0.538097 0.393701 1.935958,
        0.538097 0.787402 1.935958,
        0.561024 0.393701 1.938976,
        0.561024 0.787402 1.938976,
        0.418417 0.787402 1.888605,
        0.433165 0.787402 1.924213,
        0.456628 0.787402 1.954789,
        0.487205 0.787402 1.978252,
        0.522812 0.787402 1.993001,
        0.561024 0.787402 1.998031,
        0.561024 0.393701 1.998031,
        0.522812 0.393701 1.993001,
        0.487205 0.393701 1.978252,
        0.456628 0.393701 1.954789,
        0.433165 0.393701 1.924213,
        0.418417 0.393701 1.888605,
        0.915354 0.393701 1.938976,
        0.915354 0.787402 1.938976,
        0.915354 0.787402 1.998031,
        0.915354 0.393701 1.998031,
        0.938281 0.393701 1.935958,
        0.938281 0.787402 1.935958,
        0.959646 0.393701 1.927109,
        0.959646 0.787402 1.927109,
        0.977992 0.393701 1.913031,
        0.977992 0.787402 1.913031,
        0.992069 0.393701 1.894685,
        0.992069 0.787402 1.894685,
        1.000919 0.393701 1.873320,
        1.000919 0.787402 1.873320,
        1.003937 0.393701 1.850394,
        1.003937 0.787402 1.850394,
        0.953566 0.787402 1.993001,
        0.989173 0.787402 1.978252,
        1.019750 0.787402 1.954789,
        1.043213 0.787402 1.924213,
        1.057961 0.787402 1.888605,
        1.062992 0.787402 1.850394,
        1.062992 0.393701 1.850394,
        1.057961 0.393701 1.888605,
        1.043213 0.393701 1.924213,
        1.019750 0.393701 1.954789,
        0.989173 0.393701 1.978252,
        0.953566 0.393701 1.993001,
        1.003937 0.787402 0.012893,
        1.062992 0.787402 0.000000,
        1.003935 0.787402 0.000543,
        1.003937 0.787402 0.000000,
        1.003937 0.787402 0.427812,
        1.003937 0.787402 0.072167,
        1.062992 0.393701 0.000000,
        1.003937 0.393701 0.000000,
        1.003935 0.393701 0.000543,
        1.003937 0.393701 0.012893,
        1.003937 0.393701 0.427812,
        1.003937 0.393701 0.072167,
        1.062992 0.393701 -0.059055,
        1.059451 0.393701 -0.058952,
        1.062992 0.787402 -0.059055,
        1.057060 0.787402 -0.058746,
        1.057091 0.393701 -0.058562,
        1.047450 0.393701 -0.056970,
        1.042560 0.787402 -0.055353,
        1.042665 0.393701 -0.055087,
        1.035545 0.393701 -0.052286,
        1.029740 0.787402 -0.048770,
        1.029914 0.393701 -0.048510,
        1.024920 0.393701 -0.045162,
        1.018722 0.787402 -0.039085,
        1.018941 0.393701 -0.038877,
        1.016065 0.393701 -0.035855,
        1.010475 0.787402 -0.027005,
        1.010644 0.393701 -0.026903,
        1.009442 0.393701 -0.024917,
        1.005623 0.787402 -0.014011,
        1.005748 0.393701 -0.013969,
        1.005320 0.393701 -0.012703,
        1.574803 0.393701 -0.059055,
        1.574803 0.787402 -0.059055,
        1.618606 0.398636 -0.059055,
        1.728707 0.467817 -0.059055,
        1.752159 0.505141 -0.059055,
        1.766718 0.546748 -0.059055,
        1.697537 0.436647 -0.059055,
        1.660213 0.413195 -0.059055,
        1.697537 0.744455 -0.059055,
        1.728707 0.713285 -0.059055,
        1.660213 0.767907 -0.059055,
        1.618606 0.782466 -0.059055,
        1.752159 0.675961 -0.059055,
        1.766718 0.634354 -0.059055,
        1.771654 0.590551 -0.059055,
        1.574803 0.787402 -0.000000,
        1.574803 0.393701 -0.000000,
        1.618606 0.398636 -0.000000,
        1.660213 0.413195 -0.000000,
        1.697537 0.436647 -0.000000,
        1.728707 0.467817 -0.000000,
        1.752159 0.505141 -0.000000,
        1.766718 0.546748 -0.000000,
        1.771654 0.590551 0.000000,
        1.766718 0.634354 -0.000000,
        1.752159 0.675961 -0.000000,
        1.728707 0.713285 -0.000000,
        1.697537 0.744455 -0.000000,
        1.660213 0.767907 -0.000000,
        1.618606 0.782466 -0.000000,
      ]
    }
    coordIndex [
      0, 1, 2, -1,
      2, 1, 3, -1,
      4, 1, 5, -1,
      5, 1, 0, -1,
      5, 0, 6, -1,
      6, 0, 2, -1,
      6, 2, 7, -1,
      7, 2, 3, -1,
      3, 1, 7, -1,
      7, 1, 4, -1,
      4, 5, 8, -1,
      8, 5, 9, -1,
      8, 9, 10, -1,
      10, 9, 11, -1,
      10, 11, 12, -1,
      12, 11, 13, -1,
      12, 13, 14, -1,
      14, 13, 15, -1,
      14, 15, 16, -1,
      16, 15, 17, -1,
      16, 17, 18, -1,
      18, 17, 19, -1,
      18, 19, 20, -1,
      20, 19, 21, -1,
      22, 21, 23, -1,
      23, 21, 19, -1,
      23, 19, 24, -1,
      24, 19, 17, -1,
      24, 17, 25, -1,
      5, 6, 9, -1,
      9, 6, 26, -1,
      9, 26, 11, -1,
      11, 26, 27, -1,
      11, 27, 13, -1,
      13, 27, 25, -1,
      13, 25, 15, -1,
      15, 25, 17, -1,
      28, 22, 23, -1,
      28, 23, 29, -1,
      29, 23, 24, -1,
      29, 24, 30, -1,
      30, 24, 25, -1,
      30, 25, 31, -1,
      31, 25, 27, -1,
      31, 27, 32, -1,
      32, 27, 26, -1,
      32, 26, 33, -1,
      33, 26, 6, -1,
      33, 6, 7, -1,
      7, 4, 33, -1,
      33, 4, 8, -1,
      33, 8, 32, -1,
      32, 8, 10, -1,
      32, 10, 31, -1,
      20, 28, 18, -1,
      18, 28, 29, -1,
      18, 29, 16, -1,
      16, 29, 30, -1,
      16, 30, 14, -1,
      14, 30, 31, -1,
      14, 31, 12, -1,
      12, 31, 10, -1,
      34, 20, 35, -1,
      35, 20, 21, -1,
      35, 21, 36, -1,
      36, 21, 22, -1,
      36, 22, 37, -1,
      37, 22, 28, -1,
      28, 20, 37, -1,
      37, 20, 34, -1,
      34, 35, 38, -1,
      38, 35, 39, -1,
      38, 39, 40, -1,
      40, 39, 41, -1,
      40, 41, 42, -1,
      42, 41, 43, -1,
      42, 43, 44, -1,
      44, 43, 45, -1,
      44, 45, 46, -1,
      46, 45, 47, -1,
      46, 47, 48, -1,
      48, 47, 49, -1,
      35, 36, 39, -1,
      39, 36, 50, -1,
      39, 50, 41, -1,
      41, 50, 51, -1,
      41, 51, 43, -1,
      43, 51, 52, -1,
      43, 52, 45, -1,
      45, 52, 53, -1,
      45, 53, 47, -1,
      47, 53, 54, -1,
      47, 54, 49, -1,
      49, 54, 55, -1,
      56, 55, 54, -1,
      56, 54, 57, -1,
      57, 54, 53, -1,
      57, 53, 58, -1,
      58, 53, 52, -1,
      58, 52, 59, -1,
      59, 52, 51, -1,
      59, 51, 60, -1,
      60, 51, 50, -1,
      60, 50, 61, -1,
      61, 50, 36, -1,
      61, 36, 37, -1,
      48, 56, 46, -1,
      46, 56, 57, -1,
      46, 57, 44, -1,
      44, 57, 58, -1,
      44, 58, 42, -1,
      42, 58, 59, -1,
      42, 59, 40, -1,
      40, 59, 60, -1,
      40, 60, 38, -1,
      38, 60, 61, -1,
      38, 61, 34, -1,
      34, 61, 37, -1,
      62, 63, 64, -1,
      64, 63, 65, -1,
      64, 65, 66, -1,
      49, 55, 67, -1,
      67, 55, 64, -1,
      66, 68, 64, -1,
      64, 68, 69, -1,
      64, 69, 70, -1,
      70, 71, 64, -1,
      64, 71, 72, -1,
      64, 72, 67, -1,
      64, 55, 73, -1,
      73, 55, 56, -1,
      74, 75, 73, -1,
      56, 48, 76, -1,
      77, 78, 73, -1,
      73, 78, 79, -1,
      73, 79, 74, -1,
      80, 81, 73, -1,
      73, 81, 82, -1,
      73, 82, 77, -1,
      56, 76, 73, -1,
      73, 76, 83, -1,
      73, 83, 80, -1,
      84, 85, 86, -1,
      84, 86, 87, -1,
      86, 88, 87, -1,
      87, 88, 89, -1,
      87, 89, 90, -1,
      89, 91, 90, -1,
      90, 91, 92, -1,
      90, 92, 93, -1,
      92, 94, 93, -1,
      93, 94, 95, -1,
      93, 95, 96, -1,
      96, 95, 97, -1,
      96, 97, 98, -1,
      98, 97, 99, -1,
      98, 99, 100, -1,
      100, 101, 98, -1,
      98, 101, 102, -1,
      98, 102, 103, -1,
      103, 102, 104, -1,
      103, 104, 62, -1,
      62, 104, 75, -1,
      62, 75, 63, -1,
      75, 74, 63, -1,
      63, 74, 79, -1,
      63, 79, 65, -1,
      65, 79, 78, -1,
      65, 78, 66, -1,
      66, 78, 77, -1,
      66, 77, 68, -1,
      68, 77, 82, -1,
      68, 82, 69, -1,
      69, 82, 81, -1,
      69, 81, 70, -1,
      70, 81, 80, -1,
      70, 80, 71, -1,
      71, 80, 83, -1,
      71, 83, 72, -1,
      72, 83, 76, -1,
      72, 76, 67, -1,
      67, 76, 48, -1,
      67, 48, 49, -1,
      103, 62, 64, -1,
      84, 87, 64, -1,
      64, 87, 90, -1,
      64, 90, 93, -1,
      93, 96, 64, -1,
      64, 96, 98, -1,
      64, 98, 103, -1,
      89, 88, 73, -1,
      73, 88, 86, -1,
      73, 86, 85, -1,
      75, 104, 73, -1,
      73, 104, 102, -1,
      102, 101, 73, -1,
      73, 101, 100, -1,
      73, 100, 99, -1,
      99, 97, 73, -1,
      73, 97, 95, -1,
      73, 95, 94, -1,
      94, 92, 73, -1,
      73, 92, 91, -1,
      73, 91, 89, -1,
      85, 84, 105, -1,
      105, 84, 106, -1,
      105, 106, 107, -1,
      107, 108, 105, -1,
      105, 108, 109, -1,
      105, 109, 110, -1,
      110, 111, 105, -1,
      105, 111, 112, -1,
      105, 112, 113, -1,
      113, 114, 105, -1,
      105, 114, 115, -1,
      105, 115, 116, -1,
      116, 117, 105, -1,
      105, 117, 118, -1,
      105, 118, 119, -1,
      106, 84, 120, -1,
      120, 84, 64, -1,
      121, 122, 123, -1,
      123, 122, 124, -1,
      124, 125, 123, -1,
      123, 125, 126, -1,
      123, 126, 127, -1,
      121, 128, 122, -1,
      122, 128, 129, -1,
      122, 129, 130, -1,
      130, 131, 122, -1,
      122, 131, 132, -1,
      122, 132, 133, -1,
      64, 73, 120, -1,
      120, 73, 122, -1,
      120, 122, 134, -1,
      134, 122, 133, -1,
      122, 73, 105, -1,
      105, 73, 85, -1,
      113, 128, 121, -1,
      113, 121, 114, -1,
      114, 121, 123, -1,
      114, 123, 115, -1,
      115, 123, 127, -1,
      115, 127, 116, -1,
      116, 127, 126, -1,
      116, 126, 117, -1,
      117, 126, 125, -1,
      117, 125, 118, -1,
      118, 125, 124, -1,
      118, 124, 119, -1,
      119, 124, 122, -1,
      119, 122, 105, -1,
      128, 113, 112, -1,
      128, 112, 129, -1,
      129, 112, 111, -1,
      129, 111, 130, -1,
      130, 111, 110, -1,
      130, 110, 131, -1,
      131, 110, 109, -1,
      131, 109, 132, -1,
      132, 109, 108, -1,
      132, 108, 133, -1,
      133, 108, 107, -1,
      133, 107, 134, -1,
      134, 107, 106, -1,
      134, 106, 120, -1,
      135, 136, 137, -1,
      137, 136, 138, -1,
      139, 136, 140, -1,
      140, 136, 135, -1,
      140, 135, 141, -1,
      141, 135, 137, -1,
      141, 137, 142, -1,
      142, 137, 138, -1,
      138, 136, 142, -1,
      142, 136, 139, -1,
      139, 140, 143, -1,
      143, 140, 144, -1,
      143, 144, 145, -1,
      145, 144, 146, -1,
      145, 146, 147, -1,
      147, 146, 148, -1,
      147, 148, 149, -1,
      149, 148, 150, -1,
      149, 150, 151, -1,
      151, 150, 152, -1,
      151, 152, 153, -1,
      153, 152, 154, -1,
      153, 154, 155, -1,
      155, 154, 156, -1,
      157, 156, 158, -1,
      158, 156, 154, -1,
      158, 154, 159, -1,
      159, 154, 152, -1,
      159, 152, 160, -1,
      140, 141, 144, -1,
      144, 141, 161, -1,
      144, 161, 146, -1,
      146, 161, 162, -1,
      146, 162, 148, -1,
      148, 162, 160, -1,
      148, 160, 150, -1,
      150, 160, 152, -1,
      163, 157, 158, -1,
      163, 158, 164, -1,
      164, 158, 159, -1,
      164, 159, 165, -1,
      165, 159, 160, -1,
      165, 160, 166, -1,
      166, 160, 162, -1,
      166, 162, 167, -1,
      167, 162, 161, -1,
      167, 161, 168, -1,
      168, 161, 141, -1,
      168, 141, 142, -1,
      155, 163, 153, -1,
      153, 163, 164, -1,
      153, 164, 151, -1,
      151, 164, 165, -1,
      151, 165, 149, -1,
      149, 165, 166, -1,
      142, 139, 168, -1,
      168, 139, 143, -1,
      168, 143, 167, -1,
      167, 143, 145, -1,
      167, 145, 166, -1,
      166, 145, 147, -1,
      166, 147, 149, -1,
      169, 155, 170, -1,
      170, 155, 156, -1,
      170, 156, 171, -1,
      171, 156, 157, -1,
      171, 157, 172, -1,
      172, 157, 163, -1,
      163, 155, 172, -1,
      172, 155, 169, -1,
      169, 170, 173, -1,
      173, 170, 174, -1,
      173, 174, 175, -1,
      175, 174, 176, -1,
      175, 176, 177, -1,
      177, 176, 178, -1,
      177, 178, 179, -1,
      179, 178, 180, -1,
      179, 180, 181, -1,
      181, 180, 182, -1,
      181, 182, 183, -1,
      183, 182, 184, -1,
      170, 171, 174, -1,
      174, 171, 185, -1,
      174, 185, 176, -1,
      176, 185, 186, -1,
      176, 186, 178, -1,
      178, 186, 187, -1,
      178, 187, 180, -1,
      180, 187, 188, -1,
      180, 188, 182, -1,
      182, 188, 189, -1,
      182, 189, 184, -1,
      184, 189, 190, -1,
      191, 190, 189, -1,
      191, 189, 192, -1,
      192, 189, 188, -1,
      192, 188, 193, -1,
      193, 188, 187, -1,
      193, 187, 194, -1,
      194, 187, 186, -1,
      194, 186, 195, -1,
      195, 186, 185, -1,
      195, 185, 196, -1,
      196, 185, 171, -1,
      196, 171, 172, -1,
      183, 191, 181, -1,
      181, 191, 192, -1,
      181, 192, 179, -1,
      179, 192, 193, -1,
      179, 193, 177, -1,
      177, 193, 194, -1,
      177, 194, 175, -1,
      175, 194, 195, -1,
      175, 195, 173, -1,
      173, 195, 196, -1,
      173, 196, 169, -1,
      169, 196, 172, -1,
      184, 190, 197, -1,
      197, 190, 198, -1,
      199, 200, 198, -1,
      198, 200, 201, -1,
      198, 201, 202, -1,
      202, 203, 198, -1,
      198, 203, 204, -1,
      198, 204, 205, -1,
      205, 206, 198, -1,
      198, 206, 207, -1,
      198, 207, 197, -1,
      198, 190, 208, -1,
      208, 190, 191, -1,
      209, 210, 208, -1,
      208, 210, 211, -1,
      208, 211, 212, -1,
      191, 183, 213, -1,
      214, 215, 208, -1,
      215, 216, 208, -1,
      208, 216, 217, -1,
      208, 217, 209, -1,
      191, 213, 208, -1,
      208, 213, 218, -1,
      208, 218, 214, -1,
      219, 220, 221, -1,
      219, 221, 222, -1,
      221, 223, 222, -1,
      222, 223, 224, -1,
      222, 224, 225, -1,
      224, 226, 225, -1,
      225, 226, 227, -1,
      225, 227, 228, -1,
      227, 229, 228, -1,
      228, 229, 230, -1,
      228, 230, 231, -1,
      231, 230, 232, -1,
      231, 232, 233, -1,
      233, 232, 234, -1,
      233, 234, 235, -1,
      235, 236, 233, -1,
      233, 236, 237, -1,
      233, 237, 238, -1,
      238, 237, 239, -1,
      238, 239, 199, -1,
      199, 239, 212, -1,
      199, 212, 200, -1,
      212, 211, 200, -1,
      200, 211, 210, -1,
      200, 210, 201, -1,
      201, 210, 209, -1,
      201, 209, 202, -1,
      202, 209, 217, -1,
      202, 217, 203, -1,
      203, 217, 216, -1,
      203, 216, 204, -1,
      204, 216, 215, -1,
      204, 215, 205, -1,
      205, 215, 214, -1,
      205, 214, 206, -1,
      206, 214, 218, -1,
      206, 218, 207, -1,
      207, 218, 213, -1,
      207, 213, 197, -1,
      197, 213, 183, -1,
      197, 183, 184, -1,
      238, 199, 198, -1,
      219, 222, 198, -1,
      198, 222, 225, -1,
      198, 225, 228, -1,
      228, 231, 198, -1,
      198, 231, 233, -1,
      198, 233, 238, -1,
      212, 239, 208, -1,
      208, 239, 237, -1,
      224, 223, 208, -1,
      208, 223, 221, -1,
      208, 221, 220, -1,
      237, 236, 208, -1,
      208, 236, 235, -1,
      208, 235, 234, -1,
      234, 232, 208, -1,
      208, 232, 230, -1,
      208, 230, 229, -1,
      229, 227, 208, -1,
      208, 227, 226, -1,
      208, 226, 224, -1,
      220, 219, 240, -1,
      240, 219, 241, -1,
      240, 241, 242, -1,
      243, 244, 245, -1,
      242, 246, 240, -1,
      240, 246, 247, -1,
      240, 247, 248, -1,
      248, 249, 240, -1,
      240, 249, 250, -1,
      240, 250, 251, -1,
      251, 252, 240, -1,
      240, 252, 253, -1,
      240, 253, 245, -1,
      245, 253, 254, -1,
      245, 254, 243, -1,
      241, 219, 255, -1,
      255, 219, 198, -1,
      256, 255, 257, -1,
      257, 255, 258, -1,
      198, 208, 255, -1,
      255, 208, 259, -1,
      260, 261, 262, -1,
      260, 262, 263, -1,
      263, 262, 257, -1,
      257, 262, 264, -1,
      257, 264, 256, -1,
      259, 265, 255, -1,
      255, 265, 266, -1,
      255, 266, 267, -1,
      267, 268, 255, -1,
      255, 268, 269, -1,
      255, 269, 258, -1,
      259, 208, 240, -1,
      240, 208, 220, -1,
      257, 251, 250, -1,
      257, 250, 263, -1,
      263, 250, 249, -1,
      263, 249, 260, -1,
      260, 249, 248, -1,
      260, 248, 261, -1,
      261, 248, 247, -1,
      261, 247, 262, -1,
      262, 247, 246, -1,
      262, 246, 264, -1,
      264, 246, 242, -1,
      264, 242, 256, -1,
      256, 242, 241, -1,
      256, 241, 255, -1,
      251, 257, 258, -1,
      251, 258, 252, -1,
      252, 258, 269, -1,
      252, 269, 253, -1,
      253, 269, 268, -1,
      253, 268, 254, -1,
      254, 268, 267, -1,
      254, 267, 243, -1,
      243, 267, 266, -1,
      243, 266, 244, -1,
      244, 266, 265, -1,
      244, 265, 245, -1,
      245, 265, 259, -1,
      245, 259, 240, -1,
      270, 271, 272, -1,
      272, 271, 273, -1,
      274, 271, 275, -1,
      275, 271, 270, -1,
      275, 270, 276, -1,
      276, 270, 272, -1,
      276, 272, 277, -1,
      277, 272, 273, -1,
      273, 271, 277, -1,
      277, 271, 274, -1,
      274, 275, 278, -1,
      278, 275, 279, -1,
      278, 279, 280, -1,
      280, 279, 281, -1,
      280, 281, 282, -1,
      282, 281, 283, -1,
      282, 283, 284, -1,
      284, 283, 285, -1,
      284, 285, 286, -1,
      286, 285, 287, -1,
      286, 287, 288, -1,
      288, 287, 289, -1,
      275, 276, 279, -1,
      279, 276, 290, -1,
      279, 290, 281, -1,
      281, 290, 291, -1,
      281, 291, 283, -1,
      283, 291, 292, -1,
      283, 292, 285, -1,
      285, 292, 293, -1,
      285, 293, 287, -1,
      287, 293, 294, -1,
      287, 294, 289, -1,
      289, 294, 295, -1,
      296, 295, 294, -1,
      296, 294, 297, -1,
      297, 294, 293, -1,
      297, 293, 298, -1,
      298, 293, 292, -1,
      298, 292, 299, -1,
      299, 292, 291, -1,
      299, 291, 300, -1,
      300, 291, 290, -1,
      300, 290, 301, -1,
      301, 290, 276, -1,
      301, 276, 277, -1,
      288, 296, 286, -1,
      286, 296, 297, -1,
      286, 297, 284, -1,
      284, 297, 298, -1,
      284, 298, 282, -1,
      282, 298, 299, -1,
      282, 299, 280, -1,
      280, 299, 300, -1,
      280, 300, 278, -1,
      278, 300, 301, -1,
      278, 301, 274, -1,
      274, 301, 277, -1,
      302, 288, 303, -1,
      303, 288, 289, -1,
      303, 289, 304, -1,
      304, 289, 295, -1,
      304, 295, 305, -1,
      305, 295, 296, -1,
      296, 288, 305, -1,
      305, 288, 302, -1,
      302, 303, 306, -1,
      306, 303, 307, -1,
      306, 307, 308, -1,
      308, 307, 309, -1,
      308, 309, 310, -1,
      310, 309, 311, -1,
      310, 311, 312, -1,
      312, 311, 313, -1,
      312, 313, 314, -1,
      314, 313, 315, -1,
      314, 315, 316, -1,
      316, 315, 317, -1,
      303, 304, 307, -1,
      307, 304, 318, -1,
      307, 318, 309, -1,
      309, 318, 319, -1,
      309, 319, 311, -1,
      311, 319, 320, -1,
      311, 320, 313, -1,
      313, 320, 321, -1,
      313, 321, 315, -1,
      315, 321, 322, -1,
      315, 322, 317, -1,
      317, 322, 323, -1,
      324, 323, 322, -1,
      324, 322, 325, -1,
      325, 322, 321, -1,
      325, 321, 326, -1,
      326, 321, 320, -1,
      326, 320, 327, -1,
      327, 320, 319, -1,
      327, 319, 328, -1,
      328, 319, 318, -1,
      328, 318, 329, -1,
      329, 318, 304, -1,
      329, 304, 305, -1,
      316, 324, 314, -1,
      314, 324, 325, -1,
      314, 325, 312, -1,
      312, 325, 326, -1,
      312, 326, 310, -1,
      310, 326, 327, -1,
      310, 327, 308, -1,
      308, 327, 328, -1,
      308, 328, 306, -1,
      306, 328, 329, -1,
      306, 329, 302, -1,
      302, 329, 305, -1,
      330, 331, 332, -1,
      332, 331, 333, -1,
      317, 323, 334, -1,
      334, 323, 331, -1,
      334, 331, 335, -1,
      335, 331, 330, -1,
      331, 323, 336, -1,
      336, 323, 324, -1,
      337, 336, 338, -1,
      338, 336, 339, -1,
      324, 316, 340, -1,
      324, 340, 336, -1,
      336, 340, 341, -1,
      336, 341, 339, -1,
      342, 343, 344, -1,
      344, 343, 345, -1,
      343, 346, 345, -1,
      345, 346, 347, -1,
      345, 347, 348, -1,
      347, 349, 348, -1,
      348, 349, 350, -1,
      348, 350, 351, -1,
      350, 352, 351, -1,
      351, 352, 353, -1,
      351, 353, 354, -1,
      353, 355, 354, -1,
      354, 355, 356, -1,
      354, 356, 357, -1,
      356, 358, 357, -1,
      357, 358, 359, -1,
      357, 359, 360, -1,
      360, 359, 361, -1,
      360, 361, 333, -1,
      333, 361, 332, -1,
      332, 361, 362, -1,
      332, 362, 337, -1,
      337, 338, 332, -1,
      332, 338, 339, -1,
      332, 339, 330, -1,
      330, 339, 341, -1,
      330, 341, 335, -1,
      335, 341, 340, -1,
      335, 340, 334, -1,
      334, 340, 316, -1,
      334, 316, 317, -1,
      360, 333, 331, -1,
      344, 345, 331, -1,
      331, 345, 348, -1,
      331, 348, 351, -1,
      351, 354, 331, -1,
      331, 354, 357, -1,
      331, 357, 360, -1,
      336, 337, 362, -1,
      347, 346, 336, -1,
      336, 346, 343, -1,
      336, 343, 342, -1,
      353, 352, 336, -1,
      352, 350, 336, -1,
      336, 350, 349, -1,
      336, 349, 347, -1,
      362, 361, 336, -1,
      336, 361, 359, -1,
      336, 359, 358, -1,
      358, 356, 336, -1,
      336, 356, 355, -1,
      336, 355, 353, -1,
      342, 344, 363, -1,
      363, 344, 364, -1,
      363, 364, 365, -1,
      366, 364, 367, -1,
      367, 364, 368, -1,
      366, 369, 364, -1,
      364, 369, 370, -1,
      364, 370, 365, -1,
      371, 372, 373, -1,
      373, 372, 374, -1,
      372, 375, 374, -1,
      374, 375, 376, -1,
      374, 376, 364, -1,
      364, 376, 377, -1,
      364, 377, 368, -1,
      364, 344, 378, -1,
      378, 344, 331, -1,
      331, 336, 378, -1,
      378, 336, 379, -1,
      378, 379, 380, -1,
      380, 381, 378, -1,
      378, 381, 382, -1,
      378, 382, 383, -1,
      383, 384, 378, -1,
      378, 384, 385, -1,
      378, 385, 386, -1,
      386, 387, 378, -1,
      378, 387, 388, -1,
      378, 388, 389, -1,
      390, 391, 389, -1,
      389, 391, 392, -1,
      389, 392, 378, -1,
      379, 336, 363, -1,
      363, 336, 342, -1,
      386, 377, 376, -1,
      386, 376, 387, -1,
      387, 376, 375, -1,
      387, 375, 388, -1,
      388, 375, 372, -1,
      388, 372, 389, -1,
      389, 372, 371, -1,
      389, 371, 390, -1,
      390, 371, 373, -1,
      390, 373, 391, -1,
      391, 373, 374, -1,
      391, 374, 392, -1,
      392, 374, 364, -1,
      392, 364, 378, -1,
      377, 386, 385, -1,
      377, 385, 368, -1,
      368, 385, 384, -1,
      368, 384, 367, -1,
      367, 384, 383, -1,
      367, 383, 366, -1,
      366, 383, 382, -1,
      366, 382, 369, -1,
      369, 382, 381, -1,
      369, 381, 370, -1,
      370, 381, 380, -1,
      370, 380, 365, -1,
      365, 380, 379, -1,
      365, 379, 363, -1,
    ]
  }
}

Shape {
  appearance Appearance {
    material Material {
      diffuseColor 0.2078 0.2078 0.2078
      specularColor 0.0157 0.0157 0.0157
      ambientIntensity 0.2
      transparency 0.0000
      shininess 0.5
    }
  }
  geometry IndexedFaceSet {
    ccw TRUE
    solid FALSE
    coord DEF co Coordinate {
      point [
        -1.062992 -1.220472 0.000000,
        -1.062992 1.535433 0.000000,
        1.062992 0.393701 0.000000,
        0.117861 0.588359 0.000000,
        0.079454 0.604842 0.000000,
        -0.160225 -0.721703 0.000000,
        -0.160225 -0.596950 0.000000,
        0.211046 -0.596950 0.000000,
        1.181102 -0.378494 0.000000,
        -0.139444 -0.395298 0.000000,
        -0.160225 -0.378494 0.000000,
        -0.160225 -0.395298 0.000000,
        -0.182655 -0.395298 0.000000,
        -0.160225 -0.030405 0.000000,
        -0.160225 0.008005 0.000000,
        0.211046 0.008005 0.000000,
        0.167835 0.209657 0.000000,
        -0.139444 0.219259 0.000000,
        1.062992 0.257669 0.000000,
        -0.005009 0.060819 0.000000,
        -0.139444 0.060819 0.000000,
        -0.005009 0.200054 0.000000,
        0.038202 0.200054 0.000000,
        0.038202 0.060819 0.000000,
        0.167835 0.060819 0.000000,
        -0.160225 0.219259 0.000000,
        -0.160225 0.257669 0.000000,
        -0.182655 0.219259 0.000000,
        -0.160225 0.650247 0.000000,
        0.211046 0.790605 0.000000,
        1.181102 0.627363 0.000000,
        1.181102 1.118608 0.000000,
        -0.684279 0.627363 0.000000,
        -0.684279 1.118608 0.000000,
        -0.182655 0.699382 0.000000,
        0.211046 0.843419 0.000000,
        -0.160225 0.988305 0.000000,
        -0.160225 1.118608 0.000000,
        -0.182655 0.997058 0.000000,
        -0.182655 0.939443 0.000000,
        -0.160225 0.707016 0.000000,
        -0.160225 0.931352 0.000000,
        -0.072227 0.899608 0.000000,
        -0.072227 0.736967 0.000000,
        1.181102 -0.721703 0.000000,
        1.181102 -1.023141 0.000000,
        0.787402 -1.023141 0.000000,
        -0.137795 -0.984252 0.000000,
        -0.133100 -1.019916 0.000000,
        -0.160225 -1.643701 0.000000,
        -0.119334 -1.053150 0.000000,
        -0.097436 -1.081688 0.000000,
        -0.068898 -1.103586 0.000000,
        -0.035664 -1.117352 0.000000,
        -0.000000 -1.122047 0.000000,
        0.133100 -1.019916 0.000000,
        0.119334 -1.053150 0.000000,
        0.097436 -1.081688 0.000000,
        0.000000 -0.846457 0.000000,
        -0.035664 -0.851152 0.000000,
        -0.068898 -0.864918 0.000000,
        -0.097436 -0.886816 0.000000,
        -0.119334 -0.915354 0.000000,
        -0.133100 -0.948588 0.000000,
        0.137795 -0.984252 0.000000,
        0.133100 -0.948588 0.000000,
        0.119334 -0.915354 0.000000,
        -0.139444 -0.544136 0.000000,
        0.211046 -0.544136 0.000000,
        0.035664 -0.851152 0.000000,
        0.097436 -0.886816 0.000000,
        0.068898 -0.864918 0.000000,
        1.062992 -0.078740 0.000000,
        1.181102 -0.078740 0.000000,
        -0.119039 -0.068815 0.000000,
        1.062992 -0.030405 0.000000,
        0.211046 0.209657 0.000000,
        -0.160225 -0.277991 0.000000,
        -0.148561 -0.296104 0.000000,
        -0.117251 -0.325561 0.000000,
        -0.079679 -0.346367 0.000000,
        0.172636 -0.161013 0.000000,
        -0.122947 -0.075871 0.000000,
        0.166419 -0.113161 0.000000,
        0.147430 -0.068815 0.000000,
        0.200243 -0.068815 0.000000,
        0.144245 -0.317830 0.000000,
        0.177392 -0.283609 0.000000,
        0.199016 -0.246839 0.000000,
        0.168293 -0.199777 0.000000,
        0.157697 -0.229091 0.000000,
        0.138997 -0.256986 0.000000,
        0.112621 -0.280652 0.000000,
        0.082169 -0.296717 0.000000,
        0.039543 -0.307133 0.000000,
        0.009994 -0.308876 0.000000,
        -0.032595 -0.304896 0.000000,
        -0.066459 -0.294209 0.000000,
        -0.144245 -0.169866 0.000000,
        -0.113119 -0.259534 0.000000,
        -0.140170 -0.206401 0.000000,
        -0.129529 -0.235357 0.000000,
        -0.093805 -0.277841 0.000000,
        -0.138445 -0.117606 0.000000,
        -0.037920 -0.358041 0.000000,
        0.006769 -0.361690 0.000000,
        0.062655 -0.356046 0.000000,
        0.107414 -0.340917 0.000000,
        0.212141 -0.203667 0.000000,
        0.215847 -0.161463 0.000000,
        0.212595 -0.114333 0.000000,
        -0.160225 0.296079 0.000000,
        0.211046 0.296079 0.000000,
        0.019146 0.612960 0.000000,
        -0.033542 0.607435 0.000000,
        -0.160225 0.627363 0.000000,
        0.204966 0.464058 0.000000,
        0.188794 0.510146 0.000000,
        -0.074750 0.593300 0.000000,
        -0.109965 0.570723 0.000000,
        -0.140992 0.538318 0.000000,
        0.163420 0.549140 0.000000,
        0.149207 0.564467 0.000000,
        -0.182655 0.641767 0.000000,
        0.038429 0.612220 0.000000,
        0.211046 0.407182 0.000000,
        1.181102 0.393701 0.000000,
        -1.181102 2.007874 0.000000,
        -1.181102 2.165354 0.000000,
        -1.062992 2.007874 0.000000,
        -0.684279 2.165354 0.000000,
        -0.684279 -1.643701 0.000000,
        -1.181102 -1.643701 0.000000,
        -1.181102 -1.220472 0.000000,
        -1.062992 -0.748031 0.000000,
        -0.684279 -0.721703 0.000000,
        1.181102 -1.731802 0.000000,
        1.181102 -2.165354 0.000000,
        0.787402 -1.731802 0.000000,
        -0.160225 -2.165354 0.000000,
        0.787402 -1.643701 0.000000,
        -0.160225 0.505222 0.000000,
        -0.182655 0.008005 0.000000,
        -0.684279 -0.030405 0.000000,
        -0.684279 0.257669 0.000000,
        -0.182655 0.296079 0.000000,
        -0.164881 0.497210 0.000000,
        -0.178403 0.451844 0.000000,
        -0.182655 0.403131 0.000000,
        -0.160225 -0.068815 0.000000,
        -0.162250 -0.068815 0.000000,
        -0.179481 -0.110781 0.000000,
        -0.182655 -0.596950 0.000000,
        -0.684279 -0.378494 0.000000,
        -0.169221 -0.264022 0.000000,
        -0.187272 -0.166378 0.000000,
        -0.187456 -0.177143 0.000000,
        -0.182415 -0.225667 0.000000,
        -1.181102 -2.165354 0.000000,
        -0.684279 -2.165354 0.000000,
        0.035664 -1.117352 0.000000,
        0.068898 -1.103586 0.000000,
        -1.181102 1.535433 0.000000,
        -1.181102 1.118608 0.000000,
        -1.181102 0.627363 0.000000,
        -1.181102 0.257669 0.000000,
        -1.181102 -0.030405 0.000000,
        -1.181102 -0.378494 0.000000,
        -1.181102 -0.721703 0.000000,
        -1.181102 -0.748031 0.000000,
        -0.137795 1.377953 0.000000,
        -0.133100 1.342289 0.000000,
        -0.119334 1.309055 0.000000,
        -0.097436 1.280517 0.000000,
        -0.068898 1.258619 0.000000,
        -0.035664 1.244853 0.000000,
        -0.000000 1.240157 0.000000,
        0.035664 1.244853 0.000000,
        0.068898 1.258619 0.000000,
        0.097436 1.280517 0.000000,
        0.119334 1.309055 0.000000,
        0.000000 2.165354 0.000000,
        0.000000 1.515748 0.000000,
        -0.160225 2.165354 0.000000,
        -0.035664 1.511053 0.000000,
        -0.068898 1.497287 0.000000,
        -0.097436 1.475389 0.000000,
        -0.119334 1.446850 0.000000,
        -0.133100 1.413617 0.000000,
        0.133100 1.342289 0.000000,
        0.137795 1.377953 0.000000,
        1.181102 2.165354 0.000000,
        0.133100 1.413617 0.000000,
        0.119334 1.446850 0.000000,
        0.097436 1.475389 0.000000,
        0.068898 1.497287 0.000000,
        0.035664 1.511053 0.000000,
        1.181102 -1.731802 1.968504,
        1.181102 -2.165354 1.968504,
        0.170913 2.165354 1.953551,
        0.000000 2.165354 1.968504,
        1.181102 2.165354 1.968504,
        0.170913 2.165354 0.014953,
        0.336634 2.165354 0.059357,
        0.492126 2.165354 0.131865,
        0.632665 2.165354 1.738233,
        0.492126 2.165354 1.836639,
        0.336634 2.165354 1.909146,
        0.984252 2.165354 0.984252,
        0.969299 2.165354 1.155165,
        0.924894 2.165354 1.320886,
        0.632665 2.165354 0.230271,
        0.753981 2.165354 0.351587,
        0.852387 2.165354 0.492126,
        0.852387 2.165354 1.476378,
        0.753981 2.165354 1.616917,
        0.924894 2.165354 0.647618,
        0.969299 2.165354 0.813339,
        1.181102 -0.078740 0.984252,
        1.181102 -1.023141 1.968504,
        1.181102 0.393701 0.984252,
        -1.181102 2.165354 1.968504,
        -0.170913 2.165354 1.953551,
        -0.336634 2.165354 0.059357,
        -0.170913 2.165354 0.014953,
        -0.336634 2.165354 1.909146,
        -0.492126 2.165354 1.836639,
        -0.632665 2.165354 1.738233,
        -0.753981 2.165354 1.616917,
        -0.852387 2.165354 1.476378,
        -0.924894 2.165354 1.320886,
        -0.969299 2.165354 1.155165,
        -0.984252 2.165354 0.984252,
        -0.969299 2.165354 0.813339,
        -0.924894 2.165354 0.647618,
        -0.852387 2.165354 0.492126,
        -0.753981 2.165354 0.351587,
        -0.632665 2.165354 0.230271,
        -0.492126 2.165354 0.131865,
        -1.181102 2.007874 0.984252,
        -1.181102 1.535433 0.984252,
        -1.181102 -2.165354 1.968504,
        -1.181102 -0.748031 0.984252,
        -1.181102 -1.220472 0.984252,
        -0.000000 -2.165354 0.275591,
        -0.147339 -2.165354 0.291076,
        -0.416541 -2.165354 1.557571,
        -0.288239 -2.165354 1.631646,
        -0.147339 -2.165354 1.677428,
        0.000000 -2.165354 1.692913,
        0.147339 -2.165354 1.677428,
        0.288239 -2.165354 1.631646,
        -0.288239 -2.165354 0.336857,
        -0.416541 -2.165354 0.410933,
        -0.526638 -2.165354 0.510065,
        -0.613719 -2.165354 0.629921,
        -0.673977 -2.165354 1.203241,
        -0.613719 -2.165354 1.338583,
        -0.526638 -2.165354 1.458439,
        0.416541 -2.165354 1.557571,
        0.526638 -2.165354 1.458439,
        0.613719 -2.165354 1.338583,
        -0.673977 -2.165354 0.765263,
        -0.704779 -2.165354 0.910177,
        -0.704779 -2.165354 1.058327,
        0.673977 -2.165354 1.203241,
        0.704779 -2.165354 1.058327,
        0.704779 -2.165354 0.910177,
        0.673977 -2.165354 0.765263,
        0.613719 -2.165354 0.629921,
        0.526638 -2.165354 0.510065,
        0.416541 -2.165354 0.410933,
        0.288239 -2.165354 0.336857,
        0.147339 -2.165354 0.291076,
        0.787402 -1.731802 1.968504,
        -0.393701 -1.181102 1.968504,
        -0.393701 -1.653543 1.968504,
        0.393701 0.826772 1.968504,
        1.102362 0.826772 1.968504,
        1.102362 0.354331 1.968504,
        0.787402 -1.023141 1.968504,
        -1.102362 -1.181102 1.968504,
        -1.102362 -1.653543 1.968504,
        0.393701 0.354331 1.968504,
        -0.393701 1.574803 1.968504,
        -1.102362 1.574803 1.968504,
        -1.102362 1.102362 1.968504,
        -0.393701 1.102362 1.968504,
        -0.427691 3.346457 1.668700,
        -0.426750 3.346457 1.760508,
        -0.328272 3.346457 1.721562,
        -0.326094 3.346457 1.807873,
        -0.222463 3.346457 1.760073,
        -0.220296 3.346457 1.842249,
        -0.112325 3.346457 1.783484,
        -0.111024 3.346457 1.863094,
        0.000000 3.346457 1.791339,
        -0.000000 3.346457 1.870079,
        0.112325 3.346457 1.783484,
        0.111024 3.346457 1.863094,
        0.222463 3.346457 1.760073,
        0.220296 3.346457 1.842249,
        0.328272 3.346457 1.721562,
        0.326094 3.346457 1.807873,
        0.427691 3.346457 1.668700,
        -0.748318 3.346457 0.681912,
        -0.842471 3.346457 0.710517,
        -0.783113 3.346457 0.789000,
        -0.870136 3.346457 0.818265,
        -0.802665 3.346457 0.899889,
        -0.884079 3.346457 0.928630,
        -0.806595 3.346457 1.012419,
        -0.884079 3.346457 1.039874,
        -0.794825 3.346457 1.124401,
        -0.870136 3.346457 1.150239,
        -0.767585 3.346457 1.233656,
        -0.842471 3.346457 1.257987,
        -0.725405 3.346457 1.338056,
        -0.801520 3.346457 1.361419,
        -0.669105 3.346457 1.435569,
        -0.747928 3.346457 1.458902,
        -0.599782 3.346457 1.524298,
        -0.682541 3.346457 1.548899,
        -0.518785 3.346457 1.602516,
        -0.606390 3.346457 1.629992,
        -0.520676 3.346457 1.700901,
        0.056300 3.346457 0.179131,
        -0.000000 3.346457 0.098425,
        -0.056300 3.346457 0.179131,
        -0.111024 3.346457 0.105410,
        -0.167803 3.346457 0.194802,
        -0.220296 3.346457 0.126255,
        -0.276040 3.346457 0.225839,
        -0.326094 3.346457 0.160631,
        -0.378904 3.346457 0.271637,
        -0.426750 3.346457 0.207996,
        -0.474394 3.346457 0.331305,
        -0.520676 3.346457 0.267603,
        -0.560650 3.346457 0.403682,
        -0.606390 3.346457 0.338512,
        -0.635993 3.346457 0.487360,
        -0.682541 3.346457 0.419605,
        -0.698957 3.346457 0.580709,
        -0.747928 3.346457 0.509602,
        -0.801520 3.346457 0.607085,
        0.426750 3.346457 1.760508,
        0.520676 3.346457 1.700901,
        0.518785 3.346457 1.602516,
        0.606390 3.346457 1.629992,
        0.599782 3.346457 1.524298,
        0.682541 3.346457 1.548899,
        0.669105 3.346457 1.435569,
        0.747928 3.346457 1.458902,
        0.725405 3.346457 1.338056,
        0.801520 3.346457 1.361419,
        0.767585 3.346457 1.233656,
        0.842471 3.346457 1.257987,
        0.794825 3.346457 1.124401,
        0.870136 3.346457 1.150239,
        0.806595 3.346457 1.012419,
        0.884079 3.346457 1.039874,
        0.802665 3.346457 0.899889,
        0.884079 3.346457 0.928630,
        0.783113 3.346457 0.789000,
        0.870136 3.346457 0.818265,
        0.842471 3.346457 0.710517,
        0.748318 3.346457 0.681912,
        0.801520 3.346457 0.607085,
        0.698957 3.346457 0.580709,
        0.747928 3.346457 0.509602,
        0.635993 3.346457 0.487360,
        0.682541 3.346457 0.419605,
        0.560650 3.346457 0.403682,
        0.606390 3.346457 0.338512,
        0.474394 3.346457 0.331305,
        0.520676 3.346457 0.267603,
        0.378904 3.346457 0.271637,
        0.426750 3.346457 0.207996,
        0.276040 3.346457 0.225839,
        0.326094 3.346457 0.160631,
        0.167803 3.346457 0.194802,
        0.220296 3.346457 0.126255,
        0.111024 3.346457 0.105410,
        -0.123359 3.248031 0.007761,
        -0.244774 3.248031 0.030922,
        -0.170568 3.248031 0.016767,
        -0.491548 3.248031 0.132776,
        -0.474167 3.248031 0.121745,
        -0.362327 3.248031 0.069118,
        -0.336219 3.248031 0.060635,
        -0.578529 3.248031 0.187975,
        -0.631442 3.248031 0.231749,
        -0.673767 3.248031 0.266763,
        -0.753684 3.248031 0.351866,
        -0.758379 3.248031 0.356866,
        -0.831031 3.248031 0.456863,
        -0.890578 3.248031 0.565178,
        -0.850874 3.248031 0.492957,
        -0.968538 3.248031 0.813435,
        -0.966818 3.248031 0.799822,
        -0.936079 3.248031 0.680102,
        -0.923445 3.248031 0.648192,
        -0.982310 3.248031 0.922450,
        -0.982310 3.248031 0.984252,
        -0.982310 3.248031 1.046054,
        -0.968538 3.248031 1.155069,
        -0.966818 3.248031 1.168682,
        -0.936079 3.248031 1.288402,
        -0.890578 3.248031 1.403326,
        -0.923445 3.248031 1.320312,
        -0.753684 3.248031 1.616638,
        -0.758379 3.248031 1.611638,
        -0.831031 3.248031 1.511641,
        -0.850874 3.248031 1.475546,
        -0.673767 3.248031 1.701741,
        -0.631442 3.248031 1.736755,
        -0.578529 3.248031 1.780528,
        -0.491548 3.248031 1.835728,
        -0.474167 3.248031 1.846759,
        -0.362327 3.248031 1.899386,
        -0.244774 3.248031 1.937582,
        -0.336219 3.248031 1.907869,
        -0.123359 3.248031 1.960743,
        -0.170568 3.248031 1.951737,
        0.123359 3.248031 1.960743,
        0.000000 3.248031 1.968504,
        0.244774 3.248031 1.937582,
        0.170568 3.248031 1.951737,
        0.491548 3.248031 1.835728,
        0.474167 3.248031 1.846759,
        0.362327 3.248031 1.899386,
        0.336219 3.248031 1.907869,
        0.578529 3.248031 1.780528,
        0.631442 3.248031 1.736755,
        0.673767 3.248031 1.701741,
        0.753684 3.248031 1.616638,
        0.758379 3.248031 1.611638,
        0.831031 3.248031 1.511641,
        0.890578 3.248031 1.403326,
        0.850874 3.248031 1.475546,
        0.968538 3.248031 1.155069,
        0.966818 3.248031 1.168682,
        0.936079 3.248031 1.288402,
        0.923445 3.248031 1.320312,
        0.982310 3.248031 1.046054,
        0.982310 3.248031 0.984252,
        0.982310 3.248031 0.922450,
        0.968538 3.248031 0.813435,
        0.966818 3.248031 0.799822,
        0.936079 3.248031 0.680102,
        0.890578 3.248031 0.565178,
        0.923445 3.248031 0.648192,
        0.753684 3.248031 0.351866,
        0.758379 3.248031 0.356866,
        0.831031 3.248031 0.456863,
        0.850874 3.248031 0.492957,
        0.673767 3.248031 0.266763,
        0.631442 3.248031 0.231749,
        0.578529 3.248031 0.187975,
        0.491548 3.248031 0.132776,
        0.474167 3.248031 0.121745,
        0.362327 3.248031 0.069118,
        0.244774 3.248031 0.030922,
        0.336219 3.248031 0.060635,
        0.000000 3.248031 0.000000,
        0.123359 3.248031 0.007761,
        0.170568 3.248031 0.016767,
        0.049434 3.248031 0.277317,
        0.242376 3.248031 0.318328,
        0.147339 3.248031 0.291076,
        0.332696 3.248031 0.358541,
        0.287537 3.248031 0.338435,
        0.492278 3.248031 0.474483,
        0.416541 3.248031 0.410933,
        0.558433 3.248031 0.547956,
        0.525355 3.248031 0.511220,
        0.657059 3.248031 0.718783,
        0.613719 3.248031 0.629921,
        0.687611 3.248031 0.812811,
        0.672335 3.248031 0.765797,
        0.708230 3.248031 1.008984,
        0.704779 3.248031 0.910177,
        0.697895 3.248031 1.107310,
        0.703063 3.248031 1.058147,
        0.636941 3.248031 1.294909,
        0.673977 3.248031 1.203241,
        0.587507 3.248031 1.380530,
        0.612224 3.248031 1.337720,
        0.455519 3.248031 1.527118,
        0.526638 3.248031 1.458439,
        0.375533 3.248031 1.585231,
        0.415526 3.248031 1.556174,
        0.195333 3.248031 1.665461,
        0.288239 3.248031 1.631646,
        0.098627 3.248031 1.686017,
        0.146980 3.248031 1.675739,
        -0.098627 3.248031 1.686017,
        0.000000 3.248031 1.692913,
        -0.195333 3.248031 1.665461,
        -0.146980 3.248031 1.675739,
        -0.375533 3.248031 1.585231,
        -0.288239 3.248031 1.631646,
        -0.455519 3.248031 1.527118,
        -0.415526 3.248031 1.556174,
        -0.587507 3.248031 1.380530,
        -0.526638 3.248031 1.458439,
        -0.636941 3.248031 1.294909,
        -0.612224 3.248031 1.337720,
        -0.697895 3.248031 1.107310,
        -0.673977 3.248031 1.203241,
        -0.708230 3.248031 1.008984,
        -0.703063 3.248031 1.058147,
        -0.687611 3.248031 0.812811,
        -0.704779 3.248031 0.910177,
        -0.657059 3.248031 0.718783,
        -0.672335 3.248031 0.765797,
        -0.558433 3.248031 0.547956,
        -0.613719 3.248031 0.629921,
        -0.492278 3.248031 0.474483,
        -0.525355 3.248031 0.511220,
        -0.332696 3.248031 0.358541,
        -0.416541 3.248031 0.410933,
        -0.242376 3.248031 0.318328,
        -0.287537 3.248031 0.338435,
        -0.000000 3.248031 0.277317,
        -0.049434 3.248031 0.277317,
        -0.147339 3.248031 0.291076,
        -0.196258 3.273506 1.668685,
        -0.289603 3.273506 1.634710,
        -0.377311 3.273506 1.588075,
        -0.457674 3.273506 1.529687,
        -0.529130 3.273506 1.460683,
        -0.590287 3.273506 1.382406,
        -0.639955 3.273506 1.296379,
        -0.677167 3.273506 1.204277,
        -0.701198 3.273506 1.107892,
        -0.711581 3.273506 1.009101,
        -0.708115 3.273506 0.909826,
        -0.690865 3.273506 0.812000,
        -0.660169 3.273506 0.717526,
        -0.616623 3.273506 0.628244,
        -0.561076 3.273506 0.545892,
        -0.494607 3.273506 0.472071,
        -0.418512 3.273506 0.408220,
        -0.334271 3.273506 0.355580,
        -0.243524 3.273506 0.315176,
        -0.148036 3.273506 0.287796,
        -0.049668 3.273506 0.273971,
        0.049668 3.273506 0.273971,
        0.148036 3.273506 0.287796,
        0.243524 3.273506 0.315176,
        0.334271 3.273506 0.355580,
        0.418512 3.273506 0.408220,
        0.494607 3.273506 0.472071,
        0.561076 3.273506 0.545892,
        0.616623 3.273506 0.628244,
        0.660169 3.273506 0.717526,
        0.690865 3.273506 0.812000,
        0.708115 3.273506 0.909826,
        0.711581 3.273506 1.009101,
        0.701198 3.273506 1.107892,
        0.677167 3.273506 1.204277,
        0.639955 3.273506 1.296379,
        0.590287 3.273506 1.382406,
        0.529130 3.273506 1.460683,
        0.377311 3.273506 1.588075,
        0.457674 3.273506 1.529687,
        0.289603 3.273506 1.634710,
        0.196258 3.273506 1.668685,
        0.099093 3.273506 1.689338,
        0.000000 3.273506 1.696267,
        -0.099093 3.273506 1.689338,
        0.100462 3.297244 1.699075,
        0.198968 3.297244 1.678137,
        0.293602 3.297244 1.643693,
        0.382521 3.297244 1.596414,
        0.463995 3.297244 1.537219,
        0.536437 3.297244 1.467263,
        0.598439 3.297244 1.387904,
        0.648793 3.297244 1.300689,
        0.686518 3.297244 1.207315,
        0.710881 3.297244 1.109600,
        0.721408 3.297244 1.009444,
        0.717894 3.297244 0.908798,
        0.700406 3.297244 0.809621,
        0.669286 3.297244 0.713843,
        0.625139 3.297244 0.623328,
        0.568824 3.297244 0.539838,
        0.501438 3.297244 0.464998,
        0.424291 3.297244 0.400265,
        0.338887 3.297244 0.346898,
        0.246887 3.297244 0.305937,
        0.150081 3.297244 0.278178,
        0.050354 3.297244 0.264163,
        -0.050354 3.297244 0.264163,
        -0.150081 3.297244 0.278178,
        -0.246887 3.297244 0.305937,
        -0.338887 3.297244 0.346898,
        -0.424291 3.297244 0.400265,
        -0.501438 3.297244 0.464998,
        -0.568824 3.297244 0.539838,
        -0.625139 3.297244 0.623328,
        -0.669286 3.297244 0.713843,
        -0.700406 3.297244 0.809621,
        -0.717894 3.297244 0.908798,
        -0.721408 3.297244 1.009444,
        -0.710881 3.297244 1.109600,
        -0.686518 3.297244 1.207315,
        -0.648793 3.297244 1.300689,
        -0.598439 3.297244 1.387904,
        -0.536437 3.297244 1.467263,
        -0.463995 3.297244 1.537219,
        -0.382521 3.297244 1.596414,
        -0.293602 3.297244 1.643693,
        -0.198968 3.297244 1.678137,
        -0.100462 3.297244 1.699075,
        0.000000 3.297244 1.706100,
        0.102639 3.317629 1.714564,
        0.203280 3.317629 1.693172,
        0.299964 3.317629 1.657982,
        0.390810 3.317629 1.609678,
        0.474049 3.317629 1.549202,
        0.548061 3.317629 1.477729,
        0.611406 3.317629 1.396651,
        0.662851 3.317629 1.307546,
        0.701394 3.317629 1.212149,
        0.726285 3.317629 1.112316,
        0.737040 3.317629 1.009990,
        0.733450 3.317629 0.907163,
        0.715583 3.317629 0.805837,
        0.683788 3.317629 0.707983,
        0.638685 3.317629 0.615507,
        0.581150 3.317629 0.530208,
        0.512303 3.317629 0.453746,
        0.433485 3.317629 0.387611,
        0.346230 3.317629 0.333087,
        0.252236 3.317629 0.291239,
        0.153333 3.317629 0.262878,
        0.051444 3.317629 0.248559,
        -0.051444 3.317629 0.248559,
        -0.153333 3.317629 0.262878,
        -0.252236 3.317629 0.291239,
        -0.346230 3.317629 0.333087,
        -0.433485 3.317629 0.387611,
        -0.512303 3.317629 0.453746,
        -0.581150 3.317629 0.530208,
        -0.638685 3.317629 0.615507,
        -0.683788 3.317629 0.707983,
        -0.715583 3.317629 0.805837,
        -0.733450 3.317629 0.907163,
        -0.737040 3.317629 1.009990,
        -0.726285 3.317629 1.112316,
        -0.701394 3.317629 1.212149,
        -0.662851 3.317629 1.307546,
        -0.611406 3.317629 1.396651,
        -0.548061 3.317629 1.477729,
        -0.474049 3.317629 1.549202,
        -0.390810 3.317629 1.609678,
        -0.299964 3.317629 1.657982,
        -0.203280 3.317629 1.693172,
        -0.102639 3.317629 1.714564,
        0.000000 3.317629 1.721741,
        0.105476 3.333270 1.734750,
        0.208898 3.333270 1.712767,
        0.308255 3.333270 1.676604,
        0.401612 3.333270 1.626966,
        0.487152 3.333270 1.564817,
        0.563210 3.333270 1.491369,
        0.628306 3.333270 1.408050,
        0.681172 3.333270 1.316482,
        0.720781 3.333270 1.218448,
        0.746360 3.333270 1.115856,
        0.757412 3.333270 1.010702,
        0.753722 3.333270 0.905033,
        0.735362 3.333270 0.800906,
        0.702689 3.333270 0.700347,
        0.656338 3.333270 0.605315,
        0.597213 3.333270 0.517658,
        0.526463 3.333270 0.439083,
        0.445467 3.333270 0.371119,
        0.355800 3.333270 0.315089,
        0.259208 3.333270 0.272083,
        0.157571 3.333270 0.242939,
        0.052867 3.333270 0.228224,
        -0.052867 3.333270 0.228224,
        -0.157571 3.333270 0.242939,
        -0.259208 3.333270 0.272083,
        -0.355800 3.333270 0.315089,
        -0.445467 3.333270 0.371119,
        -0.526463 3.333270 0.439083,
        -0.597213 3.333270 0.517658,
        -0.656338 3.333270 0.605315,
        -0.702689 3.333270 0.700347,
        -0.735362 3.333270 0.800906,
        -0.753722 3.333270 0.905033,
        -0.757412 3.333270 1.010702,
        -0.746360 3.333270 1.115856,
        -0.720781 3.333270 1.218448,
        -0.681172 3.333270 1.316482,
        -0.628306 3.333270 1.408050,
        -0.563210 3.333270 1.491369,
        -0.487152 3.333270 1.564817,
        -0.401612 3.333270 1.626966,
        -0.308255 3.333270 1.676604,
        -0.208898 3.333270 1.712767,
        -0.105476 3.333270 1.734750,
        0.000000 3.333270 1.742126,
        0.108780 3.343103 1.758257,
        0.215442 3.343103 1.735586,
        0.317910 3.343103 1.698291,
        0.414191 3.343103 1.647097,
        0.502411 3.343103 1.583002,
        0.580851 3.343103 1.507253,
        0.647986 3.343103 1.421324,
        0.702509 3.343103 1.326888,
        0.743357 3.343103 1.225783,
        0.769738 3.343103 1.119978,
        0.781136 3.343103 1.011530,
        0.777331 3.343103 0.902551,
        0.758395 3.343103 0.795163,
        0.724698 3.343103 0.691455,
        0.676896 3.343103 0.593446,
        0.615919 3.343103 0.503043,
        0.542954 3.343103 0.422007,
        0.459420 3.343103 0.351914,
        0.366945 3.343103 0.294129,
        0.267327 3.343103 0.249777,
        0.162506 3.343103 0.219720,
        0.054522 3.343103 0.204544,
        -0.054522 3.343103 0.204544,
        -0.162506 3.343103 0.219720,
        -0.267327 3.343103 0.249777,
        -0.366945 3.343103 0.294129,
        -0.459420 3.343103 0.351914,
        -0.542954 3.343103 0.422007,
        -0.615919 3.343103 0.503043,
        -0.676896 3.343103 0.593446,
        -0.724698 3.343103 0.691455,
        -0.758395 3.343103 0.795163,
        -0.777331 3.343103 0.902551,
        -0.781136 3.343103 1.011530,
        -0.769738 3.343103 1.119978,
        -0.743357 3.343103 1.225783,
        -0.702509 3.343103 1.326888,
        -0.647986 3.343103 1.421324,
        -0.580851 3.343103 1.507253,
        -0.502411 3.343103 1.583002,
        -0.414191 3.343103 1.647097,
        -0.317910 3.343103 1.698291,
        -0.215442 3.343103 1.735586,
        -0.108780 3.343103 1.758257,
        0.000000 3.343103 1.765864,
        0.243939 3.273506 1.934333,
        0.576557 3.273506 1.777815,
        0.755795 3.273506 1.609500,
        0.887543 3.273506 1.401898,
        0.978963 3.273506 1.045843,
        0.963524 3.273506 0.800450,
        0.887543 3.273506 0.566606,
        0.671471 3.273506 0.269208,
        0.576557 3.273506 0.190689,
        0.243939 3.273506 0.034170,
        -0.243939 3.273506 0.034170,
        -0.576557 3.273506 0.190689,
        -0.755795 3.273506 0.359004,
        -0.887543 3.273506 0.566606,
        -0.978963 3.273506 0.922661,
        -0.978963 3.273506 1.045843,
        -0.963524 3.273506 1.168054,
        -0.887543 3.273506 1.401898,
        -0.671471 3.273506 1.699296,
        -0.576557 3.273506 1.777815,
        -0.243939 3.273506 1.934333,
        -0.114216 3.343103 1.888367,
        -0.226631 3.343103 1.866923,
        -0.117191 3.333270 1.911919,
        -0.232535 3.333270 1.889915,
        -0.119746 3.317629 1.932142,
        -0.237604 3.317629 1.909659,
        -0.121707 3.297244 1.947660,
        -0.241494 3.297244 1.924810,
        -0.122939 3.273506 1.957415,
        -0.439023 3.343103 1.782831,
        -0.535649 3.343103 1.721510,
        -0.450459 3.333270 1.803633,
        -0.549602 3.333270 1.740715,
        -0.460279 3.317629 1.821496,
        -0.561584 3.317629 1.757206,
        -0.467815 3.297244 1.835203,
        -0.570778 3.297244 1.769861,
        -0.472551 3.273506 1.843820,
        -0.769437 3.343103 1.472552,
        -0.824570 3.343103 1.372265,
        -0.789480 3.333270 1.485271,
        -0.846049 3.333270 1.382372,
        -0.806691 3.317629 1.496194,
        -0.864493 3.317629 1.391052,
        -0.819898 3.297244 1.504575,
        -0.878646 3.297244 1.397711,
        -0.828200 3.273506 1.509843,
        -0.866699 3.343103 0.702644,
        -0.824570 3.343103 0.596239,
        -0.889275 3.333270 0.695309,
        -0.846049 3.333270 0.586131,
        -0.908662 3.317629 0.689010,
        -0.864493 3.317629 0.577452,
        -0.923538 3.297244 0.684176,
        -0.878646 3.297244 0.570793,
        -0.932889 3.273506 0.681138,
        -0.623828 3.343103 0.319942,
        -0.535649 3.343103 0.246994,
        -0.640078 3.333270 0.302638,
        -0.549602 3.333270 0.227789,
        -0.654033 3.317629 0.287778,
        -0.561584 3.317629 0.211298,
        -0.664740 3.297244 0.276376,
        -0.570778 3.297244 0.198643,
        -0.671471 3.273506 0.269208,
        -0.335472 3.343103 0.136946,
        -0.226631 3.343103 0.101581,
        -0.344211 3.333270 0.114874,
        -0.232535 3.333270 0.078589,
        -0.351715 3.317629 0.095921,
        -0.237604 3.317629 0.058844,
        -0.357473 3.297244 0.081378,
        -0.241494 3.297244 0.043694,
        -0.361093 3.273506 0.072236,
        0.114216 3.343103 0.080137,
        0.226631 3.343103 0.101581,
        0.117191 3.333270 0.056586,
        0.232535 3.333270 0.078589,
        0.119746 3.317629 0.036362,
        0.237604 3.317629 0.058844,
        0.121707 3.297244 0.020844,
        0.241494 3.297244 0.043694,
        0.122939 3.273506 0.011089,
        0.439023 3.343103 0.185673,
        0.535649 3.343103 0.246994,
        0.450459 3.333270 0.164871,
        0.549602 3.333270 0.227789,
        0.460279 3.317629 0.147007,
        0.561584 3.317629 0.211298,
        0.467815 3.297244 0.133301,
        0.570778 3.297244 0.198643,
        0.472551 3.273506 0.124684,
        0.769437 3.343103 0.495952,
        0.824570 3.343103 0.596239,
        0.789480 3.333270 0.483233,
        0.846049 3.333270 0.586131,
        0.806691 3.317629 0.472310,
        0.864493 3.317629 0.577452,
        0.819898 3.297244 0.463929,
        0.878646 3.297244 0.570793,
        0.828200 3.273506 0.458660,
        0.909503 3.343103 0.927031,
        0.909503 3.343103 1.041473,
        0.933194 3.333270 0.925541,
        0.933194 3.333270 1.042963,
        0.953539 3.317629 0.924260,
        0.953539 3.317629 1.044244,
        0.969149 3.297244 0.923278,
        0.969149 3.297244 1.045226,
        0.978963 3.273506 0.922661,
        0.866699 3.343103 1.265859,
        0.824570 3.343103 1.372265,
        0.889275 3.333270 1.273195,
        0.846049 3.333270 1.382372,
        0.908662 3.317629 1.279494,
        0.864493 3.317629 1.391052,
        0.923538 3.297244 1.284328,
        0.878646 3.297244 1.397711,
        0.932889 3.273506 1.287366,
        0.623828 3.343103 1.648562,
        0.535649 3.343103 1.721510,
        0.640078 3.333270 1.665867,
        0.549602 3.333270 1.740715,
        0.654033 3.317629 1.680726,
        0.561584 3.317629 1.757206,
        0.664740 3.297244 1.692128,
        0.570778 3.297244 1.769861,
        0.671471 3.273506 1.699296,
        0.335472 3.343103 1.831558,
        0.226631 3.343103 1.866923,
        0.344211 3.333270 1.853630,
        0.232535 3.333270 1.889915,
        0.351715 3.317629 1.872583,
        0.237604 3.317629 1.909659,
        0.357473 3.297244 1.887126,
        0.241494 3.297244 1.924810,
        0.361093 3.273506 1.896268,
        0.000000 3.343103 1.895553,
        0.000000 3.333270 1.919291,
        0.000000 3.317629 1.939676,
        0.000000 3.297244 1.955317,
        0.000000 3.273506 1.965150,
        -0.361093 3.273506 1.896268,
        -0.357473 3.297244 1.887126,
        -0.351715 3.317629 1.872583,
        -0.344211 3.333270 1.853630,
        -0.335472 3.343103 1.831558,
        -0.664740 3.297244 1.692128,
        -0.654033 3.317629 1.680726,
        -0.640078 3.333270 1.665867,
        -0.623828 3.343103 1.648562,
        -0.755795 3.273506 1.609500,
        -0.748219 3.297244 1.603232,
        -0.736167 3.317629 1.593262,
        -0.720460 3.333270 1.580269,
        -0.702170 3.343103 1.565137,
        -0.932889 3.273506 1.287366,
        -0.923538 3.297244 1.284328,
        -0.908662 3.317629 1.279494,
        -0.889275 3.333270 1.273195,
        -0.866699 3.343103 1.265859,
        -0.895159 3.343103 1.155013,
        -0.918477 3.333270 1.159461,
        -0.938501 3.317629 1.163281,
        -0.953865 3.297244 1.166211,
        -0.969149 3.297244 1.045226,
        -0.953539 3.317629 1.044244,
        -0.933194 3.333270 1.042963,
        -0.909503 3.343103 1.041473,
        -0.969149 3.297244 0.923278,
        -0.953539 3.317629 0.924260,
        -0.933194 3.333270 0.925541,
        -0.909503 3.343103 0.927031,
        -0.963524 3.273506 0.800450,
        -0.953865 3.297244 0.802293,
        -0.938501 3.317629 0.805224,
        -0.918477 3.333270 0.809043,
        -0.895159 3.343103 0.813491,
        -0.828200 3.273506 0.458660,
        -0.819898 3.297244 0.463929,
        -0.806691 3.317629 0.472310,
        -0.789480 3.333270 0.483233,
        -0.769437 3.343103 0.495952,
        -0.702170 3.343103 0.403367,
        -0.720460 3.333270 0.388235,
        -0.736167 3.317629 0.375242,
        -0.748219 3.297244 0.365272,
        -0.472551 3.273506 0.124684,
        -0.467815 3.297244 0.133301,
        -0.460279 3.317629 0.147007,
        -0.450459 3.333270 0.164871,
        -0.439023 3.343103 0.185673,
        -0.122939 3.273506 0.011089,
        -0.121707 3.297244 0.020844,
        -0.119746 3.317629 0.036362,
        -0.117191 3.333270 0.056586,
        -0.114216 3.343103 0.080137,
        -0.000000 3.343103 0.072951,
        -0.000000 3.333270 0.049213,
        -0.000000 3.317629 0.028828,
        -0.000000 3.297244 0.013187,
        -0.000000 3.273506 0.003354,
        0.361093 3.273506 0.072236,
        0.357473 3.297244 0.081378,
        0.351715 3.317629 0.095921,
        0.344211 3.333270 0.114874,
        0.335472 3.343103 0.136946,
        0.664740 3.297244 0.276376,
        0.654033 3.317629 0.287778,
        0.640078 3.333270 0.302638,
        0.623828 3.343103 0.319942,
        0.755795 3.273506 0.359004,
        0.748219 3.297244 0.365272,
        0.736167 3.317629 0.375242,
        0.720460 3.333270 0.388235,
        0.702170 3.343103 0.403367,
        0.932889 3.273506 0.681138,
        0.923538 3.297244 0.684176,
        0.908662 3.317629 0.689010,
        0.889275 3.333270 0.695309,
        0.866699 3.343103 0.702644,
        0.895159 3.343103 0.813491,
        0.918477 3.333270 0.809043,
        0.938501 3.317629 0.805224,
        0.953865 3.297244 0.802293,
        0.963524 3.273506 1.168054,
        0.953865 3.297244 1.166211,
        0.938501 3.317629 1.163281,
        0.918477 3.333270 1.159461,
        0.895159 3.343103 1.155013,
        0.828200 3.273506 1.509843,
        0.819898 3.297244 1.504575,
        0.806691 3.317629 1.496194,
        0.789480 3.333270 1.485271,
        0.769437 3.343103 1.472552,
        0.702170 3.343103 1.565137,
        0.720460 3.333270 1.580269,
        0.736167 3.317629 1.593262,
        0.748219 3.297244 1.603232,
        0.472551 3.273506 1.843820,
        0.467815 3.297244 1.835203,
        0.460279 3.317629 1.821496,
        0.450459 3.333270 1.803633,
        0.439023 3.343103 1.782831,
        0.122939 3.273506 1.957415,
        0.121707 3.297244 1.947660,
        0.119746 3.317629 1.932142,
        0.117191 3.333270 1.911919,
        0.114216 3.343103 1.888367,
        -1.102362 -1.653543 1.771654,
        -1.102362 -1.181102 1.771654,
        -0.393701 -1.181102 1.771654,
        -0.393701 -1.653543 1.771654,
        0.393701 0.354331 1.771654,
        0.393701 0.826772 1.771654,
        1.102362 0.826772 1.771654,
        1.102362 0.354331 1.771654,
        -1.102362 1.102362 1.771654,
        -1.102362 1.574803 1.771654,
        -0.393701 1.574803 1.771654,
        -0.393701 1.102362 1.771654,
        -1.062992 -0.748031 0.984252,
        -1.062992 -1.220472 0.984252,
        -1.062992 2.007874 0.984252,
        -1.062992 1.535433 0.984252,
        1.062992 -0.078740 0.984252,
        1.062992 0.393701 0.984252,
        0.133100 1.413617 -0.098425,
        0.119334 1.446850 -0.098425,
        0.097436 1.475389 -0.098425,
        0.068898 1.497287 -0.098425,
        0.035664 1.511053 -0.098425,
        0.000000 1.515748 -0.098425,
        -0.035664 1.511053 -0.098425,
        -0.068898 1.497287 -0.098425,
        -0.097436 1.475389 -0.098425,
        -0.119334 1.446850 -0.098425,
        -0.133100 1.413617 -0.098425,
        -0.137795 1.377953 -0.098425,
        -0.133100 1.342289 -0.098425,
        -0.119334 1.309055 -0.098425,
        -0.097436 1.280517 -0.098425,
        -0.068898 1.258619 -0.098425,
        -0.035664 1.244853 -0.098425,
        -0.000000 1.240157 -0.098425,
        0.035664 1.244853 -0.098425,
        0.068898 1.258619 -0.098425,
        0.097436 1.280517 -0.098425,
        0.119334 1.309055 -0.098425,
        0.133100 1.342289 -0.098425,
        0.137795 1.377953 -0.098425,
        0.133100 -0.948588 -0.098425,
        0.119334 -0.915354 -0.098425,
        0.097436 -0.886816 -0.098425,
        0.068898 -0.864918 -0.098425,
        0.035664 -0.851152 -0.098425,
        0.000000 -0.846457 -0.098425,
        -0.035664 -0.851152 -0.098425,
        -0.068898 -0.864918 -0.098425,
        -0.097436 -0.886816 -0.098425,
        -0.119334 -0.915354 -0.098425,
        -0.133100 -0.948588 -0.098425,
        -0.137795 -0.984252 -0.098425,
        -0.133100 -1.019916 -0.098425,
        -0.119334 -1.053150 -0.098425,
        -0.097436 -1.081688 -0.098425,
        -0.068898 -1.103586 -0.098425,
        -0.035664 -1.117352 -0.098425,
        -0.000000 -1.122047 -0.098425,
        0.035664 -1.117352 -0.098425,
        0.068898 -1.103586 -0.098425,
        0.097436 -1.081688 -0.098425,
        0.119334 -1.053150 -0.098425,
        0.133100 -1.019916 -0.098425,
        0.137795 -0.984252 -0.098425,
        -0.000000 1.377953 -0.236220,
        -0.034449 1.387183 -0.231525,
        -0.030886 1.395785 -0.231525,
        -0.035664 1.377953 -0.231525,
        -0.017832 1.408839 -0.231525,
        -0.009231 1.412402 -0.231525,
        -0.025218 1.403171 -0.231525,
        0.009231 1.412402 -0.231525,
        0.017832 1.408839 -0.231525,
        -0.000000 1.413617 -0.231525,
        0.030886 1.395785 -0.231525,
        0.034449 1.387183 -0.231525,
        0.025218 1.403171 -0.231525,
        0.034449 1.368722 -0.231525,
        0.030886 1.360121 -0.231525,
        0.035664 1.377953 -0.231525,
        0.017832 1.347067 -0.231525,
        0.009231 1.343504 -0.231525,
        0.025218 1.352735 -0.231525,
        -0.009231 1.343504 -0.231525,
        -0.017832 1.347067 -0.231525,
        0.000000 1.342289 -0.231525,
        -0.030886 1.360121 -0.231525,
        -0.034449 1.368722 -0.231525,
        -0.025218 1.352735 -0.231525,
        -0.066550 1.395785 -0.217759,
        -0.059667 1.412402 -0.217759,
        -0.048718 1.426671 -0.217759,
        -0.034449 1.437620 -0.217759,
        -0.017832 1.444503 -0.217759,
        -0.000000 1.446850 -0.217759,
        0.017832 1.444503 -0.217759,
        0.034449 1.437620 -0.217759,
        0.048718 1.426671 -0.217759,
        0.059667 1.412402 -0.217759,
        0.066550 1.395785 -0.217759,
        0.068898 1.377953 -0.217759,
        0.066550 1.360121 -0.217759,
        0.059667 1.343504 -0.217759,
        0.048718 1.329235 -0.217759,
        0.034449 1.318285 -0.217759,
        0.017832 1.311403 -0.217759,
        0.000000 1.309055 -0.217759,
        -0.017832 1.311403 -0.217759,
        -0.034449 1.318285 -0.217759,
        -0.048718 1.329235 -0.217759,
        -0.059667 1.343504 -0.217759,
        -0.066550 1.360121 -0.217759,
        -0.068898 1.377953 -0.217759,
        -0.094116 1.403171 -0.195861,
        -0.084382 1.426671 -0.195861,
        -0.068898 1.446850 -0.195861,
        -0.048718 1.462335 -0.195861,
        -0.025218 1.472069 -0.195861,
        -0.000000 1.475389 -0.195861,
        0.025218 1.472069 -0.195861,
        0.048718 1.462335 -0.195861,
        0.068898 1.446850 -0.195861,
        0.084382 1.426671 -0.195861,
        0.094116 1.403171 -0.195861,
        0.097436 1.377953 -0.195861,
        0.094116 1.352735 -0.195861,
        0.084382 1.329235 -0.195861,
        0.068898 1.309055 -0.195861,
        0.048718 1.293571 -0.195861,
        0.025218 1.283837 -0.195861,
        0.000000 1.280517 -0.195861,
        -0.025218 1.283837 -0.195861,
        -0.048718 1.293571 -0.195861,
        -0.068898 1.309055 -0.195861,
        -0.084382 1.329235 -0.195861,
        -0.094116 1.352735 -0.195861,
        -0.097436 1.377953 -0.195861,
        -0.115268 1.408839 -0.167323,
        -0.103346 1.437620 -0.167323,
        -0.084382 1.462335 -0.167323,
        -0.059667 1.481299 -0.167323,
        -0.030886 1.493221 -0.167323,
        -0.000000 1.497287 -0.167323,
        0.030886 1.493221 -0.167323,
        0.059667 1.481299 -0.167323,
        0.084382 1.462335 -0.167323,
        0.103346 1.437620 -0.167323,
        0.115268 1.408839 -0.167323,
        0.119334 1.377953 -0.167323,
        0.115268 1.347067 -0.167323,
        0.103346 1.318285 -0.167323,
        0.084382 1.293571 -0.167323,
        0.059667 1.274606 -0.167323,
        0.030886 1.262685 -0.167323,
        0.000000 1.258619 -0.167323,
        -0.030886 1.262685 -0.167323,
        -0.059667 1.274606 -0.167323,
        -0.084382 1.293571 -0.167323,
        -0.103346 1.318285 -0.167323,
        -0.115268 1.347067 -0.167323,
        -0.119334 1.377953 -0.167323,
        -0.128565 1.412402 -0.134089,
        -0.115268 1.444503 -0.134089,
        -0.094116 1.472069 -0.134089,
        -0.066550 1.493221 -0.134089,
        -0.034449 1.506517 -0.134089,
        -0.000000 1.511053 -0.134089,
        0.034449 1.506517 -0.134089,
        0.066550 1.493221 -0.134089,
        0.094116 1.472069 -0.134089,
        0.115268 1.444503 -0.134089,
        0.128565 1.412402 -0.134089,
        0.133100 1.377953 -0.134089,
        0.128565 1.343504 -0.134089,
        0.115268 1.311403 -0.134089,
        0.094116 1.283837 -0.134089,
        0.066550 1.262685 -0.134089,
        0.034449 1.249388 -0.134089,
        0.000000 1.244853 -0.134089,
        -0.034449 1.249388 -0.134089,
        -0.066550 1.262685 -0.134089,
        -0.094116 1.283837 -0.134089,
        -0.115268 1.311403 -0.134089,
        -0.128565 1.343504 -0.134089,
        -0.133100 1.377953 -0.134089,
        -0.000000 -0.984252 -0.236220,
        -0.034449 -0.975021 -0.231525,
        -0.030886 -0.966420 -0.231525,
        -0.035664 -0.984252 -0.231525,
        -0.017832 -0.953366 -0.231525,
        -0.009231 -0.949803 -0.231525,
        -0.025218 -0.959034 -0.231525,
        0.009231 -0.949803 -0.231525,
        0.017832 -0.953366 -0.231525,
        -0.000000 -0.948588 -0.231525,
        0.030886 -0.966420 -0.231525,
        0.034449 -0.975021 -0.231525,
        0.025218 -0.959034 -0.231525,
        0.034449 -0.993483 -0.231525,
        0.030886 -1.002084 -0.231525,
        0.035664 -0.984252 -0.231525,
        0.017832 -1.015138 -0.231525,
        0.009231 -1.018701 -0.231525,
        0.025218 -1.009470 -0.231525,
        -0.009231 -1.018701 -0.231525,
        -0.017832 -1.015138 -0.231525,
        0.000000 -1.019916 -0.231525,
        -0.030886 -1.002084 -0.231525,
        -0.034449 -0.993483 -0.231525,
        -0.025218 -1.009470 -0.231525,
        -0.066550 -0.966420 -0.217759,
        -0.059667 -0.949803 -0.217759,
        -0.048718 -0.935534 -0.217759,
        -0.034449 -0.924585 -0.217759,
        -0.017832 -0.917702 -0.217759,
        -0.000000 -0.915354 -0.217759,
        0.017832 -0.917702 -0.217759,
        0.034449 -0.924585 -0.217759,
        0.048718 -0.935534 -0.217759,
        0.059667 -0.949803 -0.217759,
        0.066550 -0.966420 -0.217759,
        0.068898 -0.984252 -0.217759,
        0.066550 -1.002084 -0.217759,
        0.059667 -1.018701 -0.217759,
        0.048718 -1.032970 -0.217759,
        0.034449 -1.043919 -0.217759,
        0.017832 -1.050802 -0.217759,
        0.000000 -1.053150 -0.217759,
        -0.017832 -1.050802 -0.217759,
        -0.034449 -1.043919 -0.217759,
        -0.048718 -1.032970 -0.217759,
        -0.059667 -1.018701 -0.217759,
        -0.066550 -1.002084 -0.217759,
        -0.068898 -0.984252 -0.217759,
        -0.094116 -0.959034 -0.195861,
        -0.084382 -0.935534 -0.195861,
        -0.068898 -0.915354 -0.195861,
        -0.048718 -0.899870 -0.195861,
        -0.025218 -0.890136 -0.195861,
        -0.000000 -0.886816 -0.195861,
        0.025218 -0.890136 -0.195861,
        0.048718 -0.899870 -0.195861,
        0.068898 -0.915354 -0.195861,
        0.084382 -0.935534 -0.195861,
        0.094116 -0.959034 -0.195861,
        0.097436 -0.984252 -0.195861,
        0.094116 -1.009470 -0.195861,
        0.084382 -1.032970 -0.195861,
        0.068898 -1.053150 -0.195861,
        0.048718 -1.068634 -0.195861,
        0.025218 -1.078368 -0.195861,
        0.000000 -1.081688 -0.195861,
        -0.025218 -1.078368 -0.195861,
        -0.048718 -1.068634 -0.195861,
        -0.068898 -1.053150 -0.195861,
        -0.084382 -1.032970 -0.195861,
        -0.094116 -1.009470 -0.195861,
        -0.097436 -0.984252 -0.195861,
        -0.115268 -0.953366 -0.167323,
        -0.103346 -0.924585 -0.167323,
        -0.084382 -0.899870 -0.167323,
        -0.059667 -0.880906 -0.167323,
        -0.030886 -0.868984 -0.167323,
        -0.000000 -0.864918 -0.167323,
        0.030886 -0.868984 -0.167323,
        0.059667 -0.880906 -0.167323,
        0.084382 -0.899870 -0.167323,
        0.103346 -0.924585 -0.167323,
        0.115268 -0.953366 -0.167323,
        0.119334 -0.984252 -0.167323,
        0.115268 -1.015138 -0.167323,
        0.103346 -1.043919 -0.167323,
        0.084382 -1.068634 -0.167323,
        0.059667 -1.087598 -0.167323,
        0.030886 -1.099520 -0.167323,
        0.000000 -1.103586 -0.167323,
        -0.030886 -1.099520 -0.167323,
        -0.059667 -1.087598 -0.167323,
        -0.084382 -1.068634 -0.167323,
        -0.103346 -1.043919 -0.167323,
        -0.115268 -1.015138 -0.167323,
        -0.119334 -0.984252 -0.167323,
        -0.128565 -0.949803 -0.134089,
        -0.115268 -0.917702 -0.134089,
        -0.094116 -0.890136 -0.134089,
        -0.066550 -0.868984 -0.134089,
        -0.034449 -0.855687 -0.134089,
        -0.000000 -0.851152 -0.134089,
        0.034449 -0.855687 -0.134089,
        0.066550 -0.868984 -0.134089,
        0.094116 -0.890136 -0.134089,
        0.115268 -0.917702 -0.134089,
        0.128565 -0.949803 -0.134089,
        0.133100 -0.984252 -0.134089,
        0.128565 -1.018701 -0.134089,
        0.115268 -1.050802 -0.134089,
        0.094116 -1.078368 -0.134089,
        0.066550 -1.099520 -0.134089,
        0.034449 -1.112817 -0.134089,
        0.000000 -1.117352 -0.134089,
        -0.034449 -1.112817 -0.134089,
        -0.066550 -1.099520 -0.134089,
        -0.094116 -1.078368 -0.134089,
        -0.115268 -1.050802 -0.134089,
        -0.128565 -1.018701 -0.134089,
        -0.133100 -0.984252 -0.134089,
      ]
    }
    coordIndex [
      3, 4, 2, -1,
      5, 6, 7, -1,
      8, 9, 10, -1,
      10, 9, 11, -1,
      10, 11, 12, -1,
      13, 14, 15, -1,
      16, 17, 18, -1,
      19, 20, 21, -1,
      21, 20, 17, -1,
      21, 17, 22, -1,
      22, 17, 16, -1,
      22, 16, 23, -1,
      23, 16, 24, -1,
      17, 25, 26, -1,
      26, 25, 27, -1,
      28, 29, 30, -1,
      30, 29, 31, -1,
      32, 33, 34, -1,
      35, 36, 37, -1,
      37, 36, 38, -1,
      37, 38, 33, -1,
      33, 38, 39, -1,
      33, 39, 34, -1,
      34, 39, 40, -1,
      39, 41, 40, -1,
      40, 41, 42, -1,
      40, 42, 43, -1,
      44, 45, 46, -1,
      47, 48, 49, -1,
      49, 48, 50, -1,
      49, 50, 51, -1,
      51, 52, 49, -1,
      49, 52, 53, -1,
      49, 53, 54, -1,
      55, 44, 56, -1,
      56, 44, 57, -1,
      58, 59, 5, -1,
      5, 59, 60, -1,
      60, 61, 5, -1,
      5, 61, 62, -1,
      5, 62, 63, -1,
      55, 64, 44, -1,
      44, 64, 65, -1,
      44, 65, 66, -1,
      67, 9, 68, -1,
      68, 9, 8, -1,
      68, 8, 7, -1,
      7, 8, 44, -1,
      7, 44, 5, -1,
      5, 44, 69, -1,
      5, 69, 58, -1,
      66, 70, 44, -1,
      44, 70, 71, -1,
      44, 71, 69, -1,
      72, 73, 8, -1,
      74, 13, 75, -1,
      75, 13, 15, -1,
      75, 15, 18, -1,
      18, 15, 76, -1,
      18, 76, 16, -1,
      77, 78, 10, -1,
      10, 78, 79, -1,
      10, 79, 80, -1,
      81, 82, 83, -1,
      83, 82, 74, -1,
      83, 74, 84, -1,
      84, 74, 75, -1,
      84, 75, 85, -1,
      86, 87, 72, -1,
      72, 87, 88, -1,
      81, 89, 82, -1,
      82, 89, 90, -1,
      82, 90, 91, -1,
      91, 92, 82, -1,
      82, 92, 93, -1,
      82, 93, 94, -1,
      94, 95, 82, -1,
      82, 95, 96, -1,
      82, 96, 97, -1,
      98, 99, 100, -1,
      100, 99, 101, -1,
      97, 102, 82, -1,
      82, 102, 99, -1,
      82, 99, 103, -1,
      103, 99, 98, -1,
      80, 104, 10, -1,
      10, 104, 105, -1,
      10, 105, 8, -1,
      8, 105, 106, -1,
      8, 106, 72, -1,
      72, 106, 107, -1,
      72, 107, 86, -1,
      88, 108, 72, -1,
      72, 108, 109, -1,
      72, 109, 75, -1,
      75, 109, 110, -1,
      75, 110, 85, -1,
      26, 111, 112, -1,
      113, 114, 115, -1,
      116, 117, 2, -1,
      114, 118, 115, -1,
      115, 118, 119, -1,
      115, 119, 120, -1,
      117, 121, 2, -1,
      2, 121, 122, -1,
      2, 122, 3, -1,
      123, 28, 115, -1,
      115, 28, 30, -1,
      115, 30, 113, -1,
      113, 30, 124, -1,
      17, 26, 18, -1,
      18, 26, 112, -1,
      18, 112, 2, -1,
      2, 112, 125, -1,
      2, 125, 116, -1,
      126, 2, 30, -1,
      30, 2, 4, -1,
      30, 4, 124, -1,
      127, 128, 129, -1,
      129, 128, 130, -1,
      129, 130, 1, -1,
      131, 132, 133, -1,
      0, 134, 135, -1,
      136, 137, 138, -1,
      138, 137, 139, -1,
      138, 139, 140, -1,
      120, 141, 115, -1,
      115, 141, 32, -1,
      115, 32, 123, -1,
      123, 32, 34, -1,
      14, 13, 142, -1,
      142, 13, 143, -1,
      142, 143, 27, -1,
      27, 143, 144, -1,
      27, 144, 26, -1,
      26, 144, 145, -1,
      26, 145, 111, -1,
      141, 146, 32, -1,
      32, 146, 147, -1,
      32, 147, 144, -1,
      144, 147, 148, -1,
      144, 148, 145, -1,
      74, 149, 13, -1,
      13, 149, 150, -1,
      13, 150, 143, -1,
      143, 150, 151, -1,
      6, 5, 152, -1,
      152, 5, 135, -1,
      152, 135, 12, -1,
      12, 135, 153, -1,
      12, 153, 10, -1,
      10, 153, 154, -1,
      10, 154, 77, -1,
      151, 155, 143, -1,
      143, 155, 156, -1,
      143, 156, 153, -1,
      153, 156, 157, -1,
      153, 157, 154, -1,
      158, 132, 159, -1,
      159, 132, 131, -1,
      159, 131, 139, -1,
      139, 131, 49, -1,
      139, 49, 140, -1,
      140, 49, 54, -1,
      140, 54, 46, -1,
      46, 54, 160, -1,
      46, 160, 44, -1,
      44, 160, 161, -1,
      44, 161, 57, -1,
      133, 0, 131, -1,
      131, 0, 135, -1,
      131, 135, 49, -1,
      49, 135, 5, -1,
      49, 5, 47, -1,
      47, 5, 63, -1,
      162, 33, 163, -1,
      163, 33, 32, -1,
      163, 32, 164, -1,
      164, 32, 144, -1,
      164, 144, 165, -1,
      165, 144, 143, -1,
      165, 143, 166, -1,
      166, 143, 153, -1,
      166, 153, 167, -1,
      167, 153, 135, -1,
      167, 135, 168, -1,
      168, 135, 134, -1,
      168, 134, 169, -1,
      170, 171, 37, -1,
      37, 171, 172, -1,
      37, 172, 173, -1,
      173, 174, 37, -1,
      37, 174, 175, -1,
      37, 175, 176, -1,
      29, 35, 31, -1,
      31, 35, 37, -1,
      31, 37, 177, -1,
      177, 37, 176, -1,
      177, 178, 31, -1,
      31, 178, 179, -1,
      31, 179, 180, -1,
      181, 182, 183, -1,
      183, 182, 184, -1,
      183, 184, 185, -1,
      185, 186, 183, -1,
      183, 186, 187, -1,
      183, 187, 188, -1,
      180, 189, 31, -1,
      31, 189, 190, -1,
      31, 190, 191, -1,
      191, 190, 192, -1,
      191, 192, 193, -1,
      193, 194, 191, -1,
      191, 194, 195, -1,
      191, 195, 181, -1,
      181, 195, 196, -1,
      181, 196, 182, -1,
      162, 1, 33, -1,
      33, 1, 130, -1,
      33, 130, 37, -1,
      37, 130, 183, -1,
      37, 183, 170, -1,
      170, 183, 188, -1,
      197, 198, 136, -1,
      136, 198, 137, -1,
      199, 200, 201, -1,
      181, 202, 191, -1,
      191, 202, 203, -1,
      191, 203, 204, -1,
      205, 206, 201, -1,
      201, 206, 207, -1,
      201, 207, 199, -1,
      191, 208, 201, -1,
      201, 208, 209, -1,
      201, 209, 210, -1,
      204, 211, 191, -1,
      191, 211, 212, -1,
      191, 212, 213, -1,
      210, 214, 201, -1,
      201, 214, 215, -1,
      201, 215, 205, -1,
      213, 216, 191, -1,
      191, 216, 217, -1,
      191, 217, 208, -1,
      31, 191, 201, -1,
      8, 73, 218, -1,
      219, 45, 44, -1,
      220, 126, 30, -1,
      30, 31, 220, -1,
      220, 31, 201, -1,
      220, 201, 218, -1,
      218, 201, 219, -1,
      218, 219, 8, -1,
      8, 219, 44, -1,
      221, 200, 222, -1,
      130, 223, 183, -1,
      183, 223, 224, -1,
      183, 224, 181, -1,
      222, 225, 221, -1,
      221, 225, 226, -1,
      221, 226, 227, -1,
      227, 228, 221, -1,
      221, 228, 229, -1,
      221, 229, 230, -1,
      230, 231, 221, -1,
      221, 231, 232, -1,
      221, 232, 128, -1,
      232, 233, 128, -1,
      128, 233, 234, -1,
      128, 234, 235, -1,
      235, 236, 128, -1,
      128, 236, 237, -1,
      128, 237, 130, -1,
      130, 237, 238, -1,
      130, 238, 223, -1,
      128, 127, 239, -1,
      128, 239, 221, -1,
      221, 239, 240, -1,
      221, 240, 241, -1,
      241, 240, 242, -1,
      241, 242, 243, -1,
      243, 133, 241, -1,
      241, 133, 132, -1,
      241, 132, 158, -1,
      162, 163, 240, -1,
      240, 163, 164, -1,
      240, 164, 242, -1,
      242, 164, 165, -1,
      242, 165, 166, -1,
      166, 167, 242, -1,
      242, 167, 168, -1,
      242, 168, 169, -1,
      139, 244, 245, -1,
      139, 245, 159, -1,
      241, 246, 247, -1,
      247, 248, 241, -1,
      241, 248, 249, -1,
      241, 249, 198, -1,
      198, 249, 250, -1,
      198, 250, 251, -1,
      245, 252, 159, -1,
      159, 252, 253, -1,
      159, 253, 158, -1,
      158, 253, 254, -1,
      158, 254, 255, -1,
      256, 257, 241, -1,
      241, 257, 258, -1,
      241, 258, 246, -1,
      251, 259, 198, -1,
      198, 259, 260, -1,
      198, 260, 261, -1,
      255, 262, 158, -1,
      158, 262, 263, -1,
      158, 263, 241, -1,
      241, 263, 264, -1,
      241, 264, 256, -1,
      261, 265, 198, -1,
      198, 265, 266, -1,
      198, 266, 137, -1,
      137, 266, 267, -1,
      267, 268, 137, -1,
      137, 268, 269, -1,
      137, 269, 270, -1,
      270, 271, 137, -1,
      137, 271, 272, -1,
      137, 272, 139, -1,
      139, 272, 273, -1,
      139, 273, 244, -1,
      241, 198, 274, -1,
      274, 198, 197, -1,
      275, 276, 274, -1,
      277, 278, 201, -1,
      201, 278, 279, -1,
      201, 279, 219, -1,
      219, 279, 280, -1,
      281, 221, 241, -1,
      274, 276, 241, -1,
      241, 276, 282, -1,
      241, 282, 281, -1,
      274, 280, 275, -1,
      275, 280, 279, -1,
      275, 279, 281, -1,
      281, 279, 283, -1,
      277, 201, 284, -1,
      284, 201, 200, -1,
      284, 200, 285, -1,
      285, 200, 221, -1,
      285, 221, 286, -1,
      286, 221, 281, -1,
      286, 281, 287, -1,
      287, 281, 283, -1,
      287, 283, 284, -1,
      284, 283, 277, -1,
      288, 289, 290, -1,
      290, 289, 291, -1,
      290, 291, 292, -1,
      292, 291, 293, -1,
      292, 293, 294, -1,
      294, 293, 295, -1,
      294, 295, 296, -1,
      296, 295, 297, -1,
      296, 297, 298, -1,
      298, 297, 299, -1,
      298, 299, 300, -1,
      300, 299, 301, -1,
      300, 301, 302, -1,
      302, 301, 303, -1,
      302, 303, 304, -1,
      305, 306, 307, -1,
      307, 306, 308, -1,
      307, 308, 309, -1,
      309, 308, 310, -1,
      309, 310, 311, -1,
      311, 310, 312, -1,
      311, 312, 313, -1,
      313, 312, 314, -1,
      313, 314, 315, -1,
      315, 314, 316, -1,
      315, 316, 317, -1,
      317, 316, 318, -1,
      317, 318, 319, -1,
      319, 318, 320, -1,
      319, 320, 321, -1,
      321, 320, 322, -1,
      321, 322, 323, -1,
      323, 322, 324, -1,
      323, 324, 288, -1,
      288, 324, 325, -1,
      288, 325, 289, -1,
      326, 327, 328, -1,
      328, 327, 329, -1,
      328, 329, 330, -1,
      330, 329, 331, -1,
      330, 331, 332, -1,
      332, 331, 333, -1,
      332, 333, 334, -1,
      334, 333, 335, -1,
      334, 335, 336, -1,
      336, 335, 337, -1,
      336, 337, 338, -1,
      338, 337, 339, -1,
      338, 339, 340, -1,
      340, 339, 341, -1,
      340, 341, 342, -1,
      342, 341, 343, -1,
      342, 343, 305, -1,
      305, 343, 344, -1,
      305, 344, 306, -1,
      303, 345, 304, -1,
      304, 345, 346, -1,
      304, 346, 347, -1,
      347, 346, 348, -1,
      347, 348, 349, -1,
      349, 348, 350, -1,
      349, 350, 351, -1,
      351, 350, 352, -1,
      351, 352, 353, -1,
      353, 352, 354, -1,
      353, 354, 355, -1,
      355, 354, 356, -1,
      355, 356, 357, -1,
      357, 356, 358, -1,
      357, 358, 359, -1,
      359, 358, 360, -1,
      359, 360, 361, -1,
      361, 360, 362, -1,
      361, 362, 363, -1,
      362, 364, 363, -1,
      363, 364, 365, -1,
      363, 365, 366, -1,
      366, 365, 367, -1,
      366, 367, 368, -1,
      368, 367, 369, -1,
      368, 369, 370, -1,
      370, 369, 371, -1,
      370, 371, 372, -1,
      372, 371, 373, -1,
      372, 373, 374, -1,
      374, 373, 375, -1,
      374, 375, 376, -1,
      376, 375, 377, -1,
      376, 377, 378, -1,
      378, 377, 379, -1,
      378, 379, 380, -1,
      380, 379, 381, -1,
      380, 381, 326, -1,
      326, 381, 382, -1,
      326, 382, 327, -1,
      181, 224, 383, -1,
      223, 384, 224, -1,
      224, 384, 385, -1,
      224, 385, 383, -1,
      386, 387, 238, -1,
      238, 387, 388, -1,
      238, 388, 223, -1,
      223, 388, 389, -1,
      223, 389, 384, -1,
      386, 238, 390, -1,
      390, 238, 237, -1,
      390, 237, 391, -1,
      391, 237, 392, -1,
      392, 237, 236, -1,
      392, 236, 393, -1,
      393, 236, 394, -1,
      394, 236, 235, -1,
      394, 235, 395, -1,
      234, 396, 235, -1,
      235, 396, 397, -1,
      235, 397, 395, -1,
      398, 399, 233, -1,
      233, 399, 400, -1,
      233, 400, 234, -1,
      234, 400, 401, -1,
      234, 401, 396, -1,
      398, 233, 402, -1,
      402, 233, 232, -1,
      402, 232, 403, -1,
      403, 232, 404, -1,
      404, 232, 231, -1,
      404, 231, 405, -1,
      405, 231, 406, -1,
      406, 231, 230, -1,
      406, 230, 407, -1,
      229, 408, 230, -1,
      230, 408, 409, -1,
      230, 409, 407, -1,
      410, 411, 228, -1,
      228, 411, 412, -1,
      228, 412, 229, -1,
      229, 412, 413, -1,
      229, 413, 408, -1,
      410, 228, 414, -1,
      414, 228, 227, -1,
      414, 227, 415, -1,
      415, 227, 416, -1,
      416, 227, 226, -1,
      416, 226, 417, -1,
      417, 226, 418, -1,
      418, 226, 225, -1,
      418, 225, 419, -1,
      222, 420, 225, -1,
      225, 420, 421, -1,
      225, 421, 419, -1,
      200, 422, 222, -1,
      222, 422, 423, -1,
      222, 423, 420, -1,
      199, 424, 200, -1,
      200, 424, 425, -1,
      200, 425, 422, -1,
      207, 426, 199, -1,
      199, 426, 427, -1,
      199, 427, 424, -1,
      428, 429, 206, -1,
      206, 429, 430, -1,
      206, 430, 207, -1,
      207, 430, 431, -1,
      207, 431, 426, -1,
      428, 206, 432, -1,
      432, 206, 205, -1,
      432, 205, 433, -1,
      433, 205, 434, -1,
      434, 205, 215, -1,
      434, 215, 435, -1,
      435, 215, 436, -1,
      436, 215, 214, -1,
      436, 214, 437, -1,
      210, 438, 214, -1,
      214, 438, 439, -1,
      214, 439, 437, -1,
      440, 441, 209, -1,
      209, 441, 442, -1,
      209, 442, 210, -1,
      210, 442, 443, -1,
      210, 443, 438, -1,
      440, 209, 444, -1,
      444, 209, 208, -1,
      444, 208, 445, -1,
      445, 208, 446, -1,
      446, 208, 217, -1,
      446, 217, 447, -1,
      447, 217, 448, -1,
      448, 217, 216, -1,
      448, 216, 449, -1,
      213, 450, 216, -1,
      216, 450, 451, -1,
      216, 451, 449, -1,
      452, 453, 212, -1,
      212, 453, 454, -1,
      212, 454, 213, -1,
      213, 454, 455, -1,
      213, 455, 450, -1,
      452, 212, 456, -1,
      456, 212, 211, -1,
      456, 211, 457, -1,
      457, 211, 458, -1,
      458, 211, 204, -1,
      458, 204, 459, -1,
      459, 204, 460, -1,
      460, 204, 203, -1,
      460, 203, 461, -1,
      202, 462, 203, -1,
      203, 462, 463, -1,
      203, 463, 461, -1,
      383, 464, 181, -1,
      181, 464, 465, -1,
      181, 465, 202, -1,
      202, 465, 466, -1,
      202, 466, 462, -1,
      467, 244, 273, -1,
      272, 468, 273, -1,
      273, 468, 469, -1,
      273, 469, 467, -1,
      271, 470, 272, -1,
      272, 470, 471, -1,
      272, 471, 468, -1,
      270, 472, 271, -1,
      271, 472, 473, -1,
      271, 473, 470, -1,
      269, 474, 270, -1,
      270, 474, 475, -1,
      270, 475, 472, -1,
      268, 476, 269, -1,
      269, 476, 477, -1,
      269, 477, 474, -1,
      267, 478, 268, -1,
      268, 478, 479, -1,
      268, 479, 476, -1,
      266, 480, 267, -1,
      267, 480, 481, -1,
      267, 481, 478, -1,
      265, 482, 266, -1,
      266, 482, 483, -1,
      266, 483, 480, -1,
      261, 484, 265, -1,
      265, 484, 485, -1,
      265, 485, 482, -1,
      260, 486, 261, -1,
      261, 486, 487, -1,
      261, 487, 484, -1,
      259, 488, 260, -1,
      260, 488, 489, -1,
      260, 489, 486, -1,
      251, 490, 259, -1,
      259, 490, 491, -1,
      259, 491, 488, -1,
      250, 492, 251, -1,
      251, 492, 493, -1,
      251, 493, 490, -1,
      249, 494, 250, -1,
      250, 494, 495, -1,
      250, 495, 492, -1,
      248, 496, 249, -1,
      249, 496, 497, -1,
      249, 497, 494, -1,
      247, 498, 248, -1,
      248, 498, 499, -1,
      248, 499, 496, -1,
      246, 500, 247, -1,
      247, 500, 501, -1,
      247, 501, 498, -1,
      258, 502, 246, -1,
      246, 502, 503, -1,
      246, 503, 500, -1,
      257, 504, 258, -1,
      258, 504, 505, -1,
      258, 505, 502, -1,
      256, 506, 257, -1,
      257, 506, 507, -1,
      257, 507, 504, -1,
      264, 508, 256, -1,
      256, 508, 509, -1,
      256, 509, 506, -1,
      263, 510, 264, -1,
      264, 510, 511, -1,
      264, 511, 508, -1,
      262, 512, 263, -1,
      263, 512, 513, -1,
      263, 513, 510, -1,
      255, 514, 262, -1,
      262, 514, 515, -1,
      262, 515, 512, -1,
      254, 516, 255, -1,
      255, 516, 517, -1,
      255, 517, 514, -1,
      253, 518, 254, -1,
      254, 518, 519, -1,
      254, 519, 516, -1,
      252, 520, 253, -1,
      253, 520, 521, -1,
      253, 521, 518, -1,
      245, 522, 252, -1,
      252, 522, 523, -1,
      252, 523, 520, -1,
      467, 524, 244, -1,
      244, 524, 525, -1,
      244, 525, 245, -1,
      245, 525, 526, -1,
      245, 526, 522, -1,
      527, 501, 528, -1,
      528, 501, 500, -1,
      528, 500, 529, -1,
      529, 500, 503, -1,
      529, 503, 530, -1,
      503, 502, 530, -1,
      530, 502, 505, -1,
      530, 505, 531, -1,
      531, 505, 504, -1,
      531, 504, 532, -1,
      532, 504, 507, -1,
      532, 507, 533, -1,
      507, 506, 533, -1,
      533, 506, 509, -1,
      533, 509, 534, -1,
      534, 509, 508, -1,
      534, 508, 535, -1,
      535, 508, 511, -1,
      535, 511, 536, -1,
      511, 510, 536, -1,
      536, 510, 513, -1,
      536, 513, 537, -1,
      537, 513, 512, -1,
      537, 512, 538, -1,
      538, 512, 515, -1,
      538, 515, 539, -1,
      515, 514, 539, -1,
      539, 514, 517, -1,
      539, 517, 540, -1,
      540, 517, 516, -1,
      540, 516, 541, -1,
      541, 516, 519, -1,
      541, 519, 542, -1,
      519, 518, 542, -1,
      542, 518, 521, -1,
      542, 521, 543, -1,
      543, 521, 520, -1,
      543, 520, 544, -1,
      544, 520, 523, -1,
      544, 523, 545, -1,
      523, 522, 545, -1,
      545, 522, 526, -1,
      545, 526, 546, -1,
      546, 526, 525, -1,
      546, 525, 547, -1,
      547, 525, 524, -1,
      547, 524, 548, -1,
      524, 467, 548, -1,
      548, 467, 469, -1,
      548, 469, 549, -1,
      549, 469, 468, -1,
      549, 468, 550, -1,
      550, 468, 471, -1,
      550, 471, 551, -1,
      471, 470, 551, -1,
      551, 470, 473, -1,
      551, 473, 552, -1,
      552, 473, 472, -1,
      552, 472, 553, -1,
      553, 472, 475, -1,
      553, 475, 554, -1,
      475, 474, 554, -1,
      554, 474, 477, -1,
      554, 477, 555, -1,
      555, 477, 476, -1,
      555, 476, 556, -1,
      556, 476, 479, -1,
      556, 479, 557, -1,
      479, 478, 557, -1,
      557, 478, 481, -1,
      557, 481, 558, -1,
      558, 481, 480, -1,
      558, 480, 559, -1,
      559, 480, 483, -1,
      559, 483, 560, -1,
      483, 482, 560, -1,
      560, 482, 485, -1,
      560, 485, 561, -1,
      561, 485, 484, -1,
      561, 484, 562, -1,
      562, 484, 487, -1,
      562, 487, 563, -1,
      488, 564, 489, -1,
      489, 564, 563, -1,
      489, 563, 486, -1,
      486, 563, 487, -1,
      491, 565, 488, -1,
      488, 565, 566, -1,
      488, 566, 564, -1,
      491, 490, 565, -1,
      565, 490, 493, -1,
      565, 493, 567, -1,
      567, 493, 492, -1,
      567, 492, 568, -1,
      568, 492, 495, -1,
      568, 495, 569, -1,
      495, 494, 569, -1,
      569, 494, 497, -1,
      569, 497, 570, -1,
      570, 497, 496, -1,
      570, 496, 571, -1,
      571, 496, 499, -1,
      571, 499, 527, -1,
      527, 499, 498, -1,
      527, 498, 501, -1,
      570, 572, 569, -1,
      569, 572, 573, -1,
      569, 573, 568, -1,
      568, 573, 574, -1,
      568, 574, 567, -1,
      567, 574, 575, -1,
      567, 575, 565, -1,
      565, 575, 576, -1,
      565, 576, 566, -1,
      566, 576, 577, -1,
      566, 577, 564, -1,
      564, 577, 578, -1,
      564, 578, 563, -1,
      563, 578, 579, -1,
      563, 579, 562, -1,
      562, 579, 580, -1,
      562, 580, 561, -1,
      561, 580, 581, -1,
      561, 581, 560, -1,
      560, 581, 582, -1,
      560, 582, 559, -1,
      559, 582, 583, -1,
      559, 583, 558, -1,
      558, 583, 584, -1,
      558, 584, 557, -1,
      557, 584, 585, -1,
      557, 585, 556, -1,
      556, 585, 586, -1,
      556, 586, 555, -1,
      555, 586, 587, -1,
      555, 587, 554, -1,
      554, 587, 588, -1,
      554, 588, 553, -1,
      553, 588, 589, -1,
      553, 589, 552, -1,
      552, 589, 590, -1,
      552, 590, 551, -1,
      551, 590, 591, -1,
      551, 591, 550, -1,
      550, 591, 592, -1,
      550, 592, 549, -1,
      549, 592, 593, -1,
      549, 593, 548, -1,
      548, 593, 594, -1,
      548, 594, 547, -1,
      547, 594, 595, -1,
      547, 595, 546, -1,
      546, 595, 596, -1,
      546, 596, 545, -1,
      545, 596, 597, -1,
      545, 597, 544, -1,
      544, 597, 598, -1,
      544, 598, 543, -1,
      543, 598, 599, -1,
      543, 599, 542, -1,
      542, 599, 600, -1,
      542, 600, 541, -1,
      541, 600, 601, -1,
      541, 601, 540, -1,
      540, 601, 602, -1,
      540, 602, 539, -1,
      539, 602, 603, -1,
      539, 603, 538, -1,
      538, 603, 604, -1,
      538, 604, 537, -1,
      537, 604, 605, -1,
      537, 605, 536, -1,
      536, 605, 606, -1,
      536, 606, 535, -1,
      535, 606, 607, -1,
      535, 607, 534, -1,
      534, 607, 608, -1,
      534, 608, 533, -1,
      533, 608, 609, -1,
      533, 609, 532, -1,
      532, 609, 610, -1,
      532, 610, 531, -1,
      531, 610, 611, -1,
      531, 611, 530, -1,
      530, 611, 612, -1,
      530, 612, 529, -1,
      529, 612, 613, -1,
      529, 613, 528, -1,
      528, 613, 614, -1,
      528, 614, 527, -1,
      527, 614, 615, -1,
      527, 615, 571, -1,
      571, 615, 616, -1,
      571, 616, 570, -1,
      570, 616, 572, -1,
      616, 617, 572, -1,
      572, 617, 618, -1,
      572, 618, 573, -1,
      573, 618, 619, -1,
      573, 619, 574, -1,
      574, 619, 620, -1,
      574, 620, 575, -1,
      575, 620, 621, -1,
      575, 621, 576, -1,
      576, 621, 622, -1,
      576, 622, 577, -1,
      577, 622, 623, -1,
      577, 623, 578, -1,
      578, 623, 624, -1,
      578, 624, 579, -1,
      579, 624, 625, -1,
      579, 625, 580, -1,
      580, 625, 626, -1,
      580, 626, 581, -1,
      581, 626, 627, -1,
      581, 627, 582, -1,
      582, 627, 628, -1,
      582, 628, 583, -1,
      583, 628, 629, -1,
      583, 629, 584, -1,
      584, 629, 630, -1,
      584, 630, 585, -1,
      585, 630, 631, -1,
      585, 631, 586, -1,
      586, 631, 632, -1,
      586, 632, 587, -1,
      587, 632, 633, -1,
      587, 633, 588, -1,
      588, 633, 634, -1,
      588, 634, 589, -1,
      589, 634, 635, -1,
      589, 635, 590, -1,
      590, 635, 636, -1,
      590, 636, 591, -1,
      591, 636, 637, -1,
      591, 637, 592, -1,
      592, 637, 638, -1,
      592, 638, 593, -1,
      593, 638, 639, -1,
      593, 639, 594, -1,
      594, 639, 640, -1,
      594, 640, 595, -1,
      595, 640, 641, -1,
      595, 641, 596, -1,
      596, 641, 642, -1,
      596, 642, 597, -1,
      597, 642, 643, -1,
      597, 643, 598, -1,
      598, 643, 644, -1,
      598, 644, 599, -1,
      599, 644, 645, -1,
      599, 645, 600, -1,
      600, 645, 646, -1,
      600, 646, 601, -1,
      601, 646, 647, -1,
      601, 647, 602, -1,
      602, 647, 648, -1,
      602, 648, 603, -1,
      603, 648, 649, -1,
      603, 649, 604, -1,
      604, 649, 650, -1,
      604, 650, 605, -1,
      605, 650, 651, -1,
      605, 651, 606, -1,
      606, 651, 652, -1,
      606, 652, 607, -1,
      607, 652, 653, -1,
      607, 653, 608, -1,
      608, 653, 654, -1,
      608, 654, 609, -1,
      609, 654, 655, -1,
      609, 655, 610, -1,
      610, 655, 656, -1,
      610, 656, 611, -1,
      611, 656, 657, -1,
      611, 657, 612, -1,
      612, 657, 658, -1,
      612, 658, 613, -1,
      613, 658, 659, -1,
      613, 659, 614, -1,
      614, 659, 660, -1,
      614, 660, 615, -1,
      615, 660, 661, -1,
      615, 661, 616, -1,
      616, 661, 617, -1,
      661, 662, 617, -1,
      617, 662, 663, -1,
      617, 663, 618, -1,
      618, 663, 664, -1,
      618, 664, 619, -1,
      619, 664, 665, -1,
      619, 665, 620, -1,
      620, 665, 666, -1,
      620, 666, 621, -1,
      621, 666, 667, -1,
      621, 667, 622, -1,
      622, 667, 668, -1,
      622, 668, 623, -1,
      623, 668, 669, -1,
      623, 669, 624, -1,
      624, 669, 670, -1,
      624, 670, 625, -1,
      625, 670, 671, -1,
      625, 671, 626, -1,
      626, 671, 672, -1,
      626, 672, 627, -1,
      627, 672, 673, -1,
      627, 673, 628, -1,
      628, 673, 674, -1,
      628, 674, 629, -1,
      629, 674, 675, -1,
      629, 675, 630, -1,
      630, 675, 676, -1,
      630, 676, 631, -1,
      631, 676, 677, -1,
      631, 677, 632, -1,
      632, 677, 678, -1,
      632, 678, 633, -1,
      633, 678, 679, -1,
      633, 679, 634, -1,
      634, 679, 680, -1,
      634, 680, 635, -1,
      635, 680, 681, -1,
      635, 681, 636, -1,
      636, 681, 682, -1,
      636, 682, 637, -1,
      637, 682, 683, -1,
      637, 683, 638, -1,
      638, 683, 684, -1,
      638, 684, 639, -1,
      639, 684, 685, -1,
      639, 685, 640, -1,
      640, 685, 686, -1,
      640, 686, 641, -1,
      641, 686, 687, -1,
      641, 687, 642, -1,
      642, 687, 688, -1,
      642, 688, 643, -1,
      643, 688, 689, -1,
      643, 689, 644, -1,
      644, 689, 690, -1,
      644, 690, 645, -1,
      645, 690, 691, -1,
      645, 691, 646, -1,
      646, 691, 692, -1,
      646, 692, 647, -1,
      647, 692, 693, -1,
      647, 693, 648, -1,
      648, 693, 694, -1,
      648, 694, 649, -1,
      649, 694, 695, -1,
      649, 695, 650, -1,
      650, 695, 696, -1,
      650, 696, 651, -1,
      651, 696, 697, -1,
      651, 697, 652, -1,
      652, 697, 698, -1,
      652, 698, 653, -1,
      653, 698, 699, -1,
      653, 699, 654, -1,
      654, 699, 700, -1,
      654, 700, 655, -1,
      655, 700, 701, -1,
      655, 701, 656, -1,
      656, 701, 702, -1,
      656, 702, 657, -1,
      657, 702, 703, -1,
      657, 703, 658, -1,
      658, 703, 704, -1,
      658, 704, 659, -1,
      659, 704, 705, -1,
      659, 705, 660, -1,
      660, 705, 706, -1,
      660, 706, 661, -1,
      661, 706, 662, -1,
      706, 707, 662, -1,
      662, 707, 708, -1,
      662, 708, 663, -1,
      663, 708, 709, -1,
      663, 709, 664, -1,
      664, 709, 710, -1,
      664, 710, 665, -1,
      665, 710, 711, -1,
      665, 711, 666, -1,
      666, 711, 712, -1,
      666, 712, 667, -1,
      667, 712, 713, -1,
      667, 713, 668, -1,
      668, 713, 714, -1,
      668, 714, 669, -1,
      669, 714, 715, -1,
      669, 715, 670, -1,
      670, 715, 716, -1,
      670, 716, 671, -1,
      671, 716, 717, -1,
      671, 717, 672, -1,
      672, 717, 718, -1,
      672, 718, 673, -1,
      673, 718, 719, -1,
      673, 719, 674, -1,
      674, 719, 720, -1,
      674, 720, 675, -1,
      675, 720, 721, -1,
      675, 721, 676, -1,
      676, 721, 722, -1,
      676, 722, 677, -1,
      677, 722, 723, -1,
      677, 723, 678, -1,
      678, 723, 724, -1,
      678, 724, 679, -1,
      679, 724, 725, -1,
      679, 725, 680, -1,
      680, 725, 726, -1,
      680, 726, 681, -1,
      681, 726, 727, -1,
      681, 727, 682, -1,
      682, 727, 728, -1,
      682, 728, 683, -1,
      683, 728, 729, -1,
      683, 729, 684, -1,
      684, 729, 730, -1,
      684, 730, 685, -1,
      685, 730, 731, -1,
      685, 731, 686, -1,
      686, 731, 732, -1,
      686, 732, 687, -1,
      687, 732, 733, -1,
      687, 733, 688, -1,
      688, 733, 734, -1,
      688, 734, 689, -1,
      689, 734, 735, -1,
      689, 735, 690, -1,
      690, 735, 736, -1,
      690, 736, 691, -1,
      691, 736, 737, -1,
      691, 737, 692, -1,
      692, 737, 738, -1,
      692, 738, 693, -1,
      693, 738, 739, -1,
      693, 739, 694, -1,
      694, 739, 740, -1,
      694, 740, 695, -1,
      695, 740, 741, -1,
      695, 741, 696, -1,
      696, 741, 742, -1,
      696, 742, 697, -1,
      697, 742, 743, -1,
      697, 743, 698, -1,
      698, 743, 744, -1,
      698, 744, 699, -1,
      699, 744, 745, -1,
      699, 745, 700, -1,
      700, 745, 746, -1,
      700, 746, 701, -1,
      701, 746, 747, -1,
      701, 747, 702, -1,
      702, 747, 748, -1,
      702, 748, 703, -1,
      703, 748, 749, -1,
      703, 749, 704, -1,
      704, 749, 750, -1,
      704, 750, 705, -1,
      705, 750, 751, -1,
      705, 751, 706, -1,
      706, 751, 707, -1,
      751, 298, 707, -1,
      707, 298, 300, -1,
      707, 300, 708, -1,
      708, 300, 302, -1,
      708, 302, 709, -1,
      709, 302, 304, -1,
      709, 304, 710, -1,
      710, 304, 347, -1,
      710, 347, 711, -1,
      711, 347, 349, -1,
      711, 349, 712, -1,
      712, 349, 351, -1,
      712, 351, 713, -1,
      713, 351, 353, -1,
      713, 353, 714, -1,
      714, 353, 355, -1,
      714, 355, 715, -1,
      715, 355, 357, -1,
      715, 357, 716, -1,
      716, 357, 359, -1,
      716, 359, 717, -1,
      717, 359, 361, -1,
      717, 361, 718, -1,
      718, 361, 363, -1,
      718, 363, 719, -1,
      719, 363, 366, -1,
      719, 366, 720, -1,
      720, 366, 368, -1,
      720, 368, 721, -1,
      721, 368, 370, -1,
      721, 370, 722, -1,
      722, 370, 372, -1,
      722, 372, 723, -1,
      723, 372, 374, -1,
      723, 374, 724, -1,
      724, 374, 376, -1,
      724, 376, 725, -1,
      725, 376, 378, -1,
      725, 378, 726, -1,
      726, 378, 380, -1,
      726, 380, 727, -1,
      727, 380, 326, -1,
      727, 326, 728, -1,
      728, 326, 328, -1,
      728, 328, 729, -1,
      729, 328, 330, -1,
      729, 330, 730, -1,
      730, 330, 332, -1,
      730, 332, 731, -1,
      731, 332, 334, -1,
      731, 334, 732, -1,
      732, 334, 336, -1,
      732, 336, 733, -1,
      733, 336, 338, -1,
      733, 338, 734, -1,
      734, 338, 340, -1,
      734, 340, 735, -1,
      735, 340, 342, -1,
      735, 342, 736, -1,
      736, 342, 305, -1,
      736, 305, 737, -1,
      737, 305, 307, -1,
      737, 307, 738, -1,
      738, 307, 309, -1,
      738, 309, 739, -1,
      739, 309, 311, -1,
      739, 311, 740, -1,
      740, 311, 313, -1,
      740, 313, 741, -1,
      741, 313, 315, -1,
      741, 315, 742, -1,
      742, 315, 317, -1,
      742, 317, 743, -1,
      743, 317, 319, -1,
      743, 319, 744, -1,
      744, 319, 321, -1,
      744, 321, 745, -1,
      745, 321, 323, -1,
      745, 323, 746, -1,
      746, 323, 288, -1,
      746, 288, 747, -1,
      747, 288, 290, -1,
      747, 290, 748, -1,
      748, 290, 292, -1,
      748, 292, 749, -1,
      749, 292, 294, -1,
      749, 294, 750, -1,
      750, 294, 296, -1,
      750, 296, 751, -1,
      751, 296, 298, -1,
      427, 426, 752, -1,
      428, 432, 753, -1,
      435, 436, 754, -1,
      439, 438, 755, -1,
      440, 444, 756, -1,
      447, 448, 757, -1,
      451, 450, 758, -1,
      452, 456, 759, -1,
      457, 458, 760, -1,
      463, 462, 761, -1,
      385, 384, 762, -1,
      386, 390, 763, -1,
      393, 394, 764, -1,
      397, 396, 765, -1,
      398, 402, 766, -1,
      403, 404, 767, -1,
      405, 406, 768, -1,
      409, 408, 769, -1,
      410, 414, 770, -1,
      415, 416, 771, -1,
      421, 420, 772, -1,
      295, 293, 773, -1,
      773, 293, 774, -1,
      773, 774, 775, -1,
      775, 774, 776, -1,
      775, 776, 777, -1,
      777, 776, 778, -1,
      777, 778, 779, -1,
      779, 778, 780, -1,
      779, 780, 781, -1,
      781, 780, 772, -1,
      289, 325, 782, -1,
      782, 325, 783, -1,
      782, 783, 784, -1,
      784, 783, 785, -1,
      784, 785, 786, -1,
      786, 785, 787, -1,
      786, 787, 788, -1,
      788, 787, 789, -1,
      788, 789, 790, -1,
      790, 789, 771, -1,
      320, 318, 791, -1,
      791, 318, 792, -1,
      791, 792, 793, -1,
      793, 792, 794, -1,
      793, 794, 795, -1,
      795, 794, 796, -1,
      795, 796, 797, -1,
      797, 796, 798, -1,
      797, 798, 799, -1,
      799, 798, 769, -1,
      306, 344, 800, -1,
      800, 344, 801, -1,
      800, 801, 802, -1,
      802, 801, 803, -1,
      802, 803, 804, -1,
      804, 803, 805, -1,
      804, 805, 806, -1,
      806, 805, 807, -1,
      806, 807, 808, -1,
      808, 807, 765, -1,
      339, 337, 809, -1,
      809, 337, 810, -1,
      809, 810, 811, -1,
      811, 810, 812, -1,
      811, 812, 813, -1,
      813, 812, 814, -1,
      813, 814, 815, -1,
      815, 814, 816, -1,
      815, 816, 817, -1,
      817, 816, 763, -1,
      333, 331, 818, -1,
      818, 331, 819, -1,
      818, 819, 820, -1,
      820, 819, 821, -1,
      820, 821, 822, -1,
      822, 821, 823, -1,
      822, 823, 824, -1,
      824, 823, 825, -1,
      824, 825, 826, -1,
      826, 825, 762, -1,
      382, 381, 827, -1,
      827, 381, 828, -1,
      827, 828, 829, -1,
      829, 828, 830, -1,
      829, 830, 831, -1,
      831, 830, 832, -1,
      831, 832, 833, -1,
      833, 832, 834, -1,
      833, 834, 835, -1,
      835, 834, 761, -1,
      377, 375, 836, -1,
      836, 375, 837, -1,
      836, 837, 838, -1,
      838, 837, 839, -1,
      838, 839, 840, -1,
      840, 839, 841, -1,
      840, 841, 842, -1,
      842, 841, 843, -1,
      842, 843, 844, -1,
      844, 843, 760, -1,
      369, 367, 845, -1,
      845, 367, 846, -1,
      845, 846, 847, -1,
      847, 846, 848, -1,
      847, 848, 849, -1,
      849, 848, 850, -1,
      849, 850, 851, -1,
      851, 850, 852, -1,
      851, 852, 853, -1,
      853, 852, 758, -1,
      362, 360, 854, -1,
      854, 360, 855, -1,
      854, 855, 856, -1,
      856, 855, 857, -1,
      856, 857, 858, -1,
      858, 857, 859, -1,
      858, 859, 860, -1,
      860, 859, 861, -1,
      860, 861, 862, -1,
      862, 861, 756, -1,
      356, 354, 863, -1,
      863, 354, 864, -1,
      863, 864, 865, -1,
      865, 864, 866, -1,
      865, 866, 867, -1,
      867, 866, 868, -1,
      867, 868, 869, -1,
      869, 868, 870, -1,
      869, 870, 871, -1,
      871, 870, 755, -1,
      348, 346, 872, -1,
      872, 346, 873, -1,
      872, 873, 874, -1,
      874, 873, 875, -1,
      874, 875, 876, -1,
      876, 875, 877, -1,
      876, 877, 878, -1,
      878, 877, 879, -1,
      878, 879, 880, -1,
      880, 879, 753, -1,
      303, 301, 881, -1,
      881, 301, 882, -1,
      881, 882, 883, -1,
      883, 882, 884, -1,
      883, 884, 885, -1,
      885, 884, 886, -1,
      885, 886, 887, -1,
      887, 886, 888, -1,
      887, 888, 889, -1,
      889, 888, 752, -1,
      297, 295, 890, -1,
      890, 295, 773, -1,
      890, 773, 891, -1,
      891, 773, 775, -1,
      891, 775, 892, -1,
      892, 775, 777, -1,
      892, 777, 893, -1,
      893, 777, 779, -1,
      893, 779, 894, -1,
      894, 779, 781, -1,
      894, 781, 425, -1,
      425, 781, 422, -1,
      772, 420, 781, -1,
      781, 420, 423, -1,
      781, 423, 422, -1,
      419, 421, 895, -1,
      895, 421, 772, -1,
      895, 772, 896, -1,
      896, 772, 780, -1,
      896, 780, 897, -1,
      897, 780, 778, -1,
      897, 778, 898, -1,
      898, 778, 776, -1,
      898, 776, 899, -1,
      899, 776, 774, -1,
      899, 774, 291, -1,
      291, 774, 293, -1,
      291, 289, 899, -1,
      899, 289, 782, -1,
      899, 782, 898, -1,
      898, 782, 784, -1,
      898, 784, 897, -1,
      897, 784, 786, -1,
      897, 786, 896, -1,
      896, 786, 788, -1,
      896, 788, 895, -1,
      895, 788, 790, -1,
      895, 790, 419, -1,
      419, 790, 418, -1,
      771, 416, 790, -1,
      790, 416, 417, -1,
      790, 417, 418, -1,
      414, 415, 770, -1,
      770, 415, 771, -1,
      770, 771, 900, -1,
      900, 771, 789, -1,
      900, 789, 901, -1,
      901, 789, 787, -1,
      901, 787, 902, -1,
      902, 787, 785, -1,
      902, 785, 903, -1,
      903, 785, 783, -1,
      903, 783, 324, -1,
      324, 783, 325, -1,
      411, 410, 904, -1,
      904, 410, 770, -1,
      904, 770, 905, -1,
      905, 770, 900, -1,
      905, 900, 906, -1,
      906, 900, 901, -1,
      906, 901, 907, -1,
      907, 901, 902, -1,
      907, 902, 908, -1,
      908, 902, 903, -1,
      908, 903, 322, -1,
      322, 903, 324, -1,
      322, 320, 908, -1,
      908, 320, 791, -1,
      908, 791, 907, -1,
      907, 791, 793, -1,
      907, 793, 906, -1,
      906, 793, 795, -1,
      906, 795, 905, -1,
      905, 795, 797, -1,
      905, 797, 904, -1,
      904, 797, 799, -1,
      904, 799, 411, -1,
      411, 799, 412, -1,
      769, 408, 799, -1,
      799, 408, 413, -1,
      799, 413, 412, -1,
      407, 409, 909, -1,
      909, 409, 769, -1,
      909, 769, 910, -1,
      910, 769, 798, -1,
      910, 798, 911, -1,
      911, 798, 796, -1,
      911, 796, 912, -1,
      912, 796, 794, -1,
      912, 794, 913, -1,
      913, 794, 792, -1,
      913, 792, 316, -1,
      316, 792, 318, -1,
      316, 314, 913, -1,
      913, 314, 914, -1,
      913, 914, 912, -1,
      912, 914, 915, -1,
      912, 915, 911, -1,
      911, 915, 916, -1,
      911, 916, 910, -1,
      910, 916, 917, -1,
      910, 917, 909, -1,
      909, 917, 768, -1,
      909, 768, 407, -1,
      407, 768, 406, -1,
      404, 405, 767, -1,
      767, 405, 768, -1,
      767, 768, 918, -1,
      918, 768, 917, -1,
      918, 917, 919, -1,
      919, 917, 916, -1,
      919, 916, 920, -1,
      920, 916, 915, -1,
      920, 915, 921, -1,
      921, 915, 914, -1,
      921, 914, 312, -1,
      312, 914, 314, -1,
      402, 403, 766, -1,
      766, 403, 767, -1,
      766, 767, 922, -1,
      922, 767, 918, -1,
      922, 918, 923, -1,
      923, 918, 919, -1,
      923, 919, 924, -1,
      924, 919, 920, -1,
      924, 920, 925, -1,
      925, 920, 921, -1,
      925, 921, 310, -1,
      310, 921, 312, -1,
      399, 398, 926, -1,
      926, 398, 766, -1,
      926, 766, 927, -1,
      927, 766, 922, -1,
      927, 922, 928, -1,
      928, 922, 923, -1,
      928, 923, 929, -1,
      929, 923, 924, -1,
      929, 924, 930, -1,
      930, 924, 925, -1,
      930, 925, 308, -1,
      308, 925, 310, -1,
      308, 306, 930, -1,
      930, 306, 800, -1,
      930, 800, 929, -1,
      929, 800, 802, -1,
      929, 802, 928, -1,
      928, 802, 804, -1,
      928, 804, 927, -1,
      927, 804, 806, -1,
      927, 806, 926, -1,
      926, 806, 808, -1,
      926, 808, 399, -1,
      399, 808, 400, -1,
      765, 396, 808, -1,
      808, 396, 401, -1,
      808, 401, 400, -1,
      395, 397, 931, -1,
      931, 397, 765, -1,
      931, 765, 932, -1,
      932, 765, 807, -1,
      932, 807, 933, -1,
      933, 807, 805, -1,
      933, 805, 934, -1,
      934, 805, 803, -1,
      934, 803, 935, -1,
      935, 803, 801, -1,
      935, 801, 343, -1,
      343, 801, 344, -1,
      343, 341, 935, -1,
      935, 341, 936, -1,
      935, 936, 934, -1,
      934, 936, 937, -1,
      934, 937, 933, -1,
      933, 937, 938, -1,
      933, 938, 932, -1,
      932, 938, 939, -1,
      932, 939, 931, -1,
      931, 939, 764, -1,
      931, 764, 395, -1,
      395, 764, 394, -1,
      392, 393, 817, -1,
      817, 393, 764, -1,
      817, 764, 815, -1,
      815, 764, 939, -1,
      815, 939, 813, -1,
      813, 939, 938, -1,
      813, 938, 811, -1,
      811, 938, 937, -1,
      811, 937, 809, -1,
      809, 937, 936, -1,
      809, 936, 339, -1,
      339, 936, 341, -1,
      763, 390, 817, -1,
      817, 390, 391, -1,
      817, 391, 392, -1,
      387, 386, 940, -1,
      940, 386, 763, -1,
      940, 763, 941, -1,
      941, 763, 816, -1,
      941, 816, 942, -1,
      942, 816, 814, -1,
      942, 814, 943, -1,
      943, 814, 812, -1,
      943, 812, 944, -1,
      944, 812, 810, -1,
      944, 810, 335, -1,
      335, 810, 337, -1,
      335, 333, 944, -1,
      944, 333, 818, -1,
      944, 818, 943, -1,
      943, 818, 820, -1,
      943, 820, 942, -1,
      942, 820, 822, -1,
      942, 822, 941, -1,
      941, 822, 824, -1,
      941, 824, 940, -1,
      940, 824, 826, -1,
      940, 826, 387, -1,
      387, 826, 388, -1,
      762, 384, 826, -1,
      826, 384, 389, -1,
      826, 389, 388, -1,
      383, 385, 945, -1,
      945, 385, 762, -1,
      945, 762, 946, -1,
      946, 762, 825, -1,
      946, 825, 947, -1,
      947, 825, 823, -1,
      947, 823, 948, -1,
      948, 823, 821, -1,
      948, 821, 949, -1,
      949, 821, 819, -1,
      949, 819, 329, -1,
      329, 819, 331, -1,
      329, 327, 949, -1,
      949, 327, 950, -1,
      949, 950, 948, -1,
      948, 950, 951, -1,
      948, 951, 947, -1,
      947, 951, 952, -1,
      947, 952, 946, -1,
      946, 952, 953, -1,
      946, 953, 945, -1,
      945, 953, 954, -1,
      945, 954, 383, -1,
      383, 954, 464, -1,
      327, 382, 950, -1,
      950, 382, 827, -1,
      950, 827, 951, -1,
      951, 827, 829, -1,
      951, 829, 952, -1,
      952, 829, 831, -1,
      952, 831, 953, -1,
      953, 831, 833, -1,
      953, 833, 954, -1,
      954, 833, 835, -1,
      954, 835, 464, -1,
      464, 835, 465, -1,
      761, 462, 835, -1,
      835, 462, 466, -1,
      835, 466, 465, -1,
      461, 463, 955, -1,
      955, 463, 761, -1,
      955, 761, 956, -1,
      956, 761, 834, -1,
      956, 834, 957, -1,
      957, 834, 832, -1,
      957, 832, 958, -1,
      958, 832, 830, -1,
      958, 830, 959, -1,
      959, 830, 828, -1,
      959, 828, 379, -1,
      379, 828, 381, -1,
      379, 377, 959, -1,
      959, 377, 836, -1,
      959, 836, 958, -1,
      958, 836, 838, -1,
      958, 838, 957, -1,
      957, 838, 840, -1,
      957, 840, 956, -1,
      956, 840, 842, -1,
      956, 842, 955, -1,
      955, 842, 844, -1,
      955, 844, 461, -1,
      461, 844, 460, -1,
      760, 458, 844, -1,
      844, 458, 459, -1,
      844, 459, 460, -1,
      456, 457, 759, -1,
      759, 457, 760, -1,
      759, 760, 960, -1,
      960, 760, 843, -1,
      960, 843, 961, -1,
      961, 843, 841, -1,
      961, 841, 962, -1,
      962, 841, 839, -1,
      962, 839, 963, -1,
      963, 839, 837, -1,
      963, 837, 373, -1,
      373, 837, 375, -1,
      453, 452, 964, -1,
      964, 452, 759, -1,
      964, 759, 965, -1,
      965, 759, 960, -1,
      965, 960, 966, -1,
      966, 960, 961, -1,
      966, 961, 967, -1,
      967, 961, 962, -1,
      967, 962, 968, -1,
      968, 962, 963, -1,
      968, 963, 371, -1,
      371, 963, 373, -1,
      371, 369, 968, -1,
      968, 369, 845, -1,
      968, 845, 967, -1,
      967, 845, 847, -1,
      967, 847, 966, -1,
      966, 847, 849, -1,
      966, 849, 965, -1,
      965, 849, 851, -1,
      965, 851, 964, -1,
      964, 851, 853, -1,
      964, 853, 453, -1,
      453, 853, 454, -1,
      758, 450, 853, -1,
      853, 450, 455, -1,
      853, 455, 454, -1,
      449, 451, 969, -1,
      969, 451, 758, -1,
      969, 758, 970, -1,
      970, 758, 852, -1,
      970, 852, 971, -1,
      971, 852, 850, -1,
      971, 850, 972, -1,
      972, 850, 848, -1,
      972, 848, 973, -1,
      973, 848, 846, -1,
      973, 846, 365, -1,
      365, 846, 367, -1,
      365, 364, 973, -1,
      973, 364, 974, -1,
      973, 974, 972, -1,
      972, 974, 975, -1,
      972, 975, 971, -1,
      971, 975, 976, -1,
      971, 976, 970, -1,
      970, 976, 977, -1,
      970, 977, 969, -1,
      969, 977, 757, -1,
      969, 757, 449, -1,
      449, 757, 448, -1,
      446, 447, 862, -1,
      862, 447, 757, -1,
      862, 757, 860, -1,
      860, 757, 977, -1,
      860, 977, 858, -1,
      858, 977, 976, -1,
      858, 976, 856, -1,
      856, 976, 975, -1,
      856, 975, 854, -1,
      854, 975, 974, -1,
      854, 974, 362, -1,
      362, 974, 364, -1,
      756, 444, 862, -1,
      862, 444, 445, -1,
      862, 445, 446, -1,
      441, 440, 978, -1,
      978, 440, 756, -1,
      978, 756, 979, -1,
      979, 756, 861, -1,
      979, 861, 980, -1,
      980, 861, 859, -1,
      980, 859, 981, -1,
      981, 859, 857, -1,
      981, 857, 982, -1,
      982, 857, 855, -1,
      982, 855, 358, -1,
      358, 855, 360, -1,
      358, 356, 982, -1,
      982, 356, 863, -1,
      982, 863, 981, -1,
      981, 863, 865, -1,
      981, 865, 980, -1,
      980, 865, 867, -1,
      980, 867, 979, -1,
      979, 867, 869, -1,
      979, 869, 978, -1,
      978, 869, 871, -1,
      978, 871, 441, -1,
      441, 871, 442, -1,
      755, 438, 871, -1,
      871, 438, 443, -1,
      871, 443, 442, -1,
      437, 439, 983, -1,
      983, 439, 755, -1,
      983, 755, 984, -1,
      984, 755, 870, -1,
      984, 870, 985, -1,
      985, 870, 868, -1,
      985, 868, 986, -1,
      986, 868, 866, -1,
      986, 866, 987, -1,
      987, 866, 864, -1,
      987, 864, 352, -1,
      352, 864, 354, -1,
      352, 350, 987, -1,
      987, 350, 988, -1,
      987, 988, 986, -1,
      986, 988, 989, -1,
      986, 989, 985, -1,
      985, 989, 990, -1,
      985, 990, 984, -1,
      984, 990, 991, -1,
      984, 991, 983, -1,
      983, 991, 754, -1,
      983, 754, 437, -1,
      437, 754, 436, -1,
      434, 435, 880, -1,
      880, 435, 754, -1,
      880, 754, 878, -1,
      878, 754, 991, -1,
      878, 991, 876, -1,
      876, 991, 990, -1,
      876, 990, 874, -1,
      874, 990, 989, -1,
      874, 989, 872, -1,
      872, 989, 988, -1,
      872, 988, 348, -1,
      348, 988, 350, -1,
      753, 432, 880, -1,
      880, 432, 433, -1,
      880, 433, 434, -1,
      429, 428, 992, -1,
      992, 428, 753, -1,
      992, 753, 993, -1,
      993, 753, 879, -1,
      993, 879, 994, -1,
      994, 879, 877, -1,
      994, 877, 995, -1,
      995, 877, 875, -1,
      995, 875, 996, -1,
      996, 875, 873, -1,
      996, 873, 345, -1,
      345, 873, 346, -1,
      345, 303, 996, -1,
      996, 303, 881, -1,
      996, 881, 995, -1,
      995, 881, 883, -1,
      995, 883, 994, -1,
      994, 883, 885, -1,
      994, 885, 993, -1,
      993, 885, 887, -1,
      993, 887, 992, -1,
      992, 887, 889, -1,
      992, 889, 429, -1,
      429, 889, 430, -1,
      752, 426, 889, -1,
      889, 426, 431, -1,
      889, 431, 430, -1,
      424, 427, 997, -1,
      997, 427, 752, -1,
      997, 752, 998, -1,
      998, 752, 888, -1,
      998, 888, 999, -1,
      999, 888, 886, -1,
      999, 886, 1000, -1,
      1000, 886, 884, -1,
      1000, 884, 1001, -1,
      1001, 884, 882, -1,
      1001, 882, 299, -1,
      299, 882, 301, -1,
      299, 297, 1001, -1,
      1001, 297, 890, -1,
      1001, 890, 1000, -1,
      1000, 890, 891, -1,
      1000, 891, 999, -1,
      999, 891, 892, -1,
      999, 892, 998, -1,
      998, 892, 893, -1,
      998, 893, 997, -1,
      997, 893, 894, -1,
      997, 894, 424, -1,
      424, 894, 425, -1,
      1002, 1003, 282, -1,
      282, 1003, 281, -1,
      1003, 1004, 281, -1,
      281, 1004, 275, -1,
      1004, 1005, 275, -1,
      275, 1005, 276, -1,
      1005, 1002, 276, -1,
      276, 1002, 282, -1,
      1005, 1004, 1002, -1,
      1002, 1004, 1003, -1,
      1006, 1007, 283, -1,
      283, 1007, 277, -1,
      1007, 1008, 277, -1,
      277, 1008, 278, -1,
      1008, 1009, 278, -1,
      278, 1009, 279, -1,
      1009, 1006, 279, -1,
      279, 1006, 283, -1,
      1009, 1008, 1006, -1,
      1006, 1008, 1007, -1,
      1010, 1011, 286, -1,
      286, 1011, 285, -1,
      1011, 1012, 285, -1,
      285, 1012, 284, -1,
      1012, 1013, 284, -1,
      284, 1013, 287, -1,
      1013, 1010, 287, -1,
      287, 1010, 286, -1,
      1013, 1012, 1010, -1,
      1010, 1012, 1011, -1,
      134, 1014, 169, -1,
      169, 1014, 242, -1,
      1014, 1015, 242, -1,
      242, 1015, 243, -1,
      1015, 0, 243, -1,
      243, 0, 133, -1,
      1015, 1014, 0, -1,
      0, 1014, 134, -1,
      1016, 1017, 239, -1,
      239, 1017, 240, -1,
      1017, 1, 240, -1,
      240, 1, 162, -1,
      129, 1016, 127, -1,
      127, 1016, 239, -1,
      129, 1, 1016, -1,
      1016, 1, 1017, -1,
      1018, 1019, 218, -1,
      218, 1019, 220, -1,
      1019, 2, 220, -1,
      220, 2, 126, -1,
      72, 1018, 73, -1,
      73, 1018, 218, -1,
      2, 1019, 18, -1,
      18, 1019, 1018, -1,
      18, 1018, 75, -1,
      75, 1018, 72, -1,
      136, 138, 197, -1,
      197, 138, 274, -1,
      46, 280, 140, -1,
      140, 280, 274, -1,
      140, 274, 138, -1,
      46, 45, 280, -1,
      280, 45, 219, -1,
      190, 1020, 192, -1,
      192, 1020, 1021, -1,
      192, 1021, 193, -1,
      193, 1021, 1022, -1,
      193, 1022, 194, -1,
      194, 1022, 1023, -1,
      194, 1023, 195, -1,
      195, 1023, 1024, -1,
      195, 1024, 196, -1,
      196, 1024, 1025, -1,
      196, 1025, 182, -1,
      182, 1025, 1026, -1,
      182, 1026, 184, -1,
      184, 1026, 1027, -1,
      184, 1027, 185, -1,
      185, 1027, 1028, -1,
      185, 1028, 186, -1,
      186, 1028, 1029, -1,
      186, 1029, 187, -1,
      187, 1029, 1030, -1,
      187, 1030, 188, -1,
      188, 1030, 1031, -1,
      188, 1031, 170, -1,
      170, 1031, 1032, -1,
      170, 1032, 171, -1,
      171, 1032, 1033, -1,
      171, 1033, 172, -1,
      172, 1033, 1034, -1,
      172, 1034, 173, -1,
      173, 1034, 1035, -1,
      173, 1035, 174, -1,
      174, 1035, 1036, -1,
      174, 1036, 175, -1,
      175, 1036, 1037, -1,
      175, 1037, 176, -1,
      176, 1037, 1038, -1,
      176, 1038, 177, -1,
      177, 1038, 1039, -1,
      177, 1039, 178, -1,
      178, 1039, 1040, -1,
      178, 1040, 179, -1,
      179, 1040, 1041, -1,
      179, 1041, 180, -1,
      180, 1041, 1042, -1,
      180, 1042, 189, -1,
      189, 1042, 1043, -1,
      189, 1043, 190, -1,
      190, 1043, 1020, -1,
      64, 1044, 65, -1,
      65, 1044, 1045, -1,
      65, 1045, 66, -1,
      66, 1045, 1046, -1,
      66, 1046, 70, -1,
      70, 1046, 1047, -1,
      70, 1047, 71, -1,
      71, 1047, 1048, -1,
      71, 1048, 69, -1,
      69, 1048, 1049, -1,
      69, 1049, 58, -1,
      58, 1049, 1050, -1,
      58, 1050, 59, -1,
      59, 1050, 1051, -1,
      59, 1051, 60, -1,
      60, 1051, 1052, -1,
      60, 1052, 61, -1,
      61, 1052, 1053, -1,
      61, 1053, 62, -1,
      62, 1053, 1054, -1,
      62, 1054, 63, -1,
      63, 1054, 1055, -1,
      63, 1055, 47, -1,
      47, 1055, 1056, -1,
      47, 1056, 48, -1,
      48, 1056, 1057, -1,
      48, 1057, 50, -1,
      50, 1057, 1058, -1,
      50, 1058, 51, -1,
      51, 1058, 1059, -1,
      51, 1059, 52, -1,
      52, 1059, 1060, -1,
      52, 1060, 53, -1,
      53, 1060, 1061, -1,
      53, 1061, 54, -1,
      54, 1061, 1062, -1,
      54, 1062, 160, -1,
      160, 1062, 1063, -1,
      160, 1063, 161, -1,
      161, 1063, 1064, -1,
      161, 1064, 57, -1,
      57, 1064, 1065, -1,
      57, 1065, 56, -1,
      56, 1065, 1066, -1,
      56, 1066, 55, -1,
      55, 1066, 1067, -1,
      55, 1067, 64, -1,
      64, 1067, 1044, -1,
      1068, 1069, 1070, -1,
      1071, 1069, 1068, -1,
      1068, 1072, 1073, -1,
      1074, 1072, 1068, -1,
      1070, 1074, 1068, -1,
      1068, 1075, 1076, -1,
      1077, 1075, 1068, -1,
      1073, 1077, 1068, -1,
      1068, 1078, 1079, -1,
      1080, 1078, 1068, -1,
      1076, 1080, 1068, -1,
      1068, 1081, 1082, -1,
      1083, 1081, 1068, -1,
      1079, 1083, 1068, -1,
      1068, 1084, 1085, -1,
      1086, 1084, 1068, -1,
      1082, 1086, 1068, -1,
      1068, 1087, 1088, -1,
      1089, 1087, 1068, -1,
      1085, 1089, 1068, -1,
      1068, 1090, 1091, -1,
      1092, 1090, 1068, -1,
      1088, 1092, 1068, -1,
      1091, 1071, 1068, -1,
      1071, 1093, 1069, -1,
      1069, 1093, 1094, -1,
      1069, 1094, 1070, -1,
      1070, 1094, 1095, -1,
      1070, 1095, 1074, -1,
      1074, 1095, 1096, -1,
      1074, 1096, 1072, -1,
      1072, 1096, 1097, -1,
      1072, 1097, 1073, -1,
      1073, 1097, 1098, -1,
      1073, 1098, 1077, -1,
      1077, 1098, 1099, -1,
      1077, 1099, 1075, -1,
      1075, 1099, 1100, -1,
      1075, 1100, 1076, -1,
      1076, 1100, 1101, -1,
      1076, 1101, 1080, -1,
      1080, 1101, 1102, -1,
      1080, 1102, 1078, -1,
      1078, 1102, 1103, -1,
      1078, 1103, 1079, -1,
      1079, 1103, 1104, -1,
      1079, 1104, 1083, -1,
      1083, 1104, 1105, -1,
      1083, 1105, 1081, -1,
      1081, 1105, 1106, -1,
      1081, 1106, 1082, -1,
      1082, 1106, 1107, -1,
      1082, 1107, 1086, -1,
      1086, 1107, 1108, -1,
      1086, 1108, 1084, -1,
      1084, 1108, 1109, -1,
      1084, 1109, 1085, -1,
      1085, 1109, 1110, -1,
      1085, 1110, 1089, -1,
      1089, 1110, 1111, -1,
      1089, 1111, 1087, -1,
      1087, 1111, 1112, -1,
      1087, 1112, 1088, -1,
      1088, 1112, 1113, -1,
      1088, 1113, 1092, -1,
      1092, 1113, 1114, -1,
      1092, 1114, 1090, -1,
      1090, 1114, 1115, -1,
      1090, 1115, 1091, -1,
      1091, 1115, 1116, -1,
      1091, 1116, 1071, -1,
      1071, 1116, 1093, -1,
      1116, 1117, 1093, -1,
      1093, 1117, 1118, -1,
      1093, 1118, 1094, -1,
      1094, 1118, 1119, -1,
      1094, 1119, 1095, -1,
      1095, 1119, 1120, -1,
      1095, 1120, 1096, -1,
      1096, 1120, 1121, -1,
      1096, 1121, 1097, -1,
      1097, 1121, 1122, -1,
      1097, 1122, 1098, -1,
      1098, 1122, 1123, -1,
      1098, 1123, 1099, -1,
      1099, 1123, 1124, -1,
      1099, 1124, 1100, -1,
      1100, 1124, 1125, -1,
      1100, 1125, 1101, -1,
      1101, 1125, 1126, -1,
      1101, 1126, 1102, -1,
      1102, 1126, 1127, -1,
      1102, 1127, 1103, -1,
      1103, 1127, 1128, -1,
      1103, 1128, 1104, -1,
      1104, 1128, 1129, -1,
      1104, 1129, 1105, -1,
      1105, 1129, 1130, -1,
      1105, 1130, 1106, -1,
      1106, 1130, 1131, -1,
      1106, 1131, 1107, -1,
      1107, 1131, 1132, -1,
      1107, 1132, 1108, -1,
      1108, 1132, 1133, -1,
      1108, 1133, 1109, -1,
      1109, 1133, 1134, -1,
      1109, 1134, 1110, -1,
      1110, 1134, 1135, -1,
      1110, 1135, 1111, -1,
      1111, 1135, 1136, -1,
      1111, 1136, 1112, -1,
      1112, 1136, 1137, -1,
      1112, 1137, 1113, -1,
      1113, 1137, 1138, -1,
      1113, 1138, 1114, -1,
      1114, 1138, 1139, -1,
      1114, 1139, 1115, -1,
      1115, 1139, 1140, -1,
      1115, 1140, 1116, -1,
      1116, 1140, 1117, -1,
      1140, 1141, 1117, -1,
      1117, 1141, 1142, -1,
      1117, 1142, 1118, -1,
      1118, 1142, 1143, -1,
      1118, 1143, 1119, -1,
      1119, 1143, 1144, -1,
      1119, 1144, 1120, -1,
      1120, 1144, 1145, -1,
      1120, 1145, 1121, -1,
      1121, 1145, 1146, -1,
      1121, 1146, 1122, -1,
      1122, 1146, 1147, -1,
      1122, 1147, 1123, -1,
      1123, 1147, 1148, -1,
      1123, 1148, 1124, -1,
      1124, 1148, 1149, -1,
      1124, 1149, 1125, -1,
      1125, 1149, 1150, -1,
      1125, 1150, 1126, -1,
      1126, 1150, 1151, -1,
      1126, 1151, 1127, -1,
      1127, 1151, 1152, -1,
      1127, 1152, 1128, -1,
      1128, 1152, 1153, -1,
      1128, 1153, 1129, -1,
      1129, 1153, 1154, -1,
      1129, 1154, 1130, -1,
      1130, 1154, 1155, -1,
      1130, 1155, 1131, -1,
      1131, 1155, 1156, -1,
      1131, 1156, 1132, -1,
      1132, 1156, 1157, -1,
      1132, 1157, 1133, -1,
      1133, 1157, 1158, -1,
      1133, 1158, 1134, -1,
      1134, 1158, 1159, -1,
      1134, 1159, 1135, -1,
      1135, 1159, 1160, -1,
      1135, 1160, 1136, -1,
      1136, 1160, 1161, -1,
      1136, 1161, 1137, -1,
      1137, 1161, 1162, -1,
      1137, 1162, 1138, -1,
      1138, 1162, 1163, -1,
      1138, 1163, 1139, -1,
      1139, 1163, 1164, -1,
      1139, 1164, 1140, -1,
      1140, 1164, 1141, -1,
      1164, 1165, 1141, -1,
      1141, 1165, 1166, -1,
      1141, 1166, 1142, -1,
      1142, 1166, 1167, -1,
      1142, 1167, 1143, -1,
      1143, 1167, 1168, -1,
      1143, 1168, 1144, -1,
      1144, 1168, 1169, -1,
      1144, 1169, 1145, -1,
      1145, 1169, 1170, -1,
      1145, 1170, 1146, -1,
      1146, 1170, 1171, -1,
      1146, 1171, 1147, -1,
      1147, 1171, 1172, -1,
      1147, 1172, 1148, -1,
      1148, 1172, 1173, -1,
      1148, 1173, 1149, -1,
      1149, 1173, 1174, -1,
      1149, 1174, 1150, -1,
      1150, 1174, 1175, -1,
      1150, 1175, 1151, -1,
      1151, 1175, 1176, -1,
      1151, 1176, 1152, -1,
      1152, 1176, 1177, -1,
      1152, 1177, 1153, -1,
      1153, 1177, 1178, -1,
      1153, 1178, 1154, -1,
      1154, 1178, 1179, -1,
      1154, 1179, 1155, -1,
      1155, 1179, 1180, -1,
      1155, 1180, 1156, -1,
      1156, 1180, 1181, -1,
      1156, 1181, 1157, -1,
      1157, 1181, 1182, -1,
      1157, 1182, 1158, -1,
      1158, 1182, 1183, -1,
      1158, 1183, 1159, -1,
      1159, 1183, 1184, -1,
      1159, 1184, 1160, -1,
      1160, 1184, 1185, -1,
      1160, 1185, 1161, -1,
      1161, 1185, 1186, -1,
      1161, 1186, 1162, -1,
      1162, 1186, 1187, -1,
      1162, 1187, 1163, -1,
      1163, 1187, 1188, -1,
      1163, 1188, 1164, -1,
      1164, 1188, 1165, -1,
      1188, 1030, 1165, -1,
      1165, 1030, 1029, -1,
      1165, 1029, 1166, -1,
      1166, 1029, 1028, -1,
      1166, 1028, 1167, -1,
      1167, 1028, 1027, -1,
      1167, 1027, 1168, -1,
      1168, 1027, 1026, -1,
      1168, 1026, 1169, -1,
      1169, 1026, 1025, -1,
      1169, 1025, 1170, -1,
      1170, 1025, 1024, -1,
      1170, 1024, 1171, -1,
      1171, 1024, 1023, -1,
      1171, 1023, 1172, -1,
      1172, 1023, 1022, -1,
      1172, 1022, 1173, -1,
      1173, 1022, 1021, -1,
      1173, 1021, 1174, -1,
      1174, 1021, 1020, -1,
      1174, 1020, 1175, -1,
      1175, 1020, 1043, -1,
      1175, 1043, 1176, -1,
      1176, 1043, 1042, -1,
      1176, 1042, 1177, -1,
      1177, 1042, 1041, -1,
      1177, 1041, 1178, -1,
      1178, 1041, 1040, -1,
      1178, 1040, 1179, -1,
      1179, 1040, 1039, -1,
      1179, 1039, 1180, -1,
      1180, 1039, 1038, -1,
      1180, 1038, 1181, -1,
      1181, 1038, 1037, -1,
      1181, 1037, 1182, -1,
      1182, 1037, 1036, -1,
      1182, 1036, 1183, -1,
      1183, 1036, 1035, -1,
      1183, 1035, 1184, -1,
      1184, 1035, 1034, -1,
      1184, 1034, 1185, -1,
      1185, 1034, 1033, -1,
      1185, 1033, 1186, -1,
      1186, 1033, 1032, -1,
      1186, 1032, 1187, -1,
      1187, 1032, 1031, -1,
      1187, 1031, 1188, -1,
      1188, 1031, 1030, -1,
      1189, 1190, 1191, -1,
      1192, 1190, 1189, -1,
      1189, 1193, 1194, -1,
      1195, 1193, 1189, -1,
      1191, 1195, 1189, -1,
      1189, 1196, 1197, -1,
      1198, 1196, 1189, -1,
      1194, 1198, 1189, -1,
      1189, 1199, 1200, -1,
      1201, 1199, 1189, -1,
      1197, 1201, 1189, -1,
      1189, 1202, 1203, -1,
      1204, 1202, 1189, -1,
      1200, 1204, 1189, -1,
      1189, 1205, 1206, -1,
      1207, 1205, 1189, -1,
      1203, 1207, 1189, -1,
      1189, 1208, 1209, -1,
      1210, 1208, 1189, -1,
      1206, 1210, 1189, -1,
      1189, 1211, 1212, -1,
      1213, 1211, 1189, -1,
      1209, 1213, 1189, -1,
      1212, 1192, 1189, -1,
      1192, 1214, 1190, -1,
      1190, 1214, 1215, -1,
      1190, 1215, 1191, -1,
      1191, 1215, 1216, -1,
      1191, 1216, 1195, -1,
      1195, 1216, 1217, -1,
      1195, 1217, 1193, -1,
      1193, 1217, 1218, -1,
      1193, 1218, 1194, -1,
      1194, 1218, 1219, -1,
      1194, 1219, 1198, -1,
      1198, 1219, 1220, -1,
      1198, 1220, 1196, -1,
      1196, 1220, 1221, -1,
      1196, 1221, 1197, -1,
      1197, 1221, 1222, -1,
      1197, 1222, 1201, -1,
      1201, 1222, 1223, -1,
      1201, 1223, 1199, -1,
      1199, 1223, 1224, -1,
      1199, 1224, 1200, -1,
      1200, 1224, 1225, -1,
      1200, 1225, 1204, -1,
      1204, 1225, 1226, -1,
      1204, 1226, 1202, -1,
      1202, 1226, 1227, -1,
      1202, 1227, 1203, -1,
      1203, 1227, 1228, -1,
      1203, 1228, 1207, -1,
      1207, 1228, 1229, -1,
      1207, 1229, 1205, -1,
      1205, 1229, 1230, -1,
      1205, 1230, 1206, -1,
      1206, 1230, 1231, -1,
      1206, 1231, 1210, -1,
      1210, 1231, 1232, -1,
      1210, 1232, 1208, -1,
      1208, 1232, 1233, -1,
      1208, 1233, 1209, -1,
      1209, 1233, 1234, -1,
      1209, 1234, 1213, -1,
      1213, 1234, 1235, -1,
      1213, 1235, 1211, -1,
      1211, 1235, 1236, -1,
      1211, 1236, 1212, -1,
      1212, 1236, 1237, -1,
      1212, 1237, 1192, -1,
      1192, 1237, 1214, -1,
      1237, 1238, 1214, -1,
      1214, 1238, 1239, -1,
      1214, 1239, 1215, -1,
      1215, 1239, 1240, -1,
      1215, 1240, 1216, -1,
      1216, 1240, 1241, -1,
      1216, 1241, 1217, -1,
      1217, 1241, 1242, -1,
      1217, 1242, 1218, -1,
      1218, 1242, 1243, -1,
      1218, 1243, 1219, -1,
      1219, 1243, 1244, -1,
      1219, 1244, 1220, -1,
      1220, 1244, 1245, -1,
      1220, 1245, 1221, -1,
      1221, 1245, 1246, -1,
      1221, 1246, 1222, -1,
      1222, 1246, 1247, -1,
      1222, 1247, 1223, -1,
      1223, 1247, 1248, -1,
      1223, 1248, 1224, -1,
      1224, 1248, 1249, -1,
      1224, 1249, 1225, -1,
      1225, 1249, 1250, -1,
      1225, 1250, 1226, -1,
      1226, 1250, 1251, -1,
      1226, 1251, 1227, -1,
      1227, 1251, 1252, -1,
      1227, 1252, 1228, -1,
      1228, 1252, 1253, -1,
      1228, 1253, 1229, -1,
      1229, 1253, 1254, -1,
      1229, 1254, 1230, -1,
      1230, 1254, 1255, -1,
      1230, 1255, 1231, -1,
      1231, 1255, 1256, -1,
      1231, 1256, 1232, -1,
      1232, 1256, 1257, -1,
      1232, 1257, 1233, -1,
      1233, 1257, 1258, -1,
      1233, 1258, 1234, -1,
      1234, 1258, 1259, -1,
      1234, 1259, 1235, -1,
      1235, 1259, 1260, -1,
      1235, 1260, 1236, -1,
      1236, 1260, 1261, -1,
      1236, 1261, 1237, -1,
      1237, 1261, 1238, -1,
      1261, 1262, 1238, -1,
      1238, 1262, 1263, -1,
      1238, 1263, 1239, -1,
      1239, 1263, 1264, -1,
      1239, 1264, 1240, -1,
      1240, 1264, 1265, -1,
      1240, 1265, 1241, -1,
      1241, 1265, 1266, -1,
      1241, 1266, 1242, -1,
      1242, 1266, 1267, -1,
      1242, 1267, 1243, -1,
      1243, 1267, 1268, -1,
      1243, 1268, 1244, -1,
      1244, 1268, 1269, -1,
      1244, 1269, 1245, -1,
      1245, 1269, 1270, -1,
      1245, 1270, 1246, -1,
      1246, 1270, 1271, -1,
      1246, 1271, 1247, -1,
      1247, 1271, 1272, -1,
      1247, 1272, 1248, -1,
      1248, 1272, 1273, -1,
      1248, 1273, 1249, -1,
      1249, 1273, 1274, -1,
      1249, 1274, 1250, -1,
      1250, 1274, 1275, -1,
      1250, 1275, 1251, -1,
      1251, 1275, 1276, -1,
      1251, 1276, 1252, -1,
      1252, 1276, 1277, -1,
      1252, 1277, 1253, -1,
      1253, 1277, 1278, -1,
      1253, 1278, 1254, -1,
      1254, 1278, 1279, -1,
      1254, 1279, 1255, -1,
      1255, 1279, 1280, -1,
      1255, 1280, 1256, -1,
      1256, 1280, 1281, -1,
      1256, 1281, 1257, -1,
      1257, 1281, 1282, -1,
      1257, 1282, 1258, -1,
      1258, 1282, 1283, -1,
      1258, 1283, 1259, -1,
      1259, 1283, 1284, -1,
      1259, 1284, 1260, -1,
      1260, 1284, 1285, -1,
      1260, 1285, 1261, -1,
      1261, 1285, 1262, -1,
      1285, 1286, 1262, -1,
      1262, 1286, 1287, -1,
      1262, 1287, 1263, -1,
      1263, 1287, 1288, -1,
      1263, 1288, 1264, -1,
      1264, 1288, 1289, -1,
      1264, 1289, 1265, -1,
      1265, 1289, 1290, -1,
      1265, 1290, 1266, -1,
      1266, 1290, 1291, -1,
      1266, 1291, 1267, -1,
      1267, 1291, 1292, -1,
      1267, 1292, 1268, -1,
      1268, 1292, 1293, -1,
      1268, 1293, 1269, -1,
      1269, 1293, 1294, -1,
      1269, 1294, 1270, -1,
      1270, 1294, 1295, -1,
      1270, 1295, 1271, -1,
      1271, 1295, 1296, -1,
      1271, 1296, 1272, -1,
      1272, 1296, 1297, -1,
      1272, 1297, 1273, -1,
      1273, 1297, 1298, -1,
      1273, 1298, 1274, -1,
      1274, 1298, 1299, -1,
      1274, 1299, 1275, -1,
      1275, 1299, 1300, -1,
      1275, 1300, 1276, -1,
      1276, 1300, 1301, -1,
      1276, 1301, 1277, -1,
      1277, 1301, 1302, -1,
      1277, 1302, 1278, -1,
      1278, 1302, 1303, -1,
      1278, 1303, 1279, -1,
      1279, 1303, 1304, -1,
      1279, 1304, 1280, -1,
      1280, 1304, 1305, -1,
      1280, 1305, 1281, -1,
      1281, 1305, 1306, -1,
      1281, 1306, 1282, -1,
      1282, 1306, 1307, -1,
      1282, 1307, 1283, -1,
      1283, 1307, 1308, -1,
      1283, 1308, 1284, -1,
      1284, 1308, 1309, -1,
      1284, 1309, 1285, -1,
      1285, 1309, 1286, -1,
      1309, 1054, 1286, -1,
      1286, 1054, 1053, -1,
      1286, 1053, 1287, -1,
      1287, 1053, 1052, -1,
      1287, 1052, 1288, -1,
      1288, 1052, 1051, -1,
      1288, 1051, 1289, -1,
      1289, 1051, 1050, -1,
      1289, 1050, 1290, -1,
      1290, 1050, 1049, -1,
      1290, 1049, 1291, -1,
      1291, 1049, 1048, -1,
      1291, 1048, 1292, -1,
      1292, 1048, 1047, -1,
      1292, 1047, 1293, -1,
      1293, 1047, 1046, -1,
      1293, 1046, 1294, -1,
      1294, 1046, 1045, -1,
      1294, 1045, 1295, -1,
      1295, 1045, 1044, -1,
      1295, 1044, 1296, -1,
      1296, 1044, 1067, -1,
      1296, 1067, 1297, -1,
      1297, 1067, 1066, -1,
      1297, 1066, 1298, -1,
      1298, 1066, 1065, -1,
      1298, 1065, 1299, -1,
      1299, 1065, 1064, -1,
      1299, 1064, 1300, -1,
      1300, 1064, 1063, -1,
      1300, 1063, 1301, -1,
      1301, 1063, 1062, -1,
      1301, 1062, 1302, -1,
      1302, 1062, 1061, -1,
      1302, 1061, 1303, -1,
      1303, 1061, 1060, -1,
      1303, 1060, 1304, -1,
      1304, 1060, 1059, -1,
      1304, 1059, 1305, -1,
      1305, 1059, 1058, -1,
      1305, 1058, 1306, -1,
      1306, 1058, 1057, -1,
      1306, 1057, 1307, -1,
      1307, 1057, 1056, -1,
      1307, 1056, 1308, -1,
      1308, 1056, 1055, -1,
      1308, 1055, 1309, -1,
      1309, 1055, 1054, -1,
    ]
  }
}

Shape {
  appearance Appearance {
    material Material {
      diffuseColor 0.6471 0.6196 0.5882
      specularColor 0.4510 0.4353 0.4118
      ambientIntensity 0.2
      transparency 0.0000
      shininess 0.5
    }
  }
  geometry IndexedFaceSet {
    ccw TRUE
    solid FALSE
    coord DEF co Coordinate {
      point [
        0.211046 0.843419 0.000000,
        -0.160225 0.988305 0.000000,
        -0.182655 0.997058 0.000000,
        -0.182655 0.939443 0.000000,
        -0.160225 0.931352 0.000000,
        -0.072227 0.899608 0.000000,
        0.211046 0.843419 0.003937,
        -0.182655 0.997058 0.003937,
        -0.182655 0.939443 0.003937,
        -0.072227 0.899608 0.003937,
      ]
    }
    coordIndex [
      0, 6, 1, -1,
      1, 6, 7, -1,
      1, 7, 2, -1,
      7, 8, 2, -1,
      2, 8, 3, -1,
      3, 8, 4, -1,
      4, 8, 9, -1,
      4, 9, 5, -1,
    ]
  }
}

Shape {
  appearance Appearance {
    material Material {
      diffuseColor 1.0000 1.0000 1.0000
      specularColor 0.8784 0.8784 0.8784
      ambientIntensity 0.2
      transparency 0.0000
      shininess 0.5
    }
  }
  geometry IndexedFaceSet {
    ccw TRUE
    solid FALSE
    coord DEF co Coordinate {
      point [
        0.117861 0.588359 0.000000,
        0.079454 0.604842 0.000000,
        -0.160225 -0.596950 0.000000,
        0.211046 -0.596950 0.000000,
        -0.139444 -0.395298 0.000000,
        -0.160225 -0.395298 0.000000,
        -0.182655 -0.395298 0.000000,
        -0.160225 0.008005 0.000000,
        0.211046 0.008005 0.000000,
        0.167835 0.209657 0.000000,
        -0.139444 0.219259 0.000000,
        -0.005009 0.060819 0.000000,
        -0.139444 0.060819 0.000000,
        -0.005009 0.200054 0.000000,
        0.038202 0.200054 0.000000,
        0.038202 0.060819 0.000000,
        0.167835 0.060819 0.000000,
        -0.160225 0.219259 0.000000,
        -0.182655 0.219259 0.000000,
        -0.160225 0.650247 0.000000,
        0.211046 0.790605 0.000000,
        -0.182655 0.699382 0.000000,
        0.211046 0.843419 0.000000,
        -0.160225 0.707016 0.000000,
        -0.072227 0.899608 0.000000,
        -0.072227 0.736967 0.000000,
        -0.139444 -0.544136 0.000000,
        0.211046 -0.544136 0.000000,
        -0.119039 -0.068815 0.000000,
        0.211046 0.209657 0.000000,
        -0.160225 -0.277991 0.000000,
        -0.148561 -0.296104 0.000000,
        -0.117251 -0.325561 0.000000,
        -0.079679 -0.346367 0.000000,
        0.172636 -0.161013 0.000000,
        -0.122947 -0.075871 0.000000,
        0.166419 -0.113161 0.000000,
        0.147430 -0.068815 0.000000,
        0.200243 -0.068815 0.000000,
        0.144245 -0.317830 0.000000,
        0.177392 -0.283609 0.000000,
        0.199016 -0.246839 0.000000,
        0.168293 -0.199777 0.000000,
        0.157697 -0.229091 0.000000,
        0.138997 -0.256986 0.000000,
        0.112621 -0.280652 0.000000,
        0.082169 -0.296717 0.000000,
        0.039543 -0.307133 0.000000,
        0.009994 -0.308876 0.000000,
        -0.032595 -0.304896 0.000000,
        -0.066459 -0.294209 0.000000,
        -0.144245 -0.169866 0.000000,
        -0.113119 -0.259534 0.000000,
        -0.140170 -0.206401 0.000000,
        -0.129529 -0.235357 0.000000,
        -0.093805 -0.277841 0.000000,
        -0.138445 -0.117606 0.000000,
        -0.037920 -0.358041 0.000000,
        0.006769 -0.361690 0.000000,
        0.062655 -0.356046 0.000000,
        0.107414 -0.340917 0.000000,
        0.212141 -0.203667 0.000000,
        0.215847 -0.161463 0.000000,
        0.212595 -0.114333 0.000000,
        -0.160225 0.296079 0.000000,
        0.211046 0.296079 0.000000,
        0.019146 0.612960 0.000000,
        -0.033542 0.607435 0.000000,
        0.204966 0.464058 0.000000,
        0.188794 0.510146 0.000000,
        -0.074750 0.593300 0.000000,
        -0.109965 0.570723 0.000000,
        -0.140992 0.538318 0.000000,
        0.163420 0.549140 0.000000,
        0.149207 0.564467 0.000000,
        -0.182655 0.641767 0.000000,
        0.038429 0.612220 0.000000,
        0.211046 0.407182 0.000000,
        -0.160225 0.505222 0.000000,
        -0.182655 0.008005 0.000000,
        -0.182655 0.296079 0.000000,
        -0.164881 0.497210 0.000000,
        -0.178403 0.451844 0.000000,
        -0.182655 0.403131 0.000000,
        -0.160225 -0.068815 0.000000,
        -0.162250 -0.068815 0.000000,
        -0.179481 -0.110781 0.000000,
        -0.182655 -0.596950 0.000000,
        -0.169221 -0.264022 0.000000,
        -0.187272 -0.166378 0.000000,
        -0.187456 -0.177143 0.000000,
        -0.182415 -0.225667 0.000000,
        0.211046 0.843419 0.003937,
        -0.182655 0.997058 0.003937,
        -0.182655 0.939443 0.003937,
        -0.072227 0.899608 0.003937,
        -0.072227 0.736967 0.003937,
        -0.182655 0.699382 0.003937,
        -0.182655 0.641767 0.003937,
        0.211046 0.790605 0.003937,
        -0.029016 0.750245 0.003937,
        0.135426 0.808985 0.003937,
        0.149081 0.812774 0.003937,
        0.163033 0.815287 0.003937,
        0.163033 0.816562 0.003937,
        0.149123 0.819131 0.003937,
        -0.029016 0.881904 0.003937,
        0.135426 0.822639 0.003937,
        -0.029016 0.750245 0.000000,
        -0.029016 0.881904 0.000000,
        0.135426 0.808985 0.000000,
        0.149081 0.812774 0.000000,
        0.163033 0.815287 0.000000,
        0.163033 0.816562 0.000000,
        0.149123 0.819131 0.000000,
        0.135426 0.822639 0.000000,
        -0.182655 0.403131 0.003937,
        -0.182655 0.296079 0.003937,
        0.211046 0.296079 0.003937,
        0.211046 0.407182 0.003937,
        0.019146 0.612960 0.003937,
        0.038429 0.612220 0.003937,
        0.079454 0.604842 0.003937,
        0.117861 0.588359 0.003937,
        0.149207 0.564467 0.003937,
        0.163420 0.549140 0.003937,
        0.188794 0.510146 0.003937,
        0.204966 0.464058 0.003937,
        -0.178403 0.451844 0.003937,
        -0.164881 0.497210 0.003937,
        -0.140992 0.538318 0.003937,
        -0.109965 0.570723 0.003937,
        -0.074750 0.593300 0.003937,
        -0.033542 0.607435 0.003937,
        0.018021 0.560146 0.003937,
        0.057201 0.556804 0.003937,
        0.088288 0.547613 0.003937,
        0.112452 0.534059 0.003937,
        0.132800 0.514966 0.003937,
        0.151415 0.486247 0.003937,
        0.162828 0.453787 0.003937,
        0.167835 0.406957 0.003937,
        0.167835 0.348892 0.003937,
        -0.139444 0.348892 0.003937,
        -0.139444 0.404781 0.003937,
        -0.135591 0.446252 0.003937,
        -0.125235 0.479452 0.003937,
        -0.109550 0.505971 0.003937,
        -0.087876 0.528004 0.003937,
        -0.060656 0.544841 0.003937,
        -0.029730 0.555198 0.003937,
        0.167835 0.406957 0.000000,
        0.167835 0.348892 0.000000,
        0.162828 0.453787 0.000000,
        0.151415 0.486247 0.000000,
        0.132800 0.514966 0.000000,
        0.112452 0.534059 0.000000,
        0.088288 0.547613 0.000000,
        0.057201 0.556804 0.000000,
        0.018021 0.560146 0.000000,
        -0.029730 0.555198 0.000000,
        -0.060656 0.544841 0.000000,
        -0.087876 0.528004 0.000000,
        -0.109550 0.505971 0.000000,
        -0.125235 0.479452 0.000000,
        -0.135591 0.446252 0.000000,
        -0.139444 0.404781 0.000000,
        -0.139444 0.348892 0.000000,
        -0.139444 0.219259 0.003937,
        -0.182655 0.219259 0.003937,
        -0.182655 0.008005 0.003937,
        0.211046 0.008005 0.003937,
        0.211046 0.209657 0.003937,
        0.167835 0.209657 0.003937,
        0.167835 0.060819 0.003937,
        0.038202 0.060819 0.003937,
        0.038202 0.200054 0.003937,
        -0.005009 0.200054 0.003937,
        -0.005009 0.060819 0.003937,
        -0.139444 0.060819 0.003937,
        -0.119039 -0.068815 0.003937,
        -0.162250 -0.068815 0.003937,
        -0.187456 -0.177143 0.003937,
        -0.187272 -0.166378 0.003937,
        -0.179481 -0.110781 0.003937,
        0.006769 -0.361690 0.003937,
        -0.037920 -0.358041 0.003937,
        -0.079679 -0.346367 0.003937,
        -0.117251 -0.325561 0.003937,
        -0.148561 -0.296104 0.003937,
        -0.169221 -0.264022 0.003937,
        -0.182415 -0.225667 0.003937,
        0.215847 -0.161463 0.003937,
        0.212141 -0.203667 0.003937,
        0.199016 -0.246839 0.003937,
        0.177392 -0.283609 0.003937,
        0.144245 -0.317830 0.003937,
        0.107414 -0.340917 0.003937,
        0.062655 -0.356046 0.003937,
        0.200243 -0.068815 0.003937,
        0.212595 -0.114333 0.003937,
        0.147430 -0.068815 0.003937,
        0.172636 -0.161013 0.003937,
        0.166419 -0.113161 0.003937,
        0.009994 -0.308876 0.003937,
        0.039543 -0.307133 0.003937,
        0.082169 -0.296717 0.003937,
        0.112621 -0.280652 0.003937,
        0.138997 -0.256986 0.003937,
        0.157697 -0.229091 0.003937,
        0.168293 -0.199777 0.003937,
        -0.144245 -0.169866 0.003937,
        -0.140170 -0.206401 0.003937,
        -0.129529 -0.235357 0.003937,
        -0.113119 -0.259534 0.003937,
        -0.093805 -0.277841 0.003937,
        -0.066459 -0.294209 0.003937,
        -0.032595 -0.304896 0.003937,
        -0.122947 -0.075871 0.003937,
        -0.138445 -0.117606 0.003937,
        -0.139444 -0.395298 0.003937,
        -0.182655 -0.395298 0.003937,
        -0.182655 -0.596950 0.003937,
        0.211046 -0.596950 0.003937,
        0.211046 -0.544136 0.003937,
        -0.139444 -0.544136 0.003937,
      ]
    }
    coordIndex [
      95, 96, 24, -1,
      24, 96, 25, -1,
      25, 96, 23, -1,
      23, 96, 97, -1,
      23, 97, 21, -1,
      97, 98, 21, -1,
      21, 98, 75, -1,
      75, 98, 19, -1,
      19, 98, 99, -1,
      19, 99, 20, -1,
      99, 92, 20, -1,
      20, 92, 22, -1,
      100, 101, 99, -1,
      98, 97, 96, -1,
      101, 102, 99, -1,
      99, 102, 103, -1,
      99, 103, 92, -1,
      92, 103, 104, -1,
      92, 104, 105, -1,
      99, 98, 100, -1,
      100, 98, 96, -1,
      100, 96, 106, -1,
      106, 96, 95, -1,
      105, 107, 92, -1,
      92, 107, 106, -1,
      92, 106, 93, -1,
      93, 106, 95, -1,
      93, 95, 94, -1,
      100, 106, 108, -1,
      108, 106, 109, -1,
      101, 100, 110, -1,
      110, 100, 108, -1,
      101, 110, 111, -1,
      101, 111, 102, -1,
      102, 111, 112, -1,
      102, 112, 103, -1,
      104, 103, 113, -1,
      113, 103, 112, -1,
      104, 113, 114, -1,
      104, 114, 105, -1,
      105, 114, 115, -1,
      105, 115, 107, -1,
      106, 107, 109, -1,
      109, 107, 115, -1,
      116, 117, 83, -1,
      83, 117, 80, -1,
      80, 117, 64, -1,
      64, 117, 118, -1,
      64, 118, 65, -1,
      118, 119, 65, -1,
      65, 119, 77, -1,
      120, 66, 76, -1,
      120, 76, 121, -1,
      121, 76, 1, -1,
      121, 1, 122, -1,
      122, 1, 0, -1,
      122, 0, 123, -1,
      123, 0, 74, -1,
      123, 74, 124, -1,
      124, 74, 73, -1,
      124, 73, 125, -1,
      125, 73, 69, -1,
      125, 69, 126, -1,
      126, 69, 68, -1,
      126, 68, 127, -1,
      127, 68, 77, -1,
      127, 77, 119, -1,
      116, 83, 82, -1,
      116, 82, 128, -1,
      128, 82, 81, -1,
      128, 81, 129, -1,
      129, 81, 78, -1,
      129, 78, 130, -1,
      78, 72, 130, -1,
      130, 72, 71, -1,
      130, 71, 131, -1,
      131, 71, 70, -1,
      131, 70, 132, -1,
      132, 70, 67, -1,
      132, 67, 133, -1,
      133, 67, 66, -1,
      133, 66, 120, -1,
      133, 120, 134, -1,
      134, 120, 121, -1,
      134, 121, 135, -1,
      135, 121, 122, -1,
      135, 122, 136, -1,
      136, 122, 123, -1,
      136, 123, 137, -1,
      137, 123, 124, -1,
      137, 124, 138, -1,
      138, 124, 125, -1,
      138, 125, 139, -1,
      139, 125, 126, -1,
      139, 126, 140, -1,
      140, 126, 127, -1,
      140, 127, 141, -1,
      141, 127, 119, -1,
      141, 119, 142, -1,
      142, 119, 118, -1,
      142, 118, 143, -1,
      143, 118, 117, -1,
      143, 117, 144, -1,
      144, 117, 116, -1,
      144, 116, 145, -1,
      145, 116, 128, -1,
      145, 128, 146, -1,
      146, 128, 129, -1,
      146, 129, 147, -1,
      147, 129, 130, -1,
      147, 130, 148, -1,
      148, 130, 131, -1,
      148, 131, 149, -1,
      149, 131, 132, -1,
      149, 132, 150, -1,
      150, 132, 133, -1,
      150, 133, 134, -1,
      141, 142, 151, -1,
      151, 142, 152, -1,
      141, 151, 153, -1,
      141, 153, 140, -1,
      140, 153, 154, -1,
      140, 154, 139, -1,
      139, 154, 155, -1,
      139, 155, 138, -1,
      138, 155, 156, -1,
      138, 156, 137, -1,
      137, 156, 157, -1,
      137, 157, 136, -1,
      136, 157, 158, -1,
      136, 158, 135, -1,
      135, 158, 159, -1,
      135, 159, 134, -1,
      134, 159, 160, -1,
      134, 160, 150, -1,
      150, 160, 161, -1,
      150, 161, 149, -1,
      149, 161, 162, -1,
      149, 162, 148, -1,
      148, 162, 163, -1,
      148, 163, 147, -1,
      147, 163, 164, -1,
      147, 164, 146, -1,
      146, 164, 165, -1,
      146, 165, 145, -1,
      145, 165, 166, -1,
      145, 166, 144, -1,
      143, 144, 167, -1,
      167, 144, 166, -1,
      142, 143, 152, -1,
      152, 143, 167, -1,
      10, 168, 17, -1,
      17, 168, 169, -1,
      17, 169, 18, -1,
      169, 170, 18, -1,
      18, 170, 79, -1,
      79, 170, 7, -1,
      7, 170, 171, -1,
      7, 171, 8, -1,
      171, 172, 8, -1,
      8, 172, 29, -1,
      172, 173, 29, -1,
      29, 173, 9, -1,
      173, 174, 9, -1,
      9, 174, 16, -1,
      174, 175, 16, -1,
      16, 175, 15, -1,
      175, 176, 15, -1,
      15, 176, 14, -1,
      176, 177, 14, -1,
      14, 177, 13, -1,
      177, 178, 13, -1,
      13, 178, 11, -1,
      178, 179, 11, -1,
      11, 179, 12, -1,
      179, 168, 12, -1,
      12, 168, 10, -1,
      170, 169, 168, -1,
      168, 179, 170, -1,
      170, 179, 178, -1,
      170, 178, 171, -1,
      173, 172, 174, -1,
      174, 172, 171, -1,
      174, 171, 175, -1,
      175, 171, 178, -1,
      175, 178, 176, -1,
      176, 178, 177, -1,
      28, 180, 84, -1,
      84, 180, 181, -1,
      84, 181, 85, -1,
      182, 90, 89, -1,
      182, 89, 183, -1,
      183, 89, 86, -1,
      183, 86, 184, -1,
      184, 86, 85, -1,
      184, 85, 181, -1,
      185, 58, 57, -1,
      185, 57, 186, -1,
      186, 57, 33, -1,
      186, 33, 187, -1,
      187, 33, 32, -1,
      187, 32, 188, -1,
      188, 32, 31, -1,
      188, 31, 189, -1,
      189, 31, 30, -1,
      189, 30, 190, -1,
      30, 88, 190, -1,
      190, 88, 91, -1,
      190, 91, 191, -1,
      191, 91, 90, -1,
      191, 90, 182, -1,
      192, 62, 61, -1,
      192, 61, 193, -1,
      193, 61, 41, -1,
      193, 41, 194, -1,
      194, 41, 40, -1,
      194, 40, 195, -1,
      195, 40, 39, -1,
      195, 39, 196, -1,
      196, 39, 60, -1,
      196, 60, 197, -1,
      197, 60, 59, -1,
      197, 59, 198, -1,
      198, 59, 58, -1,
      198, 58, 185, -1,
      199, 38, 63, -1,
      199, 63, 200, -1,
      200, 63, 62, -1,
      200, 62, 192, -1,
      199, 201, 38, -1,
      38, 201, 37, -1,
      202, 34, 36, -1,
      202, 36, 203, -1,
      203, 36, 37, -1,
      203, 37, 201, -1,
      204, 48, 47, -1,
      204, 47, 205, -1,
      205, 47, 46, -1,
      205, 46, 206, -1,
      206, 46, 45, -1,
      206, 45, 207, -1,
      207, 45, 44, -1,
      207, 44, 208, -1,
      208, 44, 43, -1,
      208, 43, 209, -1,
      209, 43, 42, -1,
      209, 42, 210, -1,
      210, 42, 34, -1,
      210, 34, 202, -1,
      211, 51, 53, -1,
      211, 53, 212, -1,
      212, 53, 54, -1,
      212, 54, 213, -1,
      213, 54, 52, -1,
      213, 52, 214, -1,
      214, 52, 55, -1,
      214, 55, 215, -1,
      215, 55, 50, -1,
      215, 50, 216, -1,
      216, 50, 49, -1,
      216, 49, 217, -1,
      217, 49, 48, -1,
      217, 48, 204, -1,
      180, 28, 35, -1,
      180, 35, 218, -1,
      218, 35, 56, -1,
      218, 56, 219, -1,
      219, 56, 51, -1,
      219, 51, 211, -1,
      212, 182, 211, -1,
      211, 182, 183, -1,
      211, 183, 219, -1,
      219, 183, 184, -1,
      219, 184, 218, -1,
      218, 184, 181, -1,
      218, 181, 180, -1,
      201, 199, 203, -1,
      203, 199, 200, -1,
      203, 200, 202, -1,
      202, 200, 192, -1,
      202, 192, 210, -1,
      210, 192, 193, -1,
      210, 193, 209, -1,
      209, 193, 194, -1,
      209, 194, 208, -1,
      208, 194, 195, -1,
      208, 195, 207, -1,
      207, 195, 196, -1,
      207, 196, 206, -1,
      206, 196, 197, -1,
      206, 197, 205, -1,
      205, 197, 198, -1,
      205, 198, 204, -1,
      204, 198, 185, -1,
      204, 185, 217, -1,
      217, 185, 186, -1,
      217, 186, 216, -1,
      216, 186, 187, -1,
      216, 187, 215, -1,
      215, 187, 188, -1,
      215, 188, 214, -1,
      214, 188, 189, -1,
      214, 189, 213, -1,
      213, 189, 190, -1,
      213, 190, 212, -1,
      212, 190, 191, -1,
      212, 191, 182, -1,
      4, 220, 5, -1,
      5, 220, 221, -1,
      5, 221, 6, -1,
      221, 222, 6, -1,
      6, 222, 87, -1,
      87, 222, 2, -1,
      2, 222, 223, -1,
      2, 223, 3, -1,
      223, 224, 3, -1,
      3, 224, 27, -1,
      224, 225, 27, -1,
      27, 225, 26, -1,
      225, 220, 26, -1,
      26, 220, 4, -1,
      224, 223, 225, -1,
      225, 223, 222, -1,
      225, 222, 220, -1,
      220, 222, 221, -1,
    ]
  }
}

Shape {
  appearance Appearance {
    material Material {
      diffuseColor 0.2078 0.2078 0.2078
      specularColor 0.0157 0.0157 0.0157
      ambientIntensity 0.2
      transparency 0.0000
      shininess 0.5
    }
  }
  geometry IndexedFaceSet {
    ccw TRUE
    solid FALSE
    coord DEF co Coordinate {
      point [
        -0.029016 0.750245 0.000000,
        -0.029016 0.881904 0.000000,
        0.135426 0.808985 0.000000,
        0.149081 0.812774 0.000000,
        0.163033 0.815287 0.000000,
        0.163033 0.816562 0.000000,
        0.149123 0.819131 0.000000,
        0.135426 0.822639 0.000000,
        0.167835 0.406957 0.000000,
        0.167835 0.348892 0.000000,
        0.162828 0.453787 0.000000,
        0.151415 0.486247 0.000000,
        0.132800 0.514966 0.000000,
        0.112452 0.534059 0.000000,
        0.088288 0.547613 0.000000,
        0.057201 0.556804 0.000000,
        0.018021 0.560146 0.000000,
        -0.029730 0.555198 0.000000,
        -0.060656 0.544841 0.000000,
        -0.087876 0.528004 0.000000,
        -0.109550 0.505971 0.000000,
        -0.125235 0.479452 0.000000,
        -0.135591 0.446252 0.000000,
        -0.139444 0.404781 0.000000,
        -0.139444 0.348892 0.000000,
      ]
    }
    coordIndex [
      0, 1, 2, -1,
      2, 1, 7, -1,
      2, 7, 3, -1,
      3, 7, 6, -1,
      3, 6, 4, -1,
      4, 6, 5, -1,
      8, 9, 24, -1,
      17, 16, 8, -1,
      17, 8, 18, -1,
      16, 15, 8, -1,
      8, 15, 14, -1,
      8, 14, 10, -1,
      24, 23, 8, -1,
      8, 23, 22, -1,
      8, 22, 21, -1,
      13, 12, 14, -1,
      14, 12, 11, -1,
      14, 11, 10, -1,
      21, 20, 8, -1,
      8, 20, 19, -1,
      8, 19, 18, -1,
    ]
  }
}
