#VRML V2.0 utf8

Shape {
  appearance Appearance {
    material Material {
      diffuseColor 0.2510 0.2510 0.2510
      specularColor 0.1255 0.1255 0.1255
      ambientIntensity 0.2
      transparency 0.0000
      shininess 0.5
    }
  }
  geometry IndexedFaceSet {
    ccw TRUE
    solid FALSE
    coord DEF co Coordinate {
      point [
        1.338583 0.213200 5.511811,
        0.177165 0.213200 5.511811,
        0.177165 0.370680 5.511811,
        -0.795394 -1.466879 5.511811,
        -0.835725 -1.466879 5.511811,
        -1.047784 -1.281850 5.511811,
        -0.672483 -1.466879 5.511811,
        -0.714734 -1.466879 5.511811,
        -0.722416 -1.281850 5.511811,
        -0.177165 -1.947818 5.511811,
        -0.356887 -1.947818 5.511811,
        -0.356887 -1.632857 5.511811,
        -0.792034 -2.160774 5.511811,
        -1.047784 -2.160774 5.511811,
        -1.047784 -1.947818 5.511811,
        -0.136382 -1.656122 5.511811,
        -0.143796 -1.674020 5.511811,
        -0.143796 -1.632857 5.511811,
        0.136382 1.873711 5.511811,
        0.143796 1.891609 5.511811,
        0.143796 1.844657 5.511811,
        -0.590862 -1.281850 5.511811,
        -0.722416 -1.097782 5.511811,
        1.496063 -1.982195 5.511811,
        1.534044 -1.997928 5.511811,
        1.338583 -2.160774 5.511811,
        1.574803 -2.003294 5.511811,
        1.811024 -2.160774 5.511811,
        1.615562 -1.997928 5.511811,
        1.653543 -1.982195 5.511811,
        1.831403 -2.158091 5.511811,
        1.686159 -1.957169 5.511811,
        1.850394 -2.150225 5.511811,
        1.866701 -2.137711 5.511811,
        1.889764 -2.082033 5.511811,
        1.887081 -2.102413 5.511811,
        1.879215 -2.121404 5.511811,
        1.338583 1.844657 5.511811,
        1.417323 2.051825 5.511811,
        1.422689 2.011066 5.511811,
        1.438421 1.973084 5.511811,
        1.463448 1.940469 5.511811,
        1.496063 1.915443 5.511811,
        1.653543 2.188206 5.511811,
        1.615562 2.203939 5.511811,
        1.811024 2.366785 5.511811,
        1.574803 2.209305 5.511811,
        1.338583 2.366785 5.511811,
        1.534044 2.203939 5.511811,
        1.496063 2.188206 5.511811,
        1.711185 1.973084 5.511811,
        1.889764 1.844657 5.511811,
        1.686159 1.940469 5.511811,
        1.653543 1.915443 5.511811,
        1.850394 2.356236 5.511811,
        1.866701 2.343723 5.511811,
        1.686159 2.163180 5.511811,
        1.463448 2.163180 5.511811,
        1.438421 2.130565 5.511811,
        1.422689 2.092583 5.511811,
        1.534044 1.899710 5.511811,
        1.574803 1.894344 5.511811,
        1.615562 1.899710 5.511811,
        1.726918 2.011066 5.511811,
        1.732283 2.051825 5.511811,
        1.889764 2.288045 5.511811,
        1.726918 2.092583 5.511811,
        1.711185 2.130565 5.511811,
        1.887081 2.308425 5.511811,
        1.879215 2.327415 5.511811,
        1.831403 2.364102 5.511811,
        -1.889764 1.844657 5.511811,
        -1.889764 2.288045 5.511811,
        -1.811024 2.366785 5.511811,
        -1.879215 2.327415 5.511811,
        -1.866701 2.343723 5.511811,
        -1.850394 2.356236 5.511811,
        -1.887081 2.308425 5.511811,
        -1.831403 2.364102 5.511811,
        -1.811024 -1.947818 5.511811,
        -1.811024 -2.160774 5.511811,
        -1.889764 -2.082033 5.511811,
        -1.831403 -2.158091 5.511811,
        -1.850394 -2.150225 5.511811,
        -1.866701 -2.137711 5.511811,
        -1.879215 -2.121404 5.511811,
        -1.887081 -2.102413 5.511811,
        1.463448 -1.734458 5.511811,
        1.338583 -1.632857 5.511811,
        1.496063 -1.709431 5.511811,
        1.534044 -1.693699 5.511811,
        1.889764 -1.947818 5.511811,
        1.693333 -1.947818 5.511811,
        1.711185 -1.924554 5.511811,
        1.889764 -1.632857 5.511811,
        1.711185 -1.767073 5.511811,
        1.686159 -1.734458 5.511811,
        1.653543 -1.709431 5.511811,
        1.615562 -1.693699 5.511811,
        1.574803 -1.688333 5.511811,
        1.422689 -1.886572 5.511811,
        1.438421 -1.924554 5.511811,
        1.338583 -1.947818 5.511811,
        1.456273 -1.947818 5.511811,
        1.463448 -1.957169 5.511811,
        1.726918 -1.886572 5.511811,
        1.732283 -1.845813 5.511811,
        1.726918 -1.805054 5.511811,
        1.438421 -1.767073 5.511811,
        1.422689 -1.805054 5.511811,
        1.417323 -1.845813 5.511811,
        -1.574803 -1.688333 5.511811,
        -1.615562 -1.693699 5.511811,
        -1.811024 -1.632857 5.511811,
        -1.653543 -1.709431 5.511811,
        -1.686159 -1.734458 5.511811,
        -1.338583 -1.632857 5.511811,
        -1.438421 -1.767073 5.511811,
        -1.463448 -1.734458 5.511811,
        -1.711185 -1.767073 5.511811,
        -1.726918 -1.805054 5.511811,
        -1.732283 -1.845813 5.511811,
        -1.726918 -1.886572 5.511811,
        -1.496063 -1.709431 5.511811,
        -1.534044 -1.693699 5.511811,
        -1.438421 -1.924554 5.511811,
        -1.422689 -1.886572 5.511811,
        -1.338583 -1.947818 5.511811,
        -1.417323 -1.845813 5.511811,
        -1.422689 -1.805054 5.511811,
        -1.711185 -1.924554 5.511811,
        -1.693333 -1.947818 5.511811,
        -1.686159 -1.957169 5.511811,
        -1.653543 -1.982195 5.511811,
        -1.615562 -1.997928 5.511811,
        -1.338583 -2.160774 5.511811,
        -1.574803 -2.003294 5.511811,
        -1.534044 -1.997928 5.511811,
        -1.496063 -1.982195 5.511811,
        -1.463448 -1.957169 5.511811,
        -1.456273 -1.947818 5.511811,
        1.200787 -1.081958 5.511811,
        1.225249 -1.063188 5.511811,
        1.338583 -1.281850 5.511811,
        1.244019 -1.038727 5.511811,
        0.196850 -0.979671 5.511811,
        0.177165 -1.281850 5.511811,
        0.177165 -0.507462 5.511811,
        0.200875 -1.010241 5.511811,
        0.212674 -1.038727 5.511811,
        0.231444 -1.063188 5.511811,
        0.255906 -1.081958 5.511811,
        0.284391 -1.093757 5.511811,
        0.314961 -1.097782 5.511811,
        1.141732 -1.097782 5.511811,
        1.172302 -1.093757 5.511811,
        1.255818 -0.004220 5.511811,
        1.259843 -0.034789 5.511811,
        1.338583 -0.507462 5.511811,
        1.255818 -1.010241 5.511811,
        1.259843 -0.979671 5.511811,
        1.259843 -0.507462 5.511811,
        1.244019 0.024266 5.511811,
        1.225249 0.048727 5.511811,
        1.200787 0.067497 5.511811,
        0.284391 0.079296 5.511811,
        0.255906 0.067497 5.511811,
        0.231444 0.048727 5.511811,
        0.212674 0.024266 5.511811,
        0.200875 -0.004220 5.511811,
        0.196850 -0.034789 5.511811,
        0.196850 -0.507462 5.511811,
        1.172302 0.079296 5.511811,
        1.141732 0.083321 5.511811,
        0.314961 0.083321 5.511811,
        -0.212674 0.024266 5.511811,
        -0.231444 0.048727 5.511811,
        -0.177165 0.213200 5.511811,
        -0.255906 0.067497 5.511811,
        -0.284391 0.079296 5.511811,
        -0.356887 0.213200 5.511811,
        -0.177165 -0.507462 5.511811,
        -0.196850 -0.034789 5.511811,
        -0.200875 -0.004220 5.511811,
        -0.356887 -1.281850 5.511811,
        -0.356887 -1.097782 5.511811,
        -0.314961 -1.097782 5.511811,
        -0.284391 -1.093757 5.511811,
        -0.255906 -1.081958 5.511811,
        -0.177165 -1.281850 5.511811,
        -0.231444 -1.063188 5.511811,
        -0.212674 -1.038727 5.511811,
        -0.200875 -1.010241 5.511811,
        -0.196850 -0.979671 5.511811,
        -0.196850 -0.507462 5.511811,
        -0.590862 -1.097782 5.511811,
        -0.792034 -1.097782 5.511811,
        -0.792034 -1.281850 5.511811,
        -1.047784 -1.097782 5.511811,
        -1.244019 -1.038727 5.511811,
        -1.225249 -1.063188 5.511811,
        -1.338583 -1.281850 5.511811,
        -1.200787 -1.081958 5.511811,
        -1.172302 -1.093757 5.511811,
        -1.141732 -1.097782 5.511811,
        -1.338583 -0.507462 5.511811,
        -1.259843 -0.979671 5.511811,
        -1.255818 -1.010241 5.511811,
        -1.200787 0.067497 5.511811,
        -1.225249 0.048727 5.511811,
        -1.338583 0.213200 5.511811,
        -1.244019 0.024266 5.511811,
        -1.047784 0.213200 5.511811,
        -1.141732 0.083321 5.511811,
        -1.172302 0.079296 5.511811,
        -1.255818 -0.004220 5.511811,
        -1.259843 -0.034789 5.511811,
        -1.259843 -0.507462 5.511811,
        -0.314961 0.083321 5.511811,
        -0.356887 0.083321 5.511811,
        -0.590862 0.213200 5.511811,
        -0.590862 0.083321 5.511811,
        -0.722416 0.213200 5.511811,
        -0.722416 0.083321 5.511811,
        -0.792034 0.213200 5.511811,
        -0.792034 0.083321 5.511811,
        -1.047784 0.083321 5.511811,
        -1.047784 1.687177 5.511811,
        -1.047784 1.416031 5.511811,
        -1.338583 1.687177 5.511811,
        -1.075343 1.394884 5.511811,
        -1.175449 1.264423 5.511811,
        -1.255818 0.485822 5.511811,
        -1.244019 0.457336 5.511811,
        -1.338583 0.370680 5.511811,
        -1.225249 0.432875 5.511811,
        -1.200787 0.414105 5.511811,
        -1.238378 1.112498 5.511811,
        -1.259843 0.949462 5.511811,
        -1.259843 0.516392 5.511811,
        -0.722416 1.687177 5.511811,
        -0.792034 1.558041 5.511811,
        -0.792034 1.687177 5.511811,
        -0.792957 1.557920 5.511811,
        -0.944882 1.494990 5.511811,
        -0.590862 1.687177 5.511811,
        -0.629921 1.579383 5.511811,
        -0.722416 1.567207 5.511811,
        -0.356887 1.687177 5.511811,
        -0.356887 1.579383 5.511811,
        -0.590862 1.579383 5.511811,
        -0.212674 1.520328 5.511811,
        -0.231444 1.544790 5.511811,
        -0.177165 1.687177 5.511811,
        -0.255906 0.414105 5.511811,
        -0.231444 0.432875 5.511811,
        -0.177165 0.370680 5.511811,
        -0.212674 0.457336 5.511811,
        -0.200875 0.485822 5.511811,
        -0.356887 0.370680 5.511811,
        -0.314961 0.398281 5.511811,
        -0.284391 0.402306 5.511811,
        -0.196850 0.516392 5.511811,
        -0.196850 1.461274 5.511811,
        -0.200875 1.491843 5.511811,
        -0.255906 1.563560 5.511811,
        -0.284391 1.575359 5.511811,
        -0.314961 1.579383 5.511811,
        -1.172302 0.402306 5.511811,
        -1.141732 0.398281 5.511811,
        -1.047784 0.370680 5.511811,
        -1.047784 0.398281 5.511811,
        -0.792034 0.370680 5.511811,
        -0.792034 0.398281 5.511811,
        -0.722416 0.370680 5.511811,
        -0.722416 0.398281 5.511811,
        -0.590862 0.370680 5.511811,
        -0.590862 0.398281 5.511811,
        -0.356887 0.398281 5.511811,
        0.152114 1.911692 5.511811,
        0.177165 1.844657 5.511811,
        0.143796 2.013293 5.511811,
        0.143796 2.366785 5.511811,
        0.152114 1.993210 5.511811,
        0.177165 2.366785 5.511811,
        0.157480 1.952451 5.511811,
        -0.114089 1.844657 5.511811,
        -0.111356 1.841096 5.511811,
        -0.143796 1.687177 5.511811,
        -0.078740 1.816069 5.511811,
        -0.040759 1.800337 5.511811,
        0.000000 1.794971 5.511811,
        0.143796 1.687177 5.511811,
        0.040759 1.800337 5.511811,
        0.078740 1.816069 5.511811,
        0.111356 1.841096 5.511811,
        0.114089 1.844657 5.511811,
        -0.143796 1.844657 5.511811,
        -0.143796 1.891609 5.511811,
        -0.136382 1.873711 5.511811,
        -0.152114 1.911692 5.511811,
        -0.177165 1.844657 5.511811,
        -0.157480 1.952451 5.511811,
        -0.143796 2.366785 5.511811,
        -0.078740 2.088833 5.511811,
        -0.111356 2.063806 5.511811,
        0.136382 2.031191 5.511811,
        0.111356 2.063806 5.511811,
        0.078740 2.088833 5.511811,
        -0.152114 1.993210 5.511811,
        -0.177165 2.366785 5.511811,
        -0.143796 2.013293 5.511811,
        -0.136382 2.031191 5.511811,
        0.040759 2.104565 5.511811,
        0.000000 2.109931 5.511811,
        -0.040759 2.104565 5.511811,
        0.177165 -1.947818 5.511811,
        0.143796 -1.947818 5.511811,
        0.143796 -1.795705 5.511811,
        0.152114 -1.775621 5.511811,
        0.157480 -1.734862 5.511811,
        0.177165 -1.632857 5.511811,
        0.152114 -1.694104 5.511811,
        -0.136382 -1.813603 5.511811,
        -0.111356 -1.846218 5.511811,
        -0.143796 -1.947818 5.511811,
        -0.078740 -1.871244 5.511811,
        -0.040759 -1.886977 5.511811,
        -0.000000 -1.892343 5.511811,
        0.040759 -1.886977 5.511811,
        0.078740 -1.871244 5.511811,
        0.111356 -1.846218 5.511811,
        0.136382 -1.813603 5.511811,
        -0.152114 -1.694104 5.511811,
        -0.177165 -1.632857 5.511811,
        -0.157480 -1.734862 5.511811,
        -0.152114 -1.775621 5.511811,
        -0.143796 -1.795705 5.511811,
        0.078740 -1.598480 5.511811,
        0.040759 -1.582748 5.511811,
        0.143796 -1.546100 5.511811,
        -0.000000 -1.577382 5.511811,
        -0.040759 -1.582748 5.511811,
        -0.078740 -1.598480 5.511811,
        -0.143796 -1.546100 5.511811,
        -0.111356 -1.623507 5.511811,
        -0.118530 -1.632857 5.511811,
        0.143796 -1.674020 5.511811,
        0.136382 -1.656122 5.511811,
        0.143796 -1.632857 5.511811,
        0.118530 -1.632857 5.511811,
        0.111356 -1.623507 5.511811,
        -0.748538 -1.537937 5.511811,
        -0.756291 -1.537067 5.511811,
        -0.731509 -1.478821 5.511811,
        -0.722416 -1.546100 5.511811,
        -0.730098 -1.470960 5.511811,
        -0.730098 -1.479602 5.511811,
        -0.738967 -1.536694 5.511811,
        -0.730098 -1.532896 5.511811,
        -0.730098 -1.543459 5.511811,
        -0.761467 -1.466925 5.511811,
        -0.769099 -1.469552 5.511811,
        -0.775433 -1.473596 5.511811,
        -0.781347 -1.479823 5.511811,
        -0.785542 -1.487310 5.511811,
        -0.784517 -1.524880 5.511811,
        -0.779902 -1.532242 5.511811,
        -0.792034 -1.546100 5.511811,
        -0.772793 -1.539079 5.511811,
        -0.765314 -1.543384 5.511811,
        -0.762185 -1.534939 5.511811,
        -0.767635 -1.531294 5.511811,
        -0.772389 -1.526044 5.511811,
        -0.778110 -1.505409 5.511811,
        -0.777313 -1.496885 5.511811,
        -0.775174 -1.490112 5.511811,
        -0.757652 -1.475385 5.511811,
        -0.750308 -1.474561 5.511811,
        -0.763390 -1.477497 5.511811,
        -0.768222 -1.480754 5.511811,
        -0.771917 -1.484652 5.511811,
        -0.739856 -1.475721 5.511811,
        -0.775636 -1.519965 5.511811,
        -0.777735 -1.511535 5.511811,
        -0.738491 -1.467514 5.511811,
        -0.749610 -1.465956 5.511811,
        -0.751763 -1.465919 5.511811,
        -0.787911 -1.495645 5.511811,
        -0.788673 -1.504764 5.511811,
        -0.787540 -1.515958 5.511811,
        -0.756536 -1.545934 5.511811,
        -0.754509 -1.546100 5.511811,
        -0.792034 -1.632857 5.511811,
        -0.748628 -1.546580 5.511811,
        -0.722416 -1.632857 5.511811,
        -0.741670 -1.546100 5.511811,
        -0.739202 -1.545929 5.511811,
        -0.143796 0.213200 5.511811,
        -0.130111 0.212969 5.511811,
        -0.125677 0.179294 5.511811,
        0.130111 0.212969 5.511811,
        0.143796 0.213200 5.511811,
        0.125677 0.179294 5.511811,
        0.143796 -0.507462 5.511811,
        0.112679 0.147913 5.511811,
        0.092002 0.120967 5.511811,
        -0.143796 -0.507462 5.511811,
        -0.112679 0.147913 5.511811,
        -0.092002 0.120967 5.511811,
        -0.065056 0.100289 5.511811,
        -0.033675 0.087291 5.511811,
        -0.000000 0.082858 5.511811,
        0.033675 0.087291 5.511811,
        0.065056 0.100289 5.511811,
        -0.143796 0.370680 5.511811,
        -0.125677 0.246644 5.511811,
        -0.130080 0.213200 5.511811,
        0.130080 0.213200 5.511811,
        0.125677 0.246644 5.511811,
        0.143796 0.370680 5.511811,
        0.112679 0.278024 5.511811,
        0.092002 0.304971 5.511811,
        -0.033675 0.338646 5.511811,
        -0.065056 0.325648 5.511811,
        -0.092002 0.304971 5.511811,
        -0.112679 0.278024 5.511811,
        0.065056 0.325648 5.511811,
        0.033675 0.338646 5.511811,
        -0.000000 0.343080 5.511811,
        -0.356887 -2.160774 5.511811,
        -0.177165 -2.160774 5.511811,
        -0.143796 -2.160774 5.511811,
        0.143796 -2.160774 5.511811,
        0.177165 -2.160774 5.511811,
        -0.590862 -1.546100 5.511811,
        -0.590862 -1.632857 5.511811,
        -0.590862 -1.947818 5.511811,
        -0.590862 -2.160774 5.511811,
        -0.722416 -1.947818 5.511811,
        -0.792034 -1.947818 5.511811,
        -0.722416 -2.160774 5.511811,
        -1.047784 -1.632857 5.511811,
        -1.047784 -1.546100 5.511811,
        1.338583 -1.546100 5.511811,
        0.177165 -1.546100 5.511811,
        -0.356887 -1.546100 5.511811,
        -0.177165 -1.546100 5.511811,
        -0.558214 -1.545619 5.511811,
        -0.587981 -1.466879 5.511811,
        -0.576459 -1.466879 5.511811,
        -0.547651 -1.545619 5.511811,
        -0.516923 -1.466879 5.511811,
        -0.528446 -1.466879 5.511811,
        -0.536413 -1.488965 5.511811,
        -0.568942 -1.488965 5.511811,
        -0.714734 -1.545619 5.511811,
        -0.674404 -1.545619 5.511811,
        -0.674404 -1.536977 5.511811,
        -0.704171 -1.536977 5.511811,
        -0.704171 -1.511050 5.511811,
        -0.676324 -1.502408 5.511811,
        -0.704171 -1.502408 5.511811,
        -0.704171 -1.475521 5.511811,
        -0.672483 -1.475521 5.511811,
        -0.657119 -1.466879 5.511811,
        -0.676324 -1.511050 5.511811,
        -0.657119 -1.545619 5.511811,
        -0.634898 -1.545619 5.511811,
        -0.623523 -1.544403 5.511811,
        -0.614310 -1.541169 5.511811,
        -0.605740 -1.535425 5.511811,
        -0.597675 -1.488460 5.511811,
        -0.602190 -1.481417 5.511811,
        -0.608671 -1.475212 5.511811,
        -0.616893 -1.470434 5.511811,
        -0.605657 -1.535352 5.511811,
        -0.600089 -1.529178 5.511811,
        -0.596430 -1.522406 5.511811,
        -0.635709 -1.466879 5.511811,
        -0.625966 -1.467730 5.511811,
        -0.594315 -1.514648 5.511811,
        -0.593743 -1.507239 5.511811,
        -0.594848 -1.496702 5.511811,
        -0.835725 -1.545619 5.511811,
        -0.825162 -1.545619 5.511811,
        -0.825162 -1.475521 5.511811,
        -0.795394 -1.475521 5.511811,
        -1.338583 -1.546100 5.511811,
        1.889764 -0.507462 5.511811,
        1.889764 -1.281850 5.511811,
        1.889764 -1.546100 5.511811,
        0.143796 -1.281850 5.511811,
        -0.143796 -1.281850 5.511811,
        1.889764 0.213200 5.511811,
        1.338583 0.370680 5.511811,
        1.889764 0.370680 5.511811,
        1.338583 1.687177 5.511811,
        1.889764 1.687177 5.511811,
        0.196850 0.516392 5.511811,
        0.196850 1.461274 5.511811,
        0.177165 1.687177 5.511811,
        0.200875 1.491843 5.511811,
        0.200875 0.485822 5.511811,
        0.212674 0.457336 5.511811,
        0.231444 0.432875 5.511811,
        0.284391 1.575359 5.511811,
        0.255906 1.563560 5.511811,
        1.172302 0.402306 5.511811,
        1.200787 0.414105 5.511811,
        0.231444 1.544790 5.511811,
        0.212674 1.520328 5.511811,
        1.141732 0.398281 5.511811,
        1.225249 0.432875 5.511811,
        1.244019 0.457336 5.511811,
        1.255818 0.485822 5.511811,
        0.255906 0.414105 5.511811,
        0.284391 0.402306 5.511811,
        0.314961 0.398281 5.511811,
        0.944882 1.494990 5.511811,
        1.075343 1.394884 5.511811,
        1.175449 1.264423 5.511811,
        1.259843 0.516392 5.511811,
        1.259843 0.949462 5.511811,
        1.238378 1.112498 5.511811,
        0.792957 1.557920 5.511811,
        0.629921 1.579383 5.511811,
        0.314961 1.579383 5.511811,
        -1.338583 1.844657 5.511811,
        -1.047784 1.844657 5.511811,
        -0.792034 1.844657 5.511811,
        -0.722416 1.844657 5.511811,
        -0.590862 1.844657 5.511811,
        -0.356887 1.844657 5.511811,
        -1.417323 2.051825 5.511811,
        -1.422689 2.092583 5.511811,
        -1.338583 2.366785 5.511811,
        -1.732283 2.051825 5.511811,
        -1.726918 2.011066 5.511811,
        -1.811024 1.844657 5.511811,
        -1.711185 1.973084 5.511811,
        -1.686159 1.940469 5.511811,
        -1.534044 1.899710 5.511811,
        -1.496063 1.915443 5.511811,
        -1.438421 2.130565 5.511811,
        -1.463448 2.163180 5.511811,
        -1.496063 2.188206 5.511811,
        -1.534044 2.203939 5.511811,
        -1.574803 2.209305 5.511811,
        -1.615562 2.203939 5.511811,
        -1.653543 2.188206 5.511811,
        -1.686159 2.163180 5.511811,
        -1.711185 2.130565 5.511811,
        -1.726918 2.092583 5.511811,
        -1.889764 -1.947818 5.511811,
        -1.889764 -1.632857 5.511811,
        -1.889764 -1.546100 5.511811,
        -1.811024 -1.546100 5.511811,
        -1.889764 -1.281850 5.511811,
        -1.811024 -1.281850 5.511811,
        -1.889764 -0.507462 5.511811,
        -1.811024 -0.507462 5.511811,
        -1.889764 0.213200 5.511811,
        -1.811024 0.213200 5.511811,
        -1.889764 0.370680 5.511811,
        -1.811024 0.370680 5.511811,
        -1.889764 1.687177 5.511811,
        -1.811024 1.687177 5.511811,
        -1.653543 1.915443 5.511811,
        -1.615562 1.899710 5.511811,
        -1.574803 1.894344 5.511811,
        -1.463448 1.940469 5.511811,
        -1.438421 1.973084 5.511811,
        -1.422689 2.011066 5.511811,
        -1.047784 2.366785 5.511811,
        -0.792034 2.366785 5.511811,
        -0.722416 2.366785 5.511811,
        -0.590862 2.366785 5.511811,
        -0.356887 2.366785 5.511811,
        1.158408 -0.028991 8.385826,
        1.109873 -0.202530 8.385826,
        1.091196 -0.250557 7.480315,
        -0.451988 1.292627 7.480315,
        -0.230422 1.359839 8.385826,
        -0.230422 1.359839 7.480315,
        0.000000 1.382533 8.385826,
        0.000000 1.382533 7.480315,
        0.230422 1.359839 8.385826,
        0.230422 1.359839 7.480315,
        0.451988 1.292627 8.385826,
        0.451988 1.292627 7.480315,
        0.656185 1.183481 8.385826,
        0.656185 1.183481 7.480315,
        0.835165 1.036596 8.385826,
        0.835165 1.036596 7.480315,
        0.982051 0.857616 8.385826,
        0.982051 0.857616 7.480315,
        1.091196 0.653419 8.385826,
        1.091196 0.653419 7.480315,
        1.158408 0.431852 8.385826,
        1.158408 0.431852 7.480315,
        1.181102 0.201431 8.385826,
        1.181102 0.201431 7.480315,
        1.158408 -0.028991 7.480315,
        -0.656185 1.183481 7.480315,
        -0.590551 1.224296 8.385826,
        -0.451988 1.292627 8.385826,
        -1.152960 -0.027924 10.354330,
        -1.175622 0.087789 10.354330,
        -1.158408 -0.028991 7.480315,
        -1.181102 0.201431 7.480315,
        -1.131635 -0.136806 10.354330,
        -1.091196 -0.250557 7.480315,
        -1.086067 -0.248464 10.354330,
        -1.045159 -0.348702 10.354330,
        -0.982051 -0.454754 7.480315,
        -0.977435 -0.451720 10.354330,
        -0.919439 -0.539942 10.354330,
        -0.835165 -0.633735 7.480315,
        -0.831239 -0.629884 10.354330,
        -0.759198 -0.703346 10.354330,
        -0.656185 -0.780620 7.480315,
        -0.653091 -0.776108 10.354330,
        -0.570451 -0.832778 10.354330,
        -0.451988 -0.889765 7.480315,
        -0.449837 -0.884774 10.354330,
        -0.360285 -0.923379 10.354330,
        -0.230422 -0.956977 7.480315,
        -0.229282 -0.951705 10.354330,
        -0.136593 -0.971746 10.354330,
        -0.000000 -0.979671 7.480315,
        0.000101 -0.974326 10.354330,
        0.092230 -0.976065 10.354330,
        0.230422 -0.956977 7.480315,
        0.229499 -0.951766 10.354330,
        0.317588 -0.936172 10.354330,
        0.451988 -0.889765 7.480315,
        0.450100 -0.884885 10.354330,
        0.531022 -0.853566 10.354330,
        0.656185 -0.780620 7.480315,
        0.653426 -0.776252 10.354330,
        0.724519 -0.731347 10.354330,
        0.835165 -0.633735 7.480315,
        0.831665 -0.630033 10.354330,
        0.890811 -0.574106 10.354330,
        0.982051 -0.454754 7.480315,
        0.977966 -0.451843 10.354330,
        1.023657 -0.387746 10.354330,
        1.088172 -0.249150 10.354330,
        1.109873 -0.202530 10.354330,
        -0.590551 1.224296 10.354330,
        -0.653801 1.180071 10.354330,
        -0.757982 1.107227 10.354330,
        -0.835165 1.036596 7.480315,
        -0.982051 0.857616 7.480315,
        -0.918443 0.944038 10.354330,
        -0.831233 1.032730 10.354330,
        -1.091196 0.653419 7.480315,
        -1.044419 0.752967 10.354330,
        -0.977430 0.854570 10.354330,
        -1.158408 0.431852 7.480315,
        -1.131180 0.541188 10.354330,
        -1.086063 0.651316 10.354330,
        -1.175546 0.201427 10.354330,
        -1.175469 0.316652 10.354330,
        -1.152958 0.430778 10.354330,
        -0.783646 0.278244 10.748031,
        -0.783748 0.125670 10.748031,
        -0.091061 -0.580687 10.748031,
        0.354015 -0.501900 10.748031,
        0.483013 -0.420421 10.748031,
        -0.754120 0.427935 10.748031,
        0.777417 0.076434 10.748031,
        -0.258095 0.945331 10.748031,
        0.745378 -0.052366 10.748031,
        -0.379374 0.891414 10.748031,
        -0.505321 0.805295 10.748031,
        0.211726 -0.556971 10.748031,
        0.593874 -0.315594 10.748031,
        0.682438 -0.191354 10.748031,
        -0.612295 0.696502 10.748031,
        -0.696279 0.569122 10.748031,
        -0.754424 -0.024061 10.748031,
        -0.380301 -0.488042 10.748031,
        -0.240191 -0.548442 10.748031,
        -0.696772 -0.165324 10.748031,
        -0.612959 -0.292818 10.748031,
        -0.506132 -0.401754 10.748031,
        0.061486 -0.583567 10.748031,
        -1.889764 -1.028884 7.480315,
        -1.889764 2.288045 7.480315,
        -1.889764 -2.082033 7.480315,
        1.666521 -1.223998 7.480315,
        1.673228 -1.274947 7.480315,
        1.889764 -1.028884 7.480315,
        -1.574803 1.507331 7.480315,
        -1.615572 1.538615 7.480315,
        -1.646855 1.579383 7.480315,
        -1.279528 1.677809 7.480315,
        -1.286235 1.626860 7.480315,
        -1.337183 1.538615 7.480315,
        -1.377953 1.507331 7.480315,
        -1.811024 2.366785 7.480315,
        -1.425429 1.867952 7.480315,
        1.230315 2.366785 7.480315,
        -1.377953 1.848286 7.480315,
        -1.337183 1.817003 7.480315,
        -1.305900 1.776234 7.480315,
        -1.286235 1.728757 7.480315,
        -1.666521 1.626860 7.480315,
        -1.673228 1.677809 7.480315,
        -1.666521 1.728757 7.480315,
        -1.850394 2.356236 7.480315,
        -1.866701 2.343723 7.480315,
        -1.574803 1.848286 7.480315,
        -1.831403 2.364102 7.480315,
        -1.527327 1.867952 7.480315,
        -1.476378 1.874659 7.480315,
        -1.305900 1.579383 7.480315,
        -1.646855 1.776234 7.480315,
        -1.615572 1.817003 7.480315,
        -1.887081 2.308425 7.480315,
        -1.879215 2.327415 7.480315,
        1.230315 -1.028884 7.480315,
        -1.425429 1.487666 7.480315,
        -1.476378 1.480958 7.480315,
        -1.527327 1.487666 7.480315,
        1.889764 2.288045 7.480315,
        1.673228 1.677809 7.480315,
        1.425429 1.487666 7.480315,
        1.377953 1.507331 7.480315,
        1.337183 1.538615 7.480315,
        1.305900 1.579383 7.480315,
        1.879215 2.327415 7.480315,
        1.866701 2.343723 7.480315,
        1.574803 1.848286 7.480315,
        1.666521 1.626860 7.480315,
        1.646855 1.579383 7.480315,
        1.615572 1.538615 7.480315,
        1.574803 1.507331 7.480315,
        1.527327 1.487666 7.480315,
        1.476378 1.480958 7.480315,
        1.286235 1.626860 7.480315,
        1.279528 1.677809 7.480315,
        1.286235 1.728757 7.480315,
        1.305900 1.776234 7.480315,
        1.337183 1.817003 7.480315,
        1.377953 1.848286 7.480315,
        1.615572 1.817003 7.480315,
        1.646855 1.776234 7.480315,
        1.666521 1.728757 7.480315,
        1.425429 1.867952 7.480315,
        1.476378 1.874659 7.480315,
        1.811024 2.366785 7.480315,
        1.527327 1.867952 7.480315,
        1.831403 2.364102 7.480315,
        1.850394 2.356236 7.480315,
        1.887081 2.308425 7.480315,
        1.889764 -2.082033 7.480315,
        1.666521 -1.325896 7.480315,
        1.646855 -1.373372 7.480315,
        1.811024 -2.160774 7.480315,
        1.527327 -1.465090 7.480315,
        1.230315 -2.160774 7.480315,
        1.476378 -1.471798 7.480315,
        1.425429 -1.465090 7.480315,
        1.377953 -1.445424 7.480315,
        1.337183 -1.414141 7.480315,
        1.831403 -2.158091 7.480315,
        1.850394 -2.150225 7.480315,
        1.866701 -2.137711 7.480315,
        1.615572 -1.414141 7.480315,
        1.574803 -1.445424 7.480315,
        1.887081 -2.102413 7.480315,
        1.879215 -2.121404 7.480315,
        1.279528 -1.274947 7.480315,
        1.286235 -1.223998 7.480315,
        1.377953 -1.104470 7.480315,
        1.425429 -1.084804 7.480315,
        1.476378 -1.078096 7.480315,
        1.527327 -1.084804 7.480315,
        1.574803 -1.104470 7.480315,
        1.615572 -1.135753 7.480315,
        1.646855 -1.176522 7.480315,
        1.305900 -1.176522 7.480315,
        1.337183 -1.135753 7.480315,
        1.305900 -1.373372 7.480315,
        1.286235 -1.325896 7.480315,
        -0.787402 -1.767073 7.480315,
        0.787402 -1.767073 7.480315,
        0.787402 -2.160774 7.480315,
        -1.666521 -1.223998 7.480315,
        -1.646855 -1.176522 7.480315,
        -1.615572 -1.135753 7.480315,
        -1.574803 -1.104470 7.480315,
        -1.337183 -1.135753 7.480315,
        -1.305900 -1.176522 7.480315,
        -1.377953 -1.104470 7.480315,
        -1.286235 -1.223998 7.480315,
        -1.279528 -1.274947 7.480315,
        -1.377953 -1.445424 7.480315,
        -1.425429 -1.465090 7.480315,
        -0.787402 -2.160774 7.480315,
        -1.811024 -2.160774 7.480315,
        -1.527327 -1.084804 7.480315,
        -1.476378 -1.078096 7.480315,
        -1.425429 -1.084804 7.480315,
        -1.615572 -1.414141 7.480315,
        -1.646855 -1.373372 7.480315,
        -1.666521 -1.325896 7.480315,
        -1.673228 -1.274947 7.480315,
        -1.286235 -1.325896 7.480315,
        -1.305900 -1.373372 7.480315,
        -1.337183 -1.414141 7.480315,
        -1.476378 -1.471798 7.480315,
        -1.527327 -1.465090 7.480315,
        -1.831403 -2.158091 7.480315,
        -1.574803 -1.445424 7.480315,
        -1.879215 -2.121404 7.480315,
        -1.866701 -2.137711 7.480315,
        -1.850394 -2.150225 7.480315,
        -1.887081 -2.102413 7.480315,
        -1.299213 -2.160774 5.905512,
        -1.299213 -2.160774 5.984252,
        1.299213 -2.160774 5.984252,
        1.299213 -2.160774 5.905512,
        0.669291 -2.160774 5.905512,
        -0.669291 -2.160774 5.984252,
        -0.669291 -2.160774 5.905512,
        -0.314961 -2.160774 5.905512,
        0.787402 -2.160774 7.086614,
        -0.314961 -2.160774 5.984252,
        0.314961 -2.160774 5.984252,
        0.314961 -2.160774 5.905512,
        -0.787402 -2.160774 7.086614,
        0.669291 -2.160774 5.984252,
        1.065195 -0.165041 10.408239,
        -0.399448 1.063941 10.584916,
        0.918770 -0.042176 10.584916,
        -0.538294 1.180446 10.418190,
        -1.666521 1.728757 7.795275,
        -1.646855 1.776234 7.795275,
        -1.615572 1.817003 7.795275,
        -1.574803 1.848286 7.795275,
        -1.527327 1.867952 7.795275,
        -1.476378 1.874659 7.795275,
        -1.425429 1.867952 7.795275,
        -1.377953 1.848286 7.795275,
        -1.337183 1.817003 7.795275,
        -1.305900 1.776234 7.795275,
        -1.286235 1.728757 7.795275,
        -1.279528 1.677809 7.795275,
        -1.286235 1.626860 7.795275,
        -1.305900 1.579383 7.795275,
        -1.337183 1.538615 7.795275,
        -1.377953 1.507331 7.795275,
        -1.425429 1.487666 7.795275,
        -1.476378 1.480958 7.795275,
        -1.527327 1.487666 7.795275,
        -1.574803 1.507331 7.795275,
        -1.615572 1.538615 7.795275,
        -1.646855 1.579383 7.795275,
        -1.666521 1.626860 7.795275,
        -1.673228 1.677809 7.795275,
        -1.374091 1.618754 7.874016,
        -1.362292 1.647240 7.874016,
        -1.476378 1.677809 7.874016,
        -1.358268 1.677809 7.874016,
        -1.362292 1.708378 7.874016,
        -1.445809 1.563723 7.874016,
        -1.417323 1.575522 7.874016,
        -1.392861 1.594292 7.874016,
        -1.535433 1.575522 7.874016,
        -1.506947 1.563723 7.874016,
        -1.476378 1.559698 7.874016,
        -1.590464 1.647240 7.874016,
        -1.578665 1.618754 7.874016,
        -1.559894 1.594292 7.874016,
        -1.578665 1.736864 7.874016,
        -1.590464 1.708378 7.874016,
        -1.594488 1.677809 7.874016,
        -1.506947 1.791894 7.874016,
        -1.535433 1.780095 7.874016,
        -1.559894 1.761325 7.874016,
        -1.417323 1.780095 7.874016,
        -1.445809 1.791894 7.874016,
        -1.476378 1.795919 7.874016,
        -1.374091 1.736864 7.874016,
        -1.392861 1.761325 7.874016,
        -1.666521 -1.223998 7.795275,
        -1.646855 -1.176522 7.795275,
        -1.615572 -1.135753 7.795275,
        -1.574803 -1.104470 7.795275,
        -1.527327 -1.084804 7.795275,
        -1.476378 -1.078096 7.795275,
        -1.425429 -1.084804 7.795275,
        -1.377953 -1.104470 7.795275,
        -1.337183 -1.135753 7.795275,
        -1.305900 -1.176522 7.795275,
        -1.286235 -1.223998 7.795275,
        -1.279528 -1.274947 7.795275,
        -1.286235 -1.325896 7.795275,
        -1.305900 -1.373372 7.795275,
        -1.337183 -1.414141 7.795275,
        -1.377953 -1.445424 7.795275,
        -1.425429 -1.465090 7.795275,
        -1.476378 -1.471798 7.795275,
        -1.527327 -1.465090 7.795275,
        -1.574803 -1.445424 7.795275,
        -1.615572 -1.414141 7.795275,
        -1.646855 -1.373372 7.795275,
        -1.666521 -1.325896 7.795275,
        -1.673228 -1.274947 7.795275,
        -1.374091 -1.334002 7.874016,
        -1.362292 -1.305516 7.874016,
        -1.476378 -1.274947 7.874016,
        -1.358268 -1.274947 7.874016,
        -1.362292 -1.244378 7.874016,
        -1.445809 -1.389033 7.874016,
        -1.417323 -1.377233 7.874016,
        -1.392861 -1.358464 7.874016,
        -1.535433 -1.377233 7.874016,
        -1.506947 -1.389033 7.874016,
        -1.476378 -1.393057 7.874016,
        -1.590464 -1.305516 7.874016,
        -1.578665 -1.334002 7.874016,
        -1.559894 -1.358464 7.874016,
        -1.578665 -1.215892 7.874016,
        -1.590464 -1.244378 7.874016,
        -1.594488 -1.274947 7.874016,
        -1.506947 -1.160861 7.874016,
        -1.535433 -1.172661 7.874016,
        -1.559894 -1.191430 7.874016,
        -1.417323 -1.172661 7.874016,
        -1.445809 -1.160861 7.874016,
        -1.476378 -1.156837 7.874016,
        -1.374091 -1.215892 7.874016,
        -1.392861 -1.191430 7.874016,
        1.286235 -1.223998 7.795275,
        1.305900 -1.176522 7.795275,
        1.337183 -1.135753 7.795275,
        1.377953 -1.104470 7.795275,
        1.425429 -1.084804 7.795275,
        1.476378 -1.078096 7.795275,
        1.527327 -1.084804 7.795275,
        1.574803 -1.104470 7.795275,
        1.615572 -1.135753 7.795275,
        1.646855 -1.176522 7.795275,
        1.666521 -1.223998 7.795275,
        1.673228 -1.274947 7.795275,
        1.666521 -1.325896 7.795275,
        1.646855 -1.373372 7.795275,
        1.615572 -1.414141 7.795275,
        1.574803 -1.445424 7.795275,
        1.527327 -1.465090 7.795275,
        1.476378 -1.471798 7.795275,
        1.425429 -1.465090 7.795275,
        1.377953 -1.445424 7.795275,
        1.337183 -1.414141 7.795275,
        1.305900 -1.373372 7.795275,
        1.286235 -1.325896 7.795275,
        1.279528 -1.274947 7.795275,
        1.578665 -1.334002 7.874016,
        1.590464 -1.305516 7.874016,
        1.476378 -1.274947 7.874016,
        1.594488 -1.274947 7.874016,
        1.590464 -1.244378 7.874016,
        1.506947 -1.389033 7.874016,
        1.535433 -1.377233 7.874016,
        1.559894 -1.358464 7.874016,
        1.417323 -1.377233 7.874016,
        1.445809 -1.389033 7.874016,
        1.476378 -1.393057 7.874016,
        1.362292 -1.305516 7.874016,
        1.374091 -1.334002 7.874016,
        1.392861 -1.358464 7.874016,
        1.374091 -1.215892 7.874016,
        1.362292 -1.244378 7.874016,
        1.358268 -1.274947 7.874016,
        1.445809 -1.160861 7.874016,
        1.417323 -1.172661 7.874016,
        1.392861 -1.191430 7.874016,
        1.535433 -1.172661 7.874016,
        1.506947 -1.160861 7.874016,
        1.476378 -1.156837 7.874016,
        1.578665 -1.215892 7.874016,
        1.559894 -1.191430 7.874016,
        1.286235 1.728757 7.795275,
        1.305900 1.776234 7.795275,
        1.337183 1.817003 7.795275,
        1.377953 1.848286 7.795275,
        1.425429 1.867952 7.795275,
        1.476378 1.874659 7.795275,
        1.527327 1.867952 7.795275,
        1.574803 1.848286 7.795275,
        1.615572 1.817003 7.795275,
        1.646855 1.776234 7.795275,
        1.666521 1.728757 7.795275,
        1.673228 1.677809 7.795275,
        1.666521 1.626860 7.795275,
        1.646855 1.579383 7.795275,
        1.615572 1.538615 7.795275,
        1.574803 1.507331 7.795275,
        1.527327 1.487666 7.795275,
        1.476378 1.480958 7.795275,
        1.425429 1.487666 7.795275,
        1.377953 1.507331 7.795275,
        1.337183 1.538615 7.795275,
        1.305900 1.579383 7.795275,
        1.286235 1.626860 7.795275,
        1.279528 1.677809 7.795275,
        1.578665 1.618754 7.874016,
        1.590464 1.647240 7.874016,
        1.476378 1.677809 7.874016,
        1.594488 1.677809 7.874016,
        1.590464 1.708378 7.874016,
        1.506947 1.563723 7.874016,
        1.535433 1.575522 7.874016,
        1.559894 1.594292 7.874016,
        1.417323 1.575522 7.874016,
        1.445809 1.563723 7.874016,
        1.476378 1.559698 7.874016,
        1.362292 1.647240 7.874016,
        1.374091 1.618754 7.874016,
        1.392861 1.594292 7.874016,
        1.374091 1.736864 7.874016,
        1.362292 1.708378 7.874016,
        1.358268 1.677809 7.874016,
        1.445809 1.791894 7.874016,
        1.417323 1.780095 7.874016,
        1.392861 1.761325 7.874016,
        1.535433 1.780095 7.874016,
        1.506947 1.791894 7.874016,
        1.476378 1.795919 7.874016,
        1.578665 1.736864 7.874016,
        1.559894 1.761325 7.874016,
        1.607388 1.712913 7.872042,
        1.593838 1.745625 7.872042,
        1.572284 1.773715 7.872042,
        1.544194 1.795269 7.872042,
        1.511482 1.808819 7.872042,
        1.476378 1.813441 7.872042,
        1.441274 1.808819 7.872042,
        1.408562 1.795269 7.872042,
        1.380472 1.773715 7.872042,
        1.358918 1.745625 7.872042,
        1.345368 1.712913 7.872042,
        1.340746 1.677809 7.872042,
        1.345368 1.642705 7.872042,
        1.358918 1.609993 7.872042,
        1.380472 1.581903 7.872042,
        1.408562 1.560348 7.872042,
        1.441274 1.546799 7.872042,
        1.476378 1.542177 7.872042,
        1.511482 1.546799 7.872042,
        1.544194 1.560348 7.872042,
        1.572284 1.581903 7.872042,
        1.593838 1.609993 7.872042,
        1.607388 1.642705 7.872042,
        1.612009 1.677809 7.872042,
        1.623464 1.717220 7.866218,
        1.608252 1.753946 7.866218,
        1.584052 1.785483 7.866218,
        1.552515 1.809682 7.866218,
        1.515789 1.824894 7.866218,
        1.476378 1.830083 7.866218,
        1.436967 1.824894 7.866218,
        1.400241 1.809682 7.866218,
        1.368704 1.785483 7.866218,
        1.344505 1.753946 7.866218,
        1.329292 1.717220 7.866218,
        1.324104 1.677809 7.866218,
        1.329292 1.638397 7.866218,
        1.344505 1.601672 7.866218,
        1.368704 1.570135 7.866218,
        1.400241 1.545935 7.866218,
        1.436967 1.530723 7.866218,
        1.476378 1.525535 7.866218,
        1.515789 1.530723 7.866218,
        1.552515 1.545935 7.866218,
        1.584052 1.570135 7.866218,
        1.608252 1.601672 7.866218,
        1.623464 1.638397 7.866218,
        1.628652 1.677809 7.866218,
        1.637885 1.721084 7.856837,
        1.621181 1.761411 7.856837,
        1.594609 1.796040 7.856837,
        1.559980 1.822612 7.856837,
        1.519654 1.839316 7.856837,
        1.476378 1.845013 7.856837,
        1.433102 1.839316 7.856837,
        1.392776 1.822612 7.856837,
        1.358147 1.796040 7.856837,
        1.331575 1.761411 7.856837,
        1.314871 1.721084 7.856837,
        1.309174 1.677809 7.856837,
        1.314871 1.634533 7.856837,
        1.331575 1.594207 7.856837,
        1.358147 1.559578 7.856837,
        1.392776 1.533006 7.856837,
        1.433102 1.516302 7.856837,
        1.476378 1.510605 7.856837,
        1.519654 1.516302 7.856837,
        1.559980 1.533006 7.856837,
        1.594609 1.559578 7.856837,
        1.621181 1.594207 7.856837,
        1.637885 1.634533 7.856837,
        1.643582 1.677809 7.856837,
        1.649928 1.724311 7.844369,
        1.631978 1.767645 7.844369,
        1.603425 1.804856 7.844369,
        1.566214 1.833409 7.844369,
        1.522880 1.851359 7.844369,
        1.476378 1.857481 7.844369,
        1.429876 1.851359 7.844369,
        1.386542 1.833409 7.844369,
        1.349331 1.804856 7.844369,
        1.320778 1.767645 7.844369,
        1.302828 1.724311 7.844369,
        1.296706 1.677809 7.844369,
        1.302828 1.631306 7.844369,
        1.320778 1.587973 7.844369,
        1.349331 1.550762 7.844369,
        1.386542 1.522209 7.844369,
        1.429876 1.504259 7.844369,
        1.476378 1.498137 7.844369,
        1.522880 1.504259 7.844369,
        1.566214 1.522209 7.844369,
        1.603425 1.550762 7.844369,
        1.631978 1.587973 7.844369,
        1.649928 1.631306 7.844369,
        1.656050 1.677809 7.844369,
        1.658989 1.726739 7.829439,
        1.640102 1.772335 7.829439,
        1.610058 1.811489 7.829439,
        1.570904 1.841533 7.829439,
        1.525308 1.860420 7.829439,
        1.476378 1.866861 7.829439,
        1.427448 1.860420 7.829439,
        1.381852 1.841533 7.829439,
        1.342698 1.811489 7.829439,
        1.312654 1.772335 7.829439,
        1.293767 1.726739 7.829439,
        1.287325 1.677809 7.829439,
        1.293767 1.628878 7.829439,
        1.312654 1.583282 7.829439,
        1.342698 1.544128 7.829439,
        1.381852 1.514085 7.829439,
        1.427448 1.495198 7.829439,
        1.476378 1.488756 7.829439,
        1.525308 1.495198 7.829439,
        1.570904 1.514085 7.829439,
        1.610058 1.544128 7.829439,
        1.640102 1.583282 7.829439,
        1.658989 1.628878 7.829439,
        1.665431 1.677809 7.829439,
        1.664614 1.728246 7.812796,
        1.645146 1.775247 7.812796,
        1.614176 1.815607 7.812796,
        1.573816 1.846576 7.812796,
        1.526816 1.866045 7.812796,
        1.476378 1.872685 7.812796,
        1.425940 1.866045 7.812796,
        1.378940 1.846576 7.812796,
        1.338580 1.815607 7.812796,
        1.307610 1.775247 7.812796,
        1.288142 1.728246 7.812796,
        1.281502 1.677809 7.812796,
        1.288142 1.627371 7.812796,
        1.307610 1.580371 7.812796,
        1.338580 1.540011 7.812796,
        1.378940 1.509041 7.812796,
        1.425940 1.489573 7.812796,
        1.476378 1.482933 7.812796,
        1.526816 1.489573 7.812796,
        1.573816 1.509041 7.812796,
        1.614176 1.540011 7.812796,
        1.645146 1.580371 7.812796,
        1.664614 1.627371 7.812796,
        1.671254 1.677809 7.812796,
        -1.342607 1.713653 7.871333,
        -1.356443 1.747054 7.871333,
        -1.378451 1.775736 7.871333,
        -1.407133 1.797744 7.871333,
        -1.440534 1.811580 7.871333,
        -1.476378 1.816298 7.871333,
        -1.512222 1.811580 7.871333,
        -1.545623 1.797744 7.871333,
        -1.574305 1.775736 7.871333,
        -1.596313 1.747054 7.871333,
        -1.610149 1.713653 7.871333,
        -1.614868 1.677809 7.871333,
        -1.610149 1.641965 7.871333,
        -1.596313 1.608564 7.871333,
        -1.574305 1.579882 7.871333,
        -1.545623 1.557873 7.871333,
        -1.512222 1.544038 7.871333,
        -1.476378 1.539319 7.871333,
        -1.440534 1.544038 7.871333,
        -1.407133 1.557873 7.871333,
        -1.378451 1.579882 7.871333,
        -1.356443 1.608564 7.871333,
        -1.342607 1.641965 7.871333,
        -1.337888 1.677809 7.871333,
        -1.324264 1.718568 7.863467,
        -1.339996 1.756549 7.863467,
        -1.365022 1.789164 7.863467,
        -1.397638 1.814191 7.863467,
        -1.435619 1.829923 7.863467,
        -1.476378 1.835289 7.863467,
        -1.517137 1.829923 7.863467,
        -1.555118 1.814191 7.863467,
        -1.587733 1.789164 7.863467,
        -1.612760 1.756549 7.863467,
        -1.628493 1.718568 7.863467,
        -1.633858 1.677809 7.863467,
        -1.628493 1.637050 7.863467,
        -1.612760 1.599069 7.863467,
        -1.587733 1.566454 7.863467,
        -1.555118 1.541427 7.863467,
        -1.517137 1.525694 7.863467,
        -1.476378 1.520328 7.863467,
        -1.435619 1.525694 7.863467,
        -1.397638 1.541427 7.863467,
        -1.365022 1.566454 7.863467,
        -1.339996 1.599069 7.863467,
        -1.324264 1.637050 7.863467,
        -1.318898 1.677809 7.863467,
        -1.308512 1.722789 7.850954,
        -1.325873 1.764703 7.850954,
        -1.353491 1.800696 7.850954,
        -1.389484 1.828314 7.850954,
        -1.431398 1.845675 7.850954,
        -1.476378 1.851597 7.850954,
        -1.521357 1.845675 7.850954,
        -1.563272 1.828314 7.850954,
        -1.599265 1.800696 7.850954,
        -1.626883 1.764703 7.850954,
        -1.644244 1.722789 7.850954,
        -1.650166 1.677809 7.850954,
        -1.644244 1.632829 7.850954,
        -1.626883 1.590915 7.850954,
        -1.599265 1.554922 7.850954,
        -1.563272 1.527304 7.850954,
        -1.521357 1.509943 7.850954,
        -1.476378 1.504021 7.850954,
        -1.431398 1.509943 7.850954,
        -1.389484 1.527304 7.850954,
        -1.353491 1.554922 7.850954,
        -1.325873 1.590915 7.850954,
        -1.308512 1.632829 7.850954,
        -1.302590 1.677809 7.850954,
        -1.296425 1.726027 7.834646,
        -1.315036 1.770959 7.834646,
        -1.344643 1.809544 7.834646,
        -1.383227 1.839151 7.834646,
        -1.428159 1.857762 7.834646,
        -1.476378 1.864110 7.834646,
        -1.524596 1.857762 7.834646,
        -1.569529 1.839151 7.834646,
        -1.608113 1.809544 7.834646,
        -1.637720 1.770959 7.834646,
        -1.656331 1.726027 7.834646,
        -1.662679 1.677809 7.834646,
        -1.656331 1.629591 7.834646,
        -1.637720 1.584658 7.834646,
        -1.608113 1.546074 7.834646,
        -1.569529 1.516467 7.834646,
        -1.524596 1.497856 7.834646,
        -1.476378 1.491507 7.834646,
        -1.428159 1.497856 7.834646,
        -1.383227 1.516467 7.834646,
        -1.344643 1.546074 7.834646,
        -1.315036 1.584658 7.834646,
        -1.296425 1.629591 7.834646,
        -1.290077 1.677809 7.834646,
        -1.288827 1.728063 7.815656,
        -1.308224 1.774893 7.815656,
        -1.339081 1.815106 7.815656,
        -1.379294 1.845963 7.815656,
        -1.426124 1.865360 7.815656,
        -1.476378 1.871976 7.815656,
        -1.526632 1.865360 7.815656,
        -1.573462 1.845963 7.815656,
        -1.613675 1.815106 7.815656,
        -1.644532 1.774893 7.815656,
        -1.663929 1.728063 7.815656,
        -1.670545 1.677809 7.815656,
        -1.663929 1.627555 7.815656,
        -1.644532 1.580725 7.815656,
        -1.613675 1.540512 7.815656,
        -1.573462 1.509655 7.815656,
        -1.526632 1.490257 7.815656,
        -1.476378 1.483641 7.815656,
        -1.426124 1.490257 7.815656,
        -1.379294 1.509655 7.815656,
        -1.339081 1.540512 7.815656,
        -1.308224 1.580725 7.815656,
        -1.288827 1.627555 7.815656,
        -1.282211 1.677809 7.815656,
        1.607388 -1.239843 7.872042,
        1.593838 -1.207131 7.872042,
        1.572284 -1.179041 7.872042,
        1.544194 -1.157487 7.872042,
        1.511482 -1.143937 7.872042,
        1.476378 -1.139315 7.872042,
        1.441274 -1.143937 7.872042,
        1.408562 -1.157487 7.872042,
        1.380472 -1.179041 7.872042,
        1.358918 -1.207131 7.872042,
        1.345368 -1.239843 7.872042,
        1.340746 -1.274947 7.872042,
        1.345368 -1.310051 7.872042,
        1.358918 -1.342763 7.872042,
        1.380472 -1.370853 7.872042,
        1.408562 -1.392407 7.872042,
        1.441274 -1.405957 7.872042,
        1.476378 -1.410579 7.872042,
        1.511482 -1.405957 7.872042,
        1.544194 -1.392407 7.872042,
        1.572284 -1.370853 7.872042,
        1.593838 -1.342763 7.872042,
        1.607388 -1.310051 7.872042,
        1.612009 -1.274947 7.872042,
        1.623464 -1.235535 7.866218,
        1.608252 -1.198810 7.866218,
        1.584052 -1.167273 7.866218,
        1.552515 -1.143074 7.866218,
        1.515789 -1.127861 7.866218,
        1.476378 -1.122673 7.866218,
        1.436967 -1.127861 7.866218,
        1.400241 -1.143074 7.866218,
        1.368704 -1.167273 7.866218,
        1.344505 -1.198810 7.866218,
        1.329292 -1.235535 7.866218,
        1.324104 -1.274947 7.866218,
        1.329292 -1.314359 7.866218,
        1.344505 -1.351084 7.866218,
        1.368704 -1.382621 7.866218,
        1.400241 -1.406820 7.866218,
        1.436967 -1.422033 7.866218,
        1.476378 -1.427221 7.866218,
        1.515789 -1.422033 7.866218,
        1.552515 -1.406820 7.866218,
        1.584052 -1.382621 7.866218,
        1.608252 -1.351084 7.866218,
        1.623464 -1.314359 7.866218,
        1.628652 -1.274947 7.866218,
        1.637885 -1.231671 7.856837,
        1.621181 -1.191345 7.856837,
        1.594609 -1.156716 7.856837,
        1.559980 -1.130144 7.856837,
        1.519654 -1.113441 7.856837,
        1.476378 -1.107743 7.856837,
        1.433102 -1.113441 7.856837,
        1.392776 -1.130144 7.856837,
        1.358147 -1.156716 7.856837,
        1.331575 -1.191345 7.856837,
        1.314871 -1.231671 7.856837,
        1.309174 -1.274947 7.856837,
        1.314871 -1.318222 7.856837,
        1.331575 -1.358549 7.856837,
        1.358147 -1.393178 7.856837,
        1.392776 -1.419750 7.856837,
        1.433102 -1.436454 7.856837,
        1.476378 -1.442151 7.856837,
        1.519654 -1.436454 7.856837,
        1.559980 -1.419750 7.856837,
        1.594609 -1.393178 7.856837,
        1.621181 -1.358549 7.856837,
        1.637885 -1.318222 7.856837,
        1.643582 -1.274947 7.856837,
        1.649928 -1.228444 7.844369,
        1.631978 -1.185111 7.844369,
        1.603425 -1.147900 7.844369,
        1.566214 -1.119347 7.844369,
        1.522880 -1.101397 7.844369,
        1.476378 -1.095275 7.844369,
        1.429876 -1.101397 7.844369,
        1.386542 -1.119347 7.844369,
        1.349331 -1.147900 7.844369,
        1.320778 -1.185111 7.844369,
        1.302828 -1.228444 7.844369,
        1.296706 -1.274947 7.844369,
        1.302828 -1.321450 7.844369,
        1.320778 -1.364783 7.844369,
        1.349331 -1.401994 7.844369,
        1.386542 -1.430547 7.844369,
        1.429876 -1.448496 7.844369,
        1.476378 -1.454619 7.844369,
        1.522880 -1.448496 7.844369,
        1.566214 -1.430547 7.844369,
        1.603425 -1.401994 7.844369,
        1.631978 -1.364783 7.844369,
        1.649928 -1.321450 7.844369,
        1.656050 -1.274947 7.844369,
        1.658989 -1.226017 7.829439,
        1.640102 -1.180421 7.829439,
        1.610058 -1.141267 7.829439,
        1.570904 -1.111222 7.829439,
        1.525308 -1.092336 7.829439,
        1.476378 -1.085894 7.829439,
        1.427448 -1.092336 7.829439,
        1.381852 -1.111222 7.829439,
        1.342698 -1.141267 7.829439,
        1.312654 -1.180421 7.829439,
        1.293767 -1.226017 7.829439,
        1.287325 -1.274947 7.829439,
        1.293767 -1.323878 7.829439,
        1.312654 -1.369473 7.829439,
        1.342698 -1.408628 7.829439,
        1.381852 -1.438672 7.829439,
        1.427448 -1.457558 7.829439,
        1.476378 -1.464000 7.829439,
        1.525308 -1.457558 7.829439,
        1.570904 -1.438672 7.829439,
        1.610058 -1.408628 7.829439,
        1.640102 -1.369473 7.829439,
        1.658989 -1.323878 7.829439,
        1.665431 -1.274947 7.829439,
        1.664614 -1.224509 7.812796,
        1.645146 -1.177509 7.812796,
        1.614176 -1.137149 7.812796,
        1.573816 -1.106179 7.812796,
        1.526816 -1.086711 7.812796,
        1.476378 -1.080071 7.812796,
        1.425940 -1.086711 7.812796,
        1.378940 -1.106179 7.812796,
        1.338580 -1.137149 7.812796,
        1.307610 -1.177509 7.812796,
        1.288142 -1.224509 7.812796,
        1.281502 -1.274947 7.812796,
        1.288142 -1.325385 7.812796,
        1.307610 -1.372385 7.812796,
        1.338580 -1.412745 7.812796,
        1.378940 -1.443715 7.812796,
        1.425940 -1.463183 7.812796,
        1.476378 -1.469823 7.812796,
        1.526816 -1.463183 7.812796,
        1.573816 -1.443715 7.812796,
        1.614176 -1.412745 7.812796,
        1.645146 -1.372385 7.812796,
        1.664614 -1.325385 7.812796,
        1.671254 -1.274947 7.812796,
        -1.342607 -1.239103 7.871333,
        -1.356443 -1.205702 7.871333,
        -1.378451 -1.177020 7.871333,
        -1.407133 -1.155011 7.871333,
        -1.440534 -1.141176 7.871333,
        -1.476378 -1.136457 7.871333,
        -1.512222 -1.141176 7.871333,
        -1.545623 -1.155011 7.871333,
        -1.574305 -1.177020 7.871333,
        -1.596313 -1.205702 7.871333,
        -1.610149 -1.239103 7.871333,
        -1.614868 -1.274947 7.871333,
        -1.610149 -1.310791 7.871333,
        -1.596313 -1.344192 7.871333,
        -1.574305 -1.372874 7.871333,
        -1.545623 -1.394883 7.871333,
        -1.512222 -1.408718 7.871333,
        -1.476378 -1.413437 7.871333,
        -1.440534 -1.408718 7.871333,
        -1.407133 -1.394883 7.871333,
        -1.378451 -1.372874 7.871333,
        -1.356443 -1.344192 7.871333,
        -1.342607 -1.310791 7.871333,
        -1.337888 -1.274947 7.871333,
        -1.324264 -1.234188 7.863467,
        -1.339996 -1.196207 7.863467,
        -1.365022 -1.163592 7.863467,
        -1.397638 -1.138565 7.863467,
        -1.435619 -1.122833 7.863467,
        -1.476378 -1.117467 7.863467,
        -1.517137 -1.122833 7.863467,
        -1.555118 -1.138565 7.863467,
        -1.587733 -1.163592 7.863467,
        -1.612760 -1.196207 7.863467,
        -1.628493 -1.234188 7.863467,
        -1.633858 -1.274947 7.863467,
        -1.628493 -1.315706 7.863467,
        -1.612760 -1.353687 7.863467,
        -1.587733 -1.386302 7.863467,
        -1.555118 -1.411329 7.863467,
        -1.517137 -1.427061 7.863467,
        -1.476378 -1.432428 7.863467,
        -1.435619 -1.427061 7.863467,
        -1.397638 -1.411329 7.863467,
        -1.365022 -1.386302 7.863467,
        -1.339996 -1.353687 7.863467,
        -1.324264 -1.315706 7.863467,
        -1.318898 -1.274947 7.863467,
        -1.308512 -1.229967 7.850954,
        -1.325873 -1.188053 7.850954,
        -1.353491 -1.152061 7.850954,
        -1.389484 -1.124442 7.850954,
        -1.431398 -1.107081 7.850954,
        -1.476378 -1.101159 7.850954,
        -1.521357 -1.107081 7.850954,
        -1.563272 -1.124442 7.850954,
        -1.599265 -1.152061 7.850954,
        -1.626883 -1.188053 7.850954,
        -1.644244 -1.229967 7.850954,
        -1.650166 -1.274947 7.850954,
        -1.644244 -1.319927 7.850954,
        -1.626883 -1.361841 7.850954,
        -1.599265 -1.397834 7.850954,
        -1.563272 -1.425452 7.850954,
        -1.521357 -1.442813 7.850954,
        -1.476378 -1.448735 7.850954,
        -1.431398 -1.442813 7.850954,
        -1.389484 -1.425452 7.850954,
        -1.353491 -1.397834 7.850954,
        -1.325873 -1.361841 7.850954,
        -1.308512 -1.319927 7.850954,
        -1.302590 -1.274947 7.850954,
        -1.296425 -1.226729 7.834646,
        -1.315036 -1.181796 7.834646,
        -1.344643 -1.143212 7.834646,
        -1.383227 -1.113606 7.834646,
        -1.428159 -1.094994 7.834646,
        -1.476378 -1.088646 7.834646,
        -1.524596 -1.094994 7.834646,
        -1.569529 -1.113606 7.834646,
        -1.608113 -1.143212 7.834646,
        -1.637720 -1.181796 7.834646,
        -1.656331 -1.226729 7.834646,
        -1.662679 -1.274947 7.834646,
        -1.656331 -1.323165 7.834646,
        -1.637720 -1.368098 7.834646,
        -1.608113 -1.406682 7.834646,
        -1.569529 -1.436289 7.834646,
        -1.524596 -1.454900 7.834646,
        -1.476378 -1.461248 7.834646,
        -1.428159 -1.454900 7.834646,
        -1.383227 -1.436289 7.834646,
        -1.344643 -1.406682 7.834646,
        -1.315036 -1.368098 7.834646,
        -1.296425 -1.323165 7.834646,
        -1.290077 -1.274947 7.834646,
        -1.288827 -1.224693 7.815656,
        -1.308224 -1.177863 7.815656,
        -1.339081 -1.137650 7.815656,
        -1.379294 -1.106793 7.815656,
        -1.426124 -1.087396 7.815656,
        -1.476378 -1.080780 7.815656,
        -1.526632 -1.087396 7.815656,
        -1.573462 -1.106793 7.815656,
        -1.613675 -1.137650 7.815656,
        -1.644532 -1.177863 7.815656,
        -1.663929 -1.224693 7.815656,
        -1.670545 -1.274947 7.815656,
        -1.663929 -1.325201 7.815656,
        -1.644532 -1.372031 7.815656,
        -1.613675 -1.412244 7.815656,
        -1.573462 -1.443101 7.815656,
        -1.526632 -1.462498 7.815656,
        -1.476378 -1.469115 7.815656,
        -1.426124 -1.462498 7.815656,
        -1.379294 -1.443101 7.815656,
        -1.339081 -1.412244 7.815656,
        -1.308224 -1.372031 7.815656,
        -1.288827 -1.325201 7.815656,
        -1.282211 -1.274947 7.815656,
        -0.787402 -1.767073 7.086614,
        0.787402 -1.767073 7.086614,
        1.542055 2.174044 4.921260,
        1.511538 2.161404 4.921260,
        1.485332 2.141295 4.921260,
        1.465224 2.115090 4.921260,
        1.452584 2.084573 4.921260,
        1.448272 2.051825 4.921260,
        1.452584 2.019076 4.921260,
        1.465224 1.988559 4.921260,
        1.485332 1.962354 4.921260,
        1.511538 1.942246 4.921260,
        1.542055 1.929605 4.921260,
        1.574803 1.925294 4.921260,
        1.607552 1.929605 4.921260,
        1.638069 1.942246 4.921260,
        1.664274 1.962354 4.921260,
        1.684382 1.988559 4.921260,
        1.697023 2.019076 4.921260,
        1.701334 2.051825 4.921260,
        1.697023 2.084573 4.921260,
        1.684382 2.115090 4.921260,
        1.664274 2.141295 4.921260,
        1.638069 2.161404 4.921260,
        1.607552 2.174044 4.921260,
        1.574803 2.178356 4.921260,
        1.574803 2.130565 4.921260,
        1.595183 2.127882 4.921260,
        1.614173 2.120016 4.921260,
        1.630481 2.107502 4.921260,
        1.642994 2.091195 4.921260,
        1.650860 2.072204 4.921260,
        1.653543 2.051825 4.921260,
        1.650860 2.031445 4.921260,
        1.642994 2.012455 4.921260,
        1.630481 1.996147 4.921260,
        1.614173 1.983634 4.921260,
        1.595183 1.975767 4.921260,
        1.574803 1.973084 4.921260,
        1.554424 1.975767 4.921260,
        1.535433 1.983634 4.921260,
        1.519126 1.996147 4.921260,
        1.506612 2.012455 4.921260,
        1.498746 2.031445 4.921260,
        1.496063 2.051825 4.921260,
        1.498746 2.072204 4.921260,
        1.506612 2.091195 4.921260,
        1.519126 2.107502 4.921260,
        1.535433 2.120016 4.921260,
        1.554424 2.127882 4.921260,
        -1.607552 2.174044 4.921260,
        -1.638069 2.161404 4.921260,
        -1.664274 2.141295 4.921260,
        -1.684382 2.115090 4.921260,
        -1.697023 2.084573 4.921260,
        -1.701334 2.051825 4.921260,
        -1.697023 2.019076 4.921260,
        -1.684382 1.988559 4.921260,
        -1.664274 1.962354 4.921260,
        -1.638069 1.942246 4.921260,
        -1.607552 1.929605 4.921260,
        -1.574803 1.925294 4.921260,
        -1.542055 1.929605 4.921260,
        -1.511538 1.942246 4.921260,
        -1.485332 1.962354 4.921260,
        -1.465224 1.988559 4.921260,
        -1.452584 2.019076 4.921260,
        -1.448272 2.051825 4.921260,
        -1.452584 2.084573 4.921260,
        -1.465224 2.115090 4.921260,
        -1.485332 2.141295 4.921260,
        -1.511538 2.161404 4.921260,
        -1.542055 2.174044 4.921260,
        -1.574803 2.178356 4.921260,
        -1.642994 2.091195 4.921260,
        -1.630481 2.107502 4.921260,
        -1.614173 2.120016 4.921260,
        -1.595183 2.127882 4.921260,
        -1.574803 2.130565 4.921260,
        -1.554424 2.127882 4.921260,
        -1.535433 2.120016 4.921260,
        -1.519126 2.107502 4.921260,
        -1.506612 2.091195 4.921260,
        -1.498746 2.072204 4.921260,
        -1.496063 2.051825 4.921260,
        -1.498746 2.031445 4.921260,
        -1.506612 2.012455 4.921260,
        -1.519126 1.996147 4.921260,
        -1.535433 1.983634 4.921260,
        -1.554424 1.975767 4.921260,
        -1.574803 1.973084 4.921260,
        -1.595183 1.975767 4.921260,
        -1.614173 1.983634 4.921260,
        -1.630481 1.996147 4.921260,
        -1.642994 2.012455 4.921260,
        -1.650860 2.031445 4.921260,
        -1.653543 2.051825 4.921260,
        -1.650860 2.072204 4.921260,
        1.664274 -1.935284 4.921260,
        1.638069 -1.955392 4.921260,
        1.607552 -1.968033 4.921260,
        1.574803 -1.972344 4.921260,
        1.542055 -1.968033 4.921260,
        1.511538 -1.955392 4.921260,
        1.485332 -1.935284 4.921260,
        1.465224 -1.909079 4.921260,
        1.452584 -1.878562 4.921260,
        1.448272 -1.845813 4.921260,
        1.452584 -1.813065 4.921260,
        1.465224 -1.782548 4.921260,
        1.485332 -1.756343 4.921260,
        1.511538 -1.736234 4.921260,
        1.542055 -1.723594 4.921260,
        1.574803 -1.719282 4.921260,
        1.607552 -1.723594 4.921260,
        1.638069 -1.736234 4.921260,
        1.664274 -1.756343 4.921260,
        1.684382 -1.782548 4.921260,
        1.697023 -1.813065 4.921260,
        1.701334 -1.845813 4.921260,
        1.697023 -1.878562 4.921260,
        1.684382 -1.909079 4.921260,
        1.574803 -1.767073 4.921260,
        1.595183 -1.769756 4.921260,
        1.614173 -1.777622 4.921260,
        1.630481 -1.790135 4.921260,
        1.642994 -1.806443 4.921260,
        1.650860 -1.825433 4.921260,
        1.653543 -1.845813 4.921260,
        1.650860 -1.866193 4.921260,
        1.642994 -1.885183 4.921260,
        1.630481 -1.901491 4.921260,
        1.614173 -1.914004 4.921260,
        1.595183 -1.921870 4.921260,
        1.574803 -1.924554 4.921260,
        1.554424 -1.921870 4.921260,
        1.535433 -1.914004 4.921260,
        1.519126 -1.901491 4.921260,
        1.506612 -1.885183 4.921260,
        1.498746 -1.866193 4.921260,
        1.496063 -1.845813 4.921260,
        1.498746 -1.825433 4.921260,
        1.506612 -1.806443 4.921260,
        1.519126 -1.790135 4.921260,
        1.535433 -1.777622 4.921260,
        1.554424 -1.769756 4.921260,
        -1.485332 -1.935284 4.921260,
        -1.511538 -1.955392 4.921260,
        -1.542055 -1.968033 4.921260,
        -1.574803 -1.972344 4.921260,
        -1.607552 -1.968033 4.921260,
        -1.638069 -1.955392 4.921260,
        -1.664274 -1.935284 4.921260,
        -1.684382 -1.909079 4.921260,
        -1.697023 -1.878562 4.921260,
        -1.701334 -1.845813 4.921260,
        -1.697023 -1.813065 4.921260,
        -1.684382 -1.782548 4.921260,
        -1.664274 -1.756343 4.921260,
        -1.638069 -1.736234 4.921260,
        -1.607552 -1.723594 4.921260,
        -1.574803 -1.719282 4.921260,
        -1.542055 -1.723594 4.921260,
        -1.511538 -1.736234 4.921260,
        -1.485332 -1.756343 4.921260,
        -1.465224 -1.782548 4.921260,
        -1.452584 -1.813065 4.921260,
        -1.448272 -1.845813 4.921260,
        -1.452584 -1.878562 4.921260,
        -1.465224 -1.909079 4.921260,
        -1.614173 -1.777622 4.921260,
        -1.595183 -1.769756 4.921260,
        -1.574803 -1.767073 4.921260,
        -1.554424 -1.769756 4.921260,
        -1.535433 -1.777622 4.921260,
        -1.519126 -1.790135 4.921260,
        -1.506612 -1.806443 4.921260,
        -1.498746 -1.825433 4.921260,
        -1.496063 -1.845813 4.921260,
        -1.498746 -1.866193 4.921260,
        -1.506612 -1.885183 4.921260,
        -1.519126 -1.901491 4.921260,
        -1.535433 -1.914004 4.921260,
        -1.554424 -1.921870 4.921260,
        -1.574803 -1.924554 4.921260,
        -1.595183 -1.921870 4.921260,
        -1.614173 -1.914004 4.921260,
        -1.630481 -1.901491 4.921260,
        -1.642994 -1.885183 4.921260,
        -1.650860 -1.866193 4.921260,
        -1.653543 -1.845813 4.921260,
        -1.650860 -1.825433 4.921260,
        -1.642994 -1.806443 4.921260,
        -1.630481 -1.790135 4.921260,
        -1.561841 -1.797439 5.000000,
        -1.549763 -1.802442 5.000000,
        -1.539391 -1.810400 5.000000,
        -1.531431 -1.820773 5.000000,
        -1.526428 -1.832851 5.000000,
        -1.524722 -1.845813 5.000000,
        -1.526428 -1.858775 5.000000,
        -1.531431 -1.870854 5.000000,
        -1.539391 -1.881226 5.000000,
        -1.549763 -1.889185 5.000000,
        -1.561841 -1.894188 5.000000,
        -1.574803 -1.895894 5.000000,
        -1.587765 -1.894188 5.000000,
        -1.599844 -1.889185 5.000000,
        -1.610216 -1.881226 5.000000,
        -1.618175 -1.870854 5.000000,
        -1.623178 -1.858775 5.000000,
        -1.624884 -1.845813 5.000000,
        -1.623178 -1.832851 5.000000,
        -1.618175 -1.820773 5.000000,
        -1.610216 -1.810400 5.000000,
        -1.599844 -1.802442 5.000000,
        -1.587765 -1.797439 5.000000,
        -1.574803 -1.795732 5.000000,
        -1.574803 -1.845813 5.000000,
        1.587765 -1.797439 5.000000,
        1.599844 -1.802442 5.000000,
        1.610216 -1.810400 5.000000,
        1.618175 -1.820773 5.000000,
        1.623178 -1.832851 5.000000,
        1.624884 -1.845813 5.000000,
        1.623178 -1.858775 5.000000,
        1.618175 -1.870854 5.000000,
        1.610216 -1.881226 5.000000,
        1.599844 -1.889185 5.000000,
        1.587765 -1.894188 5.000000,
        1.574803 -1.895894 5.000000,
        1.561841 -1.894188 5.000000,
        1.549763 -1.889185 5.000000,
        1.539391 -1.881226 5.000000,
        1.531431 -1.870854 5.000000,
        1.526428 -1.858775 5.000000,
        1.524722 -1.845813 5.000000,
        1.526428 -1.832851 5.000000,
        1.531431 -1.820773 5.000000,
        1.539391 -1.810400 5.000000,
        1.549763 -1.802442 5.000000,
        1.561841 -1.797439 5.000000,
        1.574803 -1.795732 5.000000,
        1.574803 -1.845813 5.000000,
        -1.561841 2.100199 5.000000,
        -1.549763 2.095196 5.000000,
        -1.539391 2.087237 5.000000,
        -1.531431 2.076865 5.000000,
        -1.526428 2.064787 5.000000,
        -1.524722 2.051825 5.000000,
        -1.526428 2.038863 5.000000,
        -1.531431 2.026784 5.000000,
        -1.539391 2.016412 5.000000,
        -1.549763 2.008453 5.000000,
        -1.561841 2.003450 5.000000,
        -1.574803 2.001743 5.000000,
        -1.587765 2.003450 5.000000,
        -1.599844 2.008453 5.000000,
        -1.610216 2.016412 5.000000,
        -1.618175 2.026784 5.000000,
        -1.623178 2.038863 5.000000,
        -1.624884 2.051825 5.000000,
        -1.623178 2.064787 5.000000,
        -1.618175 2.076865 5.000000,
        -1.610216 2.087237 5.000000,
        -1.599844 2.095196 5.000000,
        -1.587765 2.100199 5.000000,
        -1.574803 2.101906 5.000000,
        -1.574803 2.051825 5.000000,
        1.587765 2.100199 5.000000,
        1.599844 2.095196 5.000000,
        1.610216 2.087237 5.000000,
        1.618175 2.076865 5.000000,
        1.623178 2.064787 5.000000,
        1.624884 2.051825 5.000000,
        1.623178 2.038863 5.000000,
        1.618175 2.026784 5.000000,
        1.610216 2.016412 5.000000,
        1.599844 2.008453 5.000000,
        1.587765 2.003450 5.000000,
        1.574803 2.001743 5.000000,
        1.561841 2.003450 5.000000,
        1.549763 2.008453 5.000000,
        1.539391 2.016412 5.000000,
        1.531431 2.026784 5.000000,
        1.526428 2.038863 5.000000,
        1.524722 2.051825 5.000000,
        1.526428 2.064787 5.000000,
        1.531431 2.076865 5.000000,
        1.539391 2.087237 5.000000,
        1.549763 2.095196 5.000000,
        1.561841 2.100199 5.000000,
        1.574803 2.101906 5.000000,
        1.574803 2.051825 5.000000,
        1.141732 0.083321 5.629921,
        1.172302 0.079296 5.629921,
        1.200787 0.067497 5.629921,
        1.225249 0.048727 5.629921,
        1.244019 0.024266 5.629921,
        1.255818 -0.004220 5.629921,
        1.259843 -0.034789 5.629921,
        0.314961 0.083321 5.629921,
        0.196850 -0.034789 5.629921,
        0.200875 -0.004220 5.629921,
        0.212674 0.024266 5.629921,
        0.231444 0.048727 5.629921,
        0.255906 0.067497 5.629921,
        0.284391 0.079296 5.629921,
        0.196850 -0.979671 5.629921,
        0.314961 -1.097782 5.629921,
        0.284391 -1.093757 5.629921,
        0.255906 -1.081958 5.629921,
        0.231444 -1.063188 5.629921,
        0.212674 -1.038727 5.629921,
        0.200875 -1.010241 5.629921,
        1.141732 -1.097782 5.629921,
        1.259843 -0.979671 5.629921,
        1.255818 -1.010241 5.629921,
        1.244019 -1.038727 5.629921,
        1.225249 -1.063188 5.629921,
        1.200787 -1.081958 5.629921,
        1.172302 -1.093757 5.629921,
      ]
    }
    coordIndex [
      0, 1, 2, -1,
      3, 4, 5, -1,
      6, 7, 8, -1,
      9, 10, 11, -1,
      12, 13, 14, -1,
      15, 16, 17, -1,
      18, 19, 20, -1,
      21, 8, 22, -1,
      23, 24, 25, -1,
      25, 24, 26, -1,
      25, 26, 27, -1,
      26, 28, 27, -1,
      27, 28, 29, -1,
      27, 29, 30, -1,
      30, 29, 31, -1,
      30, 31, 32, -1,
      32, 31, 33, -1,
      34, 35, 31, -1,
      31, 35, 36, -1,
      31, 36, 33, -1,
      37, 38, 39, -1,
      39, 40, 37, -1,
      37, 40, 41, -1,
      37, 41, 42, -1,
      43, 44, 45, -1,
      45, 44, 46, -1,
      45, 46, 47, -1,
      47, 46, 48, -1,
      47, 48, 49, -1,
      50, 51, 52, -1,
      52, 51, 53, -1,
      54, 55, 56, -1,
      49, 57, 47, -1,
      47, 57, 58, -1,
      47, 58, 59, -1,
      42, 60, 37, -1,
      37, 60, 61, -1,
      37, 61, 51, -1,
      51, 61, 62, -1,
      51, 62, 53, -1,
      50, 63, 51, -1,
      51, 63, 64, -1,
      51, 64, 65, -1,
      64, 66, 65, -1,
      65, 66, 67, -1,
      65, 67, 68, -1,
      68, 67, 56, -1,
      68, 56, 69, -1,
      69, 56, 55, -1,
      43, 45, 56, -1,
      56, 45, 70, -1,
      56, 70, 54, -1,
      71, 72, 73, -1,
      74, 75, 76, -1,
      72, 77, 73, -1,
      73, 77, 74, -1,
      73, 74, 78, -1,
      78, 74, 76, -1,
      79, 80, 81, -1,
      81, 80, 82, -1,
      81, 82, 83, -1,
      83, 84, 81, -1,
      81, 84, 85, -1,
      81, 85, 86, -1,
      87, 88, 89, -1,
      89, 88, 90, -1,
      34, 31, 91, -1,
      91, 31, 92, -1,
      91, 92, 93, -1,
      94, 95, 96, -1,
      96, 97, 94, -1,
      94, 97, 98, -1,
      94, 98, 99, -1,
      100, 101, 102, -1,
      102, 101, 103, -1,
      102, 103, 25, -1,
      25, 103, 104, -1,
      25, 104, 23, -1,
      93, 105, 91, -1,
      91, 105, 106, -1,
      91, 106, 94, -1,
      94, 106, 107, -1,
      94, 107, 95, -1,
      87, 108, 88, -1,
      88, 108, 109, -1,
      88, 109, 102, -1,
      102, 109, 110, -1,
      102, 110, 100, -1,
      111, 112, 113, -1,
      113, 112, 114, -1,
      113, 114, 115, -1,
      116, 117, 118, -1,
      115, 119, 113, -1,
      113, 119, 120, -1,
      113, 120, 79, -1,
      79, 120, 121, -1,
      79, 121, 122, -1,
      118, 123, 116, -1,
      116, 123, 124, -1,
      116, 124, 111, -1,
      125, 126, 127, -1,
      127, 126, 128, -1,
      127, 128, 116, -1,
      116, 128, 129, -1,
      116, 129, 117, -1,
      122, 130, 79, -1,
      79, 130, 131, -1,
      79, 131, 80, -1,
      80, 131, 132, -1,
      132, 133, 80, -1,
      80, 133, 134, -1,
      80, 134, 135, -1,
      135, 134, 136, -1,
      135, 136, 137, -1,
      137, 138, 135, -1,
      135, 138, 139, -1,
      135, 139, 127, -1,
      127, 139, 140, -1,
      127, 140, 125, -1,
      141, 142, 143, -1,
      143, 142, 144, -1,
      145, 146, 147, -1,
      145, 148, 146, -1,
      146, 148, 149, -1,
      146, 149, 150, -1,
      150, 151, 146, -1,
      146, 151, 152, -1,
      146, 152, 153, -1,
      153, 154, 143, -1,
      143, 154, 155, -1,
      143, 155, 141, -1,
      156, 0, 157, -1,
      157, 0, 158, -1,
      144, 159, 143, -1,
      143, 159, 160, -1,
      143, 160, 158, -1,
      158, 160, 161, -1,
      158, 161, 157, -1,
      156, 162, 0, -1,
      0, 162, 163, -1,
      0, 163, 164, -1,
      165, 166, 1, -1,
      1, 166, 167, -1,
      1, 167, 168, -1,
      168, 169, 1, -1,
      1, 169, 170, -1,
      1, 170, 147, -1,
      147, 170, 171, -1,
      147, 171, 145, -1,
      164, 172, 0, -1,
      0, 172, 173, -1,
      0, 173, 1, -1,
      1, 173, 174, -1,
      1, 174, 165, -1,
      175, 176, 177, -1,
      176, 178, 177, -1,
      177, 178, 179, -1,
      177, 179, 180, -1,
      181, 182, 177, -1,
      177, 182, 183, -1,
      177, 183, 175, -1,
      184, 185, 186, -1,
      187, 188, 189, -1,
      189, 188, 190, -1,
      189, 190, 191, -1,
      191, 192, 189, -1,
      189, 192, 193, -1,
      189, 193, 181, -1,
      181, 193, 194, -1,
      181, 194, 182, -1,
      185, 184, 195, -1,
      22, 8, 196, -1,
      196, 8, 197, -1,
      196, 197, 198, -1,
      199, 200, 201, -1,
      201, 200, 202, -1,
      201, 202, 203, -1,
      203, 204, 5, -1,
      205, 206, 201, -1,
      201, 206, 207, -1,
      201, 207, 199, -1,
      208, 209, 210, -1,
      210, 209, 211, -1,
      212, 213, 210, -1,
      210, 213, 214, -1,
      210, 214, 208, -1,
      211, 215, 210, -1,
      210, 215, 216, -1,
      210, 216, 205, -1,
      205, 216, 217, -1,
      205, 217, 206, -1,
      179, 218, 180, -1,
      180, 218, 219, -1,
      180, 219, 220, -1,
      220, 219, 221, -1,
      220, 221, 222, -1,
      222, 221, 223, -1,
      222, 223, 224, -1,
      224, 223, 225, -1,
      224, 225, 212, -1,
      212, 225, 226, -1,
      212, 226, 213, -1,
      227, 228, 229, -1,
      229, 228, 230, -1,
      229, 230, 231, -1,
      232, 233, 234, -1,
      234, 233, 235, -1,
      234, 235, 236, -1,
      231, 237, 229, -1,
      229, 237, 238, -1,
      229, 238, 234, -1,
      234, 238, 239, -1,
      234, 239, 232, -1,
      240, 241, 242, -1,
      242, 241, 243, -1,
      242, 243, 227, -1,
      227, 243, 244, -1,
      227, 244, 228, -1,
      245, 246, 240, -1,
      240, 246, 247, -1,
      240, 247, 241, -1,
      248, 249, 245, -1,
      245, 249, 250, -1,
      245, 250, 246, -1,
      251, 252, 253, -1,
      254, 255, 256, -1,
      256, 255, 257, -1,
      256, 257, 258, -1,
      259, 260, 256, -1,
      256, 260, 261, -1,
      256, 261, 254, -1,
      258, 262, 256, -1,
      256, 262, 263, -1,
      256, 263, 253, -1,
      253, 263, 264, -1,
      253, 264, 251, -1,
      252, 265, 253, -1,
      253, 265, 266, -1,
      253, 266, 248, -1,
      248, 266, 267, -1,
      248, 267, 249, -1,
      236, 268, 234, -1,
      234, 268, 269, -1,
      234, 269, 270, -1,
      270, 269, 271, -1,
      270, 271, 272, -1,
      272, 271, 273, -1,
      272, 273, 274, -1,
      274, 273, 275, -1,
      274, 275, 276, -1,
      276, 275, 277, -1,
      276, 277, 259, -1,
      259, 277, 278, -1,
      259, 278, 260, -1,
      19, 279, 280, -1,
      281, 282, 283, -1,
      283, 282, 284, -1,
      283, 284, 285, -1,
      286, 287, 288, -1,
      288, 287, 289, -1,
      288, 289, 290, -1,
      290, 291, 292, -1,
      292, 291, 293, -1,
      293, 294, 292, -1,
      292, 294, 295, -1,
      292, 295, 20, -1,
      20, 295, 296, -1,
      20, 296, 18, -1,
      297, 298, 299, -1,
      298, 297, 300, -1,
      300, 297, 301, -1,
      300, 301, 302, -1,
      303, 304, 305, -1,
      281, 306, 282, -1,
      282, 306, 307, -1,
      282, 307, 308, -1,
      309, 310, 311, -1,
      311, 310, 303, -1,
      311, 303, 312, -1,
      312, 303, 305, -1,
      308, 313, 282, -1,
      282, 313, 314, -1,
      282, 314, 303, -1,
      303, 314, 315, -1,
      303, 315, 304, -1,
      316, 317, 318, -1,
      318, 319, 316, -1,
      316, 319, 320, -1,
      316, 320, 321, -1,
      321, 320, 322, -1,
      323, 324, 325, -1,
      325, 324, 326, -1,
      326, 327, 325, -1,
      325, 327, 328, -1,
      325, 328, 317, -1,
      317, 328, 329, -1,
      317, 329, 330, -1,
      330, 331, 317, -1,
      317, 331, 332, -1,
      317, 332, 318, -1,
      16, 333, 334, -1,
      334, 333, 335, -1,
      9, 336, 325, -1,
      325, 336, 337, -1,
      325, 337, 323, -1,
      338, 339, 340, -1,
      340, 339, 341, -1,
      342, 343, 344, -1,
      344, 343, 345, -1,
      344, 345, 17, -1,
      17, 345, 346, -1,
      17, 346, 15, -1,
      347, 348, 349, -1,
      349, 348, 350, -1,
      349, 350, 340, -1,
      340, 350, 351, -1,
      340, 351, 338, -1,
      352, 353, 354, -1,
      8, 355, 356, -1,
      356, 355, 357, -1,
      352, 354, 358, -1,
      358, 354, 357, -1,
      358, 357, 359, -1,
      359, 357, 355, -1,
      359, 355, 360, -1,
      361, 362, 197, -1,
      362, 363, 197, -1,
      197, 363, 364, -1,
      197, 364, 365, -1,
      366, 367, 368, -1,
      368, 367, 369, -1,
      368, 369, 370, -1,
      353, 371, 354, -1,
      354, 371, 372, -1,
      354, 372, 373, -1,
      374, 375, 354, -1,
      354, 375, 376, -1,
      377, 378, 379, -1,
      379, 378, 380, -1,
      376, 381, 354, -1,
      354, 381, 380, -1,
      354, 380, 382, -1,
      382, 380, 378, -1,
      373, 383, 354, -1,
      354, 383, 384, -1,
      354, 384, 374, -1,
      356, 385, 8, -1,
      8, 385, 386, -1,
      8, 386, 197, -1,
      197, 386, 387, -1,
      197, 387, 361, -1,
      365, 388, 197, -1,
      197, 388, 389, -1,
      197, 389, 368, -1,
      368, 389, 390, -1,
      368, 390, 366, -1,
      370, 391, 368, -1,
      368, 391, 392, -1,
      368, 392, 393, -1,
      392, 394, 395, -1,
      395, 394, 396, -1,
      395, 396, 355, -1,
      355, 396, 397, -1,
      355, 397, 360, -1,
      398, 399, 400, -1,
      401, 402, 403, -1,
      403, 402, 404, -1,
      403, 404, 405, -1,
      405, 404, 406, -1,
      398, 400, 407, -1,
      407, 400, 408, -1,
      407, 408, 409, -1,
      409, 410, 407, -1,
      407, 410, 411, -1,
      407, 411, 412, -1,
      412, 413, 404, -1,
      404, 413, 414, -1,
      404, 414, 406, -1,
      415, 416, 398, -1,
      398, 416, 417, -1,
      398, 417, 399, -1,
      401, 418, 402, -1,
      402, 418, 419, -1,
      402, 419, 420, -1,
      420, 419, 421, -1,
      420, 421, 422, -1,
      423, 424, 415, -1,
      424, 425, 415, -1,
      415, 425, 426, -1,
      415, 426, 416, -1,
      422, 427, 420, -1,
      420, 427, 428, -1,
      420, 428, 429, -1,
      430, 10, 431, -1,
      431, 10, 9, -1,
      431, 9, 432, -1,
      432, 9, 325, -1,
      432, 325, 433, -1,
      433, 325, 317, -1,
      433, 317, 434, -1,
      434, 317, 316, -1,
      435, 11, 436, -1,
      436, 11, 10, -1,
      436, 10, 437, -1,
      437, 10, 430, -1,
      437, 430, 438, -1,
      392, 395, 393, -1,
      393, 395, 439, -1,
      393, 439, 440, -1,
      440, 439, 441, -1,
      440, 441, 12, -1,
      12, 14, 440, -1,
      440, 14, 442, -1,
      440, 442, 393, -1,
      393, 442, 443, -1,
      393, 443, 368, -1,
      153, 143, 146, -1,
      146, 143, 444, -1,
      146, 444, 445, -1,
      445, 444, 88, -1,
      445, 88, 321, -1,
      321, 88, 102, -1,
      321, 102, 316, -1,
      316, 102, 25, -1,
      316, 25, 434, -1,
      334, 446, 447, -1,
      447, 446, 184, -1,
      447, 184, 189, -1,
      189, 184, 186, -1,
      189, 186, 187, -1,
      448, 435, 449, -1,
      449, 435, 21, -1,
      449, 21, 450, -1,
      446, 451, 184, -1,
      184, 451, 452, -1,
      184, 452, 453, -1,
      454, 455, 453, -1,
      453, 455, 450, -1,
      453, 450, 184, -1,
      184, 450, 21, -1,
      184, 21, 195, -1,
      195, 21, 22, -1,
      448, 451, 435, -1,
      435, 451, 446, -1,
      435, 446, 11, -1,
      11, 446, 334, -1,
      11, 334, 9, -1,
      9, 334, 335, -1,
      9, 335, 336, -1,
      8, 7, 355, -1,
      355, 7, 456, -1,
      355, 456, 457, -1,
      458, 459, 460, -1,
      461, 462, 463, -1,
      463, 464, 461, -1,
      461, 464, 465, -1,
      461, 465, 466, -1,
      466, 465, 467, -1,
      467, 468, 435, -1,
      460, 466, 458, -1,
      458, 466, 467, -1,
      458, 467, 457, -1,
      457, 467, 435, -1,
      457, 435, 355, -1,
      355, 435, 436, -1,
      355, 436, 395, -1,
      395, 436, 437, -1,
      395, 437, 439, -1,
      439, 437, 438, -1,
      439, 438, 441, -1,
      468, 469, 435, -1,
      435, 469, 470, -1,
      435, 470, 471, -1,
      472, 473, 21, -1,
      21, 473, 474, -1,
      21, 474, 475, -1,
      471, 476, 435, -1,
      435, 476, 477, -1,
      435, 477, 478, -1,
      464, 6, 465, -1,
      465, 6, 8, -1,
      465, 8, 479, -1,
      479, 8, 21, -1,
      479, 21, 480, -1,
      480, 21, 475, -1,
      478, 481, 435, -1,
      435, 481, 482, -1,
      435, 482, 21, -1,
      21, 482, 483, -1,
      21, 483, 472, -1,
      5, 4, 443, -1,
      443, 4, 484, -1,
      443, 484, 368, -1,
      368, 484, 485, -1,
      368, 485, 486, -1,
      486, 487, 368, -1,
      368, 487, 3, -1,
      368, 3, 197, -1,
      197, 3, 5, -1,
      197, 5, 198, -1,
      198, 5, 204, -1,
      203, 5, 201, -1,
      201, 5, 443, -1,
      201, 443, 488, -1,
      488, 443, 442, -1,
      488, 442, 116, -1,
      116, 442, 14, -1,
      116, 14, 127, -1,
      127, 14, 13, -1,
      127, 13, 135, -1,
      0, 489, 158, -1,
      158, 489, 490, -1,
      158, 490, 143, -1,
      143, 490, 491, -1,
      143, 491, 444, -1,
      444, 491, 94, -1,
      444, 94, 88, -1,
      88, 94, 99, -1,
      88, 99, 90, -1,
      412, 404, 407, -1,
      407, 404, 492, -1,
      407, 492, 493, -1,
      493, 492, 340, -1,
      493, 340, 344, -1,
      344, 340, 341, -1,
      344, 341, 342, -1,
      210, 234, 212, -1,
      212, 234, 270, -1,
      212, 270, 224, -1,
      224, 270, 272, -1,
      224, 272, 222, -1,
      222, 272, 274, -1,
      222, 274, 220, -1,
      220, 274, 276, -1,
      220, 276, 180, -1,
      180, 276, 259, -1,
      180, 259, 177, -1,
      177, 259, 256, -1,
      494, 495, 496, -1,
      496, 495, 497, -1,
      496, 497, 498, -1,
      499, 2, 500, -1,
      500, 2, 501, -1,
      500, 501, 502, -1,
      499, 503, 2, -1,
      2, 503, 504, -1,
      2, 504, 505, -1,
      506, 507, 501, -1,
      508, 509, 495, -1,
      507, 510, 501, -1,
      501, 510, 511, -1,
      501, 511, 502, -1,
      508, 495, 512, -1,
      509, 513, 495, -1,
      495, 513, 514, -1,
      495, 514, 515, -1,
      505, 516, 2, -1,
      2, 516, 517, -1,
      2, 517, 518, -1,
      518, 512, 2, -1,
      2, 512, 495, -1,
      2, 495, 0, -1,
      0, 495, 494, -1,
      0, 494, 489, -1,
      519, 497, 520, -1,
      520, 497, 521, -1,
      515, 522, 495, -1,
      495, 522, 523, -1,
      495, 523, 497, -1,
      497, 523, 524, -1,
      497, 524, 521, -1,
      519, 525, 497, -1,
      497, 525, 526, -1,
      497, 526, 501, -1,
      501, 526, 527, -1,
      501, 527, 506, -1,
      290, 292, 288, -1,
      288, 292, 420, -1,
      288, 420, 415, -1,
      415, 420, 429, -1,
      415, 429, 423, -1,
      16, 334, 17, -1,
      17, 334, 447, -1,
      17, 447, 344, -1,
      344, 447, 189, -1,
      344, 189, 493, -1,
      493, 189, 181, -1,
      493, 181, 407, -1,
      407, 181, 177, -1,
      407, 177, 398, -1,
      398, 177, 256, -1,
      398, 256, 415, -1,
      415, 256, 253, -1,
      415, 253, 288, -1,
      501, 280, 497, -1,
      497, 280, 37, -1,
      497, 37, 498, -1,
      498, 37, 51, -1,
      19, 280, 20, -1,
      20, 280, 501, -1,
      20, 501, 292, -1,
      292, 501, 2, -1,
      292, 2, 420, -1,
      420, 2, 1, -1,
      420, 1, 402, -1,
      402, 1, 147, -1,
      402, 147, 404, -1,
      404, 147, 146, -1,
      404, 146, 492, -1,
      492, 146, 445, -1,
      492, 445, 340, -1,
      340, 445, 321, -1,
      340, 321, 349, -1,
      349, 321, 322, -1,
      349, 322, 347, -1,
      229, 528, 227, -1,
      227, 528, 529, -1,
      227, 529, 242, -1,
      242, 529, 530, -1,
      242, 530, 240, -1,
      240, 530, 531, -1,
      240, 531, 245, -1,
      245, 531, 532, -1,
      245, 532, 248, -1,
      248, 532, 533, -1,
      248, 533, 253, -1,
      253, 533, 301, -1,
      253, 301, 288, -1,
      288, 301, 297, -1,
      288, 297, 286, -1,
      286, 297, 299, -1,
      279, 285, 280, -1,
      280, 285, 284, -1,
      280, 284, 37, -1,
      37, 284, 47, -1,
      37, 47, 38, -1,
      38, 47, 59, -1,
      534, 535, 536, -1,
      537, 538, 539, -1,
      539, 538, 540, -1,
      539, 540, 541, -1,
      542, 543, 528, -1,
      535, 544, 536, -1,
      536, 544, 545, -1,
      536, 545, 546, -1,
      546, 547, 536, -1,
      536, 547, 548, -1,
      536, 548, 73, -1,
      73, 548, 549, -1,
      73, 549, 550, -1,
      550, 551, 73, -1,
      73, 551, 552, -1,
      73, 552, 553, -1,
      81, 554, 79, -1,
      79, 554, 555, -1,
      79, 555, 113, -1,
      113, 555, 556, -1,
      113, 556, 557, -1,
      557, 556, 558, -1,
      557, 558, 559, -1,
      559, 558, 560, -1,
      559, 560, 561, -1,
      561, 560, 562, -1,
      561, 562, 563, -1,
      563, 562, 564, -1,
      563, 564, 565, -1,
      565, 564, 566, -1,
      565, 566, 567, -1,
      567, 566, 71, -1,
      567, 71, 539, -1,
      539, 71, 73, -1,
      539, 73, 537, -1,
      537, 73, 553, -1,
      541, 568, 539, -1,
      539, 568, 569, -1,
      539, 569, 570, -1,
      111, 113, 116, -1,
      116, 113, 557, -1,
      116, 557, 488, -1,
      488, 557, 559, -1,
      488, 559, 201, -1,
      201, 559, 561, -1,
      201, 561, 205, -1,
      205, 561, 563, -1,
      205, 563, 210, -1,
      210, 563, 565, -1,
      210, 565, 234, -1,
      234, 565, 567, -1,
      234, 567, 229, -1,
      229, 567, 539, -1,
      229, 539, 528, -1,
      528, 539, 570, -1,
      528, 570, 542, -1,
      543, 571, 528, -1,
      528, 571, 572, -1,
      528, 572, 573, -1,
      573, 534, 528, -1,
      528, 534, 536, -1,
      528, 536, 529, -1,
      529, 536, 574, -1,
      529, 574, 530, -1,
      530, 574, 575, -1,
      530, 575, 531, -1,
      531, 575, 576, -1,
      531, 576, 532, -1,
      532, 576, 577, -1,
      532, 577, 533, -1,
      533, 577, 578, -1,
      533, 578, 301, -1,
      301, 578, 310, -1,
      301, 310, 302, -1,
      302, 310, 309, -1,
      579, 580, 581, -1,
      582, 583, 584, -1,
      584, 583, 585, -1,
      584, 585, 586, -1,
      586, 585, 587, -1,
      586, 587, 588, -1,
      588, 587, 589, -1,
      588, 589, 590, -1,
      590, 589, 591, -1,
      590, 591, 592, -1,
      592, 591, 593, -1,
      592, 593, 594, -1,
      594, 593, 595, -1,
      594, 595, 596, -1,
      596, 595, 597, -1,
      596, 597, 598, -1,
      598, 597, 599, -1,
      598, 599, 600, -1,
      600, 599, 601, -1,
      600, 601, 602, -1,
      602, 601, 579, -1,
      602, 579, 603, -1,
      603, 579, 581, -1,
      604, 605, 582, -1,
      582, 605, 606, -1,
      582, 606, 583, -1,
      607, 608, 609, -1,
      609, 608, 610, -1,
      607, 609, 611, -1,
      611, 609, 612, -1,
      611, 612, 613, -1,
      613, 612, 614, -1,
      614, 612, 615, -1,
      614, 615, 616, -1,
      616, 615, 617, -1,
      617, 615, 618, -1,
      617, 618, 619, -1,
      619, 618, 620, -1,
      620, 618, 621, -1,
      620, 621, 622, -1,
      622, 621, 623, -1,
      623, 621, 624, -1,
      623, 624, 625, -1,
      625, 624, 626, -1,
      626, 624, 627, -1,
      626, 627, 628, -1,
      628, 627, 629, -1,
      629, 627, 630, -1,
      629, 630, 631, -1,
      631, 630, 632, -1,
      632, 630, 633, -1,
      632, 633, 634, -1,
      634, 633, 635, -1,
      635, 633, 636, -1,
      635, 636, 637, -1,
      637, 636, 638, -1,
      638, 636, 639, -1,
      638, 639, 640, -1,
      640, 639, 641, -1,
      641, 639, 642, -1,
      641, 642, 643, -1,
      643, 642, 644, -1,
      644, 642, 645, -1,
      644, 645, 646, -1,
      646, 645, 647, -1,
      647, 645, 581, -1,
      647, 581, 648, -1,
      648, 581, 580, -1,
      648, 580, 649, -1,
      650, 605, 651, -1,
      651, 605, 604, -1,
      651, 604, 652, -1,
      652, 604, 653, -1,
      654, 655, 653, -1,
      653, 655, 656, -1,
      653, 656, 652, -1,
      657, 658, 654, -1,
      654, 658, 659, -1,
      654, 659, 655, -1,
      660, 661, 657, -1,
      657, 661, 662, -1,
      657, 662, 658, -1,
      608, 663, 610, -1,
      610, 663, 664, -1,
      610, 664, 660, -1,
      660, 664, 665, -1,
      660, 665, 661, -1,
      666, 667, 668, -1,
      669, 670, 671, -1,
      672, 673, 674, -1,
      674, 673, 675, -1,
      674, 675, 676, -1,
      669, 671, 677, -1,
      670, 678, 671, -1,
      671, 678, 679, -1,
      671, 679, 674, -1,
      676, 680, 674, -1,
      674, 680, 681, -1,
      674, 681, 671, -1,
      682, 683, 667, -1,
      667, 683, 684, -1,
      667, 684, 668, -1,
      682, 685, 683, -1,
      683, 685, 686, -1,
      683, 686, 687, -1,
      666, 668, 671, -1,
      671, 668, 688, -1,
      671, 688, 677, -1,
      564, 689, 566, -1,
      566, 689, 690, -1,
      566, 690, 71, -1,
      71, 690, 72, -1,
      564, 562, 689, -1,
      689, 562, 560, -1,
      689, 560, 558, -1,
      558, 556, 689, -1,
      689, 556, 555, -1,
      689, 555, 691, -1,
      691, 555, 554, -1,
      691, 554, 81, -1,
      692, 693, 694, -1,
      695, 696, 689, -1,
      689, 696, 697, -1,
      698, 699, 584, -1,
      609, 700, 701, -1,
      702, 703, 704, -1,
      704, 703, 705, -1,
      704, 705, 706, -1,
      706, 707, 704, -1,
      704, 707, 708, -1,
      704, 708, 698, -1,
      697, 709, 689, -1,
      689, 709, 710, -1,
      689, 710, 690, -1,
      690, 710, 711, -1,
      712, 713, 714, -1,
      584, 586, 698, -1,
      698, 586, 588, -1,
      698, 588, 704, -1,
      704, 588, 590, -1,
      704, 590, 592, -1,
      592, 594, 704, -1,
      704, 594, 596, -1,
      704, 596, 598, -1,
      609, 610, 700, -1,
      700, 610, 660, -1,
      700, 660, 657, -1,
      712, 714, 715, -1,
      715, 714, 716, -1,
      715, 716, 702, -1,
      702, 716, 717, -1,
      702, 717, 703, -1,
      657, 654, 700, -1,
      700, 654, 653, -1,
      700, 653, 718, -1,
      718, 653, 604, -1,
      718, 604, 699, -1,
      699, 604, 582, -1,
      699, 582, 584, -1,
      711, 719, 690, -1,
      690, 719, 720, -1,
      690, 720, 721, -1,
      721, 720, 714, -1,
      721, 714, 722, -1,
      722, 714, 713, -1,
      723, 639, 636, -1,
      624, 621, 689, -1,
      689, 621, 618, -1,
      618, 615, 689, -1,
      689, 615, 612, -1,
      689, 612, 609, -1,
      636, 633, 723, -1,
      723, 633, 630, -1,
      723, 630, 689, -1,
      689, 630, 627, -1,
      689, 627, 624, -1,
      701, 724, 609, -1,
      609, 724, 725, -1,
      609, 725, 689, -1,
      689, 725, 726, -1,
      689, 726, 695, -1,
      598, 600, 704, -1,
      704, 600, 602, -1,
      704, 602, 723, -1,
      723, 602, 603, -1,
      723, 603, 581, -1,
      581, 645, 723, -1,
      723, 645, 642, -1,
      723, 642, 639, -1,
      694, 727, 728, -1,
      729, 730, 723, -1,
      723, 730, 731, -1,
      723, 731, 732, -1,
      733, 734, 735, -1,
      728, 736, 694, -1,
      694, 736, 737, -1,
      694, 737, 738, -1,
      738, 739, 694, -1,
      694, 739, 740, -1,
      694, 740, 723, -1,
      723, 740, 741, -1,
      723, 741, 729, -1,
      732, 742, 723, -1,
      723, 742, 743, -1,
      723, 743, 704, -1,
      704, 743, 744, -1,
      744, 745, 704, -1,
      704, 745, 746, -1,
      704, 746, 747, -1,
      748, 749, 727, -1,
      727, 749, 750, -1,
      727, 750, 728, -1,
      747, 751, 704, -1,
      704, 751, 752, -1,
      704, 752, 753, -1,
      753, 752, 754, -1,
      753, 754, 755, -1,
      755, 754, 735, -1,
      755, 735, 756, -1,
      756, 735, 734, -1,
      748, 727, 735, -1,
      735, 727, 757, -1,
      735, 757, 733, -1,
      694, 693, 758, -1,
      758, 693, 759, -1,
      758, 759, 760, -1,
      761, 762, 763, -1,
      763, 762, 764, -1,
      764, 765, 763, -1,
      763, 765, 766, -1,
      763, 766, 767, -1,
      761, 768, 762, -1,
      762, 768, 769, -1,
      762, 769, 770, -1,
      760, 771, 758, -1,
      758, 771, 772, -1,
      758, 772, 773, -1,
      773, 772, 762, -1,
      773, 762, 774, -1,
      774, 762, 770, -1,
      775, 776, 723, -1,
      777, 778, 723, -1,
      723, 778, 779, -1,
      723, 779, 694, -1,
      694, 779, 780, -1,
      694, 780, 781, -1,
      781, 782, 694, -1,
      694, 782, 783, -1,
      694, 783, 692, -1,
      776, 784, 723, -1,
      723, 784, 785, -1,
      723, 785, 777, -1,
      767, 786, 763, -1,
      763, 786, 787, -1,
      763, 787, 775, -1,
      788, 789, 723, -1,
      775, 723, 763, -1,
      763, 723, 789, -1,
      763, 789, 790, -1,
      791, 792, 689, -1,
      689, 792, 793, -1,
      689, 793, 794, -1,
      795, 796, 723, -1,
      795, 723, 797, -1,
      796, 798, 723, -1,
      723, 798, 799, -1,
      723, 799, 788, -1,
      800, 801, 802, -1,
      802, 801, 803, -1,
      794, 804, 689, -1,
      689, 804, 805, -1,
      689, 805, 723, -1,
      723, 805, 806, -1,
      723, 806, 797, -1,
      807, 808, 691, -1,
      691, 808, 809, -1,
      691, 809, 689, -1,
      689, 809, 810, -1,
      689, 810, 791, -1,
      799, 811, 788, -1,
      788, 811, 812, -1,
      788, 812, 802, -1,
      802, 812, 813, -1,
      802, 813, 800, -1,
      801, 814, 803, -1,
      803, 814, 815, -1,
      803, 815, 816, -1,
      816, 815, 817, -1,
      818, 819, 817, -1,
      817, 819, 820, -1,
      817, 820, 816, -1,
      807, 691, 817, -1,
      817, 691, 821, -1,
      817, 821, 818, -1,
      51, 65, 727, -1,
      490, 489, 694, -1,
      489, 494, 694, -1,
      694, 494, 496, -1,
      694, 496, 727, -1,
      727, 496, 498, -1,
      727, 498, 51, -1,
      34, 91, 758, -1,
      758, 91, 94, -1,
      758, 94, 694, -1,
      694, 94, 491, -1,
      694, 491, 490, -1,
      704, 753, 45, -1,
      45, 47, 704, -1,
      704, 47, 284, -1,
      704, 284, 282, -1,
      73, 702, 536, -1,
      536, 702, 574, -1,
      282, 303, 704, -1,
      704, 303, 310, -1,
      704, 310, 702, -1,
      702, 310, 578, -1,
      702, 578, 577, -1,
      577, 576, 702, -1,
      702, 576, 575, -1,
      702, 575, 574, -1,
      80, 822, 803, -1,
      803, 822, 823, -1,
      761, 824, 27, -1,
      27, 824, 825, -1,
      27, 825, 25, -1,
      25, 825, 826, -1,
      827, 828, 829, -1,
      763, 790, 830, -1,
      438, 430, 829, -1,
      831, 832, 830, -1,
      430, 431, 829, -1,
      829, 431, 432, -1,
      829, 432, 833, -1,
      833, 432, 433, -1,
      833, 433, 434, -1,
      829, 831, 827, -1,
      827, 831, 830, -1,
      827, 830, 823, -1,
      823, 830, 834, -1,
      823, 834, 803, -1,
      803, 834, 802, -1,
      761, 763, 824, -1,
      824, 763, 830, -1,
      824, 830, 835, -1,
      835, 830, 832, -1,
      835, 832, 826, -1,
      826, 832, 833, -1,
      826, 833, 25, -1,
      25, 833, 434, -1,
      80, 135, 822, -1,
      822, 135, 13, -1,
      822, 13, 828, -1,
      828, 13, 12, -1,
      828, 12, 829, -1,
      829, 12, 441, -1,
      829, 441, 438, -1,
      649, 580, 836, -1,
      836, 580, 605, -1,
      837, 673, 672, -1,
      672, 838, 837, -1,
      837, 838, 836, -1,
      837, 836, 839, -1,
      839, 836, 605, -1,
      839, 605, 650, -1,
      605, 580, 606, -1,
      606, 580, 579, -1,
      606, 579, 583, -1,
      591, 589, 579, -1,
      597, 595, 599, -1,
      599, 595, 601, -1,
      601, 595, 579, -1,
      579, 595, 593, -1,
      579, 593, 591, -1,
      589, 587, 579, -1,
      579, 587, 585, -1,
      579, 585, 583, -1,
      672, 674, 838, -1,
      838, 674, 836, -1,
      676, 675, 651, -1,
      650, 651, 839, -1,
      839, 651, 675, -1,
      839, 675, 837, -1,
      837, 675, 673, -1,
      651, 652, 676, -1,
      676, 652, 656, -1,
      676, 656, 680, -1,
      656, 655, 680, -1,
      680, 655, 659, -1,
      680, 659, 681, -1,
      659, 658, 681, -1,
      681, 658, 662, -1,
      681, 662, 671, -1,
      662, 661, 671, -1,
      671, 661, 665, -1,
      671, 665, 666, -1,
      665, 664, 666, -1,
      666, 664, 663, -1,
      666, 663, 667, -1,
      663, 608, 667, -1,
      667, 608, 607, -1,
      667, 607, 682, -1,
      607, 611, 682, -1,
      682, 611, 613, -1,
      682, 613, 685, -1,
      613, 614, 685, -1,
      685, 614, 616, -1,
      685, 616, 686, -1,
      616, 617, 686, -1,
      686, 617, 619, -1,
      686, 619, 687, -1,
      619, 620, 687, -1,
      687, 620, 622, -1,
      687, 622, 683, -1,
      622, 623, 683, -1,
      683, 623, 625, -1,
      683, 625, 684, -1,
      625, 626, 684, -1,
      684, 626, 628, -1,
      684, 628, 668, -1,
      628, 629, 668, -1,
      668, 629, 631, -1,
      668, 631, 688, -1,
      631, 632, 688, -1,
      688, 632, 634, -1,
      688, 634, 677, -1,
      634, 635, 677, -1,
      677, 635, 637, -1,
      677, 637, 669, -1,
      637, 638, 669, -1,
      669, 638, 640, -1,
      669, 640, 670, -1,
      640, 641, 670, -1,
      670, 641, 643, -1,
      670, 643, 678, -1,
      649, 836, 648, -1,
      648, 836, 674, -1,
      648, 674, 647, -1,
      647, 674, 679, -1,
      647, 679, 646, -1,
      646, 679, 678, -1,
      646, 678, 644, -1,
      644, 678, 643, -1,
      710, 840, 711, -1,
      711, 840, 841, -1,
      711, 841, 719, -1,
      719, 841, 842, -1,
      719, 842, 720, -1,
      720, 842, 843, -1,
      720, 843, 714, -1,
      714, 843, 844, -1,
      714, 844, 716, -1,
      716, 844, 845, -1,
      716, 845, 717, -1,
      717, 845, 846, -1,
      717, 846, 703, -1,
      703, 846, 847, -1,
      703, 847, 705, -1,
      705, 847, 848, -1,
      705, 848, 706, -1,
      706, 848, 849, -1,
      706, 849, 707, -1,
      707, 849, 850, -1,
      707, 850, 708, -1,
      708, 850, 851, -1,
      708, 851, 698, -1,
      698, 851, 852, -1,
      698, 852, 699, -1,
      699, 852, 853, -1,
      699, 853, 718, -1,
      718, 853, 854, -1,
      718, 854, 700, -1,
      700, 854, 855, -1,
      700, 855, 701, -1,
      701, 855, 856, -1,
      701, 856, 724, -1,
      724, 856, 857, -1,
      724, 857, 725, -1,
      725, 857, 858, -1,
      725, 858, 726, -1,
      726, 858, 859, -1,
      726, 859, 695, -1,
      695, 859, 860, -1,
      695, 860, 696, -1,
      696, 860, 861, -1,
      696, 861, 697, -1,
      697, 861, 862, -1,
      697, 862, 709, -1,
      709, 862, 863, -1,
      709, 863, 710, -1,
      710, 863, 840, -1,
      864, 865, 866, -1,
      866, 865, 867, -1,
      866, 867, 868, -1,
      869, 870, 866, -1,
      866, 870, 871, -1,
      866, 871, 864, -1,
      872, 873, 866, -1,
      866, 873, 874, -1,
      866, 874, 869, -1,
      875, 876, 866, -1,
      866, 876, 877, -1,
      866, 877, 872, -1,
      878, 879, 866, -1,
      866, 879, 880, -1,
      866, 880, 875, -1,
      881, 882, 866, -1,
      866, 882, 883, -1,
      866, 883, 878, -1,
      884, 885, 866, -1,
      866, 885, 886, -1,
      866, 886, 881, -1,
      868, 887, 866, -1,
      866, 887, 888, -1,
      866, 888, 884, -1,
      810, 889, 791, -1,
      791, 889, 890, -1,
      791, 890, 792, -1,
      792, 890, 891, -1,
      792, 891, 793, -1,
      793, 891, 892, -1,
      793, 892, 794, -1,
      794, 892, 893, -1,
      794, 893, 804, -1,
      804, 893, 894, -1,
      804, 894, 805, -1,
      805, 894, 895, -1,
      805, 895, 806, -1,
      806, 895, 896, -1,
      806, 896, 797, -1,
      797, 896, 897, -1,
      797, 897, 795, -1,
      795, 897, 898, -1,
      795, 898, 796, -1,
      796, 898, 899, -1,
      796, 899, 798, -1,
      798, 899, 900, -1,
      798, 900, 799, -1,
      799, 900, 901, -1,
      799, 901, 811, -1,
      811, 901, 902, -1,
      811, 902, 812, -1,
      812, 902, 903, -1,
      812, 903, 813, -1,
      813, 903, 904, -1,
      813, 904, 800, -1,
      800, 904, 905, -1,
      800, 905, 801, -1,
      801, 905, 906, -1,
      801, 906, 814, -1,
      814, 906, 907, -1,
      814, 907, 815, -1,
      815, 907, 908, -1,
      815, 908, 817, -1,
      817, 908, 909, -1,
      817, 909, 807, -1,
      807, 909, 910, -1,
      807, 910, 808, -1,
      808, 910, 911, -1,
      808, 911, 809, -1,
      809, 911, 912, -1,
      809, 912, 810, -1,
      810, 912, 889, -1,
      913, 914, 915, -1,
      915, 914, 916, -1,
      915, 916, 917, -1,
      918, 919, 915, -1,
      915, 919, 920, -1,
      915, 920, 913, -1,
      921, 922, 915, -1,
      915, 922, 923, -1,
      915, 923, 918, -1,
      924, 925, 915, -1,
      915, 925, 926, -1,
      915, 926, 921, -1,
      927, 928, 915, -1,
      915, 928, 929, -1,
      915, 929, 924, -1,
      930, 931, 915, -1,
      915, 931, 932, -1,
      915, 932, 927, -1,
      933, 934, 915, -1,
      915, 934, 935, -1,
      915, 935, 930, -1,
      917, 936, 915, -1,
      915, 936, 937, -1,
      915, 937, 933, -1,
      775, 938, 776, -1,
      776, 938, 939, -1,
      776, 939, 784, -1,
      784, 939, 940, -1,
      784, 940, 785, -1,
      785, 940, 941, -1,
      785, 941, 777, -1,
      777, 941, 942, -1,
      777, 942, 778, -1,
      778, 942, 943, -1,
      778, 943, 779, -1,
      779, 943, 944, -1,
      779, 944, 780, -1,
      780, 944, 945, -1,
      780, 945, 781, -1,
      781, 945, 946, -1,
      781, 946, 782, -1,
      782, 946, 947, -1,
      782, 947, 783, -1,
      783, 947, 948, -1,
      783, 948, 692, -1,
      692, 948, 949, -1,
      692, 949, 693, -1,
      693, 949, 950, -1,
      693, 950, 759, -1,
      759, 950, 951, -1,
      759, 951, 760, -1,
      760, 951, 952, -1,
      760, 952, 771, -1,
      771, 952, 953, -1,
      771, 953, 772, -1,
      772, 953, 954, -1,
      772, 954, 762, -1,
      762, 954, 955, -1,
      762, 955, 764, -1,
      764, 955, 956, -1,
      764, 956, 765, -1,
      765, 956, 957, -1,
      765, 957, 766, -1,
      766, 957, 958, -1,
      766, 958, 767, -1,
      767, 958, 959, -1,
      767, 959, 786, -1,
      786, 959, 960, -1,
      786, 960, 787, -1,
      787, 960, 961, -1,
      787, 961, 775, -1,
      775, 961, 938, -1,
      962, 963, 964, -1,
      964, 963, 965, -1,
      964, 965, 966, -1,
      967, 968, 964, -1,
      964, 968, 969, -1,
      964, 969, 962, -1,
      970, 971, 964, -1,
      964, 971, 972, -1,
      964, 972, 967, -1,
      973, 974, 964, -1,
      964, 974, 975, -1,
      964, 975, 970, -1,
      976, 977, 964, -1,
      964, 977, 978, -1,
      964, 978, 973, -1,
      979, 980, 964, -1,
      964, 980, 981, -1,
      964, 981, 976, -1,
      982, 983, 964, -1,
      964, 983, 984, -1,
      964, 984, 979, -1,
      966, 985, 964, -1,
      964, 985, 986, -1,
      964, 986, 982, -1,
      743, 987, 744, -1,
      744, 987, 988, -1,
      744, 988, 745, -1,
      745, 988, 989, -1,
      745, 989, 746, -1,
      746, 989, 990, -1,
      746, 990, 747, -1,
      747, 990, 991, -1,
      747, 991, 751, -1,
      751, 991, 992, -1,
      751, 992, 752, -1,
      752, 992, 993, -1,
      752, 993, 754, -1,
      754, 993, 994, -1,
      754, 994, 735, -1,
      735, 994, 995, -1,
      735, 995, 748, -1,
      748, 995, 996, -1,
      748, 996, 749, -1,
      749, 996, 997, -1,
      749, 997, 750, -1,
      750, 997, 998, -1,
      750, 998, 728, -1,
      728, 998, 999, -1,
      728, 999, 736, -1,
      736, 999, 1000, -1,
      736, 1000, 737, -1,
      737, 1000, 1001, -1,
      737, 1001, 738, -1,
      738, 1001, 1002, -1,
      738, 1002, 739, -1,
      739, 1002, 1003, -1,
      739, 1003, 740, -1,
      740, 1003, 1004, -1,
      740, 1004, 741, -1,
      741, 1004, 1005, -1,
      741, 1005, 729, -1,
      729, 1005, 1006, -1,
      729, 1006, 730, -1,
      730, 1006, 1007, -1,
      730, 1007, 731, -1,
      731, 1007, 1008, -1,
      731, 1008, 732, -1,
      732, 1008, 1009, -1,
      732, 1009, 742, -1,
      742, 1009, 1010, -1,
      742, 1010, 743, -1,
      743, 1010, 987, -1,
      1011, 1012, 1013, -1,
      1013, 1012, 1014, -1,
      1013, 1014, 1015, -1,
      1016, 1017, 1013, -1,
      1013, 1017, 1018, -1,
      1013, 1018, 1011, -1,
      1019, 1020, 1013, -1,
      1013, 1020, 1021, -1,
      1013, 1021, 1016, -1,
      1022, 1023, 1013, -1,
      1013, 1023, 1024, -1,
      1013, 1024, 1019, -1,
      1025, 1026, 1013, -1,
      1013, 1026, 1027, -1,
      1013, 1027, 1022, -1,
      1028, 1029, 1013, -1,
      1013, 1029, 1030, -1,
      1013, 1030, 1025, -1,
      1031, 1032, 1013, -1,
      1013, 1032, 1033, -1,
      1013, 1033, 1028, -1,
      1015, 1034, 1013, -1,
      1013, 1034, 1035, -1,
      1013, 1035, 1031, -1,
      1014, 1036, 1015, -1,
      1015, 1036, 1037, -1,
      1015, 1037, 1034, -1,
      1034, 1037, 1038, -1,
      1034, 1038, 1035, -1,
      1035, 1038, 1039, -1,
      1035, 1039, 1031, -1,
      1031, 1039, 1040, -1,
      1031, 1040, 1032, -1,
      1032, 1040, 1041, -1,
      1032, 1041, 1033, -1,
      1033, 1041, 1042, -1,
      1033, 1042, 1028, -1,
      1028, 1042, 1043, -1,
      1028, 1043, 1029, -1,
      1029, 1043, 1044, -1,
      1029, 1044, 1030, -1,
      1030, 1044, 1045, -1,
      1030, 1045, 1025, -1,
      1025, 1045, 1046, -1,
      1025, 1046, 1026, -1,
      1026, 1046, 1047, -1,
      1026, 1047, 1027, -1,
      1027, 1047, 1048, -1,
      1027, 1048, 1022, -1,
      1022, 1048, 1049, -1,
      1022, 1049, 1023, -1,
      1023, 1049, 1050, -1,
      1023, 1050, 1024, -1,
      1024, 1050, 1051, -1,
      1024, 1051, 1019, -1,
      1019, 1051, 1052, -1,
      1019, 1052, 1020, -1,
      1020, 1052, 1053, -1,
      1020, 1053, 1021, -1,
      1021, 1053, 1054, -1,
      1021, 1054, 1016, -1,
      1016, 1054, 1055, -1,
      1016, 1055, 1017, -1,
      1017, 1055, 1056, -1,
      1017, 1056, 1018, -1,
      1018, 1056, 1057, -1,
      1018, 1057, 1011, -1,
      1011, 1057, 1058, -1,
      1011, 1058, 1012, -1,
      1012, 1058, 1059, -1,
      1012, 1059, 1014, -1,
      1014, 1059, 1036, -1,
      1059, 1060, 1036, -1,
      1036, 1060, 1061, -1,
      1036, 1061, 1037, -1,
      1037, 1061, 1062, -1,
      1037, 1062, 1038, -1,
      1038, 1062, 1063, -1,
      1038, 1063, 1039, -1,
      1039, 1063, 1064, -1,
      1039, 1064, 1040, -1,
      1040, 1064, 1065, -1,
      1040, 1065, 1041, -1,
      1041, 1065, 1066, -1,
      1041, 1066, 1042, -1,
      1042, 1066, 1067, -1,
      1042, 1067, 1043, -1,
      1043, 1067, 1068, -1,
      1043, 1068, 1044, -1,
      1044, 1068, 1069, -1,
      1044, 1069, 1045, -1,
      1045, 1069, 1070, -1,
      1045, 1070, 1046, -1,
      1046, 1070, 1071, -1,
      1046, 1071, 1047, -1,
      1047, 1071, 1072, -1,
      1047, 1072, 1048, -1,
      1048, 1072, 1073, -1,
      1048, 1073, 1049, -1,
      1049, 1073, 1074, -1,
      1049, 1074, 1050, -1,
      1050, 1074, 1075, -1,
      1050, 1075, 1051, -1,
      1051, 1075, 1076, -1,
      1051, 1076, 1052, -1,
      1052, 1076, 1077, -1,
      1052, 1077, 1053, -1,
      1053, 1077, 1078, -1,
      1053, 1078, 1054, -1,
      1054, 1078, 1079, -1,
      1054, 1079, 1055, -1,
      1055, 1079, 1080, -1,
      1055, 1080, 1056, -1,
      1056, 1080, 1081, -1,
      1056, 1081, 1057, -1,
      1057, 1081, 1082, -1,
      1057, 1082, 1058, -1,
      1058, 1082, 1083, -1,
      1058, 1083, 1059, -1,
      1059, 1083, 1060, -1,
      1083, 1084, 1060, -1,
      1060, 1084, 1085, -1,
      1060, 1085, 1061, -1,
      1061, 1085, 1086, -1,
      1061, 1086, 1062, -1,
      1062, 1086, 1087, -1,
      1062, 1087, 1063, -1,
      1063, 1087, 1088, -1,
      1063, 1088, 1064, -1,
      1064, 1088, 1089, -1,
      1064, 1089, 1065, -1,
      1065, 1089, 1090, -1,
      1065, 1090, 1066, -1,
      1066, 1090, 1091, -1,
      1066, 1091, 1067, -1,
      1067, 1091, 1092, -1,
      1067, 1092, 1068, -1,
      1068, 1092, 1093, -1,
      1068, 1093, 1069, -1,
      1069, 1093, 1094, -1,
      1069, 1094, 1070, -1,
      1070, 1094, 1095, -1,
      1070, 1095, 1071, -1,
      1071, 1095, 1096, -1,
      1071, 1096, 1072, -1,
      1072, 1096, 1097, -1,
      1072, 1097, 1073, -1,
      1073, 1097, 1098, -1,
      1073, 1098, 1074, -1,
      1074, 1098, 1099, -1,
      1074, 1099, 1075, -1,
      1075, 1099, 1100, -1,
      1075, 1100, 1076, -1,
      1076, 1100, 1101, -1,
      1076, 1101, 1077, -1,
      1077, 1101, 1102, -1,
      1077, 1102, 1078, -1,
      1078, 1102, 1103, -1,
      1078, 1103, 1079, -1,
      1079, 1103, 1104, -1,
      1079, 1104, 1080, -1,
      1080, 1104, 1105, -1,
      1080, 1105, 1081, -1,
      1081, 1105, 1106, -1,
      1081, 1106, 1082, -1,
      1082, 1106, 1107, -1,
      1082, 1107, 1083, -1,
      1083, 1107, 1084, -1,
      1107, 1108, 1084, -1,
      1084, 1108, 1109, -1,
      1084, 1109, 1085, -1,
      1085, 1109, 1110, -1,
      1085, 1110, 1086, -1,
      1086, 1110, 1111, -1,
      1086, 1111, 1087, -1,
      1087, 1111, 1112, -1,
      1087, 1112, 1088, -1,
      1088, 1112, 1113, -1,
      1088, 1113, 1089, -1,
      1089, 1113, 1114, -1,
      1089, 1114, 1090, -1,
      1090, 1114, 1115, -1,
      1090, 1115, 1091, -1,
      1091, 1115, 1116, -1,
      1091, 1116, 1092, -1,
      1092, 1116, 1117, -1,
      1092, 1117, 1093, -1,
      1093, 1117, 1118, -1,
      1093, 1118, 1094, -1,
      1094, 1118, 1119, -1,
      1094, 1119, 1095, -1,
      1095, 1119, 1120, -1,
      1095, 1120, 1096, -1,
      1096, 1120, 1121, -1,
      1096, 1121, 1097, -1,
      1097, 1121, 1122, -1,
      1097, 1122, 1098, -1,
      1098, 1122, 1123, -1,
      1098, 1123, 1099, -1,
      1099, 1123, 1124, -1,
      1099, 1124, 1100, -1,
      1100, 1124, 1125, -1,
      1100, 1125, 1101, -1,
      1101, 1125, 1126, -1,
      1101, 1126, 1102, -1,
      1102, 1126, 1127, -1,
      1102, 1127, 1103, -1,
      1103, 1127, 1128, -1,
      1103, 1128, 1104, -1,
      1104, 1128, 1129, -1,
      1104, 1129, 1105, -1,
      1105, 1129, 1130, -1,
      1105, 1130, 1106, -1,
      1106, 1130, 1131, -1,
      1106, 1131, 1107, -1,
      1107, 1131, 1108, -1,
      1131, 1132, 1108, -1,
      1108, 1132, 1133, -1,
      1108, 1133, 1109, -1,
      1109, 1133, 1134, -1,
      1109, 1134, 1110, -1,
      1110, 1134, 1135, -1,
      1110, 1135, 1111, -1,
      1111, 1135, 1136, -1,
      1111, 1136, 1112, -1,
      1112, 1136, 1137, -1,
      1112, 1137, 1113, -1,
      1113, 1137, 1138, -1,
      1113, 1138, 1114, -1,
      1114, 1138, 1139, -1,
      1114, 1139, 1115, -1,
      1115, 1139, 1140, -1,
      1115, 1140, 1116, -1,
      1116, 1140, 1141, -1,
      1116, 1141, 1117, -1,
      1117, 1141, 1142, -1,
      1117, 1142, 1118, -1,
      1118, 1142, 1143, -1,
      1118, 1143, 1119, -1,
      1119, 1143, 1144, -1,
      1119, 1144, 1120, -1,
      1120, 1144, 1145, -1,
      1120, 1145, 1121, -1,
      1121, 1145, 1146, -1,
      1121, 1146, 1122, -1,
      1122, 1146, 1147, -1,
      1122, 1147, 1123, -1,
      1123, 1147, 1148, -1,
      1123, 1148, 1124, -1,
      1124, 1148, 1149, -1,
      1124, 1149, 1125, -1,
      1125, 1149, 1150, -1,
      1125, 1150, 1126, -1,
      1126, 1150, 1151, -1,
      1126, 1151, 1127, -1,
      1127, 1151, 1152, -1,
      1127, 1152, 1128, -1,
      1128, 1152, 1153, -1,
      1128, 1153, 1129, -1,
      1129, 1153, 1154, -1,
      1129, 1154, 1130, -1,
      1130, 1154, 1155, -1,
      1130, 1155, 1131, -1,
      1131, 1155, 1132, -1,
      1155, 1156, 1132, -1,
      1132, 1156, 1157, -1,
      1132, 1157, 1133, -1,
      1133, 1157, 1158, -1,
      1133, 1158, 1134, -1,
      1134, 1158, 1159, -1,
      1134, 1159, 1135, -1,
      1135, 1159, 1160, -1,
      1135, 1160, 1136, -1,
      1136, 1160, 1161, -1,
      1136, 1161, 1137, -1,
      1137, 1161, 1162, -1,
      1137, 1162, 1138, -1,
      1138, 1162, 1163, -1,
      1138, 1163, 1139, -1,
      1139, 1163, 1164, -1,
      1139, 1164, 1140, -1,
      1140, 1164, 1165, -1,
      1140, 1165, 1141, -1,
      1141, 1165, 1166, -1,
      1141, 1166, 1142, -1,
      1142, 1166, 1167, -1,
      1142, 1167, 1143, -1,
      1143, 1167, 1168, -1,
      1143, 1168, 1144, -1,
      1144, 1168, 1169, -1,
      1144, 1169, 1145, -1,
      1145, 1169, 1170, -1,
      1145, 1170, 1146, -1,
      1146, 1170, 1171, -1,
      1146, 1171, 1147, -1,
      1147, 1171, 1172, -1,
      1147, 1172, 1148, -1,
      1148, 1172, 1173, -1,
      1148, 1173, 1149, -1,
      1149, 1173, 1174, -1,
      1149, 1174, 1150, -1,
      1150, 1174, 1175, -1,
      1150, 1175, 1151, -1,
      1151, 1175, 1176, -1,
      1151, 1176, 1152, -1,
      1152, 1176, 1177, -1,
      1152, 1177, 1153, -1,
      1153, 1177, 1178, -1,
      1153, 1178, 1154, -1,
      1154, 1178, 1179, -1,
      1154, 1179, 1155, -1,
      1155, 1179, 1156, -1,
      1179, 997, 1156, -1,
      1156, 997, 996, -1,
      1156, 996, 1157, -1,
      1157, 996, 995, -1,
      1157, 995, 1158, -1,
      1158, 995, 994, -1,
      1158, 994, 1159, -1,
      1159, 994, 993, -1,
      1159, 993, 1160, -1,
      1160, 993, 992, -1,
      1160, 992, 1161, -1,
      1161, 992, 991, -1,
      1161, 991, 1162, -1,
      1162, 991, 990, -1,
      1162, 990, 1163, -1,
      1163, 990, 989, -1,
      1163, 989, 1164, -1,
      1164, 989, 988, -1,
      1164, 988, 1165, -1,
      1165, 988, 987, -1,
      1165, 987, 1166, -1,
      1166, 987, 1010, -1,
      1166, 1010, 1167, -1,
      1167, 1010, 1009, -1,
      1167, 1009, 1168, -1,
      1168, 1009, 1008, -1,
      1168, 1008, 1169, -1,
      1169, 1008, 1007, -1,
      1169, 1007, 1170, -1,
      1170, 1007, 1006, -1,
      1170, 1006, 1171, -1,
      1171, 1006, 1005, -1,
      1171, 1005, 1172, -1,
      1172, 1005, 1004, -1,
      1172, 1004, 1173, -1,
      1173, 1004, 1003, -1,
      1173, 1003, 1174, -1,
      1174, 1003, 1002, -1,
      1174, 1002, 1175, -1,
      1175, 1002, 1001, -1,
      1175, 1001, 1176, -1,
      1176, 1001, 1000, -1,
      1176, 1000, 1177, -1,
      1177, 1000, 999, -1,
      1177, 999, 1178, -1,
      1178, 999, 998, -1,
      1178, 998, 1179, -1,
      1179, 998, 997, -1,
      867, 1180, 868, -1,
      868, 1180, 1181, -1,
      868, 1181, 887, -1,
      887, 1181, 1182, -1,
      887, 1182, 888, -1,
      888, 1182, 1183, -1,
      888, 1183, 884, -1,
      884, 1183, 1184, -1,
      884, 1184, 885, -1,
      885, 1184, 1185, -1,
      885, 1185, 886, -1,
      886, 1185, 1186, -1,
      886, 1186, 881, -1,
      881, 1186, 1187, -1,
      881, 1187, 882, -1,
      882, 1187, 1188, -1,
      882, 1188, 883, -1,
      883, 1188, 1189, -1,
      883, 1189, 878, -1,
      878, 1189, 1190, -1,
      878, 1190, 879, -1,
      879, 1190, 1191, -1,
      879, 1191, 880, -1,
      880, 1191, 1192, -1,
      880, 1192, 875, -1,
      875, 1192, 1193, -1,
      875, 1193, 876, -1,
      876, 1193, 1194, -1,
      876, 1194, 877, -1,
      877, 1194, 1195, -1,
      877, 1195, 872, -1,
      872, 1195, 1196, -1,
      872, 1196, 873, -1,
      873, 1196, 1197, -1,
      873, 1197, 874, -1,
      874, 1197, 1198, -1,
      874, 1198, 869, -1,
      869, 1198, 1199, -1,
      869, 1199, 870, -1,
      870, 1199, 1200, -1,
      870, 1200, 871, -1,
      871, 1200, 1201, -1,
      871, 1201, 864, -1,
      864, 1201, 1202, -1,
      864, 1202, 865, -1,
      865, 1202, 1203, -1,
      865, 1203, 867, -1,
      867, 1203, 1180, -1,
      1203, 1204, 1180, -1,
      1180, 1204, 1205, -1,
      1180, 1205, 1181, -1,
      1181, 1205, 1206, -1,
      1181, 1206, 1182, -1,
      1182, 1206, 1207, -1,
      1182, 1207, 1183, -1,
      1183, 1207, 1208, -1,
      1183, 1208, 1184, -1,
      1184, 1208, 1209, -1,
      1184, 1209, 1185, -1,
      1185, 1209, 1210, -1,
      1185, 1210, 1186, -1,
      1186, 1210, 1211, -1,
      1186, 1211, 1187, -1,
      1187, 1211, 1212, -1,
      1187, 1212, 1188, -1,
      1188, 1212, 1213, -1,
      1188, 1213, 1189, -1,
      1189, 1213, 1214, -1,
      1189, 1214, 1190, -1,
      1190, 1214, 1215, -1,
      1190, 1215, 1191, -1,
      1191, 1215, 1216, -1,
      1191, 1216, 1192, -1,
      1192, 1216, 1217, -1,
      1192, 1217, 1193, -1,
      1193, 1217, 1218, -1,
      1193, 1218, 1194, -1,
      1194, 1218, 1219, -1,
      1194, 1219, 1195, -1,
      1195, 1219, 1220, -1,
      1195, 1220, 1196, -1,
      1196, 1220, 1221, -1,
      1196, 1221, 1197, -1,
      1197, 1221, 1222, -1,
      1197, 1222, 1198, -1,
      1198, 1222, 1223, -1,
      1198, 1223, 1199, -1,
      1199, 1223, 1224, -1,
      1199, 1224, 1200, -1,
      1200, 1224, 1225, -1,
      1200, 1225, 1201, -1,
      1201, 1225, 1226, -1,
      1201, 1226, 1202, -1,
      1202, 1226, 1227, -1,
      1202, 1227, 1203, -1,
      1203, 1227, 1204, -1,
      1227, 1228, 1204, -1,
      1204, 1228, 1229, -1,
      1204, 1229, 1205, -1,
      1205, 1229, 1230, -1,
      1205, 1230, 1206, -1,
      1206, 1230, 1231, -1,
      1206, 1231, 1207, -1,
      1207, 1231, 1232, -1,
      1207, 1232, 1208, -1,
      1208, 1232, 1233, -1,
      1208, 1233, 1209, -1,
      1209, 1233, 1234, -1,
      1209, 1234, 1210, -1,
      1210, 1234, 1235, -1,
      1210, 1235, 1211, -1,
      1211, 1235, 1236, -1,
      1211, 1236, 1212, -1,
      1212, 1236, 1237, -1,
      1212, 1237, 1213, -1,
      1213, 1237, 1238, -1,
      1213, 1238, 1214, -1,
      1214, 1238, 1239, -1,
      1214, 1239, 1215, -1,
      1215, 1239, 1240, -1,
      1215, 1240, 1216, -1,
      1216, 1240, 1241, -1,
      1216, 1241, 1217, -1,
      1217, 1241, 1242, -1,
      1217, 1242, 1218, -1,
      1218, 1242, 1243, -1,
      1218, 1243, 1219, -1,
      1219, 1243, 1244, -1,
      1219, 1244, 1220, -1,
      1220, 1244, 1245, -1,
      1220, 1245, 1221, -1,
      1221, 1245, 1246, -1,
      1221, 1246, 1222, -1,
      1222, 1246, 1247, -1,
      1222, 1247, 1223, -1,
      1223, 1247, 1248, -1,
      1223, 1248, 1224, -1,
      1224, 1248, 1249, -1,
      1224, 1249, 1225, -1,
      1225, 1249, 1250, -1,
      1225, 1250, 1226, -1,
      1226, 1250, 1251, -1,
      1226, 1251, 1227, -1,
      1227, 1251, 1228, -1,
      1251, 1252, 1228, -1,
      1228, 1252, 1253, -1,
      1228, 1253, 1229, -1,
      1229, 1253, 1254, -1,
      1229, 1254, 1230, -1,
      1230, 1254, 1255, -1,
      1230, 1255, 1231, -1,
      1231, 1255, 1256, -1,
      1231, 1256, 1232, -1,
      1232, 1256, 1257, -1,
      1232, 1257, 1233, -1,
      1233, 1257, 1258, -1,
      1233, 1258, 1234, -1,
      1234, 1258, 1259, -1,
      1234, 1259, 1235, -1,
      1235, 1259, 1260, -1,
      1235, 1260, 1236, -1,
      1236, 1260, 1261, -1,
      1236, 1261, 1237, -1,
      1237, 1261, 1262, -1,
      1237, 1262, 1238, -1,
      1238, 1262, 1263, -1,
      1238, 1263, 1239, -1,
      1239, 1263, 1264, -1,
      1239, 1264, 1240, -1,
      1240, 1264, 1265, -1,
      1240, 1265, 1241, -1,
      1241, 1265, 1266, -1,
      1241, 1266, 1242, -1,
      1242, 1266, 1267, -1,
      1242, 1267, 1243, -1,
      1243, 1267, 1268, -1,
      1243, 1268, 1244, -1,
      1244, 1268, 1269, -1,
      1244, 1269, 1245, -1,
      1245, 1269, 1270, -1,
      1245, 1270, 1246, -1,
      1246, 1270, 1271, -1,
      1246, 1271, 1247, -1,
      1247, 1271, 1272, -1,
      1247, 1272, 1248, -1,
      1248, 1272, 1273, -1,
      1248, 1273, 1249, -1,
      1249, 1273, 1274, -1,
      1249, 1274, 1250, -1,
      1250, 1274, 1275, -1,
      1250, 1275, 1251, -1,
      1251, 1275, 1252, -1,
      1275, 1276, 1252, -1,
      1252, 1276, 1277, -1,
      1252, 1277, 1253, -1,
      1253, 1277, 1278, -1,
      1253, 1278, 1254, -1,
      1254, 1278, 1279, -1,
      1254, 1279, 1255, -1,
      1255, 1279, 1280, -1,
      1255, 1280, 1256, -1,
      1256, 1280, 1281, -1,
      1256, 1281, 1257, -1,
      1257, 1281, 1282, -1,
      1257, 1282, 1258, -1,
      1258, 1282, 1283, -1,
      1258, 1283, 1259, -1,
      1259, 1283, 1284, -1,
      1259, 1284, 1260, -1,
      1260, 1284, 1285, -1,
      1260, 1285, 1261, -1,
      1261, 1285, 1286, -1,
      1261, 1286, 1262, -1,
      1262, 1286, 1287, -1,
      1262, 1287, 1263, -1,
      1263, 1287, 1288, -1,
      1263, 1288, 1264, -1,
      1264, 1288, 1289, -1,
      1264, 1289, 1265, -1,
      1265, 1289, 1290, -1,
      1265, 1290, 1266, -1,
      1266, 1290, 1291, -1,
      1266, 1291, 1267, -1,
      1267, 1291, 1292, -1,
      1267, 1292, 1268, -1,
      1268, 1292, 1293, -1,
      1268, 1293, 1269, -1,
      1269, 1293, 1294, -1,
      1269, 1294, 1270, -1,
      1270, 1294, 1295, -1,
      1270, 1295, 1271, -1,
      1271, 1295, 1296, -1,
      1271, 1296, 1272, -1,
      1272, 1296, 1297, -1,
      1272, 1297, 1273, -1,
      1273, 1297, 1298, -1,
      1273, 1298, 1274, -1,
      1274, 1298, 1299, -1,
      1274, 1299, 1275, -1,
      1275, 1299, 1276, -1,
      1299, 850, 1276, -1,
      1276, 850, 849, -1,
      1276, 849, 1277, -1,
      1277, 849, 848, -1,
      1277, 848, 1278, -1,
      1278, 848, 847, -1,
      1278, 847, 1279, -1,
      1279, 847, 846, -1,
      1279, 846, 1280, -1,
      1280, 846, 845, -1,
      1280, 845, 1281, -1,
      1281, 845, 844, -1,
      1281, 844, 1282, -1,
      1282, 844, 843, -1,
      1282, 843, 1283, -1,
      1283, 843, 842, -1,
      1283, 842, 1284, -1,
      1284, 842, 841, -1,
      1284, 841, 1285, -1,
      1285, 841, 840, -1,
      1285, 840, 1286, -1,
      1286, 840, 863, -1,
      1286, 863, 1287, -1,
      1287, 863, 862, -1,
      1287, 862, 1288, -1,
      1288, 862, 861, -1,
      1288, 861, 1289, -1,
      1289, 861, 860, -1,
      1289, 860, 1290, -1,
      1290, 860, 859, -1,
      1290, 859, 1291, -1,
      1291, 859, 858, -1,
      1291, 858, 1292, -1,
      1292, 858, 857, -1,
      1292, 857, 1293, -1,
      1293, 857, 856, -1,
      1293, 856, 1294, -1,
      1294, 856, 855, -1,
      1294, 855, 1295, -1,
      1295, 855, 854, -1,
      1295, 854, 1296, -1,
      1296, 854, 853, -1,
      1296, 853, 1297, -1,
      1297, 853, 852, -1,
      1297, 852, 1298, -1,
      1298, 852, 851, -1,
      1298, 851, 1299, -1,
      1299, 851, 850, -1,
      965, 1300, 966, -1,
      966, 1300, 1301, -1,
      966, 1301, 985, -1,
      985, 1301, 1302, -1,
      985, 1302, 986, -1,
      986, 1302, 1303, -1,
      986, 1303, 982, -1,
      982, 1303, 1304, -1,
      982, 1304, 983, -1,
      983, 1304, 1305, -1,
      983, 1305, 984, -1,
      984, 1305, 1306, -1,
      984, 1306, 979, -1,
      979, 1306, 1307, -1,
      979, 1307, 980, -1,
      980, 1307, 1308, -1,
      980, 1308, 981, -1,
      981, 1308, 1309, -1,
      981, 1309, 976, -1,
      976, 1309, 1310, -1,
      976, 1310, 977, -1,
      977, 1310, 1311, -1,
      977, 1311, 978, -1,
      978, 1311, 1312, -1,
      978, 1312, 973, -1,
      973, 1312, 1313, -1,
      973, 1313, 974, -1,
      974, 1313, 1314, -1,
      974, 1314, 975, -1,
      975, 1314, 1315, -1,
      975, 1315, 970, -1,
      970, 1315, 1316, -1,
      970, 1316, 971, -1,
      971, 1316, 1317, -1,
      971, 1317, 972, -1,
      972, 1317, 1318, -1,
      972, 1318, 967, -1,
      967, 1318, 1319, -1,
      967, 1319, 968, -1,
      968, 1319, 1320, -1,
      968, 1320, 969, -1,
      969, 1320, 1321, -1,
      969, 1321, 962, -1,
      962, 1321, 1322, -1,
      962, 1322, 963, -1,
      963, 1322, 1323, -1,
      963, 1323, 965, -1,
      965, 1323, 1300, -1,
      1323, 1324, 1300, -1,
      1300, 1324, 1325, -1,
      1300, 1325, 1301, -1,
      1301, 1325, 1326, -1,
      1301, 1326, 1302, -1,
      1302, 1326, 1327, -1,
      1302, 1327, 1303, -1,
      1303, 1327, 1328, -1,
      1303, 1328, 1304, -1,
      1304, 1328, 1329, -1,
      1304, 1329, 1305, -1,
      1305, 1329, 1330, -1,
      1305, 1330, 1306, -1,
      1306, 1330, 1331, -1,
      1306, 1331, 1307, -1,
      1307, 1331, 1332, -1,
      1307, 1332, 1308, -1,
      1308, 1332, 1333, -1,
      1308, 1333, 1309, -1,
      1309, 1333, 1334, -1,
      1309, 1334, 1310, -1,
      1310, 1334, 1335, -1,
      1310, 1335, 1311, -1,
      1311, 1335, 1336, -1,
      1311, 1336, 1312, -1,
      1312, 1336, 1337, -1,
      1312, 1337, 1313, -1,
      1313, 1337, 1338, -1,
      1313, 1338, 1314, -1,
      1314, 1338, 1339, -1,
      1314, 1339, 1315, -1,
      1315, 1339, 1340, -1,
      1315, 1340, 1316, -1,
      1316, 1340, 1341, -1,
      1316, 1341, 1317, -1,
      1317, 1341, 1342, -1,
      1317, 1342, 1318, -1,
      1318, 1342, 1343, -1,
      1318, 1343, 1319, -1,
      1319, 1343, 1344, -1,
      1319, 1344, 1320, -1,
      1320, 1344, 1345, -1,
      1320, 1345, 1321, -1,
      1321, 1345, 1346, -1,
      1321, 1346, 1322, -1,
      1322, 1346, 1347, -1,
      1322, 1347, 1323, -1,
      1323, 1347, 1324, -1,
      1347, 1348, 1324, -1,
      1324, 1348, 1349, -1,
      1324, 1349, 1325, -1,
      1325, 1349, 1350, -1,
      1325, 1350, 1326, -1,
      1326, 1350, 1351, -1,
      1326, 1351, 1327, -1,
      1327, 1351, 1352, -1,
      1327, 1352, 1328, -1,
      1328, 1352, 1353, -1,
      1328, 1353, 1329, -1,
      1329, 1353, 1354, -1,
      1329, 1354, 1330, -1,
      1330, 1354, 1355, -1,
      1330, 1355, 1331, -1,
      1331, 1355, 1356, -1,
      1331, 1356, 1332, -1,
      1332, 1356, 1357, -1,
      1332, 1357, 1333, -1,
      1333, 1357, 1358, -1,
      1333, 1358, 1334, -1,
      1334, 1358, 1359, -1,
      1334, 1359, 1335, -1,
      1335, 1359, 1360, -1,
      1335, 1360, 1336, -1,
      1336, 1360, 1361, -1,
      1336, 1361, 1337, -1,
      1337, 1361, 1362, -1,
      1337, 1362, 1338, -1,
      1338, 1362, 1363, -1,
      1338, 1363, 1339, -1,
      1339, 1363, 1364, -1,
      1339, 1364, 1340, -1,
      1340, 1364, 1365, -1,
      1340, 1365, 1341, -1,
      1341, 1365, 1366, -1,
      1341, 1366, 1342, -1,
      1342, 1366, 1367, -1,
      1342, 1367, 1343, -1,
      1343, 1367, 1368, -1,
      1343, 1368, 1344, -1,
      1344, 1368, 1369, -1,
      1344, 1369, 1345, -1,
      1345, 1369, 1370, -1,
      1345, 1370, 1346, -1,
      1346, 1370, 1371, -1,
      1346, 1371, 1347, -1,
      1347, 1371, 1348, -1,
      1371, 1372, 1348, -1,
      1348, 1372, 1373, -1,
      1348, 1373, 1349, -1,
      1349, 1373, 1374, -1,
      1349, 1374, 1350, -1,
      1350, 1374, 1375, -1,
      1350, 1375, 1351, -1,
      1351, 1375, 1376, -1,
      1351, 1376, 1352, -1,
      1352, 1376, 1377, -1,
      1352, 1377, 1353, -1,
      1353, 1377, 1378, -1,
      1353, 1378, 1354, -1,
      1354, 1378, 1379, -1,
      1354, 1379, 1355, -1,
      1355, 1379, 1380, -1,
      1355, 1380, 1356, -1,
      1356, 1380, 1381, -1,
      1356, 1381, 1357, -1,
      1357, 1381, 1382, -1,
      1357, 1382, 1358, -1,
      1358, 1382, 1383, -1,
      1358, 1383, 1359, -1,
      1359, 1383, 1384, -1,
      1359, 1384, 1360, -1,
      1360, 1384, 1385, -1,
      1360, 1385, 1361, -1,
      1361, 1385, 1386, -1,
      1361, 1386, 1362, -1,
      1362, 1386, 1387, -1,
      1362, 1387, 1363, -1,
      1363, 1387, 1388, -1,
      1363, 1388, 1364, -1,
      1364, 1388, 1389, -1,
      1364, 1389, 1365, -1,
      1365, 1389, 1390, -1,
      1365, 1390, 1366, -1,
      1366, 1390, 1391, -1,
      1366, 1391, 1367, -1,
      1367, 1391, 1392, -1,
      1367, 1392, 1368, -1,
      1368, 1392, 1393, -1,
      1368, 1393, 1369, -1,
      1369, 1393, 1394, -1,
      1369, 1394, 1370, -1,
      1370, 1394, 1395, -1,
      1370, 1395, 1371, -1,
      1371, 1395, 1372, -1,
      1395, 1396, 1372, -1,
      1372, 1396, 1397, -1,
      1372, 1397, 1373, -1,
      1373, 1397, 1398, -1,
      1373, 1398, 1374, -1,
      1374, 1398, 1399, -1,
      1374, 1399, 1375, -1,
      1375, 1399, 1400, -1,
      1375, 1400, 1376, -1,
      1376, 1400, 1401, -1,
      1376, 1401, 1377, -1,
      1377, 1401, 1402, -1,
      1377, 1402, 1378, -1,
      1378, 1402, 1403, -1,
      1378, 1403, 1379, -1,
      1379, 1403, 1404, -1,
      1379, 1404, 1380, -1,
      1380, 1404, 1405, -1,
      1380, 1405, 1381, -1,
      1381, 1405, 1406, -1,
      1381, 1406, 1382, -1,
      1382, 1406, 1407, -1,
      1382, 1407, 1383, -1,
      1383, 1407, 1408, -1,
      1383, 1408, 1384, -1,
      1384, 1408, 1409, -1,
      1384, 1409, 1385, -1,
      1385, 1409, 1410, -1,
      1385, 1410, 1386, -1,
      1386, 1410, 1411, -1,
      1386, 1411, 1387, -1,
      1387, 1411, 1412, -1,
      1387, 1412, 1388, -1,
      1388, 1412, 1413, -1,
      1388, 1413, 1389, -1,
      1389, 1413, 1414, -1,
      1389, 1414, 1390, -1,
      1390, 1414, 1415, -1,
      1390, 1415, 1391, -1,
      1391, 1415, 1416, -1,
      1391, 1416, 1392, -1,
      1392, 1416, 1417, -1,
      1392, 1417, 1393, -1,
      1393, 1417, 1418, -1,
      1393, 1418, 1394, -1,
      1394, 1418, 1419, -1,
      1394, 1419, 1395, -1,
      1395, 1419, 1396, -1,
      1419, 1420, 1396, -1,
      1396, 1420, 1421, -1,
      1396, 1421, 1397, -1,
      1397, 1421, 1422, -1,
      1397, 1422, 1398, -1,
      1398, 1422, 1423, -1,
      1398, 1423, 1399, -1,
      1399, 1423, 1424, -1,
      1399, 1424, 1400, -1,
      1400, 1424, 1425, -1,
      1400, 1425, 1401, -1,
      1401, 1425, 1426, -1,
      1401, 1426, 1402, -1,
      1402, 1426, 1427, -1,
      1402, 1427, 1403, -1,
      1403, 1427, 1428, -1,
      1403, 1428, 1404, -1,
      1404, 1428, 1429, -1,
      1404, 1429, 1405, -1,
      1405, 1429, 1430, -1,
      1405, 1430, 1406, -1,
      1406, 1430, 1431, -1,
      1406, 1431, 1407, -1,
      1407, 1431, 1432, -1,
      1407, 1432, 1408, -1,
      1408, 1432, 1433, -1,
      1408, 1433, 1409, -1,
      1409, 1433, 1434, -1,
      1409, 1434, 1410, -1,
      1410, 1434, 1435, -1,
      1410, 1435, 1411, -1,
      1411, 1435, 1436, -1,
      1411, 1436, 1412, -1,
      1412, 1436, 1437, -1,
      1412, 1437, 1413, -1,
      1413, 1437, 1438, -1,
      1413, 1438, 1414, -1,
      1414, 1438, 1439, -1,
      1414, 1439, 1415, -1,
      1415, 1439, 1440, -1,
      1415, 1440, 1416, -1,
      1416, 1440, 1441, -1,
      1416, 1441, 1417, -1,
      1417, 1441, 1442, -1,
      1417, 1442, 1418, -1,
      1418, 1442, 1443, -1,
      1418, 1443, 1419, -1,
      1419, 1443, 1420, -1,
      1443, 948, 1420, -1,
      1420, 948, 947, -1,
      1420, 947, 1421, -1,
      1421, 947, 946, -1,
      1421, 946, 1422, -1,
      1422, 946, 945, -1,
      1422, 945, 1423, -1,
      1423, 945, 944, -1,
      1423, 944, 1424, -1,
      1424, 944, 943, -1,
      1424, 943, 1425, -1,
      1425, 943, 942, -1,
      1425, 942, 1426, -1,
      1426, 942, 941, -1,
      1426, 941, 1427, -1,
      1427, 941, 940, -1,
      1427, 940, 1428, -1,
      1428, 940, 939, -1,
      1428, 939, 1429, -1,
      1429, 939, 938, -1,
      1429, 938, 1430, -1,
      1430, 938, 961, -1,
      1430, 961, 1431, -1,
      1431, 961, 960, -1,
      1431, 960, 1432, -1,
      1432, 960, 959, -1,
      1432, 959, 1433, -1,
      1433, 959, 958, -1,
      1433, 958, 1434, -1,
      1434, 958, 957, -1,
      1434, 957, 1435, -1,
      1435, 957, 956, -1,
      1435, 956, 1436, -1,
      1436, 956, 955, -1,
      1436, 955, 1437, -1,
      1437, 955, 954, -1,
      1437, 954, 1438, -1,
      1438, 954, 953, -1,
      1438, 953, 1439, -1,
      1439, 953, 952, -1,
      1439, 952, 1440, -1,
      1440, 952, 951, -1,
      1440, 951, 1441, -1,
      1441, 951, 950, -1,
      1441, 950, 1442, -1,
      1442, 950, 949, -1,
      1442, 949, 1443, -1,
      1443, 949, 948, -1,
      916, 1444, 917, -1,
      917, 1444, 1445, -1,
      917, 1445, 936, -1,
      936, 1445, 1446, -1,
      936, 1446, 937, -1,
      937, 1446, 1447, -1,
      937, 1447, 933, -1,
      933, 1447, 1448, -1,
      933, 1448, 934, -1,
      934, 1448, 1449, -1,
      934, 1449, 935, -1,
      935, 1449, 1450, -1,
      935, 1450, 930, -1,
      930, 1450, 1451, -1,
      930, 1451, 931, -1,
      931, 1451, 1452, -1,
      931, 1452, 932, -1,
      932, 1452, 1453, -1,
      932, 1453, 927, -1,
      927, 1453, 1454, -1,
      927, 1454, 928, -1,
      928, 1454, 1455, -1,
      928, 1455, 929, -1,
      929, 1455, 1456, -1,
      929, 1456, 924, -1,
      924, 1456, 1457, -1,
      924, 1457, 925, -1,
      925, 1457, 1458, -1,
      925, 1458, 926, -1,
      926, 1458, 1459, -1,
      926, 1459, 921, -1,
      921, 1459, 1460, -1,
      921, 1460, 922, -1,
      922, 1460, 1461, -1,
      922, 1461, 923, -1,
      923, 1461, 1462, -1,
      923, 1462, 918, -1,
      918, 1462, 1463, -1,
      918, 1463, 919, -1,
      919, 1463, 1464, -1,
      919, 1464, 920, -1,
      920, 1464, 1465, -1,
      920, 1465, 913, -1,
      913, 1465, 1466, -1,
      913, 1466, 914, -1,
      914, 1466, 1467, -1,
      914, 1467, 916, -1,
      916, 1467, 1444, -1,
      1467, 1468, 1444, -1,
      1444, 1468, 1469, -1,
      1444, 1469, 1445, -1,
      1445, 1469, 1470, -1,
      1445, 1470, 1446, -1,
      1446, 1470, 1471, -1,
      1446, 1471, 1447, -1,
      1447, 1471, 1472, -1,
      1447, 1472, 1448, -1,
      1448, 1472, 1473, -1,
      1448, 1473, 1449, -1,
      1449, 1473, 1474, -1,
      1449, 1474, 1450, -1,
      1450, 1474, 1475, -1,
      1450, 1475, 1451, -1,
      1451, 1475, 1476, -1,
      1451, 1476, 1452, -1,
      1452, 1476, 1477, -1,
      1452, 1477, 1453, -1,
      1453, 1477, 1478, -1,
      1453, 1478, 1454, -1,
      1454, 1478, 1479, -1,
      1454, 1479, 1455, -1,
      1455, 1479, 1480, -1,
      1455, 1480, 1456, -1,
      1456, 1480, 1481, -1,
      1456, 1481, 1457, -1,
      1457, 1481, 1482, -1,
      1457, 1482, 1458, -1,
      1458, 1482, 1483, -1,
      1458, 1483, 1459, -1,
      1459, 1483, 1484, -1,
      1459, 1484, 1460, -1,
      1460, 1484, 1485, -1,
      1460, 1485, 1461, -1,
      1461, 1485, 1486, -1,
      1461, 1486, 1462, -1,
      1462, 1486, 1487, -1,
      1462, 1487, 1463, -1,
      1463, 1487, 1488, -1,
      1463, 1488, 1464, -1,
      1464, 1488, 1489, -1,
      1464, 1489, 1465, -1,
      1465, 1489, 1490, -1,
      1465, 1490, 1466, -1,
      1466, 1490, 1491, -1,
      1466, 1491, 1467, -1,
      1467, 1491, 1468, -1,
      1491, 1492, 1468, -1,
      1468, 1492, 1493, -1,
      1468, 1493, 1469, -1,
      1469, 1493, 1494, -1,
      1469, 1494, 1470, -1,
      1470, 1494, 1495, -1,
      1470, 1495, 1471, -1,
      1471, 1495, 1496, -1,
      1471, 1496, 1472, -1,
      1472, 1496, 1497, -1,
      1472, 1497, 1473, -1,
      1473, 1497, 1498, -1,
      1473, 1498, 1474, -1,
      1474, 1498, 1499, -1,
      1474, 1499, 1475, -1,
      1475, 1499, 1500, -1,
      1475, 1500, 1476, -1,
      1476, 1500, 1501, -1,
      1476, 1501, 1477, -1,
      1477, 1501, 1502, -1,
      1477, 1502, 1478, -1,
      1478, 1502, 1503, -1,
      1478, 1503, 1479, -1,
      1479, 1503, 1504, -1,
      1479, 1504, 1480, -1,
      1480, 1504, 1505, -1,
      1480, 1505, 1481, -1,
      1481, 1505, 1506, -1,
      1481, 1506, 1482, -1,
      1482, 1506, 1507, -1,
      1482, 1507, 1483, -1,
      1483, 1507, 1508, -1,
      1483, 1508, 1484, -1,
      1484, 1508, 1509, -1,
      1484, 1509, 1485, -1,
      1485, 1509, 1510, -1,
      1485, 1510, 1486, -1,
      1486, 1510, 1511, -1,
      1486, 1511, 1487, -1,
      1487, 1511, 1512, -1,
      1487, 1512, 1488, -1,
      1488, 1512, 1513, -1,
      1488, 1513, 1489, -1,
      1489, 1513, 1514, -1,
      1489, 1514, 1490, -1,
      1490, 1514, 1515, -1,
      1490, 1515, 1491, -1,
      1491, 1515, 1492, -1,
      1515, 1516, 1492, -1,
      1492, 1516, 1517, -1,
      1492, 1517, 1493, -1,
      1493, 1517, 1518, -1,
      1493, 1518, 1494, -1,
      1494, 1518, 1519, -1,
      1494, 1519, 1495, -1,
      1495, 1519, 1520, -1,
      1495, 1520, 1496, -1,
      1496, 1520, 1521, -1,
      1496, 1521, 1497, -1,
      1497, 1521, 1522, -1,
      1497, 1522, 1498, -1,
      1498, 1522, 1523, -1,
      1498, 1523, 1499, -1,
      1499, 1523, 1524, -1,
      1499, 1524, 1500, -1,
      1500, 1524, 1525, -1,
      1500, 1525, 1501, -1,
      1501, 1525, 1526, -1,
      1501, 1526, 1502, -1,
      1502, 1526, 1527, -1,
      1502, 1527, 1503, -1,
      1503, 1527, 1528, -1,
      1503, 1528, 1504, -1,
      1504, 1528, 1529, -1,
      1504, 1529, 1505, -1,
      1505, 1529, 1530, -1,
      1505, 1530, 1506, -1,
      1506, 1530, 1531, -1,
      1506, 1531, 1507, -1,
      1507, 1531, 1532, -1,
      1507, 1532, 1508, -1,
      1508, 1532, 1533, -1,
      1508, 1533, 1509, -1,
      1509, 1533, 1534, -1,
      1509, 1534, 1510, -1,
      1510, 1534, 1535, -1,
      1510, 1535, 1511, -1,
      1511, 1535, 1536, -1,
      1511, 1536, 1512, -1,
      1512, 1536, 1537, -1,
      1512, 1537, 1513, -1,
      1513, 1537, 1538, -1,
      1513, 1538, 1514, -1,
      1514, 1538, 1539, -1,
      1514, 1539, 1515, -1,
      1515, 1539, 1516, -1,
      1539, 1540, 1516, -1,
      1516, 1540, 1541, -1,
      1516, 1541, 1517, -1,
      1517, 1541, 1542, -1,
      1517, 1542, 1518, -1,
      1518, 1542, 1543, -1,
      1518, 1543, 1519, -1,
      1519, 1543, 1544, -1,
      1519, 1544, 1520, -1,
      1520, 1544, 1545, -1,
      1520, 1545, 1521, -1,
      1521, 1545, 1546, -1,
      1521, 1546, 1522, -1,
      1522, 1546, 1547, -1,
      1522, 1547, 1523, -1,
      1523, 1547, 1548, -1,
      1523, 1548, 1524, -1,
      1524, 1548, 1549, -1,
      1524, 1549, 1525, -1,
      1525, 1549, 1550, -1,
      1525, 1550, 1526, -1,
      1526, 1550, 1551, -1,
      1526, 1551, 1527, -1,
      1527, 1551, 1552, -1,
      1527, 1552, 1528, -1,
      1528, 1552, 1553, -1,
      1528, 1553, 1529, -1,
      1529, 1553, 1554, -1,
      1529, 1554, 1530, -1,
      1530, 1554, 1555, -1,
      1530, 1555, 1531, -1,
      1531, 1555, 1556, -1,
      1531, 1556, 1532, -1,
      1532, 1556, 1557, -1,
      1532, 1557, 1533, -1,
      1533, 1557, 1558, -1,
      1533, 1558, 1534, -1,
      1534, 1558, 1559, -1,
      1534, 1559, 1535, -1,
      1535, 1559, 1560, -1,
      1535, 1560, 1536, -1,
      1536, 1560, 1561, -1,
      1536, 1561, 1537, -1,
      1537, 1561, 1562, -1,
      1537, 1562, 1538, -1,
      1538, 1562, 1563, -1,
      1538, 1563, 1539, -1,
      1539, 1563, 1540, -1,
      1563, 899, 1540, -1,
      1540, 899, 898, -1,
      1540, 898, 1541, -1,
      1541, 898, 897, -1,
      1541, 897, 1542, -1,
      1542, 897, 896, -1,
      1542, 896, 1543, -1,
      1543, 896, 895, -1,
      1543, 895, 1544, -1,
      1544, 895, 894, -1,
      1544, 894, 1545, -1,
      1545, 894, 893, -1,
      1545, 893, 1546, -1,
      1546, 893, 892, -1,
      1546, 892, 1547, -1,
      1547, 892, 891, -1,
      1547, 891, 1548, -1,
      1548, 891, 890, -1,
      1548, 890, 1549, -1,
      1549, 890, 889, -1,
      1549, 889, 1550, -1,
      1550, 889, 912, -1,
      1550, 912, 1551, -1,
      1551, 912, 911, -1,
      1551, 911, 1552, -1,
      1552, 911, 910, -1,
      1552, 910, 1553, -1,
      1553, 910, 909, -1,
      1553, 909, 1554, -1,
      1554, 909, 908, -1,
      1554, 908, 1555, -1,
      1555, 908, 907, -1,
      1555, 907, 1556, -1,
      1556, 907, 906, -1,
      1556, 906, 1557, -1,
      1557, 906, 905, -1,
      1557, 905, 1558, -1,
      1558, 905, 904, -1,
      1558, 904, 1559, -1,
      1559, 904, 903, -1,
      1559, 903, 1560, -1,
      1560, 903, 902, -1,
      1560, 902, 1561, -1,
      1561, 902, 901, -1,
      1561, 901, 1562, -1,
      1562, 901, 900, -1,
      1562, 900, 1563, -1,
      1563, 900, 899, -1,
      1564, 788, 834, -1,
      834, 788, 802, -1,
      789, 1565, 790, -1,
      790, 1565, 830, -1,
      1565, 1564, 830, -1,
      830, 1564, 834, -1,
      1565, 789, 1564, -1,
      1564, 789, 788, -1,
      46, 1566, 48, -1,
      48, 1566, 1567, -1,
      48, 1567, 49, -1,
      49, 1567, 1568, -1,
      49, 1568, 57, -1,
      57, 1568, 1569, -1,
      57, 1569, 58, -1,
      58, 1569, 1570, -1,
      58, 1570, 59, -1,
      59, 1570, 1571, -1,
      59, 1571, 38, -1,
      38, 1571, 1572, -1,
      38, 1572, 39, -1,
      39, 1572, 1573, -1,
      39, 1573, 40, -1,
      40, 1573, 1574, -1,
      40, 1574, 41, -1,
      41, 1574, 1575, -1,
      41, 1575, 42, -1,
      42, 1575, 1576, -1,
      42, 1576, 60, -1,
      60, 1576, 1577, -1,
      60, 1577, 61, -1,
      61, 1577, 1578, -1,
      61, 1578, 62, -1,
      62, 1578, 1579, -1,
      62, 1579, 53, -1,
      53, 1579, 1580, -1,
      53, 1580, 52, -1,
      52, 1580, 1581, -1,
      52, 1581, 50, -1,
      50, 1581, 1582, -1,
      50, 1582, 63, -1,
      63, 1582, 1583, -1,
      63, 1583, 64, -1,
      64, 1583, 1584, -1,
      64, 1584, 66, -1,
      66, 1584, 1585, -1,
      66, 1585, 67, -1,
      67, 1585, 1586, -1,
      67, 1586, 56, -1,
      56, 1586, 1587, -1,
      56, 1587, 43, -1,
      43, 1587, 1588, -1,
      43, 1588, 44, -1,
      44, 1588, 1589, -1,
      44, 1589, 46, -1,
      46, 1589, 1566, -1,
      1590, 1589, 1591, -1,
      1591, 1589, 1588, -1,
      1591, 1588, 1592, -1,
      1592, 1588, 1587, -1,
      1592, 1587, 1593, -1,
      1593, 1587, 1586, -1,
      1593, 1586, 1594, -1,
      1594, 1586, 1585, -1,
      1594, 1585, 1595, -1,
      1595, 1585, 1584, -1,
      1595, 1584, 1596, -1,
      1596, 1584, 1583, -1,
      1596, 1583, 1597, -1,
      1597, 1583, 1582, -1,
      1597, 1582, 1598, -1,
      1598, 1582, 1581, -1,
      1598, 1581, 1599, -1,
      1599, 1581, 1580, -1,
      1599, 1580, 1600, -1,
      1600, 1580, 1579, -1,
      1600, 1579, 1601, -1,
      1601, 1579, 1578, -1,
      1601, 1578, 1602, -1,
      1602, 1578, 1577, -1,
      1602, 1577, 1603, -1,
      1603, 1577, 1576, -1,
      1603, 1576, 1604, -1,
      1604, 1576, 1575, -1,
      1604, 1575, 1605, -1,
      1605, 1575, 1574, -1,
      1605, 1574, 1606, -1,
      1606, 1574, 1573, -1,
      1606, 1573, 1607, -1,
      1607, 1573, 1572, -1,
      1607, 1572, 1608, -1,
      1608, 1572, 1571, -1,
      1608, 1571, 1609, -1,
      1609, 1571, 1570, -1,
      1609, 1570, 1610, -1,
      1610, 1570, 1569, -1,
      1610, 1569, 1611, -1,
      1611, 1569, 1568, -1,
      1611, 1568, 1612, -1,
      1612, 1568, 1567, -1,
      1612, 1567, 1613, -1,
      1613, 1567, 1566, -1,
      1613, 1566, 1590, -1,
      1590, 1566, 1589, -1,
      548, 1614, 549, -1,
      549, 1614, 1615, -1,
      549, 1615, 550, -1,
      550, 1615, 1616, -1,
      550, 1616, 551, -1,
      551, 1616, 1617, -1,
      551, 1617, 552, -1,
      552, 1617, 1618, -1,
      552, 1618, 553, -1,
      553, 1618, 1619, -1,
      553, 1619, 537, -1,
      537, 1619, 1620, -1,
      537, 1620, 538, -1,
      538, 1620, 1621, -1,
      538, 1621, 540, -1,
      540, 1621, 1622, -1,
      540, 1622, 541, -1,
      541, 1622, 1623, -1,
      541, 1623, 568, -1,
      568, 1623, 1624, -1,
      568, 1624, 569, -1,
      569, 1624, 1625, -1,
      569, 1625, 570, -1,
      570, 1625, 1626, -1,
      570, 1626, 542, -1,
      542, 1626, 1627, -1,
      542, 1627, 543, -1,
      543, 1627, 1628, -1,
      543, 1628, 571, -1,
      571, 1628, 1629, -1,
      571, 1629, 572, -1,
      572, 1629, 1630, -1,
      572, 1630, 573, -1,
      573, 1630, 1631, -1,
      573, 1631, 534, -1,
      534, 1631, 1632, -1,
      534, 1632, 535, -1,
      535, 1632, 1633, -1,
      535, 1633, 544, -1,
      544, 1633, 1634, -1,
      544, 1634, 545, -1,
      545, 1634, 1635, -1,
      545, 1635, 546, -1,
      546, 1635, 1636, -1,
      546, 1636, 547, -1,
      547, 1636, 1637, -1,
      547, 1637, 548, -1,
      548, 1637, 1614, -1,
      1638, 1617, 1639, -1,
      1639, 1617, 1616, -1,
      1639, 1616, 1640, -1,
      1640, 1616, 1615, -1,
      1640, 1615, 1641, -1,
      1641, 1615, 1614, -1,
      1641, 1614, 1642, -1,
      1642, 1614, 1637, -1,
      1642, 1637, 1643, -1,
      1643, 1637, 1636, -1,
      1643, 1636, 1644, -1,
      1644, 1636, 1635, -1,
      1644, 1635, 1645, -1,
      1645, 1635, 1634, -1,
      1645, 1634, 1646, -1,
      1646, 1634, 1633, -1,
      1646, 1633, 1647, -1,
      1647, 1633, 1632, -1,
      1647, 1632, 1648, -1,
      1648, 1632, 1631, -1,
      1648, 1631, 1649, -1,
      1649, 1631, 1630, -1,
      1649, 1630, 1650, -1,
      1650, 1630, 1629, -1,
      1650, 1629, 1651, -1,
      1651, 1629, 1628, -1,
      1651, 1628, 1652, -1,
      1652, 1628, 1627, -1,
      1652, 1627, 1653, -1,
      1653, 1627, 1626, -1,
      1653, 1626, 1654, -1,
      1654, 1626, 1625, -1,
      1654, 1625, 1655, -1,
      1655, 1625, 1624, -1,
      1655, 1624, 1656, -1,
      1656, 1624, 1623, -1,
      1656, 1623, 1657, -1,
      1657, 1623, 1622, -1,
      1657, 1622, 1658, -1,
      1658, 1622, 1621, -1,
      1658, 1621, 1659, -1,
      1659, 1621, 1620, -1,
      1659, 1620, 1660, -1,
      1660, 1620, 1619, -1,
      1660, 1619, 1661, -1,
      1661, 1619, 1618, -1,
      1661, 1618, 1638, -1,
      1638, 1618, 1617, -1,
      1662, 29, 1663, -1,
      1663, 29, 28, -1,
      1663, 28, 1664, -1,
      1664, 28, 26, -1,
      1664, 26, 1665, -1,
      1665, 26, 24, -1,
      1665, 24, 1666, -1,
      1666, 24, 23, -1,
      1666, 23, 1667, -1,
      1667, 23, 104, -1,
      1667, 104, 1668, -1,
      1668, 104, 103, -1,
      1668, 103, 1669, -1,
      103, 101, 1669, -1,
      1669, 101, 100, -1,
      1669, 100, 1670, -1,
      1670, 100, 110, -1,
      1670, 110, 1671, -1,
      1671, 110, 109, -1,
      1671, 109, 1672, -1,
      1672, 109, 108, -1,
      1672, 108, 1673, -1,
      1673, 108, 87, -1,
      1673, 87, 1674, -1,
      1674, 87, 89, -1,
      1674, 89, 1675, -1,
      1675, 89, 90, -1,
      1675, 90, 1676, -1,
      1676, 90, 99, -1,
      1676, 99, 1677, -1,
      1677, 99, 98, -1,
      1677, 98, 1678, -1,
      1678, 98, 97, -1,
      1678, 97, 1679, -1,
      1679, 97, 96, -1,
      1679, 96, 1680, -1,
      1680, 96, 95, -1,
      1680, 95, 1681, -1,
      1681, 95, 107, -1,
      1681, 107, 1682, -1,
      1682, 107, 106, -1,
      1682, 106, 1683, -1,
      1683, 106, 105, -1,
      1683, 105, 1684, -1,
      1684, 105, 93, -1,
      1684, 93, 1685, -1,
      1685, 93, 92, -1,
      1685, 92, 1662, -1,
      1662, 92, 31, -1,
      1662, 31, 29, -1,
      1686, 1677, 1687, -1,
      1687, 1677, 1678, -1,
      1687, 1678, 1688, -1,
      1688, 1678, 1679, -1,
      1688, 1679, 1689, -1,
      1689, 1679, 1680, -1,
      1689, 1680, 1690, -1,
      1690, 1680, 1681, -1,
      1690, 1681, 1691, -1,
      1691, 1681, 1682, -1,
      1691, 1682, 1692, -1,
      1692, 1682, 1683, -1,
      1692, 1683, 1693, -1,
      1693, 1683, 1684, -1,
      1693, 1684, 1694, -1,
      1694, 1684, 1685, -1,
      1694, 1685, 1695, -1,
      1695, 1685, 1662, -1,
      1695, 1662, 1696, -1,
      1696, 1662, 1663, -1,
      1696, 1663, 1697, -1,
      1697, 1663, 1664, -1,
      1697, 1664, 1698, -1,
      1698, 1664, 1665, -1,
      1698, 1665, 1699, -1,
      1699, 1665, 1666, -1,
      1699, 1666, 1700, -1,
      1700, 1666, 1667, -1,
      1700, 1667, 1701, -1,
      1701, 1667, 1668, -1,
      1701, 1668, 1702, -1,
      1702, 1668, 1669, -1,
      1702, 1669, 1703, -1,
      1703, 1669, 1670, -1,
      1703, 1670, 1704, -1,
      1704, 1670, 1671, -1,
      1704, 1671, 1705, -1,
      1705, 1671, 1672, -1,
      1705, 1672, 1706, -1,
      1706, 1672, 1673, -1,
      1706, 1673, 1707, -1,
      1707, 1673, 1674, -1,
      1707, 1674, 1708, -1,
      1708, 1674, 1675, -1,
      1708, 1675, 1709, -1,
      1709, 1675, 1676, -1,
      1709, 1676, 1686, -1,
      1686, 1676, 1677, -1,
      1710, 138, 1711, -1,
      1711, 138, 137, -1,
      1711, 137, 1712, -1,
      1712, 137, 136, -1,
      1712, 136, 1713, -1,
      1713, 136, 134, -1,
      1713, 134, 1714, -1,
      1714, 134, 133, -1,
      1714, 133, 1715, -1,
      1715, 133, 132, -1,
      1715, 132, 1716, -1,
      1716, 132, 131, -1,
      1716, 131, 1717, -1,
      131, 130, 1717, -1,
      1717, 130, 122, -1,
      1717, 122, 1718, -1,
      1718, 122, 121, -1,
      1718, 121, 1719, -1,
      1719, 121, 120, -1,
      1719, 120, 1720, -1,
      1720, 120, 119, -1,
      1720, 119, 1721, -1,
      1721, 119, 115, -1,
      1721, 115, 1722, -1,
      1722, 115, 114, -1,
      1722, 114, 1723, -1,
      1723, 114, 112, -1,
      1723, 112, 1724, -1,
      1724, 112, 111, -1,
      1724, 111, 1725, -1,
      1725, 111, 124, -1,
      1725, 124, 1726, -1,
      1726, 124, 123, -1,
      1726, 123, 1727, -1,
      1727, 123, 118, -1,
      1727, 118, 1728, -1,
      1728, 118, 117, -1,
      1728, 117, 1729, -1,
      1729, 117, 129, -1,
      1729, 129, 1730, -1,
      1730, 129, 128, -1,
      1730, 128, 1731, -1,
      1731, 128, 126, -1,
      1731, 126, 1732, -1,
      1732, 126, 125, -1,
      1732, 125, 1733, -1,
      1733, 125, 140, -1,
      1733, 140, 1710, -1,
      1710, 140, 139, -1,
      1710, 139, 138, -1,
      1734, 1723, 1735, -1,
      1735, 1723, 1724, -1,
      1735, 1724, 1736, -1,
      1736, 1724, 1725, -1,
      1736, 1725, 1737, -1,
      1737, 1725, 1726, -1,
      1737, 1726, 1738, -1,
      1738, 1726, 1727, -1,
      1738, 1727, 1739, -1,
      1739, 1727, 1728, -1,
      1739, 1728, 1740, -1,
      1740, 1728, 1729, -1,
      1740, 1729, 1741, -1,
      1741, 1729, 1730, -1,
      1741, 1730, 1742, -1,
      1742, 1730, 1731, -1,
      1742, 1731, 1743, -1,
      1743, 1731, 1732, -1,
      1743, 1732, 1744, -1,
      1744, 1732, 1733, -1,
      1744, 1733, 1745, -1,
      1745, 1733, 1710, -1,
      1745, 1710, 1746, -1,
      1746, 1710, 1711, -1,
      1746, 1711, 1747, -1,
      1747, 1711, 1712, -1,
      1747, 1712, 1748, -1,
      1748, 1712, 1713, -1,
      1748, 1713, 1749, -1,
      1749, 1713, 1714, -1,
      1749, 1714, 1750, -1,
      1750, 1714, 1715, -1,
      1750, 1715, 1751, -1,
      1751, 1715, 1716, -1,
      1751, 1716, 1752, -1,
      1752, 1716, 1717, -1,
      1752, 1717, 1753, -1,
      1753, 1717, 1718, -1,
      1753, 1718, 1754, -1,
      1754, 1718, 1719, -1,
      1754, 1719, 1755, -1,
      1755, 1719, 1720, -1,
      1755, 1720, 1756, -1,
      1756, 1720, 1721, -1,
      1756, 1721, 1757, -1,
      1757, 1721, 1722, -1,
      1757, 1722, 1734, -1,
      1734, 1722, 1723, -1,
      1758, 1737, 1759, -1,
      1759, 1737, 1738, -1,
      1759, 1738, 1760, -1,
      1760, 1738, 1739, -1,
      1760, 1739, 1761, -1,
      1761, 1739, 1740, -1,
      1761, 1740, 1762, -1,
      1762, 1740, 1741, -1,
      1762, 1741, 1763, -1,
      1763, 1741, 1742, -1,
      1763, 1742, 1764, -1,
      1764, 1742, 1743, -1,
      1764, 1743, 1765, -1,
      1765, 1743, 1744, -1,
      1765, 1744, 1766, -1,
      1766, 1744, 1745, -1,
      1766, 1745, 1767, -1,
      1767, 1745, 1746, -1,
      1767, 1746, 1768, -1,
      1768, 1746, 1747, -1,
      1768, 1747, 1769, -1,
      1769, 1747, 1748, -1,
      1769, 1748, 1770, -1,
      1770, 1748, 1749, -1,
      1770, 1749, 1771, -1,
      1771, 1749, 1750, -1,
      1771, 1750, 1772, -1,
      1772, 1750, 1751, -1,
      1772, 1751, 1773, -1,
      1773, 1751, 1752, -1,
      1773, 1752, 1774, -1,
      1774, 1752, 1753, -1,
      1774, 1753, 1775, -1,
      1775, 1753, 1754, -1,
      1775, 1754, 1776, -1,
      1776, 1754, 1755, -1,
      1776, 1755, 1777, -1,
      1777, 1755, 1756, -1,
      1777, 1756, 1778, -1,
      1778, 1756, 1757, -1,
      1778, 1757, 1779, -1,
      1779, 1757, 1734, -1,
      1779, 1734, 1780, -1,
      1780, 1734, 1735, -1,
      1780, 1735, 1781, -1,
      1781, 1735, 1736, -1,
      1781, 1736, 1758, -1,
      1758, 1736, 1737, -1,
      1779, 1780, 1782, -1,
      1782, 1780, 1781, -1,
      1782, 1781, 1758, -1,
      1776, 1777, 1782, -1,
      1782, 1777, 1778, -1,
      1782, 1778, 1779, -1,
      1773, 1774, 1782, -1,
      1782, 1774, 1775, -1,
      1782, 1775, 1776, -1,
      1770, 1771, 1782, -1,
      1782, 1771, 1772, -1,
      1782, 1772, 1773, -1,
      1767, 1768, 1782, -1,
      1782, 1768, 1769, -1,
      1782, 1769, 1770, -1,
      1764, 1765, 1782, -1,
      1782, 1765, 1766, -1,
      1782, 1766, 1767, -1,
      1761, 1762, 1782, -1,
      1782, 1762, 1763, -1,
      1782, 1763, 1764, -1,
      1758, 1759, 1782, -1,
      1782, 1759, 1760, -1,
      1782, 1760, 1761, -1,
      1783, 1687, 1784, -1,
      1784, 1687, 1688, -1,
      1784, 1688, 1785, -1,
      1785, 1688, 1689, -1,
      1785, 1689, 1786, -1,
      1786, 1689, 1690, -1,
      1786, 1690, 1787, -1,
      1787, 1690, 1691, -1,
      1787, 1691, 1788, -1,
      1788, 1691, 1692, -1,
      1788, 1692, 1789, -1,
      1789, 1692, 1693, -1,
      1789, 1693, 1790, -1,
      1790, 1693, 1694, -1,
      1790, 1694, 1791, -1,
      1791, 1694, 1695, -1,
      1791, 1695, 1792, -1,
      1792, 1695, 1696, -1,
      1792, 1696, 1793, -1,
      1793, 1696, 1697, -1,
      1793, 1697, 1794, -1,
      1794, 1697, 1698, -1,
      1794, 1698, 1795, -1,
      1795, 1698, 1699, -1,
      1795, 1699, 1796, -1,
      1796, 1699, 1700, -1,
      1796, 1700, 1797, -1,
      1797, 1700, 1701, -1,
      1797, 1701, 1798, -1,
      1798, 1701, 1702, -1,
      1798, 1702, 1799, -1,
      1799, 1702, 1703, -1,
      1799, 1703, 1800, -1,
      1800, 1703, 1704, -1,
      1800, 1704, 1801, -1,
      1801, 1704, 1705, -1,
      1801, 1705, 1802, -1,
      1802, 1705, 1706, -1,
      1802, 1706, 1803, -1,
      1803, 1706, 1707, -1,
      1803, 1707, 1804, -1,
      1804, 1707, 1708, -1,
      1804, 1708, 1805, -1,
      1805, 1708, 1709, -1,
      1805, 1709, 1806, -1,
      1806, 1709, 1686, -1,
      1806, 1686, 1783, -1,
      1783, 1686, 1687, -1,
      1804, 1805, 1807, -1,
      1807, 1805, 1806, -1,
      1807, 1806, 1783, -1,
      1801, 1802, 1807, -1,
      1807, 1802, 1803, -1,
      1807, 1803, 1804, -1,
      1798, 1799, 1807, -1,
      1807, 1799, 1800, -1,
      1807, 1800, 1801, -1,
      1795, 1796, 1807, -1,
      1807, 1796, 1797, -1,
      1807, 1797, 1798, -1,
      1792, 1793, 1807, -1,
      1807, 1793, 1794, -1,
      1807, 1794, 1795, -1,
      1789, 1790, 1807, -1,
      1807, 1790, 1791, -1,
      1807, 1791, 1792, -1,
      1786, 1787, 1807, -1,
      1807, 1787, 1788, -1,
      1807, 1788, 1789, -1,
      1783, 1784, 1807, -1,
      1807, 1784, 1785, -1,
      1807, 1785, 1786, -1,
      1808, 1643, 1809, -1,
      1809, 1643, 1644, -1,
      1809, 1644, 1810, -1,
      1810, 1644, 1645, -1,
      1810, 1645, 1811, -1,
      1811, 1645, 1646, -1,
      1811, 1646, 1812, -1,
      1812, 1646, 1647, -1,
      1812, 1647, 1813, -1,
      1813, 1647, 1648, -1,
      1813, 1648, 1814, -1,
      1814, 1648, 1649, -1,
      1814, 1649, 1815, -1,
      1815, 1649, 1650, -1,
      1815, 1650, 1816, -1,
      1816, 1650, 1651, -1,
      1816, 1651, 1817, -1,
      1817, 1651, 1652, -1,
      1817, 1652, 1818, -1,
      1818, 1652, 1653, -1,
      1818, 1653, 1819, -1,
      1819, 1653, 1654, -1,
      1819, 1654, 1820, -1,
      1820, 1654, 1655, -1,
      1820, 1655, 1821, -1,
      1821, 1655, 1656, -1,
      1821, 1656, 1822, -1,
      1822, 1656, 1657, -1,
      1822, 1657, 1823, -1,
      1823, 1657, 1658, -1,
      1823, 1658, 1824, -1,
      1824, 1658, 1659, -1,
      1824, 1659, 1825, -1,
      1825, 1659, 1660, -1,
      1825, 1660, 1826, -1,
      1826, 1660, 1661, -1,
      1826, 1661, 1827, -1,
      1827, 1661, 1638, -1,
      1827, 1638, 1828, -1,
      1828, 1638, 1639, -1,
      1828, 1639, 1829, -1,
      1829, 1639, 1640, -1,
      1829, 1640, 1830, -1,
      1830, 1640, 1641, -1,
      1830, 1641, 1831, -1,
      1831, 1641, 1642, -1,
      1831, 1642, 1808, -1,
      1808, 1642, 1643, -1,
      1829, 1830, 1832, -1,
      1832, 1830, 1831, -1,
      1832, 1831, 1808, -1,
      1826, 1827, 1832, -1,
      1832, 1827, 1828, -1,
      1832, 1828, 1829, -1,
      1823, 1824, 1832, -1,
      1832, 1824, 1825, -1,
      1832, 1825, 1826, -1,
      1820, 1821, 1832, -1,
      1832, 1821, 1822, -1,
      1832, 1822, 1823, -1,
      1817, 1818, 1832, -1,
      1832, 1818, 1819, -1,
      1832, 1819, 1820, -1,
      1814, 1815, 1832, -1,
      1832, 1815, 1816, -1,
      1832, 1816, 1817, -1,
      1811, 1812, 1832, -1,
      1832, 1812, 1813, -1,
      1832, 1813, 1814, -1,
      1808, 1809, 1832, -1,
      1832, 1809, 1810, -1,
      1832, 1810, 1811, -1,
      1833, 1591, 1834, -1,
      1834, 1591, 1592, -1,
      1834, 1592, 1835, -1,
      1835, 1592, 1593, -1,
      1835, 1593, 1836, -1,
      1836, 1593, 1594, -1,
      1836, 1594, 1837, -1,
      1837, 1594, 1595, -1,
      1837, 1595, 1838, -1,
      1838, 1595, 1596, -1,
      1838, 1596, 1839, -1,
      1839, 1596, 1597, -1,
      1839, 1597, 1840, -1,
      1840, 1597, 1598, -1,
      1840, 1598, 1841, -1,
      1841, 1598, 1599, -1,
      1841, 1599, 1842, -1,
      1842, 1599, 1600, -1,
      1842, 1600, 1843, -1,
      1843, 1600, 1601, -1,
      1843, 1601, 1844, -1,
      1844, 1601, 1602, -1,
      1844, 1602, 1845, -1,
      1845, 1602, 1603, -1,
      1845, 1603, 1846, -1,
      1846, 1603, 1604, -1,
      1846, 1604, 1847, -1,
      1847, 1604, 1605, -1,
      1847, 1605, 1848, -1,
      1848, 1605, 1606, -1,
      1848, 1606, 1849, -1,
      1849, 1606, 1607, -1,
      1849, 1607, 1850, -1,
      1850, 1607, 1608, -1,
      1850, 1608, 1851, -1,
      1851, 1608, 1609, -1,
      1851, 1609, 1852, -1,
      1852, 1609, 1610, -1,
      1852, 1610, 1853, -1,
      1853, 1610, 1611, -1,
      1853, 1611, 1854, -1,
      1854, 1611, 1612, -1,
      1854, 1612, 1855, -1,
      1855, 1612, 1613, -1,
      1855, 1613, 1856, -1,
      1856, 1613, 1590, -1,
      1856, 1590, 1833, -1,
      1833, 1590, 1591, -1,
      1854, 1855, 1857, -1,
      1857, 1855, 1856, -1,
      1857, 1856, 1833, -1,
      1851, 1852, 1857, -1,
      1857, 1852, 1853, -1,
      1857, 1853, 1854, -1,
      1848, 1849, 1857, -1,
      1857, 1849, 1850, -1,
      1857, 1850, 1851, -1,
      1845, 1846, 1857, -1,
      1857, 1846, 1847, -1,
      1857, 1847, 1848, -1,
      1842, 1843, 1857, -1,
      1857, 1843, 1844, -1,
      1857, 1844, 1845, -1,
      1839, 1840, 1857, -1,
      1857, 1840, 1841, -1,
      1857, 1841, 1842, -1,
      1836, 1837, 1857, -1,
      1857, 1837, 1838, -1,
      1857, 1838, 1839, -1,
      1833, 1834, 1857, -1,
      1857, 1834, 1835, -1,
      1857, 1835, 1836, -1,
      1858, 173, 1859, -1,
      1859, 173, 172, -1,
      1859, 172, 1860, -1,
      1860, 172, 164, -1,
      1860, 164, 1861, -1,
      1861, 164, 163, -1,
      1861, 163, 1862, -1,
      1862, 163, 162, -1,
      1862, 162, 1863, -1,
      1863, 162, 156, -1,
      1863, 156, 1864, -1,
      1864, 156, 157, -1,
      1858, 1865, 173, -1,
      173, 1865, 174, -1,
      1866, 170, 1867, -1,
      1867, 170, 169, -1,
      1867, 169, 1868, -1,
      1868, 169, 168, -1,
      1868, 168, 1869, -1,
      1869, 168, 167, -1,
      1869, 167, 1870, -1,
      1870, 167, 166, -1,
      1870, 166, 1871, -1,
      1871, 166, 165, -1,
      1871, 165, 1865, -1,
      1865, 165, 174, -1,
      170, 1866, 171, -1,
      171, 1866, 1872, -1,
      171, 1872, 145, -1,
      1873, 153, 1874, -1,
      1874, 153, 152, -1,
      1874, 152, 1875, -1,
      1875, 152, 151, -1,
      1875, 151, 1876, -1,
      1876, 151, 150, -1,
      1876, 150, 1877, -1,
      1877, 150, 149, -1,
      1877, 149, 1878, -1,
      1878, 149, 148, -1,
      1878, 148, 1872, -1,
      1872, 148, 145, -1,
      1873, 1879, 153, -1,
      153, 1879, 154, -1,
      1880, 160, 1881, -1,
      1881, 160, 159, -1,
      1881, 159, 1882, -1,
      1882, 159, 144, -1,
      1882, 144, 1883, -1,
      1883, 144, 142, -1,
      1883, 142, 1884, -1,
      1884, 142, 141, -1,
      1884, 141, 1885, -1,
      1885, 141, 155, -1,
      1885, 155, 1879, -1,
      1879, 155, 154, -1,
      160, 1880, 161, -1,
      161, 1880, 1864, -1,
      161, 1864, 157, -1,
    ]
  }
}

Shape {
  appearance Appearance {
    material Material {
      diffuseColor 0.7294 0.3569 0.0235
      specularColor 0.3647 0.1765 0.0118
      ambientIntensity 0.2
      transparency 0.0000
      shininess 0.5
    }
  }
  geometry IndexedFaceSet {
    ccw TRUE
    solid FALSE
    coord DEF co Coordinate {
      point [
        1.141732 0.083321 5.629921,
        1.172302 0.079296 5.629921,
        1.200787 0.067497 5.629921,
        1.225249 0.048727 5.629921,
        1.244019 0.024266 5.629921,
        1.255818 -0.004220 5.629921,
        1.259843 -0.034789 5.629921,
        0.314961 0.083321 5.629921,
        0.196850 -0.034789 5.629921,
        0.200875 -0.004220 5.629921,
        0.212674 0.024266 5.629921,
        0.231444 0.048727 5.629921,
        0.255906 0.067497 5.629921,
        0.284391 0.079296 5.629921,
        0.196850 -0.979671 5.629921,
        0.314961 -1.097782 5.629921,
        0.284391 -1.093757 5.629921,
        0.255906 -1.081958 5.629921,
        0.231444 -1.063188 5.629921,
        0.212674 -1.038727 5.629921,
        0.200875 -1.010241 5.629921,
        1.141732 -1.097782 5.629921,
        1.259843 -0.979671 5.629921,
        1.255818 -1.010241 5.629921,
        1.244019 -1.038727 5.629921,
        1.225249 -1.063188 5.629921,
        1.200787 -1.081958 5.629921,
        1.172302 -1.093757 5.629921,
      ]
    }
    coordIndex [
      7, 0, 6, -1,
      21, 15, 14, -1,
      27, 21, 23, -1,
      10, 11, 12, -1,
      2, 3, 1, -1,
      1, 3, 4, -1,
      1, 4, 0, -1,
      0, 4, 5, -1,
      0, 5, 6, -1,
      23, 21, 22, -1,
      22, 21, 14, -1,
      22, 14, 6, -1,
      6, 14, 8, -1,
      6, 8, 7, -1,
      17, 18, 19, -1,
      8, 9, 7, -1,
      7, 9, 10, -1,
      7, 10, 13, -1,
      13, 10, 12, -1,
      15, 16, 14, -1,
      14, 16, 17, -1,
      14, 17, 20, -1,
      20, 17, 19, -1,
      24, 25, 23, -1,
      23, 25, 26, -1,
      23, 26, 27, -1,
    ]
  }
}

Shape {
  appearance Appearance {
    material Material {
      diffuseColor 0.2510 0.2510 0.2510
      specularColor 0.1255 0.1255 0.1255
      ambientIntensity 0.2
      transparency 0.0000
      shininess 0.5
    }
  }
  geometry IndexedFaceSet {
    ccw TRUE
    solid FALSE
    coord DEF co Coordinate {
      point [
        -0.722416 -1.097782 5.511811,
        -0.212674 0.024266 5.511811,
        -0.231444 0.048727 5.511811,
        -0.255906 0.067497 5.511811,
        -0.284391 0.079296 5.511811,
        -0.196850 -0.034789 5.511811,
        -0.200875 -0.004220 5.511811,
        -0.356887 -1.097782 5.511811,
        -0.314961 -1.097782 5.511811,
        -0.284391 -1.093757 5.511811,
        -0.255906 -1.081958 5.511811,
        -0.231444 -1.063188 5.511811,
        -0.212674 -1.038727 5.511811,
        -0.200875 -1.010241 5.511811,
        -0.196850 -0.979671 5.511811,
        -0.196850 -0.507462 5.511811,
        -0.590862 -1.097782 5.511811,
        -0.792034 -1.097782 5.511811,
        -1.047784 -1.097782 5.511811,
        -1.244019 -1.038727 5.511811,
        -1.225249 -1.063188 5.511811,
        -1.200787 -1.081958 5.511811,
        -1.172302 -1.093757 5.511811,
        -1.141732 -1.097782 5.511811,
        -1.259843 -0.979671 5.511811,
        -1.255818 -1.010241 5.511811,
        -1.200787 0.067497 5.511811,
        -1.225249 0.048727 5.511811,
        -1.244019 0.024266 5.511811,
        -1.141732 0.083321 5.511811,
        -1.172302 0.079296 5.511811,
        -1.255818 -0.004220 5.511811,
        -1.259843 -0.034789 5.511811,
        -1.259843 -0.507462 5.511811,
        -0.314961 0.083321 5.511811,
        -0.356887 0.083321 5.511811,
        -0.590862 0.083321 5.511811,
        -0.722416 0.083321 5.511811,
        -0.792034 0.083321 5.511811,
        -1.047784 0.083321 5.511811,
        -1.259843 -0.034789 5.629921,
        -1.255818 -0.004220 5.629921,
        -1.244019 0.024266 5.629921,
        -1.225249 0.048727 5.629921,
        -1.200787 0.067497 5.629921,
        -1.172302 0.079296 5.629921,
        -1.141732 0.083321 5.629921,
        -1.259843 -0.979671 5.629921,
        -1.141732 -1.097782 5.629921,
        -1.172302 -1.093757 5.629921,
        -1.200787 -1.081958 5.629921,
        -1.225249 -1.063188 5.629921,
        -1.244019 -1.038727 5.629921,
        -1.255818 -1.010241 5.629921,
        -0.314961 -1.097782 5.629921,
        -0.196850 -0.979671 5.629921,
        -0.200875 -1.010241 5.629921,
        -0.212674 -1.038727 5.629921,
        -0.231444 -1.063188 5.629921,
        -0.255906 -1.081958 5.629921,
        -0.284391 -1.093757 5.629921,
        -0.196850 -0.034789 5.629921,
        -0.314961 0.083321 5.629921,
        -0.284391 0.079296 5.629921,
        -0.255906 0.067497 5.629921,
        -0.231444 0.048727 5.629921,
        -0.212674 0.024266 5.629921,
        -0.200875 -0.004220 5.629921,
      ]
    }
    coordIndex [
      40, 32, 41, -1,
      41, 32, 31, -1,
      41, 31, 42, -1,
      42, 31, 28, -1,
      42, 28, 43, -1,
      43, 28, 27, -1,
      43, 27, 44, -1,
      44, 27, 26, -1,
      44, 26, 45, -1,
      45, 26, 30, -1,
      45, 30, 46, -1,
      46, 30, 29, -1,
      32, 40, 33, -1,
      33, 40, 47, -1,
      33, 47, 24, -1,
      48, 23, 49, -1,
      49, 23, 22, -1,
      49, 22, 50, -1,
      50, 22, 21, -1,
      50, 21, 51, -1,
      51, 21, 20, -1,
      51, 20, 52, -1,
      52, 20, 19, -1,
      52, 19, 53, -1,
      53, 19, 25, -1,
      53, 25, 47, -1,
      47, 25, 24, -1,
      18, 23, 48, -1,
      54, 8, 7, -1,
      7, 16, 54, -1,
      54, 16, 0, -1,
      54, 0, 48, -1,
      48, 0, 17, -1,
      48, 17, 18, -1,
      55, 14, 56, -1,
      56, 14, 13, -1,
      56, 13, 57, -1,
      57, 13, 12, -1,
      57, 12, 58, -1,
      58, 12, 11, -1,
      58, 11, 59, -1,
      59, 11, 10, -1,
      59, 10, 60, -1,
      60, 10, 9, -1,
      60, 9, 54, -1,
      54, 9, 8, -1,
      14, 55, 15, -1,
      15, 55, 61, -1,
      15, 61, 5, -1,
      62, 34, 63, -1,
      63, 34, 4, -1,
      63, 4, 64, -1,
      64, 4, 3, -1,
      64, 3, 65, -1,
      65, 3, 2, -1,
      65, 2, 66, -1,
      66, 2, 1, -1,
      66, 1, 67, -1,
      67, 1, 6, -1,
      67, 6, 61, -1,
      61, 6, 5, -1,
      35, 34, 62, -1,
      46, 29, 39, -1,
      39, 38, 46, -1,
      46, 38, 37, -1,
      46, 37, 62, -1,
      62, 37, 36, -1,
      62, 36, 35, -1,
    ]
  }
}

Shape {
  appearance Appearance {
    material Material {
      diffuseColor 0.7294 0.3569 0.0235
      specularColor 0.3647 0.1765 0.0118
      ambientIntensity 0.2
      transparency 0.0000
      shininess 0.5
    }
  }
  geometry IndexedFaceSet {
    ccw TRUE
    solid FALSE
    coord DEF co Coordinate {
      point [
        -1.259843 -0.034789 5.629921,
        -1.255818 -0.004220 5.629921,
        -1.244019 0.024266 5.629921,
        -1.225249 0.048727 5.629921,
        -1.200787 0.067497 5.629921,
        -1.172302 0.079296 5.629921,
        -1.141732 0.083321 5.629921,
        -1.259843 -0.979671 5.629921,
        -1.141732 -1.097782 5.629921,
        -1.172302 -1.093757 5.629921,
        -1.200787 -1.081958 5.629921,
        -1.225249 -1.063188 5.629921,
        -1.244019 -1.038727 5.629921,
        -1.255818 -1.010241 5.629921,
        -0.314961 -1.097782 5.629921,
        -0.196850 -0.979671 5.629921,
        -0.200875 -1.010241 5.629921,
        -0.212674 -1.038727 5.629921,
        -0.231444 -1.063188 5.629921,
        -0.255906 -1.081958 5.629921,
        -0.284391 -1.093757 5.629921,
        -0.196850 -0.034789 5.629921,
        -0.314961 0.083321 5.629921,
        -0.284391 0.079296 5.629921,
        -0.255906 0.067497 5.629921,
        -0.231444 0.048727 5.629921,
        -0.212674 0.024266 5.629921,
        -0.200875 -0.004220 5.629921,
      ]
    }
    coordIndex [
      22, 14, 6, -1,
      6, 14, 8, -1,
      16, 17, 14, -1,
      17, 18, 14, -1,
      14, 18, 19, -1,
      14, 19, 20, -1,
      12, 8, 11, -1,
      11, 8, 9, -1,
      11, 9, 10, -1,
      1, 2, 3, -1,
      23, 27, 22, -1,
      22, 27, 21, -1,
      22, 21, 14, -1,
      14, 21, 15, -1,
      14, 15, 16, -1,
      23, 24, 27, -1,
      27, 24, 25, -1,
      27, 25, 26, -1,
      12, 13, 8, -1,
      8, 13, 7, -1,
      8, 7, 6, -1,
      6, 7, 0, -1,
      6, 0, 5, -1,
      5, 0, 1, -1,
      5, 1, 4, -1,
      4, 1, 3, -1,
    ]
  }
}

Shape {
  appearance Appearance {
    material Material {
      diffuseColor 0.2510 0.2510 0.2510
      specularColor 0.1255 0.1255 0.1255
      ambientIntensity 0.2
      transparency 0.0000
      shininess 0.5
    }
  }
  geometry IndexedFaceSet {
    ccw TRUE
    solid FALSE
    coord DEF co Coordinate {
      point [
        -1.047784 1.416031 5.511811,
        -1.075343 1.394884 5.511811,
        -1.175449 1.264423 5.511811,
        -1.255818 0.485822 5.511811,
        -1.244019 0.457336 5.511811,
        -1.225249 0.432875 5.511811,
        -1.200787 0.414105 5.511811,
        -1.238378 1.112498 5.511811,
        -1.259843 0.949462 5.511811,
        -1.259843 0.516392 5.511811,
        -0.792034 1.558041 5.511811,
        -0.792957 1.557920 5.511811,
        -0.944882 1.494990 5.511811,
        -0.629921 1.579383 5.511811,
        -0.722416 1.567207 5.511811,
        -0.356887 1.579383 5.511811,
        -0.590862 1.579383 5.511811,
        -0.212674 1.520328 5.511811,
        -0.231444 1.544790 5.511811,
        -0.255906 0.414105 5.511811,
        -0.231444 0.432875 5.511811,
        -0.212674 0.457336 5.511811,
        -0.200875 0.485822 5.511811,
        -0.314961 0.398281 5.511811,
        -0.284391 0.402306 5.511811,
        -0.196850 0.516392 5.511811,
        -0.196850 1.461274 5.511811,
        -0.200875 1.491843 5.511811,
        -0.255906 1.563560 5.511811,
        -0.284391 1.575359 5.511811,
        -0.314961 1.579383 5.511811,
        -1.172302 0.402306 5.511811,
        -1.141732 0.398281 5.511811,
        -1.047784 0.398281 5.511811,
        -0.792034 0.398281 5.511811,
        -0.722416 0.398281 5.511811,
        -0.590862 0.398281 5.511811,
        -0.356887 0.398281 5.511811,
        -1.141732 0.398281 5.629921,
        -1.172302 0.402306 5.629921,
        -1.200787 0.414105 5.629921,
        -1.225249 0.432875 5.629921,
        -1.244019 0.457336 5.629921,
        -1.255818 0.485822 5.629921,
        -1.259843 0.516392 5.629921,
        -0.314961 0.398281 5.629921,
        -0.196850 0.516392 5.629921,
        -0.200875 0.485822 5.629921,
        -0.212674 0.457336 5.629921,
        -0.231444 0.432875 5.629921,
        -0.255906 0.414105 5.629921,
        -0.284391 0.402306 5.629921,
        -0.196850 1.461274 5.629921,
        -0.314961 1.579383 5.629921,
        -0.284391 1.575359 5.629921,
        -0.255906 1.563560 5.629921,
        -0.231444 1.544790 5.629921,
        -0.212674 1.520328 5.629921,
        -0.200875 1.491843 5.629921,
        -0.629921 1.579383 5.629921,
        -1.259843 0.949462 5.629921,
        -1.238378 1.112498 5.629921,
        -1.175449 1.264423 5.629921,
        -1.075343 1.394884 5.629921,
        -0.944882 1.494990 5.629921,
        -0.792957 1.557920 5.629921,
      ]
    }
    coordIndex [
      38, 32, 39, -1,
      39, 32, 31, -1,
      39, 31, 40, -1,
      40, 31, 6, -1,
      40, 6, 41, -1,
      41, 6, 5, -1,
      41, 5, 42, -1,
      42, 5, 4, -1,
      42, 4, 43, -1,
      43, 4, 3, -1,
      43, 3, 44, -1,
      44, 3, 9, -1,
      33, 32, 38, -1,
      45, 23, 37, -1,
      37, 36, 45, -1,
      45, 36, 35, -1,
      45, 35, 38, -1,
      38, 35, 34, -1,
      38, 34, 33, -1,
      46, 25, 47, -1,
      47, 25, 22, -1,
      47, 22, 48, -1,
      48, 22, 21, -1,
      48, 21, 49, -1,
      49, 21, 20, -1,
      49, 20, 50, -1,
      50, 20, 19, -1,
      50, 19, 51, -1,
      51, 19, 24, -1,
      51, 24, 45, -1,
      45, 24, 23, -1,
      46, 52, 25, -1,
      25, 52, 26, -1,
      53, 30, 54, -1,
      54, 30, 29, -1,
      54, 29, 55, -1,
      55, 29, 28, -1,
      55, 28, 56, -1,
      56, 28, 18, -1,
      56, 18, 57, -1,
      57, 18, 17, -1,
      57, 17, 58, -1,
      58, 17, 27, -1,
      58, 27, 52, -1,
      52, 27, 26, -1,
      15, 30, 53, -1,
      15, 53, 16, -1,
      16, 53, 59, -1,
      16, 59, 13, -1,
      60, 8, 61, -1,
      61, 8, 7, -1,
      61, 7, 62, -1,
      62, 7, 2, -1,
      62, 2, 63, -1,
      2, 1, 63, -1,
      63, 1, 0, -1,
      63, 0, 64, -1,
      64, 0, 12, -1,
      64, 12, 65, -1,
      65, 12, 11, -1,
      13, 59, 14, -1,
      14, 59, 65, -1,
      14, 65, 10, -1,
      10, 65, 11, -1,
      60, 44, 8, -1,
      8, 44, 9, -1,
    ]
  }
}

Shape {
  appearance Appearance {
    material Material {
      diffuseColor 0.7294 0.3569 0.0235
      specularColor 0.3647 0.1765 0.0118
      ambientIntensity 0.2
      transparency 0.0000
      shininess 0.5
    }
  }
  geometry IndexedFaceSet {
    ccw TRUE
    solid FALSE
    coord DEF co Coordinate {
      point [
        -1.141732 0.398281 5.629921,
        -1.172302 0.402306 5.629921,
        -1.200787 0.414105 5.629921,
        -1.225249 0.432875 5.629921,
        -1.244019 0.457336 5.629921,
        -1.255818 0.485822 5.629921,
        -1.259843 0.516392 5.629921,
        -0.314961 0.398281 5.629921,
        -0.196850 0.516392 5.629921,
        -0.200875 0.485822 5.629921,
        -0.212674 0.457336 5.629921,
        -0.231444 0.432875 5.629921,
        -0.255906 0.414105 5.629921,
        -0.284391 0.402306 5.629921,
        -0.196850 1.461274 5.629921,
        -0.314961 1.579383 5.629921,
        -0.284391 1.575359 5.629921,
        -0.255906 1.563560 5.629921,
        -0.231444 1.544790 5.629921,
        -0.212674 1.520328 5.629921,
        -0.200875 1.491843 5.629921,
        -0.629921 1.579383 5.629921,
        -1.259843 0.949462 5.629921,
        -1.238378 1.112498 5.629921,
        -1.175449 1.264423 5.629921,
        -1.075343 1.394884 5.629921,
        -0.944882 1.494990 5.629921,
        -0.792957 1.557920 5.629921,
      ]
    }
    coordIndex [
      6, 7, 0, -1,
      27, 21, 7, -1,
      7, 21, 15, -1,
      6, 3, 5, -1,
      5, 3, 4, -1,
      12, 8, 11, -1,
      11, 8, 9, -1,
      11, 9, 10, -1,
      0, 1, 6, -1,
      6, 1, 2, -1,
      6, 2, 3, -1,
      6, 22, 7, -1,
      7, 22, 23, -1,
      7, 23, 24, -1,
      24, 25, 7, -1,
      7, 25, 26, -1,
      7, 26, 27, -1,
      16, 17, 18, -1,
      12, 13, 8, -1,
      8, 13, 7, -1,
      8, 7, 14, -1,
      14, 7, 15, -1,
      14, 15, 20, -1,
      20, 15, 16, -1,
      20, 16, 19, -1,
      19, 16, 18, -1,
    ]
  }
}

Shape {
  appearance Appearance {
    material Material {
      diffuseColor 0.2510 0.2510 0.2510
      specularColor 0.1255 0.1255 0.1255
      ambientIntensity 0.2
      transparency 0.0000
      shininess 0.5
    }
  }
  geometry IndexedFaceSet {
    ccw TRUE
    solid FALSE
    coord DEF co Coordinate {
      point [
        0.196850 0.516392 5.511811,
        0.196850 1.461274 5.511811,
        0.200875 1.491843 5.511811,
        0.200875 0.485822 5.511811,
        0.212674 0.457336 5.511811,
        0.231444 0.432875 5.511811,
        0.284391 1.575359 5.511811,
        0.255906 1.563560 5.511811,
        1.172302 0.402306 5.511811,
        1.200787 0.414105 5.511811,
        0.231444 1.544790 5.511811,
        0.212674 1.520328 5.511811,
        1.141732 0.398281 5.511811,
        1.225249 0.432875 5.511811,
        1.244019 0.457336 5.511811,
        1.255818 0.485822 5.511811,
        0.255906 0.414105 5.511811,
        0.284391 0.402306 5.511811,
        0.314961 0.398281 5.511811,
        0.944882 1.494990 5.511811,
        1.075343 1.394884 5.511811,
        1.175449 1.264423 5.511811,
        1.259843 0.516392 5.511811,
        1.259843 0.949462 5.511811,
        1.238378 1.112498 5.511811,
        0.792957 1.557920 5.511811,
        0.629921 1.579383 5.511811,
        0.314961 1.579383 5.511811,
        1.259843 0.516392 5.629921,
        1.255818 0.485822 5.629921,
        1.244019 0.457336 5.629921,
        1.225249 0.432875 5.629921,
        1.200787 0.414105 5.629921,
        1.172302 0.402306 5.629921,
        1.141732 0.398281 5.629921,
        1.259843 0.949462 5.629921,
        0.629921 1.579383 5.629921,
        0.792957 1.557920 5.629921,
        0.944882 1.494990 5.629921,
        1.075343 1.394884 5.629921,
        1.175449 1.264423 5.629921,
        1.238378 1.112498 5.629921,
        0.314961 1.579383 5.629921,
        0.196850 1.461274 5.629921,
        0.200875 1.491843 5.629921,
        0.212674 1.520328 5.629921,
        0.231444 1.544790 5.629921,
        0.255906 1.563560 5.629921,
        0.284391 1.575359 5.629921,
        0.196850 0.516392 5.629921,
        0.314961 0.398281 5.629921,
        0.284391 0.402306 5.629921,
        0.255906 0.414105 5.629921,
        0.231444 0.432875 5.629921,
        0.212674 0.457336 5.629921,
        0.200875 0.485822 5.629921,
      ]
    }
    coordIndex [
      28, 22, 29, -1,
      29, 22, 15, -1,
      29, 15, 30, -1,
      30, 15, 14, -1,
      30, 14, 31, -1,
      31, 14, 13, -1,
      31, 13, 32, -1,
      32, 13, 9, -1,
      32, 9, 33, -1,
      33, 9, 8, -1,
      33, 8, 34, -1,
      34, 8, 12, -1,
      28, 35, 22, -1,
      22, 35, 23, -1,
      36, 26, 37, -1,
      37, 26, 25, -1,
      37, 25, 38, -1,
      38, 25, 19, -1,
      38, 19, 39, -1,
      39, 19, 20, -1,
      39, 20, 40, -1,
      40, 20, 21, -1,
      40, 21, 41, -1,
      41, 21, 24, -1,
      41, 24, 35, -1,
      35, 24, 23, -1,
      36, 42, 26, -1,
      26, 42, 27, -1,
      43, 1, 44, -1,
      44, 1, 2, -1,
      44, 2, 45, -1,
      45, 2, 11, -1,
      45, 11, 46, -1,
      46, 11, 10, -1,
      46, 10, 47, -1,
      47, 10, 7, -1,
      47, 7, 48, -1,
      48, 7, 6, -1,
      48, 6, 42, -1,
      42, 6, 27, -1,
      43, 49, 1, -1,
      1, 49, 0, -1,
      50, 18, 51, -1,
      51, 18, 17, -1,
      51, 17, 52, -1,
      52, 17, 16, -1,
      52, 16, 53, -1,
      53, 16, 5, -1,
      53, 5, 54, -1,
      54, 5, 4, -1,
      54, 4, 55, -1,
      55, 4, 3, -1,
      55, 3, 49, -1,
      49, 3, 0, -1,
      50, 34, 18, -1,
      18, 34, 12, -1,
    ]
  }
}

Shape {
  appearance Appearance {
    material Material {
      diffuseColor 0.7294 0.3569 0.0235
      specularColor 0.3647 0.1765 0.0118
      ambientIntensity 0.2
      transparency 0.0000
      shininess 0.5
    }
  }
  geometry IndexedFaceSet {
    ccw TRUE
    solid FALSE
    coord DEF co Coordinate {
      point [
        1.259843 0.516392 5.629921,
        1.255818 0.485822 5.629921,
        1.244019 0.457336 5.629921,
        1.225249 0.432875 5.629921,
        1.200787 0.414105 5.629921,
        1.172302 0.402306 5.629921,
        1.141732 0.398281 5.629921,
        1.259843 0.949462 5.629921,
        0.629921 1.579383 5.629921,
        0.792957 1.557920 5.629921,
        0.944882 1.494990 5.629921,
        1.075343 1.394884 5.629921,
        1.175449 1.264423 5.629921,
        1.238378 1.112498 5.629921,
        0.314961 1.579383 5.629921,
        0.196850 1.461274 5.629921,
        0.200875 1.491843 5.629921,
        0.212674 1.520328 5.629921,
        0.231444 1.544790 5.629921,
        0.255906 1.563560 5.629921,
        0.284391 1.575359 5.629921,
        0.196850 0.516392 5.629921,
        0.314961 0.398281 5.629921,
        0.284391 0.402306 5.629921,
        0.255906 0.414105 5.629921,
        0.231444 0.432875 5.629921,
        0.212674 0.457336 5.629921,
        0.200875 0.485822 5.629921,
      ]
    }
    coordIndex [
      7, 0, 22, -1,
      7, 22, 13, -1,
      25, 26, 27, -1,
      20, 15, 16, -1,
      1, 5, 0, -1,
      0, 5, 6, -1,
      0, 6, 22, -1,
      25, 27, 24, -1,
      10, 22, 9, -1,
      9, 22, 8, -1,
      10, 11, 22, -1,
      22, 11, 12, -1,
      22, 12, 13, -1,
      20, 14, 15, -1,
      15, 14, 8, -1,
      15, 8, 21, -1,
      21, 8, 22, -1,
      21, 22, 27, -1,
      27, 22, 23, -1,
      27, 23, 24, -1,
      17, 18, 16, -1,
      16, 18, 19, -1,
      16, 19, 20, -1,
      2, 3, 1, -1,
      1, 3, 4, -1,
      1, 4, 5, -1,
    ]
  }
}

Shape {
  appearance Appearance {
    material Material {
      diffuseColor 0.2510 0.2510 0.2510
      specularColor 0.1255 0.1255 0.1255
      ambientIntensity 0.2
      transparency 0.0000
      shininess 0.5
    }
  }
  geometry IndexedFaceSet {
    ccw TRUE
    solid FALSE
    coord DEF co Coordinate {
      point [
        -0.136382 -1.656122 5.511811,
        -0.143796 -1.674020 5.511811,
        0.136382 1.873711 5.511811,
        0.143796 1.891609 5.511811,
        1.811024 -2.160774 5.511811,
        1.831403 -2.158091 5.511811,
        1.850394 -2.150225 5.511811,
        1.866701 -2.137711 5.511811,
        1.889764 -2.082033 5.511811,
        1.887081 -2.102413 5.511811,
        1.879215 -2.121404 5.511811,
        1.811024 2.366785 5.511811,
        1.850394 2.356236 5.511811,
        1.866701 2.343723 5.511811,
        1.889764 2.288045 5.511811,
        1.887081 2.308425 5.511811,
        1.879215 2.327415 5.511811,
        1.831403 2.364102 5.511811,
        -1.889764 2.288045 5.511811,
        -1.811024 2.366785 5.511811,
        -1.879215 2.327415 5.511811,
        -1.866701 2.343723 5.511811,
        -1.850394 2.356236 5.511811,
        -1.887081 2.308425 5.511811,
        -1.831403 2.364102 5.511811,
        -1.811024 -2.160774 5.511811,
        -1.889764 -2.082033 5.511811,
        -1.831403 -2.158091 5.511811,
        -1.850394 -2.150225 5.511811,
        -1.866701 -2.137711 5.511811,
        -1.879215 -2.121404 5.511811,
        -1.887081 -2.102413 5.511811,
        0.152114 1.911692 5.511811,
        0.143796 2.013293 5.511811,
        0.152114 1.993210 5.511811,
        0.157480 1.952451 5.511811,
        -0.114089 1.844657 5.511811,
        -0.111356 1.841096 5.511811,
        -0.078740 1.816069 5.511811,
        -0.040759 1.800337 5.511811,
        0.000000 1.794971 5.511811,
        0.040759 1.800337 5.511811,
        0.078740 1.816069 5.511811,
        0.111356 1.841096 5.511811,
        0.114089 1.844657 5.511811,
        -0.143796 1.891609 5.511811,
        -0.136382 1.873711 5.511811,
        -0.152114 1.911692 5.511811,
        -0.157480 1.952451 5.511811,
        -0.078740 2.088833 5.511811,
        -0.111356 2.063806 5.511811,
        0.136382 2.031191 5.511811,
        0.111356 2.063806 5.511811,
        0.078740 2.088833 5.511811,
        -0.152114 1.993210 5.511811,
        -0.143796 2.013293 5.511811,
        -0.136382 2.031191 5.511811,
        0.040759 2.104565 5.511811,
        0.000000 2.109931 5.511811,
        -0.040759 2.104565 5.511811,
        0.143796 -1.795705 5.511811,
        0.152114 -1.775621 5.511811,
        0.157480 -1.734862 5.511811,
        0.152114 -1.694104 5.511811,
        -0.136382 -1.813603 5.511811,
        -0.111356 -1.846218 5.511811,
        -0.078740 -1.871244 5.511811,
        -0.040759 -1.886977 5.511811,
        -0.000000 -1.892343 5.511811,
        0.040759 -1.886977 5.511811,
        0.078740 -1.871244 5.511811,
        0.111356 -1.846218 5.511811,
        0.136382 -1.813603 5.511811,
        -0.152114 -1.694104 5.511811,
        -0.157480 -1.734862 5.511811,
        -0.152114 -1.775621 5.511811,
        -0.143796 -1.795705 5.511811,
        0.078740 -1.598480 5.511811,
        0.040759 -1.582748 5.511811,
        -0.000000 -1.577382 5.511811,
        -0.040759 -1.582748 5.511811,
        -0.078740 -1.598480 5.511811,
        -0.111356 -1.623507 5.511811,
        -0.118530 -1.632857 5.511811,
        0.143796 -1.674020 5.511811,
        0.136382 -1.656122 5.511811,
        0.118530 -1.632857 5.511811,
        0.111356 -1.623507 5.511811,
        -1.889764 2.288045 7.480315,
        -1.889764 -2.082033 7.480315,
        -1.811024 2.366785 7.480315,
        -1.850394 2.356236 7.480315,
        -1.866701 2.343723 7.480315,
        -1.831403 2.364102 7.480315,
        -1.887081 2.308425 7.480315,
        -1.879215 2.327415 7.480315,
        1.889764 2.288045 7.480315,
        1.879215 2.327415 7.480315,
        1.866701 2.343723 7.480315,
        1.811024 2.366785 7.480315,
        1.831403 2.364102 7.480315,
        1.850394 2.356236 7.480315,
        1.887081 2.308425 7.480315,
        1.889764 -2.082033 7.480315,
        1.811024 -2.160774 7.480315,
        1.831403 -2.158091 7.480315,
        1.850394 -2.150225 7.480315,
        1.866701 -2.137711 7.480315,
        1.887081 -2.102413 7.480315,
        1.879215 -2.121404 7.480315,
        -1.811024 -2.160774 7.480315,
        -1.831403 -2.158091 7.480315,
        -1.879215 -2.121404 7.480315,
        -1.866701 -2.137711 7.480315,
        -1.850394 -2.150225 7.480315,
        -1.887081 -2.102413 7.480315,
        -0.152114 1.911692 4.921260,
        -0.136382 1.873711 4.921260,
        -0.157480 1.952451 4.921260,
        -0.152114 1.993210 4.921260,
        -0.136382 2.031191 4.921260,
        -0.111356 2.063806 4.921260,
        -0.078740 2.088833 4.921260,
        -0.040759 2.104565 4.921260,
        -0.000000 2.109931 4.921260,
        0.040759 2.104565 4.921260,
        0.078740 2.088833 4.921260,
        0.111356 2.063806 4.921260,
        0.136382 2.031191 4.921260,
        0.152114 1.993210 4.921260,
        0.157480 1.952451 4.921260,
        0.152114 1.911692 4.921260,
        0.136382 1.873711 4.921260,
        0.111356 1.841096 4.921260,
        0.078740 1.816069 4.921260,
        0.040759 1.800337 4.921260,
        -0.000000 1.794971 4.921260,
        -0.040759 1.800337 4.921260,
        -0.078740 1.816069 4.921260,
        -0.111356 1.841096 4.921260,
        -0.059055 2.054737 4.881890,
        -0.030569 2.066537 4.881890,
        -0.000000 1.952451 4.881890,
        -0.000000 2.070561 4.881890,
        0.030569 2.066537 4.881890,
        -0.114086 1.983020 4.881890,
        -0.102287 2.011506 4.881890,
        -0.083517 2.035967 4.881890,
        -0.102287 1.893396 4.881890,
        -0.114086 1.921881 4.881890,
        -0.118110 1.952451 4.881890,
        -0.030569 1.838365 4.881890,
        -0.059055 1.850165 4.881890,
        -0.083517 1.868934 4.881890,
        0.059055 1.850165 4.881890,
        0.030569 1.838365 4.881890,
        -0.000000 1.834341 4.881890,
        0.114086 1.921881 4.881890,
        0.102287 1.893396 4.881890,
        0.083517 1.868934 4.881890,
        0.102287 2.011506 4.881890,
        0.114086 1.983020 4.881890,
        0.118110 1.952451 4.881890,
        0.059055 2.054737 4.881890,
        0.083517 2.035967 4.881890,
        -0.152114 -1.775621 4.921260,
        -0.157480 -1.734862 4.921260,
        -0.152114 -1.694104 4.921260,
        -0.136382 -1.656122 4.921260,
        -0.111356 -1.623507 4.921260,
        -0.078740 -1.598480 4.921260,
        -0.040759 -1.582748 4.921260,
        -0.000000 -1.577382 4.921260,
        0.040759 -1.582748 4.921260,
        0.078740 -1.598480 4.921260,
        0.111356 -1.623507 4.921260,
        0.136382 -1.656122 4.921260,
        0.152114 -1.694104 4.921260,
        0.157480 -1.734862 4.921260,
        0.152114 -1.775621 4.921260,
        0.136382 -1.813603 4.921260,
        0.111356 -1.846218 4.921260,
        0.078740 -1.871244 4.921260,
        0.040759 -1.886977 4.921260,
        -0.000000 -1.892343 4.921260,
        -0.040759 -1.886977 4.921260,
        -0.078740 -1.871244 4.921260,
        -0.111356 -1.846218 4.921260,
        -0.136382 -1.813603 4.921260,
        -0.059055 -1.632576 4.881890,
        -0.030569 -1.620777 4.881890,
        -0.000000 -1.734862 4.881890,
        -0.000000 -1.616752 4.881890,
        0.030569 -1.620777 4.881890,
        -0.114086 -1.704293 4.881890,
        -0.102287 -1.675807 4.881890,
        -0.083517 -1.651346 4.881890,
        -0.102287 -1.793917 4.881890,
        -0.114086 -1.765431 4.881890,
        -0.118110 -1.734862 4.881890,
        -0.030569 -1.848948 4.881890,
        -0.059055 -1.837149 4.881890,
        -0.083517 -1.818379 4.881890,
        0.059055 -1.837149 4.881890,
        0.030569 -1.848948 4.881890,
        -0.000000 -1.852973 4.881890,
        0.114086 -1.765431 4.881890,
        0.102287 -1.793917 4.881890,
        0.083517 -1.818379 4.881890,
        0.102287 -1.675807 4.881890,
        0.114086 -1.704293 4.881890,
        0.118110 -1.734862 4.881890,
        0.059055 -1.632576 4.881890,
        0.083517 -1.651346 4.881890,
        0.033206 2.076379 4.883231,
        0.064150 2.063562 4.883231,
        0.090722 2.043173 4.883231,
        0.111111 2.016601 4.883231,
        0.123928 1.985657 4.883231,
        0.128300 1.952451 4.883231,
        0.123928 1.919244 4.883231,
        0.111111 1.888301 4.883231,
        0.090722 1.861729 4.883231,
        0.064150 1.841340 4.883231,
        0.033206 1.828522 4.883231,
        -0.000000 1.824151 4.883231,
        -0.033206 1.828522 4.883231,
        -0.064150 1.841340 4.883231,
        -0.090722 1.861729 4.883231,
        -0.111111 1.888301 4.883231,
        -0.123928 1.919244 4.883231,
        -0.128300 1.952451 4.883231,
        -0.123928 1.985657 4.883231,
        -0.111111 2.016601 4.883231,
        -0.090722 2.043173 4.883231,
        -0.064150 2.063562 4.883231,
        -0.033206 2.076379 4.883231,
        -0.000000 2.080751 4.883231,
        0.035664 2.085551 4.887165,
        0.068898 2.071785 4.887165,
        0.097436 2.049887 4.887165,
        0.119334 2.021348 4.887165,
        0.133100 1.988115 4.887165,
        0.137795 1.952451 4.887165,
        0.133100 1.916787 4.887165,
        0.119334 1.883553 4.887165,
        0.097436 1.855015 4.887165,
        0.068898 1.833117 4.887165,
        0.035664 1.819351 4.887165,
        -0.000000 1.814656 4.887165,
        -0.035664 1.819351 4.887165,
        -0.068898 1.833117 4.887165,
        -0.097436 1.855015 4.887165,
        -0.119334 1.883553 4.887165,
        -0.133100 1.916787 4.887165,
        -0.137795 1.952451 4.887165,
        -0.133100 1.988115 4.887165,
        -0.119334 2.021348 4.887165,
        -0.097436 2.049887 4.887165,
        -0.068898 2.071785 4.887165,
        -0.035664 2.085551 4.887165,
        -0.000000 2.090246 4.887165,
        0.037774 2.093427 4.893421,
        0.072974 2.078846 4.893421,
        0.103202 2.055652 4.893421,
        0.126396 2.025426 4.893421,
        0.140976 1.990225 4.893421,
        0.145949 1.952451 4.893421,
        0.140976 1.914676 4.893421,
        0.126396 1.879476 4.893421,
        0.103202 1.849249 4.893421,
        0.072974 1.826056 4.893421,
        0.037774 1.811475 4.893421,
        -0.000000 1.806502 4.893421,
        -0.037774 1.811475 4.893421,
        -0.072974 1.826056 4.893421,
        -0.103202 1.849249 4.893421,
        -0.126396 1.879476 4.893421,
        -0.140976 1.914676 4.893421,
        -0.145949 1.952451 4.893421,
        -0.140976 1.990225 4.893421,
        -0.126396 2.025426 4.893421,
        -0.103202 2.055652 4.893421,
        -0.072974 2.078846 4.893421,
        -0.037774 2.093427 4.893421,
        -0.000000 2.098400 4.893421,
        0.039394 2.099470 4.901575,
        0.076103 2.084265 4.901575,
        0.107626 2.060076 4.901575,
        0.131814 2.028554 4.901575,
        0.147019 1.991845 4.901575,
        0.152206 1.952451 4.901575,
        0.147019 1.913057 4.901575,
        0.131814 1.876348 4.901575,
        0.107626 1.844825 4.901575,
        0.076103 1.820637 4.901575,
        0.039394 1.805431 4.901575,
        -0.000000 1.800245 4.901575,
        -0.039394 1.805431 4.901575,
        -0.076103 1.820637 4.901575,
        -0.107626 1.844825 4.901575,
        -0.131814 1.876348 4.901575,
        -0.147019 1.913057 4.901575,
        -0.152206 1.952451 4.901575,
        -0.147019 1.991845 4.901575,
        -0.131814 2.028554 4.901575,
        -0.107626 2.060076 4.901575,
        -0.076103 2.084265 4.901575,
        -0.039394 2.099470 4.901575,
        -0.000000 2.104657 4.901575,
        0.040412 2.103269 4.911070,
        0.078069 2.087671 4.911070,
        0.110407 2.062857 4.911070,
        0.135220 2.030520 4.911070,
        0.150819 1.992863 4.911070,
        0.156139 1.952451 4.911070,
        0.150819 1.912039 4.911070,
        0.135220 1.874381 4.911070,
        0.110407 1.842044 4.911070,
        0.078069 1.817231 4.911070,
        0.040412 1.801632 4.911070,
        -0.000000 1.796312 4.911070,
        -0.040412 1.801632 4.911070,
        -0.078069 1.817231 4.911070,
        -0.110407 1.842044 4.911070,
        -0.135220 1.874381 4.911070,
        -0.150819 1.912039 4.911070,
        -0.156139 1.952451 4.911070,
        -0.150819 1.992863 4.911070,
        -0.135220 2.030520 4.911070,
        -0.110407 2.062857 4.911070,
        -0.078069 2.087671 4.911070,
        -0.040412 2.103269 4.911070,
        -0.000000 2.108590 4.911070,
        0.033206 -1.610934 4.883231,
        0.064150 -1.623752 4.883231,
        0.090722 -1.644141 4.883231,
        0.111111 -1.670712 4.883231,
        0.123928 -1.701656 4.883231,
        0.128300 -1.734862 4.883231,
        0.123928 -1.768069 4.883231,
        0.111111 -1.799012 4.883231,
        0.090722 -1.825584 4.883231,
        0.064150 -1.845973 4.883231,
        0.033206 -1.858791 4.883231,
        -0.000000 -1.863162 4.883231,
        -0.033206 -1.858791 4.883231,
        -0.064150 -1.845973 4.883231,
        -0.090722 -1.825584 4.883231,
        -0.111111 -1.799012 4.883231,
        -0.123928 -1.768069 4.883231,
        -0.128300 -1.734862 4.883231,
        -0.123928 -1.701656 4.883231,
        -0.111111 -1.670712 4.883231,
        -0.090722 -1.644141 4.883231,
        -0.064150 -1.623752 4.883231,
        -0.033206 -1.610934 4.883231,
        -0.000000 -1.606562 4.883231,
        0.035664 -1.601762 4.887165,
        0.068898 -1.615528 4.887165,
        0.097436 -1.637426 4.887165,
        0.119334 -1.665965 4.887165,
        0.133100 -1.699198 4.887165,
        0.137795 -1.734862 4.887165,
        0.133100 -1.770526 4.887165,
        0.119334 -1.803760 4.887165,
        0.097436 -1.832298 4.887165,
        0.068898 -1.854196 4.887165,
        0.035664 -1.867962 4.887165,
        -0.000000 -1.872657 4.887165,
        -0.035664 -1.867962 4.887165,
        -0.068898 -1.854196 4.887165,
        -0.097436 -1.832298 4.887165,
        -0.119334 -1.803760 4.887165,
        -0.133100 -1.770526 4.887165,
        -0.137795 -1.734862 4.887165,
        -0.133100 -1.699198 4.887165,
        -0.119334 -1.665965 4.887165,
        -0.097436 -1.637426 4.887165,
        -0.068898 -1.615528 4.887165,
        -0.035664 -1.601762 4.887165,
        -0.000000 -1.597067 4.887165,
        0.037774 -1.593886 4.893421,
        0.072974 -1.608467 4.893421,
        0.103202 -1.631661 4.893421,
        0.126396 -1.661888 4.893421,
        0.140976 -1.697088 4.893421,
        0.145949 -1.734862 4.893421,
        0.140976 -1.772637 4.893421,
        0.126396 -1.807837 4.893421,
        0.103202 -1.838064 4.893421,
        0.072974 -1.861258 4.893421,
        0.037774 -1.875838 4.893421,
        -0.000000 -1.880811 4.893421,
        -0.037774 -1.875838 4.893421,
        -0.072974 -1.861258 4.893421,
        -0.103202 -1.838064 4.893421,
        -0.126396 -1.807837 4.893421,
        -0.140976 -1.772637 4.893421,
        -0.145949 -1.734862 4.893421,
        -0.140976 -1.697088 4.893421,
        -0.126396 -1.661888 4.893421,
        -0.103202 -1.631661 4.893421,
        -0.072974 -1.608467 4.893421,
        -0.037774 -1.593886 4.893421,
        -0.000000 -1.588913 4.893421,
        0.039394 -1.587843 4.901575,
        0.076103 -1.603048 4.901575,
        0.107626 -1.627237 4.901575,
        0.131814 -1.658759 4.901575,
        0.147019 -1.695469 4.901575,
        0.152206 -1.734862 4.901575,
        0.147019 -1.774256 4.901575,
        0.131814 -1.810965 4.901575,
        0.107626 -1.842488 4.901575,
        0.076103 -1.866676 4.901575,
        0.039394 -1.881882 4.901575,
        -0.000000 -1.887068 4.901575,
        -0.039394 -1.881882 4.901575,
        -0.076103 -1.866676 4.901575,
        -0.107626 -1.842488 4.901575,
        -0.131814 -1.810965 4.901575,
        -0.147019 -1.774256 4.901575,
        -0.152206 -1.734862 4.901575,
        -0.147019 -1.695469 4.901575,
        -0.131814 -1.658759 4.901575,
        -0.107626 -1.627237 4.901575,
        -0.076103 -1.603048 4.901575,
        -0.039394 -1.587843 4.901575,
        -0.000000 -1.582657 4.901575,
        0.040412 -1.584044 4.911070,
        0.078069 -1.599642 4.911070,
        0.110407 -1.624456 4.911070,
        0.135220 -1.656793 4.911070,
        0.150819 -1.694451 4.911070,
        0.156139 -1.734862 4.911070,
        0.150819 -1.775274 4.911070,
        0.135220 -1.812931 4.911070,
        0.110407 -1.845269 4.911070,
        0.078069 -1.870083 4.911070,
        0.040412 -1.885681 4.911070,
        -0.000000 -1.891001 4.911070,
        -0.040412 -1.885681 4.911070,
        -0.078069 -1.870083 4.911070,
        -0.110407 -1.845269 4.911070,
        -0.135220 -1.812931 4.911070,
        -0.150819 -1.775274 4.911070,
        -0.156139 -1.734862 4.911070,
        -0.150819 -1.694451 4.911070,
        -0.135220 -1.656793 4.911070,
        -0.110407 -1.624456 4.911070,
        -0.078069 -1.599642 4.911070,
        -0.040412 -1.584044 4.911070,
        -0.000000 -1.578724 4.911070,
      ]
    }
    coordIndex [
      116, 117, 45, -1,
      45, 47, 116, -1,
      116, 47, 48, -1,
      116, 48, 118, -1,
      118, 48, 54, -1,
      118, 54, 119, -1,
      119, 54, 55, -1,
      119, 55, 120, -1,
      55, 56, 120, -1,
      120, 56, 50, -1,
      120, 50, 121, -1,
      121, 50, 49, -1,
      121, 49, 122, -1,
      122, 49, 59, -1,
      122, 59, 123, -1,
      123, 59, 58, -1,
      123, 58, 124, -1,
      124, 58, 57, -1,
      124, 57, 125, -1,
      125, 57, 53, -1,
      125, 53, 126, -1,
      126, 53, 52, -1,
      126, 52, 127, -1,
      127, 52, 51, -1,
      127, 51, 128, -1,
      128, 51, 33, -1,
      128, 33, 129, -1,
      33, 34, 129, -1,
      129, 34, 35, -1,
      129, 35, 130, -1,
      130, 35, 32, -1,
      130, 32, 131, -1,
      131, 32, 3, -1,
      131, 3, 132, -1,
      3, 2, 132, -1,
      132, 2, 44, -1,
      132, 44, 133, -1,
      44, 43, 133, -1,
      133, 43, 42, -1,
      133, 42, 134, -1,
      134, 42, 41, -1,
      134, 41, 135, -1,
      135, 41, 40, -1,
      135, 40, 136, -1,
      136, 40, 39, -1,
      136, 39, 137, -1,
      137, 39, 38, -1,
      137, 38, 138, -1,
      138, 38, 37, -1,
      138, 37, 139, -1,
      139, 37, 36, -1,
      139, 36, 117, -1,
      117, 36, 46, -1,
      117, 46, 45, -1,
      140, 141, 142, -1,
      142, 141, 143, -1,
      142, 143, 144, -1,
      145, 146, 142, -1,
      142, 146, 147, -1,
      142, 147, 140, -1,
      148, 149, 142, -1,
      142, 149, 150, -1,
      142, 150, 145, -1,
      151, 152, 142, -1,
      142, 152, 153, -1,
      142, 153, 148, -1,
      154, 155, 142, -1,
      142, 155, 156, -1,
      142, 156, 151, -1,
      157, 158, 142, -1,
      142, 158, 159, -1,
      142, 159, 154, -1,
      160, 161, 142, -1,
      142, 161, 162, -1,
      142, 162, 157, -1,
      144, 163, 142, -1,
      142, 163, 164, -1,
      142, 164, 160, -1,
      165, 74, 166, -1,
      166, 74, 73, -1,
      166, 73, 167, -1,
      167, 73, 1, -1,
      167, 1, 168, -1,
      1, 0, 168, -1,
      168, 0, 83, -1,
      168, 83, 169, -1,
      83, 82, 169, -1,
      169, 82, 81, -1,
      169, 81, 170, -1,
      170, 81, 80, -1,
      170, 80, 171, -1,
      171, 80, 79, -1,
      171, 79, 172, -1,
      172, 79, 78, -1,
      172, 78, 173, -1,
      173, 78, 77, -1,
      173, 77, 174, -1,
      174, 77, 87, -1,
      174, 87, 175, -1,
      175, 87, 86, -1,
      175, 86, 176, -1,
      86, 85, 176, -1,
      176, 85, 84, -1,
      176, 84, 177, -1,
      84, 63, 177, -1,
      177, 63, 62, -1,
      177, 62, 178, -1,
      178, 62, 61, -1,
      178, 61, 179, -1,
      179, 61, 60, -1,
      179, 60, 180, -1,
      60, 72, 180, -1,
      180, 72, 71, -1,
      180, 71, 181, -1,
      181, 71, 70, -1,
      181, 70, 182, -1,
      182, 70, 69, -1,
      182, 69, 183, -1,
      183, 69, 68, -1,
      183, 68, 184, -1,
      184, 68, 67, -1,
      184, 67, 185, -1,
      185, 67, 66, -1,
      185, 66, 186, -1,
      186, 66, 65, -1,
      186, 65, 187, -1,
      187, 65, 64, -1,
      187, 64, 188, -1,
      188, 64, 76, -1,
      188, 76, 165, -1,
      165, 76, 75, -1,
      165, 75, 74, -1,
      189, 190, 191, -1,
      191, 190, 192, -1,
      191, 192, 193, -1,
      194, 195, 191, -1,
      191, 195, 196, -1,
      191, 196, 189, -1,
      197, 198, 191, -1,
      191, 198, 199, -1,
      191, 199, 194, -1,
      200, 201, 191, -1,
      191, 201, 202, -1,
      191, 202, 197, -1,
      203, 204, 191, -1,
      191, 204, 205, -1,
      191, 205, 200, -1,
      206, 207, 191, -1,
      191, 207, 208, -1,
      191, 208, 203, -1,
      209, 210, 191, -1,
      191, 210, 211, -1,
      191, 211, 206, -1,
      193, 212, 191, -1,
      191, 212, 213, -1,
      191, 213, 209, -1,
      143, 214, 144, -1,
      144, 214, 215, -1,
      144, 215, 163, -1,
      163, 215, 216, -1,
      163, 216, 164, -1,
      164, 216, 217, -1,
      164, 217, 160, -1,
      160, 217, 218, -1,
      160, 218, 161, -1,
      161, 218, 219, -1,
      161, 219, 162, -1,
      162, 219, 220, -1,
      162, 220, 157, -1,
      157, 220, 221, -1,
      157, 221, 158, -1,
      158, 221, 222, -1,
      158, 222, 159, -1,
      159, 222, 223, -1,
      159, 223, 154, -1,
      154, 223, 224, -1,
      154, 224, 155, -1,
      155, 224, 225, -1,
      155, 225, 156, -1,
      156, 225, 226, -1,
      156, 226, 151, -1,
      151, 226, 227, -1,
      151, 227, 152, -1,
      152, 227, 228, -1,
      152, 228, 153, -1,
      153, 228, 229, -1,
      153, 229, 148, -1,
      148, 229, 230, -1,
      148, 230, 149, -1,
      149, 230, 231, -1,
      149, 231, 150, -1,
      150, 231, 232, -1,
      150, 232, 145, -1,
      145, 232, 233, -1,
      145, 233, 146, -1,
      146, 233, 234, -1,
      146, 234, 147, -1,
      147, 234, 235, -1,
      147, 235, 140, -1,
      140, 235, 236, -1,
      140, 236, 141, -1,
      141, 236, 237, -1,
      141, 237, 143, -1,
      143, 237, 214, -1,
      237, 238, 214, -1,
      214, 238, 239, -1,
      214, 239, 215, -1,
      215, 239, 240, -1,
      215, 240, 216, -1,
      216, 240, 241, -1,
      216, 241, 217, -1,
      217, 241, 242, -1,
      217, 242, 218, -1,
      218, 242, 243, -1,
      218, 243, 219, -1,
      219, 243, 244, -1,
      219, 244, 220, -1,
      220, 244, 245, -1,
      220, 245, 221, -1,
      221, 245, 246, -1,
      221, 246, 222, -1,
      222, 246, 247, -1,
      222, 247, 223, -1,
      223, 247, 248, -1,
      223, 248, 224, -1,
      224, 248, 249, -1,
      224, 249, 225, -1,
      225, 249, 250, -1,
      225, 250, 226, -1,
      226, 250, 251, -1,
      226, 251, 227, -1,
      227, 251, 252, -1,
      227, 252, 228, -1,
      228, 252, 253, -1,
      228, 253, 229, -1,
      229, 253, 254, -1,
      229, 254, 230, -1,
      230, 254, 255, -1,
      230, 255, 231, -1,
      231, 255, 256, -1,
      231, 256, 232, -1,
      232, 256, 257, -1,
      232, 257, 233, -1,
      233, 257, 258, -1,
      233, 258, 234, -1,
      234, 258, 259, -1,
      234, 259, 235, -1,
      235, 259, 260, -1,
      235, 260, 236, -1,
      236, 260, 261, -1,
      236, 261, 237, -1,
      237, 261, 238, -1,
      261, 262, 238, -1,
      238, 262, 263, -1,
      238, 263, 239, -1,
      239, 263, 264, -1,
      239, 264, 240, -1,
      240, 264, 265, -1,
      240, 265, 241, -1,
      241, 265, 266, -1,
      241, 266, 242, -1,
      242, 266, 267, -1,
      242, 267, 243, -1,
      243, 267, 268, -1,
      243, 268, 244, -1,
      244, 268, 269, -1,
      244, 269, 245, -1,
      245, 269, 270, -1,
      245, 270, 246, -1,
      246, 270, 271, -1,
      246, 271, 247, -1,
      247, 271, 272, -1,
      247, 272, 248, -1,
      248, 272, 273, -1,
      248, 273, 249, -1,
      249, 273, 274, -1,
      249, 274, 250, -1,
      250, 274, 275, -1,
      250, 275, 251, -1,
      251, 275, 276, -1,
      251, 276, 252, -1,
      252, 276, 277, -1,
      252, 277, 253, -1,
      253, 277, 278, -1,
      253, 278, 254, -1,
      254, 278, 279, -1,
      254, 279, 255, -1,
      255, 279, 280, -1,
      255, 280, 256, -1,
      256, 280, 281, -1,
      256, 281, 257, -1,
      257, 281, 282, -1,
      257, 282, 258, -1,
      258, 282, 283, -1,
      258, 283, 259, -1,
      259, 283, 284, -1,
      259, 284, 260, -1,
      260, 284, 285, -1,
      260, 285, 261, -1,
      261, 285, 262, -1,
      285, 286, 262, -1,
      262, 286, 287, -1,
      262, 287, 263, -1,
      263, 287, 288, -1,
      263, 288, 264, -1,
      264, 288, 289, -1,
      264, 289, 265, -1,
      265, 289, 290, -1,
      265, 290, 266, -1,
      266, 290, 291, -1,
      266, 291, 267, -1,
      267, 291, 292, -1,
      267, 292, 268, -1,
      268, 292, 293, -1,
      268, 293, 269, -1,
      269, 293, 294, -1,
      269, 294, 270, -1,
      270, 294, 295, -1,
      270, 295, 271, -1,
      271, 295, 296, -1,
      271, 296, 272, -1,
      272, 296, 297, -1,
      272, 297, 273, -1,
      273, 297, 298, -1,
      273, 298, 274, -1,
      274, 298, 299, -1,
      274, 299, 275, -1,
      275, 299, 300, -1,
      275, 300, 276, -1,
      276, 300, 301, -1,
      276, 301, 277, -1,
      277, 301, 302, -1,
      277, 302, 278, -1,
      278, 302, 303, -1,
      278, 303, 279, -1,
      279, 303, 304, -1,
      279, 304, 280, -1,
      280, 304, 305, -1,
      280, 305, 281, -1,
      281, 305, 306, -1,
      281, 306, 282, -1,
      282, 306, 307, -1,
      282, 307, 283, -1,
      283, 307, 308, -1,
      283, 308, 284, -1,
      284, 308, 309, -1,
      284, 309, 285, -1,
      285, 309, 286, -1,
      309, 310, 286, -1,
      286, 310, 311, -1,
      286, 311, 287, -1,
      287, 311, 312, -1,
      287, 312, 288, -1,
      288, 312, 313, -1,
      288, 313, 289, -1,
      289, 313, 314, -1,
      289, 314, 290, -1,
      290, 314, 315, -1,
      290, 315, 291, -1,
      291, 315, 316, -1,
      291, 316, 292, -1,
      292, 316, 317, -1,
      292, 317, 293, -1,
      293, 317, 318, -1,
      293, 318, 294, -1,
      294, 318, 319, -1,
      294, 319, 295, -1,
      295, 319, 320, -1,
      295, 320, 296, -1,
      296, 320, 321, -1,
      296, 321, 297, -1,
      297, 321, 322, -1,
      297, 322, 298, -1,
      298, 322, 323, -1,
      298, 323, 299, -1,
      299, 323, 324, -1,
      299, 324, 300, -1,
      300, 324, 325, -1,
      300, 325, 301, -1,
      301, 325, 326, -1,
      301, 326, 302, -1,
      302, 326, 327, -1,
      302, 327, 303, -1,
      303, 327, 328, -1,
      303, 328, 304, -1,
      304, 328, 329, -1,
      304, 329, 305, -1,
      305, 329, 330, -1,
      305, 330, 306, -1,
      306, 330, 331, -1,
      306, 331, 307, -1,
      307, 331, 332, -1,
      307, 332, 308, -1,
      308, 332, 333, -1,
      308, 333, 309, -1,
      309, 333, 310, -1,
      333, 125, 310, -1,
      310, 125, 126, -1,
      310, 126, 311, -1,
      311, 126, 127, -1,
      311, 127, 312, -1,
      312, 127, 128, -1,
      312, 128, 313, -1,
      313, 128, 129, -1,
      313, 129, 314, -1,
      314, 129, 130, -1,
      314, 130, 315, -1,
      315, 130, 131, -1,
      315, 131, 316, -1,
      316, 131, 132, -1,
      316, 132, 317, -1,
      317, 132, 133, -1,
      317, 133, 318, -1,
      318, 133, 134, -1,
      318, 134, 319, -1,
      319, 134, 135, -1,
      319, 135, 320, -1,
      320, 135, 136, -1,
      320, 136, 321, -1,
      321, 136, 137, -1,
      321, 137, 322, -1,
      322, 137, 138, -1,
      322, 138, 323, -1,
      323, 138, 139, -1,
      323, 139, 324, -1,
      324, 139, 117, -1,
      324, 117, 325, -1,
      325, 117, 116, -1,
      325, 116, 326, -1,
      326, 116, 118, -1,
      326, 118, 327, -1,
      327, 118, 119, -1,
      327, 119, 328, -1,
      328, 119, 120, -1,
      328, 120, 329, -1,
      329, 120, 121, -1,
      329, 121, 330, -1,
      330, 121, 122, -1,
      330, 122, 331, -1,
      331, 122, 123, -1,
      331, 123, 332, -1,
      332, 123, 124, -1,
      332, 124, 333, -1,
      333, 124, 125, -1,
      192, 334, 193, -1,
      193, 334, 335, -1,
      193, 335, 212, -1,
      212, 335, 336, -1,
      212, 336, 213, -1,
      213, 336, 337, -1,
      213, 337, 209, -1,
      209, 337, 338, -1,
      209, 338, 210, -1,
      210, 338, 339, -1,
      210, 339, 211, -1,
      211, 339, 340, -1,
      211, 340, 206, -1,
      206, 340, 341, -1,
      206, 341, 207, -1,
      207, 341, 342, -1,
      207, 342, 208, -1,
      208, 342, 343, -1,
      208, 343, 203, -1,
      203, 343, 344, -1,
      203, 344, 204, -1,
      204, 344, 345, -1,
      204, 345, 205, -1,
      205, 345, 346, -1,
      205, 346, 200, -1,
      200, 346, 347, -1,
      200, 347, 201, -1,
      201, 347, 348, -1,
      201, 348, 202, -1,
      202, 348, 349, -1,
      202, 349, 197, -1,
      197, 349, 350, -1,
      197, 350, 198, -1,
      198, 350, 351, -1,
      198, 351, 199, -1,
      199, 351, 352, -1,
      199, 352, 194, -1,
      194, 352, 353, -1,
      194, 353, 195, -1,
      195, 353, 354, -1,
      195, 354, 196, -1,
      196, 354, 355, -1,
      196, 355, 189, -1,
      189, 355, 356, -1,
      189, 356, 190, -1,
      190, 356, 357, -1,
      190, 357, 192, -1,
      192, 357, 334, -1,
      357, 358, 334, -1,
      334, 358, 359, -1,
      334, 359, 335, -1,
      335, 359, 360, -1,
      335, 360, 336, -1,
      336, 360, 361, -1,
      336, 361, 337, -1,
      337, 361, 362, -1,
      337, 362, 338, -1,
      338, 362, 363, -1,
      338, 363, 339, -1,
      339, 363, 364, -1,
      339, 364, 340, -1,
      340, 364, 365, -1,
      340, 365, 341, -1,
      341, 365, 366, -1,
      341, 366, 342, -1,
      342, 366, 367, -1,
      342, 367, 343, -1,
      343, 367, 368, -1,
      343, 368, 344, -1,
      344, 368, 369, -1,
      344, 369, 345, -1,
      345, 369, 370, -1,
      345, 370, 346, -1,
      346, 370, 371, -1,
      346, 371, 347, -1,
      347, 371, 372, -1,
      347, 372, 348, -1,
      348, 372, 373, -1,
      348, 373, 349, -1,
      349, 373, 374, -1,
      349, 374, 350, -1,
      350, 374, 375, -1,
      350, 375, 351, -1,
      351, 375, 376, -1,
      351, 376, 352, -1,
      352, 376, 377, -1,
      352, 377, 353, -1,
      353, 377, 378, -1,
      353, 378, 354, -1,
      354, 378, 379, -1,
      354, 379, 355, -1,
      355, 379, 380, -1,
      355, 380, 356, -1,
      356, 380, 381, -1,
      356, 381, 357, -1,
      357, 381, 358, -1,
      381, 382, 358, -1,
      358, 382, 383, -1,
      358, 383, 359, -1,
      359, 383, 384, -1,
      359, 384, 360, -1,
      360, 384, 385, -1,
      360, 385, 361, -1,
      361, 385, 386, -1,
      361, 386, 362, -1,
      362, 386, 387, -1,
      362, 387, 363, -1,
      363, 387, 388, -1,
      363, 388, 364, -1,
      364, 388, 389, -1,
      364, 389, 365, -1,
      365, 389, 390, -1,
      365, 390, 366, -1,
      366, 390, 391, -1,
      366, 391, 367, -1,
      367, 391, 392, -1,
      367, 392, 368, -1,
      368, 392, 393, -1,
      368, 393, 369, -1,
      369, 393, 394, -1,
      369, 394, 370, -1,
      370, 394, 395, -1,
      370, 395, 371, -1,
      371, 395, 396, -1,
      371, 396, 372, -1,
      372, 396, 397, -1,
      372, 397, 373, -1,
      373, 397, 398, -1,
      373, 398, 374, -1,
      374, 398, 399, -1,
      374, 399, 375, -1,
      375, 399, 400, -1,
      375, 400, 376, -1,
      376, 400, 401, -1,
      376, 401, 377, -1,
      377, 401, 402, -1,
      377, 402, 378, -1,
      378, 402, 403, -1,
      378, 403, 379, -1,
      379, 403, 404, -1,
      379, 404, 380, -1,
      380, 404, 405, -1,
      380, 405, 381, -1,
      381, 405, 382, -1,
      405, 406, 382, -1,
      382, 406, 407, -1,
      382, 407, 383, -1,
      383, 407, 408, -1,
      383, 408, 384, -1,
      384, 408, 409, -1,
      384, 409, 385, -1,
      385, 409, 410, -1,
      385, 410, 386, -1,
      386, 410, 411, -1,
      386, 411, 387, -1,
      387, 411, 412, -1,
      387, 412, 388, -1,
      388, 412, 413, -1,
      388, 413, 389, -1,
      389, 413, 414, -1,
      389, 414, 390, -1,
      390, 414, 415, -1,
      390, 415, 391, -1,
      391, 415, 416, -1,
      391, 416, 392, -1,
      392, 416, 417, -1,
      392, 417, 393, -1,
      393, 417, 418, -1,
      393, 418, 394, -1,
      394, 418, 419, -1,
      394, 419, 395, -1,
      395, 419, 420, -1,
      395, 420, 396, -1,
      396, 420, 421, -1,
      396, 421, 397, -1,
      397, 421, 422, -1,
      397, 422, 398, -1,
      398, 422, 423, -1,
      398, 423, 399, -1,
      399, 423, 424, -1,
      399, 424, 400, -1,
      400, 424, 425, -1,
      400, 425, 401, -1,
      401, 425, 426, -1,
      401, 426, 402, -1,
      402, 426, 427, -1,
      402, 427, 403, -1,
      403, 427, 428, -1,
      403, 428, 404, -1,
      404, 428, 429, -1,
      404, 429, 405, -1,
      405, 429, 406, -1,
      429, 430, 406, -1,
      406, 430, 431, -1,
      406, 431, 407, -1,
      407, 431, 432, -1,
      407, 432, 408, -1,
      408, 432, 433, -1,
      408, 433, 409, -1,
      409, 433, 434, -1,
      409, 434, 410, -1,
      410, 434, 435, -1,
      410, 435, 411, -1,
      411, 435, 436, -1,
      411, 436, 412, -1,
      412, 436, 437, -1,
      412, 437, 413, -1,
      413, 437, 438, -1,
      413, 438, 414, -1,
      414, 438, 439, -1,
      414, 439, 415, -1,
      415, 439, 440, -1,
      415, 440, 416, -1,
      416, 440, 441, -1,
      416, 441, 417, -1,
      417, 441, 442, -1,
      417, 442, 418, -1,
      418, 442, 443, -1,
      418, 443, 419, -1,
      419, 443, 444, -1,
      419, 444, 420, -1,
      420, 444, 445, -1,
      420, 445, 421, -1,
      421, 445, 446, -1,
      421, 446, 422, -1,
      422, 446, 447, -1,
      422, 447, 423, -1,
      423, 447, 448, -1,
      423, 448, 424, -1,
      424, 448, 449, -1,
      424, 449, 425, -1,
      425, 449, 450, -1,
      425, 450, 426, -1,
      426, 450, 451, -1,
      426, 451, 427, -1,
      427, 451, 452, -1,
      427, 452, 428, -1,
      428, 452, 453, -1,
      428, 453, 429, -1,
      429, 453, 430, -1,
      453, 173, 430, -1,
      430, 173, 174, -1,
      430, 174, 431, -1,
      431, 174, 175, -1,
      431, 175, 432, -1,
      432, 175, 176, -1,
      432, 176, 433, -1,
      433, 176, 177, -1,
      433, 177, 434, -1,
      434, 177, 178, -1,
      434, 178, 435, -1,
      435, 178, 179, -1,
      435, 179, 436, -1,
      436, 179, 180, -1,
      436, 180, 437, -1,
      437, 180, 181, -1,
      437, 181, 438, -1,
      438, 181, 182, -1,
      438, 182, 439, -1,
      439, 182, 183, -1,
      439, 183, 440, -1,
      440, 183, 184, -1,
      440, 184, 441, -1,
      441, 184, 185, -1,
      441, 185, 442, -1,
      442, 185, 186, -1,
      442, 186, 443, -1,
      443, 186, 187, -1,
      443, 187, 444, -1,
      444, 187, 188, -1,
      444, 188, 445, -1,
      445, 188, 165, -1,
      445, 165, 446, -1,
      446, 165, 166, -1,
      446, 166, 447, -1,
      447, 166, 167, -1,
      447, 167, 448, -1,
      448, 167, 168, -1,
      448, 168, 449, -1,
      449, 168, 169, -1,
      449, 169, 450, -1,
      450, 169, 170, -1,
      450, 170, 451, -1,
      451, 170, 171, -1,
      451, 171, 452, -1,
      452, 171, 172, -1,
      452, 172, 453, -1,
      453, 172, 173, -1,
      25, 110, 111, -1,
      25, 111, 27, -1,
      27, 111, 114, -1,
      27, 114, 28, -1,
      28, 114, 113, -1,
      28, 113, 29, -1,
      29, 113, 112, -1,
      29, 112, 30, -1,
      30, 112, 115, -1,
      30, 115, 31, -1,
      31, 115, 89, -1,
      31, 89, 26, -1,
      104, 4, 5, -1,
      104, 5, 105, -1,
      105, 5, 6, -1,
      105, 6, 106, -1,
      106, 6, 7, -1,
      106, 7, 107, -1,
      107, 7, 10, -1,
      107, 10, 109, -1,
      109, 10, 9, -1,
      109, 9, 108, -1,
      108, 9, 8, -1,
      108, 8, 103, -1,
      90, 19, 24, -1,
      90, 24, 93, -1,
      93, 24, 22, -1,
      93, 22, 91, -1,
      91, 22, 21, -1,
      91, 21, 92, -1,
      92, 21, 20, -1,
      92, 20, 95, -1,
      95, 20, 23, -1,
      95, 23, 94, -1,
      94, 23, 18, -1,
      94, 18, 88, -1,
      11, 99, 100, -1,
      11, 100, 17, -1,
      17, 100, 101, -1,
      17, 101, 12, -1,
      12, 101, 98, -1,
      12, 98, 13, -1,
      13, 98, 97, -1,
      13, 97, 16, -1,
      16, 97, 102, -1,
      16, 102, 15, -1,
      15, 102, 96, -1,
      15, 96, 14, -1,
    ]
  }
}

Shape {
  appearance Appearance {
    material Material {
      diffuseColor 1.0000 1.0000 1.0000
      specularColor 0.8784 0.8784 0.8784
      ambientIntensity 0.2
      transparency 0.0000
      shininess 0.5
    }
  }
  geometry IndexedFaceSet {
    ccw TRUE
    solid FALSE
    coord DEF co Coordinate {
      point [
        -0.795394 -1.466879 5.511811,
        -0.835725 -1.466879 5.511811,
        -0.672483 -1.466879 5.511811,
        -0.714734 -1.466879 5.511811,
        -0.748538 -1.537937 5.511811,
        -0.756291 -1.537067 5.511811,
        -0.731509 -1.478821 5.511811,
        -0.730098 -1.470960 5.511811,
        -0.730098 -1.479602 5.511811,
        -0.738967 -1.536694 5.511811,
        -0.730098 -1.532896 5.511811,
        -0.730098 -1.543459 5.511811,
        -0.761467 -1.466925 5.511811,
        -0.769099 -1.469552 5.511811,
        -0.775433 -1.473596 5.511811,
        -0.781347 -1.479823 5.511811,
        -0.785542 -1.487310 5.511811,
        -0.784517 -1.524880 5.511811,
        -0.779902 -1.532242 5.511811,
        -0.772793 -1.539079 5.511811,
        -0.765314 -1.543384 5.511811,
        -0.762185 -1.534939 5.511811,
        -0.767635 -1.531294 5.511811,
        -0.772389 -1.526044 5.511811,
        -0.778110 -1.505409 5.511811,
        -0.777313 -1.496885 5.511811,
        -0.775174 -1.490112 5.511811,
        -0.757652 -1.475385 5.511811,
        -0.750308 -1.474561 5.511811,
        -0.763390 -1.477497 5.511811,
        -0.768222 -1.480754 5.511811,
        -0.771917 -1.484652 5.511811,
        -0.739856 -1.475721 5.511811,
        -0.775636 -1.519965 5.511811,
        -0.777735 -1.511535 5.511811,
        -0.738491 -1.467514 5.511811,
        -0.749610 -1.465956 5.511811,
        -0.751763 -1.465919 5.511811,
        -0.787911 -1.495645 5.511811,
        -0.788673 -1.504764 5.511811,
        -0.787540 -1.515958 5.511811,
        -0.756536 -1.545934 5.511811,
        -0.754509 -1.546100 5.511811,
        -0.748628 -1.546580 5.511811,
        -0.741670 -1.546100 5.511811,
        -0.739202 -1.545929 5.511811,
        -0.714734 -1.545619 5.511811,
        -0.674404 -1.545619 5.511811,
        -0.674404 -1.536977 5.511811,
        -0.704171 -1.536977 5.511811,
        -0.704171 -1.511050 5.511811,
        -0.676324 -1.502408 5.511811,
        -0.704171 -1.502408 5.511811,
        -0.704171 -1.475521 5.511811,
        -0.672483 -1.475521 5.511811,
        -0.657119 -1.466879 5.511811,
        -0.676324 -1.511050 5.511811,
        -0.657119 -1.545619 5.511811,
        -0.634898 -1.545619 5.511811,
        -0.623523 -1.544403 5.511811,
        -0.614310 -1.541169 5.511811,
        -0.605740 -1.535425 5.511811,
        -0.597675 -1.488460 5.511811,
        -0.602190 -1.481417 5.511811,
        -0.608671 -1.475212 5.511811,
        -0.616893 -1.470434 5.511811,
        -0.605657 -1.535352 5.511811,
        -0.600089 -1.529178 5.511811,
        -0.596430 -1.522406 5.511811,
        -0.635709 -1.466879 5.511811,
        -0.625966 -1.467730 5.511811,
        -0.594315 -1.514648 5.511811,
        -0.593743 -1.507239 5.511811,
        -0.594848 -1.496702 5.511811,
        -0.835725 -1.545619 5.511811,
        -0.825162 -1.545619 5.511811,
        -0.825162 -1.475521 5.511811,
        -0.795394 -1.475521 5.511811,
        -0.795394 -1.475521 5.507874,
        -0.795394 -1.466879 5.507874,
        -0.825162 -1.475521 5.507874,
        -0.825162 -1.545619 5.507874,
        -0.835725 -1.545619 5.507874,
        -0.835725 -1.466879 5.507874,
        -0.730098 -1.479602 5.507874,
        -0.730098 -1.470960 5.507874,
        -0.731509 -1.478821 5.507874,
        -0.739856 -1.475721 5.507874,
        -0.750308 -1.474561 5.507874,
        -0.757652 -1.475385 5.507874,
        -0.763390 -1.477497 5.507874,
        -0.768222 -1.480754 5.507874,
        -0.771917 -1.484652 5.507874,
        -0.775174 -1.490112 5.507874,
        -0.777313 -1.496885 5.507874,
        -0.778110 -1.505409 5.507874,
        -0.777735 -1.511535 5.507874,
        -0.775636 -1.519965 5.507874,
        -0.772389 -1.526044 5.507874,
        -0.767635 -1.531294 5.507874,
        -0.762185 -1.534939 5.507874,
        -0.756291 -1.537067 5.507874,
        -0.748538 -1.537937 5.507874,
        -0.738967 -1.536694 5.507874,
        -0.730098 -1.532896 5.507874,
        -0.730098 -1.543459 5.507874,
        -0.748628 -1.546580 5.507874,
        -0.739202 -1.545929 5.507874,
        -0.756536 -1.545934 5.507874,
        -0.765314 -1.543384 5.507874,
        -0.772793 -1.539079 5.507874,
        -0.779902 -1.532242 5.507874,
        -0.784517 -1.524880 5.507874,
        -0.787540 -1.515958 5.507874,
        -0.788673 -1.504764 5.507874,
        -0.787911 -1.495645 5.507874,
        -0.785542 -1.487310 5.507874,
        -0.781347 -1.479823 5.507874,
        -0.775433 -1.473596 5.507874,
        -0.769099 -1.469552 5.507874,
        -0.761467 -1.466925 5.507874,
        -0.751763 -1.465919 5.507874,
        -0.749610 -1.465956 5.507874,
        -0.738491 -1.467514 5.507874,
        -0.672483 -1.475521 5.507874,
        -0.672483 -1.466879 5.507874,
        -0.704171 -1.475521 5.507874,
        -0.704171 -1.502408 5.507874,
        -0.676324 -1.502408 5.507874,
        -0.676324 -1.511050 5.507874,
        -0.704171 -1.511050 5.507874,
        -0.704171 -1.536977 5.507874,
        -0.674404 -1.536977 5.507874,
        -0.674404 -1.545619 5.507874,
        -0.714734 -1.545619 5.507874,
        -0.714734 -1.466879 5.507874,
        -0.596430 -1.522406 5.507874,
        -0.600089 -1.529178 5.507874,
        -0.609548 -1.525935 5.507874,
        -0.605657 -1.535352 5.507874,
        -0.613373 -1.529996 5.507874,
        -0.605740 -1.535425 5.507874,
        -0.619124 -1.533712 5.507874,
        -0.614310 -1.541169 5.507874,
        -0.625624 -1.535987 5.507874,
        -0.623523 -1.544403 5.507874,
        -0.634943 -1.536977 5.507874,
        -0.634898 -1.545619 5.507874,
        -0.646557 -1.536977 5.507874,
        -0.657119 -1.545619 5.507874,
        -0.646557 -1.475521 5.507874,
        -0.657119 -1.466879 5.507874,
        -0.635379 -1.475521 5.507874,
        -0.635709 -1.466879 5.507874,
        -0.627072 -1.476294 5.507874,
        -0.625966 -1.467730 5.507874,
        -0.620445 -1.478363 5.507874,
        -0.616893 -1.470434 5.507874,
        -0.615075 -1.481552 5.507874,
        -0.608671 -1.475212 5.507874,
        -0.610659 -1.485914 5.507874,
        -0.602190 -1.481417 5.507874,
        -0.607338 -1.491343 5.507874,
        -0.597675 -1.488460 5.507874,
        -0.605029 -1.498744 5.507874,
        -0.594848 -1.496702 5.507874,
        -0.604306 -1.507014 5.507874,
        -0.593743 -1.507239 5.507874,
        -0.604975 -1.514851 5.507874,
        -0.594315 -1.514648 5.507874,
        -0.606813 -1.521079 5.507874,
        -0.634943 -1.536977 5.511811,
        -0.646557 -1.536977 5.511811,
        -0.646557 -1.475521 5.511811,
        -0.635379 -1.475521 5.511811,
        -0.604306 -1.507014 5.511811,
        -0.605029 -1.498744 5.511811,
        -0.607338 -1.491343 5.511811,
        -0.610659 -1.485914 5.511811,
        -0.615075 -1.481552 5.511811,
        -0.620445 -1.478363 5.511811,
        -0.627072 -1.476294 5.511811,
        -0.625624 -1.535987 5.511811,
        -0.619124 -1.533712 5.511811,
        -0.613373 -1.529996 5.511811,
        -0.609548 -1.525935 5.511811,
        -0.606813 -1.521079 5.511811,
        -0.604975 -1.514851 5.511811,
      ]
    }
    coordIndex [
      78, 79, 77, -1,
      77, 79, 0, -1,
      80, 78, 76, -1,
      76, 78, 77, -1,
      81, 80, 75, -1,
      75, 80, 76, -1,
      82, 81, 74, -1,
      74, 81, 75, -1,
      83, 82, 1, -1,
      1, 82, 74, -1,
      79, 83, 0, -1,
      0, 83, 1, -1,
      81, 82, 80, -1,
      80, 82, 83, -1,
      80, 83, 78, -1,
      78, 83, 79, -1,
      84, 85, 8, -1,
      8, 85, 7, -1,
      84, 8, 6, -1,
      84, 6, 86, -1,
      86, 6, 32, -1,
      86, 32, 87, -1,
      87, 32, 28, -1,
      87, 28, 88, -1,
      88, 28, 27, -1,
      88, 27, 89, -1,
      89, 27, 29, -1,
      89, 29, 90, -1,
      90, 29, 30, -1,
      90, 30, 91, -1,
      91, 30, 31, -1,
      91, 31, 92, -1,
      92, 31, 26, -1,
      92, 26, 93, -1,
      93, 26, 25, -1,
      93, 25, 94, -1,
      94, 25, 24, -1,
      94, 24, 95, -1,
      95, 24, 34, -1,
      95, 34, 96, -1,
      96, 34, 33, -1,
      96, 33, 97, -1,
      97, 33, 23, -1,
      97, 23, 98, -1,
      98, 23, 22, -1,
      98, 22, 99, -1,
      99, 22, 21, -1,
      99, 21, 100, -1,
      100, 21, 5, -1,
      100, 5, 101, -1,
      101, 5, 4, -1,
      101, 4, 102, -1,
      102, 4, 9, -1,
      102, 9, 103, -1,
      103, 9, 10, -1,
      103, 10, 104, -1,
      105, 104, 11, -1,
      11, 104, 10, -1,
      43, 106, 44, -1,
      44, 106, 107, -1,
      44, 107, 45, -1,
      45, 107, 105, -1,
      45, 105, 11, -1,
      43, 42, 106, -1,
      106, 42, 108, -1,
      42, 41, 108, -1,
      108, 41, 20, -1,
      108, 20, 109, -1,
      109, 20, 19, -1,
      109, 19, 110, -1,
      110, 19, 18, -1,
      110, 18, 111, -1,
      111, 18, 17, -1,
      111, 17, 112, -1,
      112, 17, 40, -1,
      112, 40, 113, -1,
      113, 40, 39, -1,
      113, 39, 114, -1,
      114, 39, 38, -1,
      114, 38, 115, -1,
      115, 38, 16, -1,
      115, 16, 116, -1,
      116, 16, 15, -1,
      116, 15, 117, -1,
      117, 15, 14, -1,
      117, 14, 118, -1,
      118, 14, 13, -1,
      118, 13, 119, -1,
      119, 13, 12, -1,
      119, 12, 120, -1,
      120, 12, 37, -1,
      120, 37, 121, -1,
      121, 37, 36, -1,
      121, 36, 122, -1,
      122, 36, 35, -1,
      122, 35, 123, -1,
      123, 35, 7, -1,
      123, 7, 85, -1,
      89, 121, 88, -1,
      88, 121, 122, -1,
      88, 122, 87, -1,
      87, 122, 123, -1,
      87, 123, 86, -1,
      86, 123, 85, -1,
      86, 85, 84, -1,
      104, 105, 103, -1,
      103, 105, 107, -1,
      103, 107, 102, -1,
      102, 107, 106, -1,
      102, 106, 101, -1,
      101, 106, 108, -1,
      101, 108, 100, -1,
      100, 108, 109, -1,
      100, 109, 99, -1,
      99, 109, 110, -1,
      99, 110, 98, -1,
      98, 110, 111, -1,
      98, 111, 97, -1,
      97, 111, 112, -1,
      97, 112, 96, -1,
      96, 112, 113, -1,
      96, 113, 95, -1,
      95, 113, 114, -1,
      95, 114, 94, -1,
      94, 114, 115, -1,
      94, 115, 93, -1,
      93, 115, 116, -1,
      93, 116, 92, -1,
      92, 116, 117, -1,
      92, 117, 91, -1,
      91, 117, 118, -1,
      91, 118, 90, -1,
      90, 118, 119, -1,
      90, 119, 89, -1,
      89, 119, 120, -1,
      89, 120, 121, -1,
      124, 125, 54, -1,
      54, 125, 2, -1,
      126, 124, 53, -1,
      53, 124, 54, -1,
      127, 126, 52, -1,
      52, 126, 53, -1,
      128, 127, 51, -1,
      51, 127, 52, -1,
      129, 128, 56, -1,
      56, 128, 51, -1,
      130, 129, 50, -1,
      50, 129, 56, -1,
      131, 130, 49, -1,
      49, 130, 50, -1,
      132, 131, 48, -1,
      48, 131, 49, -1,
      133, 132, 47, -1,
      47, 132, 48, -1,
      134, 133, 46, -1,
      46, 133, 47, -1,
      135, 134, 3, -1,
      3, 134, 46, -1,
      125, 135, 2, -1,
      2, 135, 3, -1,
      128, 129, 127, -1,
      127, 129, 130, -1,
      125, 124, 135, -1,
      135, 124, 126, -1,
      132, 133, 131, -1,
      131, 133, 134, -1,
      131, 134, 130, -1,
      130, 134, 135, -1,
      130, 135, 127, -1,
      127, 135, 126, -1,
      136, 137, 138, -1,
      138, 137, 139, -1,
      138, 139, 140, -1,
      140, 139, 141, -1,
      140, 141, 142, -1,
      142, 141, 143, -1,
      142, 143, 144, -1,
      144, 143, 145, -1,
      144, 145, 146, -1,
      146, 145, 147, -1,
      146, 147, 148, -1,
      148, 147, 149, -1,
      148, 149, 150, -1,
      150, 149, 151, -1,
      150, 151, 152, -1,
      152, 151, 153, -1,
      152, 153, 154, -1,
      154, 153, 155, -1,
      154, 155, 156, -1,
      156, 155, 157, -1,
      156, 157, 158, -1,
      158, 157, 159, -1,
      158, 159, 160, -1,
      160, 159, 161, -1,
      160, 161, 162, -1,
      162, 161, 163, -1,
      162, 163, 164, -1,
      164, 163, 165, -1,
      164, 165, 166, -1,
      166, 165, 167, -1,
      166, 167, 168, -1,
      168, 167, 169, -1,
      168, 169, 170, -1,
      170, 169, 136, -1,
      170, 136, 138, -1,
      153, 151, 69, -1,
      69, 151, 55, -1,
      153, 69, 70, -1,
      153, 70, 155, -1,
      155, 70, 65, -1,
      155, 65, 157, -1,
      157, 65, 64, -1,
      157, 64, 159, -1,
      159, 64, 63, -1,
      159, 63, 161, -1,
      161, 63, 62, -1,
      161, 62, 163, -1,
      163, 62, 73, -1,
      163, 73, 165, -1,
      165, 73, 72, -1,
      165, 72, 167, -1,
      167, 72, 71, -1,
      167, 71, 169, -1,
      169, 71, 68, -1,
      169, 68, 136, -1,
      136, 68, 67, -1,
      136, 67, 137, -1,
      137, 67, 66, -1,
      137, 66, 139, -1,
      139, 66, 61, -1,
      139, 61, 141, -1,
      141, 61, 60, -1,
      141, 60, 143, -1,
      143, 60, 59, -1,
      143, 59, 145, -1,
      145, 59, 58, -1,
      145, 58, 147, -1,
      149, 147, 57, -1,
      57, 147, 58, -1,
      151, 149, 55, -1,
      55, 149, 57, -1,
      146, 148, 171, -1,
      171, 148, 172, -1,
      148, 150, 172, -1,
      172, 150, 173, -1,
      150, 152, 173, -1,
      173, 152, 174, -1,
      166, 175, 176, -1,
      166, 176, 164, -1,
      164, 176, 177, -1,
      164, 177, 162, -1,
      162, 177, 178, -1,
      162, 178, 160, -1,
      160, 178, 179, -1,
      160, 179, 158, -1,
      158, 179, 180, -1,
      158, 180, 156, -1,
      156, 180, 181, -1,
      156, 181, 154, -1,
      154, 181, 174, -1,
      154, 174, 152, -1,
      146, 171, 182, -1,
      146, 182, 144, -1,
      144, 182, 183, -1,
      144, 183, 142, -1,
      142, 183, 184, -1,
      142, 184, 140, -1,
      140, 184, 185, -1,
      140, 185, 138, -1,
      138, 185, 186, -1,
      138, 186, 170, -1,
      170, 186, 187, -1,
      170, 187, 168, -1,
      168, 187, 175, -1,
      168, 175, 166, -1,
    ]
  }
}

Shape {
  appearance Appearance {
    material Material {
      diffuseColor 0.2510 0.2510 0.2510
      specularColor 0.1255 0.1255 0.1255
      ambientIntensity 0.2
      transparency 0.0000
      shininess 0.5
    }
  }
  geometry IndexedFaceSet {
    ccw TRUE
    solid FALSE
    coord DEF co Coordinate {
      point [
        -0.634943 -1.536977 5.511811,
        -0.646557 -1.536977 5.511811,
        -0.646557 -1.475521 5.511811,
        -0.635379 -1.475521 5.511811,
        -0.604306 -1.507014 5.511811,
        -0.605029 -1.498744 5.511811,
        -0.607338 -1.491343 5.511811,
        -0.610659 -1.485914 5.511811,
        -0.615075 -1.481552 5.511811,
        -0.620445 -1.478363 5.511811,
        -0.627072 -1.476294 5.511811,
        -0.625624 -1.535987 5.511811,
        -0.619124 -1.533712 5.511811,
        -0.613373 -1.529996 5.511811,
        -0.609548 -1.525935 5.511811,
        -0.606813 -1.521079 5.511811,
        -0.604975 -1.514851 5.511811,
      ]
    }
    coordIndex [
      1, 2, 0, -1,
      0, 2, 3, -1,
      0, 3, 10, -1,
      4, 16, 0, -1,
      0, 16, 15, -1,
      0, 15, 11, -1,
      10, 9, 0, -1,
      0, 9, 8, -1,
      0, 8, 7, -1,
      7, 6, 0, -1,
      0, 6, 5, -1,
      0, 5, 4, -1,
      14, 13, 15, -1,
      15, 13, 12, -1,
      15, 12, 11, -1,
    ]
  }
}

Shape {
  appearance Appearance {
    material Material {
      diffuseColor 1.0000 1.0000 1.0000
      specularColor 0.8784 0.8784 0.8784
      ambientIntensity 0.2
      transparency 0.0000
      shininess 0.5
    }
  }
  geometry IndexedFaceSet {
    ccw TRUE
    solid FALSE
    coord DEF co Coordinate {
      point [
        -0.558214 -1.545619 5.511811,
        -0.587981 -1.466879 5.511811,
        -0.576459 -1.466879 5.511811,
        -0.547651 -1.545619 5.511811,
        -0.516923 -1.466879 5.511811,
        -0.528446 -1.466879 5.511811,
        -0.536413 -1.488965 5.511811,
        -0.568942 -1.488965 5.511811,
        -0.566286 -1.497607 5.507874,
        -0.554538 -1.530495 5.507874,
        -0.558214 -1.545619 5.507874,
        -0.587981 -1.466879 5.507874,
        -0.576459 -1.466879 5.507874,
        -0.568942 -1.488965 5.507874,
        -0.553780 -1.533226 5.507874,
        -0.553278 -1.536017 5.507874,
        -0.547651 -1.545619 5.507874,
        -0.553022 -1.536017 5.507874,
        -0.552509 -1.533235 5.507874,
        -0.539954 -1.497607 5.507874,
        -0.536413 -1.488965 5.507874,
        -0.551807 -1.530495 5.507874,
        -0.516923 -1.466879 5.507874,
        -0.528446 -1.466879 5.507874,
        -0.566286 -1.497607 5.511811,
        -0.539954 -1.497607 5.511811,
        -0.551807 -1.530495 5.511811,
        -0.553022 -1.536017 5.511811,
        -0.552509 -1.533235 5.511811,
        -0.553278 -1.536017 5.511811,
        -0.554538 -1.530495 5.511811,
        -0.553780 -1.533226 5.511811,
      ]
    }
    coordIndex [
      8, 9, 10, -1,
      11, 12, 13, -1,
      9, 14, 10, -1,
      10, 14, 15, -1,
      10, 15, 16, -1,
      16, 15, 17, -1,
      16, 17, 18, -1,
      10, 11, 8, -1,
      8, 11, 13, -1,
      8, 13, 19, -1,
      19, 13, 20, -1,
      18, 21, 16, -1,
      16, 21, 19, -1,
      16, 19, 22, -1,
      22, 19, 20, -1,
      22, 20, 23, -1,
      16, 22, 3, -1,
      3, 22, 4, -1,
      10, 16, 0, -1,
      0, 16, 3, -1,
      11, 10, 1, -1,
      1, 10, 0, -1,
      12, 11, 2, -1,
      2, 11, 1, -1,
      13, 12, 7, -1,
      7, 12, 2, -1,
      20, 13, 6, -1,
      6, 13, 7, -1,
      23, 20, 5, -1,
      5, 20, 6, -1,
      22, 23, 4, -1,
      4, 23, 5, -1,
      8, 19, 24, -1,
      24, 19, 25, -1,
      19, 21, 25, -1,
      25, 21, 26, -1,
      17, 27, 28, -1,
      17, 28, 18, -1,
      18, 28, 26, -1,
      18, 26, 21, -1,
      17, 15, 27, -1,
      27, 15, 29, -1,
      9, 30, 31, -1,
      9, 31, 14, -1,
      14, 31, 29, -1,
      14, 29, 15, -1,
      9, 8, 30, -1,
      30, 8, 24, -1,
    ]
  }
}

Shape {
  appearance Appearance {
    material Material {
      diffuseColor 0.2510 0.2510 0.2510
      specularColor 0.1255 0.1255 0.1255
      ambientIntensity 0.2
      transparency 0.0000
      shininess 0.5
    }
  }
  geometry IndexedFaceSet {
    ccw TRUE
    solid FALSE
    coord DEF co Coordinate {
      point [
        -0.566286 -1.497607 5.511811,
        -0.539954 -1.497607 5.511811,
        -0.551807 -1.530495 5.511811,
        -0.553022 -1.536017 5.511811,
        -0.552509 -1.533235 5.511811,
        -0.553278 -1.536017 5.511811,
        -0.554538 -1.530495 5.511811,
        -0.553780 -1.533226 5.511811,
      ]
    }
    coordIndex [
      0, 1, 6, -1,
      6, 1, 2, -1,
      6, 2, 7, -1,
      7, 2, 4, -1,
      7, 4, 5, -1,
      5, 4, 3, -1,
    ]
  }
}

Shape {
  appearance Appearance {
    material Material {
      diffuseColor 1.0000 1.0000 1.0000
      specularColor 0.8784 0.8784 0.8784
      ambientIntensity 0.2
      transparency 0.0000
      shininess 0.5
    }
  }
  geometry IndexedFaceSet {
    ccw TRUE
    solid FALSE
    coord DEF co Coordinate {
      point [
        -1.299213 -2.160774 5.905512,
        -1.299213 -2.160774 5.984252,
        1.299213 -2.160774 5.984252,
        1.299213 -2.160774 5.905512,
        0.669291 -2.160774 5.905512,
        -0.669291 -2.160774 5.984252,
        -0.669291 -2.160774 5.905512,
        -0.314961 -2.160774 5.905512,
        -0.314961 -2.160774 5.984252,
        0.314961 -2.160774 5.984252,
        0.314961 -2.160774 5.905512,
        0.669291 -2.160774 5.984252,
        1.299213 -2.278884 5.984252,
        0.669291 -2.278884 5.984252,
        0.669291 -2.296406 5.982278,
        1.299213 -2.296406 5.982278,
        0.669291 -2.313048 5.976454,
        1.299213 -2.313048 5.976454,
        0.669291 -2.327978 5.967073,
        1.299213 -2.327978 5.967073,
        0.669291 -2.340446 5.954606,
        1.299213 -2.340446 5.954606,
        0.669291 -2.349826 5.939676,
        1.299213 -2.349826 5.939676,
        0.669291 -2.355650 5.923033,
        1.299213 -2.355650 5.923033,
        0.669291 -2.357624 5.905512,
        1.299213 -2.357624 5.905512,
        0.812181 -2.357624 5.078069,
        0.807087 -2.357624 5.078741,
        0.688976 -2.357624 5.078741,
        0.816929 -2.357624 5.076103,
        0.821006 -2.357624 5.072974,
        1.299213 -2.357624 5.098426,
        0.824134 -2.357624 5.068898,
        0.826101 -2.357624 5.064150,
        1.141732 -2.357624 5.059055,
        1.142226 -2.357624 5.063435,
        0.826772 -2.357624 5.059055,
        1.141732 -2.357624 3.661417,
        0.905512 -2.357624 3.582677,
        1.283908 -2.357624 5.079234,
        1.288069 -2.357624 5.080689,
        1.279528 -2.357624 5.078741,
        1.161417 -2.357624 5.078741,
        0.669291 -2.357624 5.098426,
        0.669962 -2.357624 5.093330,
        0.671929 -2.357624 5.088583,
        0.675057 -2.357624 5.084506,
        0.679134 -2.357624 5.081377,
        0.683881 -2.357624 5.079411,
        1.143682 -2.357624 5.067596,
        1.146027 -2.357624 5.071329,
        1.149144 -2.357624 5.074445,
        1.291801 -2.357624 5.083035,
        1.294918 -2.357624 5.086152,
        1.297263 -2.357624 5.089885,
        0.828746 -2.357624 3.643896,
        0.834569 -2.357624 3.627253,
        0.826772 -2.357624 3.661417,
        1.152876 -2.357624 5.076791,
        1.157037 -2.357624 5.078246,
        1.298719 -2.357624 5.094045,
        0.843950 -2.357624 3.612324,
        0.856418 -2.357624 3.599856,
        0.887991 -2.357624 3.584652,
        0.871348 -2.357624 3.590475,
        1.062992 -2.357624 3.582677,
        1.083372 -2.357624 3.585360,
        1.102362 -2.357624 3.593226,
        1.118670 -2.357624 3.605740,
        1.131183 -2.357624 3.622047,
        1.139049 -2.357624 3.641038,
        1.062992 -2.278884 3.582677,
        0.905512 -2.278884 3.582677,
        0.821006 -2.278884 5.072974,
        0.816929 -2.278884 5.076103,
        1.299213 -2.278884 5.866142,
        0.812181 -2.278884 5.078069,
        0.669291 -2.278884 5.866142,
        1.157037 -2.278884 5.078246,
        1.152876 -2.278884 5.076791,
        0.826101 -2.278884 5.064150,
        1.143682 -2.278884 5.067596,
        1.142226 -2.278884 5.063435,
        0.807087 -2.278884 5.078741,
        0.688976 -2.278884 5.078741,
        0.669291 -2.278884 5.098426,
        0.669962 -2.278884 5.093330,
        0.683881 -2.278884 5.079411,
        0.679134 -2.278884 5.081377,
        0.675057 -2.278884 5.084506,
        0.824134 -2.278884 5.068898,
        1.299213 -2.278884 5.098426,
        1.161417 -2.278884 5.078741,
        0.826772 -2.278884 5.059055,
        1.141732 -2.278884 5.059055,
        0.826772 -2.278884 3.661417,
        1.288069 -2.278884 5.080689,
        1.283908 -2.278884 5.079234,
        1.279528 -2.278884 5.078741,
        1.149144 -2.278884 5.074445,
        1.146027 -2.278884 5.071329,
        0.671929 -2.278884 5.088583,
        1.297263 -2.278884 5.089885,
        1.294918 -2.278884 5.086152,
        1.291801 -2.278884 5.083035,
        1.298719 -2.278884 5.094045,
        0.887991 -2.278884 3.584652,
        0.871348 -2.278884 3.590475,
        0.856418 -2.278884 3.599856,
        0.834569 -2.278884 3.627253,
        0.828746 -2.278884 3.643896,
        1.139049 -2.278884 3.641038,
        1.131183 -2.278884 3.622047,
        1.118670 -2.278884 3.605740,
        1.102362 -2.278884 3.593226,
        1.083372 -2.278884 3.585360,
        0.843950 -2.278884 3.612324,
        1.141732 -2.278884 3.661417,
        1.299213 -2.277897 5.874902,
        0.669291 -2.277897 5.874902,
        1.299213 -2.274985 5.883224,
        0.669291 -2.274985 5.883224,
        1.299213 -2.270295 5.890689,
        0.669291 -2.270295 5.890689,
        1.299213 -2.264061 5.896923,
        0.669291 -2.264061 5.896923,
        1.299213 -2.256596 5.901613,
        0.669291 -2.256596 5.901613,
        1.299213 -2.248275 5.904525,
        0.669291 -2.248275 5.904525,
        1.299213 -2.239514 5.905512,
        0.669291 -2.239514 5.905512,
        0.314961 -2.278884 5.984252,
        -0.314961 -2.278884 5.984252,
        -0.314961 -2.296406 5.982278,
        0.314961 -2.296406 5.982278,
        -0.314961 -2.313048 5.976454,
        0.314961 -2.313048 5.976454,
        -0.314961 -2.327978 5.967073,
        0.314961 -2.327978 5.967073,
        -0.314961 -2.340446 5.954606,
        0.314961 -2.340446 5.954606,
        -0.314961 -2.349826 5.939676,
        0.314961 -2.349826 5.939676,
        -0.314961 -2.355650 5.923033,
        0.314961 -2.355650 5.923033,
        -0.314961 -2.357624 5.905512,
        0.314961 -2.357624 5.905512,
        -0.172070 -2.357624 5.078069,
        -0.167323 -2.357624 5.076103,
        -0.163246 -2.357624 5.072974,
        0.314961 -2.357624 5.098426,
        -0.160118 -2.357624 5.068898,
        -0.158151 -2.357624 5.064150,
        0.157974 -2.357624 5.063435,
        -0.157480 -2.357624 5.059055,
        -0.314290 -2.357624 5.093330,
        -0.312323 -2.357624 5.088583,
        -0.295276 -2.357624 5.078741,
        0.299656 -2.357624 5.079234,
        0.303817 -2.357624 5.080689,
        0.295276 -2.357624 5.078741,
        0.177165 -2.357624 5.078741,
        -0.177165 -2.357624 5.078741,
        -0.314961 -2.357624 5.098426,
        0.159430 -2.357624 5.067596,
        0.161775 -2.357624 5.071329,
        0.164892 -2.357624 5.074445,
        -0.309195 -2.357624 5.084506,
        -0.305118 -2.357624 5.081377,
        -0.300370 -2.357624 5.079411,
        -0.099120 -2.357624 3.585360,
        -0.078740 -2.357624 3.582677,
        -0.157480 -2.357624 3.661417,
        0.157480 -2.357624 3.661417,
        0.157480 -2.357624 5.059055,
        0.307549 -2.357624 5.083035,
        0.310666 -2.357624 5.086152,
        0.313011 -2.357624 5.089885,
        0.078740 -2.357624 3.582677,
        0.099120 -2.357624 3.585360,
        0.168624 -2.357624 5.076791,
        0.172785 -2.357624 5.078246,
        0.314467 -2.357624 5.094045,
        -0.154797 -2.357624 3.641038,
        -0.146931 -2.357624 3.622047,
        -0.118110 -2.357624 3.593226,
        -0.134418 -2.357624 3.605740,
        0.118110 -2.357624 3.593226,
        0.134418 -2.357624 3.605740,
        0.154797 -2.357624 3.641038,
        0.146931 -2.357624 3.622047,
        0.078740 -2.278884 3.582677,
        -0.078740 -2.278884 3.582677,
        -0.163246 -2.278884 5.072974,
        -0.167323 -2.278884 5.076103,
        0.314961 -2.278884 5.866142,
        -0.172070 -2.278884 5.078069,
        -0.314961 -2.278884 5.866142,
        0.295276 -2.278884 5.078741,
        0.177165 -2.278884 5.078741,
        0.314961 -2.278884 5.098426,
        -0.177165 -2.278884 5.078741,
        -0.295276 -2.278884 5.078741,
        -0.314961 -2.278884 5.098426,
        -0.314290 -2.278884 5.093330,
        0.299656 -2.278884 5.079234,
        -0.160118 -2.278884 5.068898,
        -0.158151 -2.278884 5.064150,
        0.172785 -2.278884 5.078246,
        -0.300370 -2.278884 5.079411,
        -0.305118 -2.278884 5.081377,
        -0.309195 -2.278884 5.084506,
        0.168624 -2.278884 5.076791,
        0.164892 -2.278884 5.074445,
        0.161775 -2.278884 5.071329,
        0.118110 -2.278884 3.593226,
        0.099120 -2.278884 3.585360,
        -0.312323 -2.278884 5.088583,
        -0.157480 -2.278884 5.059055,
        -0.157480 -2.278884 3.661417,
        -0.154797 -2.278884 3.641038,
        0.313011 -2.278884 5.089885,
        0.310666 -2.278884 5.086152,
        0.314467 -2.278884 5.094045,
        0.307549 -2.278884 5.083035,
        0.303817 -2.278884 5.080689,
        0.159430 -2.278884 5.067596,
        0.157974 -2.278884 5.063435,
        0.157480 -2.278884 5.059055,
        0.157480 -2.278884 3.661417,
        0.154797 -2.278884 3.641038,
        0.146931 -2.278884 3.622047,
        0.134418 -2.278884 3.605740,
        -0.099120 -2.278884 3.585360,
        -0.118110 -2.278884 3.593226,
        -0.134418 -2.278884 3.605740,
        -0.146931 -2.278884 3.622047,
        0.314961 -2.277897 5.874902,
        -0.314961 -2.277897 5.874902,
        0.314961 -2.274985 5.883224,
        -0.314961 -2.274985 5.883224,
        0.314961 -2.270295 5.890689,
        -0.314961 -2.270295 5.890689,
        0.314961 -2.264061 5.896923,
        -0.314961 -2.264061 5.896923,
        0.314961 -2.256596 5.901613,
        -0.314961 -2.256596 5.901613,
        0.314961 -2.248275 5.904525,
        -0.314961 -2.248275 5.904525,
        0.314961 -2.239514 5.905512,
        -0.314961 -2.239514 5.905512,
        -0.669291 -2.278884 5.984252,
        -1.299213 -2.278884 5.984252,
        -1.299213 -2.296406 5.982278,
        -0.669291 -2.296406 5.982278,
        -1.299213 -2.313048 5.976454,
        -0.669291 -2.313048 5.976454,
        -1.299213 -2.327978 5.967073,
        -0.669291 -2.327978 5.967073,
        -1.299213 -2.340446 5.954606,
        -0.669291 -2.340446 5.954606,
        -1.299213 -2.349826 5.939676,
        -0.669291 -2.349826 5.939676,
        -1.299213 -2.355650 5.923033,
        -0.669291 -2.355650 5.923033,
        -1.299213 -2.357624 5.905512,
        -0.669291 -2.357624 5.905512,
        -1.156322 -2.357624 5.078069,
        -1.161417 -2.357624 5.078741,
        -1.299213 -2.357624 5.098426,
        -1.151575 -2.357624 5.076103,
        -1.147498 -2.357624 5.072974,
        -0.669291 -2.357624 5.098426,
        -1.144370 -2.357624 5.068898,
        -1.142403 -2.357624 5.064150,
        -0.826772 -2.357624 5.059055,
        -0.826278 -2.357624 5.063435,
        -1.141732 -2.357624 5.059055,
        -0.826772 -2.357624 3.661417,
        -1.062992 -2.357624 3.582677,
        -0.684596 -2.357624 5.079234,
        -0.680435 -2.357624 5.080689,
        -0.688976 -2.357624 5.078741,
        -0.807087 -2.357624 5.078741,
        -0.824822 -2.357624 5.067596,
        -0.822477 -2.357624 5.071329,
        -0.819360 -2.357624 5.074445,
        -1.298542 -2.357624 5.093330,
        -1.284622 -2.357624 5.079411,
        -1.279528 -2.357624 5.078741,
        -1.296575 -2.357624 5.088583,
        -1.293447 -2.357624 5.084506,
        -1.289370 -2.357624 5.081377,
        -0.676703 -2.357624 5.083035,
        -0.673586 -2.357624 5.086152,
        -0.671241 -2.357624 5.089885,
        -1.139758 -2.357624 3.643896,
        -1.133935 -2.357624 3.627253,
        -1.141732 -2.357624 3.661417,
        -0.815628 -2.357624 5.076791,
        -0.811467 -2.357624 5.078246,
        -0.669785 -2.357624 5.094045,
        -1.124554 -2.357624 3.612324,
        -1.112086 -2.357624 3.599856,
        -1.080513 -2.357624 3.584652,
        -1.097156 -2.357624 3.590475,
        -0.905512 -2.357624 3.582677,
        -0.885132 -2.357624 3.585360,
        -0.866142 -2.357624 3.593226,
        -0.849834 -2.357624 3.605740,
        -0.837321 -2.357624 3.622047,
        -0.829455 -2.357624 3.641038,
        -0.905512 -2.278884 3.582677,
        -1.062992 -2.278884 3.582677,
        -0.811467 -2.278884 5.078246,
        -0.815628 -2.278884 5.076791,
        -1.142403 -2.278884 5.064150,
        -0.824822 -2.278884 5.067596,
        -0.826278 -2.278884 5.063435,
        -0.688976 -2.278884 5.078741,
        -0.807087 -2.278884 5.078741,
        -0.669291 -2.278884 5.098426,
        -1.147498 -2.278884 5.072974,
        -0.669291 -2.278884 5.866142,
        -1.144370 -2.278884 5.068898,
        -1.141732 -2.278884 5.059055,
        -0.826772 -2.278884 5.059055,
        -1.141732 -2.278884 3.661417,
        -1.151575 -2.278884 5.076103,
        -1.156322 -2.278884 5.078069,
        -1.299213 -2.278884 5.866142,
        -1.161417 -2.278884 5.078741,
        -1.299213 -2.278884 5.098426,
        -1.279528 -2.278884 5.078741,
        -1.284622 -2.278884 5.079411,
        -0.819360 -2.278884 5.074445,
        -0.822477 -2.278884 5.071329,
        -1.289370 -2.278884 5.081377,
        -1.293447 -2.278884 5.084506,
        -0.676703 -2.278884 5.083035,
        -0.680435 -2.278884 5.080689,
        -0.684596 -2.278884 5.079234,
        -1.296575 -2.278884 5.088583,
        -1.298542 -2.278884 5.093330,
        -0.673586 -2.278884 5.086152,
        -0.669785 -2.278884 5.094045,
        -0.671241 -2.278884 5.089885,
        -1.080513 -2.278884 3.584652,
        -1.097156 -2.278884 3.590475,
        -1.112086 -2.278884 3.599856,
        -1.133935 -2.278884 3.627253,
        -1.139758 -2.278884 3.643896,
        -0.829455 -2.278884 3.641038,
        -0.837321 -2.278884 3.622047,
        -0.849834 -2.278884 3.605740,
        -0.866142 -2.278884 3.593226,
        -0.885132 -2.278884 3.585360,
        -1.124554 -2.278884 3.612324,
        -0.826772 -2.278884 3.661417,
        -0.669291 -2.277897 5.874902,
        -1.299213 -2.277897 5.874902,
        -0.669291 -2.274985 5.883224,
        -1.299213 -2.274985 5.883224,
        -0.669291 -2.270295 5.890689,
        -1.299213 -2.270295 5.890689,
        -0.669291 -2.264061 5.896923,
        -1.299213 -2.264061 5.896923,
        -0.669291 -2.256596 5.901613,
        -1.299213 -2.256596 5.901613,
        -0.669291 -2.248275 5.904525,
        -1.299213 -2.248275 5.904525,
        -0.669291 -2.239514 5.905512,
        -1.299213 -2.239514 5.905512,
      ]
    }
    coordIndex [
      12, 2, 13, -1,
      13, 2, 11, -1,
      12, 13, 14, -1,
      12, 14, 15, -1,
      15, 14, 16, -1,
      15, 16, 17, -1,
      17, 16, 18, -1,
      17, 18, 19, -1,
      19, 18, 20, -1,
      19, 20, 21, -1,
      21, 20, 22, -1,
      21, 22, 23, -1,
      23, 22, 24, -1,
      23, 24, 25, -1,
      25, 24, 26, -1,
      25, 26, 27, -1,
      28, 27, 29, -1,
      29, 27, 26, -1,
      29, 26, 30, -1,
      28, 31, 27, -1,
      27, 31, 32, -1,
      27, 32, 33, -1,
      33, 32, 34, -1,
      33, 34, 35, -1,
      36, 37, 38, -1,
      38, 37, 35, -1,
      39, 36, 40, -1,
      41, 42, 43, -1,
      43, 42, 44, -1,
      26, 45, 30, -1,
      30, 45, 46, -1,
      30, 46, 47, -1,
      47, 48, 30, -1,
      30, 48, 49, -1,
      30, 49, 50, -1,
      37, 51, 35, -1,
      35, 51, 52, -1,
      35, 52, 53, -1,
      42, 54, 44, -1,
      44, 54, 55, -1,
      44, 55, 56, -1,
      57, 58, 40, -1,
      36, 38, 40, -1,
      40, 38, 59, -1,
      40, 59, 57, -1,
      53, 60, 35, -1,
      35, 60, 61, -1,
      35, 61, 33, -1,
      33, 61, 44, -1,
      33, 44, 62, -1,
      62, 44, 56, -1,
      58, 63, 40, -1,
      40, 63, 64, -1,
      40, 64, 65, -1,
      65, 64, 66, -1,
      40, 67, 39, -1,
      39, 67, 68, -1,
      39, 68, 69, -1,
      69, 70, 39, -1,
      39, 70, 71, -1,
      39, 71, 72, -1,
      67, 40, 73, -1,
      73, 40, 74, -1,
      75, 76, 77, -1,
      77, 76, 78, -1,
      77, 78, 79, -1,
      80, 81, 82, -1,
      83, 84, 82, -1,
      78, 85, 79, -1,
      79, 85, 86, -1,
      79, 86, 87, -1,
      87, 86, 88, -1,
      89, 90, 91, -1,
      75, 77, 92, -1,
      92, 77, 93, -1,
      92, 93, 82, -1,
      82, 93, 94, -1,
      82, 94, 80, -1,
      82, 84, 95, -1,
      95, 84, 96, -1,
      95, 96, 97, -1,
      98, 99, 93, -1,
      93, 99, 100, -1,
      93, 100, 94, -1,
      81, 101, 82, -1,
      82, 101, 102, -1,
      82, 102, 83, -1,
      89, 91, 86, -1,
      86, 91, 103, -1,
      86, 103, 88, -1,
      104, 105, 106, -1,
      98, 93, 106, -1,
      106, 93, 107, -1,
      106, 107, 104, -1,
      108, 109, 110, -1,
      111, 112, 74, -1,
      113, 114, 73, -1,
      114, 115, 73, -1,
      73, 115, 116, -1,
      73, 116, 117, -1,
      108, 110, 74, -1,
      74, 110, 118, -1,
      74, 118, 111, -1,
      112, 97, 74, -1,
      74, 97, 96, -1,
      74, 96, 73, -1,
      73, 96, 119, -1,
      73, 119, 113, -1,
      77, 79, 120, -1,
      120, 79, 121, -1,
      120, 121, 122, -1,
      122, 121, 123, -1,
      122, 123, 124, -1,
      124, 123, 125, -1,
      124, 125, 126, -1,
      126, 125, 127, -1,
      126, 127, 128, -1,
      128, 127, 129, -1,
      128, 129, 130, -1,
      130, 129, 131, -1,
      130, 131, 132, -1,
      132, 131, 133, -1,
      3, 132, 4, -1,
      4, 132, 133, -1,
      12, 15, 128, -1,
      128, 15, 17, -1,
      128, 17, 126, -1,
      126, 17, 19, -1,
      126, 19, 124, -1,
      27, 33, 93, -1,
      93, 77, 27, -1,
      27, 77, 120, -1,
      27, 120, 25, -1,
      25, 120, 122, -1,
      25, 122, 23, -1,
      23, 122, 124, -1,
      23, 124, 21, -1,
      21, 124, 19, -1,
      3, 2, 132, -1,
      132, 2, 12, -1,
      132, 12, 130, -1,
      130, 12, 128, -1,
      13, 11, 4, -1,
      4, 133, 13, -1,
      13, 133, 131, -1,
      13, 131, 14, -1,
      14, 131, 129, -1,
      14, 129, 16, -1,
      16, 129, 127, -1,
      26, 24, 123, -1,
      123, 24, 22, -1,
      123, 22, 125, -1,
      125, 22, 20, -1,
      125, 20, 127, -1,
      127, 20, 18, -1,
      127, 18, 16, -1,
      87, 45, 79, -1,
      79, 45, 26, -1,
      79, 26, 121, -1,
      121, 26, 123, -1,
      29, 30, 85, -1,
      85, 30, 86, -1,
      95, 97, 38, -1,
      38, 97, 59, -1,
      36, 39, 96, -1,
      96, 39, 119, -1,
      43, 44, 100, -1,
      100, 44, 94, -1,
      119, 39, 72, -1,
      119, 72, 113, -1,
      113, 72, 71, -1,
      113, 71, 114, -1,
      114, 71, 70, -1,
      114, 70, 115, -1,
      115, 70, 69, -1,
      115, 69, 116, -1,
      116, 69, 68, -1,
      116, 68, 117, -1,
      117, 68, 67, -1,
      117, 67, 73, -1,
      74, 40, 65, -1,
      74, 65, 108, -1,
      108, 65, 66, -1,
      108, 66, 109, -1,
      109, 66, 64, -1,
      109, 64, 110, -1,
      110, 64, 63, -1,
      110, 63, 118, -1,
      118, 63, 58, -1,
      118, 58, 111, -1,
      111, 58, 57, -1,
      111, 57, 112, -1,
      112, 57, 59, -1,
      112, 59, 97, -1,
      43, 100, 99, -1,
      43, 99, 41, -1,
      41, 99, 98, -1,
      41, 98, 42, -1,
      42, 98, 106, -1,
      42, 106, 54, -1,
      54, 106, 105, -1,
      54, 105, 55, -1,
      55, 105, 104, -1,
      55, 104, 56, -1,
      56, 104, 107, -1,
      56, 107, 62, -1,
      62, 107, 93, -1,
      62, 93, 33, -1,
      36, 96, 37, -1,
      37, 96, 84, -1,
      37, 84, 51, -1,
      51, 84, 83, -1,
      51, 83, 52, -1,
      52, 83, 102, -1,
      52, 102, 53, -1,
      53, 102, 101, -1,
      53, 101, 60, -1,
      60, 101, 81, -1,
      60, 81, 61, -1,
      61, 81, 80, -1,
      61, 80, 44, -1,
      44, 80, 94, -1,
      29, 85, 28, -1,
      28, 85, 78, -1,
      28, 78, 31, -1,
      31, 78, 76, -1,
      31, 76, 32, -1,
      32, 76, 75, -1,
      32, 75, 34, -1,
      34, 75, 92, -1,
      34, 92, 35, -1,
      35, 92, 82, -1,
      35, 82, 38, -1,
      38, 82, 95, -1,
      86, 30, 50, -1,
      86, 50, 89, -1,
      89, 50, 49, -1,
      89, 49, 90, -1,
      90, 49, 48, -1,
      90, 48, 91, -1,
      91, 48, 47, -1,
      91, 47, 103, -1,
      103, 47, 46, -1,
      103, 46, 88, -1,
      88, 46, 45, -1,
      88, 45, 87, -1,
      134, 9, 135, -1,
      135, 9, 8, -1,
      134, 135, 136, -1,
      134, 136, 137, -1,
      137, 136, 138, -1,
      137, 138, 139, -1,
      139, 138, 140, -1,
      139, 140, 141, -1,
      141, 140, 142, -1,
      141, 142, 143, -1,
      143, 142, 144, -1,
      143, 144, 145, -1,
      145, 144, 146, -1,
      145, 146, 147, -1,
      147, 146, 148, -1,
      147, 148, 149, -1,
      150, 151, 149, -1,
      149, 151, 152, -1,
      149, 152, 153, -1,
      153, 152, 154, -1,
      153, 154, 155, -1,
      156, 155, 157, -1,
      158, 159, 160, -1,
      161, 162, 163, -1,
      163, 162, 164, -1,
      150, 149, 165, -1,
      165, 149, 148, -1,
      165, 148, 160, -1,
      160, 148, 166, -1,
      160, 166, 158, -1,
      156, 167, 155, -1,
      155, 167, 168, -1,
      155, 168, 169, -1,
      159, 170, 160, -1,
      160, 170, 171, -1,
      160, 171, 172, -1,
      173, 174, 175, -1,
      175, 176, 157, -1,
      157, 176, 177, -1,
      157, 177, 156, -1,
      162, 178, 164, -1,
      164, 178, 179, -1,
      164, 179, 180, -1,
      175, 174, 176, -1,
      176, 174, 181, -1,
      176, 181, 182, -1,
      169, 183, 155, -1,
      155, 183, 184, -1,
      155, 184, 153, -1,
      153, 184, 164, -1,
      153, 164, 185, -1,
      185, 164, 180, -1,
      175, 186, 173, -1,
      173, 186, 187, -1,
      173, 187, 188, -1,
      188, 187, 189, -1,
      182, 190, 176, -1,
      176, 190, 191, -1,
      176, 191, 192, -1,
      192, 191, 193, -1,
      181, 174, 194, -1,
      194, 174, 195, -1,
      196, 197, 198, -1,
      198, 197, 199, -1,
      198, 199, 200, -1,
      201, 202, 203, -1,
      199, 204, 200, -1,
      200, 204, 205, -1,
      200, 205, 206, -1,
      206, 205, 207, -1,
      201, 203, 208, -1,
      196, 198, 209, -1,
      209, 198, 203, -1,
      209, 203, 210, -1,
      210, 203, 202, -1,
      210, 202, 211, -1,
      212, 213, 214, -1,
      211, 215, 210, -1,
      210, 215, 216, -1,
      210, 216, 217, -1,
      218, 219, 194, -1,
      212, 214, 205, -1,
      205, 214, 220, -1,
      205, 220, 207, -1,
      221, 194, 222, -1,
      222, 194, 195, -1,
      222, 195, 223, -1,
      224, 225, 226, -1,
      226, 225, 227, -1,
      226, 227, 203, -1,
      203, 227, 228, -1,
      203, 228, 208, -1,
      217, 229, 210, -1,
      210, 229, 230, -1,
      210, 230, 221, -1,
      221, 230, 231, -1,
      221, 231, 194, -1,
      194, 231, 232, -1,
      194, 232, 233, -1,
      233, 234, 194, -1,
      194, 234, 235, -1,
      194, 235, 218, -1,
      236, 237, 238, -1,
      236, 238, 195, -1,
      195, 238, 239, -1,
      195, 239, 223, -1,
      198, 200, 240, -1,
      240, 200, 241, -1,
      240, 241, 242, -1,
      242, 241, 243, -1,
      242, 243, 244, -1,
      244, 243, 245, -1,
      244, 245, 246, -1,
      246, 245, 247, -1,
      246, 247, 248, -1,
      248, 247, 249, -1,
      248, 249, 250, -1,
      250, 249, 251, -1,
      250, 251, 252, -1,
      252, 251, 253, -1,
      10, 252, 7, -1,
      7, 252, 253, -1,
      134, 137, 248, -1,
      248, 137, 139, -1,
      248, 139, 246, -1,
      246, 139, 141, -1,
      246, 141, 244, -1,
      149, 153, 203, -1,
      203, 198, 149, -1,
      149, 198, 240, -1,
      149, 240, 147, -1,
      147, 240, 242, -1,
      147, 242, 145, -1,
      145, 242, 244, -1,
      145, 244, 143, -1,
      143, 244, 141, -1,
      10, 9, 252, -1,
      252, 9, 134, -1,
      252, 134, 250, -1,
      250, 134, 248, -1,
      135, 8, 7, -1,
      7, 253, 135, -1,
      135, 253, 251, -1,
      135, 251, 136, -1,
      136, 251, 249, -1,
      136, 249, 138, -1,
      138, 249, 247, -1,
      148, 146, 243, -1,
      243, 146, 144, -1,
      243, 144, 245, -1,
      245, 144, 142, -1,
      245, 142, 247, -1,
      247, 142, 140, -1,
      247, 140, 138, -1,
      206, 166, 200, -1,
      200, 166, 148, -1,
      200, 148, 241, -1,
      241, 148, 243, -1,
      254, 5, 255, -1,
      255, 5, 1, -1,
      254, 255, 256, -1,
      254, 256, 257, -1,
      257, 256, 258, -1,
      257, 258, 259, -1,
      259, 258, 260, -1,
      259, 260, 261, -1,
      261, 260, 262, -1,
      261, 262, 263, -1,
      263, 262, 264, -1,
      263, 264, 265, -1,
      265, 264, 266, -1,
      265, 266, 267, -1,
      267, 266, 268, -1,
      267, 268, 269, -1,
      270, 269, 271, -1,
      271, 269, 268, -1,
      271, 268, 272, -1,
      270, 273, 269, -1,
      269, 273, 274, -1,
      269, 274, 275, -1,
      275, 274, 276, -1,
      275, 276, 277, -1,
      278, 279, 280, -1,
      280, 279, 277, -1,
      281, 278, 282, -1,
      283, 284, 285, -1,
      285, 284, 286, -1,
      279, 287, 277, -1,
      277, 287, 288, -1,
      277, 288, 289, -1,
      290, 291, 272, -1,
      272, 291, 292, -1,
      272, 292, 271, -1,
      290, 293, 291, -1,
      291, 293, 294, -1,
      291, 294, 295, -1,
      284, 296, 286, -1,
      286, 296, 297, -1,
      286, 297, 298, -1,
      299, 300, 282, -1,
      278, 280, 282, -1,
      282, 280, 301, -1,
      282, 301, 299, -1,
      289, 302, 277, -1,
      277, 302, 303, -1,
      277, 303, 275, -1,
      275, 303, 286, -1,
      275, 286, 304, -1,
      304, 286, 298, -1,
      300, 305, 282, -1,
      282, 305, 306, -1,
      282, 306, 307, -1,
      307, 306, 308, -1,
      282, 309, 281, -1,
      281, 309, 310, -1,
      281, 310, 311, -1,
      311, 312, 281, -1,
      281, 312, 313, -1,
      281, 313, 314, -1,
      309, 282, 315, -1,
      315, 282, 316, -1,
      317, 318, 319, -1,
      320, 321, 319, -1,
      322, 323, 324, -1,
      325, 326, 327, -1,
      327, 326, 324, -1,
      327, 324, 319, -1,
      319, 324, 323, -1,
      319, 323, 317, -1,
      319, 321, 328, -1,
      328, 321, 329, -1,
      328, 329, 330, -1,
      325, 331, 326, -1,
      326, 331, 332, -1,
      326, 332, 333, -1,
      333, 332, 334, -1,
      333, 334, 335, -1,
      335, 334, 336, -1,
      335, 336, 337, -1,
      318, 338, 319, -1,
      319, 338, 339, -1,
      319, 339, 320, -1,
      337, 340, 341, -1,
      342, 343, 324, -1,
      324, 343, 344, -1,
      324, 344, 322, -1,
      341, 345, 337, -1,
      337, 345, 346, -1,
      337, 346, 335, -1,
      342, 324, 347, -1,
      347, 324, 348, -1,
      347, 348, 349, -1,
      350, 351, 352, -1,
      353, 354, 316, -1,
      355, 356, 315, -1,
      356, 357, 315, -1,
      315, 357, 358, -1,
      315, 358, 359, -1,
      350, 352, 316, -1,
      316, 352, 360, -1,
      316, 360, 353, -1,
      354, 330, 316, -1,
      316, 330, 329, -1,
      316, 329, 315, -1,
      315, 329, 361, -1,
      315, 361, 355, -1,
      326, 333, 362, -1,
      362, 333, 363, -1,
      362, 363, 364, -1,
      364, 363, 365, -1,
      364, 365, 366, -1,
      366, 365, 367, -1,
      366, 367, 368, -1,
      368, 367, 369, -1,
      368, 369, 370, -1,
      370, 369, 371, -1,
      370, 371, 372, -1,
      372, 371, 373, -1,
      372, 373, 374, -1,
      374, 373, 375, -1,
      6, 374, 0, -1,
      0, 374, 375, -1,
      254, 257, 370, -1,
      370, 257, 259, -1,
      370, 259, 368, -1,
      368, 259, 261, -1,
      368, 261, 366, -1,
      269, 275, 324, -1,
      324, 326, 269, -1,
      269, 326, 362, -1,
      269, 362, 267, -1,
      267, 362, 364, -1,
      267, 364, 265, -1,
      265, 364, 366, -1,
      265, 366, 263, -1,
      263, 366, 261, -1,
      6, 5, 374, -1,
      374, 5, 254, -1,
      374, 254, 372, -1,
      372, 254, 370, -1,
      255, 1, 0, -1,
      0, 375, 255, -1,
      255, 375, 373, -1,
      255, 373, 256, -1,
      256, 373, 371, -1,
      256, 371, 258, -1,
      258, 371, 369, -1,
      268, 266, 365, -1,
      365, 266, 264, -1,
      365, 264, 367, -1,
      367, 264, 262, -1,
      367, 262, 369, -1,
      369, 262, 260, -1,
      369, 260, 258, -1,
      335, 272, 333, -1,
      333, 272, 268, -1,
      333, 268, 363, -1,
      363, 268, 365, -1,
      271, 292, 334, -1,
      334, 292, 336, -1,
      328, 330, 280, -1,
      280, 330, 301, -1,
      278, 281, 329, -1,
      329, 281, 361, -1,
      285, 286, 322, -1,
      322, 286, 323, -1,
      165, 160, 204, -1,
      204, 160, 205, -1,
      221, 222, 157, -1,
      157, 222, 175, -1,
      177, 176, 231, -1,
      231, 176, 232, -1,
      163, 164, 201, -1,
      201, 164, 202, -1,
      232, 176, 192, -1,
      232, 192, 233, -1,
      233, 192, 193, -1,
      233, 193, 234, -1,
      234, 193, 191, -1,
      234, 191, 235, -1,
      235, 191, 190, -1,
      235, 190, 218, -1,
      218, 190, 182, -1,
      218, 182, 219, -1,
      219, 182, 181, -1,
      219, 181, 194, -1,
      195, 174, 173, -1,
      195, 173, 236, -1,
      236, 173, 188, -1,
      236, 188, 237, -1,
      237, 188, 189, -1,
      237, 189, 238, -1,
      238, 189, 187, -1,
      238, 187, 239, -1,
      239, 187, 186, -1,
      239, 186, 223, -1,
      223, 186, 175, -1,
      223, 175, 222, -1,
      361, 281, 314, -1,
      361, 314, 355, -1,
      355, 314, 313, -1,
      355, 313, 356, -1,
      356, 313, 312, -1,
      356, 312, 357, -1,
      357, 312, 311, -1,
      357, 311, 358, -1,
      358, 311, 310, -1,
      358, 310, 359, -1,
      359, 310, 309, -1,
      359, 309, 315, -1,
      316, 282, 307, -1,
      316, 307, 350, -1,
      350, 307, 308, -1,
      350, 308, 351, -1,
      351, 308, 306, -1,
      351, 306, 352, -1,
      352, 306, 305, -1,
      352, 305, 360, -1,
      360, 305, 300, -1,
      360, 300, 353, -1,
      353, 300, 299, -1,
      353, 299, 354, -1,
      354, 299, 301, -1,
      354, 301, 330, -1,
      163, 201, 208, -1,
      163, 208, 161, -1,
      161, 208, 228, -1,
      161, 228, 162, -1,
      162, 228, 227, -1,
      162, 227, 178, -1,
      178, 227, 225, -1,
      178, 225, 179, -1,
      179, 225, 224, -1,
      179, 224, 180, -1,
      180, 224, 226, -1,
      180, 226, 185, -1,
      185, 226, 203, -1,
      185, 203, 153, -1,
      177, 231, 156, -1,
      156, 231, 230, -1,
      156, 230, 167, -1,
      167, 230, 229, -1,
      167, 229, 168, -1,
      168, 229, 217, -1,
      168, 217, 169, -1,
      169, 217, 216, -1,
      169, 216, 183, -1,
      183, 216, 215, -1,
      183, 215, 184, -1,
      184, 215, 211, -1,
      184, 211, 164, -1,
      164, 211, 202, -1,
      165, 204, 150, -1,
      150, 204, 199, -1,
      150, 199, 151, -1,
      151, 199, 197, -1,
      151, 197, 152, -1,
      152, 197, 196, -1,
      152, 196, 154, -1,
      154, 196, 209, -1,
      154, 209, 155, -1,
      155, 209, 210, -1,
      155, 210, 157, -1,
      157, 210, 221, -1,
      205, 160, 172, -1,
      205, 172, 212, -1,
      212, 172, 171, -1,
      212, 171, 213, -1,
      213, 171, 170, -1,
      213, 170, 214, -1,
      214, 170, 159, -1,
      214, 159, 220, -1,
      220, 159, 158, -1,
      220, 158, 207, -1,
      207, 158, 166, -1,
      207, 166, 206, -1,
      285, 322, 344, -1,
      285, 344, 283, -1,
      283, 344, 343, -1,
      283, 343, 284, -1,
      284, 343, 342, -1,
      284, 342, 296, -1,
      296, 342, 347, -1,
      296, 347, 297, -1,
      297, 347, 349, -1,
      297, 349, 298, -1,
      298, 349, 348, -1,
      298, 348, 304, -1,
      304, 348, 324, -1,
      304, 324, 275, -1,
      278, 329, 279, -1,
      279, 329, 321, -1,
      279, 321, 287, -1,
      287, 321, 320, -1,
      287, 320, 288, -1,
      288, 320, 339, -1,
      288, 339, 289, -1,
      289, 339, 338, -1,
      289, 338, 302, -1,
      302, 338, 318, -1,
      302, 318, 303, -1,
      303, 318, 317, -1,
      303, 317, 286, -1,
      286, 317, 323, -1,
      271, 334, 270, -1,
      270, 334, 332, -1,
      270, 332, 273, -1,
      273, 332, 331, -1,
      273, 331, 274, -1,
      274, 331, 325, -1,
      274, 325, 276, -1,
      276, 325, 327, -1,
      276, 327, 277, -1,
      277, 327, 319, -1,
      277, 319, 280, -1,
      280, 319, 328, -1,
      336, 292, 291, -1,
      336, 291, 337, -1,
      337, 291, 295, -1,
      337, 295, 340, -1,
      340, 295, 294, -1,
      340, 294, 341, -1,
      341, 294, 293, -1,
      341, 293, 345, -1,
      345, 293, 290, -1,
      345, 290, 346, -1,
      346, 290, 272, -1,
      346, 272, 335, -1,
    ]
  }
}

Shape {
  appearance Appearance {
    material Material {
      diffuseColor 0.2510 0.2510 0.2510
      specularColor 0.1255 0.1255 0.1255
      ambientIntensity 0.2
      transparency 0.0000
      shininess 0.5
    }
  }
  geometry IndexedFaceSet {
    ccw TRUE
    solid FALSE
    coord DEF co Coordinate {
      point [
        -0.130111 0.212969 5.511811,
        -0.125677 0.179294 5.511811,
        0.130111 0.212969 5.511811,
        0.125677 0.179294 5.511811,
        0.112679 0.147913 5.511811,
        0.092002 0.120967 5.511811,
        -0.112679 0.147913 5.511811,
        -0.092002 0.120967 5.511811,
        -0.065056 0.100289 5.511811,
        -0.033675 0.087291 5.511811,
        -0.000000 0.082858 5.511811,
        0.033675 0.087291 5.511811,
        0.065056 0.100289 5.511811,
        -0.125677 0.246644 5.511811,
        -0.130080 0.213200 5.511811,
        0.130080 0.213200 5.511811,
        0.125677 0.246644 5.511811,
        0.112679 0.278024 5.511811,
        0.092002 0.304971 5.511811,
        -0.033675 0.338646 5.511811,
        -0.065056 0.325648 5.511811,
        -0.092002 0.304971 5.511811,
        -0.112679 0.278024 5.511811,
        0.065056 0.325648 5.511811,
        0.033675 0.338646 5.511811,
        -0.000000 0.343080 5.511811,
        -0.125677 0.179294 5.157480,
        -0.112679 0.147913 5.157480,
        -0.092002 0.120967 5.157480,
        -0.065056 0.100289 5.157480,
        -0.033675 0.087291 5.157480,
        -0.000000 0.082858 5.157480,
        0.033675 0.087291 5.157480,
        0.065056 0.100289 5.157480,
        0.092002 0.120967 5.157480,
        0.112679 0.147913 5.157480,
        0.125677 0.179294 5.157480,
        0.130111 0.212969 5.157480,
        -0.125677 0.246644 5.157480,
        -0.130111 0.212969 5.157480,
        -0.112679 0.278024 5.157480,
        -0.092002 0.304971 5.157480,
        -0.065056 0.325648 5.157480,
        -0.033675 0.338646 5.157480,
        -0.000000 0.343080 5.157480,
        0.033675 0.338646 5.157480,
        0.065056 0.325648 5.157480,
        0.092002 0.304971 5.157480,
        0.112679 0.278024 5.157480,
        0.125677 0.246644 5.157480,
        -0.000000 0.212969 5.157480,
      ]
    }
    coordIndex [
      0, 26, 1, -1,
      1, 26, 27, -1,
      1, 27, 6, -1,
      6, 27, 28, -1,
      6, 28, 7, -1,
      7, 28, 29, -1,
      7, 29, 8, -1,
      8, 29, 30, -1,
      8, 30, 9, -1,
      9, 30, 31, -1,
      9, 31, 10, -1,
      10, 31, 32, -1,
      10, 32, 11, -1,
      11, 32, 33, -1,
      11, 33, 12, -1,
      12, 33, 34, -1,
      12, 34, 5, -1,
      5, 34, 35, -1,
      5, 35, 4, -1,
      4, 35, 36, -1,
      4, 36, 3, -1,
      3, 36, 37, -1,
      14, 38, 0, -1,
      0, 38, 39, -1,
      0, 39, 26, -1,
      14, 13, 38, -1,
      38, 13, 22, -1,
      38, 22, 40, -1,
      40, 22, 21, -1,
      40, 21, 41, -1,
      41, 21, 20, -1,
      41, 20, 42, -1,
      42, 20, 19, -1,
      42, 19, 43, -1,
      43, 19, 25, -1,
      43, 25, 44, -1,
      44, 25, 24, -1,
      44, 24, 45, -1,
      45, 24, 23, -1,
      45, 23, 46, -1,
      46, 23, 18, -1,
      46, 18, 47, -1,
      47, 18, 17, -1,
      47, 17, 48, -1,
      48, 17, 16, -1,
      48, 16, 49, -1,
      49, 16, 15, -1,
      49, 15, 37, -1,
      37, 15, 2, -1,
      37, 2, 3, -1,
      27, 26, 50, -1,
      50, 26, 39, -1,
      50, 39, 38, -1,
      30, 29, 50, -1,
      50, 29, 28, -1,
      50, 28, 27, -1,
      33, 32, 50, -1,
      50, 32, 31, -1,
      50, 31, 30, -1,
      36, 35, 50, -1,
      50, 35, 34, -1,
      50, 34, 33, -1,
      48, 49, 50, -1,
      50, 49, 37, -1,
      50, 37, 36, -1,
      45, 46, 50, -1,
      50, 46, 47, -1,
      50, 47, 48, -1,
      42, 43, 50, -1,
      50, 43, 44, -1,
      50, 44, 45, -1,
      38, 40, 50, -1,
      50, 40, 41, -1,
      50, 41, 42, -1,
    ]
  }
}

Shape {
  appearance Appearance {
    material Material {
      diffuseColor 0.7529 0.7529 0.7529
      specularColor 0.3765 0.3765 0.3765
      ambientIntensity 0.2
      transparency 0.0000
      shininess 0.5
    }
  }
  geometry IndexedFaceSet {
    ccw TRUE
    solid FALSE
    coord DEF co Coordinate {
      point [
        -1.889764 2.288045 7.480315,
        -1.811024 2.366785 7.480315,
        -1.850394 2.356236 7.480315,
        -1.866701 2.343723 7.480315,
        -1.831403 2.364102 7.480315,
        -1.887081 2.308425 7.480315,
        -1.879215 2.327415 7.480315,
        1.889764 2.288045 7.480315,
        1.879215 2.327415 7.480315,
        1.866701 2.343723 7.480315,
        1.811024 2.366785 7.480315,
        1.831403 2.364102 7.480315,
        1.850394 2.356236 7.480315,
        1.887081 2.308425 7.480315,
        -1.929134 1.185683 4.842519,
        -1.929134 1.579383 4.842519,
        -1.889764 1.185683 4.842519,
        -1.889764 1.579383 4.842519,
        1.889764 -0.704081 4.842519,
        1.889764 -0.310380 4.842519,
        1.929134 -0.704081 4.842519,
        1.929134 -0.310380 4.842519,
        -1.929134 1.658124 5.708661,
        -1.929134 1.973084 5.708661,
        -1.889764 1.658124 5.708661,
        -1.889764 1.973084 5.708661,
        1.889764 -1.097782 5.708661,
        1.889764 -0.782821 5.708661,
        1.929134 -1.097782 5.708661,
        1.929134 -0.782821 5.708661,
        1.235690 0.306604 7.755906,
        1.274918 0.309943 7.755906,
        1.200141 0.513923 7.755906,
        1.238241 0.523844 7.755906,
        1.130067 0.712253 7.755906,
        1.165942 0.728470 7.755906,
        1.027482 0.895888 7.755906,
        1.060101 0.917934 7.755906,
        0.895339 1.059544 7.755906,
        0.923763 1.086786 7.755906,
        0.737439 1.198514 7.755906,
        0.760850 1.230167 7.755906,
        0.558324 1.308800 7.755906,
        0.576048 1.343954 7.755906,
        0.363146 1.387228 7.755906,
        0.374675 1.424872 7.755906,
        0.157522 1.431544 7.755906,
        0.162523 1.470595 7.755906,
        -0.052634 1.440471 7.755906,
        -0.054305 1.479806 7.755906,
        -0.261276 1.413754 7.755906,
        -0.269570 1.452240 7.755906,
        -0.462401 1.352159 7.755906,
        -0.477080 1.388691 7.755906,
        -0.650224 1.257461 7.755906,
        -0.670866 1.290986 7.755906,
        -0.819341 1.132383 7.755906,
        -0.845352 1.161937 7.755906,
        -0.964887 0.980522 7.755906,
        -0.995518 1.005256 7.755906,
        -1.082675 0.806249 7.755906,
        -1.117046 0.825450 7.755906,
        -1.169317 0.614577 7.755906,
        -1.206438 0.627693 7.755906,
        -1.222319 0.411019 7.755906,
        -1.261123 0.417672 7.755906,
        -1.240157 0.201431 7.755906,
        -1.279528 0.201431 7.755906,
        -1.222319 -0.008157 7.755906,
        -1.261123 -0.014810 7.755906,
        -1.169317 -0.211715 7.755906,
        -1.206438 -0.224831 7.755906,
        -1.082675 -0.403388 7.755906,
        -1.117046 -0.422588 7.755906,
        -0.964887 -0.577661 7.755906,
        -0.995518 -0.602394 7.755906,
        -0.819341 -0.729521 7.755906,
        -0.845352 -0.759075 7.755906,
        -0.650224 -0.854599 7.755906,
        -0.670866 -0.888124 7.755906,
        -0.462401 -0.949298 7.755906,
        -0.477080 -0.985829 7.755906,
        -0.261276 -1.010891 7.755906,
        -0.269570 -1.049378 7.755906,
        -0.052634 -1.037609 7.755906,
        -0.054305 -1.076944 7.755906,
        0.157522 -1.028682 7.755906,
        0.162523 -1.067733 7.755906,
        0.363146 -0.984367 7.755906,
        0.374675 -1.022011 7.755906,
        0.558324 -0.905938 7.755906,
        0.576048 -0.941092 7.755906,
        0.737439 -0.795652 7.755906,
        0.760850 -0.827306 7.755906,
        0.895339 -0.656682 7.755906,
        0.923763 -0.683924 7.755906,
        1.027482 -0.493026 7.755906,
        1.060101 -0.515072 7.755906,
        1.130067 -0.309391 7.755906,
        1.165942 -0.325608 7.755906,
        1.200141 -0.111061 7.755906,
        1.238241 -0.120982 7.755906,
        1.235690 0.096258 7.755906,
        1.274918 0.092919 7.755906,
        1.240157 0.201431 7.755906,
        1.279528 0.201431 7.755906,
        1.850394 -0.349750 7.480315,
        1.889764 -0.349750 7.480315,
        1.889764 -1.036758 7.480315,
        1.670324 -1.326915 7.480315,
        1.889764 -1.137152 7.480315,
        1.650265 -1.375341 7.480315,
        1.618356 -1.416925 7.480315,
        1.618356 -1.132969 7.480315,
        1.576772 -1.101060 7.480315,
        -1.238189 -1.036758 7.480315,
        1.275591 -1.274947 7.480315,
        -1.238189 -1.963923 7.480315,
        1.282432 -1.326915 7.480315,
        1.302491 -1.375341 7.480315,
        1.334400 -1.416925 7.480315,
        1.375984 -1.448834 7.480315,
        1.811024 -1.963923 7.480315,
        1.424410 -1.468893 7.480315,
        1.476378 -1.475734 7.480315,
        1.528346 -1.468893 7.480315,
        1.831403 -1.961241 7.480315,
        1.576772 -1.448834 7.480315,
        1.904753 -1.145609 7.480315,
        1.898452 -1.151851 7.480315,
        1.893709 -1.159344 7.480315,
        1.890763 -1.167709 7.480315,
        1.677165 -1.274947 7.480315,
        1.670324 -1.222980 7.480315,
        1.650265 -1.174554 7.480315,
        1.375984 -1.101060 7.480315,
        1.334400 -1.132969 7.480315,
        1.929134 -1.137152 7.480315,
        1.920683 -1.138069 7.480315,
        1.912291 -1.140937 7.480315,
        1.879215 -1.924554 7.480315,
        1.866701 -1.940861 7.480315,
        1.850394 -1.953374 7.480315,
        1.302491 -1.174554 7.480315,
        1.282432 -1.222980 7.480315,
        1.528346 -1.081001 7.480315,
        1.476378 -1.074160 7.480315,
        1.424410 -1.081001 7.480315,
        1.889764 -1.176522 7.480315,
        1.889764 -1.885183 7.480315,
        1.887081 -1.905563 7.480315,
        1.889764 2.051825 7.480315,
        1.890763 2.043012 7.480315,
        1.889764 2.012455 7.480315,
        1.893709 2.034647 7.480315,
        1.898452 2.027154 7.480315,
        1.904753 2.020912 7.480315,
        1.912291 2.016239 7.480315,
        1.920683 2.013372 7.480315,
        1.929134 2.012455 7.480315,
        0.410694 1.329802 7.480315,
        0.208515 1.383976 7.480315,
        1.282432 1.625841 7.480315,
        1.576772 1.851696 7.480315,
        1.528346 1.871754 7.480315,
        1.476378 1.477022 7.480315,
        1.528346 1.483863 7.480315,
        1.816298 1.205368 7.480315,
        1.476378 1.878596 7.480315,
        1.424410 1.871754 7.480315,
        -1.238189 2.366785 7.480315,
        1.375984 1.851696 7.480315,
        1.334400 1.819787 7.480315,
        1.275591 1.677809 7.480315,
        1.618356 1.819787 7.480315,
        0.600394 1.241343 7.480315,
        1.302491 1.577415 7.480315,
        0.771851 1.121287 7.480315,
        1.334400 1.535831 7.480315,
        1.375984 1.503922 7.480315,
        1.889764 1.225053 7.480315,
        1.850394 1.225053 7.480315,
        1.840204 1.223711 7.480315,
        1.822555 1.213522 7.480315,
        1.576772 1.503922 7.480315,
        1.830709 1.219778 7.480315,
        1.618356 1.535831 7.480315,
        1.650265 1.577415 7.480315,
        1.670324 1.625841 7.480315,
        0.919857 0.973282 7.480315,
        1.812365 1.195873 7.480315,
        1.424410 1.483863 7.480315,
        0.919857 -0.570420 7.480315,
        1.812365 -0.320570 7.480315,
        0.771851 -0.718426 7.480315,
        1.816298 -0.330065 7.480315,
        0.600394 -0.838481 7.480315,
        0.410694 -0.926940 7.480315,
        1.822555 -0.338219 7.480315,
        1.830709 -0.344476 7.480315,
        1.840204 -0.348409 7.480315,
        1.677165 1.677809 7.480315,
        1.670324 1.729776 7.480315,
        1.650265 1.778202 7.480315,
        -1.182545 -0.007083 7.480315,
        -1.200787 0.201431 7.480315,
        -1.182545 0.409945 7.480315,
        -1.128371 -0.209263 7.480315,
        -1.039912 -0.398963 7.480315,
        -0.919857 -0.570420 7.480315,
        -0.771851 -0.718426 7.480315,
        -0.600394 -0.838481 7.480315,
        -0.410694 -0.926940 7.480315,
        -0.208515 -0.981114 7.480315,
        -0.000000 -0.999357 7.480315,
        0.208515 -0.981114 7.480315,
        1.302491 1.778202 7.480315,
        1.282432 1.729776 7.480315,
        -0.919857 0.973282 7.480315,
        -0.771851 1.121287 7.480315,
        -0.600394 1.241343 7.480315,
        -1.039912 0.801825 7.480315,
        -1.128371 0.612124 7.480315,
        1.039912 -0.398963 7.480315,
        1.128371 -0.209263 7.480315,
        1.811024 -0.310380 7.480315,
        -0.000000 1.402219 7.480315,
        -0.208515 1.383976 7.480315,
        -0.410694 1.329802 7.480315,
        1.182545 -0.007083 7.480315,
        1.200787 0.201431 7.480315,
        1.811024 1.185683 7.480315,
        1.182545 0.409945 7.480315,
        1.128371 0.612124 7.480315,
        1.039912 0.801825 7.480315,
        -1.850394 1.225053 7.480315,
        -1.889764 1.225053 7.480315,
        -1.889764 2.012455 7.480315,
        -1.904753 2.020912 7.480315,
        -1.898452 2.027154 7.480315,
        -1.893709 2.034647 7.480315,
        -1.334400 1.535831 7.480315,
        -1.302491 1.577415 7.480315,
        -1.840204 1.223711 7.480315,
        -1.929134 2.012455 7.480315,
        -1.920683 2.013372 7.480315,
        -1.912291 2.016239 7.480315,
        -1.890763 2.043012 7.480315,
        -1.889764 2.051825 7.480315,
        -1.650265 1.778202 7.480315,
        -1.670324 1.729776 7.480315,
        -1.677165 1.677809 7.480315,
        -1.889764 -0.349750 7.480315,
        -1.850394 -0.349750 7.480315,
        -1.889764 -1.036758 7.480315,
        -1.840204 -0.348409 7.480315,
        -1.830709 -0.344476 7.480315,
        -1.822555 -0.338219 7.480315,
        -1.816298 -0.330065 7.480315,
        -1.812365 -0.320570 7.480315,
        -1.670324 1.625841 7.480315,
        -1.650265 1.577415 7.480315,
        -1.618356 1.535831 7.480315,
        -1.528346 1.483863 7.480315,
        -1.476378 1.477022 7.480315,
        -1.816298 1.205368 7.480315,
        -1.424410 1.483863 7.480315,
        -1.375984 1.503922 7.480315,
        -1.375984 1.851696 7.480315,
        -1.334400 1.819787 7.480315,
        -1.302491 1.778202 7.480315,
        -1.424410 1.871754 7.480315,
        -1.476378 1.878596 7.480315,
        -1.528346 1.871754 7.480315,
        -1.576772 1.851696 7.480315,
        -1.618356 1.819787 7.480315,
        -1.576772 1.503922 7.480315,
        -1.822555 1.213522 7.480315,
        -1.830709 1.219778 7.480315,
        -1.282432 1.625841 7.480315,
        -1.275591 1.677809 7.480315,
        -1.282432 1.729776 7.480315,
        -1.811024 -0.310380 7.480315,
        -1.811024 1.185683 7.480315,
        -1.812365 1.195873 7.480315,
        -1.670324 -1.222980 7.480315,
        -1.677165 -1.274947 7.480315,
        -1.889764 -1.176522 7.480315,
        -1.670324 -1.326915 7.480315,
        -1.889764 -1.885183 7.480315,
        -1.893709 -1.159344 7.480315,
        -1.898452 -1.151851 7.480315,
        -1.889764 -1.137152 7.480315,
        -1.904753 -1.145609 7.480315,
        -1.890763 -1.167709 7.480315,
        -1.650265 -1.174554 7.480315,
        -1.618356 -1.132969 7.480315,
        -1.912291 -1.140937 7.480315,
        -1.920683 -1.138069 7.480315,
        -1.929134 -1.137152 7.480315,
        -1.302491 -1.174554 7.480315,
        -1.334400 -1.132969 7.480315,
        -1.375984 -1.101060 7.480315,
        -1.528346 -1.468893 7.480315,
        -1.476378 -1.475734 7.480315,
        -1.424410 -1.468893 7.480315,
        -1.375984 -1.448834 7.480315,
        -1.334400 -1.416925 7.480315,
        -1.302491 -1.375341 7.480315,
        -1.282432 -1.326915 7.480315,
        -1.275591 -1.274947 7.480315,
        -1.282432 -1.222980 7.480315,
        -1.424410 -1.081001 7.480315,
        -1.476378 -1.074160 7.480315,
        -1.528346 -1.081001 7.480315,
        -1.576772 -1.101060 7.480315,
        -1.811024 -1.963923 7.480315,
        -1.831403 -1.961241 7.480315,
        -1.576772 -1.448834 7.480315,
        -1.850394 -1.953374 7.480315,
        -1.866701 -1.940861 7.480315,
        -1.650265 -1.375341 7.480315,
        -1.618356 -1.416925 7.480315,
        -1.887081 -1.905563 7.480315,
        -1.879215 -1.924554 7.480315,
        1.929134 -0.349750 6.732283,
        1.929134 -0.349750 7.480315,
        1.929134 1.225053 7.480315,
        1.929134 2.012455 5.748031,
        1.929134 1.225053 6.732283,
        1.929134 1.618754 5.669291,
        1.929134 1.141038 5.059055,
        1.929134 1.618754 4.881890,
        1.929134 1.144971 5.049560,
        1.929134 1.185683 4.842519,
        1.929134 1.579383 4.842519,
        1.929134 -0.271010 5.039370,
        1.929134 -0.269669 5.049560,
        1.929134 -0.743451 4.881890,
        1.929134 1.620095 5.679481,
        1.929134 1.624028 5.688976,
        1.929134 1.630285 5.697130,
        1.929134 1.638439 5.703387,
        1.929134 1.647934 5.707320,
        1.929134 1.658124 5.708661,
        1.929134 1.973084 5.708661,
        1.929134 -0.743451 5.669291,
        1.929134 0.851037 5.073465,
        1.929134 0.860533 5.077399,
        1.929134 1.106943 5.078741,
        1.929134 1.117132 5.077399,
        1.929134 1.126628 5.073465,
        1.929134 1.134781 5.067209,
        1.929134 1.175493 4.843861,
        1.929134 1.146313 4.881890,
        1.929134 1.146313 5.039370,
        1.929134 1.589573 4.843861,
        1.929134 1.599069 4.847794,
        1.929134 1.617412 4.871700,
        1.929134 1.607222 4.854051,
        1.929134 1.613479 4.862205,
        1.929134 -0.251325 5.073465,
        1.929134 -0.241830 5.077399,
        1.929134 -0.754982 5.697130,
        1.929134 -0.231640 5.078741,
        1.929134 -0.259479 5.067209,
        1.929134 -0.748726 5.688976,
        1.929134 -0.265735 5.059055,
        1.929134 -0.744793 5.679481,
        1.929134 1.983274 5.710003,
        1.929134 1.992770 5.713936,
        1.929134 2.000923 5.720193,
        1.929134 1.147654 4.871700,
        1.929134 1.151587 4.862205,
        1.929134 1.157844 4.854051,
        1.929134 0.043951 5.039370,
        1.929134 0.043951 4.062969,
        1.929134 0.831352 4.062969,
        1.929134 -1.107972 5.710003,
        1.929134 -0.772631 5.707320,
        1.929134 0.870722 5.078741,
        1.929134 1.165998 4.847794,
        1.929134 0.004581 5.078741,
        1.929134 0.014770 5.077399,
        1.929134 0.836627 5.059055,
        1.929134 0.024266 5.073465,
        1.929134 0.032419 5.067209,
        1.929134 0.038676 5.059055,
        1.929134 0.042609 5.049560,
        1.929134 0.832694 5.049560,
        1.929134 0.831352 5.039370,
        1.929134 2.007180 5.728346,
        1.929134 2.011113 5.737842,
        1.929134 0.842883 5.067209,
        1.929134 -0.763136 5.703387,
        1.929134 -0.272352 4.871700,
        1.929134 -0.300191 4.843861,
        1.929134 -0.290695 4.847794,
        1.929134 -0.282541 4.854051,
        1.929134 -0.276285 4.862205,
        1.929134 -0.271010 4.881890,
        1.929134 -0.714270 4.843861,
        1.929134 -0.742109 4.871700,
        1.929134 -0.723766 4.847794,
        1.929134 -0.738176 4.862205,
        1.929134 -0.731920 4.854051,
        1.929134 -1.137152 5.748031,
        1.929134 -1.135810 5.737842,
        1.929134 -1.131877 5.728346,
        1.929134 -1.125620 5.720193,
        1.929134 -1.117467 5.713936,
        -0.000000 2.366785 7.519684,
        -0.000000 1.477499 7.519684,
        0.162523 1.470595 7.519684,
        1.677165 1.677809 7.519684,
        1.840204 1.223711 7.519684,
        1.889764 2.051825 7.519684,
        1.850394 1.225053 7.519684,
        1.889764 1.225053 7.519684,
        0.760850 1.230167 7.519684,
        1.812365 1.195873 7.519684,
        0.576048 1.343954 7.519684,
        0.374675 1.424872 7.519684,
        1.670324 1.625841 7.519684,
        1.650265 1.577415 7.519684,
        1.618356 1.535831 7.519684,
        0.923763 1.086786 7.519684,
        1.060101 0.917934 7.519684,
        1.811024 1.185683 7.519684,
        1.165942 0.728470 7.519684,
        1.238241 0.523844 7.519684,
        1.811024 0.201431 7.519684,
        1.274918 0.309943 7.519684,
        1.576772 1.503922 7.519684,
        1.528346 1.483863 7.519684,
        1.822555 1.213522 7.519684,
        1.302491 1.778202 7.519684,
        1.334400 1.819787 7.519684,
        1.375984 1.851696 7.519684,
        1.811024 2.366785 7.519684,
        1.424410 1.871754 7.519684,
        1.879215 2.327415 7.519684,
        1.866701 2.343723 7.519684,
        1.576772 1.851696 7.519684,
        1.424410 1.483863 7.519684,
        1.375984 1.503922 7.519684,
        1.816298 1.205368 7.519684,
        1.618356 1.819787 7.519684,
        1.650265 1.778202 7.519684,
        1.670324 1.729776 7.519684,
        1.476378 1.477022 7.519684,
        1.334400 1.535831 7.519684,
        1.302491 1.577415 7.519684,
        1.282432 1.625841 7.519684,
        1.887081 2.308425 7.519684,
        1.830709 1.219778 7.519684,
        1.476378 1.878596 7.519684,
        1.528346 1.871754 7.519684,
        1.831403 2.364102 7.519684,
        1.850394 2.356236 7.519684,
        1.889764 2.288045 7.519684,
        1.275591 1.677809 7.519684,
        1.282432 1.729776 7.519684,
        -1.670324 1.625841 7.519684,
        -1.677165 1.677809 7.519684,
        -1.840204 1.223711 7.519684,
        -0.269570 1.452240 7.519684,
        -1.275591 1.677809 7.519684,
        -0.477080 1.388691 7.519684,
        -1.282432 1.625841 7.519684,
        -0.670866 1.290986 7.519684,
        -1.302491 1.577415 7.519684,
        -0.845352 1.161937 7.519684,
        -1.334400 1.535831 7.519684,
        -1.375984 1.503922 7.519684,
        -1.670324 1.729776 7.519684,
        -1.889764 2.051825 7.519684,
        -1.850394 1.225053 7.519684,
        -1.889764 1.225053 7.519684,
        -1.476378 1.477022 7.519684,
        -1.528346 1.483863 7.519684,
        -1.816298 1.205368 7.519684,
        -1.576772 1.503922 7.519684,
        -1.822555 1.213522 7.519684,
        -0.995518 1.005256 7.519684,
        -1.812365 1.195873 7.519684,
        -1.424410 1.483863 7.519684,
        -0.054305 1.479806 7.519684,
        -1.282432 1.729776 7.519684,
        -1.302491 1.778202 7.519684,
        -1.334400 1.819787 7.519684,
        -1.850394 2.356236 7.519684,
        -1.866701 2.343723 7.519684,
        -1.576772 1.851696 7.519684,
        -1.879215 2.327415 7.519684,
        -1.811024 2.366785 7.519684,
        -1.424410 1.871754 7.519684,
        -1.375984 1.851696 7.519684,
        -1.830709 1.219778 7.519684,
        -1.618356 1.535831 7.519684,
        -1.650265 1.577415 7.519684,
        -1.811024 0.201431 7.519684,
        -1.261123 0.417672 7.519684,
        -1.811024 1.185683 7.519684,
        -1.206438 0.627693 7.519684,
        -1.117046 0.825450 7.519684,
        -1.650265 1.778202 7.519684,
        -1.618356 1.819787 7.519684,
        -1.889764 2.288045 7.519684,
        -1.887081 2.308425 7.519684,
        -1.831403 2.364102 7.519684,
        -1.528346 1.871754 7.519684,
        -1.476378 1.878596 7.519684,
        -1.618356 -1.416925 7.519684,
        -1.650265 -1.375341 7.519684,
        -1.889764 -1.885183 7.519684,
        -1.850394 -0.349750 7.519684,
        -1.889764 -0.349750 7.519684,
        -1.889764 -1.176522 7.519684,
        -1.816298 -0.330065 7.519684,
        -0.477080 -0.985829 7.519684,
        -0.670866 -0.888124 7.519684,
        -1.812365 -0.320570 7.519684,
        -0.845352 -0.759075 7.519684,
        -0.995518 -0.602394 7.519684,
        -1.879215 -1.924554 7.519684,
        -1.866701 -1.940861 7.519684,
        -1.576772 -1.448834 7.519684,
        -1.117046 -0.422588 7.519684,
        -1.206438 -0.224831 7.519684,
        -1.811024 -0.310380 7.519684,
        -1.261123 -0.014810 7.519684,
        -1.279528 0.201431 7.519684,
        -1.670324 -1.326915 7.519684,
        -1.677165 -1.274947 7.519684,
        -1.334400 -1.132969 7.519684,
        -1.302491 -1.174554 7.519684,
        -1.282432 -1.222980 7.519684,
        -1.275591 -1.274947 7.519684,
        -1.282432 -1.326915 7.519684,
        -0.000000 -1.963923 7.519684,
        -1.302491 -1.375341 7.519684,
        -1.334400 -1.416925 7.519684,
        -1.375984 -1.448834 7.519684,
        -1.811024 -1.963923 7.519684,
        -1.424410 -1.468893 7.519684,
        -1.670324 -1.222980 7.519684,
        -1.650265 -1.174554 7.519684,
        -1.840204 -0.348409 7.519684,
        -0.000000 -1.074637 7.519684,
        -0.054305 -1.076944 7.519684,
        -0.269570 -1.049378 7.519684,
        -1.618356 -1.132969 7.519684,
        -1.576772 -1.101060 7.519684,
        -1.830709 -0.344476 7.519684,
        -1.528346 -1.081001 7.519684,
        -1.822555 -0.338219 7.519684,
        -1.476378 -1.074160 7.519684,
        -1.424410 -1.081001 7.519684,
        -1.375984 -1.101060 7.519684,
        -1.476378 -1.475734 7.519684,
        -1.528346 -1.468893 7.519684,
        -1.831403 -1.961241 7.519684,
        -1.850394 -1.953374 7.519684,
        -1.887081 -1.905563 7.519684,
        1.889764 -1.176522 7.519684,
        1.677165 -1.274947 7.519684,
        1.670324 -1.326915 7.519684,
        0.760850 -0.827306 7.519684,
        0.576048 -0.941092 7.519684,
        1.816298 -0.330065 7.519684,
        1.850394 -1.953374 7.519684,
        1.866701 -1.940861 7.519684,
        1.576772 -1.448834 7.519684,
        1.889764 -1.885183 7.519684,
        1.812365 -0.320570 7.519684,
        1.060101 -0.515072 7.519684,
        0.923763 -0.683924 7.519684,
        1.279528 0.201431 7.519684,
        1.274918 0.092919 7.519684,
        1.811024 -0.310380 7.519684,
        1.238241 -0.120982 7.519684,
        1.165942 -0.325608 7.519684,
        1.650265 -1.375341 7.519684,
        1.618356 -1.416925 7.519684,
        1.887081 -1.905563 7.519684,
        1.879215 -1.924554 7.519684,
        1.831403 -1.961241 7.519684,
        1.528346 -1.468893 7.519684,
        1.811024 -1.963923 7.519684,
        1.889764 -0.349750 7.519684,
        1.850394 -0.349750 7.519684,
        1.840204 -0.348409 7.519684,
        1.830709 -0.344476 7.519684,
        1.528346 -1.081001 7.519684,
        1.822555 -0.338219 7.519684,
        1.476378 -1.074160 7.519684,
        1.476378 -1.475734 7.519684,
        1.424410 -1.468893 7.519684,
        1.375984 -1.448834 7.519684,
        1.334400 -1.416925 7.519684,
        1.576772 -1.101060 7.519684,
        1.618356 -1.132969 7.519684,
        1.650265 -1.174554 7.519684,
        1.670324 -1.222980 7.519684,
        1.302491 -1.174554 7.519684,
        1.334400 -1.132969 7.519684,
        1.375984 -1.101060 7.519684,
        1.424410 -1.081001 7.519684,
        1.302491 -1.375341 7.519684,
        1.282432 -1.326915 7.519684,
        1.275591 -1.274947 7.519684,
        1.282432 -1.222980 7.519684,
        0.374675 -1.022011 7.519684,
        0.162523 -1.067733 7.519684,
        1.889764 1.225053 6.732283,
        1.889764 -0.349750 6.732283,
        1.889764 -0.748726 5.688976,
        1.889764 0.851037 5.073465,
        1.889764 0.842883 5.067209,
        1.889764 -0.754982 5.697130,
        1.889764 -0.763136 5.703387,
        1.889764 -0.772631 5.707320,
        1.889764 1.983274 5.710003,
        1.889764 1.973084 5.708661,
        1.889764 1.658124 5.708661,
        1.889764 1.647934 5.707320,
        1.889764 1.146313 5.039370,
        1.889764 1.144971 5.049560,
        1.889764 1.618754 4.881890,
        1.889764 1.618754 5.669291,
        1.889764 -1.107972 5.710003,
        1.889764 1.638439 5.703387,
        1.889764 1.630285 5.697130,
        1.889764 1.624028 5.688976,
        1.889764 1.620095 5.679481,
        1.889764 0.836627 5.059055,
        1.889764 0.042609 5.049560,
        1.889764 0.038676 5.059055,
        1.889764 0.032419 5.067209,
        1.889764 -1.117467 5.713936,
        1.889764 -1.125620 5.720193,
        1.889764 -1.131877 5.728346,
        1.889764 -1.137152 5.748031,
        1.889764 -1.135810 5.737842,
        1.889764 2.012455 5.748031,
        1.889764 2.011113 5.737842,
        1.889764 2.007180 5.728346,
        1.889764 2.000923 5.720193,
        1.889764 1.992770 5.713936,
        1.889764 1.589573 4.843861,
        1.889764 1.579383 4.842519,
        1.889764 -0.743451 5.669291,
        1.889764 -0.259479 5.067209,
        1.889764 -0.265735 5.059055,
        1.889764 1.613479 4.862205,
        1.889764 1.607222 4.854051,
        1.889764 1.599069 4.847794,
        1.889764 1.141038 5.059055,
        1.889764 1.134781 5.067209,
        1.889764 1.126628 5.073465,
        1.889764 1.117132 5.077399,
        1.889764 -0.231640 5.078741,
        1.889764 -0.241830 5.077399,
        1.889764 -0.251325 5.073465,
        1.889764 -0.743451 4.881890,
        1.889764 1.185683 4.842519,
        1.889764 1.146313 4.881890,
        1.889764 1.175493 4.843861,
        1.889764 1.165998 4.847794,
        1.889764 1.106943 5.078741,
        1.889764 0.870722 5.078741,
        1.889764 0.860533 5.077399,
        1.889764 0.831352 5.039370,
        1.889764 0.831352 4.060096,
        1.889764 0.043951 4.060096,
        1.889764 0.024266 5.073465,
        1.889764 0.014770 5.077399,
        1.889764 0.004581 5.078741,
        1.889764 -0.269669 5.049560,
        1.889764 -0.271010 5.039370,
        1.889764 -0.271010 4.881890,
        1.889764 1.617412 4.871700,
        1.889764 1.157844 4.854051,
        1.889764 1.151587 4.862205,
        1.889764 1.147654 4.871700,
        1.889764 0.832694 5.049560,
        1.889764 0.043951 5.039370,
        1.889764 -0.744793 5.679481,
        1.889764 -0.300191 4.843861,
        1.889764 -0.272352 4.871700,
        1.889764 -0.714270 4.843861,
        1.889764 -0.742109 4.871700,
        1.889764 -0.723766 4.847794,
        1.889764 -0.731920 4.854051,
        1.889764 -0.738176 4.862205,
        1.889764 -0.276285 4.862205,
        1.889764 -0.282541 4.854051,
        1.889764 -0.290695 4.847794,
        -1.929134 1.225053 6.732283,
        -1.929134 1.225053 7.480315,
        -1.929134 1.146313 5.039370,
        -1.929134 1.144971 5.049560,
        -1.929134 1.618754 4.881890,
        -1.929134 -0.349750 7.480315,
        -1.929134 -1.137152 5.748031,
        -1.929134 -0.349750 6.732283,
        -1.929134 -1.135810 5.737842,
        -1.929134 1.983274 5.710003,
        -1.929134 1.146313 4.881890,
        -1.929134 1.618754 5.669291,
        -1.929134 1.647934 5.707320,
        -1.929134 1.638439 5.703387,
        -1.929134 1.630285 5.697130,
        -1.929134 1.624028 5.688976,
        -1.929134 0.860533 5.077399,
        -1.929134 0.851037 5.073465,
        -1.929134 0.842883 5.067209,
        -1.929134 0.836627 5.059055,
        -1.929134 2.012455 5.748031,
        -1.929134 2.011113 5.737842,
        -1.929134 2.007180 5.728346,
        -1.929134 -0.754982 5.697130,
        -1.929134 -0.763136 5.703387,
        -1.929134 -0.772631 5.707320,
        -1.929134 -0.782821 5.708661,
        -1.929134 2.000923 5.720193,
        -1.929134 1.992770 5.713936,
        -1.929134 1.617412 4.871700,
        -1.929134 1.613479 4.862205,
        -1.929134 1.165998 4.847794,
        -1.929134 1.157844 4.854051,
        -1.929134 1.151587 4.862205,
        -1.929134 1.141038 5.059055,
        -1.929134 1.134781 5.067209,
        -1.929134 1.620095 5.679481,
        -1.929134 1.126628 5.073465,
        -1.929134 -0.231640 5.078741,
        -1.929134 -0.241830 5.077399,
        -1.929134 -0.743451 5.669291,
        -1.929134 -0.259479 5.067209,
        -1.929134 -0.265735 5.059055,
        -1.929134 1.607222 4.854051,
        -1.929134 1.599069 4.847794,
        -1.929134 1.589573 4.843861,
        -1.929134 1.175493 4.843861,
        -1.929134 1.147654 4.871700,
        -1.929134 1.117132 5.077399,
        -1.929134 1.106943 5.078741,
        -1.929134 0.870722 5.078741,
        -1.929134 -0.743451 4.881890,
        -1.929134 -1.097782 5.708661,
        -1.929134 -1.107972 5.710003,
        -1.929134 -1.117467 5.713936,
        -1.929134 0.831352 4.062969,
        -1.929134 0.043951 4.062969,
        -1.929134 0.831352 5.039370,
        -1.929134 0.043951 5.039370,
        -1.929134 0.832694 5.049560,
        -1.929134 0.042609 5.049560,
        -1.929134 0.038676 5.059055,
        -1.929134 0.032419 5.067209,
        -1.929134 0.024266 5.073465,
        -1.929134 0.014770 5.077399,
        -1.929134 0.004581 5.078741,
        -1.929134 -0.269669 5.049560,
        -1.929134 -0.271010 5.039370,
        -1.929134 -0.271010 4.881890,
        -1.929134 -0.714270 4.843861,
        -1.929134 -0.723766 4.847794,
        -1.929134 -1.125620 5.720193,
        -1.929134 -1.131877 5.728346,
        -1.929134 -0.251325 5.073465,
        -1.929134 -0.744793 5.679481,
        -1.929134 -0.748726 5.688976,
        -1.929134 -0.731920 4.854051,
        -1.929134 -0.738176 4.862205,
        -1.929134 -0.742109 4.871700,
        -1.929134 -0.272352 4.871700,
        -1.929134 -0.300191 4.843861,
        -1.929134 -0.310380 4.842519,
        -1.929134 -0.704081 4.842519,
        -1.929134 -0.276285 4.862205,
        -1.929134 -0.282541 4.854051,
        -1.929134 -0.290695 4.847794,
        -1.889764 2.012455 5.748031,
        -1.889764 -1.137152 5.748031,
        -1.889764 -1.097782 5.708661,
        -1.889764 -0.782821 5.708661,
        -1.889764 -0.349750 6.732283,
        -1.889764 -1.107972 5.710003,
        -1.889764 1.647934 5.707320,
        -1.889764 1.225053 6.732283,
        -1.889764 1.638439 5.703387,
        -1.889764 1.630285 5.697130,
        -1.889764 -0.772631 5.707320,
        -1.889764 -0.763136 5.703387,
        -1.889764 -0.754982 5.697130,
        -1.889764 -0.748726 5.688976,
        -1.889764 -0.743451 5.669291,
        -1.889764 -0.743451 4.881890,
        -1.889764 -0.269669 5.049560,
        -1.889764 -1.135810 5.737842,
        -1.889764 -1.131877 5.728346,
        -1.889764 -0.714270 4.843861,
        -1.889764 -0.704081 4.842519,
        -1.889764 0.032419 5.067209,
        -1.889764 0.024266 5.073465,
        -1.889764 0.014770 5.077399,
        -1.889764 0.042609 5.049560,
        -1.889764 0.842883 5.067209,
        -1.889764 0.038676 5.059055,
        -1.889764 1.983274 5.710003,
        -1.889764 -1.125620 5.720193,
        -1.889764 -1.117467 5.713936,
        -1.889764 -0.271010 5.039370,
        -1.889764 -0.310380 4.842519,
        -1.889764 -0.265735 5.059055,
        -1.889764 -0.259479 5.067209,
        -1.889764 -0.744793 5.679481,
        -1.889764 -0.251325 5.073465,
        -1.889764 1.992770 5.713936,
        -1.889764 2.000923 5.720193,
        -1.889764 2.007180 5.728346,
        -1.889764 2.011113 5.737842,
        -1.889764 -0.738176 4.862205,
        -1.889764 -0.731920 4.854051,
        -1.889764 -0.723766 4.847794,
        -1.889764 -0.241830 5.077399,
        -1.889764 -0.231640 5.078741,
        -1.889764 0.004581 5.078741,
        -1.889764 1.620095 5.679481,
        -1.889764 1.624028 5.688976,
        -1.889764 1.618754 5.669291,
        -1.889764 1.141038 5.059055,
        -1.889764 1.618754 4.881890,
        -1.889764 1.144971 5.049560,
        -1.889764 -0.300191 4.843861,
        -1.889764 -0.272352 4.871700,
        -1.889764 -0.271010 4.881890,
        -1.889764 -0.290695 4.847794,
        -1.889764 -0.282541 4.854051,
        -1.889764 -0.276285 4.862205,
        -1.889764 0.043951 5.039370,
        -1.889764 0.043951 4.060096,
        -1.889764 0.831352 4.060096,
        -1.889764 -0.742109 4.871700,
        -1.889764 0.831352 5.039370,
        -1.889764 0.832694 5.049560,
        -1.889764 0.836627 5.059055,
        -1.889764 0.851037 5.073465,
        -1.889764 0.860533 5.077399,
        -1.889764 0.870722 5.078741,
        -1.889764 1.106943 5.078741,
        -1.889764 1.117132 5.077399,
        -1.889764 1.126628 5.073465,
        -1.889764 1.134781 5.067209,
        -1.889764 1.599069 4.847794,
        -1.889764 1.607222 4.854051,
        -1.889764 1.613479 4.862205,
        -1.889764 1.175493 4.843861,
        -1.889764 1.146313 4.881890,
        -1.889764 1.146313 5.039370,
        -1.889764 1.589573 4.843861,
        -1.889764 1.617412 4.871700,
        -1.889764 1.151587 4.862205,
        -1.889764 1.157844 4.854051,
        -1.889764 1.165998 4.847794,
        -1.889764 1.147654 4.871700,
        -1.928147 -0.349750 7.489076,
        -1.914311 -0.349750 7.511096,
        -1.906846 -0.349750 7.515786,
        -1.898524 -0.349750 7.518698,
        -1.925235 -0.349750 7.497397,
        -1.920544 -0.349750 7.504862,
        -1.927793 1.225053 7.490505,
        -1.923859 1.225053 7.500000,
        -1.899953 1.225053 7.518343,
        -1.909449 1.225053 7.514411,
        -1.917603 1.225053 7.508154,
        1.899953 1.225053 7.518343,
        1.909449 1.225053 7.514411,
        1.927793 1.225053 7.490505,
        1.923859 1.225053 7.500000,
        1.917603 1.225053 7.508154,
        1.927793 -0.349750 7.490505,
        1.923859 -0.349750 7.500000,
        1.899953 -0.349750 7.518343,
        1.909449 -0.349750 7.514411,
        1.917603 -0.349750 7.508154,
        1.039912 -0.398963 7.834646,
        1.130067 -0.309391 7.834646,
        1.128371 -0.209263 7.834646,
        1.200141 -0.111061 7.834646,
        1.182545 -0.007083 7.834646,
        1.235690 0.096258 7.834646,
        1.200787 0.201431 7.834646,
        1.240157 0.201431 7.834646,
        1.235690 0.306604 7.834646,
        1.182545 0.409945 7.834646,
        1.200141 0.513923 7.834646,
        1.128371 0.612124 7.834646,
        1.130067 0.712253 7.834646,
        1.039912 0.801825 7.834646,
        1.027482 0.895888 7.834646,
        0.919857 0.973282 7.834646,
        0.895339 1.059544 7.834646,
        0.771851 1.121287 7.834646,
        0.737439 1.198514 7.834646,
        0.600394 1.241343 7.834646,
        0.558324 1.308800 7.834646,
        0.410694 1.329802 7.834646,
        0.363146 1.387228 7.834646,
        0.208515 1.383976 7.834646,
        0.157522 1.431544 7.834646,
        -0.000000 1.402219 7.834646,
        -0.052634 1.440471 7.834646,
        -0.208515 1.383976 7.834646,
        -0.261276 1.413754 7.834646,
        -0.410694 1.329802 7.834646,
        -0.462401 1.352159 7.834646,
        -0.600394 1.241343 7.834646,
        -0.650224 1.257461 7.834646,
        -0.771851 1.121287 7.834646,
        -0.819341 1.132383 7.834646,
        -0.919857 0.973282 7.834646,
        -0.964887 0.980522 7.834646,
        -1.039912 0.801825 7.834646,
        -1.082675 0.806249 7.834646,
        -1.128371 0.612124 7.834646,
        -1.169317 0.614577 7.834646,
        -1.182545 0.409945 7.834646,
        -1.222319 0.411019 7.834646,
        -1.200787 0.201431 7.834646,
        -1.240157 0.201431 7.834646,
        -1.182545 -0.007083 7.834646,
        -1.222319 -0.008157 7.834646,
        -1.128371 -0.209263 7.834646,
        -1.169317 -0.211715 7.834646,
        -1.039912 -0.398963 7.834646,
        -1.082675 -0.403388 7.834646,
        -0.919857 -0.570420 7.834646,
        -0.964887 -0.577661 7.834646,
        -0.771851 -0.718426 7.834646,
        -0.819341 -0.729521 7.834646,
        -0.600394 -0.838481 7.834646,
        -0.650224 -0.854599 7.834646,
        -0.410694 -0.926940 7.834646,
        -0.462401 -0.949298 7.834646,
        -0.208515 -0.981114 7.834646,
        -0.261276 -1.010891 7.834646,
        -0.000000 -0.999357 7.834646,
        -0.052634 -1.037609 7.834646,
        0.208515 -0.981114 7.834646,
        0.157522 -1.028682 7.834646,
        0.410694 -0.926940 7.834646,
        0.363146 -0.984367 7.834646,
        0.600394 -0.838481 7.834646,
        0.558324 -0.905938 7.834646,
        0.771851 -0.718426 7.834646,
        0.737439 -0.795652 7.834646,
        0.919857 -0.570420 7.834646,
        0.895339 -0.656682 7.834646,
        1.027482 -0.493026 7.834646,
        -1.917562 -1.138891 7.508194,
        -1.914221 -1.140187 7.510989,
        -1.898452 -1.151851 7.518714,
        -1.898524 -1.151772 7.518695,
        -1.901487 -1.148492 7.517899,
        -1.893709 -1.159344 7.519487,
        -1.890763 -1.167709 7.519672,
        -1.912291 -1.140937 7.512603,
        -1.906846 -1.144068 7.515786,
        -1.904753 -1.145609 7.516720,
        -1.920544 -1.138100 7.504862,
        -1.920685 -1.138078 7.504638,
        -1.925235 -1.137345 7.497397,
        -1.928147 -1.137164 7.489076,
        -1.928796 2.012456 7.485463,
        -1.927793 2.012477 7.490505,
        -1.926130 2.012569 7.495397,
        -1.923859 2.012809 7.500000,
        -1.920683 2.013372 7.504687,
        -1.917603 2.014181 7.508154,
        -1.898452 2.027154 7.518714,
        -1.899953 2.025395 7.518343,
        -1.904753 2.020912 7.516720,
        -1.909449 2.017729 7.514411,
        -1.912291 2.016239 7.512603,
        -1.890763 2.043012 7.519672,
        -1.893709 2.034647 7.519487,
        1.928796 -1.137153 7.485463,
        1.927793 -1.137175 7.490505,
        1.926130 -1.137267 7.495397,
        1.923859 -1.137507 7.500000,
        1.920683 -1.138069 7.504687,
        1.917603 -1.138878 7.508154,
        1.898452 -1.151851 7.518714,
        1.899953 -1.150093 7.518343,
        1.904753 -1.145609 7.516720,
        1.909449 -1.142426 7.514411,
        1.912291 -1.140937 7.512603,
        1.890763 -1.167709 7.519672,
        1.893709 -1.159344 7.519487,
        1.890763 2.043012 7.519672,
        1.893709 2.034647 7.519487,
        1.909449 2.017729 7.514411,
        1.904753 2.020912 7.516720,
        1.899953 2.025395 7.518343,
        1.898452 2.027154 7.518714,
        1.923859 2.012809 7.500000,
        1.920683 2.013372 7.504687,
        1.917603 2.014181 7.508154,
        1.912291 2.016239 7.512603,
        1.928795 2.012456 7.485466,
        1.927793 2.012477 7.490505,
        1.926128 2.012569 7.495403,
        1.970652 0.831352 3.751289,
        1.933305 0.831352 4.005811,
        1.970652 0.043951 3.751289,
        1.933305 0.043951 4.005811,
        1.829835 0.831352 3.445341,
        1.940695 0.831352 3.615060,
        1.940695 0.043951 3.615060,
        1.766864 0.135779 3.348936,
        1.765245 0.162061 3.346457,
        1.829835 0.043951 3.445341,
        1.813118 0.827328 3.419748,
        1.767446 0.743811 3.349826,
        1.801811 0.055647 3.402437,
        1.789564 0.069719 3.383688,
        1.779337 0.088420 3.368030,
        1.815463 0.046912 3.423337,
        1.765245 0.713242 3.346457,
        1.771641 0.110815 3.356250,
        1.773898 0.772297 3.359705,
        1.784163 0.796759 3.375419,
        1.797540 0.815528 3.395899,
        1.732283 0.162061 3.367987,
        1.732283 0.713242 3.367987,
        1.899576 0.043951 3.624102,
        1.899576 0.831352 3.624102,
        1.796874 0.043951 3.466871,
        1.796874 0.831352 3.466871,
        1.733903 0.135779 3.370467,
        1.734484 0.743811 3.371356,
        1.780157 0.827328 3.441278,
        1.764579 0.815528 3.417429,
        1.751202 0.796759 3.396949,
        1.746375 0.088420 3.389560,
        1.756603 0.069719 3.405218,
        1.768849 0.055647 3.423967,
        1.740937 0.772297 3.381235,
        1.738680 0.110815 3.377779,
        1.782502 0.046912 3.444867,
        1.929534 0.043951 3.760332,
        1.893935 0.043951 4.002937,
        1.929534 0.831352 3.760332,
        1.893935 0.831352 4.002937,
        1.961654 0.831352 3.657587,
        1.920535 0.831352 3.666630,
        1.971837 0.831352 3.703893,
        1.930718 0.831352 3.712935,
        1.971837 0.043951 3.703893,
        1.930718 0.043951 3.712935,
        1.961654 0.043951 3.657587,
        1.920535 0.043951 3.666630,
        -1.929534 0.831352 3.760332,
        -1.893935 0.831352 4.002937,
        -1.929534 0.043951 3.760332,
        -1.893935 0.043951 4.002937,
        -1.732283 0.162061 3.367987,
        -1.732283 0.713242 3.367987,
        -1.796874 0.831352 3.466871,
        -1.734484 0.131492 3.371356,
        -1.796874 0.043951 3.466871,
        -1.899576 0.043951 3.624102,
        -1.899576 0.831352 3.624102,
        -1.780157 0.047975 3.441278,
        -1.764579 0.059774 3.417429,
        -1.751202 0.078544 3.396949,
        -1.740937 0.772297 3.381235,
        -1.751202 0.796759 3.396949,
        -1.764579 0.815528 3.417429,
        -1.740937 0.103006 3.381235,
        -1.734484 0.743811 3.371356,
        -1.780157 0.827328 3.441278,
        -1.765245 0.162061 3.346457,
        -1.765245 0.713242 3.346457,
        -1.940695 0.043951 3.615060,
        -1.940695 0.831352 3.615060,
        -1.829835 0.043951 3.445341,
        -1.829835 0.831352 3.445341,
        -1.767446 0.743811 3.349826,
        -1.767446 0.131492 3.349826,
        -1.797540 0.815528 3.395899,
        -1.784163 0.796759 3.375419,
        -1.773898 0.772297 3.359705,
        -1.797540 0.059774 3.395899,
        -1.813118 0.047975 3.419748,
        -1.784163 0.078544 3.375419,
        -1.773898 0.103006 3.359705,
        -1.813118 0.827328 3.419748,
        -1.970652 0.043951 3.751289,
        -1.933305 0.043951 4.005811,
        -1.970652 0.831352 3.751289,
        -1.933305 0.831352 4.005811,
        -1.971837 0.831352 3.703893,
        -1.930718 0.831352 3.712935,
        -1.961654 0.831352 3.657587,
        -1.920535 0.831352 3.666630,
        -1.961654 0.043951 3.657587,
        -1.920535 0.043951 3.666630,
        -1.971837 0.043951 3.703893,
        -1.930718 0.043951 3.712935,
      ]
    }
    coordIndex [
      14, 15, 16, -1,
      16, 15, 17, -1,
      18, 19, 20, -1,
      20, 19, 21, -1,
      22, 23, 24, -1,
      24, 23, 25, -1,
      26, 27, 28, -1,
      28, 27, 29, -1,
      30, 31, 32, -1,
      32, 31, 33, -1,
      32, 33, 34, -1,
      34, 33, 35, -1,
      34, 35, 36, -1,
      36, 35, 37, -1,
      36, 37, 38, -1,
      38, 37, 39, -1,
      38, 39, 40, -1,
      40, 39, 41, -1,
      40, 41, 42, -1,
      42, 41, 43, -1,
      42, 43, 44, -1,
      44, 43, 45, -1,
      44, 45, 46, -1,
      46, 45, 47, -1,
      46, 47, 48, -1,
      48, 47, 49, -1,
      48, 49, 50, -1,
      50, 49, 51, -1,
      50, 51, 52, -1,
      52, 51, 53, -1,
      52, 53, 54, -1,
      54, 53, 55, -1,
      54, 55, 56, -1,
      56, 55, 57, -1,
      56, 57, 58, -1,
      58, 57, 59, -1,
      58, 59, 60, -1,
      60, 59, 61, -1,
      60, 61, 62, -1,
      62, 61, 63, -1,
      62, 63, 64, -1,
      64, 63, 65, -1,
      64, 65, 66, -1,
      66, 65, 67, -1,
      66, 67, 68, -1,
      68, 67, 69, -1,
      68, 69, 70, -1,
      70, 69, 71, -1,
      70, 71, 72, -1,
      72, 71, 73, -1,
      72, 73, 74, -1,
      74, 73, 75, -1,
      74, 75, 76, -1,
      76, 75, 77, -1,
      76, 77, 78, -1,
      78, 77, 79, -1,
      78, 79, 80, -1,
      80, 79, 81, -1,
      80, 81, 82, -1,
      82, 81, 83, -1,
      82, 83, 84, -1,
      84, 83, 85, -1,
      84, 85, 86, -1,
      86, 85, 87, -1,
      86, 87, 88, -1,
      88, 87, 89, -1,
      88, 89, 90, -1,
      90, 89, 91, -1,
      90, 91, 92, -1,
      92, 91, 93, -1,
      92, 93, 94, -1,
      94, 93, 95, -1,
      94, 95, 96, -1,
      96, 95, 97, -1,
      96, 97, 98, -1,
      98, 97, 99, -1,
      98, 99, 100, -1,
      100, 99, 101, -1,
      100, 101, 102, -1,
      102, 101, 103, -1,
      102, 103, 104, -1,
      104, 103, 105, -1,
      104, 105, 30, -1,
      30, 105, 31, -1,
      106, 107, 108, -1,
      109, 110, 111, -1,
      111, 110, 112, -1,
      108, 113, 114, -1,
      115, 116, 117, -1,
      117, 116, 118, -1,
      117, 118, 119, -1,
      119, 120, 117, -1,
      117, 120, 121, -1,
      117, 121, 122, -1,
      122, 121, 123, -1,
      123, 124, 122, -1,
      122, 124, 125, -1,
      122, 125, 126, -1,
      126, 125, 127, -1,
      128, 129, 110, -1,
      110, 129, 130, -1,
      110, 130, 112, -1,
      112, 130, 131, -1,
      109, 132, 110, -1,
      110, 132, 133, -1,
      110, 133, 108, -1,
      108, 133, 134, -1,
      108, 134, 113, -1,
      115, 135, 136, -1,
      137, 138, 110, -1,
      110, 138, 139, -1,
      110, 139, 128, -1,
      140, 141, 127, -1,
      127, 141, 142, -1,
      127, 142, 126, -1,
      136, 143, 115, -1,
      115, 143, 144, -1,
      115, 144, 116, -1,
      114, 145, 108, -1,
      108, 145, 146, -1,
      108, 146, 115, -1,
      115, 146, 147, -1,
      115, 147, 135, -1,
      131, 148, 112, -1,
      112, 148, 149, -1,
      112, 149, 127, -1,
      127, 149, 150, -1,
      127, 150, 140, -1,
      151, 152, 153, -1,
      7, 151, 10, -1,
      152, 154, 153, -1,
      153, 154, 155, -1,
      153, 155, 156, -1,
      156, 157, 153, -1,
      153, 157, 158, -1,
      153, 158, 159, -1,
      160, 161, 162, -1,
      163, 164, 10, -1,
      165, 166, 167, -1,
      12, 9, 8, -1,
      164, 168, 10, -1,
      10, 168, 169, -1,
      10, 169, 170, -1,
      170, 169, 171, -1,
      170, 171, 172, -1,
      162, 161, 173, -1,
      10, 11, 7, -1,
      7, 11, 12, -1,
      7, 12, 13, -1,
      13, 12, 8, -1,
      151, 153, 10, -1,
      10, 153, 174, -1,
      10, 174, 163, -1,
      160, 162, 175, -1,
      175, 162, 176, -1,
      175, 176, 177, -1,
      177, 176, 178, -1,
      177, 178, 179, -1,
      180, 181, 153, -1,
      153, 181, 182, -1,
      167, 166, 183, -1,
      183, 166, 184, -1,
      183, 184, 185, -1,
      185, 184, 186, -1,
      185, 186, 182, -1,
      182, 186, 187, -1,
      182, 187, 188, -1,
      189, 177, 190, -1,
      190, 177, 179, -1,
      190, 179, 167, -1,
      167, 179, 191, -1,
      167, 191, 165, -1,
      192, 193, 194, -1,
      194, 193, 195, -1,
      194, 195, 196, -1,
      196, 195, 197, -1,
      195, 198, 197, -1,
      197, 198, 199, -1,
      197, 199, 108, -1,
      108, 199, 200, -1,
      108, 200, 106, -1,
      188, 201, 182, -1,
      182, 201, 202, -1,
      182, 202, 153, -1,
      153, 202, 203, -1,
      153, 203, 174, -1,
      204, 115, 205, -1,
      205, 115, 170, -1,
      205, 170, 206, -1,
      204, 207, 115, -1,
      115, 207, 208, -1,
      115, 208, 209, -1,
      209, 210, 115, -1,
      115, 210, 211, -1,
      115, 211, 212, -1,
      212, 213, 115, -1,
      115, 213, 214, -1,
      115, 214, 108, -1,
      108, 214, 215, -1,
      108, 215, 197, -1,
      172, 216, 170, -1,
      170, 216, 217, -1,
      170, 217, 173, -1,
      218, 170, 219, -1,
      219, 170, 220, -1,
      218, 221, 170, -1,
      170, 221, 222, -1,
      170, 222, 206, -1,
      192, 223, 193, -1,
      193, 223, 224, -1,
      193, 224, 225, -1,
      161, 226, 173, -1,
      173, 226, 227, -1,
      173, 227, 170, -1,
      170, 227, 228, -1,
      170, 228, 220, -1,
      224, 229, 225, -1,
      225, 229, 230, -1,
      225, 230, 231, -1,
      230, 232, 231, -1,
      231, 232, 233, -1,
      231, 233, 190, -1,
      190, 233, 234, -1,
      190, 234, 189, -1,
      235, 236, 237, -1,
      238, 239, 237, -1,
      237, 239, 240, -1,
      241, 242, 115, -1,
      235, 237, 243, -1,
      244, 245, 237, -1,
      237, 245, 246, -1,
      237, 246, 238, -1,
      240, 247, 237, -1,
      237, 247, 248, -1,
      237, 248, 1, -1,
      1, 248, 0, -1,
      1, 0, 4, -1,
      249, 250, 237, -1,
      237, 250, 251, -1,
      237, 251, 243, -1,
      252, 253, 254, -1,
      254, 253, 255, -1,
      254, 255, 115, -1,
      115, 255, 256, -1,
      256, 257, 115, -1,
      115, 257, 258, -1,
      115, 258, 259, -1,
      251, 260, 243, -1,
      243, 260, 261, -1,
      243, 261, 262, -1,
      263, 264, 265, -1,
      265, 264, 266, -1,
      265, 266, 267, -1,
      268, 170, 269, -1,
      269, 170, 270, -1,
      268, 271, 170, -1,
      170, 271, 272, -1,
      170, 272, 1, -1,
      0, 5, 4, -1,
      4, 5, 6, -1,
      4, 6, 2, -1,
      2, 6, 3, -1,
      241, 115, 267, -1,
      272, 273, 1, -1,
      1, 273, 274, -1,
      1, 274, 237, -1,
      237, 274, 275, -1,
      237, 275, 249, -1,
      263, 265, 276, -1,
      276, 265, 277, -1,
      276, 277, 262, -1,
      262, 277, 278, -1,
      262, 278, 243, -1,
      242, 279, 115, -1,
      115, 279, 280, -1,
      115, 280, 170, -1,
      170, 280, 281, -1,
      170, 281, 270, -1,
      259, 282, 115, -1,
      115, 282, 283, -1,
      115, 283, 267, -1,
      267, 283, 284, -1,
      267, 284, 265, -1,
      285, 286, 287, -1,
      287, 286, 288, -1,
      287, 288, 289, -1,
      290, 291, 292, -1,
      292, 291, 293, -1,
      287, 294, 285, -1,
      285, 294, 290, -1,
      285, 290, 295, -1,
      295, 290, 292, -1,
      295, 292, 296, -1,
      293, 297, 292, -1,
      292, 297, 298, -1,
      292, 298, 299, -1,
      300, 301, 115, -1,
      115, 301, 302, -1,
      303, 304, 117, -1,
      117, 304, 305, -1,
      305, 306, 117, -1,
      117, 306, 307, -1,
      117, 307, 308, -1,
      308, 309, 117, -1,
      117, 309, 310, -1,
      117, 310, 115, -1,
      115, 310, 311, -1,
      115, 311, 300, -1,
      302, 312, 115, -1,
      115, 312, 313, -1,
      115, 313, 254, -1,
      254, 313, 314, -1,
      254, 314, 292, -1,
      292, 314, 315, -1,
      292, 315, 296, -1,
      117, 316, 303, -1,
      303, 316, 317, -1,
      303, 317, 318, -1,
      318, 317, 319, -1,
      318, 319, 320, -1,
      288, 321, 289, -1,
      289, 321, 322, -1,
      289, 322, 323, -1,
      323, 322, 318, -1,
      323, 318, 324, -1,
      324, 318, 320, -1,
      325, 326, 137, -1,
      159, 327, 328, -1,
      328, 327, 329, -1,
      330, 331, 332, -1,
      332, 331, 333, -1,
      334, 335, 332, -1,
      336, 337, 338, -1,
      339, 340, 325, -1,
      325, 340, 341, -1,
      325, 341, 329, -1,
      329, 341, 342, -1,
      342, 343, 329, -1,
      329, 343, 344, -1,
      329, 344, 345, -1,
      338, 337, 346, -1,
      325, 347, 348, -1,
      349, 350, 339, -1,
      339, 350, 351, -1,
      339, 351, 330, -1,
      330, 351, 352, -1,
      330, 352, 331, -1,
      353, 334, 354, -1,
      354, 334, 332, -1,
      354, 332, 355, -1,
      355, 332, 333, -1,
      335, 356, 332, -1,
      332, 356, 357, -1,
      332, 357, 358, -1,
      358, 357, 359, -1,
      358, 359, 360, -1,
      361, 362, 363, -1,
      363, 362, 364, -1,
      361, 363, 365, -1,
      365, 363, 366, -1,
      365, 366, 367, -1,
      367, 366, 337, -1,
      337, 366, 368, -1,
      337, 368, 346, -1,
      345, 369, 329, -1,
      329, 369, 370, -1,
      329, 370, 371, -1,
      372, 373, 374, -1,
      375, 376, 377, -1,
      378, 28, 325, -1,
      325, 28, 29, -1,
      325, 29, 379, -1,
      325, 348, 339, -1,
      339, 348, 380, -1,
      339, 380, 349, -1,
      372, 374, 354, -1,
      354, 374, 381, -1,
      354, 381, 353, -1,
      364, 382, 363, -1,
      363, 382, 383, -1,
      363, 383, 384, -1,
      384, 383, 385, -1,
      384, 385, 386, -1,
      386, 387, 384, -1,
      384, 387, 388, -1,
      384, 388, 389, -1,
      389, 388, 375, -1,
      389, 375, 390, -1,
      390, 375, 377, -1,
      371, 391, 329, -1,
      329, 391, 392, -1,
      329, 392, 328, -1,
      347, 325, 393, -1,
      393, 325, 379, -1,
      393, 379, 384, -1,
      384, 379, 394, -1,
      384, 394, 363, -1,
      395, 21, 396, -1,
      396, 397, 395, -1,
      395, 397, 398, -1,
      395, 398, 399, -1,
      395, 400, 21, -1,
      21, 400, 336, -1,
      21, 336, 20, -1,
      20, 336, 338, -1,
      20, 338, 401, -1,
      401, 338, 402, -1,
      401, 402, 403, -1,
      403, 402, 404, -1,
      403, 404, 405, -1,
      137, 406, 325, -1,
      325, 406, 407, -1,
      325, 407, 408, -1,
      408, 409, 325, -1,
      325, 409, 410, -1,
      325, 410, 378, -1,
      411, 412, 413, -1,
      414, 415, 416, -1,
      416, 415, 417, -1,
      416, 417, 418, -1,
      419, 420, 421, -1,
      421, 420, 422, -1,
      414, 423, 415, -1,
      415, 423, 424, -1,
      415, 424, 425, -1,
      419, 426, 420, -1,
      420, 426, 427, -1,
      420, 427, 428, -1,
      427, 429, 428, -1,
      428, 429, 430, -1,
      428, 430, 431, -1,
      431, 430, 432, -1,
      433, 434, 435, -1,
      436, 437, 411, -1,
      411, 437, 438, -1,
      411, 438, 439, -1,
      439, 438, 440, -1,
      441, 442, 443, -1,
      444, 445, 446, -1,
      447, 448, 416, -1,
      416, 448, 449, -1,
      416, 449, 414, -1,
      435, 434, 446, -1,
      446, 434, 450, -1,
      446, 450, 444, -1,
      451, 452, 411, -1,
      411, 452, 453, -1,
      441, 443, 454, -1,
      433, 435, 425, -1,
      425, 435, 455, -1,
      425, 455, 415, -1,
      422, 420, 413, -1,
      413, 420, 446, -1,
      413, 446, 411, -1,
      411, 446, 445, -1,
      411, 445, 451, -1,
      440, 456, 439, -1,
      439, 456, 457, -1,
      439, 457, 458, -1,
      458, 457, 443, -1,
      458, 443, 459, -1,
      459, 443, 442, -1,
      447, 416, 443, -1,
      443, 416, 460, -1,
      443, 460, 454, -1,
      453, 461, 411, -1,
      411, 461, 462, -1,
      411, 462, 436, -1,
      463, 464, 465, -1,
      466, 467, 468, -1,
      468, 467, 469, -1,
      468, 469, 470, -1,
      470, 469, 471, -1,
      470, 471, 472, -1,
      472, 471, 473, -1,
      472, 473, 474, -1,
      464, 475, 465, -1,
      465, 475, 476, -1,
      465, 476, 477, -1,
      477, 476, 478, -1,
      479, 480, 481, -1,
      481, 480, 482, -1,
      481, 482, 483, -1,
      484, 472, 485, -1,
      485, 472, 474, -1,
      485, 474, 481, -1,
      481, 474, 486, -1,
      481, 486, 479, -1,
      466, 487, 467, -1,
      467, 487, 412, -1,
      467, 412, 488, -1,
      488, 412, 411, -1,
      488, 411, 489, -1,
      489, 411, 490, -1,
      491, 492, 493, -1,
      493, 492, 494, -1,
      495, 496, 411, -1,
      411, 496, 497, -1,
      411, 497, 490, -1,
      483, 482, 498, -1,
      498, 482, 499, -1,
      498, 499, 465, -1,
      465, 499, 500, -1,
      465, 500, 463, -1,
      501, 502, 503, -1,
      503, 502, 504, -1,
      503, 504, 485, -1,
      485, 504, 505, -1,
      485, 505, 484, -1,
      475, 506, 476, -1,
      476, 506, 507, -1,
      476, 507, 508, -1,
      508, 507, 493, -1,
      508, 493, 509, -1,
      509, 493, 494, -1,
      491, 493, 510, -1,
      510, 493, 511, -1,
      510, 511, 495, -1,
      495, 511, 512, -1,
      495, 512, 496, -1,
      513, 514, 515, -1,
      516, 517, 518, -1,
      519, 520, 521, -1,
      519, 521, 522, -1,
      522, 521, 523, -1,
      522, 523, 524, -1,
      525, 526, 527, -1,
      524, 528, 522, -1,
      522, 528, 529, -1,
      522, 529, 530, -1,
      530, 529, 531, -1,
      530, 531, 501, -1,
      501, 531, 532, -1,
      501, 532, 502, -1,
      515, 514, 518, -1,
      518, 514, 533, -1,
      518, 533, 534, -1,
      535, 536, 520, -1,
      520, 536, 537, -1,
      538, 539, 540, -1,
      540, 539, 541, -1,
      541, 542, 540, -1,
      540, 542, 543, -1,
      540, 543, 544, -1,
      544, 543, 545, -1,
      534, 546, 518, -1,
      518, 546, 547, -1,
      518, 547, 516, -1,
      516, 547, 548, -1,
      540, 549, 538, -1,
      538, 549, 550, -1,
      538, 550, 537, -1,
      537, 550, 551, -1,
      537, 551, 520, -1,
      547, 552, 548, -1,
      548, 552, 553, -1,
      548, 553, 554, -1,
      554, 553, 555, -1,
      554, 555, 556, -1,
      556, 555, 557, -1,
      556, 557, 519, -1,
      519, 557, 558, -1,
      519, 558, 520, -1,
      520, 558, 559, -1,
      520, 559, 535, -1,
      545, 560, 544, -1,
      544, 560, 561, -1,
      544, 561, 562, -1,
      562, 561, 527, -1,
      562, 527, 563, -1,
      563, 527, 526, -1,
      513, 515, 527, -1,
      527, 515, 564, -1,
      527, 564, 525, -1,
      565, 566, 567, -1,
      568, 569, 570, -1,
      571, 572, 573, -1,
      565, 567, 574, -1,
      575, 576, 570, -1,
      570, 576, 577, -1,
      570, 577, 568, -1,
      432, 578, 431, -1,
      431, 578, 579, -1,
      431, 579, 580, -1,
      580, 579, 581, -1,
      580, 581, 575, -1,
      575, 581, 582, -1,
      575, 582, 576, -1,
      567, 583, 574, -1,
      574, 583, 584, -1,
      574, 584, 585, -1,
      585, 584, 573, -1,
      585, 573, 586, -1,
      586, 573, 572, -1,
      571, 573, 587, -1,
      587, 573, 588, -1,
      587, 588, 589, -1,
      565, 590, 591, -1,
      592, 593, 594, -1,
      593, 595, 594, -1,
      594, 595, 570, -1,
      594, 570, 596, -1,
      588, 597, 589, -1,
      589, 597, 598, -1,
      589, 598, 540, -1,
      540, 598, 599, -1,
      540, 599, 600, -1,
      594, 601, 592, -1,
      592, 601, 602, -1,
      592, 602, 591, -1,
      591, 602, 603, -1,
      591, 603, 565, -1,
      565, 603, 604, -1,
      565, 604, 566, -1,
      605, 606, 569, -1,
      569, 606, 607, -1,
      569, 607, 570, -1,
      570, 607, 608, -1,
      570, 608, 596, -1,
      600, 609, 540, -1,
      540, 609, 610, -1,
      540, 610, 549, -1,
      549, 610, 611, -1,
      605, 569, 612, -1,
      612, 569, 613, -1,
      612, 613, 611, -1,
      611, 613, 614, -1,
      611, 614, 549, -1,
      615, 180, 153, -1,
      108, 107, 616, -1,
      616, 615, 617, -1,
      618, 619, 617, -1,
      617, 620, 616, -1,
      616, 620, 621, -1,
      616, 621, 622, -1,
      623, 624, 615, -1,
      615, 624, 625, -1,
      615, 625, 626, -1,
      627, 628, 629, -1,
      629, 628, 630, -1,
      622, 27, 616, -1,
      616, 27, 26, -1,
      616, 26, 631, -1,
      626, 632, 615, -1,
      615, 632, 633, -1,
      615, 633, 617, -1,
      617, 633, 634, -1,
      617, 634, 635, -1,
      636, 637, 619, -1,
      619, 637, 638, -1,
      619, 638, 639, -1,
      631, 640, 616, -1,
      616, 640, 641, -1,
      616, 641, 642, -1,
      110, 108, 643, -1,
      643, 108, 616, -1,
      643, 616, 644, -1,
      644, 616, 642, -1,
      153, 645, 615, -1,
      615, 645, 646, -1,
      615, 646, 647, -1,
      647, 648, 615, -1,
      615, 648, 649, -1,
      615, 649, 623, -1,
      650, 651, 629, -1,
      652, 653, 654, -1,
      655, 656, 657, -1,
      628, 658, 630, -1,
      630, 658, 659, -1,
      630, 659, 635, -1,
      635, 659, 660, -1,
      635, 660, 661, -1,
      662, 663, 617, -1,
      617, 663, 664, -1,
      652, 654, 665, -1,
      629, 651, 627, -1,
      627, 651, 666, -1,
      627, 666, 667, -1,
      667, 666, 668, -1,
      667, 668, 669, -1,
      661, 670, 635, -1,
      635, 670, 671, -1,
      635, 671, 617, -1,
      617, 671, 672, -1,
      617, 672, 618, -1,
      673, 674, 675, -1,
      639, 676, 619, -1,
      619, 676, 677, -1,
      619, 677, 617, -1,
      617, 677, 678, -1,
      617, 678, 662, -1,
      654, 679, 665, -1,
      665, 679, 680, -1,
      665, 680, 681, -1,
      650, 629, 657, -1,
      657, 629, 682, -1,
      657, 682, 655, -1,
      683, 684, 669, -1,
      669, 684, 685, -1,
      669, 685, 667, -1,
      636, 686, 637, -1,
      637, 686, 673, -1,
      637, 673, 687, -1,
      687, 673, 675, -1,
      653, 652, 664, -1,
      664, 652, 688, -1,
      664, 688, 617, -1,
      689, 19, 690, -1,
      691, 692, 18, -1,
      18, 692, 665, -1,
      18, 665, 19, -1,
      19, 665, 681, -1,
      19, 681, 690, -1,
      691, 693, 692, -1,
      692, 693, 694, -1,
      692, 694, 695, -1,
      696, 697, 690, -1,
      690, 697, 698, -1,
      690, 698, 689, -1,
      699, 700, 244, -1,
      23, 22, 699, -1,
      701, 702, 703, -1,
      299, 704, 705, -1,
      705, 704, 706, -1,
      705, 706, 707, -1,
      23, 699, 708, -1,
      709, 701, 14, -1,
      703, 702, 710, -1,
      22, 711, 699, -1,
      699, 711, 712, -1,
      699, 712, 706, -1,
      706, 712, 713, -1,
      706, 713, 714, -1,
      14, 701, 15, -1,
      715, 716, 706, -1,
      706, 716, 717, -1,
      706, 717, 718, -1,
      244, 719, 699, -1,
      699, 719, 720, -1,
      699, 720, 721, -1,
      722, 723, 718, -1,
      718, 723, 724, -1,
      718, 724, 706, -1,
      706, 724, 725, -1,
      721, 726, 699, -1,
      699, 726, 727, -1,
      699, 727, 708, -1,
      701, 703, 15, -1,
      15, 703, 728, -1,
      15, 728, 729, -1,
      730, 731, 732, -1,
      702, 733, 710, -1,
      710, 733, 734, -1,
      710, 734, 735, -1,
      735, 734, 736, -1,
      735, 736, 714, -1,
      737, 738, 722, -1,
      739, 740, 741, -1,
      742, 743, 729, -1,
      729, 743, 744, -1,
      729, 744, 15, -1,
      14, 745, 709, -1,
      709, 745, 730, -1,
      709, 730, 746, -1,
      746, 730, 732, -1,
      736, 747, 714, -1,
      714, 747, 748, -1,
      714, 748, 706, -1,
      706, 748, 749, -1,
      706, 749, 715, -1,
      739, 741, 750, -1,
      725, 751, 706, -1,
      706, 751, 752, -1,
      706, 752, 753, -1,
      754, 755, 756, -1,
      756, 755, 757, -1,
      756, 757, 758, -1,
      758, 757, 759, -1,
      758, 759, 718, -1,
      718, 759, 760, -1,
      718, 760, 761, -1,
      761, 762, 718, -1,
      718, 762, 763, -1,
      718, 763, 722, -1,
      722, 763, 764, -1,
      722, 764, 737, -1,
      741, 765, 750, -1,
      750, 765, 766, -1,
      750, 766, 767, -1,
      768, 769, 750, -1,
      753, 770, 706, -1,
      706, 770, 771, -1,
      706, 771, 707, -1,
      740, 739, 772, -1,
      772, 739, 773, -1,
      772, 773, 738, -1,
      738, 773, 774, -1,
      738, 774, 722, -1,
      769, 775, 750, -1,
      750, 775, 776, -1,
      750, 776, 777, -1,
      778, 779, 767, -1,
      767, 779, 780, -1,
      767, 780, 750, -1,
      750, 780, 781, -1,
      750, 781, 768, -1,
      782, 783, 778, -1,
      778, 783, 784, -1,
      778, 784, 779, -1,
      439, 10, 411, -1,
      411, 10, 170, -1,
      411, 170, 495, -1,
      495, 170, 1, -1,
      280, 467, 281, -1,
      281, 467, 488, -1,
      281, 488, 270, -1,
      270, 488, 489, -1,
      270, 489, 269, -1,
      269, 489, 490, -1,
      269, 490, 268, -1,
      268, 490, 497, -1,
      268, 497, 271, -1,
      271, 497, 496, -1,
      271, 496, 272, -1,
      272, 496, 512, -1,
      272, 512, 273, -1,
      273, 512, 511, -1,
      273, 511, 274, -1,
      274, 511, 493, -1,
      274, 493, 275, -1,
      275, 493, 507, -1,
      275, 507, 249, -1,
      249, 507, 506, -1,
      249, 506, 250, -1,
      250, 506, 475, -1,
      250, 475, 251, -1,
      251, 475, 464, -1,
      251, 464, 260, -1,
      260, 464, 463, -1,
      260, 463, 261, -1,
      261, 463, 500, -1,
      261, 500, 262, -1,
      262, 500, 499, -1,
      262, 499, 276, -1,
      276, 499, 482, -1,
      276, 482, 263, -1,
      263, 482, 480, -1,
      263, 480, 264, -1,
      264, 480, 479, -1,
      264, 479, 266, -1,
      266, 479, 486, -1,
      266, 486, 267, -1,
      267, 486, 474, -1,
      267, 474, 241, -1,
      241, 474, 473, -1,
      241, 473, 242, -1,
      242, 473, 471, -1,
      242, 471, 279, -1,
      279, 471, 469, -1,
      279, 469, 280, -1,
      280, 469, 467, -1,
      132, 566, 133, -1,
      133, 566, 604, -1,
      133, 604, 134, -1,
      134, 604, 603, -1,
      134, 603, 113, -1,
      113, 603, 602, -1,
      113, 602, 114, -1,
      114, 602, 601, -1,
      114, 601, 145, -1,
      145, 601, 594, -1,
      145, 594, 146, -1,
      146, 594, 596, -1,
      146, 596, 147, -1,
      147, 596, 608, -1,
      147, 608, 135, -1,
      135, 608, 607, -1,
      135, 607, 136, -1,
      136, 607, 606, -1,
      136, 606, 143, -1,
      143, 606, 605, -1,
      143, 605, 144, -1,
      144, 605, 612, -1,
      144, 612, 116, -1,
      116, 612, 611, -1,
      116, 611, 118, -1,
      118, 611, 610, -1,
      118, 610, 119, -1,
      119, 610, 609, -1,
      119, 609, 120, -1,
      120, 609, 600, -1,
      120, 600, 121, -1,
      121, 600, 599, -1,
      121, 599, 123, -1,
      123, 599, 598, -1,
      123, 598, 124, -1,
      124, 598, 597, -1,
      124, 597, 125, -1,
      125, 597, 588, -1,
      125, 588, 127, -1,
      127, 588, 573, -1,
      127, 573, 112, -1,
      112, 573, 584, -1,
      112, 584, 111, -1,
      111, 584, 583, -1,
      111, 583, 109, -1,
      109, 583, 567, -1,
      109, 567, 132, -1,
      132, 567, 566, -1,
      310, 538, 311, -1,
      311, 538, 537, -1,
      311, 537, 300, -1,
      300, 537, 536, -1,
      300, 536, 301, -1,
      301, 536, 535, -1,
      301, 535, 302, -1,
      302, 535, 559, -1,
      302, 559, 312, -1,
      312, 559, 558, -1,
      312, 558, 313, -1,
      313, 558, 557, -1,
      313, 557, 314, -1,
      314, 557, 555, -1,
      314, 555, 315, -1,
      315, 555, 553, -1,
      315, 553, 296, -1,
      296, 553, 552, -1,
      296, 552, 295, -1,
      295, 552, 547, -1,
      295, 547, 285, -1,
      285, 547, 546, -1,
      285, 546, 286, -1,
      286, 546, 534, -1,
      286, 534, 288, -1,
      288, 534, 533, -1,
      288, 533, 321, -1,
      321, 533, 514, -1,
      321, 514, 322, -1,
      322, 514, 513, -1,
      322, 513, 318, -1,
      318, 513, 527, -1,
      318, 527, 303, -1,
      303, 527, 561, -1,
      303, 561, 304, -1,
      304, 561, 560, -1,
      304, 560, 305, -1,
      305, 560, 545, -1,
      305, 545, 306, -1,
      306, 545, 543, -1,
      306, 543, 307, -1,
      307, 543, 542, -1,
      307, 542, 308, -1,
      308, 542, 541, -1,
      308, 541, 309, -1,
      309, 541, 539, -1,
      309, 539, 310, -1,
      310, 539, 538, -1,
      201, 414, 202, -1,
      202, 414, 449, -1,
      202, 449, 203, -1,
      203, 449, 448, -1,
      203, 448, 174, -1,
      174, 448, 447, -1,
      174, 447, 163, -1,
      163, 447, 443, -1,
      163, 443, 164, -1,
      164, 443, 457, -1,
      164, 457, 168, -1,
      168, 457, 456, -1,
      168, 456, 169, -1,
      169, 456, 440, -1,
      169, 440, 171, -1,
      171, 440, 438, -1,
      171, 438, 172, -1,
      172, 438, 437, -1,
      172, 437, 216, -1,
      216, 437, 436, -1,
      216, 436, 217, -1,
      217, 436, 462, -1,
      217, 462, 173, -1,
      173, 462, 461, -1,
      173, 461, 162, -1,
      162, 461, 453, -1,
      162, 453, 176, -1,
      176, 453, 452, -1,
      176, 452, 178, -1,
      178, 452, 451, -1,
      178, 451, 179, -1,
      179, 451, 445, -1,
      179, 445, 191, -1,
      191, 445, 444, -1,
      191, 444, 165, -1,
      165, 444, 450, -1,
      165, 450, 166, -1,
      166, 450, 434, -1,
      166, 434, 184, -1,
      184, 434, 433, -1,
      184, 433, 186, -1,
      186, 433, 425, -1,
      186, 425, 187, -1,
      187, 425, 424, -1,
      187, 424, 188, -1,
      188, 424, 423, -1,
      188, 423, 201, -1,
      201, 423, 414, -1,
      406, 137, 643, -1,
      643, 137, 110, -1,
      645, 153, 328, -1,
      328, 153, 159, -1,
      625, 624, 344, -1,
      344, 624, 345, -1,
      719, 244, 785, -1,
      785, 244, 237, -1,
      254, 292, 786, -1,
      254, 786, 252, -1,
      787, 788, 789, -1,
      787, 789, 790, -1,
      791, 792, 793, -1,
      793, 792, 794, -1,
      788, 795, 789, -1,
      789, 795, 796, -1,
      789, 796, 792, -1,
      792, 796, 797, -1,
      792, 797, 798, -1,
      799, 800, 801, -1,
      252, 786, 789, -1,
      789, 786, 802, -1,
      789, 802, 803, -1,
      804, 805, 800, -1,
      806, 792, 807, -1,
      807, 792, 808, -1,
      809, 810, 811, -1,
      811, 810, 806, -1,
      791, 24, 792, -1,
      792, 24, 25, -1,
      792, 25, 812, -1,
      803, 813, 789, -1,
      789, 813, 814, -1,
      789, 814, 790, -1,
      801, 800, 815, -1,
      815, 800, 805, -1,
      815, 805, 816, -1,
      801, 817, 799, -1,
      799, 817, 818, -1,
      799, 818, 819, -1,
      819, 818, 820, -1,
      819, 820, 798, -1,
      812, 821, 792, -1,
      792, 821, 822, -1,
      792, 822, 823, -1,
      237, 236, 785, -1,
      785, 236, 792, -1,
      785, 792, 824, -1,
      824, 792, 823, -1,
      825, 826, 827, -1,
      820, 828, 798, -1,
      798, 828, 829, -1,
      798, 829, 792, -1,
      792, 829, 830, -1,
      792, 830, 808, -1,
      806, 831, 792, -1,
      792, 831, 832, -1,
      792, 832, 794, -1,
      833, 834, 835, -1,
      835, 834, 836, -1,
      837, 838, 816, -1,
      816, 838, 839, -1,
      816, 839, 815, -1,
      837, 840, 838, -1,
      838, 840, 841, -1,
      838, 841, 842, -1,
      843, 844, 845, -1,
      16, 17, 835, -1,
      804, 800, 827, -1,
      827, 800, 846, -1,
      827, 846, 825, -1,
      845, 847, 843, -1,
      843, 847, 848, -1,
      843, 848, 809, -1,
      809, 848, 849, -1,
      809, 849, 810, -1,
      810, 850, 806, -1,
      806, 850, 851, -1,
      806, 851, 831, -1,
      831, 851, 852, -1,
      831, 852, 853, -1,
      853, 854, 831, -1,
      831, 854, 855, -1,
      831, 855, 833, -1,
      833, 855, 856, -1,
      833, 856, 834, -1,
      857, 858, 859, -1,
      860, 16, 861, -1,
      861, 16, 835, -1,
      861, 835, 862, -1,
      862, 835, 836, -1,
      17, 863, 835, -1,
      835, 863, 857, -1,
      835, 857, 864, -1,
      864, 857, 859, -1,
      865, 866, 867, -1,
      860, 861, 867, -1,
      867, 861, 868, -1,
      867, 868, 865, -1,
      786, 292, 705, -1,
      705, 292, 299, -1,
      751, 725, 787, -1,
      787, 725, 788, -1,
      503, 283, 501, -1,
      501, 283, 282, -1,
      501, 282, 530, -1,
      516, 253, 517, -1,
      517, 253, 252, -1,
      789, 706, 252, -1,
      252, 706, 704, -1,
      252, 704, 869, -1,
      870, 871, 252, -1,
      252, 871, 872, -1,
      252, 872, 517, -1,
      869, 873, 252, -1,
      252, 873, 874, -1,
      252, 874, 870, -1,
      706, 789, 699, -1,
      699, 789, 792, -1,
      699, 792, 700, -1,
      700, 792, 236, -1,
      700, 236, 875, -1,
      875, 236, 876, -1,
      235, 477, 236, -1,
      236, 477, 478, -1,
      236, 478, 877, -1,
      877, 878, 236, -1,
      236, 878, 879, -1,
      236, 879, 876, -1,
      580, 225, 431, -1,
      431, 225, 231, -1,
      431, 231, 428, -1,
      417, 181, 418, -1,
      418, 181, 180, -1,
      418, 180, 880, -1,
      880, 180, 881, -1,
      615, 329, 180, -1,
      180, 329, 327, -1,
      180, 327, 882, -1,
      882, 883, 180, -1,
      180, 883, 884, -1,
      180, 884, 881, -1,
      325, 329, 616, -1,
      616, 329, 615, -1,
      325, 616, 326, -1,
      326, 616, 107, -1,
      326, 107, 885, -1,
      885, 107, 886, -1,
      106, 591, 107, -1,
      107, 591, 590, -1,
      107, 590, 887, -1,
      887, 888, 107, -1,
      107, 888, 889, -1,
      107, 889, 886, -1,
      87, 613, 89, -1,
      89, 613, 569, -1,
      89, 569, 91, -1,
      91, 569, 568, -1,
      91, 568, 93, -1,
      93, 568, 577, -1,
      93, 577, 95, -1,
      95, 577, 576, -1,
      95, 576, 97, -1,
      97, 576, 582, -1,
      97, 582, 99, -1,
      99, 582, 581, -1,
      99, 581, 101, -1,
      101, 581, 579, -1,
      101, 579, 103, -1,
      103, 579, 105, -1,
      105, 579, 578, -1,
      105, 578, 31, -1,
      578, 432, 31, -1,
      31, 432, 430, -1,
      31, 430, 33, -1,
      33, 430, 429, -1,
      33, 429, 35, -1,
      35, 429, 427, -1,
      35, 427, 37, -1,
      37, 427, 426, -1,
      37, 426, 39, -1,
      39, 426, 419, -1,
      39, 419, 41, -1,
      41, 419, 421, -1,
      41, 421, 43, -1,
      43, 421, 422, -1,
      43, 422, 45, -1,
      45, 422, 413, -1,
      45, 413, 47, -1,
      47, 413, 412, -1,
      47, 412, 49, -1,
      412, 487, 49, -1,
      49, 487, 466, -1,
      49, 466, 51, -1,
      51, 466, 468, -1,
      51, 468, 53, -1,
      53, 468, 470, -1,
      53, 470, 55, -1,
      55, 470, 472, -1,
      55, 472, 57, -1,
      57, 472, 484, -1,
      57, 484, 59, -1,
      59, 484, 505, -1,
      59, 505, 61, -1,
      61, 505, 504, -1,
      61, 504, 63, -1,
      63, 504, 502, -1,
      63, 502, 65, -1,
      65, 502, 532, -1,
      65, 532, 67, -1,
      67, 532, 531, -1,
      67, 531, 69, -1,
      69, 531, 529, -1,
      69, 529, 71, -1,
      71, 529, 528, -1,
      71, 528, 73, -1,
      73, 528, 524, -1,
      73, 524, 75, -1,
      75, 524, 523, -1,
      75, 523, 77, -1,
      77, 523, 521, -1,
      77, 521, 79, -1,
      79, 521, 520, -1,
      79, 520, 81, -1,
      81, 520, 551, -1,
      81, 551, 83, -1,
      83, 551, 550, -1,
      83, 550, 85, -1,
      85, 550, 549, -1,
      85, 549, 87, -1,
      87, 549, 614, -1,
      87, 614, 613, -1,
      890, 891, 892, -1,
      892, 891, 893, -1,
      892, 893, 894, -1,
      894, 893, 895, -1,
      894, 895, 896, -1,
      895, 897, 896, -1,
      896, 897, 898, -1,
      896, 898, 899, -1,
      899, 898, 900, -1,
      899, 900, 901, -1,
      901, 900, 902, -1,
      901, 902, 903, -1,
      903, 902, 904, -1,
      903, 904, 905, -1,
      905, 904, 906, -1,
      905, 906, 907, -1,
      907, 906, 908, -1,
      907, 908, 909, -1,
      909, 908, 910, -1,
      909, 910, 911, -1,
      911, 910, 912, -1,
      911, 912, 913, -1,
      913, 912, 914, -1,
      913, 914, 915, -1,
      915, 914, 916, -1,
      915, 916, 917, -1,
      917, 916, 918, -1,
      917, 918, 919, -1,
      919, 918, 920, -1,
      919, 920, 921, -1,
      921, 920, 922, -1,
      921, 922, 923, -1,
      923, 922, 924, -1,
      923, 924, 925, -1,
      925, 924, 926, -1,
      925, 926, 927, -1,
      927, 926, 928, -1,
      927, 928, 929, -1,
      929, 928, 930, -1,
      929, 930, 931, -1,
      931, 930, 932, -1,
      931, 932, 933, -1,
      933, 932, 934, -1,
      933, 934, 935, -1,
      935, 934, 936, -1,
      935, 936, 937, -1,
      937, 936, 938, -1,
      937, 938, 939, -1,
      939, 938, 940, -1,
      939, 940, 941, -1,
      941, 940, 942, -1,
      941, 942, 943, -1,
      943, 942, 944, -1,
      943, 944, 945, -1,
      945, 944, 946, -1,
      945, 946, 947, -1,
      947, 946, 948, -1,
      947, 948, 949, -1,
      949, 948, 950, -1,
      949, 950, 951, -1,
      951, 950, 952, -1,
      951, 952, 953, -1,
      953, 952, 954, -1,
      953, 954, 955, -1,
      955, 954, 956, -1,
      955, 956, 957, -1,
      957, 956, 958, -1,
      957, 958, 959, -1,
      959, 958, 960, -1,
      959, 960, 961, -1,
      961, 960, 962, -1,
      961, 962, 890, -1,
      890, 962, 963, -1,
      890, 963, 891, -1,
      898, 897, 104, -1,
      104, 897, 102, -1,
      897, 895, 102, -1,
      102, 895, 893, -1,
      102, 893, 100, -1,
      100, 893, 891, -1,
      100, 891, 98, -1,
      98, 891, 963, -1,
      98, 963, 96, -1,
      96, 963, 962, -1,
      96, 962, 94, -1,
      94, 962, 960, -1,
      94, 960, 92, -1,
      92, 960, 958, -1,
      92, 958, 90, -1,
      90, 958, 956, -1,
      90, 956, 88, -1,
      88, 956, 954, -1,
      88, 954, 86, -1,
      86, 954, 952, -1,
      86, 952, 84, -1,
      84, 952, 950, -1,
      84, 950, 82, -1,
      82, 950, 948, -1,
      82, 948, 80, -1,
      80, 948, 946, -1,
      80, 946, 78, -1,
      78, 946, 944, -1,
      78, 944, 76, -1,
      76, 944, 942, -1,
      76, 942, 74, -1,
      74, 942, 940, -1,
      74, 940, 72, -1,
      72, 940, 938, -1,
      72, 938, 70, -1,
      70, 938, 936, -1,
      70, 936, 68, -1,
      68, 936, 934, -1,
      68, 934, 66, -1,
      66, 934, 932, -1,
      66, 932, 64, -1,
      64, 932, 930, -1,
      64, 930, 62, -1,
      62, 930, 928, -1,
      62, 928, 60, -1,
      60, 928, 926, -1,
      60, 926, 58, -1,
      58, 926, 924, -1,
      58, 924, 56, -1,
      56, 924, 922, -1,
      56, 922, 54, -1,
      54, 922, 920, -1,
      54, 920, 52, -1,
      52, 920, 918, -1,
      52, 918, 50, -1,
      50, 918, 916, -1,
      50, 916, 48, -1,
      48, 916, 914, -1,
      48, 914, 46, -1,
      46, 914, 912, -1,
      46, 912, 44, -1,
      44, 912, 910, -1,
      44, 910, 42, -1,
      42, 910, 908, -1,
      42, 908, 40, -1,
      40, 908, 906, -1,
      40, 906, 38, -1,
      38, 906, 904, -1,
      38, 904, 36, -1,
      36, 904, 902, -1,
      36, 902, 34, -1,
      34, 902, 900, -1,
      34, 900, 32, -1,
      32, 900, 898, -1,
      32, 898, 30, -1,
      30, 898, 104, -1,
      933, 205, 931, -1,
      931, 205, 206, -1,
      931, 206, 929, -1,
      929, 206, 222, -1,
      929, 222, 927, -1,
      927, 222, 221, -1,
      927, 221, 925, -1,
      925, 221, 218, -1,
      925, 218, 923, -1,
      923, 218, 219, -1,
      923, 219, 921, -1,
      921, 219, 220, -1,
      921, 220, 919, -1,
      919, 220, 228, -1,
      919, 228, 917, -1,
      917, 228, 227, -1,
      917, 227, 915, -1,
      915, 227, 226, -1,
      915, 226, 913, -1,
      913, 226, 161, -1,
      913, 161, 911, -1,
      911, 161, 160, -1,
      911, 160, 909, -1,
      909, 160, 175, -1,
      909, 175, 907, -1,
      907, 175, 177, -1,
      907, 177, 905, -1,
      905, 177, 189, -1,
      905, 189, 903, -1,
      903, 189, 234, -1,
      903, 234, 901, -1,
      901, 234, 233, -1,
      901, 233, 899, -1,
      899, 233, 232, -1,
      899, 232, 896, -1,
      896, 232, 230, -1,
      896, 230, 894, -1,
      894, 230, 229, -1,
      894, 229, 892, -1,
      892, 229, 224, -1,
      892, 224, 890, -1,
      890, 224, 223, -1,
      890, 223, 961, -1,
      961, 223, 192, -1,
      961, 192, 959, -1,
      959, 192, 194, -1,
      959, 194, 957, -1,
      957, 194, 196, -1,
      957, 196, 955, -1,
      955, 196, 197, -1,
      955, 197, 953, -1,
      953, 197, 215, -1,
      953, 215, 951, -1,
      951, 215, 214, -1,
      951, 214, 949, -1,
      949, 214, 213, -1,
      949, 213, 947, -1,
      947, 213, 212, -1,
      947, 212, 945, -1,
      945, 212, 211, -1,
      945, 211, 943, -1,
      943, 211, 210, -1,
      943, 210, 941, -1,
      941, 210, 209, -1,
      941, 209, 939, -1,
      939, 209, 208, -1,
      939, 208, 937, -1,
      937, 208, 207, -1,
      937, 207, 935, -1,
      935, 207, 204, -1,
      935, 204, 933, -1,
      933, 204, 205, -1,
      476, 508, 248, -1,
      248, 508, 0, -1,
      151, 7, 416, -1,
      416, 7, 460, -1,
      964, 965, 870, -1,
      966, 517, 967, -1,
      967, 517, 872, -1,
      967, 872, 968, -1,
      966, 969, 517, -1,
      517, 969, 970, -1,
      517, 970, 518, -1,
      870, 965, 871, -1,
      965, 971, 871, -1,
      871, 971, 972, -1,
      871, 972, 872, -1,
      872, 972, 973, -1,
      872, 973, 968, -1,
      964, 870, 974, -1,
      974, 870, 874, -1,
      974, 874, 975, -1,
      975, 874, 873, -1,
      975, 873, 976, -1,
      976, 873, 869, -1,
      976, 869, 977, -1,
      977, 869, 704, -1,
      977, 704, 299, -1,
      244, 700, 978, -1,
      978, 700, 875, -1,
      978, 875, 979, -1,
      979, 875, 980, -1,
      980, 875, 876, -1,
      980, 876, 981, -1,
      981, 876, 982, -1,
      982, 876, 879, -1,
      982, 879, 983, -1,
      984, 985, 877, -1,
      877, 985, 986, -1,
      877, 986, 878, -1,
      878, 986, 987, -1,
      878, 987, 879, -1,
      879, 987, 988, -1,
      879, 988, 983, -1,
      478, 476, 989, -1,
      478, 989, 877, -1,
      877, 989, 990, -1,
      877, 990, 984, -1,
      137, 326, 991, -1,
      991, 326, 885, -1,
      991, 885, 992, -1,
      992, 885, 993, -1,
      993, 885, 886, -1,
      993, 886, 994, -1,
      994, 886, 995, -1,
      995, 886, 889, -1,
      995, 889, 996, -1,
      997, 998, 887, -1,
      887, 998, 999, -1,
      887, 999, 888, -1,
      888, 999, 1000, -1,
      888, 1000, 889, -1,
      889, 1000, 1001, -1,
      889, 1001, 996, -1,
      590, 565, 1002, -1,
      590, 1002, 887, -1,
      887, 1002, 1003, -1,
      887, 1003, 997, -1,
      416, 418, 1004, -1,
      1004, 418, 1005, -1,
      880, 881, 1006, -1,
      1006, 1007, 880, -1,
      880, 1007, 1008, -1,
      880, 1008, 418, -1,
      418, 1008, 1009, -1,
      418, 1009, 1005, -1,
      884, 883, 1010, -1,
      1010, 1011, 884, -1,
      884, 1011, 1012, -1,
      884, 1012, 881, -1,
      881, 1012, 1013, -1,
      881, 1013, 1006, -1,
      882, 327, 159, -1,
      159, 1014, 882, -1,
      882, 1014, 1015, -1,
      882, 1015, 883, -1,
      883, 1015, 1016, -1,
      883, 1016, 1010, -1,
      460, 7, 13, -1,
      460, 13, 454, -1,
      454, 13, 8, -1,
      454, 8, 441, -1,
      441, 8, 9, -1,
      441, 9, 442, -1,
      442, 9, 12, -1,
      442, 12, 459, -1,
      459, 12, 11, -1,
      459, 11, 458, -1,
      458, 11, 10, -1,
      458, 10, 439, -1,
      495, 1, 4, -1,
      495, 4, 510, -1,
      510, 4, 2, -1,
      510, 2, 491, -1,
      491, 2, 3, -1,
      491, 3, 492, -1,
      492, 3, 6, -1,
      492, 6, 494, -1,
      494, 6, 5, -1,
      494, 5, 509, -1,
      509, 5, 0, -1,
      509, 0, 508, -1,
      122, 589, 540, -1,
      122, 540, 117, -1,
      117, 540, 544, -1,
      117, 544, 316, -1,
      629, 630, 332, -1,
      332, 630, 330, -1,
      666, 651, 334, -1,
      334, 651, 335, -1,
      652, 665, 346, -1,
      346, 665, 338, -1,
      739, 750, 799, -1,
      799, 750, 800, -1,
      781, 780, 805, -1,
      805, 780, 816, -1,
      703, 710, 835, -1,
      835, 710, 833, -1,
      1017, 1018, 1019, -1,
      1019, 1018, 1020, -1,
      1021, 1022, 1023, -1,
      1024, 1025, 1026, -1,
      1026, 1025, 1023, -1,
      1027, 1021, 1028, -1,
      1029, 1030, 1031, -1,
      1029, 1031, 1032, -1,
      1023, 1025, 1021, -1,
      1021, 1025, 1033, -1,
      1021, 1033, 1028, -1,
      1032, 1031, 1026, -1,
      1026, 1031, 1034, -1,
      1026, 1034, 1024, -1,
      1035, 1036, 1028, -1,
      1028, 1036, 1037, -1,
      1028, 1037, 1027, -1,
      1038, 1039, 1025, -1,
      1025, 1039, 1033, -1,
      1040, 1041, 1042, -1,
      1042, 1041, 1043, -1,
      1042, 1038, 1044, -1,
      1038, 1042, 1039, -1,
      1039, 1042, 1043, -1,
      1039, 1043, 1045, -1,
      1046, 1047, 1048, -1,
      1049, 1050, 1051, -1,
      1046, 1048, 1043, -1,
      1043, 1048, 1052, -1,
      1043, 1052, 1045, -1,
      1044, 1053, 1042, -1,
      1042, 1053, 1049, -1,
      1042, 1049, 1054, -1,
      1054, 1049, 1051, -1,
      1055, 1056, 1057, -1,
      1057, 1056, 1058, -1,
      1021, 1043, 1022, -1,
      1022, 1043, 1041, -1,
      1022, 1041, 1059, -1,
      1059, 1041, 1060, -1,
      1059, 1060, 1061, -1,
      1061, 1060, 1062, -1,
      1061, 1062, 1017, -1,
      1017, 1062, 1057, -1,
      1017, 1057, 1018, -1,
      1018, 1057, 1058, -1,
      1018, 1058, 377, -1,
      377, 1058, 674, -1,
      377, 674, 390, -1,
      390, 674, 673, -1,
      375, 687, 376, -1,
      376, 687, 675, -1,
      376, 675, 1020, -1,
      1020, 675, 1056, -1,
      1020, 1056, 1019, -1,
      1019, 1056, 1055, -1,
      1019, 1055, 1063, -1,
      1063, 1055, 1064, -1,
      1063, 1064, 1065, -1,
      1065, 1064, 1066, -1,
      1065, 1066, 1023, -1,
      1023, 1066, 1040, -1,
      1023, 1040, 1026, -1,
      1026, 1040, 1042, -1,
      1067, 1068, 1069, -1,
      1069, 1068, 1070, -1,
      1071, 1072, 1073, -1,
      1074, 1071, 1075, -1,
      1075, 1071, 1073, -1,
      1075, 1073, 1076, -1,
      1076, 1073, 1077, -1,
      1078, 1079, 1080, -1,
      1081, 1082, 1083, -1,
      1078, 1080, 1075, -1,
      1075, 1080, 1084, -1,
      1075, 1084, 1074, -1,
      1072, 1085, 1073, -1,
      1073, 1085, 1081, -1,
      1073, 1081, 1086, -1,
      1086, 1081, 1083, -1,
      1087, 1088, 1071, -1,
      1071, 1088, 1072, -1,
      1089, 1090, 1091, -1,
      1091, 1090, 1092, -1,
      1093, 1088, 1092, -1,
      1092, 1088, 1091, -1,
      1091, 1088, 1087, -1,
      1091, 1087, 1094, -1,
      1095, 1096, 1097, -1,
      1098, 1099, 1100, -1,
      1100, 1099, 1091, -1,
      1100, 1091, 1101, -1,
      1101, 1091, 1094, -1,
      1093, 1092, 1097, -1,
      1097, 1092, 1102, -1,
      1097, 1102, 1095, -1,
      1103, 1104, 1105, -1,
      1105, 1104, 1106, -1,
      756, 847, 754, -1,
      754, 847, 845, -1,
      754, 845, 1106, -1,
      1106, 845, 1068, -1,
      1106, 1068, 1105, -1,
      1105, 1068, 1067, -1,
      1105, 1067, 1107, -1,
      1107, 1067, 1108, -1,
      1107, 1108, 1109, -1,
      1109, 1108, 1110, -1,
      1109, 1110, 1090, -1,
      1090, 1110, 1077, -1,
      1090, 1077, 1092, -1,
      1092, 1077, 1073, -1,
      1091, 1075, 1089, -1,
      1089, 1075, 1076, -1,
      1089, 1076, 1111, -1,
      1111, 1076, 1112, -1,
      1111, 1112, 1113, -1,
      1113, 1112, 1114, -1,
      1113, 1114, 1103, -1,
      1103, 1114, 1069, -1,
      1103, 1069, 1104, -1,
      1104, 1069, 1070, -1,
      1104, 1070, 755, -1,
      755, 1070, 844, -1,
      755, 844, 757, -1,
      757, 844, 843, -1,
      767, 766, 839, -1,
      839, 766, 815, -1,
      737, 764, 829, -1,
      829, 764, 830, -1,
      701, 709, 862, -1,
      862, 709, 861, -1,
      749, 748, 852, -1,
      852, 748, 853, -1,
      662, 678, 364, -1,
      364, 678, 382, -1,
      681, 680, 400, -1,
      400, 680, 336, -1,
      671, 670, 380, -1,
      380, 670, 349, -1,
      627, 667, 355, -1,
      355, 667, 354, -1,
      1087, 1071, 1074, -1,
      1087, 1074, 1094, -1,
      1094, 1074, 1084, -1,
      1094, 1084, 1101, -1,
      1101, 1084, 1080, -1,
      1101, 1080, 1100, -1,
      1100, 1080, 1079, -1,
      1100, 1079, 1098, -1,
      1098, 1079, 1078, -1,
      1098, 1078, 1099, -1,
      1099, 1078, 1075, -1,
      1099, 1075, 1091, -1,
      1072, 1088, 1093, -1,
      1072, 1093, 1085, -1,
      1085, 1093, 1097, -1,
      1085, 1097, 1081, -1,
      1081, 1097, 1096, -1,
      1081, 1096, 1082, -1,
      1082, 1096, 1095, -1,
      1082, 1095, 1083, -1,
      1083, 1095, 1102, -1,
      1083, 1102, 1086, -1,
      1086, 1102, 1092, -1,
      1086, 1092, 1073, -1,
      1026, 1042, 1054, -1,
      1026, 1054, 1032, -1,
      1032, 1054, 1051, -1,
      1032, 1051, 1029, -1,
      1029, 1051, 1050, -1,
      1029, 1050, 1030, -1,
      1030, 1050, 1049, -1,
      1030, 1049, 1031, -1,
      1031, 1049, 1053, -1,
      1031, 1053, 1034, -1,
      1034, 1053, 1044, -1,
      1034, 1044, 1024, -1,
      1024, 1044, 1038, -1,
      1024, 1038, 1025, -1,
      1043, 1021, 1027, -1,
      1043, 1027, 1046, -1,
      1046, 1027, 1037, -1,
      1046, 1037, 1047, -1,
      1047, 1037, 1036, -1,
      1047, 1036, 1048, -1,
      1048, 1036, 1035, -1,
      1048, 1035, 1052, -1,
      1052, 1035, 1028, -1,
      1052, 1028, 1045, -1,
      1045, 1028, 1033, -1,
      1045, 1033, 1039, -1,
      1020, 1018, 376, -1,
      376, 1018, 377, -1,
      1056, 675, 1058, -1,
      1058, 675, 674, -1,
      844, 1070, 845, -1,
      845, 1070, 1068, -1,
      755, 754, 1104, -1,
      1104, 754, 1106, -1,
      1076, 1077, 1112, -1,
      1112, 1077, 1110, -1,
      1112, 1110, 1114, -1,
      1114, 1110, 1108, -1,
      1114, 1108, 1069, -1,
      1069, 1108, 1067, -1,
      1090, 1089, 1111, -1,
      1090, 1111, 1109, -1,
      1109, 1111, 1113, -1,
      1109, 1113, 1107, -1,
      1107, 1113, 1103, -1,
      1107, 1103, 1105, -1,
      1055, 1057, 1064, -1,
      1064, 1057, 1062, -1,
      1064, 1062, 1066, -1,
      1066, 1062, 1060, -1,
      1066, 1060, 1040, -1,
      1040, 1060, 1041, -1,
      1017, 1019, 1063, -1,
      1017, 1063, 1061, -1,
      1061, 1063, 1065, -1,
      1061, 1065, 1059, -1,
      1059, 1065, 1023, -1,
      1059, 1023, 1022, -1,
      287, 289, 518, -1,
      518, 289, 515, -1,
      565, 574, 148, -1,
      148, 574, 149, -1,
      515, 289, 323, -1,
      515, 323, 564, -1,
      564, 323, 324, -1,
      564, 324, 525, -1,
      525, 324, 320, -1,
      525, 320, 526, -1,
      526, 320, 319, -1,
      526, 319, 563, -1,
      563, 319, 317, -1,
      563, 317, 562, -1,
      562, 317, 316, -1,
      562, 316, 544, -1,
      589, 122, 126, -1,
      589, 126, 587, -1,
      587, 126, 142, -1,
      587, 142, 571, -1,
      571, 142, 141, -1,
      571, 141, 572, -1,
      572, 141, 140, -1,
      572, 140, 586, -1,
      586, 140, 150, -1,
      586, 150, 585, -1,
      585, 150, 149, -1,
      585, 149, 574, -1,
      977, 299, 298, -1,
      977, 298, 976, -1,
      965, 964, 297, -1,
      297, 964, 974, -1,
      297, 974, 298, -1,
      298, 974, 975, -1,
      298, 975, 976, -1,
      293, 972, 297, -1,
      297, 972, 971, -1,
      297, 971, 965, -1,
      966, 967, 293, -1,
      967, 968, 293, -1,
      293, 968, 973, -1,
      293, 973, 972, -1,
      293, 291, 966, -1,
      966, 291, 290, -1,
      966, 290, 969, -1,
      969, 290, 294, -1,
      969, 294, 970, -1,
      970, 294, 287, -1,
      970, 287, 518, -1,
      530, 282, 522, -1,
      522, 282, 259, -1,
      522, 259, 519, -1,
      519, 259, 258, -1,
      519, 258, 556, -1,
      556, 258, 257, -1,
      556, 257, 554, -1,
      554, 257, 256, -1,
      554, 256, 548, -1,
      548, 256, 255, -1,
      548, 255, 516, -1,
      516, 255, 253, -1,
      283, 503, 284, -1,
      284, 503, 485, -1,
      284, 485, 265, -1,
      265, 485, 481, -1,
      265, 481, 277, -1,
      277, 481, 483, -1,
      277, 483, 278, -1,
      278, 483, 498, -1,
      278, 498, 243, -1,
      243, 498, 465, -1,
      243, 465, 235, -1,
      235, 465, 477, -1,
      476, 248, 247, -1,
      476, 247, 989, -1,
      989, 247, 240, -1,
      989, 240, 990, -1,
      990, 240, 239, -1,
      990, 239, 984, -1,
      984, 239, 985, -1,
      985, 239, 238, -1,
      985, 238, 986, -1,
      986, 238, 987, -1,
      987, 238, 246, -1,
      987, 246, 988, -1,
      244, 978, 245, -1,
      245, 978, 979, -1,
      245, 979, 980, -1,
      980, 981, 245, -1,
      245, 981, 982, -1,
      245, 982, 246, -1,
      246, 982, 983, -1,
      246, 983, 988, -1,
      1014, 159, 158, -1,
      1014, 158, 1015, -1,
      1011, 1010, 158, -1,
      158, 1010, 1016, -1,
      158, 1016, 1015, -1,
      1011, 158, 1012, -1,
      1012, 158, 157, -1,
      1012, 157, 1013, -1,
      1013, 157, 1006, -1,
      1006, 157, 156, -1,
      1006, 156, 1007, -1,
      1007, 156, 1008, -1,
      1008, 156, 155, -1,
      1008, 155, 1009, -1,
      1009, 155, 154, -1,
      1009, 154, 1005, -1,
      1005, 154, 152, -1,
      1005, 152, 1004, -1,
      1004, 152, 151, -1,
      1004, 151, 416, -1,
      428, 231, 420, -1,
      420, 231, 190, -1,
      420, 190, 446, -1,
      446, 190, 167, -1,
      446, 167, 435, -1,
      435, 167, 183, -1,
      435, 183, 455, -1,
      455, 183, 185, -1,
      455, 185, 415, -1,
      415, 185, 182, -1,
      415, 182, 417, -1,
      417, 182, 181, -1,
      225, 580, 193, -1,
      193, 580, 575, -1,
      193, 575, 195, -1,
      195, 575, 570, -1,
      195, 570, 198, -1,
      198, 570, 595, -1,
      198, 595, 199, -1,
      199, 595, 593, -1,
      199, 593, 200, -1,
      200, 593, 592, -1,
      200, 592, 106, -1,
      106, 592, 591, -1,
      565, 148, 131, -1,
      565, 131, 1002, -1,
      1002, 131, 130, -1,
      1002, 130, 1003, -1,
      1003, 130, 129, -1,
      1003, 129, 997, -1,
      997, 129, 998, -1,
      998, 129, 128, -1,
      998, 128, 999, -1,
      999, 128, 1000, -1,
      1000, 128, 139, -1,
      1000, 139, 1001, -1,
      137, 991, 138, -1,
      138, 991, 992, -1,
      138, 992, 993, -1,
      993, 994, 138, -1,
      138, 994, 995, -1,
      138, 995, 139, -1,
      139, 995, 996, -1,
      139, 996, 1001, -1,
      26, 28, 378, -1,
      26, 378, 631, -1,
      631, 378, 410, -1,
      631, 410, 640, -1,
      640, 410, 409, -1,
      640, 409, 641, -1,
      641, 409, 408, -1,
      641, 408, 642, -1,
      642, 408, 407, -1,
      642, 407, 644, -1,
      644, 407, 406, -1,
      644, 406, 643, -1,
      29, 27, 379, -1,
      379, 27, 622, -1,
      379, 622, 394, -1,
      394, 622, 621, -1,
      394, 621, 363, -1,
      363, 621, 620, -1,
      363, 620, 366, -1,
      366, 620, 617, -1,
      366, 617, 368, -1,
      368, 617, 688, -1,
      368, 688, 346, -1,
      346, 688, 652, -1,
      18, 20, 401, -1,
      18, 401, 691, -1,
      691, 401, 403, -1,
      691, 403, 693, -1,
      693, 403, 405, -1,
      693, 405, 694, -1,
      694, 405, 404, -1,
      694, 404, 695, -1,
      695, 404, 402, -1,
      695, 402, 692, -1,
      692, 402, 338, -1,
      692, 338, 665, -1,
      21, 19, 689, -1,
      21, 689, 396, -1,
      396, 689, 698, -1,
      396, 698, 397, -1,
      397, 698, 697, -1,
      397, 697, 398, -1,
      398, 697, 696, -1,
      398, 696, 399, -1,
      399, 696, 690, -1,
      399, 690, 395, -1,
      395, 690, 681, -1,
      395, 681, 400, -1,
      336, 680, 337, -1,
      337, 680, 679, -1,
      337, 679, 367, -1,
      367, 679, 654, -1,
      367, 654, 365, -1,
      365, 654, 653, -1,
      365, 653, 361, -1,
      361, 653, 664, -1,
      361, 664, 362, -1,
      362, 664, 663, -1,
      362, 663, 364, -1,
      364, 663, 662, -1,
      382, 678, 383, -1,
      383, 678, 677, -1,
      383, 677, 385, -1,
      385, 677, 676, -1,
      385, 676, 386, -1,
      386, 676, 639, -1,
      386, 639, 387, -1,
      387, 639, 638, -1,
      387, 638, 388, -1,
      388, 638, 637, -1,
      388, 637, 375, -1,
      375, 637, 687, -1,
      671, 380, 672, -1,
      672, 380, 348, -1,
      672, 348, 618, -1,
      618, 348, 347, -1,
      618, 347, 619, -1,
      619, 347, 393, -1,
      619, 393, 636, -1,
      636, 393, 384, -1,
      636, 384, 686, -1,
      686, 384, 389, -1,
      686, 389, 673, -1,
      673, 389, 390, -1,
      349, 670, 350, -1,
      350, 670, 661, -1,
      350, 661, 351, -1,
      351, 661, 660, -1,
      351, 660, 352, -1,
      352, 660, 659, -1,
      352, 659, 331, -1,
      331, 659, 658, -1,
      331, 658, 333, -1,
      333, 658, 628, -1,
      333, 628, 355, -1,
      355, 628, 627, -1,
      354, 667, 685, -1,
      354, 685, 372, -1,
      372, 685, 684, -1,
      372, 684, 373, -1,
      373, 684, 683, -1,
      373, 683, 374, -1,
      374, 683, 669, -1,
      374, 669, 381, -1,
      381, 669, 668, -1,
      381, 668, 353, -1,
      353, 668, 666, -1,
      353, 666, 334, -1,
      629, 332, 358, -1,
      629, 358, 682, -1,
      682, 358, 360, -1,
      682, 360, 655, -1,
      655, 360, 359, -1,
      655, 359, 656, -1,
      656, 359, 357, -1,
      656, 357, 657, -1,
      657, 357, 356, -1,
      657, 356, 650, -1,
      650, 356, 335, -1,
      650, 335, 651, -1,
      330, 630, 339, -1,
      339, 630, 635, -1,
      339, 635, 340, -1,
      340, 635, 634, -1,
      340, 634, 341, -1,
      341, 634, 633, -1,
      341, 633, 342, -1,
      342, 633, 632, -1,
      342, 632, 343, -1,
      343, 632, 626, -1,
      343, 626, 344, -1,
      344, 626, 625, -1,
      345, 624, 623, -1,
      345, 623, 369, -1,
      369, 623, 649, -1,
      369, 649, 370, -1,
      370, 649, 648, -1,
      370, 648, 371, -1,
      371, 648, 647, -1,
      371, 647, 391, -1,
      391, 647, 646, -1,
      391, 646, 392, -1,
      392, 646, 645, -1,
      392, 645, 328, -1,
      751, 787, 790, -1,
      751, 790, 752, -1,
      752, 790, 814, -1,
      752, 814, 753, -1,
      753, 814, 813, -1,
      753, 813, 770, -1,
      770, 813, 803, -1,
      770, 803, 771, -1,
      771, 803, 802, -1,
      771, 802, 707, -1,
      707, 802, 786, -1,
      707, 786, 705, -1,
      788, 725, 795, -1,
      795, 725, 724, -1,
      795, 724, 796, -1,
      796, 724, 723, -1,
      796, 723, 797, -1,
      797, 723, 722, -1,
      797, 722, 798, -1,
      798, 722, 774, -1,
      798, 774, 819, -1,
      819, 774, 773, -1,
      819, 773, 799, -1,
      799, 773, 739, -1,
      800, 750, 777, -1,
      800, 777, 846, -1,
      846, 777, 776, -1,
      846, 776, 825, -1,
      825, 776, 775, -1,
      825, 775, 826, -1,
      826, 775, 769, -1,
      826, 769, 827, -1,
      827, 769, 768, -1,
      827, 768, 804, -1,
      804, 768, 781, -1,
      804, 781, 805, -1,
      767, 839, 838, -1,
      767, 838, 778, -1,
      778, 838, 842, -1,
      778, 842, 782, -1,
      782, 842, 841, -1,
      782, 841, 783, -1,
      783, 841, 840, -1,
      783, 840, 784, -1,
      784, 840, 837, -1,
      784, 837, 779, -1,
      779, 837, 816, -1,
      779, 816, 780, -1,
      815, 766, 801, -1,
      801, 766, 765, -1,
      801, 765, 817, -1,
      817, 765, 741, -1,
      817, 741, 818, -1,
      818, 741, 740, -1,
      818, 740, 820, -1,
      820, 740, 772, -1,
      820, 772, 828, -1,
      828, 772, 738, -1,
      828, 738, 829, -1,
      829, 738, 737, -1,
      757, 843, 759, -1,
      759, 843, 809, -1,
      759, 809, 760, -1,
      760, 809, 811, -1,
      760, 811, 761, -1,
      761, 811, 806, -1,
      761, 806, 762, -1,
      762, 806, 807, -1,
      762, 807, 763, -1,
      763, 807, 808, -1,
      763, 808, 764, -1,
      764, 808, 830, -1,
      847, 756, 848, -1,
      848, 756, 758, -1,
      848, 758, 849, -1,
      849, 758, 718, -1,
      849, 718, 810, -1,
      810, 718, 717, -1,
      810, 717, 850, -1,
      850, 717, 716, -1,
      850, 716, 851, -1,
      851, 716, 715, -1,
      851, 715, 852, -1,
      852, 715, 749, -1,
      853, 748, 854, -1,
      854, 748, 747, -1,
      854, 747, 855, -1,
      855, 747, 736, -1,
      855, 736, 856, -1,
      856, 736, 734, -1,
      856, 734, 834, -1,
      834, 734, 733, -1,
      834, 733, 836, -1,
      836, 733, 702, -1,
      836, 702, 862, -1,
      862, 702, 701, -1,
      14, 16, 860, -1,
      14, 860, 745, -1,
      745, 860, 867, -1,
      745, 867, 730, -1,
      730, 867, 866, -1,
      730, 866, 731, -1,
      731, 866, 865, -1,
      731, 865, 732, -1,
      732, 865, 868, -1,
      732, 868, 746, -1,
      746, 868, 861, -1,
      746, 861, 709, -1,
      17, 15, 744, -1,
      17, 744, 863, -1,
      863, 744, 743, -1,
      863, 743, 857, -1,
      857, 743, 742, -1,
      857, 742, 858, -1,
      858, 742, 729, -1,
      858, 729, 859, -1,
      859, 729, 728, -1,
      859, 728, 864, -1,
      864, 728, 703, -1,
      864, 703, 835, -1,
      833, 710, 831, -1,
      831, 710, 735, -1,
      831, 735, 832, -1,
      832, 735, 714, -1,
      832, 714, 794, -1,
      794, 714, 713, -1,
      794, 713, 793, -1,
      793, 713, 712, -1,
      793, 712, 791, -1,
      791, 712, 711, -1,
      791, 711, 24, -1,
      24, 711, 22, -1,
      25, 23, 708, -1,
      25, 708, 812, -1,
      812, 708, 727, -1,
      812, 727, 821, -1,
      821, 727, 726, -1,
      821, 726, 822, -1,
      822, 726, 721, -1,
      822, 721, 823, -1,
      823, 721, 720, -1,
      823, 720, 824, -1,
      824, 720, 719, -1,
      824, 719, 785, -1,
    ]
  }
}
